time,open,high,low,close,tick_volume,spread,real_volume
2023-12-28 00:00:00,1.8677899999999998,1.86791,1.86722,1.86751,551,8,0
2023-12-28 00:05:00,1.86751,1.86772,1.86719,1.86747,532,8,0
2023-12-28 00:10:00,1.86751,1.86802,1.8675000000000002,1.8677000000000001,347,8,0
2023-12-28 00:15:00,1.8677000000000001,1.86816,1.86769,1.86782,343,8,0
2023-12-28 00:20:00,1.86782,1.8678599999999999,1.8673199999999999,1.86733,354,8,0
2023-12-28 00:25:00,1.86734,1.86749,1.86681,1.86708,428,8,0
2023-12-28 00:30:00,1.86708,1.8672499999999999,1.86666,1.8667799999999999,309,8,0
2023-12-28 00:35:00,1.8667799999999999,1.86701,1.86647,1.86685,280,8,0
2023-12-28 00:40:00,1.86685,1.86713,1.8667799999999999,1.86681,200,8,0
2023-12-28 00:45:00,1.8668,1.86685,1.8664800000000001,1.86681,319,8,0
2023-12-28 00:50:00,1.86681,1.86695,1.8655,1.86589,614,8,0
2023-12-28 00:55:00,1.86579,1.8666,1.8654,1.86654,495,8,0
2023-12-28 01:00:00,1.86654,1.86672,1.8655300000000001,1.86559,540,8,0
2023-12-28 01:05:00,1.86559,1.86572,1.86525,1.86568,461,8,0
2023-12-28 01:10:00,1.86568,1.86632,1.86568,1.86625,430,8,0
2023-12-28 01:15:00,1.86625,1.86639,1.86605,1.86613,440,8,0
2023-12-28 01:20:00,1.86613,1.8666800000000001,1.86612,1.8663699999999999,488,8,0
2023-12-28 01:25:00,1.8663699999999999,1.8669,1.8663699999999999,1.86653,382,8,0
2023-12-28 01:30:00,1.86653,1.86667,1.86545,1.86548,765,8,0
2023-12-28 01:35:00,1.86548,1.86613,1.86532,1.8658700000000001,563,8,0
2023-12-28 01:40:00,1.86588,1.86619,1.8650799999999998,1.86551,599,8,0
2023-12-28 01:45:00,1.86551,1.8656700000000002,1.8653300000000002,1.86559,479,8,0
2023-12-28 01:50:00,1.8656000000000001,1.8658299999999999,1.8652600000000001,1.86527,403,8,0
2023-12-28 01:55:00,1.8652600000000001,1.8654,1.8649200000000001,1.8649900000000001,522,8,0
2023-12-28 02:00:00,1.86498,1.865,1.8646099999999999,1.8648,697,8,0
2023-12-28 02:05:00,1.86479,1.8648799999999999,1.86453,1.86483,580,8,0
2023-12-28 02:10:00,1.86483,1.86525,1.8647399999999998,1.86484,537,8,0
2023-12-28 02:15:00,1.86484,1.8649200000000001,1.8645399999999999,1.86489,425,8,0
2023-12-28 02:20:00,1.86489,1.86551,1.86487,1.86544,351,8,0
2023-12-28 02:25:00,1.86544,1.86563,1.8650600000000002,1.86524,356,8,0
2023-12-28 02:30:00,1.86524,1.86568,1.8651499999999999,1.86555,365,8,0
2023-12-28 02:35:00,1.86555,1.86629,1.86555,1.86627,352,8,0
2023-12-28 02:40:00,1.86627,1.8678,1.86626,1.8677899999999998,304,8,0
2023-12-28 02:45:00,1.8677899999999998,1.86897,1.86776,1.86853,350,8,0
2023-12-28 02:50:00,1.86853,1.86897,1.86848,1.86882,191,8,0
2023-12-28 02:55:00,1.86882,1.86989,1.86783,1.86928,438,8,0
2023-12-28 03:00:00,1.86928,1.86965,1.86868,1.86891,562,8,0
2023-12-28 03:05:00,1.86891,1.86941,1.8687200000000002,1.86876,256,8,0
2023-12-28 03:10:00,1.86876,1.8689,1.86853,1.86853,259,8,0
2023-12-28 03:15:00,1.86853,1.86853,1.86781,1.86806,270,8,0
2023-12-28 03:20:00,1.86806,1.86833,1.86791,1.8683,266,8,0
2023-12-28 03:25:00,1.8683,1.86897,1.86802,1.86896,247,8,0
2023-12-28 03:30:00,1.86896,1.86896,1.86812,1.86825,527,8,0
2023-12-28 03:35:00,1.86826,1.8687,1.86818,1.86862,301,8,0
2023-12-28 03:40:00,1.8686,1.86894,1.86857,1.86889,274,8,0
2023-12-28 03:45:00,1.86889,1.86891,1.8683999999999998,1.86841,299,8,0
2023-12-28 03:50:00,1.86841,1.86841,1.8678599999999999,1.86802,392,8,0
2023-12-28 03:55:00,1.8679999999999999,1.8681100000000002,1.8678,1.8679299999999999,319,8,0
2023-12-28 04:00:00,1.86792,1.86802,1.86755,1.86802,304,8,0
2023-12-28 04:05:00,1.86802,1.86807,1.86784,1.86784,182,10,0
2023-12-28 04:10:00,1.86784,1.86855,1.8678,1.8683,299,8,0
2023-12-28 04:15:00,1.8683,1.8683,1.8679999999999999,1.8682699999999999,157,8,0
2023-12-28 04:20:00,1.8682699999999999,1.86894,1.86819,1.86841,178,8,0
2023-12-28 04:25:00,1.86841,1.8689900000000002,1.86841,1.8689,192,8,0
2023-12-28 04:30:00,1.86891,1.8692,1.86878,1.86903,131,8,0
2023-12-28 04:35:00,1.86903,1.8701699999999999,1.86903,1.8701699999999999,277,8,0
2023-12-28 04:40:00,1.8701699999999999,1.87208,1.8701699999999999,1.87189,337,8,0
2023-12-28 04:45:00,1.8719000000000001,1.87327,1.87189,1.87304,325,8,0
2023-12-28 04:50:00,1.87303,1.8732600000000001,1.87249,1.8732199999999999,252,8,0
2023-12-28 04:55:00,1.8732199999999999,1.87327,1.87187,1.87187,259,8,0
2023-12-28 05:00:00,1.87188,1.8719299999999999,1.8711799999999998,1.87138,395,8,0
2023-12-28 05:05:00,1.87138,1.8714300000000001,1.87065,1.87113,459,8,0
2023-12-28 05:10:00,1.87111,1.8715199999999999,1.87111,1.8714,413,8,0
2023-12-28 05:15:00,1.8714,1.87169,1.87115,1.87128,337,8,0
2023-12-28 05:20:00,1.87126,1.87138,1.87059,1.87113,368,8,0
2023-12-28 05:25:00,1.87113,1.8712499999999999,1.87053,1.87093,427,8,0
2023-12-28 05:30:00,1.87094,1.8715199999999999,1.87081,1.87142,344,8,0
2023-12-28 05:35:00,1.8714300000000001,1.87246,1.8714300000000001,1.8719000000000001,494,8,0
2023-12-28 05:40:00,1.87188,1.8720599999999998,1.87171,1.87183,228,8,0
2023-12-28 05:45:00,1.87183,1.8718599999999999,1.87149,1.8716300000000001,244,8,0
2023-12-28 05:50:00,1.8716300000000001,1.87168,1.87115,1.8715000000000002,249,9,0
2023-12-28 05:55:00,1.8715000000000002,1.87161,1.87085,1.87085,537,8,0
2023-12-28 06:00:00,1.87085,1.87107,1.87031,1.8705500000000002,614,8,0
2023-12-28 06:05:00,1.8705500000000002,1.87073,1.87009,1.8705500000000002,605,8,0
2023-12-28 06:10:00,1.8705500000000002,1.87106,1.87045,1.87097,495,8,0
2023-12-28 06:15:00,1.87097,1.8710499999999999,1.8703699999999999,1.87066,554,8,0
2023-12-28 06:20:00,1.87066,1.87104,1.87058,1.87088,552,8,0
2023-12-28 06:25:00,1.87088,1.8714499999999998,1.87079,1.87133,488,8,0
2023-12-28 06:30:00,1.87133,1.8714499999999998,1.87097,1.87121,300,8,0
2023-12-28 06:35:00,1.8712499999999999,1.8715899999999999,1.87111,1.8711799999999998,239,8,0
2023-12-28 06:40:00,1.8711799999999998,1.87137,1.87085,1.871,424,8,0
2023-12-28 06:45:00,1.871,1.87124,1.8709,1.87119,300,8,0
2023-12-28 06:50:00,1.87119,1.87123,1.8701699999999999,1.87033,256,8,0
2023-12-28 06:55:00,1.87033,1.87042,1.8700299999999999,1.87025,305,8,0
2023-12-28 07:00:00,1.87026,1.87138,1.86997,1.87138,493,8,0
2023-12-28 07:05:00,1.87138,1.87151,1.87092,1.87106,339,8,0
2023-12-28 07:10:00,1.87106,1.87167,1.87049,1.8709799999999999,558,8,0
2023-12-28 07:15:00,1.8709500000000001,1.87198,1.87092,1.87188,436,8,0
2023-12-28 07:20:00,1.87188,1.87199,1.8714499999999998,1.87167,297,8,0
2023-12-28 07:25:00,1.87167,1.87181,1.87141,1.87148,260,8,0
2023-12-28 07:30:00,1.8715000000000002,1.87209,1.8714499999999998,1.87168,642,8,0
2023-12-28 07:35:00,1.87171,1.87244,1.8712900000000001,1.87137,529,8,0
2023-12-28 07:40:00,1.87137,1.87154,1.87088,1.87122,587,8,0
2023-12-28 07:45:00,1.87122,1.87123,1.87056,1.87077,473,8,0
2023-12-28 07:50:00,1.87077,1.87114,1.87032,1.8709500000000001,498,8,0
2023-12-28 07:55:00,1.8709500000000001,1.8711799999999998,1.87069,1.87074,499,8,0
2023-12-28 08:00:00,1.87073,1.87073,1.8698299999999999,1.8703400000000001,574,8,0
2023-12-28 08:05:00,1.8703400000000001,1.87085,1.87011,1.87072,375,8,0
2023-12-28 08:10:00,1.8707099999999999,1.87133,1.87065,1.87114,404,8,0
2023-12-28 08:15:00,1.87114,1.8726500000000001,1.87103,1.87194,727,8,0
2023-12-28 08:20:00,1.87194,1.87291,1.87187,1.8726,650,8,0
2023-12-28 08:25:00,1.8726,1.8739,1.8723999999999998,1.87366,771,8,0
2023-12-28 08:30:00,1.87366,1.87368,1.87229,1.87313,725,8,0
2023-12-28 08:35:00,1.87313,1.87386,1.8725100000000001,1.8725100000000001,570,8,0
2023-12-28 08:40:00,1.8725100000000001,1.87309,1.87249,1.87256,604,8,0
2023-12-28 08:45:00,1.8725399999999999,1.87262,1.87148,1.8716300000000001,620,8,0
2023-12-28 08:50:00,1.8716300000000001,1.87241,1.8713,1.8721999999999999,479,8,0
2023-12-28 08:55:00,1.8721999999999999,1.87268,1.87198,1.87255,558,8,0
2023-12-28 09:00:00,1.87255,1.87351,1.87255,1.87351,707,8,0
2023-12-28 09:05:00,1.87351,1.87453,1.8733499999999998,1.87372,671,8,0
2023-12-28 09:10:00,1.87372,1.87378,1.87291,1.87327,773,8,0
2023-12-28 09:15:00,1.87327,1.87463,1.8732199999999999,1.87452,615,8,0
2023-12-28 09:20:00,1.87452,1.87469,1.8738899999999998,1.87401,437,8,0
2023-12-28 09:25:00,1.87401,1.87401,1.8729200000000001,1.87351,366,8,0
2023-12-28 09:30:00,1.8735,1.87503,1.87345,1.87496,566,8,0
2023-12-28 09:35:00,1.87497,1.87517,1.87451,1.87514,759,8,0
2023-12-28 09:40:00,1.87514,1.87643,1.87493,1.87555,559,8,0
2023-12-28 09:45:00,1.87555,1.87575,1.87429,1.87469,634,8,0
2023-12-28 09:50:00,1.8746800000000001,1.8749500000000001,1.874,1.87415,750,8,0
2023-12-28 09:55:00,1.87415,1.8744100000000001,1.8730099999999998,1.87327,758,8,0
2023-12-28 10:00:00,1.87327,1.87327,1.8721999999999999,1.87269,823,8,0
2023-12-28 10:05:00,1.87269,1.87275,1.8718,1.87222,710,8,0
2023-12-28 10:10:00,1.87222,1.87284,1.8717700000000002,1.87182,537,8,0
2023-12-28 10:15:00,1.87182,1.87216,1.87149,1.8716599999999999,486,8,0
2023-12-28 10:20:00,1.8716599999999999,1.87194,1.8713,1.87134,380,8,0
2023-12-28 10:25:00,1.87134,1.87149,1.8711600000000002,1.87149,421,8,0
2023-12-28 10:30:00,1.87149,1.87168,1.87027,1.87031,581,8,0
2023-12-28 10:35:00,1.87031,1.87032,1.8691,1.86911,827,8,0
2023-12-28 10:40:00,1.86911,1.8692199999999999,1.86862,1.86873,650,8,0
2023-12-28 10:45:00,1.8687399999999998,1.8695300000000001,1.86869,1.8693,549,8,0
2023-12-28 10:50:00,1.86931,1.8706399999999999,1.86931,1.86999,637,8,0
2023-12-28 10:55:00,1.86999,1.87035,1.86957,1.87026,602,8,0
2023-12-28 11:00:00,1.87025,1.8704100000000001,1.86975,1.87019,462,8,0
2023-12-28 11:05:00,1.87019,1.87092,1.87015,1.87083,306,8,0
2023-12-28 11:10:00,1.8708200000000001,1.8713,1.87072,1.87124,144,8,0
2023-12-28 11:15:00,1.87124,1.87191,1.8709,1.87153,202,8,0
2023-12-28 11:20:00,1.87153,1.87207,1.87124,1.87187,242,8,0
2023-12-28 11:25:00,1.87187,1.87214,1.8709500000000001,1.87137,258,8,0
2023-12-28 11:30:00,1.87137,1.87173,1.87123,1.87123,332,8,0
2023-12-28 11:35:00,1.87123,1.8713,1.87077,1.8711799999999998,340,8,0
2023-12-28 11:40:00,1.8711799999999998,1.87131,1.8709099999999999,1.871,370,8,0
2023-12-28 11:45:00,1.871,1.87134,1.87086,1.8712900000000001,313,8,0
2023-12-28 11:50:00,1.8712900000000001,1.87135,1.8704800000000001,1.87074,288,8,0
2023-12-28 11:55:00,1.87074,1.87112,1.87052,1.8707500000000001,685,8,0
2023-12-28 12:00:00,1.8707500000000001,1.8711799999999998,1.8705699999999998,1.87117,409,8,0
2023-12-28 12:05:00,1.87117,1.87154,1.8707500000000001,1.87131,441,8,0
2023-12-28 12:10:00,1.87131,1.87144,1.8705699999999998,1.87086,429,8,0
2023-12-28 12:15:00,1.87086,1.87108,1.87061,1.87076,435,8,0
2023-12-28 12:20:00,1.8707500000000001,1.87096,1.86979,1.86992,489,8,0
2023-12-28 12:25:00,1.86992,1.8699400000000002,1.8685,1.8685,630,8,0
2023-12-28 12:30:00,1.8685,1.86875,1.86819,1.86844,431,8,0
2023-12-28 12:35:00,1.8685,1.86879,1.86799,1.86817,514,8,0
2023-12-28 12:40:00,1.86817,1.86839,1.8676599999999999,1.86788,438,8,0
2023-12-28 12:45:00,1.86781,1.86816,1.8676300000000001,1.86774,400,8,0
2023-12-28 12:50:00,1.86774,1.86792,1.8674,1.86776,435,8,0
2023-12-28 12:55:00,1.86776,1.86778,1.8667,1.86685,460,8,0
2023-12-28 13:00:00,1.86685,1.86688,1.86602,1.86611,842,8,0
2023-12-28 13:05:00,1.86611,1.86686,1.86582,1.86605,718,8,0
2023-12-28 13:10:00,1.86605,1.86605,1.86497,1.86528,796,8,0
2023-12-28 13:15:00,1.86528,1.8657,1.86402,1.8640400000000001,737,8,0
2023-12-28 13:20:00,1.8640400000000001,1.86414,1.8637299999999999,1.8639999999999999,789,8,0
2023-12-28 13:25:00,1.8639999999999999,1.8649200000000001,1.8639000000000001,1.86419,790,8,0
2023-12-28 13:30:00,1.86419,1.8652199999999999,1.86371,1.86489,1038,8,0
2023-12-28 13:35:00,1.86489,1.86597,1.86484,1.86597,1037,8,0
2023-12-28 13:40:00,1.8659599999999998,1.8664800000000001,1.86571,1.86625,966,8,0
2023-12-28 13:45:00,1.86625,1.8671799999999998,1.86604,1.8665500000000002,765,8,0
2023-12-28 13:50:00,1.8665699999999998,1.8672499999999999,1.86632,1.8667,1030,8,0
2023-12-28 13:55:00,1.8667,1.8667,1.86566,1.8664399999999999,1019,8,0
2023-12-28 14:00:00,1.86646,1.86646,1.86524,1.86581,1438,8,0
2023-12-28 14:05:00,1.86581,1.86669,1.8656899999999998,1.86631,889,8,0
2023-12-28 14:10:00,1.86631,1.86731,1.86613,1.8664100000000001,768,8,0
2023-12-28 14:15:00,1.8664100000000001,1.86723,1.8661699999999999,1.86714,750,8,0
2023-12-28 14:20:00,1.8671600000000002,1.86812,1.86695,1.86812,800,8,0
2023-12-28 14:25:00,1.86806,1.86862,1.86805,1.86826,705,8,0
2023-12-28 14:30:00,1.86826,1.86832,1.86625,1.86639,1051,8,0
2023-12-28 14:35:00,1.86639,1.86686,1.86561,1.86568,997,8,0
2023-12-28 14:40:00,1.8656899999999998,1.8659,1.86514,1.86531,1028,8,0
2023-12-28 14:45:00,1.86531,1.86625,1.8648099999999999,1.86597,980,8,0
2023-12-28 14:50:00,1.86597,1.86653,1.86581,1.86627,897,8,0
2023-12-28 14:55:00,1.86627,1.86631,1.8652,1.86597,1063,8,0
2023-12-28 15:00:00,1.86597,1.8660299999999999,1.8653300000000002,1.8655599999999999,989,8,0
2023-12-28 15:05:00,1.8655599999999999,1.86559,1.8645399999999999,1.86484,972,8,0
2023-12-28 15:10:00,1.86484,1.86484,1.86347,1.86406,902,8,0
2023-12-28 15:15:00,1.86406,1.86406,1.8618299999999999,1.8618299999999999,700,8,0
2023-12-28 15:20:00,1.8618299999999999,1.86229,1.86094,1.861,902,8,0
2023-12-28 15:25:00,1.86101,1.86171,1.86043,1.8605800000000001,972,8,0
2023-12-28 15:30:00,1.8606,1.86124,1.86009,1.86123,1186,8,0
2023-12-28 15:35:00,1.86124,1.86127,1.85972,1.85989,1022,8,0
2023-12-28 15:40:00,1.85988,1.8603100000000001,1.8593,1.8597700000000001,1131,8,0
2023-12-28 15:45:00,1.8597700000000001,1.86064,1.8597700000000001,1.86059,757,8,0
2023-12-28 15:50:00,1.86057,1.861,1.86019,1.8604,1055,8,0
2023-12-28 15:55:00,1.8604,1.86179,1.86025,1.86136,2033,8,0
2023-12-28 16:00:00,1.86136,1.86177,1.86076,1.86177,1540,8,0
2023-12-28 16:05:00,1.86178,1.86232,1.86147,1.86229,1053,8,0
2023-12-28 16:10:00,1.86231,1.86245,1.862,1.86219,1045,8,0
2023-12-28 16:15:00,1.86219,1.86225,1.86026,1.86052,848,8,0
2023-12-28 16:20:00,1.86051,1.8605800000000001,1.86005,1.8604500000000002,721,8,0
2023-12-28 16:25:00,1.86046,1.86091,1.8602400000000001,1.8604699999999998,785,8,0
2023-12-28 16:30:00,1.8604699999999998,1.86145,1.86033,1.86145,708,8,0
2023-12-28 16:35:00,1.86143,1.86174,1.86124,1.86171,560,8,0
2023-12-28 16:40:00,1.86171,1.8618999999999999,1.86124,1.86143,500,8,0
2023-12-28 16:45:00,1.86137,1.86174,1.86109,1.8615300000000001,631,8,0
2023-12-28 16:50:00,1.8615300000000001,1.86205,1.8612199999999999,1.86193,623,8,0
2023-12-28 16:55:00,1.86191,1.86263,1.86184,1.86202,655,8,0
2023-12-28 17:00:00,1.86202,1.86209,1.86129,1.86159,442,8,0
2023-12-28 17:05:00,1.86159,1.86192,1.86143,1.86175,673,8,0
2023-12-28 17:10:00,1.86177,1.86184,1.86125,1.8614600000000001,653,8,0
2023-12-28 17:15:00,1.86147,1.8614899999999999,1.86066,1.86084,426,8,0
2023-12-28 17:20:00,1.86084,1.86117,1.86069,1.86102,432,8,0
2023-12-28 17:25:00,1.86102,1.86104,1.86064,1.86076,415,8,0
2023-12-28 17:30:00,1.86076,1.8608500000000001,1.86046,1.86069,445,8,0
2023-12-28 17:35:00,1.86069,1.8607200000000002,1.86025,1.8603100000000001,445,8,0
2023-12-28 17:40:00,1.8603100000000001,1.86057,1.86022,1.86028,472,8,0
2023-12-28 17:45:00,1.86028,1.86077,1.86003,1.86063,502,8,0
2023-12-28 17:50:00,1.86063,1.8610799999999998,1.86053,1.8610799999999998,554,8,0
2023-12-28 17:55:00,1.8610799999999998,1.8614899999999999,1.86052,1.86078,596,8,0
2023-12-28 18:00:00,1.86078,1.8630900000000001,1.86069,1.86225,1059,8,0
2023-12-28 18:05:00,1.86219,1.8627,1.86168,1.86168,692,8,0
2023-12-28 18:10:00,1.86168,1.86174,1.86117,1.86118,711,8,0
2023-12-28 18:15:00,1.86118,1.86124,1.85996,1.86014,560,8,0
2023-12-28 18:20:00,1.86014,1.86025,1.8593600000000001,1.85937,415,8,0
2023-12-28 18:25:00,1.85937,1.8602699999999999,1.85921,1.86018,616,8,0
2023-12-28 18:30:00,1.86018,1.86044,1.85995,1.8603800000000001,489,8,0
2023-12-28 18:35:00,1.86041,1.8604699999999998,1.85991,1.86018,421,8,0
2023-12-28 18:40:00,1.86018,1.8609200000000001,1.8601,1.8609,536,8,0
2023-12-28 18:45:00,1.8609,1.8611499999999999,1.86053,1.86053,513,8,0
2023-12-28 18:50:00,1.86053,1.86057,1.8601999999999999,1.86055,446,8,0
2023-12-28 18:55:00,1.86056,1.8615300000000001,1.86056,1.8614600000000001,312,8,0
2023-12-28 19:00:00,1.86147,1.86211,1.8613300000000002,1.86189,407,8,0
2023-12-28 19:05:00,1.86189,1.86247,1.86182,1.86236,421,8,0
2023-12-28 19:10:00,1.86236,1.86259,1.8620700000000001,1.86233,397,8,0
2023-12-28 19:15:00,1.86233,1.8627,1.8622,1.86254,403,8,0
2023-12-28 19:20:00,1.86254,1.86254,1.86209,1.86218,373,8,0
2023-12-28 19:25:00,1.86218,1.86229,1.8620100000000002,1.86211,455,8,0
2023-12-28 19:30:00,1.86211,1.86211,1.86164,1.86164,334,8,0
2023-12-28 19:35:00,1.86164,1.862,1.86151,1.86186,276,8,0
2023-12-28 19:40:00,1.86186,1.8622800000000002,1.86182,1.86216,479,8,0
2023-12-28 19:45:00,1.86216,1.86256,1.8620100000000002,1.86211,570,8,0
2023-12-28 19:50:00,1.86213,1.8625500000000001,1.86204,1.86254,322,8,0
2023-12-28 19:55:00,1.86254,1.8628,1.86223,1.86223,574,8,0
2023-12-28 20:00:00,1.86223,1.86266,1.8622,1.86266,462,8,0
2023-12-28 20:05:00,1.86266,1.8626800000000001,1.86224,1.86235,422,8,0
2023-12-28 20:10:00,1.86235,1.8625,1.86218,1.86231,495,8,0
2023-12-28 20:15:00,1.86231,1.8625099999999999,1.86199,1.86205,419,8,0
2023-12-28 20:20:00,1.86205,1.86223,1.8618999999999999,1.86215,408,8,0
2023-12-28 20:25:00,1.86216,1.86254,1.86208,1.86246,414,8,0
2023-12-28 20:30:00,1.86247,1.86281,1.86243,1.86273,293,8,0
2023-12-28 20:35:00,1.86273,1.8628,1.8622999999999998,1.8625099999999999,378,8,0
2023-12-28 20:40:00,1.8625099999999999,1.86274,1.86242,1.86269,296,8,0
2023-12-28 20:45:00,1.8627,1.86314,1.8626800000000001,1.86307,309,8,0
2023-12-28 20:50:00,1.8631,1.8636599999999999,1.8630900000000001,1.86351,400,8,0
2023-12-28 20:55:00,1.86351,1.86429,1.8632900000000001,1.8639000000000001,725,8,0
2023-12-28 21:00:00,1.8639000000000001,1.8643399999999999,1.86364,1.86376,625,8,0
2023-12-28 21:05:00,1.86376,1.8637700000000001,1.86324,1.86342,248,8,0
2023-12-28 21:10:00,1.86342,1.86382,1.86327,1.86348,228,8,0
2023-12-28 21:15:00,1.86349,1.86368,1.86337,1.86365,212,8,0
2023-12-28 21:20:00,1.86365,1.8645800000000001,1.8635899999999999,1.8645100000000001,190,8,0
2023-12-28 21:25:00,1.8645100000000001,1.8653499999999998,1.8644699999999998,1.86502,282,8,0
2023-12-28 21:30:00,1.86504,1.8651499999999999,1.86479,1.86494,196,8,0
2023-12-28 21:35:00,1.86494,1.86502,1.86425,1.8643800000000001,197,8,0
2023-12-28 21:40:00,1.8643800000000001,1.86463,1.8643800000000001,1.86444,145,8,0
2023-12-28 21:45:00,1.86444,1.86453,1.8643399999999999,1.86453,80,8,0
2023-12-28 21:50:00,1.86453,1.86453,1.86414,1.86418,107,8,0
2023-12-28 21:55:00,1.86418,1.8644699999999998,1.86326,1.86407,142,8,0
2023-12-28 22:00:00,1.86399,1.86399,1.86086,1.8627099999999999,12,76,0
2023-12-28 22:05:00,1.8627099999999999,1.86337,1.8627099999999999,1.86337,8,229,0
2023-12-28 22:10:00,1.86337,1.86361,1.8628,1.86303,22,142,0
2023-12-28 22:15:00,1.8630499999999999,1.86321,1.8628,1.8629099999999998,22,221,0
2023-12-28 22:20:00,1.8629099999999998,1.86299,1.8624,1.86269,9,178,0
2023-12-28 22:25:00,1.86269,1.8632499999999999,1.86219,1.8632300000000002,11,140,0
2023-12-28 22:30:00,1.8632300000000002,1.8643999999999998,1.8632300000000002,1.86394,15,120,0
2023-12-28 22:35:00,1.86394,1.86517,1.86394,1.8642699999999999,45,64,0
2023-12-28 22:40:00,1.8642699999999999,1.86484,1.8639700000000001,1.86484,24,78,0
2023-12-28 22:45:00,1.86484,1.86484,1.8639299999999999,1.8646099999999999,44,89,0
2023-12-28 22:50:00,1.8646099999999999,1.8649499999999999,1.86293,1.8630499999999999,123,52,0
2023-12-28 22:55:00,1.8630499999999999,1.8650600000000002,1.86301,1.86491,329,56,0
2023-12-28 23:00:00,1.86505,1.8657599999999999,1.8645100000000001,1.86543,217,23,0
2023-12-28 23:05:00,1.86543,1.8655,1.86523,1.86541,57,27,0
2023-12-28 23:10:00,1.86541,1.86566,1.8652199999999999,1.8654,177,15,0
2023-12-28 23:15:00,1.86544,1.8656000000000001,1.86511,1.86552,212,14,0
2023-12-28 23:20:00,1.86552,1.86564,1.86516,1.8652199999999999,270,10,0
2023-12-28 23:25:00,1.8652,1.86524,1.86494,1.86504,152,12,0
2023-12-28 23:30:00,1.86504,1.8652,1.8648,1.86507,138,21,0
2023-12-28 23:35:00,1.86507,1.86521,1.8650099999999998,1.8651499999999999,199,9,0
2023-12-28 23:40:00,1.8651499999999999,1.86525,1.86503,1.86518,160,9,0
2023-12-28 23:45:00,1.86518,1.8653300000000002,1.86493,1.86494,260,8,0
2023-12-28 23:50:00,1.86494,1.86517,1.86487,1.8651499999999999,192,8,0
2023-12-28 23:55:00,1.8651499999999999,1.86563,1.8651,1.86563,236,8,0
2023-12-29 00:00:00,1.86563,1.8657,1.86429,1.8645399999999999,435,8,0
2023-12-29 00:05:00,1.8645399999999999,1.86459,1.86405,1.86408,404,8,0
2023-12-29 00:10:00,1.86408,1.8641999999999999,1.86391,1.86398,336,8,0
2023-12-29 00:15:00,1.86398,1.86402,1.8634,1.8637899999999998,298,8,0
2023-12-29 00:20:00,1.8637899999999998,1.86382,1.86337,1.86367,382,8,0
2023-12-29 00:25:00,1.86367,1.8639700000000001,1.8636599999999999,1.86383,295,8,0
2023-12-29 00:30:00,1.86382,1.86396,1.86319,1.8632,308,8,0
2023-12-29 00:35:00,1.8632,1.86342,1.86307,1.86314,323,8,0
2023-12-29 00:40:00,1.86314,1.86346,1.8630900000000001,1.86319,305,8,0
2023-12-29 00:45:00,1.86319,1.86334,1.86295,1.86326,305,8,0
2023-12-29 00:50:00,1.86326,1.86357,1.86267,1.86356,574,8,0
2023-12-29 00:55:00,1.8635199999999998,1.86441,1.86347,1.8643100000000001,596,8,0
2023-12-29 01:00:00,1.8643100000000001,1.86479,1.86419,1.86446,447,8,0
2023-12-29 01:05:00,1.86446,1.8649,1.8644500000000002,1.8645100000000001,478,8,0
2023-12-29 01:10:00,1.8645100000000001,1.8649499999999999,1.86408,1.8641299999999998,510,8,0
2023-12-29 01:15:00,1.8641299999999998,1.8641299999999998,1.8633199999999999,1.86389,799,8,0
2023-12-29 01:20:00,1.8638599999999999,1.8643,1.86357,1.86365,633,8,0
2023-12-29 01:25:00,1.86365,1.86375,1.86297,1.86337,646,8,0
2023-12-29 01:30:00,1.86338,1.86355,1.86297,1.86313,709,8,0
2023-12-29 01:35:00,1.86313,1.86322,1.86231,1.8626200000000002,845,8,0
2023-12-29 01:40:00,1.8626399999999999,1.86308,1.86246,1.86279,690,8,0
2023-12-29 01:45:00,1.86279,1.863,1.86246,1.86293,483,8,0
2023-12-29 01:50:00,1.86293,1.8631600000000001,1.86225,1.86225,392,8,0
2023-12-29 01:55:00,1.86225,1.86238,1.86123,1.86154,470,8,0
2023-12-29 02:00:00,1.8615300000000001,1.8617599999999999,1.86105,1.86132,712,8,0
2023-12-29 02:05:00,1.8613,1.86163,1.8607900000000002,1.86087,494,8,0
2023-12-29 02:10:00,1.86086,1.86111,1.8604699999999998,1.86053,429,8,0
2023-12-29 02:15:00,1.86053,1.86087,1.86021,1.8607900000000002,641,8,0
2023-12-29 02:20:00,1.8607900000000002,1.86109,1.86057,1.86105,472,8,0
2023-12-29 02:25:00,1.8610600000000002,1.86144,1.86093,1.86132,350,8,0
2023-12-29 02:30:00,1.86132,1.86233,1.86132,1.86226,426,8,0
2023-12-29 02:35:00,1.86226,1.8628200000000001,1.86197,1.86267,391,8,0
2023-12-29 02:40:00,1.86267,1.86267,1.86226,1.86254,270,8,0
2023-12-29 02:45:00,1.86254,1.8627799999999999,1.86231,1.8626399999999999,276,8,0
2023-12-29 02:50:00,1.86263,1.8628900000000002,1.8625099999999999,1.86276,386,8,0
2023-12-29 02:55:00,1.86276,1.86313,1.8626800000000001,1.86296,291,8,0
2023-12-29 03:00:00,1.86296,1.86308,1.86281,1.8629799999999999,309,8,0
2023-12-29 03:05:00,1.8629799999999999,1.8631799999999998,1.8629,1.86301,310,8,0
2023-12-29 03:10:00,1.8630200000000001,1.86365,1.86285,1.8635199999999998,329,8,0
2023-12-29 03:15:00,1.8635199999999998,1.8639700000000001,1.8633899999999999,1.86395,276,8,0
2023-12-29 03:20:00,1.8639700000000001,1.86464,1.8639000000000001,1.86456,311,8,0
2023-12-29 03:25:00,1.86456,1.86456,1.8637299999999999,1.8638,413,8,0
2023-12-29 03:30:00,1.8638,1.8643399999999999,1.86372,1.8639999999999999,483,8,0
2023-12-29 03:35:00,1.8639999999999999,1.86437,1.86376,1.86406,349,8,0
2023-12-29 03:40:00,1.86406,1.8643800000000001,1.86353,1.86356,284,8,0
2023-12-29 03:45:00,1.86356,1.86357,1.8630200000000001,1.86303,303,8,0
2023-12-29 03:50:00,1.86304,1.8632300000000002,1.86292,1.86294,273,8,0
2023-12-29 03:55:00,1.86294,1.86299,1.86254,1.86267,313,8,0
2023-12-29 04:00:00,1.86267,1.8627,1.8624399999999999,1.8625699999999998,278,8,0
2023-12-29 04:05:00,1.86258,1.86258,1.86222,1.86236,177,8,0
2023-12-29 04:10:00,1.86236,1.86356,1.8622999999999998,1.8632900000000001,337,8,0
2023-12-29 04:15:00,1.8632900000000001,1.86355,1.8632,1.8632,180,8,0
2023-12-29 04:20:00,1.8632,1.86353,1.86311,1.86334,239,8,0
2023-12-29 04:25:00,1.86334,1.86348,1.8631199999999999,1.8634,227,8,0
2023-12-29 04:30:00,1.8634,1.8635899999999999,1.86328,1.86355,248,8,0
2023-12-29 04:35:00,1.86354,1.86357,1.86333,1.8633600000000001,281,8,0
2023-12-29 04:40:00,1.8633600000000001,1.8638,1.8633600000000001,1.86368,241,8,0
2023-12-29 04:45:00,1.8637000000000001,1.8637000000000001,1.86324,1.86342,319,8,0
2023-12-29 04:50:00,1.8634300000000001,1.86346,1.8631199999999999,1.86333,170,8,0
2023-12-29 04:55:00,1.86333,1.8637000000000001,1.8632300000000002,1.86361,323,8,0
2023-12-29 05:00:00,1.86361,1.86383,1.8633600000000001,1.86348,406,8,0
2023-12-29 05:05:00,1.86346,1.86347,1.86301,1.8633199999999999,215,8,0
2023-12-29 05:10:00,1.8633199999999999,1.86437,1.8633,1.8641999999999999,424,8,0
2023-12-29 05:15:00,1.8641999999999999,1.86436,1.86385,1.86385,379,8,0
2023-12-29 05:20:00,1.86385,1.86401,1.8635199999999998,1.86372,353,8,0
2023-12-29 05:25:00,1.86372,1.86418,1.86355,1.86401,464,8,0
2023-12-29 05:30:00,1.86401,1.86448,1.86381,1.8644699999999998,489,8,0
2023-12-29 05:35:00,1.8644699999999998,1.86471,1.86425,1.86437,289,8,0
2023-12-29 05:40:00,1.8643800000000001,1.86467,1.86437,1.86455,317,8,0
2023-12-29 05:45:00,1.86456,1.8648799999999999,1.86448,1.8646,362,8,0
2023-12-29 05:50:00,1.8646,1.86502,1.8643100000000001,1.86456,311,8,0
2023-12-29 05:55:00,1.86456,1.8652199999999999,1.86452,1.8651,615,8,0
2023-12-29 06:00:00,1.86509,1.8651200000000001,1.86442,1.8648799999999999,423,8,0
2023-12-29 06:05:00,1.8648799999999999,1.86559,1.8648099999999999,1.86528,397,8,0
2023-12-29 06:10:00,1.86528,1.86541,1.86503,1.86534,277,8,0
2023-12-29 06:15:00,1.86536,1.86571,1.86534,1.8654899999999999,360,8,0
2023-12-29 06:20:00,1.8654899999999999,1.8655599999999999,1.8643399999999999,1.8648500000000001,260,8,0
2023-12-29 06:25:00,1.8648500000000001,1.86568,1.86483,1.86513,226,8,0
2023-12-29 06:30:00,1.86513,1.86568,1.8651,1.86536,127,8,0
2023-12-29 06:35:00,1.86536,1.86572,1.86536,1.86572,195,8,0
2023-12-29 06:40:00,1.86572,1.8662800000000002,1.86571,1.86598,257,8,0
2023-12-29 06:45:00,1.86598,1.86647,1.8656899999999998,1.86627,438,8,0
2023-12-29 06:50:00,1.86627,1.86672,1.8662100000000001,1.86669,331,8,0
2023-12-29 06:55:00,1.86669,1.86706,1.86638,1.86679,331,8,0
2023-12-29 07:00:00,1.8668,1.8668,1.86563,1.8658299999999999,414,8,0
2023-12-29 07:05:00,1.8658299999999999,1.86612,1.86539,1.8654,275,8,0
2023-12-29 07:10:00,1.8654,1.8655599999999999,1.8648099999999999,1.86497,269,8,0
2023-12-29 07:15:00,1.86497,1.86503,1.8644500000000002,1.8647399999999998,384,8,0
2023-12-29 07:20:00,1.8647399999999998,1.8650799999999998,1.86473,1.86496,292,8,0
2023-12-29 07:25:00,1.8649499999999999,1.8651,1.8643800000000001,1.86455,355,8,0
2023-12-29 07:30:00,1.8645399999999999,1.8649499999999999,1.8644500000000002,1.86468,420,8,0
2023-12-29 07:35:00,1.86466,1.86487,1.8645800000000001,1.86476,415,8,0
2023-12-29 07:40:00,1.86475,1.8648,1.86436,1.8643999999999998,454,8,0
2023-12-29 07:45:00,1.86439,1.8648099999999999,1.86436,1.86462,408,8,0
2023-12-29 07:50:00,1.86462,1.86511,1.86418,1.8650799999999998,325,8,0
2023-12-29 07:55:00,1.8650799999999998,1.86565,1.865,1.8654,268,8,0
2023-12-29 08:00:00,1.8654,1.86605,1.86517,1.86584,377,8,0
2023-12-29 08:05:00,1.86584,1.8664800000000001,1.8656899999999998,1.86636,264,8,0
2023-12-29 08:10:00,1.86636,1.86711,1.86622,1.86649,443,8,0
2023-12-29 08:15:00,1.86651,1.86692,1.8661400000000001,1.86684,401,8,0
2023-12-29 08:20:00,1.86684,1.86753,1.86679,1.86741,502,8,0
2023-12-29 08:25:00,1.86741,1.86741,1.86695,1.86704,432,8,0
2023-12-29 08:30:00,1.86704,1.86723,1.8664399999999999,1.86652,381,8,0
2023-12-29 08:35:00,1.86652,1.86654,1.86581,1.86616,401,8,0
2023-12-29 08:40:00,1.86616,1.86659,1.86593,1.86653,436,8,0
2023-12-29 08:45:00,1.86652,1.86741,1.86602,1.8673600000000001,456,8,0
2023-12-29 08:50:00,1.8673600000000001,1.86746,1.8668200000000001,1.86717,454,8,0
2023-12-29 08:55:00,1.86717,1.86768,1.8668,1.86746,563,8,0
2023-12-29 09:00:00,1.86747,1.86784,1.86717,1.8674,673,8,0
2023-12-29 09:05:00,1.8674,1.86764,1.8669099999999998,1.8672900000000001,655,8,0
2023-12-29 09:10:00,1.86735,1.86773,1.8665699999999998,1.86751,725,8,0
2023-12-29 09:15:00,1.86751,1.86787,1.8669099999999998,1.86695,740,8,0
2023-12-29 09:20:00,1.86695,1.8672499999999999,1.8667099999999999,1.8670900000000001,508,8,0
2023-12-29 09:25:00,1.86714,1.86816,1.86713,1.86758,710,8,0
2023-12-29 09:30:00,1.86758,1.86776,1.86694,1.8669799999999999,766,8,0
2023-12-29 09:35:00,1.86697,1.8672900000000001,1.86647,1.86685,483,8,0
2023-12-29 09:40:00,1.86685,1.86764,1.8666800000000001,1.86734,620,8,0
2023-12-29 09:45:00,1.86735,1.86774,1.86719,1.86751,513,8,0
2023-12-29 09:50:00,1.86751,1.86755,1.86639,1.86654,535,8,0
2023-12-29 09:55:00,1.86654,1.86715,1.86623,1.8671,529,8,0
2023-12-29 10:00:00,1.8671,1.86829,1.86681,1.8681999999999999,550,8,0
2023-12-29 10:05:00,1.8681999999999999,1.8688,1.86818,1.86843,496,8,0
2023-12-29 10:10:00,1.86843,1.86951,1.86842,1.8691,715,8,0
2023-12-29 10:15:00,1.8691200000000001,1.86931,1.8685399999999999,1.8691499999999999,608,8,0
2023-12-29 10:20:00,1.8691499999999999,1.8693499999999998,1.86834,1.8684699999999999,649,8,0
2023-12-29 10:25:00,1.8684699999999999,1.8698299999999999,1.86841,1.86959,346,8,0
2023-12-29 10:30:00,1.86957,1.8699400000000002,1.86907,1.86938,285,8,0
2023-12-29 10:35:00,1.86938,1.86993,1.86913,1.8699,449,8,0
2023-12-29 10:40:00,1.8699,1.8705500000000002,1.86984,1.8704800000000001,289,8,0
2023-12-29 10:45:00,1.8704800000000001,1.87093,1.8703699999999999,1.87076,261,8,0
2023-12-29 10:50:00,1.87076,1.8712900000000001,1.87058,1.8711600000000002,280,8,0
2023-12-29 10:55:00,1.8711600000000002,1.8719000000000001,1.8709799999999999,1.87173,606,8,0
2023-12-29 11:00:00,1.87173,1.87176,1.87052,1.87088,499,8,0
2023-12-29 11:05:00,1.87088,1.8715600000000001,1.8708,1.87094,271,8,0
2023-12-29 11:10:00,1.87092,1.87185,1.87052,1.87169,284,8,0
2023-12-29 11:15:00,1.87169,1.87262,1.87134,1.8725100000000001,532,8,0
2023-12-29 11:20:00,1.8725100000000001,1.8729900000000002,1.8721100000000002,1.87298,481,8,0
2023-12-29 11:25:00,1.87297,1.87352,1.8727,1.87309,589,8,0
2023-12-29 11:30:00,1.87309,1.87309,1.87225,1.87295,417,8,0
2023-12-29 11:35:00,1.87293,1.87381,1.87293,1.87332,785,8,0
2023-12-29 11:40:00,1.87332,1.87356,1.8729200000000001,1.8734600000000001,613,8,0
2023-12-29 11:45:00,1.87347,1.87412,1.873,1.87409,579,8,0
2023-12-29 11:50:00,1.87412,1.8745500000000002,1.8738899999999998,1.8740999999999999,521,8,0
2023-12-29 11:55:00,1.87409,1.8744800000000001,1.87358,1.87433,635,8,0
2023-12-29 12:00:00,1.8743400000000001,1.87456,1.87386,1.8744800000000001,515,8,0
2023-12-29 12:05:00,1.87452,1.8749099999999999,1.87436,1.8748399999999998,501,8,0
2023-12-29 12:10:00,1.8748399999999998,1.87546,1.87401,1.87413,515,8,0
2023-12-29 12:15:00,1.87413,1.87496,1.87411,1.87462,427,8,0
2023-12-29 12:20:00,1.87462,1.8749,1.87424,1.87436,493,8,0
2023-12-29 12:25:00,1.87436,1.87477,1.87408,1.87408,619,8,0
2023-12-29 12:30:00,1.87408,1.87435,1.8738899999999998,1.87433,518,8,0
2023-12-29 12:35:00,1.87433,1.87439,1.87337,1.87426,719,8,0
2023-12-29 12:40:00,1.87426,1.87476,1.8737,1.87398,746,8,0
2023-12-29 12:45:00,1.87397,1.87411,1.87289,1.87332,686,8,0
2023-12-29 12:50:00,1.87332,1.87385,1.87324,1.8736000000000002,435,8,0
2023-12-29 12:55:00,1.8736000000000002,1.87366,1.87202,1.87269,1012,8,0
2023-12-29 13:00:00,1.87269,1.87293,1.8715199999999999,1.87185,642,8,0
2023-12-29 13:05:00,1.87185,1.87199,1.8709799999999999,1.87147,489,8,0
2023-12-29 13:10:00,1.87147,1.8723,1.87112,1.8723,565,8,0
2023-12-29 13:15:00,1.8723,1.87347,1.8721999999999999,1.87339,621,8,0
2023-12-29 13:20:00,1.87334,1.8734600000000001,1.8725800000000001,1.8734,656,8,0
2023-12-29 13:25:00,1.8734,1.8743400000000001,1.87332,1.87424,599,8,0
2023-12-29 13:30:00,1.87424,1.87473,1.8739,1.87436,576,8,0
2023-12-29 13:35:00,1.87439,1.87528,1.87417,1.8747,1006,8,0
2023-12-29 13:40:00,1.87469,1.8752,1.87439,1.87497,696,8,0
2023-12-29 13:45:00,1.8749799999999999,1.87542,1.8743699999999999,1.87439,675,8,0
2023-12-29 13:50:00,1.87439,1.87445,1.8739400000000002,1.87411,828,8,0
2023-12-29 13:55:00,1.87417,1.8751799999999998,1.8737599999999999,1.8751600000000002,676,8,0
2023-12-29 14:00:00,1.8751600000000002,1.87524,1.8743699999999999,1.87506,864,8,0
2023-12-29 14:05:00,1.87506,1.87531,1.87492,1.87521,627,8,0
2023-12-29 14:10:00,1.8752,1.87548,1.8743699999999999,1.8745500000000002,818,8,0
2023-12-29 14:15:00,1.8745500000000002,1.87456,1.87348,1.87412,669,8,0
2023-12-29 14:20:00,1.87412,1.8742,1.87331,1.87352,677,8,0
2023-12-29 14:25:00,1.87352,1.87385,1.8732199999999999,1.8734,714,8,0
2023-12-29 14:30:00,1.8734,1.87354,1.8720599999999998,1.8721100000000002,1309,8,0
2023-12-29 14:35:00,1.87212,1.87222,1.87002,1.8705,922,8,0
2023-12-29 14:40:00,1.8705,1.87062,1.8697,1.86974,494,8,0
2023-12-29 14:45:00,1.86974,1.8701699999999999,1.86875,1.86998,699,8,0
2023-12-29 14:50:00,1.86998,1.87052,1.8692,1.86939,969,8,0
2023-12-29 14:55:00,1.86939,1.8695300000000001,1.86819,1.8681999999999999,1232,8,0
2023-12-29 15:00:00,1.8681999999999999,1.86875,1.86714,1.86869,1172,8,0
2023-12-29 15:05:00,1.86869,1.86929,1.8684699999999999,1.86929,856,8,0
2023-12-29 15:10:00,1.8691900000000001,1.86927,1.8683800000000002,1.86894,905,8,0
2023-12-29 15:15:00,1.86896,1.86938,1.8688099999999999,1.86934,775,8,0
2023-12-29 15:20:00,1.86934,1.8697599999999999,1.8691900000000001,1.8693,619,8,0
2023-12-29 15:25:00,1.86929,1.86934,1.8681,1.8682699999999999,464,8,0
2023-12-29 15:30:00,1.8682699999999999,1.86883,1.86802,1.86855,1035,8,0
2023-12-29 15:35:00,1.86856,1.86909,1.8671,1.8672,993,8,0
2023-12-29 15:40:00,1.8672,1.8681,1.8665500000000002,1.8677700000000002,984,8,0
2023-12-29 15:45:00,1.8677700000000002,1.86992,1.86755,1.86911,1402,8,0
2023-12-29 15:50:00,1.86923,1.87029,1.8688,1.86895,1526,8,0
2023-12-29 15:55:00,1.86895,1.86898,1.86773,1.86818,2385,8,0
2023-12-29 16:00:00,1.8682400000000001,1.86889,1.86776,1.86818,2312,8,0
2023-12-29 16:05:00,1.86818,1.8684500000000002,1.86767,1.86771,1169,8,0
2023-12-29 16:10:00,1.86771,1.86904,1.86764,1.86894,1184,8,0
2023-12-29 16:15:00,1.86895,1.86905,1.86829,1.86889,1318,8,0
2023-12-29 16:20:00,1.86889,1.86918,1.86866,1.86871,788,8,0
2023-12-29 16:25:00,1.86871,1.86955,1.86812,1.86843,681,8,0
2023-12-29 16:30:00,1.86843,1.86857,1.86722,1.8673899999999999,793,8,0
2023-12-29 16:35:00,1.8673899999999999,1.8673899999999999,1.86677,1.86679,776,8,0
2023-12-29 16:40:00,1.86679,1.86694,1.86611,1.86622,809,8,0
2023-12-29 16:45:00,1.86622,1.86687,1.86609,1.86638,631,8,0
2023-12-29 16:50:00,1.86638,1.86706,1.8661699999999999,1.86631,965,8,0
2023-12-29 16:55:00,1.8662999999999998,1.86669,1.86582,1.86624,1007,8,0
2023-12-29 17:00:00,1.86624,1.86631,1.86545,1.86593,909,8,0
2023-12-29 17:05:00,1.86593,1.86651,1.8655300000000001,1.8656899999999998,831,8,0
2023-12-29 17:10:00,1.8657,1.8657,1.86449,1.8647200000000002,706,8,0
2023-12-29 17:15:00,1.8647200000000002,1.8662100000000001,1.86468,1.8654199999999999,737,8,0
2023-12-29 17:20:00,1.8654199999999999,1.8665500000000002,1.86528,1.86597,842,8,0
2023-12-29 17:25:00,1.86597,1.86631,1.86586,1.8662,450,8,0
2023-12-29 17:30:00,1.8662,1.86673,1.86618,1.86652,487,8,0
2023-12-29 17:35:00,1.86651,1.86717,1.86651,1.8670900000000001,447,8,0
2023-12-29 17:40:00,1.8670900000000001,1.86714,1.86656,1.8665699999999998,392,8,0
2023-12-29 17:45:00,1.8665699999999998,1.86667,1.86633,1.86658,357,8,0
2023-12-29 17:50:00,1.86659,1.8674,1.8664800000000001,1.8673,327,11,0
2023-12-29 17:55:00,1.8673,1.86735,1.86688,1.8670900000000001,685,8,0
2023-12-29 18:00:00,1.8670900000000001,1.86738,1.8666399999999999,1.8670900000000001,1285,8,0
2023-12-29 18:05:00,1.8670900000000001,1.86754,1.8668,1.86723,1146,8,0
2023-12-29 18:10:00,1.86721,1.86724,1.86676,1.86684,628,8,0
2023-12-29 18:15:00,1.86684,1.8671600000000002,1.8667099999999999,1.8669799999999999,447,12,0
2023-12-29 18:20:00,1.8669799999999999,1.86724,1.8667799999999999,1.86688,522,10,0
2023-12-29 18:25:00,1.86688,1.8673199999999999,1.8667799999999999,1.8672900000000001,481,10,0
2023-12-29 18:30:00,1.8672900000000001,1.8672900000000001,1.86674,1.8669799999999999,624,8,0
2023-12-29 18:35:00,1.8669799999999999,1.86735,1.86692,1.86712,642,8,0
2023-12-29 18:40:00,1.8671,1.86832,1.8671,1.86814,775,8,0
2023-12-29 18:45:00,1.86815,1.86856,1.8678599999999999,1.8682400000000001,679,8,0
2023-12-29 18:50:00,1.8682699999999999,1.86877,1.86802,1.86873,830,8,0
2023-12-29 18:55:00,1.86873,1.8693499999999998,1.8686,1.86894,651,8,0
2023-12-29 19:00:00,1.86896,1.8692600000000001,1.86868,1.86889,475,8,0
2023-12-29 19:05:00,1.8689,1.8690799999999999,1.86841,1.86856,354,8,0
2023-12-29 19:10:00,1.86856,1.86886,1.86844,1.8686,558,8,0
2023-12-29 19:15:00,1.8686,1.86951,1.8683100000000001,1.8694,511,8,0
2023-12-29 19:20:00,1.8694,1.86993,1.86924,1.8698299999999999,572,8,0
2023-12-29 19:25:00,1.86982,1.87018,1.8696700000000002,1.87001,641,8,0
2023-12-29 19:30:00,1.87001,1.87045,1.8697,1.86999,460,8,0
2023-12-29 19:35:00,1.86999,1.87008,1.86965,1.86991,403,8,0
2023-12-29 19:40:00,1.86991,1.87026,1.86945,1.8694600000000001,440,8,0
2023-12-29 19:45:00,1.8694600000000001,1.87074,1.86938,1.87072,429,8,0
2023-12-29 19:50:00,1.87072,1.87099,1.8706,1.87086,486,8,0
2023-12-29 19:55:00,1.87086,1.87086,1.87027,1.87045,802,8,0
2023-12-29 20:00:00,1.87051,1.8711799999999998,1.87042,1.87117,622,8,0
2023-12-29 20:05:00,1.87117,1.87122,1.87087,1.871,479,8,0
2023-12-29 20:10:00,1.871,1.87112,1.8705500000000002,1.87092,507,8,0
2023-12-29 20:15:00,1.8709099999999999,1.8711799999999998,1.8708200000000001,1.87093,517,8,0
2023-12-29 20:20:00,1.87093,1.87107,1.8705500000000002,1.87073,498,8,0
2023-12-29 20:25:00,1.87073,1.87081,1.8704399999999999,1.8705500000000002,423,8,0
2023-12-29 20:30:00,1.8705500000000002,1.87076,1.8704800000000001,1.87058,422,8,0
2023-12-29 20:35:00,1.87059,1.87059,1.87016,1.87046,302,8,0
2023-12-29 20:40:00,1.87046,1.87063,1.87011,1.87062,423,8,0
2023-12-29 20:45:00,1.87062,1.87072,1.8702100000000002,1.87042,453,8,0
2023-12-29 20:50:00,1.87042,1.87049,1.86991,1.8703400000000001,374,8,0
2023-12-29 20:55:00,1.8703400000000001,1.8705699999999998,1.8701400000000001,1.87042,669,8,0
2023-12-29 21:00:00,1.87042,1.8706399999999999,1.86991,1.87,300,8,0
2023-12-29 21:05:00,1.87,1.8702,1.8699,1.87019,192,8,0
2023-12-29 21:10:00,1.87019,1.87042,1.87006,1.87018,180,8,0
2023-12-29 21:15:00,1.87018,1.87025,1.86966,1.86975,155,11,0
2023-12-29 21:20:00,1.86975,1.86982,1.86943,1.86945,157,11,0
2023-12-29 21:25:00,1.86945,1.8699599999999998,1.86938,1.86974,238,8,0
2023-12-29 21:30:00,1.86974,1.8698700000000001,1.86964,1.8696899999999999,154,8,0
2023-12-29 21:35:00,1.8696899999999999,1.87015,1.8696899999999999,1.87012,117,17,0
2023-12-29 21:40:00,1.87012,1.8704399999999999,1.86972,1.8701400000000001,183,10,0
2023-12-29 21:45:00,1.87012,1.87029,1.8699599999999998,1.87018,244,8,0
2023-12-29 21:50:00,1.87018,1.8702100000000002,1.86941,1.8695300000000001,347,12,0
2024-01-01 22:05:00,1.8656000000000001,1.8656000000000001,1.86415,1.86453,9,382,0
2024-01-01 22:10:00,1.86453,1.86701,1.86367,1.8669799999999999,13,214,0
2024-01-01 22:15:00,1.8669799999999999,1.8669799999999999,1.86464,1.86509,25,190,0
2024-01-01 22:20:00,1.86509,1.86821,1.8650600000000002,1.8679299999999999,42,58,0
2024-01-01 22:25:00,1.8672,1.86807,1.86525,1.86795,26,63,0
2024-01-01 22:30:00,1.86754,1.8680400000000001,1.86634,1.86695,47,67,0
2024-01-01 22:35:00,1.86694,1.86857,1.86694,1.86857,12,68,0
2024-01-01 22:40:00,1.86822,1.86875,1.86822,1.86875,19,65,0
2024-01-01 22:45:00,1.86857,1.8694600000000001,1.86852,1.8694600000000001,27,53,0
2024-01-01 22:50:00,1.8694600000000001,1.8694600000000001,1.8689,1.86916,13,88,0
2024-01-01 22:55:00,1.8689,1.8701699999999999,1.86882,1.8695599999999999,92,63,0
2024-01-01 23:00:00,1.86978,1.86978,1.86875,1.8692600000000001,205,8,0
2024-01-01 23:05:00,1.86932,1.86951,1.86925,1.86934,105,8,0
2024-01-01 23:10:00,1.86932,1.86943,1.86894,1.86927,188,8,0
2024-01-01 23:15:00,1.86927,1.86927,1.86893,1.86896,205,8,0
2024-01-01 23:20:00,1.86896,1.8691200000000001,1.86844,1.8684699999999999,333,10,0
2024-01-01 23:25:00,1.8684699999999999,1.86902,1.86837,1.8689200000000001,342,8,0
2024-01-01 23:30:00,1.8689200000000001,1.86911,1.86882,1.86894,377,8,0
2024-01-01 23:35:00,1.86896,1.86898,1.8686099999999999,1.86868,280,8,0
2024-01-01 23:40:00,1.86868,1.86923,1.86863,1.86898,309,8,0
2024-01-01 23:45:00,1.869,1.86995,1.8689,1.8696899999999999,302,8,0
2024-01-01 23:50:00,1.8696899999999999,1.86988,1.86948,1.86961,235,8,0
2024-01-01 23:55:00,1.86961,1.86974,1.86887,1.86907,192,8,0
2024-01-02 00:00:00,1.86907,1.8690799999999999,1.86849,1.86869,341,8,0
2024-01-02 00:05:00,1.8686500000000001,1.86879,1.86822,1.8683100000000001,250,8,0
2024-01-02 00:10:00,1.8682699999999999,1.86841,1.86798,1.8683,364,8,0
2024-01-02 00:15:00,1.8683,1.86857,1.8681999999999999,1.86848,289,8,0
2024-01-02 00:20:00,1.86846,1.86867,1.86826,1.8685,329,8,0
2024-01-02 00:25:00,1.8685,1.86859,1.86822,1.86832,372,8,0
2024-01-02 00:30:00,1.86836,1.86864,1.86802,1.8681,402,8,0
2024-01-02 00:35:00,1.8681,1.8682699999999999,1.86788,1.86788,329,8,0
2024-01-02 00:40:00,1.86788,1.86795,1.86758,1.86762,279,8,0
2024-01-02 00:45:00,1.86762,1.86778,1.8673899999999999,1.86751,255,8,0
2024-01-02 00:50:00,1.86751,1.86776,1.86746,1.86764,340,8,0
2024-01-02 00:55:00,1.86765,1.86778,1.86748,1.86756,374,8,0
2024-01-02 01:00:00,1.86756,1.8678,1.8661400000000001,1.8662999999999998,817,8,0
2024-01-02 01:05:00,1.86632,1.8666800000000001,1.86601,1.86666,895,8,0
2024-01-02 01:10:00,1.8666399999999999,1.86699,1.86654,1.86659,666,8,0
2024-01-02 01:15:00,1.86659,1.86662,1.8658000000000001,1.86631,902,8,0
2024-01-02 01:20:00,1.86631,1.8667500000000001,1.8662,1.86624,709,8,0
2024-01-02 01:25:00,1.86626,1.86686,1.86625,1.86665,535,9,0
2024-01-02 01:30:00,1.86665,1.86782,1.8664399999999999,1.8671,1170,8,0
2024-01-02 01:35:00,1.8671,1.86818,1.86703,1.86802,1148,8,0
2024-01-02 01:40:00,1.86802,1.86803,1.86706,1.86706,841,8,0
2024-01-02 01:45:00,1.86706,1.8673899999999999,1.86666,1.86696,858,8,0
2024-01-02 01:50:00,1.86695,1.8672499999999999,1.86677,1.8670900000000001,573,8,0
2024-01-02 01:55:00,1.8670900000000001,1.86757,1.8670499999999999,1.8673,538,8,0
2024-01-02 02:00:00,1.8673,1.86812,1.8672499999999999,1.86785,599,8,0
2024-01-02 02:05:00,1.86784,1.86794,1.86737,1.86773,465,8,0
2024-01-02 02:10:00,1.86773,1.86818,1.8675199999999998,1.8681299999999998,239,8,0
2024-01-02 02:15:00,1.8681299999999998,1.86817,1.86747,1.86787,230,8,0
2024-01-02 02:20:00,1.86787,1.86852,1.86785,1.86808,296,8,0
2024-01-02 02:25:00,1.86808,1.86829,1.86801,1.8681999999999999,158,8,0
2024-01-02 02:30:00,1.8681999999999999,1.86961,1.8681999999999999,1.86936,598,8,0
2024-01-02 02:35:00,1.86937,1.86938,1.86807,1.86846,400,8,0
2024-01-02 02:40:00,1.86846,1.8686500000000001,1.86818,1.86853,282,8,0
2024-01-02 02:45:00,1.86853,1.86864,1.86819,1.86856,379,8,0
2024-01-02 02:50:00,1.86857,1.86878,1.86825,1.8683800000000002,482,8,0
2024-01-02 02:55:00,1.8683800000000002,1.8685399999999999,1.8679000000000001,1.8679299999999999,535,8,0
2024-01-02 03:00:00,1.8679299999999999,1.86848,1.86782,1.86836,518,8,0
2024-01-02 03:05:00,1.86835,1.86862,1.8681100000000002,1.86855,518,8,0
2024-01-02 03:10:00,1.86855,1.86855,1.86808,1.86833,316,8,0
2024-01-02 03:15:00,1.86837,1.86857,1.8681999999999999,1.8683800000000002,333,8,0
2024-01-02 03:20:00,1.8683800000000002,1.86844,1.86768,1.86768,355,9,0
2024-01-02 03:25:00,1.86768,1.86798,1.86761,1.86761,298,10,0
2024-01-02 03:30:00,1.86761,1.86762,1.86612,1.8661400000000001,333,8,0
2024-01-02 03:35:00,1.8661400000000001,1.8662100000000001,1.86575,1.86579,359,10,0
2024-01-02 03:40:00,1.86579,1.86589,1.86521,1.86537,285,8,0
2024-01-02 03:45:00,1.86537,1.86557,1.8652600000000001,1.8653300000000002,200,8,0
2024-01-02 03:50:00,1.8653300000000002,1.86604,1.8653300000000002,1.8656000000000001,137,8,0
2024-01-02 03:55:00,1.8656000000000001,1.86638,1.8654899999999999,1.86635,115,8,0
2024-01-02 04:00:00,1.86635,1.86649,1.8660299999999999,1.8660299999999999,119,8,0
2024-01-02 04:05:00,1.8660299999999999,1.8661400000000001,1.86571,1.86579,117,8,0
2024-01-02 04:10:00,1.86579,1.86579,1.86555,1.86568,145,8,0
2024-01-02 04:15:00,1.86568,1.86572,1.86539,1.8655599999999999,218,8,0
2024-01-02 04:20:00,1.8655599999999999,1.8655599999999999,1.8648500000000001,1.8649,241,8,0
2024-01-02 04:25:00,1.86489,1.86489,1.86439,1.8644699999999998,217,8,0
2024-01-02 04:30:00,1.86448,1.86457,1.8642400000000001,1.86457,265,10,0
2024-01-02 04:35:00,1.86457,1.8648099999999999,1.86428,1.86437,232,8,0
2024-01-02 04:40:00,1.86437,1.86478,1.86417,1.86471,189,8,0
2024-01-02 04:45:00,1.86468,1.8647399999999998,1.86448,1.86463,209,8,0
2024-01-02 04:50:00,1.86463,1.86467,1.86437,1.8644699999999998,289,8,0
2024-01-02 04:55:00,1.8644699999999998,1.8648,1.8643100000000001,1.86449,421,8,0
2024-01-02 05:00:00,1.86449,1.86464,1.86383,1.86383,447,8,0
2024-01-02 05:05:00,1.86383,1.8641299999999998,1.8637000000000001,1.8639999999999999,356,8,0
2024-01-02 05:10:00,1.8639999999999999,1.86421,1.8630200000000001,1.86311,398,8,0
2024-01-02 05:15:00,1.86311,1.86367,1.86311,1.86356,349,8,0
2024-01-02 05:20:00,1.86356,1.86421,1.86317,1.8632900000000001,358,8,0
2024-01-02 05:25:00,1.8632900000000001,1.86351,1.86299,1.86344,498,8,0
2024-01-02 05:30:00,1.86344,1.86367,1.86314,1.86326,500,8,0
2024-01-02 05:35:00,1.86327,1.86402,1.86327,1.8638599999999999,495,8,0
2024-01-02 05:40:00,1.8638599999999999,1.8638599999999999,1.8632300000000002,1.86334,455,8,0
2024-01-02 05:45:00,1.86334,1.86334,1.86246,1.86296,718,8,0
2024-01-02 05:50:00,1.86296,1.8640400000000001,1.8628900000000002,1.86402,631,8,0
2024-01-02 05:55:00,1.86403,1.86406,1.8622100000000001,1.86243,623,8,0
2024-01-02 06:00:00,1.86243,1.86314,1.8623699999999999,1.86314,580,8,0
2024-01-02 06:05:00,1.86314,1.86372,1.86314,1.8632900000000001,325,8,0
2024-01-02 06:10:00,1.8632900000000001,1.86342,1.8630499999999999,1.86338,368,10,0
2024-01-02 06:15:00,1.86338,1.8637000000000001,1.8633600000000001,1.86361,385,8,0
2024-01-02 06:20:00,1.86361,1.8638599999999999,1.86304,1.8633899999999999,473,8,0
2024-01-02 06:25:00,1.8633899999999999,1.86348,1.86297,1.8629799999999999,486,8,0
2024-01-02 06:30:00,1.86297,1.86335,1.86277,1.86331,542,8,0
2024-01-02 06:35:00,1.86331,1.8637899999999998,1.86324,1.86362,434,8,0
2024-01-02 06:40:00,1.86362,1.86374,1.86307,1.86307,402,8,0
2024-01-02 06:45:00,1.86307,1.86399,1.86299,1.86395,534,8,0
2024-01-02 06:50:00,1.86395,1.86456,1.86389,1.8643800000000001,494,8,0
2024-01-02 06:55:00,1.8643800000000001,1.86529,1.86432,1.8651,566,8,0
2024-01-02 07:00:00,1.8651200000000001,1.8662999999999998,1.8649900000000001,1.86601,596,8,0
2024-01-02 07:05:00,1.86601,1.86656,1.86544,1.86544,465,8,0
2024-01-02 07:10:00,1.86543,1.86585,1.86509,1.86539,581,8,0
2024-01-02 07:15:00,1.86539,1.8667099999999999,1.86539,1.86669,696,8,0
2024-01-02 07:20:00,1.8667,1.86676,1.8652,1.86547,608,8,0
2024-01-02 07:25:00,1.86547,1.86609,1.86543,1.8657599999999999,795,8,0
2024-01-02 07:30:00,1.8657599999999999,1.8659599999999998,1.86538,1.8658000000000001,794,8,0
2024-01-02 07:35:00,1.8658000000000001,1.86636,1.8656700000000002,1.8661400000000001,636,8,0
2024-01-02 07:40:00,1.8661400000000001,1.8663699999999999,1.86599,1.86613,626,8,0
2024-01-02 07:45:00,1.86613,1.8669,1.86605,1.86661,732,8,0
2024-01-02 07:50:00,1.86661,1.86706,1.8664100000000001,1.86672,678,8,0
2024-01-02 07:55:00,1.86672,1.86755,1.86665,1.86701,758,8,0
2024-01-02 08:00:00,1.86701,1.86706,1.8658700000000001,1.86592,1404,8,0
2024-01-02 08:05:00,1.86592,1.8674,1.86592,1.8673199999999999,1255,8,0
2024-01-02 08:10:00,1.86734,1.86762,1.8667500000000001,1.86685,986,8,0
2024-01-02 08:15:00,1.86684,1.8675899999999999,1.86609,1.8660999999999999,1316,8,0
2024-01-02 08:20:00,1.8660999999999999,1.86619,1.8656199999999998,1.8661699999999999,1054,8,0
2024-01-02 08:25:00,1.86619,1.8672,1.8658700000000001,1.86692,860,8,0
2024-01-02 08:30:00,1.86692,1.86737,1.86666,1.86699,1029,8,0
2024-01-02 08:35:00,1.86699,1.86789,1.86662,1.8666399999999999,891,8,0
2024-01-02 08:40:00,1.86665,1.8672,1.86654,1.8671799999999998,778,8,0
2024-01-02 08:45:00,1.8671799999999998,1.86815,1.867,1.86783,824,8,0
2024-01-02 08:50:00,1.86782,1.86884,1.86754,1.8688,1021,8,0
2024-01-02 08:55:00,1.8688,1.8689900000000002,1.8681299999999998,1.8681299999999998,565,8,0
2024-01-02 09:00:00,1.8681299999999998,1.86866,1.86746,1.86765,818,8,0
2024-01-02 09:05:00,1.86765,1.86806,1.8673600000000001,1.86773,874,8,0
2024-01-02 09:10:00,1.86773,1.86819,1.86726,1.8681,774,8,0
2024-01-02 09:15:00,1.8681,1.86835,1.8675199999999998,1.86816,898,8,0
2024-01-02 09:20:00,1.86816,1.86816,1.86728,1.86757,851,8,0
2024-01-02 09:25:00,1.86757,1.86761,1.86676,1.86694,603,8,0
2024-01-02 09:30:00,1.8668,1.86695,1.8650799999999998,1.86548,799,8,0
2024-01-02 09:35:00,1.86547,1.86558,1.86437,1.86443,782,8,0
2024-01-02 09:40:00,1.86443,1.8647399999999998,1.86365,1.86382,713,8,0
2024-01-02 09:45:00,1.86382,1.86441,1.8632900000000001,1.8642400000000001,809,8,0
2024-01-02 09:50:00,1.8642400000000001,1.86441,1.86388,1.86436,609,8,0
2024-01-02 09:55:00,1.8643800000000001,1.8644699999999998,1.8635899999999999,1.86433,699,8,0
2024-01-02 10:00:00,1.86433,1.86437,1.86347,1.86416,689,8,0
2024-01-02 10:05:00,1.86416,1.86496,1.86401,1.86473,687,8,0
2024-01-02 10:10:00,1.8647399999999998,1.86494,1.86421,1.86463,793,8,0
2024-01-02 10:15:00,1.86462,1.8657599999999999,1.86432,1.86516,822,8,0
2024-01-02 10:20:00,1.86514,1.8659400000000002,1.86509,1.8652600000000001,440,8,0
2024-01-02 10:25:00,1.86527,1.8659,1.86504,1.8653499999999998,647,8,0
2024-01-02 10:30:00,1.86534,1.86536,1.86473,1.8649,686,8,0
2024-01-02 10:35:00,1.8649,1.86529,1.8644500000000002,1.8644500000000002,371,8,0
2024-01-02 10:40:00,1.8644500000000002,1.8645800000000001,1.8631,1.86319,709,8,0
2024-01-02 10:45:00,1.86319,1.86346,1.86233,1.8624800000000001,762,8,0
2024-01-02 10:50:00,1.8624800000000001,1.8632900000000001,1.86233,1.86313,609,8,0
2024-01-02 10:55:00,1.86313,1.86313,1.86197,1.86239,824,8,0
2024-01-02 11:00:00,1.8624100000000001,1.8625,1.8612199999999999,1.86184,893,8,0
2024-01-02 11:05:00,1.8618999999999999,1.86204,1.86127,1.86137,738,8,0
2024-01-02 11:10:00,1.86137,1.8618000000000001,1.86083,1.86093,781,8,0
2024-01-02 11:15:00,1.86094,1.8620299999999999,1.86077,1.8617599999999999,939,8,0
2024-01-02 11:20:00,1.86178,1.8632,1.86154,1.86303,605,8,0
2024-01-02 11:25:00,1.86303,1.8637700000000001,1.86277,1.86301,469,8,0
2024-01-02 11:30:00,1.86301,1.86416,1.86297,1.86354,996,8,0
2024-01-02 11:35:00,1.86354,1.86375,1.86292,1.8632300000000002,959,8,0
2024-01-02 11:40:00,1.8632300000000002,1.86331,1.86202,1.86215,783,8,0
2024-01-02 11:45:00,1.86215,1.86236,1.86158,1.8617599999999999,980,8,0
2024-01-02 11:50:00,1.8617599999999999,1.86219,1.8614899999999999,1.86159,790,8,0
2024-01-02 11:55:00,1.8616000000000001,1.86213,1.86116,1.86205,994,8,0
2024-01-02 12:00:00,1.86205,1.8620999999999999,1.8613,1.86192,983,8,0
2024-01-02 12:05:00,1.86192,1.8622,1.86139,1.86175,832,8,0
2024-01-02 12:10:00,1.86175,1.8622100000000001,1.86123,1.86124,862,8,0
2024-01-02 12:15:00,1.8612600000000001,1.86303,1.8612600000000001,1.86301,874,8,0
2024-01-02 12:20:00,1.863,1.86371,1.86297,1.86334,736,8,0
2024-01-02 12:25:00,1.86334,1.8637000000000001,1.8631799999999998,1.86334,787,8,0
2024-01-02 12:30:00,1.86334,1.86374,1.86314,1.8631799999999998,789,8,0
2024-01-02 12:35:00,1.8631799999999998,1.8637899999999998,1.86252,1.8626800000000001,681,8,0
2024-01-02 12:40:00,1.8626800000000001,1.86347,1.8625500000000001,1.86333,777,8,0
2024-01-02 12:45:00,1.86333,1.8633899999999999,1.86259,1.8628900000000002,768,8,0
2024-01-02 12:50:00,1.8628900000000002,1.86358,1.8626200000000002,1.8626200000000002,696,8,0
2024-01-02 12:55:00,1.8626200000000002,1.86326,1.8622,1.86326,931,8,0
2024-01-02 13:00:00,1.86326,1.86415,1.86326,1.86395,1153,8,0
2024-01-02 13:05:00,1.86395,1.86398,1.86328,1.86365,640,8,0
2024-01-02 13:10:00,1.8636599999999999,1.8642400000000001,1.86351,1.86395,709,8,0
2024-01-02 13:15:00,1.86395,1.86423,1.86338,1.86338,677,8,0
2024-01-02 13:20:00,1.86338,1.8633899999999999,1.86253,1.86306,735,8,0
2024-01-02 13:25:00,1.86306,1.86324,1.86277,1.8630200000000001,661,8,0
2024-01-02 13:30:00,1.86301,1.8631600000000001,1.86259,1.8626800000000001,763,8,0
2024-01-02 13:35:00,1.8627799999999999,1.86284,1.86166,1.86182,765,8,0
2024-01-02 13:40:00,1.86182,1.8624399999999999,1.8614899999999999,1.8616000000000001,916,8,0
2024-01-02 13:45:00,1.86161,1.8624,1.86152,1.86234,735,8,0
2024-01-02 13:50:00,1.86234,1.8626200000000002,1.86144,1.8625,1012,8,0
2024-01-02 13:55:00,1.86249,1.8633199999999999,1.86249,1.8627500000000001,848,8,0
2024-01-02 14:00:00,1.86277,1.86313,1.86231,1.86239,1130,8,0
2024-01-02 14:05:00,1.86239,1.86267,1.86175,1.86263,823,8,0
2024-01-02 14:10:00,1.86263,1.86314,1.86188,1.8627799999999999,792,8,0
2024-01-02 14:15:00,1.8627799999999999,1.8627799999999999,1.8618299999999999,1.86218,794,8,0
2024-01-02 14:20:00,1.86218,1.86338,1.862,1.86303,1000,8,0
2024-01-02 14:25:00,1.86303,1.86327,1.86247,1.8631799999999998,824,8,0
2024-01-02 14:30:00,1.8631600000000001,1.8639299999999999,1.8628,1.86285,1321,8,0
2024-01-02 14:35:00,1.8628200000000001,1.8644500000000002,1.86276,1.86433,1484,8,0
2024-01-02 14:40:00,1.86433,1.8647,1.8634,1.86436,1476,8,0
2024-01-02 14:45:00,1.86435,1.86436,1.86296,1.86341,1847,8,0
2024-01-02 14:50:00,1.86341,1.8636300000000001,1.8620299999999999,1.86215,1629,8,0
2024-01-02 14:55:00,1.86211,1.86234,1.86067,1.86069,1411,8,0
2024-01-02 15:00:00,1.86071,1.86111,1.86049,1.8608099999999999,1758,8,0
2024-01-02 15:05:00,1.8608099999999999,1.86236,1.8606,1.86163,1710,8,0
2024-01-02 15:10:00,1.86163,1.86218,1.86132,1.86202,1558,8,0
2024-01-02 15:15:00,1.86204,1.86276,1.8613499999999998,1.86265,1660,8,0
2024-01-02 15:20:00,1.86265,1.8635000000000002,1.8625,1.8632499999999999,1170,8,0
2024-01-02 15:25:00,1.8632499999999999,1.86418,1.86319,1.8637299999999999,1513,8,0
2024-01-02 15:30:00,1.86374,1.86459,1.8635899999999999,1.86455,1644,8,0
2024-01-02 15:35:00,1.86453,1.86613,1.86414,1.86554,1611,8,0
2024-01-02 15:40:00,1.86555,1.86598,1.86476,1.86523,1748,8,0
2024-01-02 15:45:00,1.8652199999999999,1.86592,1.86471,1.86521,1510,8,0
2024-01-02 15:50:00,1.86521,1.86525,1.86416,1.865,1193,8,0
2024-01-02 15:55:00,1.865,1.8658299999999999,1.86463,1.86538,1302,8,0
2024-01-02 16:00:00,1.86538,1.8654,1.86372,1.86391,1200,8,0
2024-01-02 16:05:00,1.86391,1.8642699999999999,1.8634300000000001,1.86354,1338,8,0
2024-01-02 16:10:00,1.86354,1.8642400000000001,1.8632900000000001,1.86403,1263,8,0
2024-01-02 16:15:00,1.86402,1.86466,1.86342,1.86459,1309,8,0
2024-01-02 16:20:00,1.8646,1.86467,1.86375,1.86405,985,8,0
2024-01-02 16:25:00,1.86405,1.86449,1.86382,1.8643399999999999,823,8,0
2024-01-02 16:30:00,1.8643100000000001,1.8651200000000001,1.86412,1.86491,777,8,0
2024-01-02 16:35:00,1.8649200000000001,1.86537,1.86482,1.86487,905,8,0
2024-01-02 16:40:00,1.86487,1.8651499999999999,1.8643800000000001,1.86487,672,8,0
2024-01-02 16:45:00,1.86487,1.86497,1.86421,1.86437,696,8,0
2024-01-02 16:50:00,1.86437,1.86516,1.86419,1.8650799999999998,800,8,0
2024-01-02 16:55:00,1.86507,1.8657599999999999,1.86486,1.86538,800,8,0
2024-01-02 17:00:00,1.8654,1.8657599999999999,1.86534,1.8654199999999999,736,8,0
2024-01-02 17:05:00,1.8654199999999999,1.86554,1.86487,1.86487,573,8,0
2024-01-02 17:10:00,1.86487,1.86496,1.8643800000000001,1.86462,751,8,0
2024-01-02 17:15:00,1.8646099999999999,1.8650600000000002,1.86453,1.86464,858,8,0
2024-01-02 17:20:00,1.8646500000000001,1.865,1.8645399999999999,1.86489,1033,8,0
2024-01-02 17:25:00,1.86489,1.86503,1.8643800000000001,1.8645100000000001,674,8,0
2024-01-02 17:30:00,1.8645100000000001,1.86486,1.86435,1.86441,711,8,0
2024-01-02 17:35:00,1.86442,1.86471,1.86428,1.8645399999999999,610,8,0
2024-01-02 17:40:00,1.8645399999999999,1.86479,1.86429,1.8646,604,8,0
2024-01-02 17:45:00,1.8646099999999999,1.8651900000000001,1.8646,1.8650799999999998,732,8,0
2024-01-02 17:50:00,1.8650799999999998,1.8652,1.8649200000000001,1.86509,867,8,0
2024-01-02 17:55:00,1.86509,1.86525,1.86473,1.86509,632,8,0
2024-01-02 18:00:00,1.86509,1.86543,1.865,1.86518,682,8,0
2024-01-02 18:05:00,1.86518,1.86609,1.86513,1.86599,499,8,0
2024-01-02 18:10:00,1.86599,1.86605,1.8655,1.8657,569,8,0
2024-01-02 18:15:00,1.8657,1.86589,1.8655,1.86565,644,8,0
2024-01-02 18:20:00,1.86564,1.8658700000000001,1.8655,1.86565,657,8,0
2024-01-02 18:25:00,1.86565,1.8660700000000001,1.86557,1.8660299999999999,566,8,0
2024-01-02 18:30:00,1.8660299999999999,1.8662800000000002,1.86592,1.86606,431,8,0
2024-01-02 18:35:00,1.86606,1.86627,1.86601,1.86613,566,8,0
2024-01-02 18:40:00,1.8661400000000001,1.86632,1.866,1.86626,475,8,0
2024-01-02 18:45:00,1.86626,1.86672,1.86619,1.86654,653,8,0
2024-01-02 18:50:00,1.8665500000000002,1.86683,1.86633,1.8665699999999998,652,8,0
2024-01-02 18:55:00,1.8665699999999998,1.8668200000000001,1.86627,1.86642,671,8,0
2024-01-02 19:00:00,1.8664399999999999,1.86647,1.8659599999999998,1.86615,478,8,0
2024-01-02 19:05:00,1.86615,1.8665,1.86598,1.86636,440,8,0
2024-01-02 19:10:00,1.86636,1.86645,1.86611,1.8663699999999999,395,8,0
2024-01-02 19:15:00,1.8663699999999999,1.8666399999999999,1.86633,1.86658,510,8,0
2024-01-02 19:20:00,1.86659,1.86672,1.86643,1.8666,412,8,0
2024-01-02 19:25:00,1.86661,1.86697,1.86636,1.8664,515,8,0
2024-01-02 19:30:00,1.8664,1.8665500000000002,1.8660299999999999,1.86605,496,8,0
2024-01-02 19:35:00,1.86605,1.86649,1.86598,1.8662800000000002,398,8,0
2024-01-02 19:40:00,1.8662800000000002,1.8665,1.86613,1.86633,375,8,0
2024-01-02 19:45:00,1.86633,1.86665,1.8662100000000001,1.8664800000000001,613,8,0
2024-01-02 19:50:00,1.86647,1.86669,1.86633,1.86658,436,8,0
2024-01-02 19:55:00,1.86658,1.8667500000000001,1.86629,1.8665699999999998,591,8,0
2024-01-02 20:00:00,1.86659,1.86722,1.86653,1.86714,525,8,0
2024-01-02 20:05:00,1.86714,1.86733,1.8669799999999999,1.86707,412,8,0
2024-01-02 20:10:00,1.86707,1.86722,1.86692,1.8672,303,8,0
2024-01-02 20:15:00,1.8672,1.8673899999999999,1.86676,1.8668,549,8,0
2024-01-02 20:20:00,1.8668,1.8672,1.86667,1.86707,344,8,0
2024-01-02 20:25:00,1.86707,1.86721,1.8668900000000002,1.86706,394,8,0
2024-01-02 20:30:00,1.8670499999999999,1.86768,1.86695,1.86768,660,8,0
2024-01-02 20:35:00,1.86768,1.8678,1.86755,1.86774,485,8,0
2024-01-02 20:40:00,1.86774,1.86781,1.8673,1.8673,485,8,0
2024-01-02 20:45:00,1.8673,1.86762,1.86726,1.8673899999999999,426,8,0
2024-01-02 20:50:00,1.8673899999999999,1.86744,1.8670499999999999,1.86727,871,8,0
2024-01-02 20:55:00,1.86727,1.86727,1.86681,1.86701,956,8,0
2024-01-02 21:00:00,1.8670200000000001,1.86735,1.86686,1.8673199999999999,586,8,0
2024-01-02 21:05:00,1.8673199999999999,1.86742,1.86696,1.86696,211,8,0
2024-01-02 21:10:00,1.86696,1.86714,1.8668,1.86714,253,8,0
2024-01-02 21:15:00,1.86714,1.86727,1.86692,1.86692,234,8,0
2024-01-02 21:20:00,1.8669099999999998,1.86707,1.86679,1.8669,270,8,0
2024-01-02 21:25:00,1.8669,1.8670200000000001,1.86673,1.86683,219,8,0
2024-01-02 21:30:00,1.86683,1.86699,1.86667,1.86669,140,8,0
2024-01-02 21:35:00,1.86669,1.8667799999999999,1.8665699999999998,1.8667099999999999,114,8,0
2024-01-02 21:40:00,1.8667099999999999,1.8667500000000001,1.86651,1.8666800000000001,165,8,0
2024-01-02 21:45:00,1.8666800000000001,1.86684,1.86656,1.86665,217,8,0
2024-01-02 21:50:00,1.86667,1.8667,1.86645,1.86647,120,10,0
2024-01-02 21:55:00,1.86646,1.8666399999999999,1.8643800000000001,1.86545,170,8,0
2024-01-02 22:00:00,1.86544,1.86544,1.8625099999999999,1.86281,11,151,0
2024-01-02 22:05:00,1.86281,1.8631,1.8624,1.8626800000000001,18,416,0
2024-01-02 22:10:00,1.863,1.86399,1.863,1.86389,179,268,0
2024-01-02 22:15:00,1.86389,1.8659,1.8632499999999999,1.8659,65,66,0
2024-01-02 22:20:00,1.8659,1.86634,1.8659,1.86591,19,93,0
2024-01-02 22:25:00,1.86599,1.86672,1.86561,1.8664,50,71,0
2024-01-02 22:30:00,1.8664,1.86653,1.8662100000000001,1.8662100000000001,33,50,0
2024-01-02 22:35:00,1.8662100000000001,1.8666,1.8640400000000001,1.86622,73,8,0
2024-01-02 22:40:00,1.86622,1.86658,1.86616,1.86627,28,33,0
2024-01-02 22:45:00,1.8662800000000002,1.8662800000000002,1.86578,1.8658000000000001,116,22,0
2024-01-02 22:50:00,1.8658000000000001,1.8658000000000001,1.86482,1.8649200000000001,51,20,0
2024-01-02 22:55:00,1.8649200000000001,1.86557,1.8649200000000001,1.8655300000000001,55,34,0
2024-01-02 23:00:00,1.8655300000000001,1.86581,1.86523,1.86531,72,8,0
2024-01-02 23:05:00,1.86531,1.86544,1.8652,1.86525,61,18,0
2024-01-02 23:10:00,1.86525,1.86558,1.86523,1.86538,116,13,0
2024-01-02 23:15:00,1.86538,1.8656899999999998,1.86538,1.86552,93,8,0
2024-01-02 23:20:00,1.86552,1.86558,1.86536,1.86551,115,14,0
2024-01-02 23:25:00,1.86551,1.86561,1.8653300000000002,1.8655300000000001,161,8,0
2024-01-02 23:30:00,1.86554,1.86581,1.8654899999999999,1.86559,319,8,0
2024-01-02 23:35:00,1.86559,1.86574,1.8654899999999999,1.86565,227,8,0
2024-01-02 23:40:00,1.86566,1.86592,1.86552,1.86561,282,8,0
2024-01-02 23:45:00,1.86561,1.86579,1.86548,1.86551,239,8,0
2024-01-02 23:50:00,1.86551,1.8658000000000001,1.8654600000000001,1.8658000000000001,218,8,0
2024-01-02 23:55:00,1.8658000000000001,1.86586,1.86538,1.86539,295,8,0
2024-01-03 00:00:00,1.86539,1.86545,1.86516,1.86534,452,8,0
2024-01-03 00:05:00,1.86534,1.86599,1.86525,1.86592,360,8,0
2024-01-03 00:10:00,1.86591,1.86606,1.86581,1.86581,264,8,0
2024-01-03 00:15:00,1.86581,1.8659,1.86566,1.8656700000000002,313,8,0
2024-01-03 00:20:00,1.8656700000000002,1.86579,1.86507,1.86517,436,8,0
2024-01-03 00:25:00,1.86517,1.8655300000000001,1.8651499999999999,1.86536,402,8,0
2024-01-03 00:30:00,1.86536,1.86591,1.86536,1.86584,442,8,0
2024-01-03 00:35:00,1.86585,1.86635,1.86552,1.86632,332,8,0
2024-01-03 00:40:00,1.86632,1.8665699999999998,1.86606,1.86643,438,8,0
2024-01-03 00:45:00,1.8664399999999999,1.8667799999999999,1.86642,1.86673,413,8,0
2024-01-03 00:50:00,1.86673,1.86738,1.86669,1.8672900000000001,385,8,0
2024-01-03 00:55:00,1.8672900000000001,1.86764,1.86703,1.8673600000000001,470,8,0
2024-01-03 01:00:00,1.86735,1.86746,1.86688,1.86722,717,8,0
2024-01-03 01:05:00,1.86724,1.86749,1.86715,1.86735,591,8,0
2024-01-03 01:10:00,1.86735,1.86776,1.8673199999999999,1.86765,588,8,0
2024-01-03 01:15:00,1.86764,1.86903,1.8676300000000001,1.86875,1354,8,0
2024-01-03 01:20:00,1.86876,1.86954,1.86849,1.8692199999999999,714,8,0
2024-01-03 01:25:00,1.86928,1.87004,1.86829,1.86943,1205,8,0
2024-01-03 01:30:00,1.8694199999999999,1.8695300000000001,1.86735,1.8675000000000002,1109,8,0
2024-01-03 01:35:00,1.8675000000000002,1.86784,1.86704,1.86758,767,8,0
2024-01-03 01:40:00,1.86758,1.86864,1.86742,1.8682699999999999,645,8,0
2024-01-03 01:45:00,1.8682400000000001,1.8683800000000002,1.86768,1.86791,575,8,0
2024-01-03 01:50:00,1.86791,1.86859,1.86781,1.86825,581,8,0
2024-01-03 01:55:00,1.8682699999999999,1.8694199999999999,1.8682699999999999,1.86913,680,8,0
2024-01-03 02:00:00,1.86913,1.87004,1.8691,1.86938,665,8,0
2024-01-03 02:05:00,1.86938,1.87001,1.8691900000000001,1.86989,668,8,0
2024-01-03 02:10:00,1.8699,1.87018,1.86963,1.86964,498,8,0
2024-01-03 02:15:00,1.86963,1.87038,1.86963,1.87024,473,8,0
2024-01-03 02:20:00,1.87024,1.87036,1.86995,1.8700999999999999,400,8,0
2024-01-03 02:25:00,1.87011,1.8704100000000001,1.86984,1.87031,476,8,0
2024-01-03 02:30:00,1.87031,1.87051,1.86961,1.8696199999999998,563,8,0
2024-01-03 02:35:00,1.8696199999999998,1.8696700000000002,1.86914,1.86939,410,8,0
2024-01-03 02:40:00,1.8694,1.86959,1.86923,1.86938,456,8,0
2024-01-03 02:45:00,1.86938,1.86958,1.8691,1.86929,417,8,0
2024-01-03 02:50:00,1.8693,1.8695599999999999,1.86924,1.8695300000000001,379,8,0
2024-01-03 02:55:00,1.86954,1.87004,1.8694199999999999,1.86943,501,9,0
2024-01-03 03:00:00,1.86943,1.86951,1.86873,1.86882,443,8,0
2024-01-03 03:05:00,1.86882,1.86965,1.86868,1.86944,514,8,0
2024-01-03 03:10:00,1.86943,1.86993,1.86938,1.86977,542,8,0
2024-01-03 03:15:00,1.86977,1.87019,1.86966,1.8699,497,8,0
2024-01-03 03:20:00,1.8699,1.8699,1.8691,1.8692600000000001,473,8,0
2024-01-03 03:25:00,1.86928,1.8694,1.86894,1.86902,367,8,0
2024-01-03 03:30:00,1.86902,1.86952,1.869,1.8694600000000001,445,8,0
2024-01-03 03:35:00,1.8694600000000001,1.86998,1.8694,1.8695300000000001,593,8,0
2024-01-03 03:40:00,1.8695300000000001,1.86978,1.86947,1.86963,466,8,0
2024-01-03 03:45:00,1.86963,1.86975,1.86896,1.8691,506,8,0
2024-01-03 03:50:00,1.86911,1.8694,1.86802,1.86834,619,8,0
2024-01-03 03:55:00,1.86843,1.86862,1.8679299999999999,1.86812,900,8,0
2024-01-03 04:00:00,1.86812,1.86818,1.8675000000000002,1.8679700000000001,525,8,0
2024-01-03 04:05:00,1.8679700000000001,1.8687399999999998,1.8679700000000001,1.86841,334,8,0
2024-01-03 04:10:00,1.86841,1.86856,1.86794,1.86795,348,8,0
2024-01-03 04:15:00,1.86795,1.8681,1.86747,1.86748,429,8,0
2024-01-03 04:20:00,1.86748,1.8678599999999999,1.8673899999999999,1.86762,511,8,0
2024-01-03 04:25:00,1.86762,1.8681999999999999,1.86749,1.86814,414,8,0
2024-01-03 04:30:00,1.86814,1.86846,1.86808,1.8683800000000002,293,8,0
2024-01-03 04:35:00,1.8683800000000002,1.86844,1.86822,1.8683100000000001,233,8,0
2024-01-03 04:40:00,1.8683100000000001,1.8688,1.86825,1.86878,298,8,0
2024-01-03 04:45:00,1.86878,1.86909,1.86855,1.86889,296,8,0
2024-01-03 04:50:00,1.86886,1.86902,1.86866,1.8688500000000001,305,8,0
2024-01-03 04:55:00,1.8688500000000001,1.86931,1.86868,1.86914,271,8,0
2024-01-03 05:00:00,1.86914,1.86941,1.86914,1.86938,415,8,0
2024-01-03 05:05:00,1.86938,1.8694199999999999,1.86878,1.86895,296,8,0
2024-01-03 05:10:00,1.86895,1.8692199999999999,1.8689,1.86921,402,8,0
2024-01-03 05:15:00,1.86921,1.8693499999999998,1.86896,1.8690799999999999,304,8,0
2024-01-03 05:20:00,1.8690799999999999,1.8692600000000001,1.86841,1.86841,365,8,0
2024-01-03 05:25:00,1.86841,1.86841,1.8676,1.86783,372,8,0
2024-01-03 05:30:00,1.86783,1.8678599999999999,1.867,1.8671600000000002,582,8,0
2024-01-03 05:35:00,1.86717,1.86722,1.86666,1.8667500000000001,419,8,0
2024-01-03 05:40:00,1.86674,1.86774,1.86673,1.86753,330,9,0
2024-01-03 05:45:00,1.86753,1.86771,1.86735,1.86742,449,8,0
2024-01-03 05:50:00,1.86742,1.8674300000000001,1.8671799999999998,1.8674,424,8,0
2024-01-03 05:55:00,1.8674,1.8674,1.86693,1.8672,421,8,0
2024-01-03 06:00:00,1.86721,1.8673600000000001,1.86697,1.8670499999999999,443,9,0
2024-01-03 06:05:00,1.8670499999999999,1.86781,1.86677,1.8678,411,8,0
2024-01-03 06:10:00,1.8678,1.86801,1.86738,1.86799,416,8,0
2024-01-03 06:15:00,1.86799,1.8680400000000001,1.86768,1.86776,384,8,0
2024-01-03 06:20:00,1.86776,1.8681100000000002,1.86775,1.86787,367,9,0
2024-01-03 06:25:00,1.86787,1.86787,1.86681,1.8674300000000001,599,8,0
2024-01-03 06:30:00,1.8674300000000001,1.86816,1.86735,1.86815,465,8,0
2024-01-03 06:35:00,1.86814,1.86862,1.86808,1.86843,414,8,0
2024-01-03 06:40:00,1.86841,1.86864,1.86837,1.86856,338,8,0
2024-01-03 06:45:00,1.86862,1.86893,1.86856,1.8687200000000002,318,8,0
2024-01-03 06:50:00,1.8687200000000002,1.8688099999999999,1.86828,1.86873,351,8,0
2024-01-03 06:55:00,1.86873,1.86891,1.86863,1.8686500000000001,333,8,0
2024-01-03 07:00:00,1.86864,1.86864,1.8675000000000002,1.86817,764,8,0
2024-01-03 07:05:00,1.86819,1.86867,1.8679700000000001,1.86825,526,8,0
2024-01-03 07:10:00,1.86825,1.8690099999999998,1.86789,1.86895,417,8,0
2024-01-03 07:15:00,1.8689200000000001,1.86918,1.86836,1.86879,650,8,0
2024-01-03 07:20:00,1.86879,1.8688,1.86809,1.86818,400,8,0
2024-01-03 07:25:00,1.86818,1.86889,1.86794,1.86878,275,8,0
2024-01-03 07:30:00,1.86878,1.8693499999999998,1.86856,1.86866,602,8,0
2024-01-03 07:35:00,1.86866,1.869,1.86796,1.8685,793,8,0
2024-01-03 07:40:00,1.8685,1.86918,1.86819,1.86844,511,8,0
2024-01-03 07:45:00,1.86844,1.86932,1.86834,1.86914,455,8,0
2024-01-03 07:50:00,1.86914,1.87058,1.86905,1.86995,589,8,0
2024-01-03 07:55:00,1.86995,1.87121,1.86972,1.87101,1027,8,0
2024-01-03 08:00:00,1.87101,1.87107,1.87032,1.87096,996,8,0
2024-01-03 08:05:00,1.87096,1.87099,1.87013,1.8706,766,8,0
2024-01-03 08:10:00,1.8705699999999998,1.87184,1.87056,1.87175,608,8,0
2024-01-03 08:15:00,1.8718,1.8728,1.87172,1.87203,827,8,0
2024-01-03 08:20:00,1.87205,1.87304,1.8716300000000001,1.8726,746,8,0
2024-01-03 08:25:00,1.8726,1.87293,1.8721700000000001,1.87249,765,8,0
2024-01-03 08:30:00,1.87249,1.87297,1.87237,1.8725399999999999,727,8,0
2024-01-03 08:35:00,1.8725399999999999,1.8725399999999999,1.87162,1.87168,809,8,0
2024-01-03 08:40:00,1.87168,1.87182,1.87056,1.87096,881,8,0
2024-01-03 08:45:00,1.87096,1.87168,1.8706800000000001,1.87146,714,8,0
2024-01-03 08:50:00,1.87146,1.87188,1.87106,1.87161,531,8,0
2024-01-03 08:55:00,1.8716300000000001,1.8716300000000001,1.87096,1.87112,498,8,0
2024-01-03 09:00:00,1.87112,1.8721999999999999,1.87111,1.87218,735,8,0
2024-01-03 09:05:00,1.87218,1.87245,1.87168,1.87192,592,8,0
2024-01-03 09:10:00,1.87192,1.87196,1.87066,1.87121,692,8,0
2024-01-03 09:15:00,1.87121,1.8719999999999999,1.87112,1.8717899999999998,919,8,0
2024-01-03 09:20:00,1.8717899999999998,1.87198,1.87083,1.8710900000000001,803,8,0
2024-01-03 09:25:00,1.8711,1.8711600000000002,1.86993,1.8700700000000001,866,8,0
2024-01-03 09:30:00,1.87009,1.87169,1.87002,1.8716300000000001,512,8,0
2024-01-03 09:35:00,1.8716300000000001,1.87173,1.87122,1.8716599999999999,575,8,0
2024-01-03 09:40:00,1.8716599999999999,1.8726099999999999,1.87146,1.87256,371,8,0
2024-01-03 09:45:00,1.8725800000000001,1.87307,1.87216,1.87218,766,8,0
2024-01-03 09:50:00,1.87218,1.87218,1.87077,1.87115,916,8,0
2024-01-03 09:55:00,1.87115,1.87121,1.8704,1.87096,731,8,0
2024-01-03 10:00:00,1.87097,1.87123,1.87063,1.87112,771,8,0
2024-01-03 10:05:00,1.87111,1.87191,1.87094,1.87189,492,8,0
2024-01-03 10:10:00,1.87187,1.87218,1.87158,1.8720599999999998,528,8,0
2024-01-03 10:15:00,1.8720599999999998,1.87287,1.87185,1.8723800000000002,538,8,0
2024-01-03 10:20:00,1.8723800000000002,1.8724699999999999,1.87199,1.87225,714,8,0
2024-01-03 10:25:00,1.87225,1.87242,1.8719299999999999,1.8720400000000001,464,8,0
2024-01-03 10:30:00,1.8720400000000001,1.8726,1.87171,1.87245,489,8,0
2024-01-03 10:35:00,1.87245,1.8725399999999999,1.87167,1.87168,494,8,0
2024-01-03 10:40:00,1.8717000000000001,1.87196,1.87122,1.8712499999999999,395,8,0
2024-01-03 10:45:00,1.87126,1.8716300000000001,1.87101,1.87104,362,8,0
2024-01-03 10:50:00,1.87104,1.87124,1.87024,1.87059,445,8,0
2024-01-03 10:55:00,1.87059,1.8727399999999998,1.87052,1.87266,586,8,0
2024-01-03 11:00:00,1.87266,1.87408,1.8725,1.8740700000000001,706,8,0
2024-01-03 11:05:00,1.87412,1.87416,1.87283,1.87382,695,8,0
2024-01-03 11:10:00,1.87382,1.87451,1.8736199999999998,1.8738299999999999,652,8,0
2024-01-03 11:15:00,1.8738299999999999,1.87427,1.87361,1.87409,506,8,0
2024-01-03 11:20:00,1.87409,1.87478,1.87404,1.87424,600,8,0
2024-01-03 11:25:00,1.87424,1.87526,1.8742,1.87511,366,8,0
2024-01-03 11:30:00,1.87511,1.8752499999999999,1.8747500000000001,1.87522,669,8,0
2024-01-03 11:35:00,1.87522,1.87595,1.87487,1.8755899999999999,599,8,0
2024-01-03 11:40:00,1.8755899999999999,1.8757700000000002,1.87465,1.87466,729,8,0
2024-01-03 11:45:00,1.87466,1.8749500000000001,1.87424,1.8747099999999999,629,8,0
2024-01-03 11:50:00,1.87473,1.87668,1.8746800000000001,1.87646,573,8,0
2024-01-03 11:55:00,1.87646,1.8767399999999999,1.87601,1.8763100000000001,543,8,0
2024-01-03 12:00:00,1.8763100000000001,1.87656,1.87585,1.8764699999999999,583,8,0
2024-01-03 12:05:00,1.8764699999999999,1.87724,1.87641,1.8770799999999999,618,8,0
2024-01-03 12:10:00,1.8770799999999999,1.87721,1.8761,1.8761700000000001,481,8,0
2024-01-03 12:15:00,1.87618,1.87636,1.87564,1.87626,682,8,0
2024-01-03 12:20:00,1.87625,1.87713,1.8759299999999999,1.8760400000000002,829,8,0
2024-01-03 12:25:00,1.8760400000000002,1.87643,1.87572,1.8758,650,8,0
2024-01-03 12:30:00,1.8758,1.8760599999999998,1.8755199999999999,1.8756599999999999,716,8,0
2024-01-03 12:35:00,1.8756599999999999,1.8759299999999999,1.8753600000000001,1.87572,707,8,0
2024-01-03 12:40:00,1.87572,1.87612,1.8755,1.8761100000000002,816,8,0
2024-01-03 12:45:00,1.8761,1.8763800000000002,1.87578,1.87623,592,8,0
2024-01-03 12:50:00,1.87622,1.8765399999999999,1.87581,1.8761,756,8,0
2024-01-03 12:55:00,1.8761,1.8770099999999998,1.87585,1.87661,919,8,0
2024-01-03 13:00:00,1.87662,1.8777300000000001,1.8765800000000001,1.87767,982,8,0
2024-01-03 13:05:00,1.87767,1.87805,1.8773300000000002,1.87743,1126,8,0
2024-01-03 13:10:00,1.87744,1.87774,1.87718,1.87741,880,8,0
2024-01-03 13:15:00,1.87741,1.8784100000000001,1.8772600000000002,1.87785,710,8,0
2024-01-03 13:20:00,1.87785,1.87829,1.87768,1.87779,996,8,0
2024-01-03 13:25:00,1.87779,1.87863,1.87738,1.8785500000000002,1226,8,0
2024-01-03 13:30:00,1.87854,1.8793600000000001,1.8782,1.8787099999999999,1153,8,0
2024-01-03 13:35:00,1.8787099999999999,1.87892,1.87829,1.87876,699,8,0
2024-01-03 13:40:00,1.87876,1.87951,1.8786,1.87949,1010,8,0
2024-01-03 13:45:00,1.8795,1.88001,1.87924,1.87994,1192,8,0
2024-01-03 13:50:00,1.87994,1.88018,1.8794300000000002,1.87967,919,8,0
2024-01-03 13:55:00,1.87967,1.88086,1.8794499999999998,1.88084,1234,8,0
2024-01-03 14:00:00,1.88084,1.88084,1.88,1.88043,922,8,0
2024-01-03 14:05:00,1.88043,1.8809200000000001,1.87981,1.88049,1349,8,0
2024-01-03 14:10:00,1.88049,1.88056,1.87988,1.88035,1231,8,0
2024-01-03 14:15:00,1.88035,1.8806699999999998,1.87951,1.88009,990,8,0
2024-01-03 14:20:00,1.88009,1.8808,1.87967,1.8806500000000002,966,8,0
2024-01-03 14:25:00,1.8806500000000002,1.88167,1.88063,1.8814600000000001,868,8,0
2024-01-03 14:30:00,1.8814600000000001,1.88239,1.88093,1.8823400000000001,1548,8,0
2024-01-03 14:35:00,1.88233,1.8824800000000002,1.88129,1.88158,1646,8,0
2024-01-03 14:40:00,1.88159,1.88172,1.88086,1.8817,1302,8,0
2024-01-03 14:45:00,1.8816899999999999,1.88235,1.88113,1.8811900000000001,1333,8,0
2024-01-03 14:50:00,1.8811900000000001,1.88124,1.87906,1.87908,1499,8,0
2024-01-03 14:55:00,1.8790900000000001,1.8805100000000001,1.8788399999999998,1.87953,1420,8,0
2024-01-03 15:00:00,1.87964,1.8809399999999998,1.87801,1.87802,2471,8,0
2024-01-03 15:05:00,1.87793,1.87955,1.87705,1.87951,2168,8,0
2024-01-03 15:10:00,1.87951,1.88144,1.87928,1.88138,1949,8,0
2024-01-03 15:15:00,1.88138,1.88202,1.8812799999999998,1.8817,1654,8,0
2024-01-03 15:20:00,1.8817,1.883,1.8816899999999999,1.8827099999999999,1704,8,0
2024-01-03 15:25:00,1.8827099999999999,1.8829099999999999,1.8816000000000002,1.88216,1735,8,0
2024-01-03 15:30:00,1.88219,1.88293,1.88181,1.8826100000000001,1933,8,0
2024-01-03 15:35:00,1.8826,1.88269,1.88192,1.8822100000000002,1718,8,0
2024-01-03 15:40:00,1.88224,1.88258,1.8815,1.88156,1307,8,0
2024-01-03 15:45:00,1.88156,1.88292,1.8814199999999999,1.88283,1344,8,0
2024-01-03 15:50:00,1.8828200000000002,1.88303,1.88082,1.88204,1838,8,0
2024-01-03 15:55:00,1.88201,1.88243,1.8812600000000002,1.8813,1642,8,0
2024-01-03 16:00:00,1.8813499999999999,1.8818000000000001,1.88066,1.8812600000000002,1844,8,0
2024-01-03 16:05:00,1.88122,1.88154,1.8806500000000002,1.8814899999999999,1438,8,0
2024-01-03 16:10:00,1.88147,1.88206,1.88121,1.88148,1422,8,0
2024-01-03 16:15:00,1.8814899999999999,1.88232,1.8814,1.88171,1308,8,0
2024-01-03 16:20:00,1.88171,1.88178,1.88053,1.8805399999999999,1228,8,0
2024-01-03 16:25:00,1.88061,1.88096,1.8801999999999999,1.88093,1048,8,0
2024-01-03 16:30:00,1.8809399999999998,1.88098,1.88053,1.88075,1112,8,0
2024-01-03 16:35:00,1.88077,1.881,1.88046,1.88087,1222,8,0
2024-01-03 16:40:00,1.88087,1.88095,1.8803299999999998,1.88063,1096,8,0
2024-01-03 16:45:00,1.8805800000000001,1.8808799999999999,1.88036,1.8803800000000002,792,8,0
2024-01-03 16:50:00,1.8803800000000002,1.88129,1.88037,1.8812600000000002,818,8,0
2024-01-03 16:55:00,1.8812600000000002,1.88154,1.8809399999999998,1.88122,773,8,0
2024-01-03 17:00:00,1.88122,1.8813499999999999,1.88075,1.88102,760,8,0
2024-01-03 17:05:00,1.88102,1.88185,1.88102,1.88181,596,8,0
2024-01-03 17:10:00,1.88181,1.88229,1.88167,1.8820000000000001,905,8,0
2024-01-03 17:15:00,1.8820000000000001,1.88204,1.8816199999999998,1.8818000000000001,639,8,0
2024-01-03 17:20:00,1.8818000000000001,1.88227,1.8813,1.8813499999999999,628,8,0
2024-01-03 17:25:00,1.8813499999999999,1.88188,1.8812799999999998,1.8816000000000002,658,8,0
2024-01-03 17:30:00,1.88161,1.88179,1.88138,1.8814899999999999,642,8,0
2024-01-03 17:35:00,1.8814899999999999,1.8814899999999999,1.88113,1.8814199999999999,373,8,0
2024-01-03 17:40:00,1.8814199999999999,1.88181,1.88131,1.88175,541,8,0
2024-01-03 17:45:00,1.88174,1.8818700000000002,1.88148,1.88174,568,8,0
2024-01-03 17:50:00,1.88174,1.88227,1.88166,1.8822299999999998,536,8,0
2024-01-03 17:55:00,1.8822299999999998,1.88226,1.8812600000000002,1.88159,663,8,0
2024-01-03 18:00:00,1.88159,1.88161,1.88042,1.88076,935,8,0
2024-01-03 18:05:00,1.88073,1.8814899999999999,1.88063,1.8814899999999999,534,8,0
2024-01-03 18:10:00,1.88147,1.88171,1.88114,1.88166,584,8,0
2024-01-03 18:15:00,1.88166,1.88166,1.88114,1.88129,479,8,0
2024-01-03 18:20:00,1.88129,1.88136,1.88083,1.88124,621,8,0
2024-01-03 18:25:00,1.88121,1.88152,1.8809200000000001,1.88125,601,8,0
2024-01-03 18:30:00,1.88125,1.8818899999999998,1.88116,1.88179,488,8,0
2024-01-03 18:35:00,1.88178,1.88182,1.8811499999999999,1.88123,526,8,0
2024-01-03 18:40:00,1.88123,1.88144,1.881,1.88129,373,8,0
2024-01-03 18:45:00,1.88129,1.88144,1.88109,1.88141,448,8,0
2024-01-03 18:50:00,1.88141,1.88192,1.8813499999999999,1.88182,530,8,0
2024-01-03 18:55:00,1.88182,1.8822999999999999,1.8814600000000001,1.8814600000000001,552,8,0
2024-01-03 19:00:00,1.88137,1.88349,1.88029,1.88294,1945,8,0
2024-01-03 19:05:00,1.88299,1.88347,1.88269,1.8832499999999999,2113,8,0
2024-01-03 19:10:00,1.8832499999999999,1.88477,1.8832499999999999,1.88421,1770,8,0
2024-01-03 19:15:00,1.88421,1.8845800000000001,1.88358,1.8840599999999998,1455,8,0
2024-01-03 19:20:00,1.8840599999999998,1.8844400000000001,1.88351,1.8836,1284,8,0
2024-01-03 19:25:00,1.8836,1.88369,1.88191,1.88197,1548,8,0
2024-01-03 19:30:00,1.88208,1.88222,1.88097,1.8813499999999999,1443,8,0
2024-01-03 19:35:00,1.88134,1.88229,1.88125,1.88188,1129,8,0
2024-01-03 19:40:00,1.88188,1.8820700000000001,1.88093,1.88102,1132,8,0
2024-01-03 19:45:00,1.88102,1.88191,1.88076,1.88184,991,8,0
2024-01-03 19:50:00,1.88184,1.8824999999999998,1.88182,1.88192,1058,8,0
2024-01-03 19:55:00,1.88192,1.88225,1.88163,1.88181,1058,8,0
2024-01-03 20:00:00,1.8818000000000001,1.88256,1.88177,1.88246,1069,8,0
2024-01-03 20:05:00,1.8824800000000002,1.8826,1.88217,1.88222,929,8,0
2024-01-03 20:10:00,1.8822,1.8828399999999998,1.88213,1.8827099999999999,937,8,0
2024-01-03 20:15:00,1.88272,1.88286,1.88198,1.88226,870,8,0
2024-01-03 20:20:00,1.88226,1.88254,1.88202,1.88218,957,8,0
2024-01-03 20:25:00,1.88218,1.88285,1.88216,1.88267,755,8,0
2024-01-03 20:30:00,1.88267,1.88287,1.8823400000000001,1.88253,831,8,0
2024-01-03 20:35:00,1.88255,1.88262,1.88208,1.88235,760,8,0
2024-01-03 20:40:00,1.8823400000000001,1.88252,1.88208,1.88231,777,8,0
2024-01-03 20:45:00,1.88231,1.8826399999999999,1.8820299999999999,1.8826100000000001,782,8,0
2024-01-03 20:50:00,1.8826100000000001,1.88327,1.88252,1.88296,902,8,0
2024-01-03 20:55:00,1.8829500000000001,1.8832,1.88265,1.8829099999999999,828,8,0
2024-01-03 21:00:00,1.8829099999999999,1.8832,1.88288,1.8831099999999998,509,8,0
2024-01-03 21:05:00,1.8831099999999998,1.88313,1.8827099999999999,1.88281,301,8,0
2024-01-03 21:10:00,1.8828200000000002,1.88299,1.8827,1.88277,320,8,0
2024-01-03 21:15:00,1.88278,1.88292,1.88219,1.88254,309,8,0
2024-01-03 21:20:00,1.88254,1.8826,1.88204,1.88222,223,8,0
2024-01-03 21:25:00,1.88222,1.88232,1.88192,1.88198,167,8,0
2024-01-03 21:30:00,1.88198,1.88243,1.88194,1.88226,185,8,0
2024-01-03 21:35:00,1.88226,1.88239,1.8820700000000001,1.88218,141,8,0
2024-01-03 21:40:00,1.88218,1.88238,1.8818000000000001,1.88185,262,8,0
2024-01-03 21:45:00,1.88186,1.88186,1.8813,1.88138,200,8,0
2024-01-03 21:50:00,1.88138,1.8814600000000001,1.8812600000000002,1.8814199999999999,161,8,0
2024-01-03 21:55:00,1.8814199999999999,1.8814600000000001,1.87991,1.88045,275,8,0
2024-01-03 22:00:00,1.8801700000000001,1.8831799999999999,1.8795199999999999,1.8827500000000001,72,142,0
2024-01-03 22:05:00,1.8827500000000001,1.8827500000000001,1.88147,1.8824999999999998,65,97,0
2024-01-03 22:10:00,1.8824999999999998,1.88262,1.88144,1.8815,51,137,0
2024-01-03 22:15:00,1.8815,1.88159,1.87964,1.8811900000000001,92,47,0
2024-01-03 22:20:00,1.8811900000000001,1.8822299999999998,1.8810799999999999,1.88171,45,59,0
2024-01-03 22:25:00,1.88171,1.8819,1.8814,1.88147,25,110,0
2024-01-03 22:30:00,1.88147,1.88233,1.88147,1.8822,12,58,0
2024-01-03 22:35:00,1.8822,1.8822,1.8819599999999999,1.88197,10,37,0
2024-01-03 22:40:00,1.88197,1.8820299999999999,1.88192,1.8820299999999999,9,41,0
2024-01-03 22:45:00,1.8820299999999999,1.8820700000000001,1.88195,1.8820000000000001,25,34,0
2024-01-03 22:50:00,1.8820000000000001,1.8820000000000001,1.8813499999999999,1.8818000000000001,63,29,0
2024-01-03 22:55:00,1.8818000000000001,1.88195,1.88095,1.88147,165,29,0
2024-01-03 23:00:00,1.88154,1.88181,1.88125,1.88164,127,8,0
2024-01-03 23:05:00,1.8817,1.88202,1.8817,1.88199,188,8,0
2024-01-03 23:10:00,1.88199,1.88249,1.88171,1.88199,239,8,0
2024-01-03 23:15:00,1.88198,1.88218,1.8816000000000002,1.88201,421,8,0
2024-01-03 23:20:00,1.8820299999999999,1.88243,1.88202,1.88229,157,8,0
2024-01-03 23:25:00,1.88229,1.88233,1.88185,1.8818899999999998,348,8,0
2024-01-03 23:30:00,1.8818899999999998,1.8821400000000001,1.88121,1.88171,380,8,0
2024-01-03 23:35:00,1.88171,1.88197,1.8815499999999998,1.88165,288,8,0
2024-01-03 23:40:00,1.88165,1.88188,1.88147,1.8817,241,8,0
2024-01-03 23:45:00,1.8817,1.88183,1.88148,1.88151,253,8,0
2024-01-03 23:50:00,1.88151,1.8818000000000001,1.88141,1.8818000000000001,242,8,0
2024-01-03 23:55:00,1.8818000000000001,1.88193,1.88172,1.88177,217,8,0
2024-01-04 00:00:00,1.88178,1.8821400000000001,1.8815,1.88213,479,8,0
2024-01-04 00:05:00,1.88213,1.88251,1.88185,1.8824800000000002,491,8,0
2024-01-04 00:10:00,1.8824800000000002,1.88249,1.88194,1.8819599999999999,393,8,0
2024-01-04 00:15:00,1.8819599999999999,1.8820000000000001,1.88133,1.88171,429,8,0
2024-01-04 00:20:00,1.88171,1.88192,1.88157,1.88183,379,8,0
2024-01-04 00:25:00,1.88183,1.88193,1.88158,1.88186,275,8,0
2024-01-04 00:30:00,1.88186,1.8818700000000002,1.88137,1.8814899999999999,264,8,0
2024-01-04 00:35:00,1.8814899999999999,1.88202,1.88133,1.8819,314,8,0
2024-01-04 00:40:00,1.8819,1.8821400000000001,1.88182,1.88185,426,8,0
2024-01-04 00:45:00,1.88185,1.88238,1.8816899999999999,1.88232,509,8,0
2024-01-04 00:50:00,1.88232,1.8828,1.8822299999999998,1.8826800000000001,535,8,0
2024-01-04 00:55:00,1.88265,1.88278,1.88238,1.88245,537,8,0
2024-01-04 01:00:00,1.88245,1.8829,1.88235,1.88289,583,8,0
2024-01-04 01:05:00,1.88289,1.8829799999999999,1.8823699999999999,1.8826100000000001,513,8,0
2024-01-04 01:10:00,1.8826100000000001,1.88262,1.8822,1.88249,442,8,0
2024-01-04 01:15:00,1.88249,1.88274,1.8817300000000001,1.88194,695,8,0
2024-01-04 01:20:00,1.88198,1.88244,1.88181,1.88231,539,8,0
2024-01-04 01:25:00,1.8822999999999999,1.8829799999999999,1.88219,1.8829,654,8,0
2024-01-04 01:30:00,1.8829,1.88317,1.8824,1.88263,812,8,0
2024-01-04 01:35:00,1.88263,1.88278,1.88212,1.88212,634,8,0
2024-01-04 01:40:00,1.88212,1.883,1.88209,1.8828,574,8,0
2024-01-04 01:45:00,1.8828,1.8828,1.88191,1.88238,784,8,0
2024-01-04 01:50:00,1.88238,1.88247,1.8810799999999999,1.8811,662,8,0
2024-01-04 01:55:00,1.88109,1.88161,1.88077,1.88138,605,8,0
2024-01-04 02:00:00,1.88138,1.88158,1.88111,1.8813900000000001,576,8,0
2024-01-04 02:05:00,1.8813900000000001,1.88198,1.88133,1.8815499999999998,528,8,0
2024-01-04 02:10:00,1.8815499999999998,1.88179,1.88145,1.88154,567,8,0
2024-01-04 02:15:00,1.88154,1.8822100000000002,1.88145,1.88199,467,8,0
2024-01-04 02:20:00,1.88199,1.88328,1.8818700000000002,1.8832200000000001,564,8,0
2024-01-04 02:25:00,1.8832200000000001,1.8832200000000001,1.8816899999999999,1.8820999999999999,640,8,0
2024-01-04 02:30:00,1.8820999999999999,1.88292,1.8820999999999999,1.8827500000000001,546,8,0
2024-01-04 02:35:00,1.8827500000000001,1.8828200000000002,1.88249,1.88256,425,8,0
2024-01-04 02:40:00,1.88255,1.88273,1.88233,1.88262,401,8,0
2024-01-04 02:45:00,1.88262,1.88288,1.88224,1.88232,552,8,0
2024-01-04 02:50:00,1.88232,1.88238,1.88145,1.88148,446,8,0
2024-01-04 02:55:00,1.88148,1.88157,1.88121,1.88138,526,8,0
2024-01-04 03:00:00,1.88138,1.88174,1.8813,1.88132,546,8,0
2024-01-04 03:05:00,1.88134,1.8814600000000001,1.88106,1.88137,336,8,0
2024-01-04 03:10:00,1.88137,1.88145,1.88104,1.8813,323,8,0
2024-01-04 03:15:00,1.8813,1.8814899999999999,1.88059,1.8806,466,8,0
2024-01-04 03:20:00,1.8805800000000001,1.88082,1.88032,1.88049,342,8,0
2024-01-04 03:25:00,1.88049,1.8806500000000002,1.87941,1.8795,445,8,0
2024-01-04 03:30:00,1.8795,1.8795899999999999,1.87843,1.87894,800,8,0
2024-01-04 03:35:00,1.87894,1.8792900000000001,1.87828,1.8792200000000001,657,8,0
2024-01-04 03:40:00,1.8792200000000001,1.8798300000000001,1.8792200000000001,1.8797199999999998,516,8,0
2024-01-04 03:45:00,1.8797199999999998,1.88022,1.8797199999999998,1.8800599999999998,388,8,0
2024-01-04 03:50:00,1.88007,1.88036,1.87981,1.88036,350,8,0
2024-01-04 03:55:00,1.88036,1.8808799999999999,1.88035,1.8806,357,8,0
2024-01-04 04:00:00,1.88059,1.8808500000000001,1.88048,1.88077,380,8,0
2024-01-04 04:05:00,1.88077,1.8807800000000001,1.88043,1.8806500000000002,414,8,0
2024-01-04 04:10:00,1.88063,1.88093,1.88055,1.88086,353,8,0
2024-01-04 04:15:00,1.88086,1.8809399999999998,1.88039,1.88073,326,8,0
2024-01-04 04:20:00,1.88073,1.88114,1.88062,1.88114,463,8,0
2024-01-04 04:25:00,1.88114,1.88132,1.88079,1.8810099999999998,273,8,0
2024-01-04 04:30:00,1.8810099999999998,1.88104,1.8806500000000002,1.88087,305,8,0
2024-01-04 04:35:00,1.88087,1.88109,1.8803999999999998,1.88043,247,8,0
2024-01-04 04:40:00,1.88043,1.88043,1.8798,1.8801,401,8,0
2024-01-04 04:45:00,1.8801,1.88056,1.88002,1.8803,476,8,0
2024-01-04 04:50:00,1.8803,1.8803100000000001,1.8798599999999999,1.87995,359,8,0
2024-01-04 04:55:00,1.87995,1.88019,1.87961,1.87996,546,8,0
2024-01-04 05:00:00,1.87996,1.8808099999999999,1.87996,1.8807399999999999,653,8,0
2024-01-04 05:05:00,1.8807399999999999,1.88084,1.8803100000000001,1.88041,562,8,0
2024-01-04 05:10:00,1.88041,1.88062,1.87975,1.8797899999999998,480,8,0
2024-01-04 05:15:00,1.8797899999999998,1.88002,1.8791799999999999,1.87995,583,8,0
2024-01-04 05:20:00,1.87995,1.88009,1.87928,1.87934,475,8,0
2024-01-04 05:25:00,1.87934,1.87937,1.8788200000000002,1.8790900000000001,555,8,0
2024-01-04 05:30:00,1.8790900000000001,1.8797199999999998,1.8790900000000001,1.87958,490,8,0
2024-01-04 05:35:00,1.87958,1.88009,1.87928,1.87939,687,8,0
2024-01-04 05:40:00,1.87939,1.87939,1.87893,1.87928,455,8,0
2024-01-04 05:45:00,1.87928,1.87961,1.87924,1.8795199999999999,455,8,0
2024-01-04 05:50:00,1.8795199999999999,1.87965,1.87903,1.87906,642,8,0
2024-01-04 05:55:00,1.87906,1.8792900000000001,1.87872,1.87919,566,8,0
2024-01-04 06:00:00,1.87919,1.8793,1.87865,1.87901,657,8,0
2024-01-04 06:05:00,1.8790200000000001,1.87926,1.87866,1.87894,510,8,0
2024-01-04 06:10:00,1.87893,1.87917,1.8787500000000001,1.87881,385,8,0
2024-01-04 06:15:00,1.87881,1.8792499999999999,1.87872,1.8792200000000001,396,8,0
2024-01-04 06:20:00,1.8792200000000001,1.8792200000000001,1.87847,1.8786,408,8,0
2024-01-04 06:25:00,1.8786,1.87872,1.87831,1.87842,432,8,0
2024-01-04 06:30:00,1.8784100000000001,1.8785699999999999,1.8779400000000002,1.8782,940,8,0
2024-01-04 06:35:00,1.8782,1.87829,1.8773,1.8775,601,8,0
2024-01-04 06:40:00,1.8775,1.87792,1.87745,1.87777,448,8,0
2024-01-04 06:45:00,1.87777,1.87801,1.8774600000000001,1.8777599999999999,450,8,0
2024-01-04 06:50:00,1.8777599999999999,1.87785,1.8771200000000001,1.87747,568,8,0
2024-01-04 06:55:00,1.87747,1.87766,1.87695,1.87754,644,8,0
2024-01-04 07:00:00,1.8775300000000001,1.87771,1.8768500000000001,1.87711,923,8,0
2024-01-04 07:05:00,1.8771,1.87744,1.87648,1.8767,875,8,0
2024-01-04 07:10:00,1.8767,1.87714,1.87662,1.87693,781,8,0
2024-01-04 07:15:00,1.87693,1.87763,1.87671,1.87763,682,8,0
2024-01-04 07:20:00,1.87763,1.87778,1.87721,1.87744,540,8,0
2024-01-04 07:25:00,1.87744,1.87767,1.8770799999999999,1.8775,573,8,0
2024-01-04 07:30:00,1.8775,1.87802,1.87731,1.87736,887,8,0
2024-01-04 07:35:00,1.87736,1.87779,1.87696,1.87717,828,8,0
2024-01-04 07:40:00,1.87718,1.87804,1.87716,1.87756,812,8,0
2024-01-04 07:45:00,1.87756,1.8778899999999998,1.87727,1.87766,781,8,0
2024-01-04 07:50:00,1.87766,1.87833,1.87756,1.87833,721,8,0
2024-01-04 07:55:00,1.87833,1.87962,1.8782100000000002,1.87938,969,8,0
2024-01-04 08:00:00,1.87931,1.87947,1.8776199999999998,1.8779599999999999,1363,8,0
2024-01-04 08:05:00,1.8779599999999999,1.87906,1.87788,1.87872,995,8,0
2024-01-04 08:10:00,1.87872,1.87938,1.87831,1.8786399999999999,916,8,0
2024-01-04 08:15:00,1.87865,1.87976,1.87842,1.87924,1000,8,0
2024-01-04 08:20:00,1.87923,1.8807,1.87917,1.8805800000000001,947,8,0
2024-01-04 08:25:00,1.8805800000000001,1.88122,1.88026,1.88066,871,8,0
2024-01-04 08:30:00,1.88066,1.88134,1.8803999999999998,1.88105,886,8,0
2024-01-04 08:35:00,1.88106,1.88132,1.88083,1.88132,808,8,0
2024-01-04 08:40:00,1.88133,1.8816000000000002,1.8805800000000001,1.8808799999999999,893,8,0
2024-01-04 08:45:00,1.8808500000000001,1.88205,1.88076,1.8816199999999998,1105,8,0
2024-01-04 08:50:00,1.8816199999999998,1.8825699999999999,1.88152,1.88249,875,8,0
2024-01-04 08:55:00,1.88249,1.88317,1.8814899999999999,1.88168,1176,8,0
2024-01-04 09:00:00,1.88168,1.88228,1.88159,1.8822100000000002,1181,8,0
2024-01-04 09:05:00,1.8822100000000002,1.8834300000000002,1.88217,1.88274,874,8,0
2024-01-04 09:10:00,1.8827500000000001,1.8829,1.88178,1.8823699999999999,728,8,0
2024-01-04 09:15:00,1.8823699999999999,1.88288,1.88213,1.8823400000000001,878,8,0
2024-01-04 09:20:00,1.8823400000000001,1.8825699999999999,1.88168,1.88181,972,8,0
2024-01-04 09:25:00,1.88181,1.8824800000000002,1.88178,1.88206,863,8,0
2024-01-04 09:30:00,1.88206,1.883,1.88206,1.88299,832,8,0
2024-01-04 09:35:00,1.88299,1.8835199999999999,1.8826100000000001,1.88342,773,8,0
2024-01-04 09:40:00,1.88344,1.8845800000000001,1.88307,1.88449,724,8,0
2024-01-04 09:45:00,1.88449,1.88533,1.88422,1.88533,854,8,0
2024-01-04 09:50:00,1.88533,1.88649,1.88533,1.88601,988,8,0
2024-01-04 09:55:00,1.88601,1.88665,1.88536,1.8864100000000001,841,8,0
2024-01-04 10:00:00,1.8864100000000001,1.8886699999999998,1.8862100000000002,1.88866,1013,8,0
2024-01-04 10:05:00,1.88866,1.88877,1.88735,1.88741,744,8,0
2024-01-04 10:10:00,1.88741,1.88741,1.8863699999999999,1.8870200000000001,741,8,0
2024-01-04 10:15:00,1.8870200000000001,1.8870900000000002,1.88658,1.887,681,8,0
2024-01-04 10:20:00,1.887,1.8874300000000002,1.88655,1.88739,608,8,0
2024-01-04 10:25:00,1.8874,1.8883299999999998,1.8874,1.88765,800,8,0
2024-01-04 10:30:00,1.88766,1.88782,1.88715,1.88726,820,8,0
2024-01-04 10:35:00,1.88726,1.88778,1.8869,1.88774,562,8,0
2024-01-04 10:40:00,1.88773,1.88789,1.88712,1.8872,737,8,0
2024-01-04 10:45:00,1.8872200000000001,1.88778,1.8870200000000001,1.88751,559,8,0
2024-01-04 10:50:00,1.88751,1.88768,1.8872200000000001,1.8872200000000001,735,8,0
2024-01-04 10:55:00,1.8872,1.8873,1.88647,1.88655,707,8,0
2024-01-04 11:00:00,1.88655,1.88679,1.88552,1.88552,564,8,0
2024-01-04 11:05:00,1.88552,1.8860000000000001,1.88536,1.88567,539,8,0
2024-01-04 11:10:00,1.88567,1.88604,1.8854600000000001,1.8854600000000001,425,8,0
2024-01-04 11:15:00,1.8854600000000001,1.88556,1.88498,1.88541,579,8,0
2024-01-04 11:20:00,1.8854,1.88605,1.88513,1.88598,468,8,0
2024-01-04 11:25:00,1.88598,1.88619,1.88545,1.88597,590,8,0
2024-01-04 11:30:00,1.88597,1.88605,1.8853900000000001,1.8856899999999999,415,8,0
2024-01-04 11:35:00,1.8856899999999999,1.8864999999999998,1.8856600000000001,1.88625,527,8,0
2024-01-04 11:40:00,1.88625,1.88721,1.88618,1.8871799999999999,396,8,0
2024-01-04 11:45:00,1.88716,1.88746,1.8860299999999999,1.88608,351,8,0
2024-01-04 11:50:00,1.88608,1.8868399999999999,1.88594,1.88597,532,8,0
2024-01-04 11:55:00,1.8860000000000001,1.88638,1.8855300000000002,1.88595,777,8,0
2024-01-04 12:00:00,1.88595,1.88681,1.8858000000000001,1.8866800000000001,852,8,0
2024-01-04 12:05:00,1.8866800000000001,1.88674,1.8857,1.88608,696,8,0
2024-01-04 12:10:00,1.88608,1.88667,1.88599,1.8861599999999998,390,8,0
2024-01-04 12:15:00,1.8861599999999998,1.88638,1.88601,1.8860999999999999,444,8,0
2024-01-04 12:20:00,1.8860999999999999,1.88628,1.88584,1.88597,408,8,0
2024-01-04 12:25:00,1.88597,1.88608,1.8853900000000001,1.88604,553,8,0
2024-01-04 12:30:00,1.88604,1.88667,1.88594,1.88617,536,8,0
2024-01-04 12:35:00,1.88617,1.8867099999999999,1.88611,1.8864800000000002,555,8,0
2024-01-04 12:40:00,1.8864800000000002,1.8867,1.8862299999999999,1.88633,604,8,0
2024-01-04 12:45:00,1.88633,1.88655,1.88586,1.88599,567,8,0
2024-01-04 12:50:00,1.88599,1.88693,1.88599,1.8866399999999999,446,8,0
2024-01-04 12:55:00,1.88665,1.88775,1.88665,1.88754,671,8,0
2024-01-04 13:00:00,1.8875199999999999,1.8879899999999998,1.88737,1.88767,672,8,0
2024-01-04 13:05:00,1.88766,1.8877899999999999,1.8867500000000001,1.88676,828,8,0
2024-01-04 13:10:00,1.88676,1.88744,1.8862,1.88628,765,8,0
2024-01-04 13:15:00,1.88626,1.8879000000000001,1.88561,1.88788,1373,8,0
2024-01-04 13:20:00,1.88789,1.88846,1.88769,1.88805,1294,8,0
2024-01-04 13:25:00,1.88805,1.88852,1.88707,1.88715,823,8,0
2024-01-04 13:30:00,1.88713,1.8883,1.8871,1.88798,1627,8,0
2024-01-04 13:35:00,1.88798,1.88873,1.88789,1.8882400000000001,1387,8,0
2024-01-04 13:40:00,1.8882400000000001,1.88871,1.88821,1.8885,1311,8,0
2024-01-04 13:45:00,1.88849,1.8889399999999998,1.88801,1.88888,1176,8,0
2024-01-04 13:50:00,1.88888,1.88893,1.88822,1.88843,1098,8,0
2024-01-04 13:55:00,1.88843,1.8885,1.88777,1.8878599999999999,938,8,0
2024-01-04 14:00:00,1.8878599999999999,1.88888,1.88767,1.88832,994,8,0
2024-01-04 14:05:00,1.88832,1.8888099999999999,1.8878599999999999,1.88843,1241,8,0
2024-01-04 14:10:00,1.88843,1.8885,1.88795,1.88819,989,8,0
2024-01-04 14:15:00,1.88819,1.88823,1.88754,1.88796,888,8,0
2024-01-04 14:20:00,1.8879700000000001,1.88838,1.8877899999999999,1.88836,876,8,0
2024-01-04 14:25:00,1.88836,1.8892099999999998,1.88832,1.88906,963,8,0
2024-01-04 14:30:00,1.88906,1.8897,1.88888,1.88963,1406,8,0
2024-01-04 14:35:00,1.88963,1.8902700000000001,1.88911,1.89021,1268,8,0
2024-01-04 14:40:00,1.89022,1.89121,1.89019,1.89099,1298,8,0
2024-01-04 14:45:00,1.89099,1.89191,1.89099,1.89181,1630,8,0
2024-01-04 14:50:00,1.8918,1.89264,1.89132,1.89255,1571,8,0
2024-01-04 14:55:00,1.89256,1.8927800000000001,1.89174,1.89202,1314,8,0
2024-01-04 15:00:00,1.89202,1.89234,1.89142,1.89182,1584,8,0
2024-01-04 15:05:00,1.89182,1.89268,1.8916300000000001,1.89177,1366,8,0
2024-01-04 15:10:00,1.89177,1.89214,1.89116,1.89205,1352,8,0
2024-01-04 15:15:00,1.89207,1.8922400000000001,1.89144,1.89214,1238,8,0
2024-01-04 15:20:00,1.89214,1.89272,1.8920599999999999,1.89218,1022,8,0
2024-01-04 15:25:00,1.89218,1.8928,1.89193,1.89218,1326,8,0
2024-01-04 15:30:00,1.89214,1.8927100000000001,1.8918,1.89255,1141,8,0
2024-01-04 15:35:00,1.89255,1.8928500000000001,1.8921000000000001,1.89223,1257,8,0
2024-01-04 15:40:00,1.89223,1.8922400000000001,1.89153,1.89202,933,8,0
2024-01-04 15:45:00,1.89202,1.89287,1.89161,1.89182,990,8,0
2024-01-04 15:50:00,1.89182,1.89289,1.89169,1.89255,1149,8,0
2024-01-04 15:55:00,1.89255,1.89276,1.89222,1.89243,1185,8,0
2024-01-04 16:00:00,1.89241,1.8925800000000002,1.89192,1.89228,1265,8,0
2024-01-04 16:05:00,1.89228,1.8926500000000002,1.89185,1.8919899999999998,931,8,0
2024-01-04 16:10:00,1.89198,1.892,1.89083,1.8912200000000001,929,8,0
2024-01-04 16:15:00,1.89121,1.8917000000000002,1.89094,1.89161,990,8,0
2024-01-04 16:20:00,1.89161,1.8919700000000002,1.8912900000000001,1.8913799999999998,803,8,0
2024-01-04 16:25:00,1.89137,1.89154,1.8903699999999999,1.89139,922,8,0
2024-01-04 16:30:00,1.8913799999999998,1.89216,1.891,1.89203,1085,8,0
2024-01-04 16:35:00,1.8920400000000002,1.89216,1.89134,1.8915,1186,8,0
2024-01-04 16:40:00,1.8915,1.8920400000000002,1.89126,1.89198,1139,8,0
2024-01-04 16:45:00,1.89198,1.89252,1.8915,1.89225,1015,8,0
2024-01-04 16:50:00,1.89225,1.89249,1.89155,1.8917000000000002,969,8,0
2024-01-04 16:55:00,1.8917000000000002,1.89173,1.89108,1.8913600000000002,746,8,0
2024-01-04 17:00:00,1.8913600000000002,1.8918,1.89127,1.89157,877,8,0
2024-01-04 17:05:00,1.89157,1.89257,1.8915,1.89212,803,8,0
2024-01-04 17:10:00,1.89212,1.89243,1.8920599999999999,1.89243,569,8,0
2024-01-04 17:15:00,1.89243,1.89266,1.89218,1.89221,648,8,0
2024-01-04 17:20:00,1.89222,1.89228,1.89124,1.89153,709,8,0
2024-01-04 17:25:00,1.89153,1.8919899999999998,1.89139,1.8915600000000001,784,8,0
2024-01-04 17:30:00,1.8915600000000001,1.89228,1.8915600000000001,1.89182,995,8,0
2024-01-04 17:35:00,1.89182,1.8922400000000001,1.89137,1.89146,762,8,0
2024-01-04 17:40:00,1.89146,1.89237,1.89146,1.8923299999999998,581,8,0
2024-01-04 17:45:00,1.8923299999999998,1.8928099999999999,1.89215,1.8928,757,8,0
2024-01-04 17:50:00,1.8928,1.89307,1.8924699999999999,1.8925800000000002,692,8,0
2024-01-04 17:55:00,1.89256,1.89272,1.89212,1.8921700000000001,559,8,0
2024-01-04 18:00:00,1.8921700000000001,1.89248,1.89208,1.89218,701,8,0
2024-01-04 18:05:00,1.89218,1.8922400000000001,1.8918300000000001,1.89221,502,8,0
2024-01-04 18:10:00,1.89221,1.89284,1.8921999999999999,1.89226,505,8,0
2024-01-04 18:15:00,1.89226,1.89238,1.8918599999999999,1.8918599999999999,335,8,0
2024-01-04 18:20:00,1.8918599999999999,1.8919899999999998,1.89131,1.89147,282,8,0
2024-01-04 18:25:00,1.89147,1.89176,1.89114,1.89114,344,8,0
2024-01-04 18:30:00,1.89114,1.89131,1.89096,1.89107,336,8,0
2024-01-04 18:35:00,1.89106,1.89135,1.89106,1.89134,537,8,0
2024-01-04 18:40:00,1.89135,1.89166,1.89121,1.89161,335,8,0
2024-01-04 18:45:00,1.89161,1.8921700000000001,1.89157,1.8919899999999998,334,8,0
2024-01-04 18:50:00,1.8919899999999998,1.89235,1.89192,1.89228,370,8,0
2024-01-04 18:55:00,1.89228,1.89254,1.89227,1.89237,409,8,0
2024-01-04 19:00:00,1.89237,1.89245,1.89196,1.8919700000000002,477,8,0
2024-01-04 19:05:00,1.8919700000000002,1.8920400000000002,1.89173,1.89176,431,8,0
2024-01-04 19:10:00,1.89177,1.89205,1.8916,1.89161,440,8,0
2024-01-04 19:15:00,1.89161,1.89178,1.89121,1.89168,581,8,0
2024-01-04 19:20:00,1.89168,1.8918599999999999,1.8914,1.89178,395,8,0
2024-01-04 19:25:00,1.89178,1.8920400000000002,1.8916300000000001,1.89196,380,8,0
2024-01-04 19:30:00,1.89196,1.89216,1.8919000000000001,1.8919899999999998,368,8,0
2024-01-04 19:35:00,1.8919899999999998,1.89225,1.89173,1.89192,486,8,0
2024-01-04 19:40:00,1.89192,1.89212,1.89169,1.89202,467,8,0
2024-01-04 19:45:00,1.89202,1.89207,1.89144,1.89157,442,8,0
2024-01-04 19:50:00,1.89157,1.89208,1.8914499999999999,1.8918599999999999,454,8,0
2024-01-04 19:55:00,1.8918599999999999,1.89214,1.89177,1.892,487,8,0
2024-01-04 20:00:00,1.892,1.892,1.89161,1.89177,508,8,0
2024-01-04 20:05:00,1.89177,1.89182,1.8915,1.89154,347,8,0
2024-01-04 20:10:00,1.89155,1.89192,1.89151,1.8919000000000001,374,8,0
2024-01-04 20:15:00,1.8919000000000001,1.89228,1.89176,1.89176,631,8,0
2024-01-04 20:20:00,1.89176,1.89201,1.89164,1.89198,453,8,0
2024-01-04 20:25:00,1.89198,1.89209,1.89169,1.8917899999999999,361,8,0
2024-01-04 20:30:00,1.8917899999999999,1.89212,1.8917899999999999,1.89201,454,8,0
2024-01-04 20:35:00,1.89201,1.89202,1.8915,1.8915199999999999,339,8,0
2024-01-04 20:40:00,1.8915199999999999,1.8915199999999999,1.8913,1.89142,252,8,0
2024-01-04 20:45:00,1.89142,1.8915899999999999,1.8912200000000001,1.8915899999999999,511,8,0
2024-01-04 20:50:00,1.8915899999999999,1.89195,1.89155,1.89185,672,8,0
2024-01-04 20:55:00,1.89185,1.89192,1.8915199999999999,1.89187,561,8,0
2024-01-04 21:00:00,1.89188,1.89212,1.89166,1.89171,461,8,0
2024-01-04 21:05:00,1.89171,1.8922400000000001,1.89168,1.89218,163,8,0
2024-01-04 21:10:00,1.89218,1.89243,1.89212,1.89223,206,8,0
2024-01-04 21:15:00,1.89223,1.89229,1.89189,1.89203,154,8,0
2024-01-04 21:20:00,1.89203,1.89227,1.89198,1.89203,216,8,0
2024-01-04 21:25:00,1.89203,1.8921000000000001,1.89178,1.89207,172,8,0
2024-01-04 21:30:00,1.89207,1.89208,1.8917199999999998,1.89173,189,8,0
2024-01-04 21:35:00,1.89173,1.8918599999999999,1.89133,1.89139,166,8,0
2024-01-04 21:40:00,1.89139,1.8915600000000001,1.8911099999999998,1.8911799999999999,150,8,0
2024-01-04 21:45:00,1.8911799999999999,1.8912200000000001,1.89089,1.8910200000000001,130,8,0
2024-01-04 21:50:00,1.8910200000000001,1.89108,1.89076,1.8908,179,8,0
2024-01-04 21:55:00,1.8908,1.89113,1.8907,1.8908399999999999,297,8,0
2024-01-04 22:00:00,1.8907500000000002,1.8907500000000002,1.88864,1.89054,15,24,0
2024-01-04 22:05:00,1.89069,1.89069,1.89002,1.8906100000000001,9,26,0
2024-01-04 22:10:00,1.8906100000000001,1.8906100000000001,1.88986,1.8906100000000001,7,60,0
2024-01-04 22:15:00,1.8906100000000001,1.89107,1.89046,1.89103,55,105,0
2024-01-04 22:20:00,1.8909500000000001,1.8912499999999999,1.89085,1.891,28,153,0
2024-01-04 22:25:00,1.891,1.8914900000000001,1.89069,1.89069,46,68,0
2024-01-04 22:30:00,1.89069,1.89096,1.89069,1.8908399999999999,28,57,0
2024-01-04 22:35:00,1.89082,1.89115,1.8906100000000001,1.89085,72,18,0
2024-01-04 22:40:00,1.89085,1.8911799999999999,1.89063,1.89065,89,19,0
2024-01-04 22:45:00,1.8906399999999999,1.89086,1.8906100000000001,1.8906100000000001,56,37,0
2024-01-04 22:50:00,1.8906100000000001,1.8910200000000001,1.8906100000000001,1.8906100000000001,98,42,0
2024-01-04 22:55:00,1.8906100000000001,1.89175,1.8906100000000001,1.89175,173,22,0
2024-01-04 23:00:00,1.89175,1.89216,1.89116,1.89207,187,10,0
2024-01-04 23:05:00,1.89207,1.89207,1.8913600000000002,1.89171,116,8,0
2024-01-04 23:10:00,1.89171,1.89171,1.89117,1.89142,238,8,0
2024-01-04 23:15:00,1.8914,1.8915199999999999,1.89117,1.8914499999999999,146,8,0
2024-01-04 23:20:00,1.8914499999999999,1.89157,1.89133,1.89147,104,8,0
2024-01-04 23:25:00,1.89148,1.89176,1.89141,1.89169,111,8,0
2024-01-04 23:30:00,1.8917199999999998,1.8917899999999999,1.89078,1.89094,152,8,0
2024-01-04 23:35:00,1.89094,1.89096,1.89065,1.8907699999999998,126,8,0
2024-01-04 23:40:00,1.8907699999999998,1.8915,1.8907699999999998,1.8915,179,8,0
2024-01-04 23:45:00,1.8915,1.89155,1.8912900000000001,1.8915,181,8,0
2024-01-04 23:50:00,1.8915,1.89154,1.89132,1.8913799999999998,152,8,0
2024-01-04 23:55:00,1.8913799999999998,1.89144,1.891,1.89103,164,8,0
2024-01-05 00:00:00,1.89103,1.89162,1.89097,1.89131,425,8,0
2024-01-05 00:05:00,1.89131,1.89141,1.89101,1.89112,420,8,0
2024-01-05 00:10:00,1.89112,1.8912900000000001,1.89079,1.8909099999999999,379,8,0
2024-01-05 00:15:00,1.8909099999999999,1.89092,1.8906,1.89078,364,8,0
2024-01-05 00:20:00,1.89078,1.8912900000000001,1.89067,1.89127,360,8,0
2024-01-05 00:25:00,1.89127,1.89178,1.89127,1.89176,358,8,0
2024-01-05 00:30:00,1.89176,1.89187,1.89116,1.8911799999999999,294,8,0
2024-01-05 00:35:00,1.8911799999999999,1.89143,1.8908399999999999,1.89085,266,8,0
2024-01-05 00:40:00,1.89085,1.891,1.8907,1.89078,411,8,0
2024-01-05 00:45:00,1.89078,1.8908399999999999,1.89045,1.89046,390,8,0
2024-01-05 00:50:00,1.89046,1.89121,1.8902999999999999,1.89105,709,8,0
2024-01-05 00:55:00,1.89104,1.8921700000000001,1.89096,1.89215,569,8,0
2024-01-05 01:00:00,1.89216,1.8923,1.89158,1.89212,644,8,0
2024-01-05 01:05:00,1.89212,1.8921700000000001,1.89141,1.89158,566,8,0
2024-01-05 01:10:00,1.89158,1.89184,1.89135,1.8914900000000001,683,8,0
2024-01-05 01:15:00,1.8914900000000001,1.89178,1.8911,1.89128,572,8,0
2024-01-05 01:20:00,1.89128,1.89218,1.89128,1.89185,470,8,0
2024-01-05 01:25:00,1.89185,1.89203,1.89175,1.89201,446,8,0
2024-01-05 01:30:00,1.89201,1.89262,1.8915,1.89154,643,8,0
2024-01-05 01:35:00,1.89154,1.8916,1.89015,1.89015,655,8,0
2024-01-05 01:40:00,1.89015,1.8909799999999999,1.89013,1.89081,697,8,0
2024-01-05 01:45:00,1.89079,1.89094,1.88998,1.89089,860,8,0
2024-01-05 01:50:00,1.89089,1.8912499999999999,1.89038,1.89121,539,8,0
2024-01-05 01:55:00,1.89121,1.89146,1.89103,1.89133,567,8,0
2024-01-05 02:00:00,1.89133,1.89155,1.89085,1.89087,529,8,0
2024-01-05 02:05:00,1.89087,1.89108,1.89063,1.89083,466,8,0
2024-01-05 02:10:00,1.89083,1.89099,1.89063,1.8908,487,8,0
2024-01-05 02:15:00,1.8908,1.89096,1.8906,1.8907,329,8,0
2024-01-05 02:20:00,1.8907,1.89074,1.88984,1.89005,436,8,0
2024-01-05 02:25:00,1.89005,1.8901,1.8896199999999999,1.88963,587,8,0
2024-01-05 02:30:00,1.88961,1.88999,1.88961,1.88988,470,8,0
2024-01-05 02:35:00,1.8899,1.89033,1.88984,1.89013,388,8,0
2024-01-05 02:40:00,1.89013,1.8906100000000001,1.88994,1.89058,402,8,0
2024-01-05 02:45:00,1.89058,1.8906399999999999,1.89025,1.89053,444,8,0
2024-01-05 02:50:00,1.89052,1.8909,1.89052,1.89073,449,8,0
2024-01-05 02:55:00,1.89072,1.89119,1.89065,1.89107,567,8,0
2024-01-05 03:00:00,1.89106,1.89124,1.8906,1.89063,467,8,0
2024-01-05 03:05:00,1.89062,1.89103,1.89035,1.89094,493,8,0
2024-01-05 03:10:00,1.89094,1.8914,1.89086,1.89116,476,8,0
2024-01-05 03:15:00,1.89116,1.89154,1.89116,1.8911799999999999,359,8,0
2024-01-05 03:20:00,1.8911799999999999,1.89177,1.89116,1.8917199999999998,301,8,0
2024-01-05 03:25:00,1.89173,1.89232,1.89168,1.89218,441,8,0
2024-01-05 03:30:00,1.89218,1.89282,1.89215,1.89228,552,8,0
2024-01-05 03:35:00,1.89227,1.89255,1.89219,1.89236,566,8,0
2024-01-05 03:40:00,1.89236,1.89252,1.89223,1.89243,451,8,0
2024-01-05 03:45:00,1.89243,1.89256,1.89223,1.89227,451,8,0
2024-01-05 03:50:00,1.89227,1.89234,1.89195,1.8920599999999999,434,8,0
2024-01-05 03:55:00,1.8920599999999999,1.89222,1.89187,1.89194,358,8,0
2024-01-05 04:00:00,1.89194,1.8919899999999998,1.89165,1.89177,341,8,0
2024-01-05 04:05:00,1.89177,1.89198,1.89158,1.89196,363,8,0
2024-01-05 04:10:00,1.89196,1.89226,1.89174,1.8919899999999998,363,8,0
2024-01-05 04:15:00,1.8919899999999998,1.8921700000000001,1.89189,1.8919000000000001,309,8,0
2024-01-05 04:20:00,1.8919000000000001,1.89216,1.89187,1.89207,330,8,0
2024-01-05 04:25:00,1.89207,1.89219,1.89143,1.89148,331,8,0
2024-01-05 04:30:00,1.89148,1.89162,1.89115,1.8915,387,8,0
2024-01-05 04:35:00,1.8915,1.89185,1.8914499999999999,1.89166,297,8,0
2024-01-05 04:40:00,1.89166,1.8921299999999999,1.8916300000000001,1.89207,292,8,0
2024-01-05 04:45:00,1.89207,1.89269,1.89207,1.89261,451,8,0
2024-01-05 04:50:00,1.89262,1.89297,1.89238,1.89289,416,8,0
2024-01-05 04:55:00,1.89289,1.89289,1.8923,1.8927399999999999,334,8,0
2024-01-05 05:00:00,1.8927399999999999,1.8931900000000002,1.89268,1.89314,452,8,0
2024-01-05 05:05:00,1.89314,1.89401,1.89304,1.8934600000000001,643,8,0
2024-01-05 05:10:00,1.8934600000000001,1.89354,1.89282,1.89295,514,8,0
2024-01-05 05:15:00,1.89295,1.89303,1.8925,1.89288,597,8,0
2024-01-05 05:20:00,1.89288,1.89288,1.89246,1.89261,454,8,0
2024-01-05 05:25:00,1.89261,1.89263,1.89178,1.89188,405,8,0
2024-01-05 05:30:00,1.89188,1.89194,1.89148,1.89157,491,8,0
2024-01-05 05:35:00,1.89157,1.89175,1.89113,1.8912499999999999,455,8,0
2024-01-05 05:40:00,1.8912499999999999,1.89146,1.89096,1.89107,451,8,0
2024-01-05 05:45:00,1.89106,1.89133,1.8909799999999999,1.89116,490,8,0
2024-01-05 05:50:00,1.89116,1.89132,1.89103,1.89107,430,8,0
2024-01-05 05:55:00,1.89107,1.8911099999999998,1.8906100000000001,1.89074,442,8,0
2024-01-05 06:00:00,1.89074,1.8909,1.89043,1.8908,357,8,0
2024-01-05 06:05:00,1.8908,1.8914499999999999,1.89074,1.8912900000000001,372,8,0
2024-01-05 06:10:00,1.8912900000000001,1.8912900000000001,1.89082,1.89093,402,8,0
2024-01-05 06:15:00,1.8909,1.89144,1.8907500000000002,1.89128,405,8,0
2024-01-05 06:20:00,1.89128,1.8921999999999999,1.89121,1.89211,527,8,0
2024-01-05 06:25:00,1.8921000000000001,1.89276,1.89177,1.89272,741,8,0
2024-01-05 06:30:00,1.89272,1.89289,1.8920599999999999,1.89209,667,8,0
2024-01-05 06:35:00,1.8920599999999999,1.89283,1.89189,1.8928,549,8,0
2024-01-05 06:40:00,1.8928,1.8935,1.8924699999999999,1.8931499999999999,465,8,0
2024-01-05 06:45:00,1.89313,1.8935300000000002,1.89302,1.89302,481,8,0
2024-01-05 06:50:00,1.89302,1.89343,1.89262,1.89303,565,8,0
2024-01-05 06:55:00,1.89303,1.89351,1.89266,1.89286,574,8,0
2024-01-05 07:00:00,1.89286,1.89298,1.8917000000000002,1.89177,685,8,0
2024-01-05 07:05:00,1.89177,1.8923299999999998,1.89103,1.8913,505,8,0
2024-01-05 07:10:00,1.8913,1.8913,1.88982,1.89009,710,8,0
2024-01-05 07:15:00,1.89009,1.89038,1.88965,1.8899,639,8,0
2024-01-05 07:20:00,1.8899,1.8910200000000001,1.8898000000000001,1.8909,714,8,0
2024-01-05 07:25:00,1.8908399999999999,1.89114,1.89033,1.89044,586,8,0
2024-01-05 07:30:00,1.89044,1.89094,1.89006,1.89042,531,8,0
2024-01-05 07:35:00,1.89042,1.8906399999999999,1.89005,1.89029,396,8,0
2024-01-05 07:40:00,1.89029,1.89099,1.8901400000000002,1.89086,557,8,0
2024-01-05 07:45:00,1.89086,1.89185,1.89086,1.89174,586,8,0
2024-01-05 07:50:00,1.89174,1.8927,1.89171,1.89269,562,8,0
2024-01-05 07:55:00,1.89269,1.89303,1.89254,1.89269,469,8,0
2024-01-05 08:00:00,1.89269,1.89273,1.8916,1.89207,1002,8,0
2024-01-05 08:05:00,1.89209,1.89338,1.8918300000000001,1.8932,883,8,0
2024-01-05 08:10:00,1.8932,1.89333,1.8924400000000001,1.89276,724,8,0
2024-01-05 08:15:00,1.89276,1.89421,1.89262,1.8938199999999998,902,8,0
2024-01-05 08:20:00,1.8938199999999998,1.89429,1.89368,1.89402,818,8,0
2024-01-05 08:25:00,1.89402,1.89452,1.89352,1.89352,778,8,0
2024-01-05 08:30:00,1.89352,1.89456,1.89325,1.89442,910,8,0
2024-01-05 08:35:00,1.89442,1.89445,1.89331,1.8937300000000001,801,8,0
2024-01-05 08:40:00,1.8937300000000001,1.8937300000000001,1.8929200000000002,1.8931499999999999,738,8,0
2024-01-05 08:45:00,1.8931499999999999,1.89334,1.8926500000000002,1.89279,572,8,0
2024-01-05 08:50:00,1.8928,1.89309,1.89248,1.89288,817,8,0
2024-01-05 08:55:00,1.89288,1.89291,1.8918599999999999,1.89194,800,8,0
2024-01-05 09:00:00,1.89193,1.89237,1.89153,1.89236,845,8,0
2024-01-05 09:05:00,1.89236,1.89348,1.89232,1.89299,704,8,0
2024-01-05 09:10:00,1.89299,1.89306,1.89236,1.89259,632,8,0
2024-01-05 09:15:00,1.89255,1.8927399999999999,1.8919700000000002,1.8921700000000001,785,8,0
2024-01-05 09:20:00,1.8921700000000001,1.8925,1.8918,1.89243,576,8,0
2024-01-05 09:25:00,1.89243,1.89283,1.89214,1.89264,649,8,0
2024-01-05 09:30:00,1.89268,1.8928500000000001,1.8922400000000001,1.8927,738,8,0
2024-01-05 09:35:00,1.89268,1.89381,1.8924699999999999,1.89363,1039,8,0
2024-01-05 09:40:00,1.89363,1.8948800000000001,1.8936,1.8939300000000001,733,8,0
2024-01-05 09:45:00,1.8939300000000001,1.89419,1.89359,1.89411,643,8,0
2024-01-05 09:50:00,1.89411,1.89472,1.8940700000000001,1.89451,581,8,0
2024-01-05 09:55:00,1.89451,1.89494,1.89432,1.89449,403,8,0
2024-01-05 10:00:00,1.89451,1.89471,1.8936,1.89399,636,8,0
2024-01-05 10:05:00,1.89399,1.89452,1.89391,1.89449,777,8,0
2024-01-05 10:10:00,1.89449,1.89479,1.89421,1.8947,699,8,0
2024-01-05 10:15:00,1.8947,1.8951099999999999,1.89449,1.89505,747,8,0
2024-01-05 10:20:00,1.89505,1.8952,1.8947,1.8950200000000001,703,8,0
2024-01-05 10:25:00,1.8950200000000001,1.8952,1.8945699999999999,1.8950399999999998,604,8,0
2024-01-05 10:30:00,1.8950399999999998,1.89508,1.89432,1.8950200000000001,694,8,0
2024-01-05 10:35:00,1.8950200000000001,1.89528,1.8944800000000002,1.8951,520,8,0
2024-01-05 10:40:00,1.8951,1.89526,1.89481,1.89508,411,8,0
2024-01-05 10:45:00,1.89508,1.8955199999999999,1.89487,1.89503,603,8,0
2024-01-05 10:50:00,1.89503,1.89516,1.89444,1.89458,684,8,0
2024-01-05 10:55:00,1.8946,1.89467,1.89391,1.89417,568,8,0
2024-01-05 11:00:00,1.89417,1.89417,1.89318,1.8933200000000001,539,8,0
2024-01-05 11:05:00,1.8933200000000001,1.8941,1.89314,1.8939599999999999,446,8,0
2024-01-05 11:10:00,1.8939599999999999,1.89467,1.89392,1.89467,410,8,0
2024-01-05 11:15:00,1.89467,1.8947,1.8940299999999999,1.89463,762,8,0
2024-01-05 11:20:00,1.89463,1.89479,1.89432,1.89459,409,8,0
2024-01-05 11:25:00,1.89459,1.8951500000000001,1.89455,1.89512,444,8,0
2024-01-05 11:30:00,1.89512,1.89528,1.89465,1.89476,656,8,0
2024-01-05 11:35:00,1.8947500000000002,1.8951099999999999,1.8946100000000001,1.8947500000000002,692,8,0
2024-01-05 11:40:00,1.8947500000000002,1.8949099999999999,1.89458,1.8947500000000002,626,8,0
2024-01-05 11:45:00,1.89474,1.8951500000000001,1.89458,1.89512,657,8,0
2024-01-05 11:50:00,1.89512,1.8952499999999999,1.8949099999999999,1.89497,390,8,0
2024-01-05 11:55:00,1.89497,1.8950399999999998,1.8940000000000001,1.8940700000000001,553,8,0
2024-01-05 12:00:00,1.8940700000000001,1.8943699999999999,1.8935300000000002,1.89431,811,8,0
2024-01-05 12:05:00,1.89431,1.8945400000000001,1.89394,1.89453,625,8,0
2024-01-05 12:10:00,1.89453,1.8950900000000002,1.8944999999999999,1.89485,652,8,0
2024-01-05 12:15:00,1.89485,1.8952900000000001,1.89479,1.89483,462,8,0
2024-01-05 12:20:00,1.89483,1.89506,1.89463,1.89467,478,8,0
2024-01-05 12:25:00,1.89467,1.8948,1.8944100000000001,1.89471,487,8,0
2024-01-05 12:30:00,1.89472,1.8950900000000002,1.8944800000000002,1.8946800000000001,527,8,0
2024-01-05 12:35:00,1.8946800000000001,1.89481,1.8942700000000001,1.89438,412,8,0
2024-01-05 12:40:00,1.89439,1.89473,1.89424,1.8944100000000001,571,8,0
2024-01-05 12:45:00,1.89439,1.8945699999999999,1.89384,1.8941,516,8,0
2024-01-05 12:50:00,1.8941,1.89433,1.89379,1.89383,492,8,0
2024-01-05 12:55:00,1.89383,1.8941400000000002,1.89364,1.89383,673,8,0
2024-01-05 13:00:00,1.89384,1.89508,1.89358,1.89503,782,8,0
2024-01-05 13:05:00,1.89503,1.89535,1.89456,1.89501,1065,8,0
2024-01-05 13:10:00,1.89501,1.89517,1.89458,1.89481,787,8,0
2024-01-05 13:15:00,1.89481,1.89499,1.89421,1.89463,679,8,0
2024-01-05 13:20:00,1.89467,1.8954,1.8946100000000001,1.89539,832,8,0
2024-01-05 13:25:00,1.8954,1.8959899999999998,1.89483,1.89483,962,8,0
2024-01-05 13:30:00,1.89483,1.89947,1.8940700000000001,1.8974,2650,8,0
2024-01-05 13:35:00,1.89737,1.89899,1.8968500000000001,1.89763,2718,8,0
2024-01-05 13:40:00,1.89765,1.89855,1.89585,1.89656,2948,8,0
2024-01-05 13:45:00,1.89657,1.8973200000000001,1.89596,1.89598,2344,8,0
2024-01-05 13:50:00,1.8959899999999998,1.896,1.8930500000000001,1.89317,2330,8,0
2024-01-05 13:55:00,1.89314,1.89422,1.8928500000000001,1.89304,2123,8,0
2024-01-05 14:00:00,1.89304,1.89309,1.89148,1.8916,1985,8,0
2024-01-05 14:05:00,1.8916,1.8926699999999999,1.89009,1.89266,1992,8,0
2024-01-05 14:10:00,1.89266,1.8939,1.89209,1.89364,1806,8,0
2024-01-05 14:15:00,1.89364,1.8941599999999998,1.89293,1.89391,1809,8,0
2024-01-05 14:20:00,1.89391,1.89462,1.8935499999999998,1.89458,1446,8,0
2024-01-05 14:25:00,1.89458,1.89476,1.89313,1.89316,1776,8,0
2024-01-05 14:30:00,1.89316,1.8941599999999998,1.89311,1.8940700000000001,2108,8,0
2024-01-05 14:35:00,1.8940700000000001,1.89535,1.8940299999999999,1.89532,1898,8,0
2024-01-05 14:40:00,1.89532,1.89612,1.89494,1.89591,1955,8,0
2024-01-05 14:45:00,1.8959000000000001,1.89608,1.89459,1.89566,1639,8,0
2024-01-05 14:50:00,1.89566,1.89574,1.89439,1.8944100000000001,1479,8,0
2024-01-05 14:55:00,1.8944100000000001,1.89513,1.89429,1.89459,1499,8,0
2024-01-05 15:00:00,1.8944800000000002,1.8944800000000002,1.89114,1.89226,3095,8,0
2024-01-05 15:05:00,1.8923,1.8938899999999999,1.8913,1.89135,2696,8,0
2024-01-05 15:10:00,1.89132,1.89395,1.89076,1.89383,2654,8,0
2024-01-05 15:15:00,1.89381,1.8946399999999999,1.8931,1.8933200000000001,2252,8,0
2024-01-05 15:20:00,1.89331,1.89343,1.89198,1.89237,2020,8,0
2024-01-05 15:25:00,1.89239,1.89325,1.89175,1.8930799999999999,1804,8,0
2024-01-05 15:30:00,1.89311,1.8940299999999999,1.89288,1.8939599999999999,1670,8,0
2024-01-05 15:35:00,1.8939599999999999,1.89445,1.8934199999999999,1.8944100000000001,1756,8,0
2024-01-05 15:40:00,1.8944100000000001,1.89487,1.89408,1.89471,1956,8,0
2024-01-05 15:45:00,1.89471,1.8959700000000002,1.89447,1.89582,1722,8,0
2024-01-05 15:50:00,1.8958,1.89589,1.89345,1.89345,1390,8,0
2024-01-05 15:55:00,1.89345,1.8940000000000001,1.89311,1.89334,1523,8,0
2024-01-05 16:00:00,1.89334,1.8942,1.89304,1.8939599999999999,1502,8,0
2024-01-05 16:05:00,1.8939599999999999,1.8942299999999999,1.89352,1.89397,1353,8,0
2024-01-05 16:10:00,1.89397,1.89422,1.8930799999999999,1.89351,1096,8,0
2024-01-05 16:15:00,1.89351,1.89395,1.89345,1.89381,1147,8,0
2024-01-05 16:20:00,1.89381,1.89469,1.8938000000000001,1.8940299999999999,1360,8,0
2024-01-05 16:25:00,1.8940299999999999,1.89476,1.8939599999999999,1.89452,1284,8,0
2024-01-05 16:30:00,1.89453,1.8946,1.89383,1.8938700000000002,1210,8,0
2024-01-05 16:35:00,1.89392,1.89435,1.8939,1.89424,842,8,0
2024-01-05 16:40:00,1.89424,1.89512,1.8940000000000001,1.89496,855,8,0
2024-01-05 16:45:00,1.89496,1.89517,1.89467,1.89497,939,8,0
2024-01-05 16:50:00,1.89497,1.8949799999999999,1.89436,1.89449,1104,8,0
2024-01-05 16:55:00,1.89449,1.89548,1.89449,1.8953799999999998,1147,8,0
2024-01-05 17:00:00,1.89539,1.89573,1.8949500000000001,1.8951099999999999,1009,8,0
2024-01-05 17:05:00,1.8951099999999999,1.89607,1.8947500000000002,1.89546,1103,8,0
2024-01-05 17:10:00,1.89546,1.89598,1.8949799999999999,1.89513,1144,8,0
2024-01-05 17:15:00,1.89513,1.89539,1.89479,1.89505,964,8,0
2024-01-05 17:20:00,1.89505,1.8954,1.89494,1.8953600000000002,982,8,0
2024-01-05 17:25:00,1.8953600000000002,1.89558,1.89501,1.8953600000000002,909,8,0
2024-01-05 17:30:00,1.8953600000000002,1.8958,1.89512,1.89561,984,8,0
2024-01-05 17:35:00,1.89561,1.89561,1.8940700000000001,1.8943699999999999,963,8,0
2024-01-05 17:40:00,1.8943699999999999,1.8949099999999999,1.8942999999999999,1.8949099999999999,855,8,0
2024-01-05 17:45:00,1.8949099999999999,1.89497,1.89452,1.89483,680,8,0
2024-01-05 17:50:00,1.89483,1.89526,1.89459,1.89526,651,8,0
2024-01-05 17:55:00,1.89526,1.8952900000000001,1.89469,1.89494,676,8,0
2024-01-05 18:00:00,1.89494,1.89546,1.89493,1.89534,693,8,0
2024-01-05 18:05:00,1.89534,1.8957000000000002,1.89527,1.8956,726,8,0
2024-01-05 18:10:00,1.8956,1.89575,1.89531,1.89543,715,8,0
2024-01-05 18:15:00,1.8954,1.89575,1.89524,1.89551,808,8,0
2024-01-05 18:20:00,1.89551,1.8956499999999998,1.89505,1.8950900000000002,635,8,0
2024-01-05 18:25:00,1.8950900000000002,1.8951799999999999,1.89466,1.8946800000000001,859,8,0
2024-01-05 18:30:00,1.8947,1.89481,1.8942700000000001,1.89474,908,8,0
2024-01-05 18:35:00,1.89474,1.8949500000000001,1.89422,1.8943699999999999,661,8,0
2024-01-05 18:40:00,1.89436,1.8948399999999999,1.8942700000000001,1.89453,629,8,0
2024-01-05 18:45:00,1.89453,1.89489,1.89447,1.89459,641,8,0
2024-01-05 18:50:00,1.8946100000000001,1.89465,1.89412,1.8941400000000002,557,8,0
2024-01-05 18:55:00,1.8941400000000002,1.89439,1.89395,1.8941599999999998,768,8,0
2024-01-05 19:00:00,1.8941599999999998,1.89436,1.8940299999999999,1.89404,745,8,0
2024-01-05 19:05:00,1.89404,1.8942999999999999,1.89398,1.89417,647,8,0
2024-01-05 19:10:00,1.8941599999999998,1.89418,1.8938000000000001,1.89408,704,8,0
2024-01-05 19:15:00,1.89408,1.89444,1.89391,1.8941599999999998,584,8,0
2024-01-05 19:20:00,1.8941599999999998,1.89458,1.8940299999999999,1.89432,585,8,0
2024-01-05 19:25:00,1.89432,1.89451,1.89421,1.89446,544,8,0
2024-01-05 19:30:00,1.89446,1.8946399999999999,1.89418,1.89451,494,8,0
2024-01-05 19:35:00,1.89451,1.89465,1.8942299999999999,1.8945699999999999,602,8,0
2024-01-05 19:40:00,1.8945699999999999,1.89483,1.89456,1.89459,779,8,0
2024-01-05 19:45:00,1.89459,1.89497,1.8945400000000001,1.89483,635,8,0
2024-01-05 19:50:00,1.89483,1.89533,1.8947,1.8952499999999999,589,8,0
2024-01-05 19:55:00,1.8952499999999999,1.89528,1.89476,1.89501,804,8,0
2024-01-05 20:00:00,1.895,1.89512,1.89458,1.89503,628,8,0
2024-01-05 20:05:00,1.89503,1.89506,1.89452,1.8946800000000001,556,8,0
2024-01-05 20:10:00,1.89467,1.89479,1.89424,1.89433,527,8,0
2024-01-05 20:15:00,1.89433,1.89451,1.89429,1.89446,518,8,0
2024-01-05 20:20:00,1.89446,1.89459,1.89422,1.89438,417,8,0
2024-01-05 20:25:00,1.89438,1.89471,1.89435,1.89449,503,8,0
2024-01-05 20:30:00,1.89449,1.8948800000000001,1.8944100000000001,1.8946100000000001,534,8,0
2024-01-05 20:35:00,1.89459,1.89492,1.89452,1.89456,674,8,0
2024-01-05 20:40:00,1.89456,1.89481,1.89449,1.89455,635,8,0
2024-01-05 20:45:00,1.89455,1.89473,1.89406,1.89409,659,8,0
2024-01-05 20:50:00,1.89409,1.89425,1.89394,1.89399,413,8,0
2024-01-05 20:55:00,1.89399,1.89419,1.8938700000000002,1.8940000000000001,573,8,0
2024-01-05 21:00:00,1.8940000000000001,1.89426,1.89381,1.89418,533,8,0
2024-01-05 21:05:00,1.89418,1.89433,1.8939,1.8939599999999999,304,8,0
2024-01-05 21:10:00,1.8939599999999999,1.8940299999999999,1.89367,1.8939,320,8,0
2024-01-05 21:15:00,1.89392,1.89424,1.89388,1.89421,206,8,0
2024-01-05 21:20:00,1.89421,1.89429,1.89397,1.89398,301,8,0
2024-01-05 21:25:00,1.89397,1.89411,1.89386,1.89398,397,8,0
2024-01-05 21:30:00,1.89398,1.8942999999999999,1.8939300000000001,1.89421,230,8,0
2024-01-05 21:35:00,1.89421,1.89435,1.89409,1.89431,145,8,0
2024-01-05 21:40:00,1.89431,1.89436,1.8941599999999998,1.89419,174,9,0
2024-01-05 21:45:00,1.89419,1.89433,1.89406,1.8942,225,8,0
2024-01-05 21:50:00,1.89419,1.8942700000000001,1.89385,1.89388,161,8,0
2024-01-07 22:05:00,1.89341,1.8934600000000001,1.89252,1.89341,35,117,0
2024-01-07 22:10:00,1.89341,1.8937599999999999,1.89314,1.89352,59,135,0
2024-01-07 22:15:00,1.89352,1.8936199999999999,1.89283,1.8936,70,103,0
2024-01-07 22:20:00,1.8936,1.89363,1.8930500000000001,1.89352,55,129,0
2024-01-07 22:25:00,1.89352,1.89364,1.8933,1.8934,70,121,0
2024-01-07 22:30:00,1.8934,1.89383,1.89334,1.89377,39,86,0
2024-01-07 22:35:00,1.89377,1.89397,1.89356,1.89375,38,50,0
2024-01-07 22:40:00,1.89375,1.89381,1.8935499999999998,1.89371,34,72,0
2024-01-07 22:45:00,1.89371,1.89419,1.89358,1.89364,49,64,0
2024-01-07 22:50:00,1.89364,1.89385,1.8933200000000001,1.89354,67,67,0
2024-01-07 22:55:00,1.89354,1.89397,1.89352,1.89374,37,30,0
2024-01-07 23:00:00,1.89374,1.8944299999999998,1.89363,1.89365,445,13,0
2024-01-07 23:05:00,1.89365,1.89391,1.89351,1.89391,112,8,0
2024-01-07 23:10:00,1.8938700000000002,1.89409,1.89354,1.8940299999999999,147,8,0
2024-01-07 23:15:00,1.8940299999999999,1.89413,1.8936899999999999,1.8936899999999999,91,8,0
2024-01-07 23:20:00,1.89372,1.89375,1.8935300000000002,1.89375,85,8,0
2024-01-07 23:25:00,1.89374,1.8941400000000002,1.8936199999999999,1.89385,90,8,0
2024-01-07 23:30:00,1.89385,1.89401,1.89322,1.8936,158,8,0
2024-01-07 23:35:00,1.8935300000000002,1.8936199999999999,1.89338,1.89347,108,8,0
2024-01-07 23:40:00,1.89347,1.89349,1.8930500000000001,1.89306,68,8,0
2024-01-07 23:45:00,1.89306,1.89322,1.89295,1.8930099999999999,146,8,0
2024-01-07 23:50:00,1.893,1.89303,1.8926500000000002,1.89299,204,8,0
2024-01-07 23:55:00,1.89299,1.8936600000000001,1.89296,1.89357,153,8,0
2024-01-08 00:00:00,1.89358,1.8936600000000001,1.89298,1.89306,331,8,0
2024-01-08 00:05:00,1.8930500000000001,1.89329,1.8929399999999998,1.89317,210,8,0
2024-01-08 00:10:00,1.89317,1.8933200000000001,1.8929399999999998,1.893,248,8,0
2024-01-08 00:15:00,1.893,1.89303,1.89236,1.89264,260,8,0
2024-01-08 00:20:00,1.89264,1.89316,1.89232,1.89314,298,8,0
2024-01-08 00:25:00,1.8931499999999999,1.89322,1.8928099999999999,1.8928099999999999,219,8,0
2024-01-08 00:30:00,1.8928099999999999,1.89313,1.8927399999999999,1.89298,154,8,0
2024-01-08 00:35:00,1.89298,1.89359,1.89283,1.8933900000000001,223,8,0
2024-01-08 00:40:00,1.8933900000000001,1.8935,1.8932600000000002,1.89327,182,8,0
2024-01-08 00:45:00,1.8932600000000002,1.89368,1.8930799999999999,1.89351,247,8,0
2024-01-08 00:50:00,1.89351,1.89364,1.89311,1.8933200000000001,357,8,0
2024-01-08 00:55:00,1.8933200000000001,1.89334,1.8925,1.89262,479,8,0
2024-01-08 01:00:00,1.89262,1.89262,1.89153,1.89182,651,8,0
2024-01-08 01:05:00,1.89185,1.89189,1.89117,1.89135,643,8,0
2024-01-08 01:10:00,1.89135,1.8914,1.89073,1.89103,503,8,0
2024-01-08 01:15:00,1.89103,1.89131,1.89017,1.89019,557,8,0
2024-01-08 01:20:00,1.89019,1.8907500000000002,1.89008,1.8907500000000002,572,8,0
2024-01-08 01:25:00,1.8907500000000002,1.8912499999999999,1.89062,1.89062,696,8,0
2024-01-08 01:30:00,1.89062,1.89083,1.89026,1.8902999999999999,909,8,0
2024-01-08 01:35:00,1.8902999999999999,1.8909,1.89006,1.89083,818,8,0
2024-01-08 01:40:00,1.89081,1.89106,1.89053,1.89079,673,8,0
2024-01-08 01:45:00,1.89078,1.891,1.89047,1.89099,642,8,0
2024-01-08 01:50:00,1.89099,1.89161,1.8907500000000002,1.89157,681,8,0
2024-01-08 01:55:00,1.89157,1.89192,1.891,1.89121,757,8,0
2024-01-08 02:00:00,1.89121,1.89174,1.8911,1.89131,664,8,0
2024-01-08 02:05:00,1.89131,1.892,1.89123,1.89187,661,8,0
2024-01-08 02:10:00,1.89187,1.8923,1.89158,1.89223,505,8,0
2024-01-08 02:15:00,1.89223,1.89261,1.89192,1.89193,481,8,0
2024-01-08 02:20:00,1.89193,1.8921299999999999,1.89168,1.89212,491,8,0
2024-01-08 02:25:00,1.89212,1.89299,1.89191,1.89298,533,8,0
2024-01-08 02:30:00,1.89298,1.8936199999999999,1.8928500000000001,1.89314,682,8,0
2024-01-08 02:35:00,1.89314,1.89323,1.8927100000000001,1.89323,379,8,0
2024-01-08 02:40:00,1.8932,1.8935300000000002,1.89298,1.89337,369,8,0
2024-01-08 02:45:00,1.89336,1.8935300000000002,1.89306,1.8934199999999999,461,8,0
2024-01-08 02:50:00,1.8934199999999999,1.89399,1.8932099999999998,1.89395,500,8,0
2024-01-08 02:55:00,1.89395,1.89438,1.8937599999999999,1.89412,542,8,0
2024-01-08 03:00:00,1.89412,1.89459,1.89401,1.89438,482,8,0
2024-01-08 03:05:00,1.89438,1.89438,1.8938899999999999,1.89395,353,8,0
2024-01-08 03:10:00,1.89395,1.89408,1.89317,1.8931900000000002,505,8,0
2024-01-08 03:15:00,1.8931900000000002,1.89344,1.893,1.8930099999999999,371,8,0
2024-01-08 03:20:00,1.8930099999999999,1.89347,1.8928500000000001,1.89347,530,8,0
2024-01-08 03:25:00,1.89348,1.89354,1.8931499999999999,1.89327,430,8,0
2024-01-08 03:30:00,1.89327,1.89361,1.8931900000000002,1.89343,284,8,0
2024-01-08 03:35:00,1.89343,1.8942299999999999,1.8934199999999999,1.89412,484,8,0
2024-01-08 03:40:00,1.89412,1.89486,1.89412,1.89479,488,8,0
2024-01-08 03:45:00,1.89479,1.89485,1.8936,1.8939300000000001,497,8,0
2024-01-08 03:50:00,1.8939300000000001,1.89519,1.89385,1.89506,630,8,0
2024-01-08 03:55:00,1.89506,1.89539,1.89497,1.8950399999999998,499,8,0
2024-01-08 04:00:00,1.8950399999999998,1.89558,1.89501,1.89558,430,8,0
2024-01-08 04:05:00,1.89558,1.89603,1.89528,1.89584,422,8,0
2024-01-08 04:10:00,1.89584,1.89635,1.8957600000000001,1.89607,415,8,0
2024-01-08 04:15:00,1.89607,1.89607,1.89526,1.89542,382,8,0
2024-01-08 04:20:00,1.89542,1.89596,1.89539,1.8957000000000002,319,8,0
2024-01-08 04:25:00,1.8957000000000002,1.89582,1.89528,1.89548,253,8,0
2024-01-08 04:30:00,1.89548,1.89561,1.8952,1.8955,223,8,0
2024-01-08 04:35:00,1.8955,1.89562,1.89533,1.8955199999999999,202,8,0
2024-01-08 04:40:00,1.8955199999999999,1.8958,1.89532,1.8956499999999998,231,8,0
2024-01-08 04:45:00,1.8956499999999998,1.89573,1.89548,1.89553,333,8,0
2024-01-08 04:50:00,1.8954900000000001,1.89635,1.8954900000000001,1.89635,326,8,0
2024-01-08 04:55:00,1.89635,1.8965,1.89612,1.89629,268,8,0
2024-01-08 05:00:00,1.8963100000000002,1.8965,1.89582,1.8962599999999998,482,8,0
2024-01-08 05:05:00,1.8962599999999998,1.89639,1.89568,1.89569,359,8,0
2024-01-08 05:10:00,1.89569,1.89621,1.8956300000000001,1.89604,394,8,0
2024-01-08 05:15:00,1.89602,1.89602,1.8954900000000001,1.89555,253,8,0
2024-01-08 05:20:00,1.89555,1.89605,1.89547,1.8958,309,8,0
2024-01-08 05:25:00,1.8958,1.89608,1.8958,1.89592,323,8,0
2024-01-08 05:30:00,1.89592,1.89693,1.89585,1.8968099999999999,476,8,0
2024-01-08 05:35:00,1.8968099999999999,1.8971,1.89672,1.89693,561,8,0
2024-01-08 05:40:00,1.89693,1.89722,1.89655,1.8970799999999999,468,8,0
2024-01-08 05:45:00,1.8970799999999999,1.89716,1.8968699999999998,1.8970099999999999,280,8,0
2024-01-08 05:50:00,1.8970099999999999,1.89715,1.89638,1.89641,353,8,0
2024-01-08 05:55:00,1.89641,1.89641,1.8958,1.89601,362,8,0
2024-01-08 06:00:00,1.89601,1.89618,1.89506,1.89527,334,8,0
2024-01-08 06:05:00,1.89527,1.89541,1.89466,1.8949,502,8,0
2024-01-08 06:10:00,1.8949,1.89516,1.89483,1.89513,383,8,0
2024-01-08 06:15:00,1.8951500000000001,1.89548,1.89482,1.89532,341,8,0
2024-01-08 06:20:00,1.89532,1.89547,1.89503,1.89506,443,8,0
2024-01-08 06:25:00,1.89506,1.89528,1.89489,1.89497,289,8,0
2024-01-08 06:30:00,1.8949500000000001,1.89581,1.8949,1.89497,636,8,0
2024-01-08 06:35:00,1.89497,1.89564,1.89492,1.89564,503,8,0
2024-01-08 06:40:00,1.89564,1.89567,1.89463,1.89513,405,8,0
2024-01-08 06:45:00,1.89513,1.8952200000000001,1.8947699999999998,1.8950900000000002,224,8,0
2024-01-08 06:50:00,1.8950900000000002,1.8953,1.89483,1.8949500000000001,285,8,0
2024-01-08 06:55:00,1.8949500000000001,1.8953600000000002,1.89493,1.89521,250,8,0
2024-01-08 07:00:00,1.89521,1.8957899999999999,1.8949099999999999,1.89541,588,8,0
2024-01-08 07:05:00,1.89539,1.89578,1.8944999999999999,1.89463,588,8,0
2024-01-08 07:10:00,1.89463,1.8948399999999999,1.89388,1.89411,474,8,0
2024-01-08 07:15:00,1.89411,1.8953799999999998,1.8941,1.8953799999999998,444,8,0
2024-01-08 07:20:00,1.8953799999999998,1.89602,1.89496,1.89499,616,8,0
2024-01-08 07:25:00,1.89499,1.8952499999999999,1.8945400000000001,1.89462,428,8,0
2024-01-08 07:30:00,1.89462,1.89544,1.89432,1.89543,628,8,0
2024-01-08 07:35:00,1.89543,1.89562,1.8949500000000001,1.89506,568,8,0
2024-01-08 07:40:00,1.89506,1.89524,1.89449,1.8948800000000001,786,8,0
2024-01-08 07:45:00,1.89487,1.89567,1.8944800000000002,1.89539,643,8,0
2024-01-08 07:50:00,1.89539,1.89615,1.8951099999999999,1.8954900000000001,540,8,0
2024-01-08 07:55:00,1.8954900000000001,1.89589,1.89505,1.89569,606,8,0
2024-01-08 08:00:00,1.89569,1.89799,1.8955199999999999,1.89775,1042,8,0
2024-01-08 08:05:00,1.89775,1.89845,1.8974600000000001,1.89792,1083,8,0
2024-01-08 08:10:00,1.89792,1.89887,1.89725,1.89851,1210,8,0
2024-01-08 08:15:00,1.89851,1.8986800000000001,1.89754,1.89763,1064,8,0
2024-01-08 08:20:00,1.89763,1.89839,1.89725,1.89806,937,8,0
2024-01-08 08:25:00,1.89806,1.8992499999999999,1.89805,1.89917,941,8,0
2024-01-08 08:30:00,1.8991799999999999,1.8993600000000002,1.89786,1.89811,1261,8,0
2024-01-08 08:35:00,1.89809,1.89813,1.89686,1.89709,1025,8,0
2024-01-08 08:40:00,1.89711,1.89734,1.8967399999999999,1.8970799999999999,943,8,0
2024-01-08 08:45:00,1.8970799999999999,1.89717,1.89638,1.8964699999999999,697,8,0
2024-01-08 08:50:00,1.8964699999999999,1.8967800000000001,1.8961999999999999,1.89649,675,8,0
2024-01-08 08:55:00,1.89649,1.89682,1.89591,1.8962599999999998,819,8,0
2024-01-08 09:00:00,1.8962599999999998,1.89665,1.8957899999999999,1.8958,823,8,0
2024-01-08 09:05:00,1.8958,1.89607,1.8947,1.8948,819,8,0
2024-01-08 09:10:00,1.89481,1.89533,1.89463,1.89493,716,8,0
2024-01-08 09:15:00,1.89493,1.89541,1.89465,1.89528,736,8,0
2024-01-08 09:20:00,1.89528,1.89564,1.8947,1.89544,671,8,0
2024-01-08 09:25:00,1.89544,1.8967399999999999,1.89539,1.8967100000000001,754,8,0
2024-01-08 09:30:00,1.8967100000000001,1.897,1.89593,1.8963,1043,8,0
2024-01-08 09:35:00,1.8963,1.89641,1.8959000000000001,1.8960599999999999,708,8,0
2024-01-08 09:40:00,1.8960599999999999,1.8961299999999999,1.89554,1.89561,705,8,0
2024-01-08 09:45:00,1.89561,1.89588,1.89497,1.89516,586,8,0
2024-01-08 09:50:00,1.89516,1.8955899999999999,1.89462,1.8953600000000002,792,8,0
2024-01-08 09:55:00,1.8953600000000002,1.8956499999999998,1.8951,1.89541,671,8,0
2024-01-08 10:00:00,1.8954,1.89608,1.89539,1.89603,699,8,0
2024-01-08 10:05:00,1.89603,1.89618,1.89574,1.89588,705,8,0
2024-01-08 10:10:00,1.89588,1.8961700000000001,1.89571,1.8958,655,8,0
2024-01-08 10:15:00,1.8958,1.89611,1.89558,1.89588,590,8,0
2024-01-08 10:20:00,1.89588,1.89713,1.8958599999999999,1.897,552,8,0
2024-01-08 10:25:00,1.89698,1.89749,1.8969399999999998,1.8973200000000001,564,8,0
2024-01-08 10:30:00,1.8973200000000001,1.89738,1.89665,1.89668,597,8,0
2024-01-08 10:35:00,1.89669,1.89737,1.89669,1.89706,674,8,0
2024-01-08 10:40:00,1.89706,1.8980700000000001,1.89706,1.8980299999999999,505,8,0
2024-01-08 10:45:00,1.8980299999999999,1.8983400000000001,1.89775,1.8983400000000001,437,8,0
2024-01-08 10:50:00,1.8983400000000001,1.89842,1.8980299999999999,1.89833,382,8,0
2024-01-08 10:55:00,1.89833,1.89863,1.8982299999999999,1.89832,443,8,0
2024-01-08 11:00:00,1.89832,1.89871,1.89825,1.89863,577,8,0
2024-01-08 11:05:00,1.89863,1.89893,1.89802,1.89856,606,8,0
2024-01-08 11:10:00,1.89856,1.8987,1.89804,1.89836,567,8,0
2024-01-08 11:15:00,1.89837,1.8991500000000001,1.89825,1.89871,713,8,0
2024-01-08 11:20:00,1.89871,1.8997000000000002,1.89865,1.8994,510,8,0
2024-01-08 11:25:00,1.8994,1.89985,1.8992200000000001,1.8996499999999998,754,8,0
2024-01-08 11:30:00,1.89966,1.89971,1.89874,1.89907,712,8,0
2024-01-08 11:35:00,1.89907,1.8991500000000001,1.89832,1.89846,485,8,0
2024-01-08 11:40:00,1.89846,1.8985400000000001,1.89777,1.8981,499,8,0
2024-01-08 11:45:00,1.8981,1.89946,1.89788,1.89932,632,8,0
2024-01-08 11:50:00,1.89932,1.8997000000000002,1.8991500000000001,1.89951,748,8,0
2024-01-08 11:55:00,1.89951,1.90009,1.89937,1.89988,550,8,0
2024-01-08 12:00:00,1.8998599999999999,1.90063,1.89982,1.90061,589,8,0
2024-01-08 12:05:00,1.90061,1.90123,1.90032,1.9010099999999999,644,8,0
2024-01-08 12:10:00,1.9010099999999999,1.90231,1.90093,1.9022000000000001,670,8,0
2024-01-08 12:15:00,1.9022000000000001,1.90222,1.9016199999999999,1.90208,471,8,0
2024-01-08 12:20:00,1.9021,1.90211,1.90123,1.90175,429,8,0
2024-01-08 12:25:00,1.90175,1.9019,1.90147,1.90147,333,8,0
2024-01-08 12:30:00,1.90147,1.90228,1.90091,1.90211,551,8,0
2024-01-08 12:35:00,1.90211,1.90226,1.90185,1.90222,336,8,0
2024-01-08 12:40:00,1.90222,1.90235,1.9016899999999999,1.90211,469,8,0
2024-01-08 12:45:00,1.90211,1.90231,1.90138,1.9014199999999999,550,8,0
2024-01-08 12:50:00,1.9014199999999999,1.9017300000000001,1.90115,1.90124,736,8,0
2024-01-08 12:55:00,1.90124,1.9013,1.90032,1.90041,801,8,0
2024-01-08 13:00:00,1.90041,1.9007100000000001,1.8999000000000001,1.9004400000000001,941,8,0
2024-01-08 13:05:00,1.9004400000000001,1.9016899999999999,1.9003999999999999,1.9010799999999999,816,8,0
2024-01-08 13:10:00,1.9010799999999999,1.90143,1.90097,1.90114,809,8,0
2024-01-08 13:15:00,1.90114,1.9012799999999999,1.9009,1.9009,790,8,0
2024-01-08 13:20:00,1.9009,1.9015,1.9005,1.90063,1049,8,0
2024-01-08 13:25:00,1.90062,1.90102,1.90022,1.9007399999999999,617,8,0
2024-01-08 13:30:00,1.9007399999999999,1.90181,1.90061,1.90168,885,8,0
2024-01-08 13:35:00,1.9017,1.90205,1.9010799999999999,1.90172,888,8,0
2024-01-08 13:40:00,1.90171,1.90221,1.90133,1.90158,894,8,0
2024-01-08 13:45:00,1.90158,1.90262,1.90149,1.90255,836,8,0
2024-01-08 13:50:00,1.90255,1.90343,1.90246,1.90305,844,8,0
2024-01-08 13:55:00,1.90305,1.90339,1.9024,1.90252,849,8,0
2024-01-08 14:00:00,1.90252,1.90278,1.9018199999999998,1.90224,1149,8,0
2024-01-08 14:05:00,1.90224,1.90247,1.90124,1.90151,868,8,0
2024-01-08 14:10:00,1.90151,1.90256,1.9014,1.9025400000000001,909,8,0
2024-01-08 14:15:00,1.9025400000000001,1.90287,1.90217,1.9028100000000001,949,8,0
2024-01-08 14:20:00,1.9028100000000001,1.90328,1.9022000000000001,1.9024299999999998,914,8,0
2024-01-08 14:25:00,1.9024299999999998,1.9026800000000001,1.90183,1.90187,917,8,0
2024-01-08 14:30:00,1.90188,1.90265,1.90174,1.90175,1414,8,0
2024-01-08 14:35:00,1.90175,1.90255,1.90129,1.9013200000000001,1490,8,0
2024-01-08 14:40:00,1.90133,1.9014600000000002,1.9007399999999999,1.90117,1333,8,0
2024-01-08 14:45:00,1.90117,1.9018199999999998,1.90038,1.90064,1518,8,0
2024-01-08 14:50:00,1.90064,1.90064,1.89946,1.9,1338,8,0
2024-01-08 14:55:00,1.8999700000000002,1.90021,1.89899,1.89928,1238,8,0
2024-01-08 15:00:00,1.89928,1.89967,1.89883,1.89927,1397,8,0
2024-01-08 15:05:00,1.89927,1.89927,1.8982,1.89899,1160,8,0
2024-01-08 15:10:00,1.89897,1.90009,1.89874,1.8998599999999999,1043,8,0
2024-01-08 15:15:00,1.8998599999999999,1.90018,1.89946,1.89985,1203,8,0
2024-01-08 15:20:00,1.89985,1.90059,1.8996,1.9003999999999999,851,8,0
2024-01-08 15:25:00,1.90041,1.9009399999999999,1.89913,1.89913,816,8,0
2024-01-08 15:30:00,1.89913,1.8995,1.89866,1.8993600000000002,1092,8,0
2024-01-08 15:35:00,1.8993600000000002,1.90055,1.8993,1.9003,965,8,0
2024-01-08 15:40:00,1.9003100000000002,1.90073,1.90003,1.9004400000000001,980,8,0
2024-01-08 15:45:00,1.9004400000000001,1.90059,1.89971,1.90018,1100,8,0
2024-01-08 15:50:00,1.90018,1.90059,1.89992,1.90029,1152,8,0
2024-01-08 15:55:00,1.90028,1.9007,1.89995,1.9003700000000001,855,8,0
2024-01-08 16:00:00,1.9003700000000001,1.90052,1.89937,1.9,1134,8,0
2024-01-08 16:05:00,1.89998,1.90009,1.89896,1.89928,1054,8,0
2024-01-08 16:10:00,1.89928,1.89939,1.89885,1.8992499999999999,1092,8,0
2024-01-08 16:15:00,1.8992499999999999,1.89946,1.89883,1.8988399999999999,1123,8,0
2024-01-08 16:20:00,1.8988399999999999,1.89955,1.89867,1.89941,1253,8,0
2024-01-08 16:25:00,1.8994,1.89958,1.89907,1.89924,1091,8,0
2024-01-08 16:30:00,1.8992200000000001,1.90012,1.8991,1.89982,860,8,0
2024-01-08 16:35:00,1.89982,1.8999000000000001,1.89924,1.8992499999999999,725,8,0
2024-01-08 16:40:00,1.8992499999999999,1.89939,1.89874,1.8993600000000002,803,8,0
2024-01-08 16:45:00,1.8993600000000002,1.8996300000000002,1.8990200000000002,1.8994900000000001,808,8,0
2024-01-08 16:50:00,1.8994900000000001,1.8997899999999999,1.8994,1.89978,836,8,0
2024-01-08 16:55:00,1.89978,1.8999700000000002,1.89959,1.89977,871,8,0
2024-01-08 17:00:00,1.89977,1.89978,1.89917,1.89919,892,8,0
2024-01-08 17:05:00,1.89919,1.89974,1.89908,1.8996499999999998,722,8,0
2024-01-08 17:10:00,1.8996499999999998,1.89993,1.89954,1.89958,802,8,0
2024-01-08 17:15:00,1.89958,1.89977,1.89924,1.8997000000000002,692,8,0
2024-01-08 17:20:00,1.89971,1.9001700000000001,1.89964,1.9,816,8,0
2024-01-08 17:25:00,1.9,1.90022,1.89981,1.89982,735,8,0
2024-01-08 17:30:00,1.8998599999999999,1.9002599999999998,1.8996,1.89982,818,8,0
2024-01-08 17:35:00,1.89982,1.9,1.89968,1.89984,657,8,0
2024-01-08 17:40:00,1.89984,1.90034,1.8998,1.90025,362,8,0
2024-01-08 17:45:00,1.90025,1.90036,1.89996,1.9,247,8,0
2024-01-08 17:50:00,1.9,1.90039,1.8999000000000001,1.90029,217,8,0
2024-01-08 17:55:00,1.90029,1.90053,1.90011,1.90023,310,8,0
2024-01-08 18:00:00,1.90023,1.90052,1.90018,1.9002599999999998,361,8,0
2024-01-08 18:05:00,1.90023,1.9002599999999998,1.89988,1.90004,389,8,0
2024-01-08 18:10:00,1.90004,1.90016,1.8998,1.90001,406,8,0
2024-01-08 18:15:00,1.90002,1.9000599999999999,1.89957,1.89971,387,8,0
2024-01-08 18:20:00,1.89971,1.9001700000000001,1.89966,1.9000599999999999,273,8,0
2024-01-08 18:25:00,1.9000599999999999,1.90038,1.8999000000000001,1.90035,441,8,0
2024-01-08 18:30:00,1.90035,1.90062,1.90014,1.90014,445,8,0
2024-01-08 18:35:00,1.90015,1.9003100000000002,1.89967,1.89967,282,8,0
2024-01-08 18:40:00,1.89968,1.89995,1.89917,1.89941,394,8,0
2024-01-08 18:45:00,1.89941,1.8995199999999999,1.8992200000000001,1.8992900000000001,264,8,0
2024-01-08 18:50:00,1.8992900000000001,1.89947,1.89905,1.89924,304,8,0
2024-01-08 18:55:00,1.89924,1.8993799999999998,1.8987,1.89883,537,8,0
2024-01-08 19:00:00,1.89883,1.8989500000000001,1.8984100000000002,1.89881,533,8,0
2024-01-08 19:05:00,1.89881,1.89923,1.89873,1.89901,321,8,0
2024-01-08 19:10:00,1.89901,1.89924,1.89897,1.89899,361,8,0
2024-01-08 19:15:00,1.89899,1.89914,1.8987699999999998,1.89878,446,8,0
2024-01-08 19:20:00,1.89878,1.89889,1.89851,1.89852,300,8,0
2024-01-08 19:25:00,1.89851,1.89855,1.8980700000000001,1.89811,564,8,0
2024-01-08 19:30:00,1.8981,1.89818,1.89797,1.89809,439,8,0
2024-01-08 19:35:00,1.89809,1.8984299999999998,1.89805,1.89837,212,8,0
2024-01-08 19:40:00,1.89837,1.8985400000000001,1.89792,1.89797,283,8,0
2024-01-08 19:45:00,1.89797,1.8981,1.89775,1.89776,410,8,0
2024-01-08 19:50:00,1.89776,1.8982299999999999,1.89768,1.8981,301,8,0
2024-01-08 19:55:00,1.8981,1.8981599999999998,1.89776,1.8979300000000001,459,8,0
2024-01-08 20:00:00,1.8979,1.8984,1.89779,1.89829,456,8,0
2024-01-08 20:05:00,1.89829,1.89851,1.8982700000000001,1.89839,269,8,0
2024-01-08 20:10:00,1.89838,1.89876,1.8981400000000002,1.89822,358,8,0
2024-01-08 20:15:00,1.89822,1.89825,1.8977300000000001,1.89774,361,8,0
2024-01-08 20:20:00,1.89774,1.89801,1.89767,1.89788,357,8,0
2024-01-08 20:25:00,1.89788,1.89813,1.89772,1.8978899999999999,353,8,0
2024-01-08 20:30:00,1.8978899999999999,1.8981599999999998,1.8978000000000002,1.89787,289,8,0
2024-01-08 20:35:00,1.89787,1.89804,1.8976,1.89765,265,8,0
2024-01-08 20:40:00,1.89765,1.8979599999999999,1.89759,1.89774,266,8,0
2024-01-08 20:45:00,1.89774,1.89828,1.89774,1.89828,369,8,0
2024-01-08 20:50:00,1.89828,1.89828,1.89767,1.8979599999999999,399,8,0
2024-01-08 20:55:00,1.89797,1.89806,1.8976199999999999,1.89781,501,8,0
2024-01-08 21:00:00,1.89781,1.8981599999999998,1.8976600000000001,1.8976899999999999,395,8,0
2024-01-08 21:05:00,1.8976899999999999,1.8977,1.89734,1.8975499999999998,265,8,0
2024-01-08 21:10:00,1.8975499999999998,1.89771,1.89724,1.89729,292,8,0
2024-01-08 21:15:00,1.89729,1.89745,1.89716,1.89731,179,8,0
2024-01-08 21:20:00,1.89731,1.89731,1.89684,1.89697,190,8,0
2024-01-08 21:25:00,1.89697,1.8971,1.89663,1.8966699999999999,246,8,0
2024-01-08 21:30:00,1.8966699999999999,1.89696,1.8965800000000002,1.89688,140,8,0
2024-01-08 21:35:00,1.89688,1.8970099999999999,1.89683,1.89697,96,8,0
2024-01-08 21:40:00,1.89697,1.89771,1.89697,1.8975499999999998,218,8,0
2024-01-08 21:45:00,1.89758,1.8977300000000001,1.89738,1.89765,136,8,0
2024-01-08 21:50:00,1.89765,1.89774,1.8973499999999999,1.89747,65,8,0
2024-01-08 21:55:00,1.89747,1.89752,1.8969,1.89693,255,8,0
2024-01-08 22:00:00,1.89684,1.89853,1.89478,1.8964699999999999,35,38,0
2024-01-08 22:05:00,1.8964699999999999,1.8977,1.8964699999999999,1.8976,43,65,0
2024-01-08 22:10:00,1.8976,1.89768,1.89717,1.89725,41,127,0
2024-01-08 22:15:00,1.89725,1.89744,1.89704,1.89716,80,79,0
2024-01-08 22:20:00,1.89703,1.89724,1.89649,1.8967100000000001,81,36,0
2024-01-08 22:25:00,1.8967,1.89809,1.89668,1.89756,60,24,0
2024-01-08 22:30:00,1.89756,1.89778,1.8973499999999999,1.89749,81,38,0
2024-01-08 22:35:00,1.89749,1.89749,1.89657,1.89695,247,37,0
2024-01-08 22:40:00,1.89695,1.8971,1.8967,1.89691,99,23,0
2024-01-08 22:45:00,1.89691,1.8975300000000002,1.8969,1.89697,188,30,0
2024-01-08 22:50:00,1.89704,1.8977300000000001,1.89697,1.89707,213,34,0
2024-01-08 22:55:00,1.89707,1.89747,1.89693,1.8973499999999999,185,26,0
2024-01-08 23:00:00,1.8973499999999999,1.89761,1.8963100000000002,1.89673,298,8,0
2024-01-08 23:05:00,1.8967100000000001,1.89736,1.8967100000000001,1.8971,104,13,0
2024-01-08 23:10:00,1.8971,1.89748,1.89663,1.89665,163,8,0
2024-01-08 23:15:00,1.89663,1.8972,1.89662,1.8971200000000001,75,8,0
2024-01-08 23:20:00,1.8971200000000001,1.89726,1.89697,1.89725,167,8,0
2024-01-08 23:25:00,1.89723,1.8974600000000001,1.89696,1.89722,163,8,0
2024-01-08 23:30:00,1.89723,1.89751,1.89714,1.89715,201,8,0
2024-01-08 23:35:00,1.89715,1.89775,1.89703,1.89757,175,8,0
2024-01-08 23:40:00,1.89757,1.89779,1.8971900000000002,1.89761,167,8,0
2024-01-08 23:45:00,1.8976199999999999,1.8976899999999999,1.89743,1.89754,138,8,0
2024-01-08 23:50:00,1.89752,1.89759,1.89729,1.8973,189,8,0
2024-01-08 23:55:00,1.8973,1.89734,1.89688,1.89691,158,8,0
2024-01-09 00:00:00,1.89691,1.89761,1.8968500000000001,1.8975,415,8,0
2024-01-09 00:05:00,1.8975,1.8976,1.8967399999999999,1.89682,452,8,0
2024-01-09 00:10:00,1.89682,1.89743,1.8965,1.8972099999999998,585,8,0
2024-01-09 00:15:00,1.8972099999999998,1.89726,1.8967100000000001,1.89718,498,8,0
2024-01-09 00:20:00,1.89718,1.8976199999999999,1.89677,1.89677,464,8,0
2024-01-09 00:25:00,1.89677,1.89725,1.89653,1.89675,395,8,0
2024-01-09 00:30:00,1.8966699999999999,1.8966699999999999,1.89508,1.89564,810,8,0
2024-01-09 00:35:00,1.89564,1.8963700000000001,1.89539,1.8954499999999999,475,8,0
2024-01-09 00:40:00,1.89546,1.89628,1.8954,1.89619,399,8,0
2024-01-09 00:45:00,1.89619,1.89713,1.89616,1.89704,539,8,0
2024-01-09 00:50:00,1.89704,1.89764,1.89645,1.8967,805,8,0
2024-01-09 00:55:00,1.8967,1.89756,1.8966699999999999,1.8975300000000002,573,8,0
2024-01-09 01:00:00,1.8975300000000002,1.89756,1.8968,1.89699,642,8,0
2024-01-09 01:05:00,1.89699,1.8973499999999999,1.89646,1.8967100000000001,596,8,0
2024-01-09 01:10:00,1.8967100000000001,1.89677,1.89625,1.89661,523,8,0
2024-01-09 01:15:00,1.89661,1.89757,1.89661,1.8973900000000001,769,8,0
2024-01-09 01:20:00,1.8973900000000001,1.89808,1.89729,1.8974199999999999,634,8,0
2024-01-09 01:25:00,1.8974199999999999,1.89743,1.89655,1.8968,561,8,0
2024-01-09 01:30:00,1.8968,1.89717,1.8963100000000002,1.8967399999999999,945,8,0
2024-01-09 01:35:00,1.8967399999999999,1.89682,1.8963,1.8968,745,8,0
2024-01-09 01:40:00,1.8968099999999999,1.89686,1.89596,1.89642,697,8,0
2024-01-09 01:45:00,1.89642,1.89665,1.8963,1.8963700000000001,539,8,0
2024-01-09 01:50:00,1.8963700000000001,1.89664,1.89595,1.89608,729,8,0
2024-01-09 01:55:00,1.89608,1.89661,1.8959899999999998,1.89641,555,8,0
2024-01-09 02:00:00,1.89641,1.8964400000000001,1.89553,1.89557,868,8,0
2024-01-09 02:05:00,1.8955600000000001,1.89589,1.89537,1.8955600000000001,698,8,0
2024-01-09 02:10:00,1.89555,1.8957600000000001,1.89524,1.8952900000000001,589,8,0
2024-01-09 02:15:00,1.8952900000000001,1.89614,1.89523,1.89594,496,8,0
2024-01-09 02:20:00,1.89593,1.89598,1.89539,1.89561,510,8,0
2024-01-09 02:25:00,1.89561,1.89598,1.8953600000000002,1.89594,483,8,0
2024-01-09 02:30:00,1.89594,1.89603,1.8955199999999999,1.89574,450,8,0
2024-01-09 02:35:00,1.89574,1.8964400000000001,1.89569,1.89632,431,8,0
2024-01-09 02:40:00,1.89632,1.89642,1.89605,1.8962400000000001,312,8,0
2024-01-09 02:45:00,1.8962400000000001,1.89641,1.89587,1.8961700000000001,393,8,0
2024-01-09 02:50:00,1.89616,1.89669,1.89614,1.89652,464,8,0
2024-01-09 02:55:00,1.89652,1.89684,1.89627,1.89643,455,8,0
2024-01-09 03:00:00,1.89641,1.89649,1.89611,1.89614,447,8,0
2024-01-09 03:05:00,1.89614,1.89656,1.89546,1.89562,498,8,0
2024-01-09 03:10:00,1.89562,1.89598,1.89542,1.8959000000000001,553,8,0
2024-01-09 03:15:00,1.8959000000000001,1.89607,1.89551,1.89568,581,8,0
2024-01-09 03:20:00,1.89568,1.89648,1.89568,1.89632,489,8,0
2024-01-09 03:25:00,1.8963100000000002,1.8964400000000001,1.896,1.89607,360,8,0
2024-01-09 03:30:00,1.89607,1.89676,1.89588,1.89664,435,8,0
2024-01-09 03:35:00,1.89664,1.8969,1.89629,1.8963100000000002,414,8,0
2024-01-09 03:40:00,1.8963100000000002,1.8969,1.89629,1.89684,427,8,0
2024-01-09 03:45:00,1.89684,1.89699,1.8964400000000001,1.89648,418,8,0
2024-01-09 03:50:00,1.89648,1.8965999999999998,1.89622,1.8965800000000002,428,8,0
2024-01-09 03:55:00,1.8965800000000002,1.89714,1.8963999999999999,1.8967800000000001,384,8,0
2024-01-09 04:00:00,1.8967800000000001,1.8971200000000001,1.89677,1.89706,534,8,0
2024-01-09 04:05:00,1.89706,1.89754,1.89682,1.8971,586,8,0
2024-01-09 04:10:00,1.89707,1.89745,1.8969,1.8973,407,8,0
2024-01-09 04:15:00,1.8973,1.89777,1.89714,1.89776,425,8,0
2024-01-09 04:20:00,1.89775,1.89819,1.89759,1.89818,498,8,0
2024-01-09 04:25:00,1.89818,1.89858,1.89802,1.8985699999999999,404,8,0
2024-01-09 04:30:00,1.8985699999999999,1.89873,1.89784,1.89801,441,8,0
2024-01-09 04:35:00,1.89801,1.89809,1.89781,1.89785,360,8,0
2024-01-09 04:40:00,1.89787,1.89787,1.89724,1.89733,382,8,0
2024-01-09 04:45:00,1.89733,1.89768,1.8973,1.89738,331,8,0
2024-01-09 04:50:00,1.89738,1.89748,1.89696,1.89696,325,8,0
2024-01-09 04:55:00,1.89696,1.89776,1.89696,1.89775,364,8,0
2024-01-09 05:00:00,1.89775,1.89785,1.89729,1.89767,400,8,0
2024-01-09 05:05:00,1.89767,1.89797,1.89758,1.89779,383,8,0
2024-01-09 05:10:00,1.89779,1.8982999999999999,1.89779,1.8982,305,8,0
2024-01-09 05:15:00,1.8982,1.89853,1.89795,1.89849,448,8,0
2024-01-09 05:20:00,1.89849,1.8989,1.89826,1.8984299999999998,491,8,0
2024-01-09 05:25:00,1.8984299999999998,1.89863,1.89826,1.89847,466,8,0
2024-01-09 05:30:00,1.89847,1.8987,1.89833,1.89847,481,8,0
2024-01-09 05:35:00,1.89847,1.89848,1.89815,1.89839,388,8,0
2024-01-09 05:40:00,1.89839,1.8989500000000001,1.89832,1.8987699999999998,503,8,0
2024-01-09 05:45:00,1.8987699999999998,1.89908,1.89865,1.8989,414,8,0
2024-01-09 05:50:00,1.8989,1.89926,1.8989,1.89908,410,8,0
2024-01-09 05:55:00,1.89908,1.89975,1.89908,1.89954,526,8,0
2024-01-09 06:00:00,1.89954,1.89973,1.89886,1.8995,441,8,0
2024-01-09 06:05:00,1.8995,1.8999899999999998,1.89948,1.89955,563,8,0
2024-01-09 06:10:00,1.89955,1.89992,1.89923,1.89984,445,8,0
2024-01-09 06:15:00,1.89984,1.9,1.89934,1.89944,505,8,0
2024-01-09 06:20:00,1.89944,1.8997199999999999,1.8994,1.89942,547,8,0
2024-01-09 06:25:00,1.89942,1.89961,1.89859,1.89867,360,8,0
2024-01-09 06:30:00,1.89867,1.89894,1.89833,1.89844,460,8,0
2024-01-09 06:35:00,1.89844,1.89912,1.89844,1.89878,401,8,0
2024-01-09 06:40:00,1.8987699999999998,1.8987699999999998,1.89832,1.89874,343,8,0
2024-01-09 06:45:00,1.89874,1.8997899999999999,1.89866,1.8997199999999999,578,8,0
2024-01-09 06:50:00,1.8997199999999999,1.90003,1.8994499999999999,1.8996499999999998,402,8,0
2024-01-09 06:55:00,1.8996499999999998,1.89966,1.89916,1.89934,408,8,0
2024-01-09 07:00:00,1.89934,1.90088,1.89921,1.90065,820,8,0
2024-01-09 07:05:00,1.90065,1.9007399999999999,1.89906,1.89921,714,8,0
2024-01-09 07:10:00,1.89923,1.90029,1.89899,1.90002,730,8,0
2024-01-09 07:15:00,1.89998,1.9003299999999999,1.8996499999999998,1.90011,708,8,0
2024-01-09 07:20:00,1.90011,1.90066,1.8998599999999999,1.90011,570,8,0
2024-01-09 07:25:00,1.90011,1.90016,1.8997600000000001,1.9000599999999999,519,8,0
2024-01-09 07:30:00,1.9000599999999999,1.90111,1.89998,1.90032,694,8,0
2024-01-09 07:35:00,1.90032,1.9003700000000001,1.89988,1.9003299999999999,516,8,0
2024-01-09 07:40:00,1.9003299999999999,1.90115,1.90029,1.90111,423,8,0
2024-01-09 07:45:00,1.90111,1.9018000000000002,1.90106,1.90164,609,8,0
2024-01-09 07:50:00,1.90164,1.90186,1.9012,1.90141,541,8,0
2024-01-09 07:55:00,1.90141,1.90152,1.9001700000000001,1.90048,441,8,0
2024-01-09 08:00:00,1.90048,1.90123,1.89985,1.90099,1012,8,0
2024-01-09 08:05:00,1.90099,1.90138,1.90059,1.90084,978,8,0
2024-01-09 08:10:00,1.90083,1.9017300000000001,1.9007399999999999,1.90157,747,8,0
2024-01-09 08:15:00,1.90157,1.9017300000000001,1.90126,1.90152,912,8,0
2024-01-09 08:20:00,1.90152,1.90152,1.9007800000000001,1.9013499999999999,669,8,0
2024-01-09 08:25:00,1.9013499999999999,1.90151,1.90076,1.90079,687,8,0
2024-01-09 08:30:00,1.90079,1.90117,1.90064,1.90084,828,8,0
2024-01-09 08:35:00,1.9008500000000002,1.9012099999999998,1.90039,1.9009,844,8,0
2024-01-09 08:40:00,1.9009,1.9015,1.9003,1.9003,570,8,0
2024-01-09 08:45:00,1.9003,1.9005,1.8998300000000001,1.9,571,8,0
2024-01-09 08:50:00,1.90001,1.90025,1.89953,1.90011,568,8,0
2024-01-09 08:55:00,1.90011,1.90039,1.8995,1.8996,748,8,0
2024-01-09 09:00:00,1.8996,1.8996,1.89886,1.8988800000000001,635,8,0
2024-01-09 09:05:00,1.8988800000000001,1.89912,1.89856,1.89908,604,8,0
2024-01-09 09:10:00,1.89907,1.89958,1.89874,1.89894,599,8,0
2024-01-09 09:15:00,1.89894,1.89944,1.89882,1.89927,626,8,0
2024-01-09 09:20:00,1.89927,1.89933,1.89867,1.8988800000000001,634,8,0
2024-01-09 09:25:00,1.89883,1.89889,1.89833,1.8984100000000002,543,8,0
2024-01-09 09:30:00,1.8984100000000002,1.89872,1.89768,1.89791,627,8,0
2024-01-09 09:35:00,1.89791,1.89822,1.89736,1.89768,500,8,0
2024-01-09 09:40:00,1.89767,1.89853,1.89761,1.89829,468,8,0
2024-01-09 09:45:00,1.89829,1.89866,1.89797,1.8986100000000001,510,8,0
2024-01-09 09:50:00,1.8986,1.8991,1.8984100000000002,1.8991,593,8,0
2024-01-09 09:55:00,1.8991099999999999,1.89969,1.89892,1.8994900000000001,653,8,0
2024-01-09 10:00:00,1.89948,1.89996,1.89899,1.89909,667,8,0
2024-01-09 10:05:00,1.89909,1.8994499999999999,1.89889,1.89905,557,8,0
2024-01-09 10:10:00,1.89905,1.89931,1.8988399999999999,1.8991099999999999,486,8,0
2024-01-09 10:15:00,1.8991,1.89934,1.8988800000000001,1.89927,591,8,0
2024-01-09 10:20:00,1.89927,1.89931,1.89893,1.89894,459,8,0
2024-01-09 10:25:00,1.89894,1.90023,1.8989099999999999,1.90014,509,8,0
2024-01-09 10:30:00,1.90014,1.90035,1.89994,1.89994,513,8,0
2024-01-09 10:35:00,1.89994,1.90084,1.89985,1.9008099999999999,478,8,0
2024-01-09 10:40:00,1.90083,1.9011900000000002,1.90063,1.90097,568,8,0
2024-01-09 10:45:00,1.90097,1.90097,1.89994,1.90027,719,8,0
2024-01-09 10:50:00,1.90027,1.90029,1.89973,1.90021,592,8,0
2024-01-09 10:55:00,1.90021,1.9004400000000001,1.89978,1.9003700000000001,586,8,0
2024-01-09 11:00:00,1.9003700000000001,1.90043,1.8997600000000001,1.89996,528,8,0
2024-01-09 11:05:00,1.89996,1.90008,1.89969,1.8998599999999999,359,8,0
2024-01-09 11:10:00,1.8998599999999999,1.89987,1.89913,1.89934,555,8,0
2024-01-09 11:15:00,1.89937,1.89939,1.89892,1.89912,429,8,0
2024-01-09 11:20:00,1.89912,1.8998300000000001,1.89901,1.8997600000000001,607,8,0
2024-01-09 11:25:00,1.8997600000000001,1.89991,1.8992,1.8996300000000002,332,8,0
2024-01-09 11:30:00,1.8996300000000002,1.89991,1.89944,1.89953,415,8,0
2024-01-09 11:35:00,1.89953,1.90027,1.89932,1.90012,531,8,0
2024-01-09 11:40:00,1.90012,1.90016,1.8996499999999998,1.9000599999999999,425,8,0
2024-01-09 11:45:00,1.9000599999999999,1.9001000000000001,1.89959,1.89964,485,8,0
2024-01-09 11:50:00,1.89964,1.90054,1.8993799999999998,1.9003,604,8,0
2024-01-09 11:55:00,1.9003,1.90052,1.8998,1.89991,584,8,0
2024-01-09 12:00:00,1.89991,1.9001700000000001,1.89943,1.89971,484,8,0
2024-01-09 12:05:00,1.89971,1.9002,1.8996499999999998,1.9001000000000001,488,8,0
2024-01-09 12:10:00,1.90014,1.9003299999999999,1.89987,1.90001,460,8,0
2024-01-09 12:15:00,1.90001,1.90009,1.8996300000000002,1.89991,529,8,0
2024-01-09 12:20:00,1.89991,1.90066,1.89974,1.90015,618,8,0
2024-01-09 12:25:00,1.90015,1.9003299999999999,1.89985,1.90011,519,8,0
2024-01-09 12:30:00,1.90011,1.90021,1.89905,1.89926,519,8,0
2024-01-09 12:35:00,1.89924,1.8997199999999999,1.89905,1.89967,401,8,0
2024-01-09 12:40:00,1.89967,1.90015,1.89944,1.9,537,8,0
2024-01-09 12:45:00,1.9,1.9008,1.89995,1.90073,545,8,0
2024-01-09 12:50:00,1.90073,1.9010799999999999,1.90016,1.90021,635,8,0
2024-01-09 12:55:00,1.90018,1.90062,1.90007,1.90049,687,8,0
2024-01-09 13:00:00,1.90049,1.90138,1.90042,1.90125,749,8,0
2024-01-09 13:05:00,1.90125,1.9013900000000001,1.9009200000000002,1.90115,572,8,0
2024-01-09 13:10:00,1.90115,1.9012799999999999,1.9009200000000002,1.90106,700,8,0
2024-01-09 13:15:00,1.90106,1.90138,1.90097,1.90117,663,8,0
2024-01-09 13:20:00,1.90118,1.9018199999999998,1.9009200000000002,1.90164,957,8,0
2024-01-09 13:25:00,1.90165,1.90168,1.90073,1.90084,761,8,0
2024-01-09 13:30:00,1.90084,1.90099,1.90005,1.90005,738,8,0
2024-01-09 13:35:00,1.90003,1.90035,1.89914,1.89966,1123,8,0
2024-01-09 13:40:00,1.89966,1.90032,1.8994900000000001,1.89996,976,8,0
2024-01-09 13:45:00,1.89996,1.90062,1.89988,1.90045,938,8,0
2024-01-09 13:50:00,1.90049,1.90075,1.90032,1.90038,1153,8,0
2024-01-09 13:55:00,1.90038,1.90045,1.89962,1.89969,1253,8,0
2024-01-09 14:00:00,1.8997000000000002,1.8997000000000002,1.8987699999999998,1.89901,1107,8,0
2024-01-09 14:05:00,1.89901,1.89957,1.8988399999999999,1.8993799999999998,931,8,0
2024-01-09 14:10:00,1.8993799999999998,1.89957,1.89901,1.8990399999999998,791,8,0
2024-01-09 14:15:00,1.89905,1.90021,1.89885,1.90005,749,8,0
2024-01-09 14:20:00,1.90005,1.9003,1.8998599999999999,1.90004,661,8,0
2024-01-09 14:25:00,1.90004,1.9007,1.90004,1.90057,840,8,0
2024-01-09 14:30:00,1.90057,1.90181,1.90057,1.90111,1478,8,0
2024-01-09 14:35:00,1.90111,1.9014600000000002,1.90079,1.9010799999999999,1299,8,0
2024-01-09 14:40:00,1.9010799999999999,1.9016199999999999,1.90089,1.9012099999999998,808,8,0
2024-01-09 14:45:00,1.9012099999999998,1.90161,1.90086,1.9013499999999999,1128,8,0
2024-01-09 14:50:00,1.90136,1.9015499999999999,1.90077,1.90117,1250,8,0
2024-01-09 14:55:00,1.90117,1.9013900000000001,1.90069,1.90076,1263,8,0
2024-01-09 15:00:00,1.9007399999999999,1.9013900000000001,1.90065,1.90113,1009,8,0
2024-01-09 15:05:00,1.90113,1.90138,1.90077,1.90093,1072,8,0
2024-01-09 15:10:00,1.90093,1.90172,1.90073,1.90145,1064,8,0
2024-01-09 15:15:00,1.90145,1.9016600000000001,1.90077,1.90093,845,8,0
2024-01-09 15:20:00,1.90093,1.9015499999999999,1.90091,1.9012,839,8,0
2024-01-09 15:25:00,1.9012,1.90199,1.9008699999999998,1.9018899999999999,913,8,0
2024-01-09 15:30:00,1.9019300000000001,1.90195,1.90129,1.9013499999999999,841,8,0
2024-01-09 15:35:00,1.9013499999999999,1.90242,1.90129,1.90194,857,8,0
2024-01-09 15:40:00,1.90194,1.90217,1.90137,1.90157,691,8,0
2024-01-09 15:45:00,1.90157,1.9016899999999999,1.90102,1.90104,816,8,0
2024-01-09 15:50:00,1.90104,1.90106,1.90002,1.9003,1167,8,0
2024-01-09 15:55:00,1.9003,1.9010099999999999,1.90018,1.90075,1156,8,0
2024-01-09 16:00:00,1.90075,1.9007800000000001,1.90027,1.90064,1253,8,0
2024-01-09 16:05:00,1.90064,1.90065,1.8998,1.9003299999999999,953,8,0
2024-01-09 16:10:00,1.9003100000000002,1.90035,1.8995199999999999,1.89993,847,8,0
2024-01-09 16:15:00,1.89994,1.90028,1.89959,1.89995,649,8,0
2024-01-09 16:20:00,1.89995,1.90025,1.8996300000000002,1.8997600000000001,638,8,0
2024-01-09 16:25:00,1.8997600000000001,1.9002400000000002,1.8996300000000002,1.90009,830,8,0
2024-01-09 16:30:00,1.90009,1.90025,1.89957,1.89996,802,8,0
2024-01-09 16:35:00,1.89998,1.90045,1.89981,1.9000599999999999,734,8,0
2024-01-09 16:40:00,1.9000599999999999,1.90038,1.90003,1.9001000000000001,772,8,0
2024-01-09 16:45:00,1.9001000000000001,1.90095,1.89995,1.90057,630,8,0
2024-01-09 16:50:00,1.90057,1.9007399999999999,1.9003299999999999,1.90048,630,8,0
2024-01-09 16:55:00,1.90048,1.9009800000000001,1.90023,1.9008500000000002,744,8,0
2024-01-09 17:00:00,1.9008500000000002,1.90149,1.9008099999999999,1.9014799999999998,659,8,0
2024-01-09 17:05:00,1.9014799999999998,1.9015900000000001,1.9007800000000001,1.9009800000000001,691,8,0
2024-01-09 17:10:00,1.9009800000000001,1.90122,1.90083,1.90117,500,8,0
2024-01-09 17:15:00,1.90116,1.90122,1.9006699999999999,1.9008,507,8,0
2024-01-09 17:20:00,1.9008,1.9008500000000002,1.90021,1.9002400000000002,576,8,0
2024-01-09 17:25:00,1.9002400000000002,1.9007,1.90015,1.9005999999999998,418,8,0
2024-01-09 17:30:00,1.90061,1.90099,1.90049,1.90099,478,8,0
2024-01-09 17:35:00,1.901,1.9010099999999999,1.90045,1.90063,485,8,0
2024-01-09 17:40:00,1.9005999999999998,1.9008699999999998,1.90048,1.9005,551,8,0
2024-01-09 17:45:00,1.9005,1.9012,1.90049,1.90104,379,8,0
2024-01-09 17:50:00,1.90104,1.90123,1.90076,1.90099,438,8,0
2024-01-09 17:55:00,1.90099,1.90117,1.90079,1.90083,460,8,0
2024-01-09 18:00:00,1.90083,1.9009,1.90021,1.90049,785,8,0
2024-01-09 18:05:00,1.90049,1.9012099999999998,1.90039,1.90118,680,8,0
2024-01-09 18:10:00,1.90118,1.90126,1.9009200000000002,1.9010799999999999,780,8,0
2024-01-09 18:15:00,1.9010799999999999,1.90154,1.90104,1.90154,619,8,0
2024-01-09 18:20:00,1.90154,1.90164,1.9009800000000001,1.9012799999999999,778,8,0
2024-01-09 18:25:00,1.9012799999999999,1.90137,1.9007399999999999,1.90115,745,8,0
2024-01-09 18:30:00,1.90115,1.90156,1.90106,1.90122,846,8,0
2024-01-09 18:35:00,1.90122,1.90124,1.9005100000000001,1.90052,572,8,0
2024-01-09 18:40:00,1.90053,1.9008699999999998,1.90043,1.9006699999999999,533,8,0
2024-01-09 18:45:00,1.9006699999999999,1.9007100000000001,1.90023,1.90043,455,8,0
2024-01-09 18:50:00,1.90043,1.9004699999999999,1.8999000000000001,1.89998,613,8,0
2024-01-09 18:55:00,1.89998,1.9002,1.89933,1.8994900000000001,719,8,0
2024-01-09 19:00:00,1.8994900000000001,1.89985,1.89923,1.89982,659,8,0
2024-01-09 19:05:00,1.89982,1.89998,1.89944,1.89944,658,8,0
2024-01-09 19:10:00,1.89944,1.8999899999999998,1.8993799999999998,1.8999000000000001,666,8,0
2024-01-09 19:15:00,1.8999000000000001,1.90004,1.89971,1.89989,723,8,0
2024-01-09 19:20:00,1.89989,1.90012,1.8998,1.90007,519,8,0
2024-01-09 19:25:00,1.90009,1.90045,1.89996,1.9002,539,8,0
2024-01-09 19:30:00,1.9002,1.90052,1.90014,1.90052,427,8,0
2024-01-09 19:35:00,1.90052,1.90106,1.90025,1.9002599999999998,559,8,0
2024-01-09 19:40:00,1.90025,1.90062,1.9001700000000001,1.90045,444,8,0
2024-01-09 19:45:00,1.90045,1.90053,1.8999899999999998,1.90008,528,8,0
2024-01-09 19:50:00,1.90008,1.90039,1.89982,1.8999000000000001,515,8,0
2024-01-09 19:55:00,1.8999000000000001,1.9001299999999999,1.89955,1.89988,577,8,0
2024-01-09 20:00:00,1.89988,1.90004,1.89919,1.89968,741,8,0
2024-01-09 20:05:00,1.89968,1.90022,1.8996499999999998,1.8999700000000002,577,8,0
2024-01-09 20:10:00,1.8999700000000002,1.9001000000000001,1.8997600000000001,1.90003,449,8,0
2024-01-09 20:15:00,1.90003,1.90016,1.89982,1.89993,495,8,0
2024-01-09 20:20:00,1.89993,1.90015,1.89973,1.90003,498,8,0
2024-01-09 20:25:00,1.90003,1.90049,1.89992,1.9004400000000001,511,8,0
2024-01-09 20:30:00,1.90045,1.90063,1.90027,1.90049,511,8,0
2024-01-09 20:35:00,1.90052,1.9005999999999998,1.90038,1.9005,542,8,0
2024-01-09 20:40:00,1.9005,1.90083,1.90048,1.9007,670,8,0
2024-01-09 20:45:00,1.90069,1.90106,1.9005800000000002,1.90106,492,8,0
2024-01-09 20:50:00,1.90106,1.90109,1.90046,1.90052,531,8,0
2024-01-09 20:55:00,1.90052,1.9006699999999999,1.9000599999999999,1.9001700000000001,555,8,0
2024-01-09 21:00:00,1.90015,1.90036,1.89998,1.9003,307,8,0
2024-01-09 21:05:00,1.9003,1.9004699999999999,1.9001000000000001,1.9002599999999998,245,8,0
2024-01-09 21:10:00,1.9002599999999998,1.9005,1.90022,1.9005,152,8,0
2024-01-09 21:15:00,1.9005,1.9007,1.9004400000000001,1.9005999999999998,143,8,0
2024-01-09 21:20:00,1.9005999999999998,1.90061,1.90035,1.90043,122,8,0
2024-01-09 21:25:00,1.90043,1.90088,1.90029,1.90032,254,8,0
2024-01-09 21:30:00,1.90028,1.90076,1.90028,1.90072,260,8,0
2024-01-09 21:35:00,1.90072,1.9007399999999999,1.9004699999999999,1.90061,73,8,0
2024-01-09 21:40:00,1.9005999999999998,1.90065,1.90035,1.90045,159,8,0
2024-01-09 21:45:00,1.90045,1.90046,1.9003,1.90041,88,8,0
2024-01-09 21:50:00,1.90041,1.90046,1.90023,1.90027,136,8,0
2024-01-09 21:55:00,1.90027,1.9007100000000001,1.90025,1.9005999999999998,151,8,0
2024-01-09 22:00:00,1.90062,1.90062,1.8996499999999998,1.8997000000000002,25,21,0
2024-01-09 22:05:00,1.8997899999999999,1.90049,1.8994,1.89982,66,92,0
2024-01-09 22:10:00,1.89982,1.9003999999999999,1.89937,1.9003999999999999,35,51,0
2024-01-09 22:15:00,1.9003999999999999,1.9005100000000001,1.9001700000000001,1.90039,20,22,0
2024-01-09 22:20:00,1.90046,1.90068,1.89981,1.90025,84,34,0
2024-01-09 22:25:00,1.90029,1.9010500000000001,1.90025,1.90072,165,67,0
2024-01-09 22:30:00,1.90072,1.90099,1.90059,1.9009399999999999,141,53,0
2024-01-09 22:35:00,1.9009399999999999,1.9012099999999998,1.90042,1.90059,146,30,0
2024-01-09 22:40:00,1.9005800000000002,1.9011900000000002,1.90012,1.9002599999999998,222,8,0
2024-01-09 22:45:00,1.9002599999999998,1.90095,1.9002599999999998,1.90056,149,40,0
2024-01-09 22:50:00,1.90065,1.90107,1.90042,1.90086,210,32,0
2024-01-09 22:55:00,1.90086,1.90103,1.9003100000000002,1.90048,246,21,0
2024-01-09 23:00:00,1.90048,1.90106,1.90048,1.9008699999999998,252,8,0
2024-01-09 23:05:00,1.9008699999999998,1.90183,1.9008500000000002,1.90183,155,8,0
2024-01-09 23:10:00,1.90183,1.90188,1.90075,1.9008099999999999,194,9,0
2024-01-09 23:15:00,1.9008099999999999,1.90122,1.90077,1.90114,107,8,0
2024-01-09 23:20:00,1.90114,1.9015300000000002,1.90107,1.90138,78,8,0
2024-01-09 23:25:00,1.90136,1.90181,1.90124,1.90174,163,8,0
2024-01-09 23:30:00,1.90174,1.90205,1.90172,1.9020299999999999,194,8,0
2024-01-09 23:35:00,1.9020299999999999,1.90224,1.90185,1.90188,138,8,0
2024-01-09 23:40:00,1.90188,1.90188,1.90161,1.9018000000000002,168,8,0
2024-01-09 23:45:00,1.9018000000000002,1.9021599999999999,1.9018000000000002,1.90213,105,8,0
2024-01-09 23:50:00,1.90213,1.90224,1.90184,1.90185,174,8,0
2024-01-09 23:55:00,1.90186,1.90186,1.90136,1.90151,232,8,0
2024-01-10 00:00:00,1.90152,1.90233,1.90151,1.90192,278,8,0
2024-01-10 00:05:00,1.90192,1.90205,1.90141,1.90178,276,8,0
2024-01-10 00:10:00,1.90178,1.9019599999999999,1.9012099999999998,1.90127,341,8,0
2024-01-10 00:15:00,1.90127,1.90164,1.90118,1.90123,400,8,0
2024-01-10 00:20:00,1.90127,1.9016899999999999,1.9010500000000001,1.90143,326,8,0
2024-01-10 00:25:00,1.90144,1.90183,1.9013,1.90134,293,8,0
2024-01-10 00:30:00,1.9012799999999999,1.90269,1.9000599999999999,1.90007,640,8,0
2024-01-10 00:35:00,1.90007,1.90034,1.89894,1.89899,605,8,0
2024-01-10 00:40:00,1.899,1.9002400000000002,1.89897,1.89992,538,8,0
2024-01-10 00:45:00,1.89992,1.9003,1.89971,1.90005,578,8,0
2024-01-10 00:50:00,1.90005,1.901,1.90005,1.90049,740,8,0
2024-01-10 00:55:00,1.9004699999999999,1.90118,1.90021,1.90073,749,8,0
2024-01-10 01:00:00,1.90073,1.90073,1.90034,1.90052,567,8,0
2024-01-10 01:05:00,1.90052,1.90052,1.89978,1.89982,467,8,0
2024-01-10 01:10:00,1.89982,1.9000599999999999,1.89898,1.8993600000000002,707,8,0
2024-01-10 01:15:00,1.8993600000000002,1.8998,1.8990200000000002,1.89937,770,8,0
2024-01-10 01:20:00,1.89937,1.89955,1.8990399999999998,1.8994,513,8,0
2024-01-10 01:25:00,1.8994,1.89966,1.8992499999999999,1.89942,415,8,0
2024-01-10 01:30:00,1.89942,1.8994499999999999,1.89874,1.89897,774,8,0
2024-01-10 01:35:00,1.89897,1.89923,1.89813,1.89831,696,8,0
2024-01-10 01:40:00,1.89833,1.8986399999999999,1.89781,1.89833,802,8,0
2024-01-10 01:45:00,1.89833,1.89853,1.89795,1.89812,603,8,0
2024-01-10 01:50:00,1.89812,1.8984999999999999,1.89777,1.89811,564,8,0
2024-01-10 01:55:00,1.89811,1.8981599999999998,1.89706,1.8975300000000002,511,8,0
2024-01-10 02:00:00,1.8975300000000002,1.8976899999999999,1.89628,1.89689,702,8,0
2024-01-10 02:05:00,1.89689,1.89689,1.89564,1.89618,545,8,0
2024-01-10 02:10:00,1.89618,1.8967399999999999,1.89618,1.8965999999999998,537,8,0
2024-01-10 02:15:00,1.8965999999999998,1.89669,1.8957600000000001,1.896,578,8,0
2024-01-10 02:20:00,1.896,1.89669,1.89594,1.89655,478,8,0
2024-01-10 02:25:00,1.89655,1.89704,1.89645,1.89703,424,8,0
2024-01-10 02:30:00,1.89703,1.89725,1.89618,1.89652,571,8,0
2024-01-10 02:35:00,1.89652,1.8971200000000001,1.89652,1.8968500000000001,442,8,0
2024-01-10 02:40:00,1.8968500000000001,1.89697,1.89634,1.89638,317,8,0
2024-01-10 02:45:00,1.89638,1.89664,1.89589,1.89625,433,8,0
2024-01-10 02:50:00,1.89628,1.8968099999999999,1.89615,1.8965999999999998,482,8,0
2024-01-10 02:55:00,1.8965999999999998,1.89676,1.89615,1.89641,573,8,0
2024-01-10 03:00:00,1.89643,1.89653,1.89535,1.89542,439,8,0
2024-01-10 03:05:00,1.89542,1.89555,1.8947,1.89471,362,8,0
2024-01-10 03:10:00,1.89471,1.89514,1.89469,1.8949500000000001,461,8,0
2024-01-10 03:15:00,1.8949500000000001,1.89516,1.8944299999999998,1.89445,493,8,0
2024-01-10 03:20:00,1.89445,1.89496,1.8938899999999999,1.89494,638,8,0
2024-01-10 03:25:00,1.89494,1.89532,1.8942700000000001,1.8944999999999999,522,8,0
2024-01-10 03:30:00,1.8944999999999999,1.89469,1.8942299999999999,1.89458,392,8,0
2024-01-10 03:35:00,1.89458,1.89476,1.8943400000000001,1.8944299999999998,317,8,0
2024-01-10 03:40:00,1.8944299999999998,1.89499,1.89438,1.89473,466,8,0
2024-01-10 03:45:00,1.89473,1.89547,1.89467,1.8954499999999999,443,8,0
2024-01-10 03:50:00,1.89544,1.89558,1.8949099999999999,1.89523,394,8,0
2024-01-10 03:55:00,1.89523,1.89569,1.8949799999999999,1.895,494,8,0
2024-01-10 04:00:00,1.895,1.8951799999999999,1.89473,1.89482,312,8,0
2024-01-10 04:05:00,1.89482,1.89524,1.8948,1.8949799999999999,305,8,0
2024-01-10 04:10:00,1.895,1.8950900000000002,1.89453,1.89474,322,8,0
2024-01-10 04:15:00,1.89474,1.89514,1.89471,1.8949,262,8,0
2024-01-10 04:20:00,1.8949,1.8950200000000001,1.89465,1.8947699999999998,239,8,0
2024-01-10 04:25:00,1.8947699999999998,1.8949500000000001,1.8946399999999999,1.89471,233,8,0
2024-01-10 04:30:00,1.89472,1.8947699999999998,1.89419,1.89421,387,8,0
2024-01-10 04:35:00,1.89418,1.8947500000000002,1.89408,1.89426,352,8,0
2024-01-10 04:40:00,1.89426,1.8947699999999998,1.8941400000000002,1.89432,347,8,0
2024-01-10 04:45:00,1.89432,1.8949799999999999,1.89432,1.8949099999999999,300,8,0
2024-01-10 04:50:00,1.8949099999999999,1.89493,1.89451,1.8948399999999999,276,8,0
2024-01-10 04:55:00,1.8948399999999999,1.89519,1.89476,1.89517,318,8,0
2024-01-10 05:00:00,1.89517,1.89553,1.89501,1.89527,503,8,0
2024-01-10 05:05:00,1.89527,1.89539,1.89494,1.89539,342,8,0
2024-01-10 05:10:00,1.89539,1.89539,1.8948399999999999,1.8949099999999999,283,8,0
2024-01-10 05:15:00,1.8949099999999999,1.8949799999999999,1.89471,1.89476,247,8,0
2024-01-10 05:20:00,1.89476,1.8949,1.89445,1.89489,323,8,0
2024-01-10 05:25:00,1.89489,1.89546,1.89487,1.8954499999999999,362,8,0
2024-01-10 05:30:00,1.89544,1.89544,1.89465,1.8948800000000001,306,8,0
2024-01-10 05:35:00,1.89489,1.89503,1.8948,1.89486,288,8,0
2024-01-10 05:40:00,1.89486,1.89542,1.89483,1.89519,381,8,0
2024-01-10 05:45:00,1.89519,1.89527,1.8945400000000001,1.89479,458,8,0
2024-01-10 05:50:00,1.89479,1.8948399999999999,1.8945400000000001,1.89459,350,8,0
2024-01-10 05:55:00,1.89458,1.89501,1.8944,1.89462,479,8,0
2024-01-10 06:00:00,1.8946399999999999,1.89481,1.8944999999999999,1.8947,463,8,0
2024-01-10 06:05:00,1.8947,1.8949500000000001,1.89451,1.89453,437,8,0
2024-01-10 06:10:00,1.8945400000000001,1.89532,1.89426,1.8952200000000001,333,8,0
2024-01-10 06:15:00,1.8952200000000001,1.89584,1.8952,1.8952,516,8,0
2024-01-10 06:20:00,1.8952,1.8954,1.89463,1.89481,408,8,0
2024-01-10 06:25:00,1.89479,1.89508,1.89476,1.8949799999999999,410,8,0
2024-01-10 06:30:00,1.8949799999999999,1.8952900000000001,1.8947699999999998,1.8952200000000001,280,8,0
2024-01-10 06:35:00,1.8952200000000001,1.89592,1.89512,1.89588,318,8,0
2024-01-10 06:40:00,1.89588,1.89623,1.8957899999999999,1.89587,403,8,0
2024-01-10 06:45:00,1.89587,1.89592,1.8949799999999999,1.89537,542,8,0
2024-01-10 06:50:00,1.8953799999999998,1.89562,1.89486,1.89547,417,8,0
2024-01-10 06:55:00,1.89547,1.89608,1.89547,1.8959700000000002,487,8,0
2024-01-10 07:00:00,1.8959700000000002,1.89663,1.8958300000000001,1.89662,768,8,0
2024-01-10 07:05:00,1.89662,1.8968,1.8957199999999998,1.89577,716,8,0
2024-01-10 07:10:00,1.89577,1.89643,1.8955600000000001,1.89608,631,8,0
2024-01-10 07:15:00,1.89608,1.89632,1.89595,1.8961999999999999,431,8,0
2024-01-10 07:20:00,1.8961999999999999,1.89663,1.89608,1.89621,516,8,0
2024-01-10 07:25:00,1.89621,1.89622,1.89497,1.8951,639,8,0
2024-01-10 07:30:00,1.8951,1.89607,1.89508,1.89601,772,8,0
2024-01-10 07:35:00,1.89602,1.8967,1.89595,1.89607,612,8,0
2024-01-10 07:40:00,1.89607,1.8961000000000001,1.8949799999999999,1.8949799999999999,603,8,0
2024-01-10 07:45:00,1.8949799999999999,1.89544,1.89486,1.89516,554,8,0
2024-01-10 07:50:00,1.89517,1.89542,1.89473,1.89479,662,8,0
2024-01-10 07:55:00,1.89479,1.89512,1.8945699999999999,1.8949500000000001,824,8,0
2024-01-10 08:00:00,1.8949500000000001,1.8961999999999999,1.8948399999999999,1.89611,1103,8,0
2024-01-10 08:05:00,1.89611,1.8968,1.89609,1.89662,683,8,0
2024-01-10 08:10:00,1.89662,1.89757,1.8965100000000001,1.89737,646,8,0
2024-01-10 08:15:00,1.89738,1.89741,1.89684,1.8973,848,8,0
2024-01-10 08:20:00,1.8973,1.8977300000000001,1.89689,1.89697,924,8,0
2024-01-10 08:25:00,1.89697,1.89716,1.89622,1.8963100000000002,841,8,0
2024-01-10 08:30:00,1.8963100000000002,1.89677,1.89611,1.89673,786,8,0
2024-01-10 08:35:00,1.89673,1.89715,1.89664,1.8969,635,8,0
2024-01-10 08:40:00,1.8969,1.8972,1.89663,1.8969,505,8,0
2024-01-10 08:45:00,1.8969,1.89695,1.89598,1.8962400000000001,601,8,0
2024-01-10 08:50:00,1.8962400000000001,1.89662,1.8959899999999998,1.89621,626,8,0
2024-01-10 08:55:00,1.89621,1.89691,1.89594,1.89652,558,8,0
2024-01-10 09:00:00,1.89652,1.89724,1.89652,1.89652,711,8,0
2024-01-10 09:05:00,1.8965100000000001,1.89656,1.89574,1.89621,773,8,0
2024-01-10 09:10:00,1.89622,1.89691,1.8961000000000001,1.89672,605,8,0
2024-01-10 09:15:00,1.89672,1.8971,1.8961999999999999,1.8968500000000001,536,8,0
2024-01-10 09:20:00,1.8968500000000001,1.89703,1.89652,1.8967800000000001,577,8,0
2024-01-10 09:25:00,1.8967800000000001,1.8971,1.89662,1.8969200000000002,616,8,0
2024-01-10 09:30:00,1.89693,1.8974,1.89693,1.89725,579,8,0
2024-01-10 09:35:00,1.89725,1.89726,1.89649,1.89696,635,8,0
2024-01-10 09:40:00,1.89696,1.89715,1.89677,1.89688,461,8,0
2024-01-10 09:45:00,1.89688,1.89716,1.89643,1.8970799999999999,468,8,0
2024-01-10 09:50:00,1.8970799999999999,1.8972099999999998,1.89664,1.8970500000000001,576,8,0
2024-01-10 09:55:00,1.8970500000000001,1.89724,1.89688,1.89689,322,8,0
2024-01-10 10:00:00,1.89689,1.89771,1.89684,1.8976600000000001,542,8,0
2024-01-10 10:05:00,1.8976600000000001,1.8977300000000001,1.89665,1.8968699999999998,605,8,0
2024-01-10 10:10:00,1.8968699999999998,1.89726,1.8967399999999999,1.89703,469,8,0
2024-01-10 10:15:00,1.89703,1.89747,1.89697,1.89717,591,8,0
2024-01-10 10:20:00,1.89718,1.8974600000000001,1.89696,1.89697,543,8,0
2024-01-10 10:25:00,1.8970099999999999,1.89709,1.89623,1.89639,694,8,0
2024-01-10 10:30:00,1.89636,1.89657,1.8961000000000001,1.89627,555,8,0
2024-01-10 10:35:00,1.89627,1.89657,1.8960599999999999,1.8964699999999999,361,8,0
2024-01-10 10:40:00,1.8964699999999999,1.89672,1.89632,1.8965,479,8,0
2024-01-10 10:45:00,1.89649,1.8975,1.89649,1.8973200000000001,395,8,0
2024-01-10 10:50:00,1.89733,1.89768,1.89724,1.89745,470,8,0
2024-01-10 10:55:00,1.89745,1.8979,1.89743,1.89781,515,8,0
2024-01-10 11:00:00,1.89781,1.8980700000000001,1.89757,1.89761,506,8,0
2024-01-10 11:05:00,1.8976199999999999,1.89781,1.89743,1.89767,416,8,0
2024-01-10 11:10:00,1.89767,1.8979300000000001,1.8975,1.89776,406,8,0
2024-01-10 11:15:00,1.89776,1.8980700000000001,1.89771,1.8979,365,8,0
2024-01-10 11:20:00,1.8979,1.89809,1.89768,1.89771,351,8,0
2024-01-10 11:25:00,1.89771,1.89794,1.89722,1.8975,478,8,0
2024-01-10 11:30:00,1.8975,1.89767,1.8973900000000001,1.8975499999999998,363,8,0
2024-01-10 11:35:00,1.89754,1.8979599999999999,1.8974199999999999,1.89757,504,8,0
2024-01-10 11:40:00,1.89757,1.89765,1.89726,1.89758,438,8,0
2024-01-10 11:45:00,1.89758,1.89787,1.89745,1.89787,329,8,0
2024-01-10 11:50:00,1.89787,1.8979,1.89726,1.8975,368,8,0
2024-01-10 11:55:00,1.8975,1.8980000000000001,1.89743,1.89779,395,8,0
2024-01-10 12:00:00,1.89779,1.89812,1.89734,1.8973900000000001,507,8,0
2024-01-10 12:05:00,1.8973900000000001,1.8974,1.89695,1.89723,575,8,0
2024-01-10 12:10:00,1.89723,1.89725,1.8967,1.89696,509,8,0
2024-01-10 12:15:00,1.89696,1.8974,1.89695,1.89733,452,8,0
2024-01-10 12:20:00,1.89733,1.8973499999999999,1.89652,1.89653,576,8,0
2024-01-10 12:25:00,1.89653,1.8971,1.89652,1.8968500000000001,512,8,0
2024-01-10 12:30:00,1.8968500000000001,1.89737,1.8967399999999999,1.89702,473,8,0
2024-01-10 12:35:00,1.89702,1.8973,1.89683,1.89729,512,8,0
2024-01-10 12:40:00,1.89729,1.89813,1.89729,1.89805,536,8,0
2024-01-10 12:45:00,1.89805,1.89853,1.8979300000000001,1.8984100000000002,485,8,0
2024-01-10 12:50:00,1.8984100000000002,1.89863,1.8979,1.89794,574,8,0
2024-01-10 12:55:00,1.89794,1.89831,1.89774,1.8981,537,8,0
2024-01-10 13:00:00,1.8981,1.89879,1.89801,1.89858,783,8,0
2024-01-10 13:05:00,1.89858,1.89909,1.8979599999999999,1.89858,703,8,0
2024-01-10 13:10:00,1.8986,1.89975,1.89858,1.89939,921,8,0
2024-01-10 13:15:00,1.89939,1.89993,1.89932,1.89993,772,8,0
2024-01-10 13:20:00,1.89993,1.9002599999999998,1.8994,1.89962,671,8,0
2024-01-10 13:25:00,1.89962,1.9003999999999999,1.89944,1.90022,985,8,0
2024-01-10 13:30:00,1.90022,1.90042,1.89971,1.9002,805,8,0
2024-01-10 13:35:00,1.9002,1.90038,1.89992,1.90011,906,8,0
2024-01-10 13:40:00,1.90011,1.9004400000000001,1.89988,1.90039,910,8,0
2024-01-10 13:45:00,1.90039,1.9009399999999999,1.9002400000000002,1.90054,745,8,0
2024-01-10 13:50:00,1.90054,1.90057,1.8994900000000001,1.8995600000000001,615,8,0
2024-01-10 13:55:00,1.8995600000000001,1.89971,1.89912,1.89962,504,8,0
2024-01-10 14:00:00,1.89962,1.90008,1.89939,1.8996499999999998,617,8,0
2024-01-10 14:05:00,1.89964,1.8996499999999998,1.89871,1.89878,620,8,0
2024-01-10 14:10:00,1.89878,1.89959,1.89869,1.8995,591,8,0
2024-01-10 14:15:00,1.8995,1.90062,1.8993600000000002,1.90028,797,8,0
2024-01-10 14:20:00,1.90028,1.9009800000000001,1.9002599999999998,1.90062,704,8,0
2024-01-10 14:25:00,1.90062,1.9009399999999999,1.90035,1.9005999999999998,651,8,0
2024-01-10 14:30:00,1.9005999999999998,1.90072,1.89946,1.8995600000000001,973,8,0
2024-01-10 14:35:00,1.89957,1.90003,1.89944,1.8999899999999998,970,8,0
2024-01-10 14:40:00,1.9,1.9008099999999999,1.89982,1.9004699999999999,980,8,0
2024-01-10 14:45:00,1.9004699999999999,1.90061,1.89957,1.89984,991,8,0
2024-01-10 14:50:00,1.89984,1.90035,1.8995,1.8997199999999999,1103,8,0
2024-01-10 14:55:00,1.8997199999999999,1.90127,1.8996499999999998,1.90122,1060,8,0
2024-01-10 15:00:00,1.9012099999999998,1.90177,1.90095,1.90157,934,8,0
2024-01-10 15:05:00,1.90157,1.90202,1.9013900000000001,1.9018000000000002,1081,8,0
2024-01-10 15:10:00,1.9018000000000002,1.90191,1.90079,1.90104,941,8,0
2024-01-10 15:15:00,1.9010500000000001,1.90127,1.90066,1.90088,888,8,0
2024-01-10 15:20:00,1.90088,1.90093,1.90039,1.90082,874,8,0
2024-01-10 15:25:00,1.90082,1.90096,1.90014,1.90045,1022,8,0
2024-01-10 15:30:00,1.90045,1.90107,1.9003999999999999,1.9007,1125,8,0
2024-01-10 15:35:00,1.9007,1.90111,1.9006699999999999,1.90095,987,8,0
2024-01-10 15:40:00,1.90095,1.90124,1.9007,1.9011900000000002,917,8,0
2024-01-10 15:45:00,1.9011900000000002,1.90163,1.90099,1.90141,886,8,0
2024-01-10 15:50:00,1.90141,1.9025699999999999,1.90123,1.9025699999999999,874,8,0
2024-01-10 15:55:00,1.9025699999999999,1.90259,1.9018199999999998,1.90195,935,8,0
2024-01-10 16:00:00,1.90194,1.9024,1.90183,1.90218,1066,8,0
2024-01-10 16:05:00,1.90218,1.90238,1.90186,1.90237,630,8,0
2024-01-10 16:10:00,1.90237,1.90289,1.90212,1.90279,765,8,0
2024-01-10 16:15:00,1.90276,1.90289,1.90233,1.90239,849,8,0
2024-01-10 16:20:00,1.90239,1.90265,1.90206,1.90212,587,8,0
2024-01-10 16:25:00,1.90212,1.90238,1.90191,1.9020899999999998,699,8,0
2024-01-10 16:30:00,1.9020899999999998,1.9028100000000001,1.90202,1.90262,630,8,0
2024-01-10 16:35:00,1.9026100000000001,1.9028800000000001,1.90183,1.90219,702,8,0
2024-01-10 16:40:00,1.90219,1.90219,1.9015,1.90157,503,8,0
2024-01-10 16:45:00,1.90157,1.9017300000000001,1.90129,1.9014199999999999,565,8,0
2024-01-10 16:50:00,1.9014199999999999,1.9020000000000001,1.90131,1.90165,710,8,0
2024-01-10 16:55:00,1.90165,1.90251,1.90164,1.90228,552,8,0
2024-01-10 17:00:00,1.90228,1.90239,1.90163,1.90163,564,8,0
2024-01-10 17:05:00,1.90163,1.90168,1.9013200000000001,1.9016199999999999,536,8,0
2024-01-10 17:10:00,1.9016199999999999,1.90178,1.9009800000000001,1.90113,496,8,0
2024-01-10 17:15:00,1.90113,1.9015900000000001,1.90113,1.90117,500,8,0
2024-01-10 17:20:00,1.90117,1.90165,1.9010799999999999,1.90154,412,8,0
2024-01-10 17:25:00,1.90154,1.90186,1.9009399999999999,1.9011200000000001,462,8,0
2024-01-10 17:30:00,1.9011200000000001,1.90149,1.90072,1.9011900000000002,290,8,0
2024-01-10 17:35:00,1.9011900000000002,1.9013,1.90091,1.90111,297,8,0
2024-01-10 17:40:00,1.90111,1.9013499999999999,1.9005999999999998,1.90109,531,8,0
2024-01-10 17:45:00,1.90109,1.90125,1.9009,1.90099,507,8,0
2024-01-10 17:50:00,1.901,1.90202,1.9009,1.90188,572,8,0
2024-01-10 17:55:00,1.90188,1.90194,1.90141,1.90152,500,8,0
2024-01-10 18:00:00,1.90152,1.90179,1.90088,1.9010500000000001,682,8,0
2024-01-10 18:05:00,1.9010500000000001,1.9019,1.90084,1.90186,676,8,0
2024-01-10 18:10:00,1.90186,1.90242,1.90183,1.90212,668,8,0
2024-01-10 18:15:00,1.90213,1.9022700000000001,1.90187,1.9022299999999999,395,8,0
2024-01-10 18:20:00,1.9022299999999999,1.90274,1.9021400000000002,1.9024100000000002,407,8,0
2024-01-10 18:25:00,1.9024100000000002,1.90272,1.9022999999999999,1.90258,684,8,0
2024-01-10 18:30:00,1.90258,1.90272,1.9022999999999999,1.90248,476,8,0
2024-01-10 18:35:00,1.90248,1.9026999999999998,1.90236,1.90245,411,8,0
2024-01-10 18:40:00,1.90246,1.9026100000000001,1.90228,1.90235,380,8,0
2024-01-10 18:45:00,1.90235,1.90242,1.90171,1.90172,328,8,0
2024-01-10 18:50:00,1.90172,1.9018000000000002,1.9015499999999999,1.90178,342,8,0
2024-01-10 18:55:00,1.90178,1.9019300000000001,1.90158,1.9016199999999999,276,8,0
2024-01-10 19:00:00,1.9016199999999999,1.90178,1.90145,1.90171,360,8,0
2024-01-10 19:05:00,1.90171,1.9025400000000001,1.9016899999999999,1.90252,314,8,0
2024-01-10 19:10:00,1.90252,1.9026399999999999,1.90208,1.90212,421,8,0
2024-01-10 19:15:00,1.90212,1.90212,1.9018000000000002,1.9018199999999998,366,8,0
2024-01-10 19:20:00,1.9018199999999998,1.90222,1.9018199999999998,1.90213,276,8,0
2024-01-10 19:25:00,1.90213,1.90215,1.90183,1.90195,334,8,0
2024-01-10 19:30:00,1.90195,1.90221,1.90176,1.9022000000000001,300,8,0
2024-01-10 19:35:00,1.90219,1.90276,1.9021400000000002,1.90221,360,8,0
2024-01-10 19:40:00,1.9022000000000001,1.90253,1.90213,1.90217,404,8,0
2024-01-10 19:45:00,1.90217,1.90229,1.9018000000000002,1.90199,293,8,0
2024-01-10 19:50:00,1.90199,1.9020000000000001,1.90152,1.90152,349,8,0
2024-01-10 19:55:00,1.90152,1.9017,1.9013499999999999,1.9016600000000001,412,8,0
2024-01-10 20:00:00,1.9016600000000001,1.90167,1.90125,1.9013200000000001,302,8,0
2024-01-10 20:05:00,1.9013200000000001,1.90134,1.90102,1.9012,385,8,0
2024-01-10 20:10:00,1.9012,1.90163,1.90091,1.9013499999999999,650,8,0
2024-01-10 20:15:00,1.9013499999999999,1.90178,1.9007100000000001,1.90147,1139,8,0
2024-01-10 20:20:00,1.9014600000000002,1.90204,1.90117,1.90197,878,8,0
2024-01-10 20:25:00,1.90197,1.90208,1.90149,1.90163,733,8,0
2024-01-10 20:30:00,1.90163,1.90179,1.90123,1.90149,627,8,0
2024-01-10 20:35:00,1.90149,1.90154,1.9012099999999998,1.90138,612,8,0
2024-01-10 20:40:00,1.90138,1.90172,1.90123,1.9015,557,8,0
2024-01-10 20:45:00,1.9015,1.90165,1.90116,1.9015,469,8,0
2024-01-10 20:50:00,1.9015,1.90174,1.90129,1.9013499999999999,637,8,0
2024-01-10 20:55:00,1.90134,1.9016,1.9009800000000001,1.90157,577,8,0
2024-01-10 21:00:00,1.90157,1.9015900000000001,1.90129,1.9015,344,8,0
2024-01-10 21:05:00,1.90149,1.90158,1.90143,1.90151,224,8,0
2024-01-10 21:10:00,1.90151,1.90151,1.90129,1.9013900000000001,176,8,0
2024-01-10 21:15:00,1.9013900000000001,1.90163,1.90138,1.90149,197,8,0
2024-01-10 21:20:00,1.90149,1.90156,1.9013200000000001,1.9014,158,8,0
2024-01-10 21:25:00,1.9014,1.90152,1.90125,1.9013900000000001,176,8,0
2024-01-10 21:30:00,1.9013900000000001,1.9016199999999999,1.90138,1.9015,162,8,0
2024-01-10 21:35:00,1.90151,1.90191,1.90149,1.9018899999999999,139,8,0
2024-01-10 21:40:00,1.9019,1.9019,1.9015499999999999,1.90167,173,8,0
2024-01-10 21:45:00,1.90167,1.9019300000000001,1.9016199999999999,1.9018899999999999,223,8,0
2024-01-10 21:50:00,1.9018899999999999,1.90208,1.90161,1.90163,82,8,0
2024-01-10 21:55:00,1.90163,1.90192,1.90158,1.9018199999999998,185,8,0
2024-01-10 22:00:00,1.9018199999999998,1.9018199999999998,1.8997000000000002,1.89988,10,29,0
2024-01-10 22:05:00,1.89988,1.90122,1.89988,1.90025,41,45,0
2024-01-10 22:10:00,1.90014,1.90129,1.90014,1.90109,66,138,0
2024-01-10 22:15:00,1.90109,1.90114,1.8996,1.89974,96,151,0
2024-01-10 22:20:00,1.89974,1.90042,1.89973,1.90001,49,180,0
2024-01-10 22:25:00,1.90001,1.90012,1.89971,1.8999700000000002,73,164,0
2024-01-10 22:30:00,1.8999700000000002,1.90099,1.8999700000000002,1.90097,53,123,0
2024-01-10 22:35:00,1.90097,1.9010500000000001,1.9009,1.90099,147,119,0
2024-01-10 22:40:00,1.90099,1.90181,1.9007800000000001,1.90179,127,51,0
2024-01-10 22:45:00,1.90179,1.90179,1.9003100000000002,1.9005800000000002,272,21,0
2024-01-10 22:50:00,1.90057,1.90084,1.90054,1.90075,124,71,0
2024-01-10 22:55:00,1.90075,1.90151,1.90075,1.90151,384,58,0
2024-01-10 23:00:00,1.90151,1.90184,1.90136,1.90152,245,13,0
2024-01-10 23:05:00,1.90152,1.9015300000000002,1.9012099999999998,1.90137,92,11,0
2024-01-10 23:10:00,1.90137,1.90176,1.90136,1.90141,138,13,0
2024-01-10 23:15:00,1.90141,1.90192,1.90133,1.9019,85,8,0
2024-01-10 23:20:00,1.9019,1.90195,1.90172,1.90184,129,8,0
2024-01-10 23:25:00,1.90184,1.90204,1.9014,1.9015300000000002,102,8,0
2024-01-10 23:30:00,1.9015300000000002,1.90181,1.9015300000000002,1.9016899999999999,111,8,0
2024-01-10 23:35:00,1.9016899999999999,1.9020000000000001,1.9015900000000001,1.90199,218,8,0
2024-01-10 23:40:00,1.90199,1.9026100000000001,1.90178,1.90184,191,8,0
2024-01-10 23:45:00,1.90184,1.90186,1.9014,1.90143,167,8,0
2024-01-10 23:50:00,1.90143,1.90165,1.9012799999999999,1.9012799999999999,124,8,0
2024-01-10 23:55:00,1.9012799999999999,1.9017,1.90127,1.90157,170,8,0
2024-01-11 00:00:00,1.90157,1.9016899999999999,1.9013900000000001,1.90157,251,8,0
2024-01-11 00:05:00,1.90157,1.9020000000000001,1.9014799999999998,1.90199,348,8,0
2024-01-11 00:10:00,1.90199,1.90218,1.90185,1.90199,363,8,0
2024-01-11 00:15:00,1.90199,1.90206,1.9013200000000001,1.9013200000000001,408,8,0
2024-01-11 00:20:00,1.9013200000000001,1.90145,1.90089,1.90107,332,8,0
2024-01-11 00:25:00,1.90107,1.90109,1.90049,1.90063,356,8,0
2024-01-11 00:30:00,1.90063,1.9012,1.9005999999999998,1.9007399999999999,396,8,0
2024-01-11 00:35:00,1.9007399999999999,1.90093,1.90069,1.90089,228,8,0
2024-01-11 00:40:00,1.90089,1.90095,1.90038,1.90041,246,8,0
2024-01-11 00:45:00,1.90039,1.90056,1.89967,1.8997199999999999,353,8,0
2024-01-11 00:50:00,1.8997199999999999,1.90035,1.8997199999999999,1.8998300000000001,546,8,0
2024-01-11 00:55:00,1.8997000000000002,1.9005,1.89964,1.90027,501,8,0
2024-01-11 01:00:00,1.90027,1.90038,1.89994,1.90014,728,8,0
2024-01-11 01:05:00,1.90014,1.90032,1.89941,1.89948,669,8,0
2024-01-11 01:10:00,1.89948,1.89964,1.89928,1.8993799999999998,699,8,0
2024-01-11 01:15:00,1.8993799999999998,1.89968,1.89923,1.89933,637,8,0
2024-01-11 01:20:00,1.89933,1.89985,1.89897,1.89981,577,8,0
2024-01-11 01:25:00,1.89981,1.90028,1.89967,1.90005,507,8,0
2024-01-11 01:30:00,1.90005,1.9003,1.8997199999999999,1.8997600000000001,635,8,0
2024-01-11 01:35:00,1.8997600000000001,1.90027,1.89962,1.9001299999999999,552,8,0
2024-01-11 01:40:00,1.9001299999999999,1.9003100000000002,1.89985,1.89985,437,8,0
2024-01-11 01:45:00,1.89985,1.90007,1.8996499999999998,1.8999899999999998,585,8,0
2024-01-11 01:50:00,1.8999899999999998,1.9,1.89946,1.8996,473,8,0
2024-01-11 01:55:00,1.89962,1.8998599999999999,1.8995199999999999,1.89958,352,8,0
2024-01-11 02:00:00,1.89958,1.89996,1.8995600000000001,1.89984,453,8,0
2024-01-11 02:05:00,1.89984,1.89995,1.8995600000000001,1.8997000000000002,314,8,0
2024-01-11 02:10:00,1.8997000000000002,1.90011,1.89957,1.8998,511,8,0
2024-01-11 02:15:00,1.8998,1.8998,1.89874,1.89897,770,8,0
2024-01-11 02:20:00,1.89897,1.89993,1.89889,1.89959,662,8,0
2024-01-11 02:25:00,1.89959,1.89992,1.8994499999999999,1.89958,389,8,0
2024-01-11 02:30:00,1.89958,1.9001299999999999,1.8992499999999999,1.89998,452,8,0
2024-01-11 02:35:00,1.89998,1.90069,1.8999700000000002,1.90052,517,8,0
2024-01-11 02:40:00,1.90052,1.90102,1.90023,1.9009800000000001,567,8,0
2024-01-11 02:45:00,1.9009800000000001,1.9012799999999999,1.90066,1.90088,551,8,0
2024-01-11 02:50:00,1.90088,1.90122,1.90065,1.90097,385,8,0
2024-01-11 02:55:00,1.90097,1.90111,1.90075,1.90106,472,8,0
2024-01-11 03:00:00,1.90104,1.90104,1.90055,1.9005800000000002,464,8,0
2024-01-11 03:05:00,1.9005800000000002,1.90073,1.90022,1.90069,506,8,0
2024-01-11 03:10:00,1.9007,1.9007399999999999,1.90032,1.90043,420,8,0
2024-01-11 03:15:00,1.90043,1.90054,1.9002,1.90029,312,8,0
2024-01-11 03:20:00,1.90029,1.90038,1.90005,1.90016,275,8,0
2024-01-11 03:25:00,1.9001700000000001,1.90021,1.89957,1.89967,364,8,0
2024-01-11 03:30:00,1.89967,1.8997199999999999,1.899,1.89928,403,8,0
2024-01-11 03:35:00,1.89928,1.89947,1.8990399999999998,1.8991799999999999,327,8,0
2024-01-11 03:40:00,1.8991799999999999,1.89942,1.8988,1.89931,318,8,0
2024-01-11 03:45:00,1.89931,1.89937,1.89881,1.899,295,8,0
2024-01-11 03:50:00,1.899,1.89905,1.8987500000000002,1.8988399999999999,277,8,0
2024-01-11 03:55:00,1.8988399999999999,1.89926,1.89881,1.8989099999999999,384,8,0
2024-01-11 04:00:00,1.8989099999999999,1.89897,1.89847,1.89894,290,8,0
2024-01-11 04:05:00,1.8989500000000001,1.89926,1.8987500000000002,1.89905,271,8,0
2024-01-11 04:10:00,1.89905,1.89937,1.89859,1.89866,433,8,0
2024-01-11 04:15:00,1.89865,1.8991099999999999,1.89856,1.89907,347,8,0
2024-01-11 04:20:00,1.89906,1.89921,1.89876,1.89897,369,8,0
2024-01-11 04:25:00,1.89897,1.89919,1.8988800000000001,1.8991,324,8,0
2024-01-11 04:30:00,1.8991,1.89926,1.89893,1.89897,239,8,0
2024-01-11 04:35:00,1.89897,1.89907,1.89837,1.89871,363,8,0
2024-01-11 04:40:00,1.89871,1.89921,1.8986399999999999,1.89914,264,8,0
2024-01-11 04:45:00,1.89914,1.89966,1.8991,1.8996499999999998,240,8,0
2024-01-11 04:50:00,1.8996499999999998,1.89973,1.89933,1.89953,327,8,0
2024-01-11 04:55:00,1.89953,1.8996499999999998,1.89933,1.89955,245,8,0
2024-01-11 05:00:00,1.89955,1.8997199999999999,1.8993600000000002,1.89937,339,8,0
2024-01-11 05:05:00,1.89937,1.8994,1.899,1.8991500000000001,424,8,0
2024-01-11 05:10:00,1.8991500000000001,1.8995,1.89912,1.89932,517,8,0
2024-01-11 05:15:00,1.89932,1.8993799999999998,1.89889,1.89934,516,8,0
2024-01-11 05:20:00,1.89934,1.8997899999999999,1.89917,1.89964,377,8,0
2024-01-11 05:25:00,1.89964,1.8997899999999999,1.8992499999999999,1.89937,410,8,0
2024-01-11 05:30:00,1.89939,1.89947,1.89903,1.8993799999999998,419,8,0
2024-01-11 05:35:00,1.8993799999999998,1.8995199999999999,1.8991099999999999,1.89927,350,8,0
2024-01-11 05:40:00,1.89927,1.89932,1.89886,1.8992200000000001,323,8,0
2024-01-11 05:45:00,1.8992200000000001,1.89928,1.89909,1.8992499999999999,289,8,0
2024-01-11 05:50:00,1.8992499999999999,1.89947,1.89908,1.8994499999999999,351,8,0
2024-01-11 05:55:00,1.8994499999999999,1.89977,1.8992200000000001,1.8996499999999998,451,8,0
2024-01-11 06:00:00,1.8996499999999998,1.9003100000000002,1.89934,1.90028,430,8,0
2024-01-11 06:05:00,1.9003100000000002,1.9010799999999999,1.90023,1.9008500000000002,371,8,0
2024-01-11 06:10:00,1.90084,1.9009399999999999,1.9004400000000001,1.90062,465,8,0
2024-01-11 06:15:00,1.90062,1.90116,1.9005,1.90062,419,8,0
2024-01-11 06:20:00,1.90064,1.90086,1.90043,1.9005100000000001,270,8,0
2024-01-11 06:25:00,1.9005100000000001,1.9007800000000001,1.90038,1.90043,368,8,0
2024-01-11 06:30:00,1.90043,1.9012099999999998,1.90028,1.90088,519,8,0
2024-01-11 06:35:00,1.9008500000000002,1.90143,1.9008099999999999,1.90093,456,8,0
2024-01-11 06:40:00,1.90093,1.9009399999999999,1.89998,1.9003700000000001,529,8,0
2024-01-11 06:45:00,1.9003700000000001,1.90083,1.9003,1.9007100000000001,456,8,0
2024-01-11 06:50:00,1.9007100000000001,1.9007399999999999,1.89995,1.90025,380,8,0
2024-01-11 06:55:00,1.90025,1.90043,1.89971,1.90032,418,8,0
2024-01-11 07:00:00,1.90032,1.9007,1.90012,1.90034,596,8,0
2024-01-11 07:05:00,1.90034,1.90046,1.89967,1.89973,467,8,0
2024-01-11 07:10:00,1.89973,1.9,1.89937,1.8998599999999999,477,8,0
2024-01-11 07:15:00,1.89982,1.90046,1.8998,1.9003,339,8,0
2024-01-11 07:20:00,1.9003100000000002,1.9009,1.90021,1.90052,316,8,0
2024-01-11 07:25:00,1.90052,1.90069,1.90027,1.90062,385,8,0
2024-01-11 07:30:00,1.90062,1.90073,1.9003999999999999,1.9004400000000001,524,8,0
2024-01-11 07:35:00,1.9004400000000001,1.90048,1.9001700000000001,1.9003299999999999,510,8,0
2024-01-11 07:40:00,1.9003299999999999,1.9004400000000001,1.89995,1.9001000000000001,567,8,0
2024-01-11 07:45:00,1.9001000000000001,1.90053,1.8998599999999999,1.89996,401,8,0
2024-01-11 07:50:00,1.89996,1.9003100000000002,1.89993,1.9003,338,8,0
2024-01-11 07:55:00,1.9003,1.90086,1.90025,1.90072,422,8,0
2024-01-11 08:00:00,1.9007399999999999,1.9008,1.89984,1.90034,937,8,0
2024-01-11 08:05:00,1.90034,1.9005100000000001,1.9000599999999999,1.90039,658,8,0
2024-01-11 08:10:00,1.90042,1.90082,1.90027,1.9003999999999999,643,8,0
2024-01-11 08:15:00,1.90041,1.90079,1.9,1.9003700000000001,574,8,0
2024-01-11 08:20:00,1.9003700000000001,1.90062,1.90004,1.90007,574,8,0
2024-01-11 08:25:00,1.90007,1.90027,1.8996300000000002,1.8997899999999999,541,8,0
2024-01-11 08:30:00,1.8997899999999999,1.8998300000000001,1.89924,1.89951,543,8,0
2024-01-11 08:35:00,1.8995199999999999,1.90052,1.89948,1.90052,553,8,0
2024-01-11 08:40:00,1.90054,1.90054,1.90001,1.90021,537,8,0
2024-01-11 08:45:00,1.90021,1.9009399999999999,1.90021,1.90076,442,8,0
2024-01-11 08:50:00,1.90076,1.9008699999999998,1.9003700000000001,1.9007,548,8,0
2024-01-11 08:55:00,1.9007,1.90114,1.90049,1.9011,526,8,0
2024-01-11 09:00:00,1.9011,1.90124,1.9008099999999999,1.90118,723,8,0
2024-01-11 09:05:00,1.90118,1.90118,1.90062,1.90066,641,8,0
2024-01-11 09:10:00,1.90066,1.90097,1.9003,1.90049,744,8,0
2024-01-11 09:15:00,1.90049,1.9008500000000002,1.9003100000000002,1.9004699999999999,527,8,0
2024-01-11 09:20:00,1.90046,1.90065,1.90015,1.9003100000000002,613,8,0
2024-01-11 09:25:00,1.9003100000000002,1.9004400000000001,1.89971,1.90004,669,8,0
2024-01-11 09:30:00,1.90004,1.9003100000000002,1.89894,1.89909,1065,8,0
2024-01-11 09:35:00,1.89909,1.89909,1.89829,1.89839,759,8,0
2024-01-11 09:40:00,1.8984,1.89842,1.89786,1.89828,882,8,0
2024-01-11 09:45:00,1.89828,1.8984100000000002,1.89776,1.8978000000000002,730,8,0
2024-01-11 09:50:00,1.8978199999999998,1.89804,1.8975300000000002,1.89802,733,8,0
2024-01-11 09:55:00,1.89801,1.89852,1.8978199999999998,1.89829,663,8,0
2024-01-11 10:00:00,1.89829,1.89906,1.8982,1.89883,807,8,0
2024-01-11 10:05:00,1.89883,1.89942,1.89872,1.8992900000000001,672,8,0
2024-01-11 10:10:00,1.8992900000000001,1.89937,1.8987699999999998,1.899,476,8,0
2024-01-11 10:15:00,1.8990200000000002,1.89962,1.89874,1.89959,647,8,0
2024-01-11 10:20:00,1.89959,1.89974,1.89931,1.89941,618,8,0
2024-01-11 10:25:00,1.89941,1.89975,1.89916,1.89968,696,8,0
2024-01-11 10:30:00,1.89968,1.90002,1.89944,1.89989,596,8,0
2024-01-11 10:35:00,1.89988,1.90002,1.8991799999999999,1.89937,601,8,0
2024-01-11 10:40:00,1.8993600000000002,1.90015,1.89932,1.9001299999999999,524,8,0
2024-01-11 10:45:00,1.9001299999999999,1.9003,1.89984,1.9001299999999999,658,8,0
2024-01-11 10:50:00,1.90012,1.90016,1.89973,1.90016,532,8,0
2024-01-11 10:55:00,1.90016,1.90064,1.8999899999999998,1.90038,541,8,0
2024-01-11 11:00:00,1.90038,1.9010500000000001,1.90019,1.90103,885,8,0
2024-01-11 11:05:00,1.90103,1.9015300000000002,1.9009,1.9014799999999998,869,8,0
2024-01-11 11:10:00,1.9014799999999998,1.9014799999999998,1.90086,1.90117,737,8,0
2024-01-11 11:15:00,1.90117,1.90192,1.90088,1.9018000000000002,759,8,0
2024-01-11 11:20:00,1.90179,1.90206,1.90168,1.9018199999999998,577,8,0
2024-01-11 11:25:00,1.9018199999999998,1.9018899999999999,1.90129,1.90136,536,8,0
2024-01-11 11:30:00,1.90136,1.9020000000000001,1.9013499999999999,1.9018899999999999,489,8,0
2024-01-11 11:35:00,1.9018899999999999,1.90212,1.9014,1.90165,473,8,0
2024-01-11 11:40:00,1.90165,1.9017,1.90126,1.90154,350,8,0
2024-01-11 11:45:00,1.90154,1.90199,1.90143,1.9019,469,8,0
2024-01-11 11:50:00,1.9019,1.9022999999999999,1.9018000000000002,1.9019300000000001,517,8,0
2024-01-11 11:55:00,1.9019300000000001,1.90235,1.90184,1.90229,518,8,0
2024-01-11 12:00:00,1.90226,1.90239,1.9016600000000001,1.9021599999999999,621,8,0
2024-01-11 12:05:00,1.9021599999999999,1.90249,1.9020299999999999,1.90248,474,8,0
2024-01-11 12:10:00,1.90248,1.90398,1.90248,1.90396,486,8,0
2024-01-11 12:15:00,1.90395,1.9042400000000002,1.90324,1.90332,678,8,0
2024-01-11 12:20:00,1.90332,1.9033600000000002,1.90278,1.9028100000000001,506,8,0
2024-01-11 12:25:00,1.90283,1.90324,1.90266,1.9030200000000002,562,8,0
2024-01-11 12:30:00,1.90303,1.90312,1.90212,1.90228,763,8,0
2024-01-11 12:35:00,1.90228,1.90258,1.90215,1.90233,614,8,0
2024-01-11 12:40:00,1.90233,1.90273,1.9020299999999999,1.9020299999999999,652,8,0
2024-01-11 12:45:00,1.9020299999999999,1.90219,1.90156,1.9018000000000002,679,8,0
2024-01-11 12:50:00,1.9018000000000002,1.90208,1.9017,1.90186,615,8,0
2024-01-11 12:55:00,1.90185,1.9022000000000001,1.90157,1.90168,671,8,0
2024-01-11 13:00:00,1.90168,1.90168,1.90061,1.9007800000000001,969,8,0
2024-01-11 13:05:00,1.9007800000000001,1.90107,1.8999899999999998,1.90012,857,8,0
2024-01-11 13:10:00,1.90012,1.90039,1.89977,1.89995,942,8,0
2024-01-11 13:15:00,1.89996,1.90082,1.89977,1.90082,768,8,0
2024-01-11 13:20:00,1.90083,1.9013,1.9001000000000001,1.9001700000000001,1087,8,0
2024-01-11 13:25:00,1.9001700000000001,1.90202,1.9000599999999999,1.90049,1127,8,0
2024-01-11 13:30:00,1.90049,1.90709,1.89941,1.90499,3214,8,0
2024-01-11 13:35:00,1.90495,1.90575,1.9031500000000001,1.90476,3041,8,0
2024-01-11 13:40:00,1.9047800000000001,1.9051,1.90381,1.90484,2657,8,0
2024-01-11 13:45:00,1.90483,1.90574,1.90371,1.90549,2025,8,0
2024-01-11 13:50:00,1.90549,1.90714,1.90529,1.90705,1818,8,0
2024-01-11 13:55:00,1.90705,1.90767,1.90632,1.90705,1827,8,0
2024-01-11 14:00:00,1.9070399999999998,1.9073,1.90653,1.90707,1895,8,0
2024-01-11 14:05:00,1.9071099999999999,1.90713,1.90584,1.90588,1773,8,0
2024-01-11 14:10:00,1.90588,1.90692,1.90509,1.90583,1921,8,0
2024-01-11 14:15:00,1.90583,1.9066,1.90529,1.90608,1656,8,0
2024-01-11 14:20:00,1.90608,1.9077899999999999,1.9060700000000002,1.9077,1574,8,0
2024-01-11 14:25:00,1.9077,1.9077600000000001,1.9063400000000001,1.90753,1782,8,0
2024-01-11 14:30:00,1.90753,1.90788,1.9065400000000001,1.90706,2145,8,0
2024-01-11 14:35:00,1.90701,1.9070399999999998,1.90541,1.9064299999999998,2385,8,0
2024-01-11 14:40:00,1.9064299999999998,1.90673,1.90583,1.9064,1938,8,0
2024-01-11 14:45:00,1.9064,1.9071799999999999,1.9059599999999999,1.90647,1797,8,0
2024-01-11 14:50:00,1.90646,1.90683,1.90601,1.90636,1772,8,0
2024-01-11 14:55:00,1.90636,1.90743,1.90576,1.90705,1799,8,0
2024-01-11 15:00:00,1.90705,1.90897,1.90686,1.90896,1947,8,0
2024-01-11 15:05:00,1.90895,1.90902,1.90821,1.9087100000000001,1924,8,0
2024-01-11 15:10:00,1.90872,1.90904,1.9078,1.90845,1675,8,0
2024-01-11 15:15:00,1.90845,1.90855,1.90737,1.9075,1707,8,0
2024-01-11 15:20:00,1.9074900000000001,1.90762,1.90629,1.90759,1831,8,0
2024-01-11 15:25:00,1.90759,1.90767,1.90648,1.90709,1521,8,0
2024-01-11 15:30:00,1.9071099999999999,1.90719,1.90618,1.90662,1664,8,0
2024-01-11 15:35:00,1.9066100000000001,1.90751,1.90653,1.90744,1832,8,0
2024-01-11 15:40:00,1.90741,1.90883,1.90726,1.9078300000000001,1859,8,0
2024-01-11 15:45:00,1.9078300000000001,1.90936,1.90778,1.90903,1908,8,0
2024-01-11 15:50:00,1.90902,1.90941,1.9079199999999998,1.90866,1852,8,0
2024-01-11 15:55:00,1.90865,1.90923,1.9083299999999999,1.90875,1737,8,0
2024-01-11 16:00:00,1.90876,1.90889,1.90834,1.90852,1663,8,0
2024-01-11 16:05:00,1.90852,1.90936,1.90818,1.90904,1525,8,0
2024-01-11 16:10:00,1.90903,1.90985,1.90895,1.9096899999999999,1321,8,0
2024-01-11 16:15:00,1.9097300000000001,1.91012,1.9088699999999998,1.9092099999999999,1489,8,0
2024-01-11 16:20:00,1.9092099999999999,1.90971,1.90909,1.90951,1540,8,0
2024-01-11 16:25:00,1.90951,1.9097,1.90884,1.9092799999999999,1507,8,0
2024-01-11 16:30:00,1.9093,1.90983,1.90923,1.90976,1416,8,0
2024-01-11 16:35:00,1.90976,1.9108100000000001,1.90972,1.91071,1356,8,0
2024-01-11 16:40:00,1.9106999999999998,1.91071,1.90979,1.9104999999999999,1234,8,0
2024-01-11 16:45:00,1.9104999999999999,1.91056,1.90968,1.91022,1478,8,0
2024-01-11 16:50:00,1.9102299999999999,1.91162,1.9101,1.9112,1768,8,0
2024-01-11 16:55:00,1.91121,1.91124,1.91019,1.91052,1509,8,0
2024-01-11 17:00:00,1.91052,1.91052,1.9098000000000002,1.91006,1337,8,0
2024-01-11 17:05:00,1.9101,1.91058,1.90987,1.91039,1090,8,0
2024-01-11 17:10:00,1.91039,1.91067,1.90981,1.91067,1246,8,0
2024-01-11 17:15:00,1.91066,1.9112,1.91044,1.91116,1141,8,0
2024-01-11 17:20:00,1.91116,1.9114,1.91069,1.9108399999999999,1051,8,0
2024-01-11 17:25:00,1.9108399999999999,1.91114,1.91067,1.91113,875,8,0
2024-01-11 17:30:00,1.91113,1.91137,1.9107699999999999,1.91128,929,8,0
2024-01-11 17:35:00,1.91127,1.91134,1.91053,1.91055,865,8,0
2024-01-11 17:40:00,1.91056,1.9109099999999999,1.91004,1.91087,933,8,0
2024-01-11 17:45:00,1.91089,1.9111500000000001,1.91058,1.91064,865,8,0
2024-01-11 17:50:00,1.91064,1.91127,1.91049,1.91112,576,8,0
2024-01-11 17:55:00,1.91112,1.91177,1.9109500000000001,1.91112,708,8,0
2024-01-11 18:00:00,1.91113,1.91144,1.91045,1.91109,1188,8,0
2024-01-11 18:05:00,1.9110800000000001,1.91133,1.91071,1.9109099999999999,1424,8,0
2024-01-11 18:10:00,1.9109099999999999,1.91109,1.91052,1.9106,830,8,0
2024-01-11 18:15:00,1.9106,1.91076,1.90983,1.9101599999999999,979,8,0
2024-01-11 18:20:00,1.9101599999999999,1.9106999999999998,1.90998,1.91038,1074,8,0
2024-01-11 18:25:00,1.91037,1.9108399999999999,1.91014,1.91072,1011,8,0
2024-01-11 18:30:00,1.91074,1.91086,1.9104700000000001,1.91053,904,8,0
2024-01-11 18:35:00,1.91052,1.9109099999999999,1.9104,1.91083,785,8,0
2024-01-11 18:40:00,1.91083,1.91113,1.91056,1.9110200000000002,783,8,0
2024-01-11 18:45:00,1.9110200000000002,1.91113,1.9104999999999999,1.91055,787,8,0
2024-01-11 18:50:00,1.91055,1.91078,1.91026,1.91065,926,8,0
2024-01-11 18:55:00,1.91065,1.91078,1.90988,1.91015,881,8,0
2024-01-11 19:00:00,1.91014,1.91046,1.90977,1.91046,1128,8,0
2024-01-11 19:05:00,1.91046,1.91056,1.9096199999999999,1.90972,1015,8,0
2024-01-11 19:10:00,1.90972,1.91017,1.90961,1.9100000000000001,872,8,0
2024-01-11 19:15:00,1.91001,1.9104,1.9097499999999998,1.9102700000000001,916,8,0
2024-01-11 19:20:00,1.9102700000000001,1.91035,1.9097499999999998,1.9097499999999998,904,8,0
2024-01-11 19:25:00,1.9097499999999998,1.9097499999999998,1.9086400000000001,1.9088699999999998,1081,8,0
2024-01-11 19:30:00,1.9088699999999998,1.9095900000000001,1.90872,1.90956,1116,8,0
2024-01-11 19:35:00,1.9095499999999999,1.9096,1.90896,1.9090099999999999,799,8,0
2024-01-11 19:40:00,1.9090099999999999,1.9091,1.90854,1.90909,781,8,0
2024-01-11 19:45:00,1.90909,1.90927,1.9083999999999999,1.90866,787,8,0
2024-01-11 19:50:00,1.90866,1.90873,1.90836,1.9085,665,8,0
2024-01-11 19:55:00,1.9085,1.9087399999999999,1.90823,1.90857,709,8,0
2024-01-11 20:00:00,1.90857,1.90911,1.90832,1.9089,868,8,0
2024-01-11 20:05:00,1.9089,1.90906,1.90846,1.9088,932,8,0
2024-01-11 20:10:00,1.9088,1.9091200000000002,1.9086400000000001,1.90891,973,8,0
2024-01-11 20:15:00,1.90891,1.90936,1.90841,1.9084699999999999,925,8,0
2024-01-11 20:20:00,1.9084699999999999,1.9084699999999999,1.9075600000000001,1.90787,944,8,0
2024-01-11 20:25:00,1.90787,1.9083299999999999,1.90767,1.9083,747,8,0
2024-01-11 20:30:00,1.9083,1.90838,1.90791,1.90825,748,8,0
2024-01-11 20:35:00,1.90825,1.90859,1.9081299999999999,1.90834,783,8,0
2024-01-11 20:40:00,1.9083299999999999,1.9086699999999999,1.9082400000000002,1.90854,687,8,0
2024-01-11 20:45:00,1.90854,1.9087100000000001,1.9081700000000001,1.9085299999999998,813,8,0
2024-01-11 20:50:00,1.9085299999999998,1.90893,1.9083999999999999,1.90852,713,8,0
2024-01-11 20:55:00,1.90852,1.9085999999999999,1.90785,1.90789,858,8,0
2024-01-11 21:00:00,1.9079000000000002,1.90808,1.90774,1.90808,529,8,0
2024-01-11 21:05:00,1.90808,1.9082599999999998,1.90789,1.90812,418,8,0
2024-01-11 21:10:00,1.90812,1.90842,1.90801,1.90801,279,8,0
2024-01-11 21:15:00,1.90801,1.9080300000000001,1.90761,1.9079199999999998,321,8,0
2024-01-11 21:20:00,1.9079199999999998,1.9079700000000002,1.90771,1.90789,169,8,0
2024-01-11 21:25:00,1.90789,1.9079700000000002,1.90768,1.90782,260,8,0
2024-01-11 21:30:00,1.90782,1.90818,1.9077,1.90815,168,8,0
2024-01-11 21:35:00,1.90815,1.9083299999999999,1.90759,1.90782,336,8,0
2024-01-11 21:40:00,1.90781,1.90801,1.9076499999999998,1.908,223,8,0
2024-01-11 21:45:00,1.908,1.90825,1.90795,1.90802,144,8,0
2024-01-11 21:50:00,1.90801,1.90809,1.90782,1.90807,315,8,0
2024-01-11 21:55:00,1.90807,1.9083999999999999,1.90655,1.90655,459,8,0
2024-01-11 22:00:00,1.90651,1.90751,1.90625,1.9074900000000001,14,178,0
2024-01-11 22:05:00,1.9074900000000001,1.90764,1.9064999999999999,1.90651,93,101,0
2024-01-11 22:10:00,1.90651,1.9071500000000001,1.90542,1.90621,90,66,0
2024-01-11 22:15:00,1.9062000000000001,1.90626,1.90588,1.90592,63,167,0
2024-01-11 22:20:00,1.90592,1.90699,1.9058899999999999,1.9065699999999999,30,59,0
2024-01-11 22:25:00,1.9065699999999999,1.90664,1.90633,1.90652,13,85,0
2024-01-11 22:30:00,1.90652,1.9073799999999999,1.90652,1.90724,300,32,0
2024-01-11 22:35:00,1.90728,1.9077,1.90701,1.90727,458,30,0
2024-01-11 22:40:00,1.90727,1.90815,1.90699,1.9077199999999999,412,19,0
2024-01-11 22:45:00,1.9077199999999999,1.9081299999999999,1.9066800000000002,1.9077899999999999,365,53,0
2024-01-11 22:50:00,1.9077899999999999,1.90795,1.90699,1.90699,103,59,0
2024-01-11 22:55:00,1.90699,1.9076499999999998,1.90699,1.90764,227,76,0
2024-01-11 23:00:00,1.90764,1.90832,1.90751,1.90766,361,8,0
2024-01-11 23:05:00,1.90766,1.90793,1.9074,1.90741,167,9,0
2024-01-11 23:10:00,1.90741,1.90746,1.90698,1.90713,343,8,0
2024-01-11 23:15:00,1.90713,1.9074200000000001,1.90705,1.90727,194,8,0
2024-01-11 23:20:00,1.90727,1.90748,1.9070399999999998,1.9074499999999999,178,8,0
2024-01-11 23:25:00,1.9074499999999999,1.90767,1.90721,1.9074900000000001,141,8,0
2024-01-11 23:30:00,1.9074900000000001,1.9079899999999999,1.9074900000000001,1.90774,257,8,0
2024-01-11 23:35:00,1.90774,1.9085,1.9076499999999998,1.90843,300,8,0
2024-01-11 23:40:00,1.90843,1.90845,1.90785,1.90795,294,8,0
2024-01-11 23:45:00,1.90795,1.90815,1.9077199999999999,1.9080300000000001,364,8,0
2024-01-11 23:50:00,1.9080300000000001,1.9081299999999999,1.9073600000000002,1.9075199999999999,217,8,0
2024-01-11 23:55:00,1.9075199999999999,1.90767,1.9073600000000002,1.9075,369,8,0
2024-01-12 00:00:00,1.9075,1.90791,1.90713,1.90733,474,8,0
2024-01-12 00:05:00,1.90733,1.90775,1.90723,1.90775,428,8,0
2024-01-12 00:10:00,1.90775,1.90793,1.9070200000000002,1.90754,610,8,0
2024-01-12 00:15:00,1.90754,1.90758,1.9071099999999999,1.90713,500,8,0
2024-01-12 00:20:00,1.90713,1.90741,1.90662,1.90674,409,8,0
2024-01-12 00:25:00,1.90674,1.9074200000000001,1.90669,1.9073099999999998,373,8,0
2024-01-12 00:30:00,1.9073,1.90739,1.90682,1.90714,541,8,0
2024-01-12 00:35:00,1.90714,1.9074900000000001,1.90699,1.90726,473,8,0
2024-01-12 00:40:00,1.90726,1.90735,1.9066100000000001,1.90672,435,8,0
2024-01-12 00:45:00,1.90672,1.90672,1.90639,1.90658,444,8,0
2024-01-12 00:50:00,1.90658,1.9071799999999999,1.90636,1.90649,585,8,0
2024-01-12 00:55:00,1.90649,1.9071799999999999,1.90586,1.90693,590,8,0
2024-01-12 01:00:00,1.90694,1.90773,1.9068100000000001,1.9069,745,8,0
2024-01-12 01:05:00,1.9069,1.90713,1.90642,1.90645,626,8,0
2024-01-12 01:10:00,1.90645,1.9068100000000001,1.90637,1.90676,471,8,0
2024-01-12 01:15:00,1.90675,1.9071099999999999,1.90636,1.90638,391,8,0
2024-01-12 01:20:00,1.90638,1.9066999999999998,1.90637,1.9064999999999999,525,8,0
2024-01-12 01:25:00,1.9064999999999999,1.90683,1.90644,1.90674,341,8,0
2024-01-12 01:30:00,1.90674,1.90717,1.90659,1.9069099999999999,664,8,0
2024-01-12 01:35:00,1.9069099999999999,1.907,1.90557,1.90563,846,8,0
2024-01-12 01:40:00,1.90563,1.9057300000000001,1.9045100000000001,1.9047800000000001,909,8,0
2024-01-12 01:45:00,1.9047800000000001,1.90482,1.90374,1.90411,1055,8,0
2024-01-12 01:50:00,1.9041299999999999,1.90429,1.9035,1.90394,651,8,0
2024-01-12 01:55:00,1.90394,1.90416,1.9037,1.90401,625,8,0
2024-01-12 02:00:00,1.90402,1.9045,1.9039000000000001,1.90429,538,8,0
2024-01-12 02:05:00,1.90429,1.9045800000000002,1.90418,1.9042400000000002,421,8,0
2024-01-12 02:10:00,1.9042400000000002,1.90564,1.9042400000000002,1.90541,586,8,0
2024-01-12 02:15:00,1.90541,1.90579,1.9052,1.90558,602,8,0
2024-01-12 02:20:00,1.90558,1.9057,1.9048,1.90484,570,8,0
2024-01-12 02:25:00,1.90484,1.9049,1.90395,1.90419,622,8,0
2024-01-12 02:30:00,1.90419,1.9045800000000002,1.90414,1.90438,490,8,0
2024-01-12 02:35:00,1.9043700000000001,1.9051900000000002,1.90421,1.90513,497,8,0
2024-01-12 02:40:00,1.9051200000000001,1.90517,1.90445,1.90445,430,8,0
2024-01-12 02:45:00,1.90445,1.90454,1.904,1.90441,492,8,0
2024-01-12 02:50:00,1.9043999999999999,1.90481,1.90436,1.9045999999999998,479,8,0
2024-01-12 02:55:00,1.9045999999999998,1.90477,1.90429,1.90455,605,8,0
2024-01-12 03:00:00,1.90455,1.90461,1.90364,1.90398,438,8,0
2024-01-12 03:05:00,1.90398,1.90432,1.9037,1.904,560,8,0
2024-01-12 03:10:00,1.904,1.90445,1.90382,1.9038599999999999,489,8,0
2024-01-12 03:15:00,1.9038599999999999,1.90455,1.90385,1.90427,437,8,0
2024-01-12 03:20:00,1.9042599999999998,1.9048,1.90381,1.90438,511,8,0
2024-01-12 03:25:00,1.9043700000000001,1.9044699999999999,1.90396,1.90443,417,8,0
2024-01-12 03:30:00,1.90445,1.9048,1.90436,1.9047800000000001,444,8,0
2024-01-12 03:35:00,1.9047800000000001,1.9049399999999999,1.90416,1.9043999999999999,570,8,0
2024-01-12 03:40:00,1.9043999999999999,1.90441,1.90409,1.90414,435,8,0
2024-01-12 03:45:00,1.90414,1.90438,1.90398,1.90434,421,8,0
2024-01-12 03:50:00,1.90434,1.90472,1.90428,1.9045999999999998,287,8,0
2024-01-12 03:55:00,1.9045999999999998,1.90483,1.90434,1.90455,373,8,0
2024-01-12 04:00:00,1.90455,1.90608,1.9044699999999999,1.9060700000000002,521,8,0
2024-01-12 04:05:00,1.9060700000000002,1.90615,1.9057,1.90584,459,8,0
2024-01-12 04:10:00,1.90585,1.90599,1.9056199999999999,1.9058199999999998,422,8,0
2024-01-12 04:15:00,1.9058199999999998,1.9062299999999999,1.90567,1.90622,410,8,0
2024-01-12 04:20:00,1.90622,1.90644,1.90588,1.90631,428,8,0
2024-01-12 04:25:00,1.90632,1.9064100000000002,1.90587,1.90603,356,8,0
2024-01-12 04:30:00,1.90603,1.9062700000000001,1.9059300000000001,1.90622,283,8,0
2024-01-12 04:35:00,1.90622,1.9062999999999999,1.90571,1.90575,387,8,0
2024-01-12 04:40:00,1.90575,1.90577,1.90544,1.9057,399,8,0
2024-01-12 04:45:00,1.9057,1.9058199999999998,1.90513,1.9051900000000002,311,8,0
2024-01-12 04:50:00,1.9051900000000002,1.90556,1.90496,1.90556,294,8,0
2024-01-12 04:55:00,1.90556,1.9055900000000001,1.90523,1.90525,220,8,0
2024-01-12 05:00:00,1.90525,1.9055900000000001,1.90504,1.90542,321,8,0
2024-01-12 05:05:00,1.90542,1.90542,1.9049399999999999,1.9050799999999999,372,8,0
2024-01-12 05:10:00,1.90509,1.90557,1.90502,1.9054799999999998,550,8,0
2024-01-12 05:15:00,1.9054799999999998,1.90565,1.9052099999999998,1.90561,445,8,0
2024-01-12 05:20:00,1.90565,1.90624,1.90563,1.9059599999999999,478,8,0
2024-01-12 05:25:00,1.9059599999999999,1.9063400000000001,1.90581,1.9060700000000002,451,8,0
2024-01-12 05:30:00,1.9060700000000002,1.90663,1.90587,1.90648,505,8,0
2024-01-12 05:35:00,1.90648,1.90673,1.90619,1.90622,473,8,0
2024-01-12 05:40:00,1.90622,1.90672,1.90615,1.90666,573,8,0
2024-01-12 05:45:00,1.90666,1.90703,1.90645,1.90679,531,8,0
2024-01-12 05:50:00,1.90679,1.9068100000000001,1.90632,1.9064999999999999,390,8,0
2024-01-12 05:55:00,1.9064999999999999,1.90743,1.90649,1.9074,470,8,0
2024-01-12 06:00:00,1.9074,1.9075,1.9064299999999998,1.90644,564,8,0
2024-01-12 06:05:00,1.90644,1.9072,1.90639,1.90696,564,8,0
2024-01-12 06:10:00,1.9069500000000001,1.9069500000000001,1.90604,1.90604,489,8,0
2024-01-12 06:15:00,1.90604,1.90648,1.90602,1.90635,385,8,0
2024-01-12 06:20:00,1.90635,1.90658,1.90584,1.9059599999999999,484,8,0
2024-01-12 06:25:00,1.9059599999999999,1.90637,1.90594,1.90629,406,8,0
2024-01-12 06:30:00,1.90629,1.90631,1.9059599999999999,1.90598,360,8,0
2024-01-12 06:35:00,1.90599,1.90602,1.9055,1.9058000000000002,293,8,0
2024-01-12 06:40:00,1.9058199999999998,1.90588,1.90549,1.90585,313,8,0
2024-01-12 06:45:00,1.90585,1.9062299999999999,1.9056899999999999,1.90606,339,8,0
2024-01-12 06:50:00,1.90606,1.90667,1.9059,1.9065699999999999,381,8,0
2024-01-12 06:55:00,1.9065699999999999,1.90675,1.90574,1.90598,455,8,0
2024-01-12 07:00:00,1.90598,1.90693,1.9059,1.90683,1135,8,0
2024-01-12 07:05:00,1.90683,1.90683,1.90592,1.90648,596,8,0
2024-01-12 07:10:00,1.90648,1.90709,1.90614,1.90697,452,8,0
2024-01-12 07:15:00,1.90697,1.9071,1.9064299999999998,1.90646,449,8,0
2024-01-12 07:20:00,1.90646,1.9072,1.90637,1.90699,433,8,0
2024-01-12 07:25:00,1.90699,1.90699,1.90645,1.90666,628,8,0
2024-01-12 07:30:00,1.90666,1.90667,1.9056600000000001,1.90601,739,8,0
2024-01-12 07:35:00,1.90601,1.9062299999999999,1.90564,1.90585,671,8,0
2024-01-12 07:40:00,1.90585,1.90639,1.90576,1.90629,745,8,0
2024-01-12 07:45:00,1.90629,1.90629,1.90524,1.90578,719,8,0
2024-01-12 07:50:00,1.90578,1.90584,1.9052099999999998,1.9053499999999999,666,8,0
2024-01-12 07:55:00,1.9053499999999999,1.90564,1.90448,1.9047100000000001,571,8,0
2024-01-12 08:00:00,1.90472,1.90499,1.90425,1.90455,1019,8,0
2024-01-12 08:05:00,1.90455,1.90475,1.90309,1.90324,1010,8,0
2024-01-12 08:10:00,1.9032499999999999,1.90369,1.90303,1.90348,794,8,0
2024-01-12 08:15:00,1.90348,1.90385,1.90306,1.90358,872,8,0
2024-01-12 08:20:00,1.90358,1.9043700000000001,1.90358,1.90412,738,8,0
2024-01-12 08:25:00,1.90412,1.90479,1.90398,1.90443,793,8,0
2024-01-12 08:30:00,1.90443,1.9048,1.90388,1.90408,743,8,0
2024-01-12 08:35:00,1.90408,1.90456,1.90385,1.904,814,8,0
2024-01-12 08:40:00,1.9039899999999998,1.9045299999999998,1.9038300000000001,1.9040599999999999,843,8,0
2024-01-12 08:45:00,1.9040599999999999,1.9045100000000001,1.90369,1.90439,625,8,0
2024-01-12 08:50:00,1.90439,1.90446,1.9039000000000001,1.90395,716,8,0
2024-01-12 08:55:00,1.90394,1.9040300000000001,1.90326,1.90335,660,8,0
2024-01-12 09:00:00,1.90335,1.90408,1.90309,1.9038300000000001,886,8,0
2024-01-12 09:05:00,1.9038300000000001,1.90436,1.90371,1.904,839,8,0
2024-01-12 09:10:00,1.904,1.90421,1.90354,1.9036,570,8,0
2024-01-12 09:15:00,1.9036,1.90428,1.90355,1.904,691,8,0
2024-01-12 09:20:00,1.9039899999999998,1.9045,1.90394,1.90402,573,8,0
2024-01-12 09:25:00,1.90402,1.90435,1.9038300000000001,1.9040300000000001,677,8,0
2024-01-12 09:30:00,1.9040300000000001,1.9040300000000001,1.90319,1.90341,614,8,0
2024-01-12 09:35:00,1.90341,1.90443,1.90328,1.90435,817,8,0
2024-01-12 09:40:00,1.90435,1.90464,1.9034499999999999,1.9034499999999999,637,8,0
2024-01-12 09:45:00,1.9034499999999999,1.90393,1.9032900000000001,1.90359,834,8,0
2024-01-12 09:50:00,1.90359,1.90364,1.9031,1.90316,570,8,0
2024-01-12 09:55:00,1.90316,1.90369,1.90316,1.9034200000000001,572,8,0
2024-01-12 10:00:00,1.9034200000000001,1.90353,1.903,1.90328,711,8,0
2024-01-12 10:05:00,1.90328,1.90412,1.90287,1.90359,791,8,0
2024-01-12 10:10:00,1.90359,1.90393,1.9034499999999999,1.90388,463,8,0
2024-01-12 10:15:00,1.90389,1.90421,1.90357,1.90388,538,8,0
2024-01-12 10:20:00,1.90387,1.90432,1.9036499999999998,1.90377,487,8,0
2024-01-12 10:25:00,1.90377,1.90394,1.9035199999999999,1.90382,428,8,0
2024-01-12 10:30:00,1.9038300000000001,1.90431,1.9038300000000001,1.90394,594,8,0
2024-01-12 10:35:00,1.90394,1.9041299999999999,1.90369,1.90389,496,8,0
2024-01-12 10:40:00,1.90389,1.905,1.90387,1.90472,532,8,0
2024-01-12 10:45:00,1.90472,1.90482,1.9043299999999999,1.90459,544,8,0
2024-01-12 10:50:00,1.90461,1.90518,1.90432,1.90484,681,8,0
2024-01-12 10:55:00,1.90484,1.90509,1.9047100000000001,1.90495,603,8,0
2024-01-12 11:00:00,1.90495,1.90524,1.90476,1.9051399999999998,438,8,0
2024-01-12 11:05:00,1.9051399999999998,1.9055900000000001,1.9049399999999999,1.90497,508,8,0
2024-01-12 11:10:00,1.90499,1.90545,1.90492,1.90527,458,8,0
2024-01-12 11:15:00,1.90526,1.9055499999999999,1.9050799999999999,1.9054600000000002,443,8,0
2024-01-12 11:20:00,1.9054600000000002,1.90561,1.90493,1.90493,510,8,0
2024-01-12 11:25:00,1.90493,1.9055,1.90439,1.90446,677,8,0
2024-01-12 11:30:00,1.90446,1.9051399999999998,1.90438,1.90504,516,8,0
2024-01-12 11:35:00,1.90504,1.9053,1.90446,1.9049,391,8,0
2024-01-12 11:40:00,1.9049,1.90527,1.9045999999999998,1.90491,534,8,0
2024-01-12 11:45:00,1.90491,1.90524,1.9044699999999999,1.9049800000000001,695,8,0
2024-01-12 11:50:00,1.9049800000000001,1.90545,1.90454,1.90463,771,8,0
2024-01-12 11:55:00,1.90461,1.9048500000000002,1.9030399999999998,1.90305,781,8,0
2024-01-12 12:00:00,1.90305,1.9033,1.90231,1.9028800000000001,788,8,0
2024-01-12 12:05:00,1.90287,1.90319,1.90236,1.9026800000000001,713,8,0
2024-01-12 12:10:00,1.9026800000000001,1.90382,1.90266,1.9037600000000001,558,8,0
2024-01-12 12:15:00,1.9037600000000001,1.90438,1.90367,1.9038300000000001,451,8,0
2024-01-12 12:20:00,1.9038300000000001,1.90405,1.90306,1.90343,375,8,0
2024-01-12 12:25:00,1.90343,1.90366,1.903,1.9030200000000002,412,8,0
2024-01-12 12:30:00,1.9030200000000002,1.9030200000000002,1.90225,1.90259,560,8,0
2024-01-12 12:35:00,1.90259,1.90293,1.90253,1.9029099999999999,276,8,0
2024-01-12 12:40:00,1.9029099999999999,1.9033,1.90258,1.9033,385,8,0
2024-01-12 12:45:00,1.9033,1.90422,1.90316,1.90385,498,8,0
2024-01-12 12:50:00,1.90385,1.90427,1.9038,1.90408,308,8,0
2024-01-12 12:55:00,1.90407,1.9046699999999999,1.90396,1.90459,448,8,0
2024-01-12 13:00:00,1.9045999999999998,1.90556,1.90454,1.9054799999999998,729,8,0
2024-01-12 13:05:00,1.9054799999999998,1.9060000000000001,1.9049399999999999,1.9051,916,8,0
2024-01-12 13:10:00,1.90509,1.90629,1.90509,1.90592,808,8,0
2024-01-12 13:15:00,1.90592,1.90637,1.90538,1.9063400000000001,899,8,0
2024-01-12 13:20:00,1.90636,1.90683,1.90579,1.90592,1028,8,0
2024-01-12 13:25:00,1.90592,1.90601,1.90507,1.90527,861,8,0
2024-01-12 13:30:00,1.9048699999999998,1.90574,1.90149,1.90168,2492,8,0
2024-01-12 13:35:00,1.90171,1.90176,1.90076,1.9013900000000001,2401,8,0
2024-01-12 13:40:00,1.9013900000000001,1.90247,1.90082,1.9016899999999999,2137,8,0
2024-01-12 13:45:00,1.9016899999999999,1.90242,1.90114,1.9020700000000001,1878,8,0
2024-01-12 13:50:00,1.9020700000000001,1.90303,1.9014199999999999,1.90181,1562,8,0
2024-01-12 13:55:00,1.90179,1.90297,1.9015900000000001,1.90245,1581,8,0
2024-01-12 14:00:00,1.90245,1.9030399999999998,1.9012,1.9013200000000001,1863,8,0
2024-01-12 14:05:00,1.9013200000000001,1.90217,1.90125,1.9016199999999999,1645,8,0
2024-01-12 14:10:00,1.90163,1.90242,1.9013499999999999,1.90224,1067,8,0
2024-01-12 14:15:00,1.9022700000000001,1.9027699999999999,1.90172,1.90211,1094,8,0
2024-01-12 14:20:00,1.90211,1.90231,1.90064,1.9016199999999999,1138,8,0
2024-01-12 14:25:00,1.9016199999999999,1.9016899999999999,1.9005,1.90065,1045,8,0
2024-01-12 14:30:00,1.90065,1.9012099999999998,1.90005,1.9010799999999999,1477,8,0
2024-01-12 14:35:00,1.9010799999999999,1.90143,1.90042,1.90143,1554,8,0
2024-01-12 14:40:00,1.90144,1.9017,1.90019,1.90025,1401,8,0
2024-01-12 14:45:00,1.90025,1.90039,1.89894,1.89912,1350,8,0
2024-01-12 14:50:00,1.89912,1.89989,1.89858,1.89946,1434,8,0
2024-01-12 14:55:00,1.89947,1.90019,1.8988,1.8999899999999998,1350,8,0
2024-01-12 15:00:00,1.89993,1.90103,1.89989,1.9008500000000002,1496,8,0
2024-01-12 15:05:00,1.9008500000000002,1.90125,1.90042,1.90123,1415,8,0
2024-01-12 15:10:00,1.90123,1.90147,1.90073,1.90114,1569,8,0
2024-01-12 15:15:00,1.90114,1.90174,1.90069,1.90163,1441,8,0
2024-01-12 15:20:00,1.90163,1.90266,1.90147,1.9022999999999999,1505,8,0
2024-01-12 15:25:00,1.90233,1.90314,1.90226,1.90236,1305,8,0
2024-01-12 15:30:00,1.90237,1.90238,1.90143,1.9016600000000001,1143,8,0
2024-01-12 15:35:00,1.9016199999999999,1.90366,1.90152,1.90307,1210,8,0
2024-01-12 15:40:00,1.90307,1.90414,1.9029500000000001,1.90348,1390,8,0
2024-01-12 15:45:00,1.90348,1.90462,1.9034499999999999,1.90446,1297,8,0
2024-01-12 15:50:00,1.9045,1.9051200000000001,1.90395,1.9050500000000001,1227,8,0
2024-01-12 15:55:00,1.90506,1.9053,1.90464,1.9047,1025,8,0
2024-01-12 16:00:00,1.9047,1.90531,1.90457,1.9048500000000002,1195,8,0
2024-01-12 16:05:00,1.9048500000000002,1.9049399999999999,1.90396,1.90407,1184,8,0
2024-01-12 16:10:00,1.90407,1.9043299999999999,1.90378,1.9042599999999998,1120,8,0
2024-01-12 16:15:00,1.9042599999999998,1.90441,1.90339,1.90348,1074,8,0
2024-01-12 16:20:00,1.9034900000000001,1.9039000000000001,1.90337,1.90344,932,8,0
2024-01-12 16:25:00,1.90344,1.9035,1.9026399999999999,1.90276,938,8,0
2024-01-12 16:30:00,1.90276,1.90332,1.90258,1.90319,1007,8,0
2024-01-12 16:35:00,1.90321,1.90429,1.9031099999999999,1.90387,1167,8,0
2024-01-12 16:40:00,1.90387,1.90472,1.90377,1.90449,1043,8,0
2024-01-12 16:45:00,1.90449,1.9051399999999998,1.9043299999999999,1.9049,947,8,0
2024-01-12 16:50:00,1.9049,1.90516,1.90449,1.90455,962,8,0
2024-01-12 16:55:00,1.9045299999999998,1.90481,1.9043299999999999,1.90462,756,8,0
2024-01-12 17:00:00,1.90462,1.9048,1.9042400000000002,1.90445,1030,8,0
2024-01-12 17:05:00,1.9044400000000001,1.9044400000000001,1.90387,1.90425,851,8,0
2024-01-12 17:10:00,1.90425,1.90496,1.90425,1.9045299999999998,846,8,0
2024-01-12 17:15:00,1.9045299999999998,1.90547,1.90449,1.90527,789,8,0
2024-01-12 17:20:00,1.9052799999999999,1.90549,1.90482,1.9051399999999998,708,8,0
2024-01-12 17:25:00,1.9051399999999998,1.9057300000000001,1.9051,1.9057300000000001,667,8,0
2024-01-12 17:30:00,1.9057300000000001,1.9058199999999998,1.90527,1.90567,595,8,0
2024-01-12 17:35:00,1.90567,1.9061,1.9055499999999999,1.9058199999999998,604,8,0
2024-01-12 17:40:00,1.9058199999999998,1.9060700000000002,1.90574,1.90598,599,8,0
2024-01-12 17:45:00,1.90598,1.90611,1.9057,1.90605,563,8,0
2024-01-12 17:50:00,1.90605,1.9062000000000001,1.90552,1.90558,431,8,0
2024-01-12 17:55:00,1.90558,1.90558,1.9051200000000001,1.9052099999999998,453,8,0
2024-01-12 18:00:00,1.90522,1.90523,1.90463,1.90504,566,8,0
2024-01-12 18:05:00,1.90504,1.90549,1.90502,1.90507,448,8,0
2024-01-12 18:10:00,1.90506,1.90527,1.9049,1.90492,391,8,0
2024-01-12 18:15:00,1.90492,1.90531,1.9048500000000002,1.90497,527,8,0
2024-01-12 18:20:00,1.90497,1.9052,1.90484,1.90496,394,8,0
2024-01-12 18:25:00,1.90496,1.9052,1.90489,1.9050500000000001,361,8,0
2024-01-12 18:30:00,1.90506,1.9054,1.90486,1.90492,345,8,0
2024-01-12 18:35:00,1.90492,1.9051,1.90472,1.90502,312,8,0
2024-01-12 18:40:00,1.90502,1.90534,1.90477,1.9051399999999998,364,8,0
2024-01-12 18:45:00,1.90513,1.90553,1.90509,1.90531,412,8,0
2024-01-12 18:50:00,1.90531,1.90567,1.90527,1.9053900000000001,395,8,0
2024-01-12 18:55:00,1.9053900000000001,1.9059300000000001,1.90534,1.90579,421,8,0
2024-01-12 19:00:00,1.90579,1.9059599999999999,1.9056899999999999,1.90585,183,8,0
2024-01-12 19:05:00,1.90585,1.9058899999999999,1.9052799999999999,1.90553,216,8,0
2024-01-12 19:10:00,1.90553,1.9055900000000001,1.9050799999999999,1.90515,452,8,0
2024-01-12 19:15:00,1.90515,1.90543,1.9051399999999998,1.90515,345,8,0
2024-01-12 19:20:00,1.90515,1.90554,1.90506,1.90526,327,8,0
2024-01-12 19:25:00,1.90527,1.9056199999999999,1.9051900000000002,1.90557,260,8,0
2024-01-12 19:30:00,1.90557,1.90588,1.90552,1.90579,308,8,0
2024-01-12 19:35:00,1.90579,1.90584,1.90536,1.90553,380,8,0
2024-01-12 19:40:00,1.90553,1.9059,1.9054600000000002,1.90564,487,8,0
2024-01-12 19:45:00,1.90563,1.90625,1.90556,1.9061599999999999,361,8,0
2024-01-12 19:50:00,1.9061599999999999,1.9062000000000001,1.90595,1.90598,331,8,0
2024-01-12 19:55:00,1.90598,1.90614,1.90576,1.90611,314,8,0
2024-01-12 20:00:00,1.90611,1.90629,1.90603,1.90613,475,8,0
2024-01-12 20:05:00,1.90613,1.90658,1.90605,1.90636,250,8,0
2024-01-12 20:10:00,1.90636,1.90659,1.90621,1.9064100000000002,230,8,0
2024-01-12 20:15:00,1.9064100000000002,1.9064999999999999,1.90592,1.90602,323,8,0
2024-01-12 20:20:00,1.90602,1.90642,1.9059599999999999,1.90642,395,8,0
2024-01-12 20:25:00,1.9064299999999998,1.90683,1.90622,1.90665,294,8,0
2024-01-12 20:30:00,1.90665,1.90674,1.90628,1.9062999999999999,517,8,0
2024-01-12 20:35:00,1.90629,1.90665,1.9062700000000001,1.9065400000000001,370,8,0
2024-01-12 20:40:00,1.90656,1.90669,1.90628,1.90655,356,8,0
2024-01-12 20:45:00,1.90656,1.90664,1.90645,1.90658,171,8,0
2024-01-12 20:50:00,1.90658,1.90674,1.9064,1.90653,336,8,0
2024-01-12 20:55:00,1.90653,1.9069,1.90635,1.9069,356,8,0
2024-01-12 21:00:00,1.9069,1.90699,1.90679,1.9068800000000001,289,8,0
2024-01-12 21:05:00,1.9068800000000001,1.90712,1.90672,1.90673,298,8,0
2024-01-12 21:10:00,1.90673,1.907,1.90651,1.90651,226,8,0
2024-01-12 21:15:00,1.90651,1.90679,1.90638,1.90669,168,8,0
2024-01-12 21:20:00,1.90671,1.90671,1.90635,1.90635,135,8,0
2024-01-12 21:25:00,1.90636,1.90663,1.90636,1.9065400000000001,203,8,0
2024-01-12 21:30:00,1.90655,1.9066100000000001,1.90595,1.90602,246,8,0
2024-01-12 21:35:00,1.90602,1.9062999999999999,1.90587,1.90615,312,10,0
2024-01-12 21:40:00,1.90615,1.90637,1.90602,1.90635,404,10,0
2024-01-12 21:45:00,1.90635,1.90639,1.90608,1.90628,436,8,0
2024-01-12 21:50:00,1.9062999999999999,1.90683,1.90602,1.90683,425,8,0
2024-01-14 22:05:00,1.90538,1.90613,1.90536,1.9054600000000002,19,205,0
2024-01-14 22:10:00,1.90571,1.90574,1.905,1.90529,89,182,0
2024-01-14 22:15:00,1.9053499999999999,1.90621,1.9051,1.90584,91,155,0
2024-01-14 22:20:00,1.90584,1.90603,1.90584,1.90603,17,142,0
2024-01-14 22:25:00,1.90603,1.90624,1.90442,1.90442,59,106,0
2024-01-14 22:30:00,1.90442,1.90615,1.90442,1.9056199999999999,228,67,0
2024-01-14 22:35:00,1.9056199999999999,1.90567,1.90483,1.905,33,78,0
2024-01-14 22:40:00,1.9049800000000001,1.90561,1.9048,1.90561,184,99,0
2024-01-14 22:45:00,1.90561,1.90585,1.90537,1.9054799999999998,99,88,0
2024-01-14 22:50:00,1.9054799999999998,1.9064,1.9054600000000002,1.9062999999999999,108,77,0
2024-01-14 22:55:00,1.90629,1.90662,1.90523,1.90603,382,93,0
2024-01-14 23:00:00,1.90603,1.90712,1.90577,1.90592,335,8,0
2024-01-14 23:05:00,1.9058899999999999,1.90599,1.9054799999999998,1.90565,171,9,0
2024-01-14 23:10:00,1.90564,1.90586,1.9053200000000001,1.9053499999999999,150,8,0
2024-01-14 23:15:00,1.9053499999999999,1.90553,1.90502,1.9050500000000001,192,8,0
2024-01-14 23:20:00,1.9050500000000001,1.9051,1.90435,1.90452,279,8,0
2024-01-14 23:25:00,1.90452,1.90472,1.90452,1.90464,153,8,0
2024-01-14 23:30:00,1.90464,1.90529,1.90425,1.9048500000000002,336,8,0
2024-01-14 23:35:00,1.9048500000000002,1.90492,1.90421,1.90427,228,8,0
2024-01-14 23:40:00,1.90427,1.90429,1.90388,1.90401,317,8,0
2024-01-14 23:45:00,1.90401,1.9041000000000001,1.90388,1.9040599999999999,309,8,0
2024-01-14 23:50:00,1.9040599999999999,1.9045,1.90387,1.90396,289,8,0
2024-01-14 23:55:00,1.90396,1.90436,1.90385,1.90389,238,8,0
2024-01-15 00:00:00,1.90389,1.90496,1.90373,1.9048699999999998,600,8,0
2024-01-15 00:05:00,1.90486,1.9053,1.90454,1.90503,476,8,0
2024-01-15 00:10:00,1.90503,1.90557,1.90495,1.90523,429,8,0
2024-01-15 00:15:00,1.90522,1.90522,1.90448,1.90464,325,8,0
2024-01-15 00:20:00,1.90464,1.90493,1.90425,1.90431,516,8,0
2024-01-15 00:25:00,1.90429,1.90457,1.9041000000000001,1.9041000000000001,364,8,0
2024-01-15 00:30:00,1.90409,1.90462,1.90409,1.90441,328,8,0
2024-01-15 00:35:00,1.90448,1.9048500000000002,1.90422,1.9045299999999998,372,8,0
2024-01-15 00:40:00,1.9045299999999998,1.9045999999999998,1.9037199999999999,1.904,326,8,0
2024-01-15 00:45:00,1.90401,1.90407,1.9033600000000002,1.90394,590,8,0
2024-01-15 00:50:00,1.90394,1.9039899999999998,1.9032499999999999,1.9033799999999998,720,8,0
2024-01-15 00:55:00,1.9033799999999998,1.90455,1.9033799999999998,1.90442,722,8,0
2024-01-15 01:00:00,1.90442,1.90443,1.9031500000000001,1.90328,698,8,0
2024-01-15 01:05:00,1.90328,1.90355,1.903,1.90355,560,8,0
2024-01-15 01:10:00,1.90355,1.9036300000000002,1.9031799999999999,1.9032900000000001,573,8,0
2024-01-15 01:15:00,1.9032900000000001,1.9039199999999998,1.9028800000000001,1.90334,586,8,0
2024-01-15 01:20:00,1.90334,1.90488,1.90334,1.90439,1096,8,0
2024-01-15 01:25:00,1.90439,1.90442,1.90358,1.9039700000000002,723,8,0
2024-01-15 01:30:00,1.9039700000000002,1.90468,1.90373,1.9045299999999998,736,8,0
2024-01-15 01:35:00,1.9045299999999998,1.9045299999999998,1.90369,1.90375,619,8,0
2024-01-15 01:40:00,1.90375,1.90423,1.90355,1.90357,600,8,0
2024-01-15 01:45:00,1.90357,1.90374,1.90328,1.9033799999999998,513,8,0
2024-01-15 01:50:00,1.90337,1.90357,1.90294,1.90334,603,8,0
2024-01-15 01:55:00,1.90334,1.9038300000000001,1.90316,1.90327,534,8,0
2024-01-15 02:00:00,1.90327,1.90344,1.90265,1.90265,483,8,0
2024-01-15 02:05:00,1.90266,1.90321,1.90262,1.90306,345,8,0
2024-01-15 02:10:00,1.90306,1.9037,1.90305,1.90364,485,8,0
2024-01-15 02:15:00,1.90364,1.90419,1.90359,1.9039700000000002,467,8,0
2024-01-15 02:20:00,1.90396,1.9047,1.90393,1.90461,593,8,0
2024-01-15 02:25:00,1.90461,1.90479,1.90432,1.9045,490,8,0
2024-01-15 02:30:00,1.9045,1.9048699999999998,1.9041700000000001,1.90473,480,8,0
2024-01-15 02:35:00,1.90473,1.9050799999999999,1.90455,1.90499,455,8,0
2024-01-15 02:40:00,1.90499,1.90504,1.9046699999999999,1.9049,372,8,0
2024-01-15 02:45:00,1.9049,1.9053900000000001,1.90486,1.90493,295,8,0
2024-01-15 02:50:00,1.90491,1.90496,1.90367,1.90367,651,8,0
2024-01-15 02:55:00,1.9036499999999998,1.90425,1.90346,1.90421,635,8,0
2024-01-15 03:00:00,1.90421,1.90473,1.90404,1.9047100000000001,556,8,0
2024-01-15 03:05:00,1.9047100000000001,1.90495,1.90462,1.9049399999999999,435,8,0
2024-01-15 03:10:00,1.90496,1.90526,1.90476,1.90511,362,8,0
2024-01-15 03:15:00,1.90511,1.90533,1.90502,1.90524,336,8,0
2024-01-15 03:20:00,1.90523,1.90549,1.90518,1.9052099999999998,354,8,0
2024-01-15 03:25:00,1.9052099999999998,1.90533,1.9048500000000002,1.90499,352,8,0
2024-01-15 03:30:00,1.90499,1.90499,1.9045299999999998,1.90457,305,8,0
2024-01-15 03:35:00,1.90456,1.9049800000000001,1.9045299999999998,1.9049399999999999,330,8,0
2024-01-15 03:40:00,1.9049399999999999,1.90533,1.90484,1.9049800000000001,222,8,0
2024-01-15 03:45:00,1.90496,1.90547,1.90495,1.90545,197,8,0
2024-01-15 03:50:00,1.90545,1.9057300000000001,1.9054,1.90567,311,8,0
2024-01-15 03:55:00,1.90567,1.90572,1.90542,1.90554,318,8,0
2024-01-15 04:00:00,1.90554,1.90608,1.90552,1.90598,294,8,0
2024-01-15 04:05:00,1.90598,1.90633,1.90585,1.90591,271,8,0
2024-01-15 04:10:00,1.90591,1.90638,1.9058899999999999,1.90637,267,8,0
2024-01-15 04:15:00,1.90637,1.90687,1.90631,1.90686,278,8,0
2024-01-15 04:20:00,1.90686,1.9072200000000001,1.90664,1.9069099999999999,313,8,0
2024-01-15 04:25:00,1.9069099999999999,1.90692,1.90588,1.9059300000000001,339,8,0
2024-01-15 04:30:00,1.9059300000000001,1.90619,1.9057300000000001,1.90597,226,8,0
2024-01-15 04:35:00,1.90597,1.90604,1.90556,1.9058000000000002,246,8,0
2024-01-15 04:40:00,1.9058000000000002,1.9060000000000001,1.9058000000000002,1.90598,185,8,0
2024-01-15 04:45:00,1.90598,1.90606,1.9058899999999999,1.90606,175,8,0
2024-01-15 04:50:00,1.90606,1.9061,1.90571,1.9058199999999998,135,8,0
2024-01-15 04:55:00,1.9058199999999998,1.9058199999999998,1.90554,1.90568,153,8,0
2024-01-15 05:00:00,1.90568,1.90606,1.90568,1.90605,233,8,0
2024-01-15 05:05:00,1.90605,1.90621,1.9058899999999999,1.9060700000000002,236,8,0
2024-01-15 05:10:00,1.9060700000000002,1.90618,1.90557,1.9056,232,8,0
2024-01-15 05:15:00,1.9056,1.90585,1.9054600000000002,1.90584,383,8,0
2024-01-15 05:20:00,1.90584,1.9061,1.90568,1.90602,228,8,0
2024-01-15 05:25:00,1.90602,1.90615,1.90585,1.90603,234,8,0
2024-01-15 05:30:00,1.90602,1.90628,1.9059300000000001,1.90594,329,8,0
2024-01-15 05:35:00,1.9059300000000001,1.90601,1.90579,1.90588,170,8,0
2024-01-15 05:40:00,1.90588,1.90642,1.90588,1.90628,158,8,0
2024-01-15 05:45:00,1.90629,1.90664,1.90621,1.9066100000000001,177,8,0
2024-01-15 05:50:00,1.9066100000000001,1.90743,1.9066100000000001,1.90737,239,8,0
2024-01-15 05:55:00,1.90737,1.90785,1.9073,1.90781,269,8,0
2024-01-15 06:00:00,1.90781,1.90801,1.9076300000000002,1.90773,325,8,0
2024-01-15 06:05:00,1.90773,1.9085299999999998,1.90769,1.90798,250,8,0
2024-01-15 06:10:00,1.90798,1.90834,1.90794,1.90807,325,8,0
2024-01-15 06:15:00,1.90807,1.90818,1.90762,1.90771,249,8,0
2024-01-15 06:20:00,1.9077199999999999,1.90774,1.9073600000000002,1.9073799999999999,225,8,0
2024-01-15 06:25:00,1.9073799999999999,1.90761,1.90719,1.90758,239,8,0
2024-01-15 06:30:00,1.90758,1.90784,1.90737,1.90747,230,8,0
2024-01-15 06:35:00,1.9074900000000001,1.90781,1.90739,1.90773,165,8,0
2024-01-15 06:40:00,1.90773,1.90804,1.90769,1.90791,183,8,0
2024-01-15 06:45:00,1.90791,1.9083,1.90769,1.90811,222,8,0
2024-01-15 06:50:00,1.90812,1.90831,1.90802,1.9081700000000001,215,8,0
2024-01-15 06:55:00,1.9081700000000001,1.90861,1.9081299999999999,1.90818,287,8,0
2024-01-15 07:00:00,1.90818,1.9092799999999999,1.9081700000000001,1.90917,492,8,0
2024-01-15 07:05:00,1.90917,1.90991,1.90916,1.9095,368,8,0
2024-01-15 07:10:00,1.9095,1.9101599999999999,1.9091399999999998,1.90943,388,8,0
2024-01-15 07:15:00,1.90943,1.91021,1.90929,1.90944,479,8,0
2024-01-15 07:20:00,1.90944,1.90988,1.90931,1.90971,618,8,0
2024-01-15 07:25:00,1.90971,1.90997,1.9094799999999998,1.90977,435,8,0
2024-01-15 07:30:00,1.90977,1.91055,1.90971,1.91032,685,8,0
2024-01-15 07:35:00,1.91032,1.91125,1.9102999999999999,1.91106,614,8,0
2024-01-15 07:40:00,1.91106,1.91126,1.91072,1.91072,439,8,0
2024-01-15 07:45:00,1.91072,1.9111799999999999,1.9106100000000001,1.91094,534,8,0
2024-01-15 07:50:00,1.91094,1.91094,1.9103599999999998,1.91046,526,8,0
2024-01-15 07:55:00,1.91046,1.9109,1.91035,1.91055,448,8,0
2024-01-15 08:00:00,1.91056,1.91153,1.91035,1.91127,739,8,0
2024-01-15 08:05:00,1.91127,1.91204,1.91093,1.91184,652,8,0
2024-01-15 08:10:00,1.9118300000000001,1.91234,1.91167,1.91229,601,8,0
2024-01-15 08:15:00,1.91229,1.9127399999999999,1.91222,1.91255,703,8,0
2024-01-15 08:20:00,1.9125299999999998,1.9129,1.91246,1.91248,609,8,0
2024-01-15 08:25:00,1.91247,1.91247,1.9112900000000002,1.91153,629,8,0
2024-01-15 08:30:00,1.91153,1.91191,1.91085,1.91107,690,8,0
2024-01-15 08:35:00,1.9110800000000001,1.91153,1.91045,1.91085,741,8,0
2024-01-15 08:40:00,1.91085,1.91096,1.9103599999999998,1.9104100000000002,618,8,0
2024-01-15 08:45:00,1.9104,1.9104299999999999,1.9096899999999999,1.91008,628,8,0
2024-01-15 08:50:00,1.91008,1.9110399999999998,1.91008,1.91049,421,8,0
2024-01-15 08:55:00,1.91049,1.9106999999999998,1.91015,1.9102999999999999,607,8,0
2024-01-15 09:00:00,1.9102999999999999,1.91151,1.9100899999999998,1.91076,878,8,0
2024-01-15 09:05:00,1.91076,1.91106,1.9102299999999999,1.91063,546,8,0
2024-01-15 09:10:00,1.91063,1.91063,1.9099300000000001,1.9100700000000002,435,8,0
2024-01-15 09:15:00,1.9100700000000002,1.9104999999999999,1.91005,1.91026,537,8,0
2024-01-15 09:20:00,1.91026,1.91035,1.90991,1.91001,417,8,0
2024-01-15 09:25:00,1.91001,1.9105400000000001,1.9100000000000001,1.9102299999999999,501,8,0
2024-01-15 09:30:00,1.9102299999999999,1.91042,1.90999,1.91031,478,8,0
2024-01-15 09:35:00,1.91031,1.91113,1.9097499999999998,1.91058,608,8,0
2024-01-15 09:40:00,1.91058,1.9115799999999998,1.91056,1.91117,441,8,0
2024-01-15 09:45:00,1.91117,1.91125,1.9100899999999998,1.91042,644,8,0
2024-01-15 09:50:00,1.91042,1.9111799999999999,1.9104100000000002,1.91105,718,8,0
2024-01-15 09:55:00,1.91105,1.9118,1.91092,1.91153,614,8,0
2024-01-15 10:00:00,1.91154,1.91174,1.91103,1.91154,697,8,0
2024-01-15 10:05:00,1.91154,1.9122599999999998,1.91113,1.9122599999999998,498,8,0
2024-01-15 10:10:00,1.9122599999999998,1.9125100000000002,1.9111099999999999,1.91167,791,8,0
2024-01-15 10:15:00,1.91167,1.91167,1.9106999999999998,1.91075,558,8,0
2024-01-15 10:20:00,1.91076,1.91082,1.91049,1.91049,575,8,0
2024-01-15 10:25:00,1.91051,1.9108100000000001,1.91003,1.91052,571,8,0
2024-01-15 10:30:00,1.91052,1.91073,1.91019,1.91073,788,8,0
2024-01-15 10:35:00,1.91073,1.9111,1.90999,1.91005,647,8,0
2024-01-15 10:40:00,1.91005,1.91012,1.9098000000000002,1.91008,493,8,0
2024-01-15 10:45:00,1.91008,1.9106800000000002,1.90999,1.9104299999999999,456,8,0
2024-01-15 10:50:00,1.91045,1.91113,1.91031,1.9111,405,8,0
2024-01-15 10:55:00,1.9111,1.91113,1.91067,1.9109500000000001,424,8,0
2024-01-15 11:00:00,1.9109500000000001,1.91099,1.9104,1.9106999999999998,439,8,0
2024-01-15 11:05:00,1.9106999999999998,1.9108399999999999,1.91056,1.91073,348,8,0
2024-01-15 11:10:00,1.91073,1.91079,1.91033,1.91038,417,8,0
2024-01-15 11:15:00,1.91038,1.91038,1.9100000000000001,1.91019,487,8,0
2024-01-15 11:20:00,1.91019,1.91059,1.91011,1.9103599999999998,441,8,0
2024-01-15 11:25:00,1.9103599999999998,1.9104299999999999,1.9098899999999999,1.9099599999999999,542,8,0
2024-01-15 11:30:00,1.9099599999999999,1.91039,1.90987,1.91033,438,8,0
2024-01-15 11:35:00,1.91033,1.9105400000000001,1.91014,1.91045,362,8,0
2024-01-15 11:40:00,1.91045,1.91053,1.91004,1.91033,433,8,0
2024-01-15 11:45:00,1.91033,1.91078,1.91025,1.91037,421,8,0
2024-01-15 11:50:00,1.91037,1.91067,1.91029,1.91058,510,8,0
2024-01-15 11:55:00,1.91058,1.91075,1.9103599999999998,1.91066,435,8,0
2024-01-15 12:00:00,1.91066,1.91117,1.9106100000000001,1.91103,360,8,0
2024-01-15 12:05:00,1.9110200000000002,1.91117,1.9107699999999999,1.9111,370,8,0
2024-01-15 12:10:00,1.9111,1.91186,1.91105,1.91173,378,8,0
2024-01-15 12:15:00,1.91173,1.91193,1.9114499999999999,1.91186,405,8,0
2024-01-15 12:20:00,1.91186,1.91243,1.9117600000000001,1.91242,509,8,0
2024-01-15 12:25:00,1.91242,1.91261,1.9114,1.9119000000000002,575,8,0
2024-01-15 12:30:00,1.9119000000000002,1.9122,1.9117199999999999,1.9121000000000001,623,8,0
2024-01-15 12:35:00,1.91212,1.91243,1.91191,1.91195,545,8,0
2024-01-15 12:40:00,1.91195,1.91228,1.9114200000000001,1.91221,710,8,0
2024-01-15 12:45:00,1.91221,1.9122599999999998,1.9116499999999998,1.91173,639,8,0
2024-01-15 12:50:00,1.9117199999999999,1.91187,1.91105,1.9114200000000001,590,8,0
2024-01-15 12:55:00,1.9114200000000001,1.91223,1.9114,1.91209,594,8,0
2024-01-15 13:00:00,1.91209,1.9122599999999998,1.9115600000000001,1.91184,835,8,0
2024-01-15 13:05:00,1.91184,1.91205,1.9110200000000002,1.9110800000000001,712,8,0
2024-01-15 13:10:00,1.9110800000000001,1.91121,1.9109,1.91113,651,8,0
2024-01-15 13:15:00,1.91113,1.91113,1.91029,1.91065,566,8,0
2024-01-15 13:20:00,1.91065,1.9109,1.91039,1.91042,424,8,0
2024-01-15 13:25:00,1.91042,1.91076,1.9103599999999998,1.91071,420,8,0
2024-01-15 13:30:00,1.91071,1.91132,1.91067,1.91124,534,8,0
2024-01-15 13:35:00,1.91124,1.91182,1.9112,1.91159,553,8,0
2024-01-15 13:40:00,1.91159,1.91181,1.91137,1.91173,520,8,0
2024-01-15 13:45:00,1.91173,1.9117600000000001,1.91114,1.9111500000000001,478,8,0
2024-01-15 13:50:00,1.91113,1.91181,1.91113,1.9116900000000001,403,8,0
2024-01-15 13:55:00,1.9116900000000001,1.91238,1.9113,1.91208,554,8,0
2024-01-15 14:00:00,1.91208,1.91218,1.91162,1.9121299999999999,521,8,0
2024-01-15 14:05:00,1.91214,1.91225,1.91134,1.91136,645,8,0
2024-01-15 14:10:00,1.91136,1.91161,1.91112,1.91112,433,8,0
2024-01-15 14:15:00,1.91112,1.9116,1.9110399999999998,1.9114900000000001,603,8,0
2024-01-15 14:20:00,1.9115,1.9121000000000001,1.9114499999999999,1.91189,674,8,0
2024-01-15 14:25:00,1.9119000000000002,1.9125100000000002,1.91174,1.91246,501,8,0
2024-01-15 14:30:00,1.91247,1.91275,1.9123299999999999,1.91239,522,8,0
2024-01-15 14:35:00,1.91239,1.91239,1.91166,1.91189,676,8,0
2024-01-15 14:40:00,1.91188,1.91193,1.91135,1.9117,483,8,0
2024-01-15 14:45:00,1.91171,1.91189,1.9116,1.91167,460,8,0
2024-01-15 14:50:00,1.91168,1.9117199999999999,1.91103,1.91109,440,8,0
2024-01-15 14:55:00,1.91109,1.9113099999999998,1.91086,1.91128,553,8,0
2024-01-15 15:00:00,1.91128,1.91171,1.9112200000000001,1.91132,669,8,0
2024-01-15 15:05:00,1.91132,1.91136,1.91067,1.91082,565,8,0
2024-01-15 15:10:00,1.91083,1.91103,1.9106800000000002,1.91094,557,8,0
2024-01-15 15:15:00,1.91094,1.91117,1.91076,1.91113,485,8,0
2024-01-15 15:20:00,1.91113,1.91207,1.9109500000000001,1.91205,517,8,0
2024-01-15 15:25:00,1.91205,1.91214,1.91162,1.91173,361,8,0
2024-01-15 15:30:00,1.91173,1.91214,1.91155,1.9115600000000001,576,8,0
2024-01-15 15:35:00,1.9115600000000001,1.91168,1.9112900000000002,1.9114,572,8,0
2024-01-15 15:40:00,1.9114,1.91148,1.91106,1.9113,650,8,0
2024-01-15 15:45:00,1.9113,1.91174,1.91107,1.91155,522,8,0
2024-01-15 15:50:00,1.91155,1.91182,1.91093,1.91106,753,8,0
2024-01-15 15:55:00,1.91106,1.91162,1.91026,1.91136,956,8,0
2024-01-15 16:00:00,1.91136,1.9119000000000002,1.9110399999999998,1.91177,836,8,0
2024-01-15 16:05:00,1.91171,1.91218,1.91162,1.912,498,8,0
2024-01-15 16:10:00,1.912,1.9123999999999999,1.91191,1.91235,406,8,0
2024-01-15 16:15:00,1.91235,1.91281,1.9121000000000001,1.91266,460,8,0
2024-01-15 16:20:00,1.91266,1.91291,1.91254,1.91283,214,8,0
2024-01-15 16:25:00,1.91283,1.9134,1.91268,1.91329,337,8,0
2024-01-15 16:30:00,1.91329,1.91342,1.9120599999999999,1.91215,442,8,0
2024-01-15 16:35:00,1.91215,1.9125,1.91202,1.91212,307,8,0
2024-01-15 16:40:00,1.91212,1.91216,1.91166,1.91182,338,8,0
2024-01-15 16:45:00,1.91182,1.91182,1.91132,1.91162,253,8,0
2024-01-15 16:50:00,1.91162,1.91162,1.9112900000000002,1.9114,187,8,0
2024-01-15 16:55:00,1.9114,1.9114,1.91087,1.9110800000000001,194,8,0
2024-01-15 17:00:00,1.9110800000000001,1.9114900000000001,1.91094,1.91128,217,8,0
2024-01-15 17:05:00,1.91128,1.9114900000000001,1.91125,1.9114200000000001,171,8,0
2024-01-15 17:10:00,1.9114200000000001,1.9114900000000001,1.9111799999999999,1.91134,190,8,0
2024-01-15 17:15:00,1.91134,1.91153,1.9111099999999999,1.91128,132,8,0
2024-01-15 17:20:00,1.91128,1.9113,1.91103,1.91116,143,8,0
2024-01-15 17:25:00,1.91116,1.91162,1.91116,1.91134,169,8,0
2024-01-15 17:30:00,1.91134,1.9115199999999999,1.9111500000000001,1.9111500000000001,239,8,0
2024-01-15 17:35:00,1.9111500000000001,1.91135,1.9110200000000002,1.91124,135,8,0
2024-01-15 17:40:00,1.91124,1.9114200000000001,1.9111,1.9114,188,8,0
2024-01-15 17:45:00,1.9114,1.91154,1.9112900000000002,1.91154,190,8,0
2024-01-15 17:50:00,1.91154,1.91166,1.91123,1.9112900000000002,226,8,0
2024-01-15 17:55:00,1.9112900000000002,1.91141,1.9110399999999998,1.9112900000000002,226,8,0
2024-01-15 18:00:00,1.9112900000000002,1.9116300000000002,1.91125,1.9115799999999998,105,8,0
2024-01-15 18:05:00,1.9115799999999998,1.9115799999999998,1.9112200000000001,1.91127,93,8,0
2024-01-15 18:10:00,1.91127,1.91137,1.9111,1.91119,121,8,0
2024-01-15 18:15:00,1.91119,1.91125,1.9111,1.91117,82,8,0
2024-01-15 18:20:00,1.91117,1.91146,1.9110800000000001,1.9114499999999999,109,8,0
2024-01-15 18:25:00,1.9114499999999999,1.9116300000000002,1.91128,1.9114499999999999,80,8,0
2024-01-15 18:30:00,1.9114499999999999,1.91151,1.91106,1.9111099999999999,55,8,0
2024-01-15 18:35:00,1.9111,1.9111500000000001,1.91094,1.91107,48,8,0
2024-01-15 18:40:00,1.91107,1.91116,1.911,1.9111500000000001,51,8,0
2024-01-15 18:45:00,1.9111500000000001,1.9111799999999999,1.91114,1.91117,20,8,0
2024-01-15 18:50:00,1.91117,1.91132,1.91109,1.9113,61,8,0
2024-01-15 18:55:00,1.9113,1.91187,1.91128,1.91187,101,8,0
2024-01-15 19:00:00,1.91187,1.912,1.9118,1.9119199999999998,92,8,0
2024-01-15 19:05:00,1.9119199999999998,1.9119199999999998,1.91168,1.91168,47,8,0
2024-01-15 19:10:00,1.91167,1.91167,1.91143,1.9114499999999999,57,8,0
2024-01-15 19:15:00,1.9114499999999999,1.91162,1.91135,1.91147,68,8,0
2024-01-15 19:20:00,1.91147,1.91147,1.9112,1.91123,62,8,0
2024-01-15 19:25:00,1.91123,1.91144,1.91121,1.91128,58,8,0
2024-01-15 19:30:00,1.91128,1.9112900000000002,1.9111500000000001,1.91124,85,8,0
2024-01-15 19:35:00,1.91124,1.91124,1.91103,1.91116,71,8,0
2024-01-15 19:40:00,1.91116,1.9114200000000001,1.9111500000000001,1.91127,66,8,0
2024-01-15 19:45:00,1.91127,1.91127,1.91107,1.91119,25,8,0
2024-01-15 19:50:00,1.91119,1.91137,1.9110800000000001,1.91135,40,8,0
2024-01-15 19:55:00,1.91135,1.9114200000000001,1.9112200000000001,1.91123,52,8,0
2024-01-15 20:00:00,1.91123,1.91143,1.9112200000000001,1.91141,40,8,0
2024-01-15 20:05:00,1.91141,1.91153,1.91133,1.9115,39,8,0
2024-01-15 20:10:00,1.9115,1.9115,1.9113,1.9115,55,8,0
2024-01-15 20:15:00,1.9115,1.91159,1.91139,1.9114499999999999,55,8,0
2024-01-15 20:20:00,1.9114499999999999,1.91161,1.91144,1.91161,38,8,0
2024-01-15 20:25:00,1.91161,1.91173,1.91151,1.91153,57,8,0
2024-01-15 20:30:00,1.91153,1.91166,1.91153,1.91161,43,8,0
2024-01-15 20:35:00,1.91161,1.91178,1.91161,1.91177,57,8,0
2024-01-15 20:40:00,1.91177,1.9117899999999999,1.9114,1.91141,68,8,0
2024-01-15 20:45:00,1.91141,1.91155,1.91141,1.9114900000000001,49,8,0
2024-01-15 20:50:00,1.9114900000000001,1.9114900000000001,1.91135,1.91143,60,8,0
2024-01-15 20:55:00,1.91143,1.91154,1.91116,1.9112,133,8,0
2024-01-15 21:00:00,1.9112,1.91127,1.9109500000000001,1.91109,68,8,0
2024-01-15 21:05:00,1.91109,1.91113,1.9109500000000001,1.9111,31,8,0
2024-01-15 21:10:00,1.9111,1.91114,1.9110200000000002,1.91114,23,8,0
2024-01-15 21:15:00,1.91114,1.91119,1.91089,1.91119,68,8,0
2024-01-15 21:20:00,1.9112,1.91127,1.91105,1.91127,93,8,0
2024-01-15 21:25:00,1.91127,1.91137,1.91101,1.9110200000000002,129,8,0
2024-01-15 21:30:00,1.9110200000000002,1.91117,1.911,1.91117,63,8,0
2024-01-15 21:35:00,1.91117,1.91121,1.9109500000000001,1.91103,41,8,0
2024-01-15 21:40:00,1.91103,1.91103,1.9109,1.91096,26,8,0
2024-01-15 21:45:00,1.91096,1.91127,1.91096,1.91124,59,8,0
2024-01-15 21:50:00,1.91124,1.91136,1.91089,1.91103,47,8,0
2024-01-15 21:55:00,1.911,1.91116,1.91071,1.9107699999999999,61,8,0
2024-01-15 22:00:00,1.91075,1.91127,1.9097300000000001,1.91067,21,59,0
2024-01-15 22:05:00,1.91087,1.9112,1.90951,1.90987,50,98,0
2024-01-15 22:10:00,1.90987,1.9108399999999999,1.90987,1.91055,57,69,0
2024-01-15 22:15:00,1.91055,1.9106100000000001,1.91055,1.91055,7,67,0
2024-01-15 22:20:00,1.91055,1.91137,1.91051,1.91116,69,65,0
2024-01-15 22:25:00,1.91116,1.9112200000000001,1.91032,1.91037,24,56,0
2024-01-15 22:30:00,1.9105400000000001,1.9109,1.9104100000000002,1.91075,52,42,0
2024-01-15 22:35:00,1.91079,1.91082,1.91026,1.91064,85,46,0
2024-01-15 22:40:00,1.91064,1.91112,1.91064,1.9110200000000002,19,14,0
2024-01-15 22:45:00,1.91079,1.91128,1.91069,1.91096,57,19,0
2024-01-15 22:50:00,1.91096,1.9109699999999998,1.91066,1.91071,39,47,0
2024-01-15 22:55:00,1.91071,1.9114499999999999,1.91066,1.9108,86,41,0
2024-01-15 23:00:00,1.91082,1.91185,1.91082,1.91134,241,8,0
2024-01-15 23:05:00,1.91134,1.91185,1.91125,1.9112900000000002,79,8,0
2024-01-15 23:10:00,1.9113,1.91174,1.91113,1.91161,170,8,0
2024-01-15 23:15:00,1.91161,1.91171,1.91147,1.9116,112,8,0
2024-01-15 23:20:00,1.9116,1.91185,1.9115799999999998,1.91185,59,8,0
2024-01-15 23:25:00,1.91185,1.91212,1.9117899999999999,1.91201,218,8,0
2024-01-15 23:30:00,1.91201,1.91202,1.91159,1.9116,216,8,0
2024-01-15 23:35:00,1.9116,1.9118300000000001,1.91144,1.91144,198,8,0
2024-01-15 23:40:00,1.91144,1.9116499999999998,1.91141,1.91146,128,8,0
2024-01-15 23:45:00,1.91151,1.9116900000000001,1.91133,1.9115600000000001,108,8,0
2024-01-15 23:50:00,1.9115600000000001,1.91186,1.9114900000000001,1.9116300000000002,145,8,0
2024-01-15 23:55:00,1.9116300000000002,1.91218,1.9114900000000001,1.91197,390,8,0
2024-01-16 00:00:00,1.91197,1.91286,1.91177,1.9127999999999998,678,8,0
2024-01-16 00:05:00,1.9127999999999998,1.91302,1.91215,1.9121700000000001,460,8,0
2024-01-16 00:10:00,1.9121700000000001,1.91231,1.91175,1.91204,511,8,0
2024-01-16 00:15:00,1.9120300000000001,1.91275,1.91188,1.91269,473,8,0
2024-01-16 00:20:00,1.91269,1.91313,1.91238,1.91293,556,8,0
2024-01-16 00:25:00,1.91293,1.91392,1.91293,1.91303,662,8,0
2024-01-16 00:30:00,1.91304,1.91334,1.91272,1.91326,492,8,0
2024-01-16 00:35:00,1.91326,1.91418,1.9126400000000001,1.91414,580,8,0
2024-01-16 00:40:00,1.91414,1.91472,1.91408,1.91472,677,8,0
2024-01-16 00:45:00,1.91472,1.9148100000000001,1.9133200000000001,1.91391,582,8,0
2024-01-16 00:50:00,1.9139,1.91465,1.9138600000000001,1.91452,820,8,0
2024-01-16 00:55:00,1.91452,1.91559,1.91432,1.9155600000000002,971,8,0
2024-01-16 01:00:00,1.9155600000000002,1.91591,1.91469,1.91562,1067,8,0
2024-01-16 01:05:00,1.91562,1.91635,1.91517,1.91536,1293,8,0
2024-01-16 01:10:00,1.91536,1.91566,1.9149,1.9151,946,8,0
2024-01-16 01:15:00,1.9151,1.91634,1.91507,1.91618,1113,8,0
2024-01-16 01:20:00,1.91618,1.91647,1.91517,1.91524,913,8,0
2024-01-16 01:25:00,1.91524,1.9154900000000001,1.9143599999999998,1.91437,818,8,0
2024-01-16 01:30:00,1.9143599999999998,1.9144299999999999,1.91349,1.91353,1065,8,0
2024-01-16 01:35:00,1.91353,1.91418,1.91288,1.91343,1012,8,0
2024-01-16 01:40:00,1.91343,1.91426,1.91341,1.91399,731,8,0
2024-01-16 01:45:00,1.91399,1.9144,1.91368,1.91422,657,8,0
2024-01-16 01:50:00,1.9142000000000001,1.91425,1.9137300000000002,1.91377,469,8,0
2024-01-16 01:55:00,1.91377,1.9143400000000002,1.9136,1.91397,552,8,0
2024-01-16 02:00:00,1.9139599999999999,1.91496,1.91384,1.91494,734,8,0
2024-01-16 02:05:00,1.91494,1.91523,1.9146100000000001,1.9151500000000001,668,8,0
2024-01-16 02:10:00,1.9151500000000001,1.9157600000000001,1.91483,1.91512,521,8,0
2024-01-16 02:15:00,1.91512,1.91532,1.91444,1.9148,491,8,0
2024-01-16 02:20:00,1.9148,1.91496,1.9143599999999998,1.91467,414,8,0
2024-01-16 02:25:00,1.91467,1.91483,1.91397,1.91414,422,8,0
2024-01-16 02:30:00,1.91413,1.91555,1.91365,1.91536,844,8,0
2024-01-16 02:35:00,1.91536,1.91557,1.91465,1.91475,515,8,0
2024-01-16 02:40:00,1.91475,1.91494,1.9144999999999999,1.91474,385,8,0
2024-01-16 02:45:00,1.91473,1.91543,1.9146800000000002,1.91524,373,8,0
2024-01-16 02:50:00,1.91524,1.9154900000000001,1.9149,1.9151099999999999,458,8,0
2024-01-16 02:55:00,1.9151,1.91534,1.91502,1.9150399999999999,414,8,0
2024-01-16 03:00:00,1.9150399999999999,1.91541,1.9146999999999998,1.91523,573,8,0
2024-01-16 03:05:00,1.91524,1.91526,1.9144700000000001,1.9145699999999999,539,8,0
2024-01-16 03:10:00,1.9145699999999999,1.91476,1.91433,1.91464,533,8,0
2024-01-16 03:15:00,1.91463,1.9147699999999999,1.91433,1.91453,483,8,0
2024-01-16 03:20:00,1.91453,1.91473,1.91425,1.91444,521,8,0
2024-01-16 03:25:00,1.91444,1.91517,1.9144299999999999,1.91505,408,8,0
2024-01-16 03:30:00,1.91505,1.91655,1.91502,1.91631,694,8,0
2024-01-16 03:35:00,1.91631,1.91772,1.91627,1.91692,752,8,0
2024-01-16 03:40:00,1.91692,1.91753,1.91683,1.9173900000000001,536,8,0
2024-01-16 03:45:00,1.91737,1.9176199999999999,1.9167999999999998,1.9172500000000001,381,8,0
2024-01-16 03:50:00,1.9172500000000001,1.91765,1.9167800000000002,1.91763,339,8,0
2024-01-16 03:55:00,1.91763,1.91783,1.9172099999999999,1.91772,320,8,0
2024-01-16 04:00:00,1.9177300000000002,1.91785,1.91709,1.91733,374,8,0
2024-01-16 04:05:00,1.91733,1.91797,1.91727,1.91777,335,8,0
2024-01-16 04:10:00,1.91777,1.9183599999999998,1.9174600000000002,1.91765,292,8,0
2024-01-16 04:15:00,1.91765,1.9176600000000001,1.91692,1.9173,368,8,0
2024-01-16 04:20:00,1.9173,1.91778,1.91715,1.91749,337,8,0
2024-01-16 04:25:00,1.91749,1.91785,1.91733,1.9175,363,8,0
2024-01-16 04:30:00,1.9175,1.91788,1.9173499999999999,1.91781,307,8,0
2024-01-16 04:35:00,1.91781,1.9180000000000001,1.91763,1.91777,332,8,0
2024-01-16 04:40:00,1.91777,1.9179,1.91756,1.9175900000000001,241,8,0
2024-01-16 04:45:00,1.9176,1.91784,1.91747,1.91749,413,8,0
2024-01-16 04:50:00,1.91749,1.9177,1.91713,1.9172,382,8,0
2024-01-16 04:55:00,1.9172,1.9172799999999999,1.91686,1.91699,371,8,0
2024-01-16 05:00:00,1.91699,1.91745,1.91676,1.91726,724,8,0
2024-01-16 05:05:00,1.91726,1.9172799999999999,1.91669,1.91669,466,8,0
2024-01-16 05:10:00,1.91669,1.9167399999999999,1.91616,1.91634,447,8,0
2024-01-16 05:15:00,1.91634,1.91655,1.91621,1.91645,310,8,0
2024-01-16 05:20:00,1.91645,1.9171200000000002,1.9163000000000001,1.91686,337,8,0
2024-01-16 05:25:00,1.9168699999999999,1.91688,1.91634,1.91642,395,8,0
2024-01-16 05:30:00,1.91641,1.91727,1.91639,1.9172,598,8,0
2024-01-16 05:35:00,1.9172,1.91761,1.91718,1.9176,439,8,0
2024-01-16 05:40:00,1.9176,1.9178199999999999,1.9175499999999999,1.9176600000000001,404,8,0
2024-01-16 05:45:00,1.9176600000000001,1.91812,1.91734,1.91749,528,8,0
2024-01-16 05:50:00,1.9175,1.91794,1.9173499999999999,1.9176199999999999,509,8,0
2024-01-16 05:55:00,1.91761,1.9180000000000001,1.91756,1.9176600000000001,648,8,0
2024-01-16 06:00:00,1.91767,1.91799,1.91743,1.91749,733,8,0
2024-01-16 06:05:00,1.91749,1.9176199999999999,1.91703,1.9172799999999999,414,8,0
2024-01-16 06:10:00,1.9172799999999999,1.91776,1.9172099999999999,1.9174,405,8,0
2024-01-16 06:15:00,1.9174,1.91744,1.91665,1.9172099999999999,635,8,0
2024-01-16 06:20:00,1.9172,1.91749,1.91695,1.91734,655,8,0
2024-01-16 06:25:00,1.91734,1.9175499999999999,1.91713,1.91718,426,8,0
2024-01-16 06:30:00,1.91718,1.91738,1.91604,1.91638,738,8,0
2024-01-16 06:35:00,1.91638,1.91669,1.9159899999999999,1.91627,647,8,0
2024-01-16 06:40:00,1.91629,1.9169800000000001,1.9161899999999998,1.91689,423,8,0
2024-01-16 06:45:00,1.91689,1.9169,1.91611,1.91612,514,8,0
2024-01-16 06:50:00,1.9161299999999999,1.91621,1.9154,1.91557,769,8,0
2024-01-16 06:55:00,1.91557,1.91615,1.91546,1.9158,367,8,0
2024-01-16 07:00:00,1.91577,1.9161299999999999,1.91322,1.9140000000000001,1057,8,0
2024-01-16 07:05:00,1.9140000000000001,1.9153099999999998,1.91392,1.91519,657,8,0
2024-01-16 07:10:00,1.91517,1.91534,1.91476,1.91501,627,8,0
2024-01-16 07:15:00,1.91501,1.9157199999999999,1.9149500000000002,1.91566,784,8,0
2024-01-16 07:20:00,1.91566,1.91589,1.9153,1.91575,729,8,0
2024-01-16 07:25:00,1.91577,1.91591,1.9144700000000001,1.9146999999999998,710,8,0
2024-01-16 07:30:00,1.91467,1.9148,1.91398,1.91414,761,8,0
2024-01-16 07:35:00,1.91414,1.91432,1.9137499999999998,1.91403,663,8,0
2024-01-16 07:40:00,1.91403,1.91533,1.91392,1.91512,715,8,0
2024-01-16 07:45:00,1.91512,1.9154900000000001,1.91471,1.9150800000000001,554,8,0
2024-01-16 07:50:00,1.9150800000000001,1.91517,1.91442,1.91456,533,8,0
2024-01-16 07:55:00,1.91456,1.91527,1.91449,1.91506,589,8,0
2024-01-16 08:00:00,1.91506,1.91573,1.915,1.91562,1052,8,0
2024-01-16 08:05:00,1.91562,1.91571,1.9139599999999999,1.9143400000000002,1073,8,0
2024-01-16 08:10:00,1.91433,1.91489,1.9141599999999999,1.9144299999999999,844,8,0
2024-01-16 08:15:00,1.9144299999999999,1.91451,1.91334,1.91377,977,8,0
2024-01-16 08:20:00,1.91377,1.91388,1.91092,1.9124400000000001,1429,8,0
2024-01-16 08:25:00,1.9124400000000001,1.91308,1.9121299999999999,1.9129399999999999,1150,8,0
2024-01-16 08:30:00,1.9129399999999999,1.91337,1.91225,1.91291,1388,8,0
2024-01-16 08:35:00,1.91291,1.9140700000000002,1.91266,1.91363,1361,8,0
2024-01-16 08:40:00,1.91364,1.9145400000000001,1.91341,1.9141,1177,8,0
2024-01-16 08:45:00,1.9141,1.91476,1.9137499999999998,1.91435,912,8,0
2024-01-16 08:50:00,1.9143400000000002,1.91471,1.9137300000000002,1.91451,978,8,0
2024-01-16 08:55:00,1.91451,1.91544,1.91417,1.91541,1079,8,0
2024-01-16 09:00:00,1.91537,1.91541,1.9142700000000001,1.91455,1234,8,0
2024-01-16 09:05:00,1.91455,1.9150800000000001,1.91398,1.91412,1061,8,0
2024-01-16 09:10:00,1.91412,1.9151,1.91412,1.9143400000000002,967,8,0
2024-01-16 09:15:00,1.91435,1.91473,1.91397,1.91399,1104,8,0
2024-01-16 09:20:00,1.9140000000000001,1.91451,1.91326,1.9144,928,8,0
2024-01-16 09:25:00,1.91441,1.9151,1.9142700000000001,1.9148800000000001,775,8,0
2024-01-16 09:30:00,1.9148800000000001,1.9152200000000001,1.91446,1.9150399999999999,717,8,0
2024-01-16 09:35:00,1.9150399999999999,1.9151500000000001,1.91388,1.9143,1009,8,0
2024-01-16 09:40:00,1.9143,1.91467,1.9139,1.9141,1099,8,0
2024-01-16 09:45:00,1.9141,1.91439,1.91364,1.9138899999999999,1022,8,0
2024-01-16 09:50:00,1.9138899999999999,1.91421,1.9136199999999999,1.91363,841,8,0
2024-01-16 09:55:00,1.91363,1.91394,1.9134,1.91385,649,8,0
2024-01-16 10:00:00,1.9138600000000001,1.91554,1.91381,1.9148399999999999,1242,8,0
2024-01-16 10:05:00,1.9148399999999999,1.9151500000000001,1.91444,1.91489,1006,8,0
2024-01-16 10:10:00,1.91489,1.9158,1.91479,1.91551,899,8,0
2024-01-16 10:15:00,1.91551,1.9161700000000002,1.91537,1.9154499999999999,840,8,0
2024-01-16 10:20:00,1.9154499999999999,1.91547,1.91408,1.9140899999999998,705,8,0
2024-01-16 10:25:00,1.9140899999999998,1.91417,1.9136600000000001,1.91402,746,8,0
2024-01-16 10:30:00,1.91402,1.91418,1.9131399999999998,1.91365,700,8,0
2024-01-16 10:35:00,1.9136600000000001,1.91371,1.91315,1.91338,776,8,0
2024-01-16 10:40:00,1.91338,1.9139300000000001,1.9132099999999999,1.91364,812,8,0
2024-01-16 10:45:00,1.91364,1.91383,1.91307,1.91358,726,8,0
2024-01-16 10:50:00,1.91358,1.9137499999999998,1.91309,1.91367,745,8,0
2024-01-16 10:55:00,1.91367,1.91397,1.91297,1.91357,909,8,0
2024-01-16 11:00:00,1.91357,1.91402,1.91326,1.91378,943,8,0
2024-01-16 11:05:00,1.91378,1.9141,1.91343,1.91391,771,8,0
2024-01-16 11:10:00,1.9139,1.91392,1.91313,1.91331,726,8,0
2024-01-16 11:15:00,1.9133200000000001,1.9136199999999999,1.91295,1.9133,810,8,0
2024-01-16 11:20:00,1.91331,1.9139599999999999,1.91317,1.91376,761,8,0
2024-01-16 11:25:00,1.91376,1.9144,1.91376,1.91401,737,8,0
2024-01-16 11:30:00,1.91401,1.9143,1.9135900000000001,1.9140899999999998,813,8,0
2024-01-16 11:35:00,1.9140899999999998,1.91456,1.91342,1.91448,669,8,0
2024-01-16 11:40:00,1.91448,1.91464,1.91414,1.91456,537,8,0
2024-01-16 11:45:00,1.91456,1.9151500000000001,1.91428,1.91514,735,8,0
2024-01-16 11:50:00,1.91514,1.91514,1.91439,1.91462,692,8,0
2024-01-16 11:55:00,1.91462,1.91514,1.9144299999999999,1.91476,965,8,0
2024-01-16 12:00:00,1.91476,1.91539,1.9146,1.91533,836,8,0
2024-01-16 12:05:00,1.91533,1.91555,1.9148399999999999,1.91485,637,8,0
2024-01-16 12:10:00,1.91485,1.9163000000000001,1.91479,1.9161000000000001,692,8,0
2024-01-16 12:15:00,1.9161000000000001,1.91636,1.91573,1.91594,590,8,0
2024-01-16 12:20:00,1.91597,1.91631,1.91587,1.9161700000000002,631,8,0
2024-01-16 12:25:00,1.9161700000000002,1.9163299999999999,1.91574,1.91595,790,8,0
2024-01-16 12:30:00,1.91595,1.916,1.91498,1.91502,676,8,0
2024-01-16 12:35:00,1.91502,1.9151099999999999,1.9143,1.9146,545,8,0
2024-01-16 12:40:00,1.9146,1.91472,1.91417,1.91438,625,8,0
2024-01-16 12:45:00,1.91438,1.91485,1.91424,1.91445,678,8,0
2024-01-16 12:50:00,1.91445,1.91479,1.91405,1.91411,621,8,0
2024-01-16 12:55:00,1.91411,1.91459,1.91401,1.9140899999999998,818,8,0
2024-01-16 13:00:00,1.9140899999999998,1.9144,1.91391,1.91429,1019,8,0
2024-01-16 13:05:00,1.91429,1.91506,1.91429,1.91494,725,8,0
2024-01-16 13:10:00,1.91494,1.91537,1.91485,1.9149500000000002,841,8,0
2024-01-16 13:15:00,1.91493,1.9159000000000002,1.91451,1.91564,1032,8,0
2024-01-16 13:20:00,1.91564,1.91639,1.9155,1.91575,1195,8,0
2024-01-16 13:25:00,1.91575,1.91584,1.91517,1.91551,829,8,0
2024-01-16 13:30:00,1.9155,1.91557,1.91368,1.9148,2399,8,0
2024-01-16 13:35:00,1.9148,1.91578,1.9147699999999999,1.91553,1596,8,0
2024-01-16 13:40:00,1.91553,1.91554,1.9146100000000001,1.91509,1728,8,0
2024-01-16 13:45:00,1.9151,1.9161000000000001,1.91502,1.91571,1710,8,0
2024-01-16 13:50:00,1.91571,1.91588,1.9152,1.91551,1604,8,0
2024-01-16 13:55:00,1.91551,1.9162,1.9154499999999999,1.9157600000000001,1604,8,0
2024-01-16 14:00:00,1.9157899999999999,1.91614,1.9151799999999999,1.9161000000000001,1621,8,0
2024-01-16 14:05:00,1.9161000000000001,1.91643,1.91546,1.91577,1423,8,0
2024-01-16 14:10:00,1.91577,1.91635,1.9155799999999998,1.91575,1449,8,0
2024-01-16 14:15:00,1.91575,1.91586,1.9153,1.91544,1403,8,0
2024-01-16 14:20:00,1.91544,1.91641,1.9154200000000001,1.91594,1535,8,0
2024-01-16 14:25:00,1.91593,1.91661,1.9155799999999998,1.91645,1195,8,0
2024-01-16 14:30:00,1.91645,1.91696,1.91564,1.91663,1978,8,0
2024-01-16 14:35:00,1.91663,1.91764,1.91632,1.91744,1614,8,0
2024-01-16 14:40:00,1.91743,1.91806,1.91738,1.9179300000000001,1450,8,0
2024-01-16 14:45:00,1.9179300000000001,1.91805,1.91724,1.9173,1408,8,0
2024-01-16 14:50:00,1.9173,1.91798,1.91702,1.91788,1515,8,0
2024-01-16 14:55:00,1.91788,1.9184,1.91774,1.9178199999999999,1323,8,0
2024-01-16 15:00:00,1.9178199999999999,1.91811,1.91747,1.9181,1428,8,0
2024-01-16 15:05:00,1.9181,1.91852,1.91792,1.91817,1412,8,0
2024-01-16 15:10:00,1.91817,1.91919,1.9181599999999999,1.91917,1273,8,0
2024-01-16 15:15:00,1.91917,1.91923,1.91818,1.91864,1152,8,0
2024-01-16 15:20:00,1.91864,1.91873,1.91754,1.91765,965,8,0
2024-01-16 15:25:00,1.91765,1.9180199999999998,1.9172099999999999,1.9176199999999999,1127,8,0
2024-01-16 15:30:00,1.91761,1.9183,1.91745,1.91814,1195,8,0
2024-01-16 15:35:00,1.91814,1.91839,1.9176,1.91779,1049,8,0
2024-01-16 15:40:00,1.91777,1.91801,1.9172,1.9178199999999999,1177,8,0
2024-01-16 15:45:00,1.91781,1.9185699999999999,1.9175200000000001,1.91852,1085,8,0
2024-01-16 15:50:00,1.91852,1.9193099999999998,1.9182000000000001,1.91902,1321,8,0
2024-01-16 15:55:00,1.91902,1.91926,1.91825,1.91844,1440,8,0
2024-01-16 16:00:00,1.91844,1.9203700000000001,1.91837,1.91928,3213,8,0
2024-01-16 16:05:00,1.9193099999999998,1.91954,1.9174799999999999,1.91946,2475,8,0
2024-01-16 16:10:00,1.91946,1.92021,1.91905,1.91913,2157,8,0
2024-01-16 16:15:00,1.91913,1.91981,1.9186999999999999,1.91926,2067,8,0
2024-01-16 16:20:00,1.91926,1.91939,1.9181,1.9182700000000001,1891,8,0
2024-01-16 16:25:00,1.9182700000000001,1.9188399999999999,1.9181300000000001,1.91876,1659,8,0
2024-01-16 16:30:00,1.9187699999999999,1.91898,1.91811,1.91832,1524,8,0
2024-01-16 16:35:00,1.91832,1.91856,1.91792,1.9182700000000001,1530,8,0
2024-01-16 16:40:00,1.9182700000000001,1.9186999999999999,1.91819,1.91841,1395,8,0
2024-01-16 16:45:00,1.91841,1.91912,1.9182700000000001,1.91894,1105,8,0
2024-01-16 16:50:00,1.9189500000000002,1.91901,1.91819,1.91852,1277,8,0
2024-01-16 16:55:00,1.91853,1.91865,1.9182000000000001,1.91837,1226,8,0
2024-01-16 17:00:00,1.91837,1.91851,1.9178600000000001,1.91819,1223,8,0
2024-01-16 17:05:00,1.91819,1.9195799999999998,1.91819,1.9190800000000001,1355,8,0
2024-01-16 17:10:00,1.9190800000000001,1.9194900000000001,1.9189699999999998,1.9193500000000001,1252,8,0
2024-01-16 17:15:00,1.9193500000000001,1.9194,1.91865,1.9187699999999999,1235,8,0
2024-01-16 17:20:00,1.91875,1.9187699999999999,1.9180000000000001,1.91805,1007,8,0
2024-01-16 17:25:00,1.91803,1.91882,1.91779,1.91873,1116,8,0
2024-01-16 17:30:00,1.91872,1.91905,1.9184,1.91872,1065,8,0
2024-01-16 17:35:00,1.91872,1.9193099999999998,1.9186999999999999,1.91907,1010,8,0
2024-01-16 17:40:00,1.91907,1.91933,1.91886,1.9191799999999999,994,8,0
2024-01-16 17:45:00,1.9191799999999999,1.91928,1.91876,1.9191,917,8,0
2024-01-16 17:50:00,1.9191,1.9191,1.91849,1.91875,817,8,0
2024-01-16 17:55:00,1.91875,1.91887,1.9179300000000001,1.91799,658,8,0
2024-01-16 18:00:00,1.91799,1.91814,1.91779,1.91791,830,8,0
2024-01-16 18:05:00,1.91791,1.91798,1.91768,1.9177,691,8,0
2024-01-16 18:10:00,1.9177,1.9180899999999999,1.9176199999999999,1.91795,687,8,0
2024-01-16 18:15:00,1.91795,1.9184299999999999,1.91787,1.91798,983,8,0
2024-01-16 18:20:00,1.91798,1.9186299999999998,1.91791,1.91829,962,8,0
2024-01-16 18:25:00,1.91829,1.91869,1.91825,1.91841,918,8,0
2024-01-16 18:30:00,1.91841,1.9186100000000001,1.9182700000000001,1.91833,644,8,0
2024-01-16 18:35:00,1.91833,1.91872,1.9183,1.9185699999999999,594,8,0
2024-01-16 18:40:00,1.9185699999999999,1.91882,1.91846,1.91865,697,8,0
2024-01-16 18:45:00,1.91865,1.91872,1.91849,1.9186299999999998,673,8,0
2024-01-16 18:50:00,1.9186299999999998,1.919,1.9184700000000001,1.91891,602,8,0
2024-01-16 18:55:00,1.91891,1.91932,1.91879,1.91927,562,8,0
2024-01-16 19:00:00,1.91928,1.91948,1.91913,1.9192399999999998,781,8,0
2024-01-16 19:05:00,1.9192399999999998,1.91937,1.91891,1.91919,708,8,0
2024-01-16 19:10:00,1.91919,1.91926,1.91852,1.91871,750,8,0
2024-01-16 19:15:00,1.91871,1.91903,1.91852,1.91896,521,8,0
2024-01-16 19:20:00,1.91896,1.91896,1.91804,1.9181599999999999,534,8,0
2024-01-16 19:25:00,1.9181599999999999,1.9185699999999999,1.91805,1.91855,504,8,0
2024-01-16 19:30:00,1.91855,1.91866,1.91821,1.91829,417,8,0
2024-01-16 19:35:00,1.91829,1.9185699999999999,1.91829,1.91853,490,8,0
2024-01-16 19:40:00,1.91853,1.91872,1.91825,1.9185400000000001,393,8,0
2024-01-16 19:45:00,1.91852,1.91879,1.91839,1.9184,487,8,0
2024-01-16 19:50:00,1.9184,1.9184299999999999,1.91811,1.91829,580,8,0
2024-01-16 19:55:00,1.91829,1.91842,1.9180899999999999,1.91825,552,8,0
2024-01-16 20:00:00,1.91825,1.91837,1.91797,1.91812,496,8,0
2024-01-16 20:05:00,1.91812,1.91838,1.91768,1.9183,392,8,0
2024-01-16 20:10:00,1.9183,1.91858,1.91822,1.91856,396,8,0
2024-01-16 20:15:00,1.91856,1.9188399999999999,1.9185400000000001,1.91882,584,8,0
2024-01-16 20:20:00,1.91882,1.91896,1.91852,1.91864,640,8,0
2024-01-16 20:25:00,1.91864,1.91889,1.9183599999999998,1.91864,591,8,0
2024-01-16 20:30:00,1.91864,1.91899,1.91841,1.91866,917,8,0
2024-01-16 20:35:00,1.91866,1.91893,1.9186,1.9187699999999999,445,8,0
2024-01-16 20:40:00,1.9187699999999999,1.9188800000000001,1.9186299999999998,1.91871,443,8,0
2024-01-16 20:45:00,1.91871,1.9190800000000001,1.91862,1.91886,371,8,0
2024-01-16 20:50:00,1.91886,1.9189500000000002,1.91862,1.91865,460,8,0
2024-01-16 20:55:00,1.91865,1.9189500000000002,1.91862,1.9188,443,8,0
2024-01-16 21:00:00,1.91879,1.91909,1.91865,1.91885,340,8,0
2024-01-16 21:05:00,1.91886,1.91889,1.91846,1.91848,187,8,0
2024-01-16 21:10:00,1.91848,1.91878,1.91844,1.91876,135,8,0
2024-01-16 21:15:00,1.91876,1.91891,1.9186100000000001,1.91878,224,8,0
2024-01-16 21:20:00,1.91876,1.91878,1.91841,1.9185400000000001,182,8,0
2024-01-16 21:25:00,1.9185400000000001,1.91873,1.91848,1.9185699999999999,235,8,0
2024-01-16 21:30:00,1.9185699999999999,1.91883,1.91851,1.91875,148,8,0
2024-01-16 21:35:00,1.91875,1.9189500000000002,1.91872,1.9189,157,8,0
2024-01-16 21:40:00,1.9189,1.9192,1.9187699999999999,1.91906,247,8,0
2024-01-16 21:45:00,1.91907,1.9190800000000001,1.91889,1.91893,208,8,0
2024-01-16 21:50:00,1.91893,1.9191,1.91875,1.91883,312,8,0
2024-01-16 21:55:00,1.91883,1.91925,1.9188100000000001,1.9191799999999999,599,8,0
2024-01-16 22:00:00,1.9191,1.9191,1.91751,1.9178899999999999,11,36,0
2024-01-16 22:05:00,1.9178899999999999,1.9188100000000001,1.9178899999999999,1.91814,30,60,0
2024-01-16 22:10:00,1.91814,1.9187400000000001,1.9178199999999999,1.91865,18,55,0
2024-01-16 22:15:00,1.91865,1.91917,1.91865,1.9188800000000001,40,72,0
2024-01-16 22:20:00,1.9188800000000001,1.9188800000000001,1.91814,1.91862,47,50,0
2024-01-16 22:25:00,1.91862,1.91928,1.91856,1.9189500000000002,74,40,0
2024-01-16 22:30:00,1.91899,1.9191099999999999,1.9184299999999999,1.91862,58,60,0
2024-01-16 22:35:00,1.91862,1.91864,1.9180700000000002,1.9184299999999999,121,47,0
2024-01-16 22:40:00,1.9184700000000001,1.91867,1.9182299999999999,1.9184299999999999,110,44,0
2024-01-16 22:45:00,1.9184299999999999,1.91848,1.91832,1.91848,12,66,0
2024-01-16 22:50:00,1.91844,1.9185400000000001,1.91838,1.91848,47,72,0
2024-01-16 22:55:00,1.91848,1.91891,1.91835,1.91879,87,44,0
2024-01-16 23:00:00,1.91879,1.91896,1.91785,1.91808,261,8,0
2024-01-16 23:05:00,1.91808,1.91826,1.91808,1.91821,55,10,0
2024-01-16 23:10:00,1.91819,1.9184999999999999,1.9181300000000001,1.91832,147,8,0
2024-01-16 23:15:00,1.91835,1.91852,1.91826,1.9183599999999998,107,8,0
2024-01-16 23:20:00,1.9183599999999998,1.9184,1.9180700000000002,1.91819,104,8,0
2024-01-16 23:25:00,1.91819,1.91832,1.91806,1.9182000000000001,46,8,0
2024-01-16 23:30:00,1.9182000000000001,1.91837,1.9181599999999999,1.91822,73,8,0
2024-01-16 23:35:00,1.9182000000000001,1.91859,1.9182000000000001,1.91859,148,8,0
2024-01-16 23:40:00,1.91862,1.91879,1.91832,1.91849,115,8,0
2024-01-16 23:45:00,1.91849,1.91849,1.91821,1.91835,152,8,0
2024-01-16 23:50:00,1.91835,1.9183599999999998,1.91797,1.91801,120,8,0
2024-01-16 23:55:00,1.91801,1.91808,1.91788,1.91801,91,8,0
2024-01-17 00:00:00,1.91804,1.9186,1.91791,1.9186,467,8,0
2024-01-17 00:05:00,1.9186,1.91869,1.91824,1.91856,510,8,0
2024-01-17 00:10:00,1.91856,1.9187699999999999,1.91838,1.91859,311,8,0
2024-01-17 00:15:00,1.91859,1.91891,1.91842,1.91848,446,8,0
2024-01-17 00:20:00,1.91848,1.9185400000000001,1.91825,1.91837,373,8,0
2024-01-17 00:25:00,1.91837,1.91838,1.9178899999999999,1.91829,375,8,0
2024-01-17 00:30:00,1.9182700000000001,1.9186299999999998,1.91798,1.9181599999999999,402,8,0
2024-01-17 00:35:00,1.9181599999999999,1.9181599999999999,1.91758,1.91774,369,8,0
2024-01-17 00:40:00,1.91774,1.91794,1.9174600000000002,1.91771,383,8,0
2024-01-17 00:45:00,1.91771,1.9182000000000001,1.91769,1.9181300000000001,410,8,0
2024-01-17 00:50:00,1.91814,1.91839,1.9173900000000001,1.9175,678,8,0
2024-01-17 00:55:00,1.9174799999999999,1.9191799999999999,1.9173900000000001,1.91892,824,8,0
2024-01-17 01:00:00,1.9189,1.91917,1.91864,1.9191,796,8,0
2024-01-17 01:05:00,1.9191,1.91946,1.9188800000000001,1.91927,604,8,0
2024-01-17 01:10:00,1.91927,1.9192900000000002,1.9188399999999999,1.91886,651,8,0
2024-01-17 01:15:00,1.91886,1.91902,1.91794,1.91811,970,8,0
2024-01-17 01:20:00,1.9181,1.919,1.91799,1.9184700000000001,611,8,0
2024-01-17 01:25:00,1.9184700000000001,1.91876,1.91837,1.91844,591,8,0
2024-01-17 01:30:00,1.9184299999999999,1.91891,1.91821,1.91824,908,8,0
2024-01-17 01:35:00,1.91824,1.91855,1.91799,1.9180000000000001,771,8,0
2024-01-17 01:40:00,1.9180000000000001,1.91801,1.9172,1.91753,877,8,0
2024-01-17 01:45:00,1.91753,1.91763,1.9171399999999998,1.91717,848,8,0
2024-01-17 01:50:00,1.91716,1.9172500000000001,1.91663,1.9168699999999999,684,8,0
2024-01-17 01:55:00,1.9168699999999999,1.91731,1.91662,1.91677,414,8,0
2024-01-17 02:00:00,1.91677,1.9180700000000002,1.91665,1.91729,671,8,0
2024-01-17 02:05:00,1.91726,1.91791,1.9169800000000001,1.9178899999999999,691,8,0
2024-01-17 02:10:00,1.9178899999999999,1.91837,1.91723,1.91777,729,8,0
2024-01-17 02:15:00,1.91776,1.9183599999999998,1.91754,1.91832,725,8,0
2024-01-17 02:20:00,1.91833,1.9186,1.9180899999999999,1.91815,740,8,0
2024-01-17 02:25:00,1.9181599999999999,1.91873,1.91812,1.91852,508,8,0
2024-01-17 02:30:00,1.91851,1.91939,1.91841,1.91927,608,8,0
2024-01-17 02:35:00,1.91927,1.91993,1.91912,1.9197600000000001,586,8,0
2024-01-17 02:40:00,1.9197600000000001,1.91981,1.91882,1.91917,541,8,0
2024-01-17 02:45:00,1.91916,1.9194499999999999,1.9186800000000002,1.91875,599,8,0
2024-01-17 02:50:00,1.91875,1.9190800000000001,1.9186100000000001,1.91889,595,8,0
2024-01-17 02:55:00,1.91889,1.91952,1.91883,1.9194499999999999,482,8,0
2024-01-17 03:00:00,1.9194499999999999,1.91963,1.9191099999999999,1.91948,473,8,0
2024-01-17 03:05:00,1.91948,1.91981,1.9190800000000001,1.91921,501,8,0
2024-01-17 03:10:00,1.9192399999999998,1.9193,1.91898,1.91919,454,8,0
2024-01-17 03:15:00,1.91919,1.9204599999999998,1.9191799999999999,1.92035,710,8,0
2024-01-17 03:20:00,1.92035,1.9209,1.92022,1.9203700000000001,747,8,0
2024-01-17 03:25:00,1.92034,1.9207,1.92014,1.92036,525,8,0
2024-01-17 03:30:00,1.92036,1.9203999999999999,1.91978,1.92022,555,8,0
2024-01-17 03:35:00,1.92022,1.92081,1.92021,1.9205100000000002,749,8,0
2024-01-17 03:40:00,1.9205100000000002,1.9212099999999999,1.9203299999999999,1.92079,589,8,0
2024-01-17 03:45:00,1.92079,1.9209100000000001,1.9204400000000001,1.9204599999999998,508,8,0
2024-01-17 03:50:00,1.9204599999999998,1.9208699999999999,1.92022,1.9207100000000001,549,8,0
2024-01-17 03:55:00,1.9207100000000001,1.92077,1.9203000000000001,1.92074,334,8,0
2024-01-17 04:00:00,1.9207,1.92093,1.92032,1.92077,524,8,0
2024-01-17 04:05:00,1.92077,1.92077,1.91991,1.91993,384,8,0
2024-01-17 04:10:00,1.91993,1.92036,1.91991,1.92028,341,8,0
2024-01-17 04:15:00,1.92028,1.92055,1.92004,1.92048,321,8,0
2024-01-17 04:20:00,1.92048,1.92084,1.9203700000000001,1.92068,299,8,0
2024-01-17 04:25:00,1.92068,1.9210099999999999,1.92047,1.92061,379,8,0
2024-01-17 04:30:00,1.92061,1.9209800000000001,1.9205999999999999,1.9207999999999998,287,8,0
2024-01-17 04:35:00,1.9207999999999998,1.92143,1.9206400000000001,1.92073,438,8,0
2024-01-17 04:40:00,1.92073,1.92097,1.9204599999999998,1.92068,336,8,0
2024-01-17 04:45:00,1.92069,1.92122,1.9205299999999998,1.92088,557,8,0
2024-01-17 04:50:00,1.92088,1.9211,1.92082,1.9210099999999999,184,8,0
2024-01-17 04:55:00,1.9210099999999999,1.9211200000000002,1.9205299999999998,1.92106,368,8,0
2024-01-17 05:00:00,1.92106,1.92172,1.9209800000000001,1.9215499999999999,439,8,0
2024-01-17 05:05:00,1.9215499999999999,1.9221599999999999,1.92099,1.9215499999999999,459,8,0
2024-01-17 05:10:00,1.9215499999999999,1.9220899999999999,1.92149,1.9216199999999999,558,8,0
2024-01-17 05:15:00,1.9216199999999999,1.92187,1.92117,1.92151,714,8,0
2024-01-17 05:20:00,1.92151,1.92176,1.9214,1.9214,440,8,0
2024-01-17 05:25:00,1.9214,1.9215900000000001,1.92118,1.92135,434,8,0
2024-01-17 05:30:00,1.92135,1.92174,1.92109,1.92158,466,8,0
2024-01-17 05:35:00,1.92158,1.92259,1.92116,1.92255,607,8,0
2024-01-17 05:40:00,1.92255,1.923,1.92249,1.92259,533,8,0
2024-01-17 05:45:00,1.92257,1.92319,1.9216600000000001,1.92184,610,8,0
2024-01-17 05:50:00,1.9218600000000001,1.92249,1.9217499999999998,1.92217,434,8,0
2024-01-17 05:55:00,1.92217,1.92244,1.92174,1.9221300000000001,647,8,0
2024-01-17 06:00:00,1.9221300000000001,1.9222700000000001,1.9215,1.9219,766,8,0
2024-01-17 06:05:00,1.9219,1.9223599999999998,1.92164,1.9223400000000002,823,8,0
2024-01-17 06:10:00,1.9223400000000002,1.9230800000000001,1.9219,1.92241,1200,8,0
2024-01-17 06:15:00,1.92241,1.92285,1.92218,1.92283,629,8,0
2024-01-17 06:20:00,1.92285,1.9230399999999999,1.9224999999999999,1.92301,674,8,0
2024-01-17 06:25:00,1.92301,1.92303,1.92251,1.92292,600,8,0
2024-01-17 06:30:00,1.92292,1.92292,1.92151,1.9218,565,8,0
2024-01-17 06:35:00,1.9218,1.92252,1.92177,1.9223599999999998,433,8,0
2024-01-17 06:40:00,1.9223599999999998,1.92276,1.9221,1.92262,793,8,0
2024-01-17 06:45:00,1.92262,1.92352,1.92233,1.9234900000000001,823,8,0
2024-01-17 06:50:00,1.9234900000000001,1.92395,1.92318,1.92347,621,8,0
2024-01-17 06:55:00,1.92347,1.9236900000000001,1.9223400000000002,1.9223400000000002,670,8,0
2024-01-17 07:00:00,1.9223400000000002,1.92859,1.9223400000000002,1.92748,1589,8,0
2024-01-17 07:05:00,1.92748,1.92843,1.92736,1.92828,989,8,0
2024-01-17 07:10:00,1.92828,1.92836,1.9271099999999999,1.92743,1187,8,0
2024-01-17 07:15:00,1.92744,1.92757,1.92668,1.9269500000000002,937,8,0
2024-01-17 07:20:00,1.9269500000000002,1.9285,1.92693,1.92781,1095,8,0
2024-01-17 07:25:00,1.92781,1.92866,1.92781,1.9280599999999999,1028,8,0
2024-01-17 07:30:00,1.92805,1.9296,1.92805,1.92909,1109,8,0
2024-01-17 07:35:00,1.92909,1.93038,1.92868,1.93032,1307,8,0
2024-01-17 07:40:00,1.93033,1.93147,1.93032,1.9311500000000001,1113,8,0
2024-01-17 07:45:00,1.9311500000000001,1.9317600000000001,1.93089,1.9317,1094,8,0
2024-01-17 07:50:00,1.9317,1.93195,1.93129,1.9313500000000001,1156,8,0
2024-01-17 07:55:00,1.9313500000000001,1.9317199999999999,1.93087,1.9311500000000001,1121,8,0
2024-01-17 08:00:00,1.93118,1.93209,1.93023,1.93177,1657,8,0
2024-01-17 08:05:00,1.93177,1.93385,1.93177,1.93365,1270,8,0
2024-01-17 08:10:00,1.93365,1.93453,1.9333200000000001,1.93435,1496,8,0
2024-01-17 08:15:00,1.93435,1.9352399999999998,1.93423,1.93514,1404,8,0
2024-01-17 08:20:00,1.93514,1.9352200000000002,1.93357,1.93364,1155,8,0
2024-01-17 08:25:00,1.93364,1.9342899999999998,1.93357,1.93417,1164,8,0
2024-01-17 08:30:00,1.93417,1.93451,1.93323,1.93324,1348,8,0
2024-01-17 08:35:00,1.93324,1.93378,1.9326400000000001,1.9329800000000001,1087,8,0
2024-01-17 08:40:00,1.9329800000000001,1.9332500000000001,1.9324599999999998,1.93303,998,8,0
2024-01-17 08:45:00,1.93303,1.93347,1.93283,1.9333399999999998,1100,8,0
2024-01-17 08:50:00,1.93335,1.93401,1.9332799999999999,1.93399,940,8,0
2024-01-17 08:55:00,1.93399,1.93485,1.93399,1.93464,1016,8,0
2024-01-17 09:00:00,1.93464,1.93529,1.93452,1.93465,1042,8,0
2024-01-17 09:05:00,1.93465,1.93525,1.93418,1.9351500000000001,1047,8,0
2024-01-17 09:10:00,1.93514,1.93529,1.93384,1.93403,979,8,0
2024-01-17 09:15:00,1.93403,1.9344000000000001,1.9329800000000001,1.93367,992,8,0
2024-01-17 09:20:00,1.93367,1.9338899999999999,1.9328400000000001,1.9332099999999999,1004,8,0
2024-01-17 09:25:00,1.9332099999999999,1.93338,1.93268,1.93268,965,8,0
2024-01-17 09:30:00,1.9326699999999999,1.93376,1.93251,1.9337499999999999,948,8,0
2024-01-17 09:35:00,1.9337499999999999,1.9351,1.93358,1.93479,1055,8,0
2024-01-17 09:40:00,1.93479,1.93505,1.93444,1.9348999999999998,991,8,0
2024-01-17 09:45:00,1.93489,1.93529,1.93452,1.93462,1092,8,0
2024-01-17 09:50:00,1.93464,1.9348100000000001,1.9341599999999999,1.93458,851,8,0
2024-01-17 09:55:00,1.93458,1.93544,1.93455,1.93506,1020,8,0
2024-01-17 10:00:00,1.93506,1.93581,1.93503,1.93545,1128,8,0
2024-01-17 10:05:00,1.93545,1.9355799999999999,1.93493,1.9354,872,8,0
2024-01-17 10:10:00,1.9354,1.93544,1.9338,1.93387,793,8,0
2024-01-17 10:15:00,1.93387,1.9348999999999998,1.9337900000000001,1.93466,871,8,0
2024-01-17 10:20:00,1.93465,1.93493,1.93403,1.93438,838,8,0
2024-01-17 10:25:00,1.93438,1.9347699999999999,1.9338199999999999,1.93425,994,8,0
2024-01-17 10:30:00,1.93424,1.93439,1.93346,1.93356,827,8,0
2024-01-17 10:35:00,1.93356,1.9337900000000001,1.93347,1.93369,830,8,0
2024-01-17 10:40:00,1.9336799999999998,1.9339499999999998,1.93344,1.9338,763,8,0
2024-01-17 10:45:00,1.9338,1.93455,1.93362,1.93426,842,8,0
2024-01-17 10:50:00,1.93426,1.93512,1.93391,1.93398,868,8,0
2024-01-17 10:55:00,1.93396,1.93464,1.93396,1.93455,790,8,0
2024-01-17 11:00:00,1.93455,1.93458,1.93388,1.93418,798,8,0
2024-01-17 11:05:00,1.93419,1.93437,1.93385,1.93425,717,8,0
2024-01-17 11:10:00,1.93426,1.93512,1.93422,1.93451,599,8,0
2024-01-17 11:15:00,1.93451,1.9346999999999999,1.93425,1.93453,630,8,0
2024-01-17 11:20:00,1.93453,1.9353099999999999,1.93441,1.93527,688,8,0
2024-01-17 11:25:00,1.93527,1.93557,1.9348999999999998,1.9349699999999999,738,8,0
2024-01-17 11:30:00,1.9349699999999999,1.93529,1.93472,1.93478,781,8,0
2024-01-17 11:35:00,1.93478,1.93503,1.9346700000000001,1.93476,630,8,0
2024-01-17 11:40:00,1.93476,1.93566,1.9345400000000001,1.93552,708,8,0
2024-01-17 11:45:00,1.93552,1.93556,1.93499,1.93514,668,8,0
2024-01-17 11:50:00,1.93514,1.9356200000000001,1.93499,1.93556,584,8,0
2024-01-17 11:55:00,1.93555,1.93579,1.9353,1.93559,587,8,0
2024-01-17 12:00:00,1.9356,1.9356,1.93471,1.9347699999999999,703,8,0
2024-01-17 12:05:00,1.9347699999999999,1.93499,1.9344700000000001,1.93449,551,8,0
2024-01-17 12:10:00,1.93449,1.9348,1.93421,1.93438,675,8,0
2024-01-17 12:15:00,1.93438,1.93444,1.93322,1.93322,625,8,0
2024-01-17 12:20:00,1.93322,1.9335200000000001,1.93261,1.93261,702,8,0
2024-01-17 12:25:00,1.93261,1.93283,1.9323700000000001,1.9325999999999999,732,8,0
2024-01-17 12:30:00,1.9325999999999999,1.9329800000000001,1.93249,1.93282,656,8,0
2024-01-17 12:35:00,1.93281,1.93281,1.93232,1.93234,607,8,0
2024-01-17 12:40:00,1.93234,1.93349,1.93234,1.93326,620,8,0
2024-01-17 12:45:00,1.93326,1.93376,1.93326,1.93363,665,8,0
2024-01-17 12:50:00,1.93364,1.9338,1.9330500000000002,1.93312,673,8,0
2024-01-17 12:55:00,1.93312,1.93312,1.93255,1.93282,745,8,0
2024-01-17 13:00:00,1.93282,1.9332799999999999,1.9325999999999999,1.93263,931,8,0
2024-01-17 13:05:00,1.93263,1.9334500000000001,1.93256,1.9333,754,8,0
2024-01-17 13:10:00,1.9333,1.93338,1.9322,1.9325,675,8,0
2024-01-17 13:15:00,1.9325,1.93286,1.93225,1.93261,777,8,0
2024-01-17 13:20:00,1.93258,1.9329,1.93241,1.93275,1088,8,0
2024-01-17 13:25:00,1.93275,1.93304,1.93222,1.93222,1019,8,0
2024-01-17 13:30:00,1.9325299999999999,1.9335499999999999,1.93177,1.93209,2218,8,0
2024-01-17 13:35:00,1.9321000000000002,1.9329800000000001,1.93175,1.93225,1704,8,0
2024-01-17 13:40:00,1.93225,1.9325999999999999,1.93202,1.93256,1698,8,0
2024-01-17 13:45:00,1.9325700000000001,1.93372,1.93248,1.93268,1525,8,0
2024-01-17 13:50:00,1.93268,1.9333200000000001,1.93254,1.93293,1429,8,0
2024-01-17 13:55:00,1.93293,1.9333399999999998,1.93243,1.9326699999999999,1305,8,0
2024-01-17 14:00:00,1.9326699999999999,1.93424,1.93249,1.9339499999999998,1388,8,0
2024-01-17 14:05:00,1.9339499999999998,1.93411,1.93319,1.9333399999999998,1121,8,0
2024-01-17 14:10:00,1.9333399999999998,1.9344700000000001,1.93319,1.9344000000000001,1081,8,0
2024-01-17 14:15:00,1.93445,1.93459,1.93381,1.93437,1241,8,0
2024-01-17 14:20:00,1.93437,1.93472,1.9339,1.93453,1223,8,0
2024-01-17 14:25:00,1.9345400000000001,1.9353099999999999,1.93452,1.9348,1068,8,0
2024-01-17 14:30:00,1.9348,1.93485,1.9340000000000002,1.9346100000000002,1744,8,0
2024-01-17 14:35:00,1.9346100000000002,1.93502,1.9342000000000001,1.93491,1320,8,0
2024-01-17 14:40:00,1.9348999999999998,1.93608,1.93457,1.93579,1452,8,0
2024-01-17 14:45:00,1.9358,1.93663,1.93567,1.93595,1313,8,0
2024-01-17 14:50:00,1.93593,1.93649,1.93553,1.93625,1344,8,0
2024-01-17 14:55:00,1.93625,1.93669,1.9360300000000001,1.93651,1162,8,0
2024-01-17 15:00:00,1.93651,1.9372,1.93616,1.9363299999999999,1488,8,0
2024-01-17 15:05:00,1.9363299999999999,1.93679,1.93582,1.936,1726,8,0
2024-01-17 15:10:00,1.936,1.9364400000000002,1.93582,1.9362599999999999,1551,8,0
2024-01-17 15:15:00,1.9362599999999999,1.9363299999999999,1.9353799999999999,1.9357799999999998,1400,8,0
2024-01-17 15:20:00,1.93577,1.93674,1.93573,1.9364400000000002,1558,8,0
2024-01-17 15:25:00,1.9364400000000002,1.93708,1.93608,1.9370699999999998,1501,8,0
2024-01-17 15:30:00,1.9370699999999998,1.9379499999999998,1.9370500000000002,1.93764,1433,8,0
2024-01-17 15:35:00,1.93764,1.9378,1.93654,1.93669,1389,8,0
2024-01-17 15:40:00,1.93669,1.93699,1.9362300000000001,1.93638,1423,8,0
2024-01-17 15:45:00,1.93638,1.93805,1.9361899999999999,1.93777,1296,8,0
2024-01-17 15:50:00,1.93778,1.9379300000000002,1.93706,1.93769,1269,8,0
2024-01-17 15:55:00,1.93772,1.93882,1.93772,1.93842,1297,8,0
2024-01-17 16:00:00,1.93842,1.93846,1.93738,1.9376,1436,8,0
2024-01-17 16:05:00,1.9376,1.93838,1.93692,1.93831,1219,8,0
2024-01-17 16:10:00,1.93832,1.93906,1.93819,1.93865,1046,8,0
2024-01-17 16:15:00,1.93865,1.9393500000000001,1.93845,1.9388,952,8,0
2024-01-17 16:20:00,1.9388,1.9394900000000002,1.9386700000000001,1.93909,1015,8,0
2024-01-17 16:25:00,1.9390800000000001,1.93912,1.93826,1.9387400000000001,1051,8,0
2024-01-17 16:30:00,1.93876,1.9388,1.93767,1.9377,972,8,0
2024-01-17 16:35:00,1.93771,1.93796,1.93743,1.93785,1315,8,0
2024-01-17 16:40:00,1.93785,1.93792,1.93727,1.93729,1075,8,0
2024-01-17 16:45:00,1.93729,1.9384700000000001,1.93716,1.93822,1238,8,0
2024-01-17 16:50:00,1.93822,1.9391699999999998,1.9382000000000001,1.9382700000000002,1183,8,0
2024-01-17 16:55:00,1.9382700000000002,1.93834,1.93706,1.93717,872,8,0
2024-01-17 17:00:00,1.93717,1.93781,1.937,1.93757,870,8,0
2024-01-17 17:05:00,1.93757,1.93783,1.9369800000000001,1.93777,801,8,0
2024-01-17 17:10:00,1.93777,1.9382899999999998,1.93758,1.93826,805,8,0
2024-01-17 17:15:00,1.93826,1.93831,1.9375200000000001,1.93815,759,8,0
2024-01-17 17:20:00,1.93815,1.93864,1.93769,1.93805,872,8,0
2024-01-17 17:25:00,1.93805,1.93898,1.93805,1.93872,776,8,0
2024-01-17 17:30:00,1.93872,1.9391699999999998,1.93844,1.9386999999999999,891,8,0
2024-01-17 17:35:00,1.9386999999999999,1.93929,1.9384299999999999,1.9392800000000001,915,8,0
2024-01-17 17:40:00,1.93929,1.93966,1.93918,1.93952,596,8,0
2024-01-17 17:45:00,1.93952,1.93957,1.93859,1.93892,794,8,0
2024-01-17 17:50:00,1.93892,1.93919,1.93876,1.93882,762,8,0
2024-01-17 17:55:00,1.93882,1.93911,1.9386,1.93869,889,8,0
2024-01-17 18:00:00,1.93869,1.9386999999999999,1.93784,1.93788,1060,8,0
2024-01-17 18:05:00,1.93788,1.93817,1.93763,1.93791,925,8,0
2024-01-17 18:10:00,1.9379499999999998,1.93875,1.93791,1.93868,1010,8,0
2024-01-17 18:15:00,1.93868,1.93885,1.93815,1.93815,978,8,0
2024-01-17 18:20:00,1.93814,1.93828,1.93762,1.93763,685,8,0
2024-01-17 18:25:00,1.93762,1.93762,1.93699,1.93723,699,8,0
2024-01-17 18:30:00,1.93723,1.93743,1.9367,1.9371399999999999,899,8,0
2024-01-17 18:35:00,1.9371399999999999,1.93791,1.93706,1.9377499999999999,676,8,0
2024-01-17 18:40:00,1.9377499999999999,1.93841,1.93773,1.93839,721,8,0
2024-01-17 18:45:00,1.93839,1.93902,1.93824,1.9387400000000001,703,8,0
2024-01-17 18:50:00,1.9387400000000001,1.93875,1.93815,1.93839,644,8,0
2024-01-17 18:55:00,1.93838,1.93882,1.93837,1.9386999999999999,592,8,0
2024-01-17 19:00:00,1.9386999999999999,1.93886,1.93797,1.93823,866,8,0
2024-01-17 19:05:00,1.93825,1.9386299999999999,1.93822,1.93839,744,8,0
2024-01-17 19:10:00,1.93839,1.93851,1.9382000000000001,1.93841,539,8,0
2024-01-17 19:15:00,1.93841,1.93842,1.93791,1.93799,408,8,0
2024-01-17 19:20:00,1.93798,1.9380600000000001,1.93711,1.9373399999999998,538,8,0
2024-01-17 19:25:00,1.9373399999999998,1.93765,1.93716,1.9374500000000001,604,8,0
2024-01-17 19:30:00,1.9374500000000001,1.93791,1.93739,1.93788,487,8,0
2024-01-17 19:35:00,1.93788,1.9379499999999998,1.93762,1.9378199999999999,541,8,0
2024-01-17 19:40:00,1.93781,1.93805,1.9375,1.93756,693,8,0
2024-01-17 19:45:00,1.93756,1.93778,1.93744,1.93765,732,8,0
2024-01-17 19:50:00,1.93765,1.9378199999999999,1.93746,1.93746,567,8,0
2024-01-17 19:55:00,1.9374500000000001,1.93787,1.93743,1.93776,629,8,0
2024-01-17 20:00:00,1.93776,1.93801,1.93761,1.93796,566,8,0
2024-01-17 20:05:00,1.93797,1.93818,1.93783,1.93797,499,8,0
2024-01-17 20:10:00,1.93797,1.9381300000000001,1.93783,1.93796,617,8,0
2024-01-17 20:15:00,1.93796,1.9381300000000001,1.93784,1.93788,561,8,0
2024-01-17 20:20:00,1.93788,1.93797,1.93772,1.93789,552,8,0
2024-01-17 20:25:00,1.9379300000000002,1.93798,1.93762,1.93767,492,8,0
2024-01-17 20:30:00,1.93767,1.93781,1.9375200000000001,1.93776,516,8,0
2024-01-17 20:35:00,1.93776,1.93794,1.93756,1.93784,518,8,0
2024-01-17 20:40:00,1.93784,1.93784,1.93726,1.93754,386,8,0
2024-01-17 20:45:00,1.93753,1.93753,1.93702,1.9372099999999999,453,8,0
2024-01-17 20:50:00,1.9372,1.9372,1.93682,1.937,627,8,0
2024-01-17 20:55:00,1.937,1.93703,1.93652,1.93658,656,8,0
2024-01-17 21:00:00,1.93658,1.93666,1.9363299999999999,1.9364599999999998,307,8,0
2024-01-17 21:05:00,1.9364599999999998,1.93647,1.9359899999999999,1.936,257,8,0
2024-01-17 21:10:00,1.936,1.936,1.93556,1.9357199999999999,268,8,0
2024-01-17 21:15:00,1.9357199999999999,1.93579,1.9353799999999999,1.9354,196,8,0
2024-01-17 21:20:00,1.9354,1.93548,1.9352800000000001,1.93543,133,8,0
2024-01-17 21:25:00,1.93543,1.93554,1.93485,1.93502,299,8,0
2024-01-17 21:30:00,1.93502,1.93505,1.93469,1.9350399999999999,203,8,0
2024-01-17 21:35:00,1.9350399999999999,1.93527,1.9350100000000001,1.9352399999999998,138,8,0
2024-01-17 21:40:00,1.9352399999999998,1.9356900000000001,1.93519,1.93568,129,8,0
2024-01-17 21:45:00,1.93568,1.93571,1.93519,1.93527,117,8,0
2024-01-17 21:50:00,1.93527,1.93529,1.9350800000000001,1.9352399999999998,141,8,0
2024-01-17 21:55:00,1.9352399999999998,1.93545,1.9345400000000001,1.93458,716,8,0
2024-01-17 22:00:00,1.93451,1.93451,1.93296,1.9335200000000001,18,31,0
2024-01-17 22:05:00,1.9335200000000001,1.93425,1.9335200000000001,1.93425,6,88,0
2024-01-17 22:10:00,1.93425,1.93561,1.9329800000000001,1.93369,55,8,0
2024-01-17 22:15:00,1.93369,1.93425,1.93319,1.9333200000000001,14,42,0
2024-01-17 22:20:00,1.9333200000000001,1.9342700000000002,1.9333200000000001,1.93418,24,81,0
2024-01-17 22:25:00,1.93418,1.93649,1.93404,1.93425,58,59,0
2024-01-17 22:30:00,1.93425,1.93459,1.93425,1.93444,36,56,0
2024-01-17 22:35:00,1.93444,1.93478,1.93425,1.93425,82,69,0
2024-01-17 22:40:00,1.93425,1.93441,1.93425,1.93434,93,61,0
2024-01-17 22:45:00,1.93437,1.935,1.9333200000000001,1.9338600000000001,327,32,0
2024-01-17 22:50:00,1.9338600000000001,1.93431,1.93356,1.9342700000000002,243,53,0
2024-01-17 22:55:00,1.9342700000000002,1.93476,1.93396,1.93425,181,38,0
2024-01-17 23:00:00,1.93425,1.93557,1.93425,1.9354900000000002,409,8,0
2024-01-17 23:05:00,1.93547,1.93609,1.9353500000000001,1.93607,172,12,0
2024-01-17 23:10:00,1.93607,1.9363000000000001,1.93607,1.9361000000000002,125,8,0
2024-01-17 23:15:00,1.93613,1.93616,1.93579,1.93584,104,8,0
2024-01-17 23:20:00,1.93584,1.9358499999999998,1.93555,1.93555,112,8,0
2024-01-17 23:25:00,1.93555,1.9356200000000001,1.9352399999999998,1.9353799999999999,110,8,0
2024-01-17 23:30:00,1.9353799999999999,1.93575,1.93525,1.93571,112,8,0
2024-01-17 23:35:00,1.9357600000000001,1.93595,1.9357,1.9358499999999998,77,8,0
2024-01-17 23:40:00,1.9358499999999998,1.93587,1.93546,1.93556,85,8,0
2024-01-17 23:45:00,1.93556,1.93559,1.9346999999999999,1.93478,122,8,0
2024-01-17 23:50:00,1.93478,1.93496,1.93459,1.93496,127,8,0
2024-01-17 23:55:00,1.9349699999999999,1.9351699999999998,1.93469,1.93478,209,8,0
2024-01-18 00:00:00,1.93478,1.93491,1.93451,1.93466,405,8,0
2024-01-18 00:05:00,1.93466,1.93541,1.9344000000000001,1.93521,430,8,0
2024-01-18 00:10:00,1.9352200000000002,1.93556,1.9347699999999999,1.9347699999999999,228,8,0
2024-01-18 00:15:00,1.9347699999999999,1.93489,1.93432,1.93468,360,8,0
2024-01-18 00:20:00,1.93468,1.93526,1.93464,1.93506,268,8,0
2024-01-18 00:25:00,1.93506,1.93525,1.93462,1.9348800000000002,261,8,0
2024-01-18 00:30:00,1.9348800000000002,1.94173,1.93485,1.9373200000000002,1053,8,0
2024-01-18 00:35:00,1.9373399999999998,1.93751,1.93669,1.93695,655,8,0
2024-01-18 00:40:00,1.93695,1.93765,1.93674,1.9369,639,8,0
2024-01-18 00:45:00,1.9369,1.9369,1.9353099999999999,1.9354,796,8,0
2024-01-18 00:50:00,1.93541,1.9357600000000001,1.93469,1.9351699999999998,927,8,0
2024-01-18 00:55:00,1.9351500000000001,1.93587,1.93499,1.93536,963,8,0
2024-01-18 01:00:00,1.93537,1.9356200000000001,1.93472,1.93486,918,8,0
2024-01-18 01:05:00,1.93486,1.93529,1.93452,1.93495,944,8,0
2024-01-18 01:10:00,1.93496,1.93552,1.93484,1.93521,1035,8,0
2024-01-18 01:15:00,1.93521,1.93539,1.93424,1.9346700000000001,1136,8,0
2024-01-18 01:20:00,1.9346700000000001,1.93519,1.9344700000000001,1.9350100000000001,840,8,0
2024-01-18 01:25:00,1.9350100000000001,1.9356900000000001,1.93495,1.93509,671,8,0
2024-01-18 01:30:00,1.93509,1.93559,1.9347699999999999,1.9349699999999999,1024,8,0
2024-01-18 01:35:00,1.9349699999999999,1.93519,1.93394,1.9351699999999998,1030,8,0
2024-01-18 01:40:00,1.93518,1.93598,1.93509,1.9357199999999999,920,8,0
2024-01-18 01:45:00,1.9357199999999999,1.93584,1.9351,1.93525,778,8,0
2024-01-18 01:50:00,1.93525,1.93533,1.93439,1.93446,709,8,0
2024-01-18 01:55:00,1.93446,1.9347699999999999,1.93423,1.9346299999999998,728,8,0
2024-01-18 02:00:00,1.93464,1.93529,1.93457,1.9348800000000002,856,8,0
2024-01-18 02:05:00,1.9348800000000002,1.93507,1.93408,1.9344000000000001,948,8,0
2024-01-18 02:10:00,1.9344000000000001,1.93459,1.9338600000000001,1.93391,727,8,0
2024-01-18 02:15:00,1.93391,1.93439,1.93357,1.9337,700,8,0
2024-01-18 02:20:00,1.9337,1.93475,1.9337,1.93464,610,8,0
2024-01-18 02:25:00,1.93464,1.935,1.93433,1.93473,660,8,0
2024-01-18 02:30:00,1.93473,1.9355799999999999,1.93466,1.93518,671,8,0
2024-01-18 02:35:00,1.9351699999999998,1.9352200000000002,1.9345400000000001,1.93495,603,8,0
2024-01-18 02:40:00,1.93495,1.93564,1.93483,1.93539,448,8,0
2024-01-18 02:45:00,1.93539,1.93571,1.9348800000000002,1.9352,651,8,0
2024-01-18 02:50:00,1.93521,1.93566,1.93513,1.93545,454,8,0
2024-01-18 02:55:00,1.93545,1.93624,1.93529,1.9359899999999999,675,8,0
2024-01-18 03:00:00,1.9359899999999999,1.93648,1.9356900000000001,1.93604,783,8,0
2024-01-18 03:05:00,1.93604,1.93654,1.9359,1.93604,775,8,0
2024-01-18 03:10:00,1.93605,1.93608,1.9357600000000001,1.93577,713,8,0
2024-01-18 03:15:00,1.9357799999999998,1.9359,1.93442,1.9345599999999998,787,8,0
2024-01-18 03:20:00,1.9345599999999998,1.93458,1.93357,1.93376,1053,8,0
2024-01-18 03:25:00,1.93376,1.9341,1.93356,1.93397,840,8,0
2024-01-18 03:30:00,1.93397,1.9345400000000001,1.9337,1.93385,681,8,0
2024-01-18 03:35:00,1.9338600000000001,1.9340000000000002,1.9329800000000001,1.9332500000000001,693,8,0
2024-01-18 03:40:00,1.9332500000000001,1.9332500000000001,1.93243,1.93245,567,8,0
2024-01-18 03:45:00,1.93245,1.9325299999999999,1.93201,1.93236,550,8,0
2024-01-18 03:50:00,1.93236,1.9332,1.93236,1.93316,549,8,0
2024-01-18 03:55:00,1.93316,1.93336,1.9327100000000002,1.93285,473,8,0
2024-01-18 04:00:00,1.93285,1.93337,1.93272,1.93319,426,8,0
2024-01-18 04:05:00,1.93319,1.93362,1.93311,1.93358,381,8,0
2024-01-18 04:10:00,1.93358,1.93377,1.93337,1.9334799999999999,435,8,0
2024-01-18 04:15:00,1.9334799999999999,1.93392,1.9333399999999998,1.9334500000000001,446,8,0
2024-01-18 04:20:00,1.93346,1.93401,1.93346,1.93394,496,8,0
2024-01-18 04:25:00,1.93394,1.93415,1.93358,1.93365,344,8,0
2024-01-18 04:30:00,1.93365,1.93377,1.93344,1.93372,352,8,0
2024-01-18 04:35:00,1.93374,1.93418,1.93371,1.93407,306,8,0
2024-01-18 04:40:00,1.93407,1.93425,1.93397,1.9341,284,8,0
2024-01-18 04:45:00,1.93408,1.9342700000000002,1.93383,1.9338899999999999,329,8,0
2024-01-18 04:50:00,1.9338899999999999,1.9340199999999999,1.93373,1.93383,324,8,0
2024-01-18 04:55:00,1.93383,1.93414,1.9337499999999999,1.9340899999999999,360,8,0
2024-01-18 05:00:00,1.9340899999999999,1.9347400000000001,1.93388,1.9346100000000002,486,8,0
2024-01-18 05:05:00,1.9346100000000002,1.93505,1.93446,1.93498,538,8,0
2024-01-18 05:10:00,1.93498,1.93547,1.93496,1.93544,394,8,0
2024-01-18 05:15:00,1.93544,1.93552,1.93527,1.93536,401,8,0
2024-01-18 05:20:00,1.9353500000000001,1.93555,1.9350399999999999,1.9353,412,8,0
2024-01-18 05:25:00,1.9353,1.9354900000000002,1.93514,1.9353099999999999,432,8,0
2024-01-18 05:30:00,1.93533,1.93601,1.93523,1.93548,688,8,0
2024-01-18 05:35:00,1.93547,1.93547,1.9348999999999998,1.93518,489,8,0
2024-01-18 05:40:00,1.93518,1.93519,1.93489,1.935,414,8,0
2024-01-18 05:45:00,1.935,1.93533,1.9348800000000002,1.9351699999999998,510,8,0
2024-01-18 05:50:00,1.9351699999999998,1.9353,1.9346999999999999,1.93491,614,8,0
2024-01-18 05:55:00,1.93491,1.93491,1.9342700000000002,1.93487,649,8,0
2024-01-18 06:00:00,1.93487,1.93502,1.93414,1.93417,558,8,0
2024-01-18 06:05:00,1.93417,1.9342000000000001,1.93358,1.93411,444,8,0
2024-01-18 06:10:00,1.9341300000000001,1.93485,1.93374,1.9348,735,8,0
2024-01-18 06:15:00,1.9348,1.93495,1.93439,1.9345400000000001,573,8,0
2024-01-18 06:20:00,1.9345400000000001,1.93514,1.9342000000000001,1.93445,547,8,0
2024-01-18 06:25:00,1.93445,1.9346,1.9341599999999999,1.9345400000000001,697,8,0
2024-01-18 06:30:00,1.9345400000000001,1.93496,1.93433,1.93433,730,8,0
2024-01-18 06:35:00,1.93431,1.93451,1.93369,1.9337,580,8,0
2024-01-18 06:40:00,1.93369,1.93458,1.9335900000000001,1.9344299999999999,491,8,0
2024-01-18 06:45:00,1.9344299999999999,1.9345599999999998,1.93414,1.93417,511,8,0
2024-01-18 06:50:00,1.93417,1.93439,1.93383,1.93437,688,8,0
2024-01-18 06:55:00,1.93438,1.9347400000000001,1.93431,1.93437,567,8,0
2024-01-18 07:00:00,1.93437,1.93496,1.93422,1.93475,883,8,0
2024-01-18 07:05:00,1.93475,1.93476,1.93434,1.93465,588,8,0
2024-01-18 07:10:00,1.93464,1.93514,1.93433,1.93471,603,8,0
2024-01-18 07:15:00,1.93471,1.93525,1.9346999999999999,1.9351500000000001,695,8,0
2024-01-18 07:20:00,1.93516,1.93516,1.93438,1.93486,611,8,0
2024-01-18 07:25:00,1.93486,1.93536,1.93415,1.93425,806,8,0
2024-01-18 07:30:00,1.93425,1.9345599999999998,1.93414,1.93446,770,8,0
2024-01-18 07:35:00,1.9344700000000001,1.9348800000000002,1.9342899999999998,1.9345400000000001,776,8,0
2024-01-18 07:40:00,1.93457,1.93584,1.93421,1.9357799999999998,892,8,0
2024-01-18 07:45:00,1.9357799999999998,1.93642,1.93571,1.93606,832,8,0
2024-01-18 07:50:00,1.93606,1.93632,1.93598,1.9361899999999999,676,8,0
2024-01-18 07:55:00,1.9361899999999999,1.9364,1.9358499999999998,1.9361199999999998,828,8,0
2024-01-18 08:00:00,1.93613,1.93689,1.9357199999999999,1.9358499999999998,1311,8,0
2024-01-18 08:05:00,1.93584,1.9362300000000001,1.93563,1.93588,1091,8,0
2024-01-18 08:10:00,1.93587,1.93618,1.9353500000000001,1.93543,1151,8,0
2024-01-18 08:15:00,1.93544,1.93652,1.93527,1.93651,1004,8,0
2024-01-18 08:20:00,1.9365,1.9371800000000001,1.93645,1.93675,775,8,0
2024-01-18 08:25:00,1.93675,1.9371399999999999,1.93661,1.9367,891,8,0
2024-01-18 08:30:00,1.9367,1.9374799999999999,1.93663,1.93666,955,8,0
2024-01-18 08:35:00,1.93666,1.93708,1.93616,1.9362599999999999,944,8,0
2024-01-18 08:40:00,1.9362599999999999,1.9364400000000002,1.93555,1.9361199999999998,906,8,0
2024-01-18 08:45:00,1.9361199999999998,1.93647,1.9354900000000002,1.93636,870,8,0
2024-01-18 08:50:00,1.9363700000000001,1.93654,1.93566,1.9357199999999999,815,8,0
2024-01-18 08:55:00,1.9357199999999999,1.93597,1.93503,1.9352,765,8,0
2024-01-18 09:00:00,1.9352,1.93589,1.9347400000000001,1.93546,1012,8,0
2024-01-18 09:05:00,1.93546,1.9361000000000002,1.93532,1.93554,765,8,0
2024-01-18 09:10:00,1.93555,1.9356200000000001,1.93404,1.93428,1108,8,0
2024-01-18 09:15:00,1.93428,1.93451,1.93371,1.93385,894,8,0
2024-01-18 09:20:00,1.93384,1.9339499999999998,1.9331399999999999,1.93346,934,8,0
2024-01-18 09:25:00,1.93346,1.9344999999999999,1.93346,1.93407,920,8,0
2024-01-18 09:30:00,1.93407,1.93426,1.93309,1.9337499999999999,1143,8,0
2024-01-18 09:35:00,1.9337499999999999,1.93399,1.9332500000000001,1.93362,1001,8,0
2024-01-18 09:40:00,1.93361,1.93401,1.9332099999999999,1.93322,725,8,0
2024-01-18 09:45:00,1.93322,1.93343,1.93286,1.93333,847,8,0
2024-01-18 09:50:00,1.93333,1.93333,1.93113,1.93125,860,8,0
2024-01-18 09:55:00,1.93125,1.93153,1.93069,1.93096,900,8,0
2024-01-18 10:00:00,1.93096,1.93178,1.93092,1.93146,1060,8,0
2024-01-18 10:05:00,1.93146,1.9322599999999999,1.93093,1.93215,901,8,0
2024-01-18 10:10:00,1.93215,1.9324,1.93174,1.93201,812,8,0
2024-01-18 10:15:00,1.93201,1.9320300000000001,1.93114,1.93119,559,8,0
2024-01-18 10:20:00,1.93118,1.93155,1.93083,1.93096,836,8,0
2024-01-18 10:25:00,1.93096,1.93171,1.93091,1.93147,785,8,0
2024-01-18 10:30:00,1.93147,1.93194,1.9311,1.9315099999999998,725,8,0
2024-01-18 10:35:00,1.9315099999999998,1.93207,1.93119,1.9312,644,8,0
2024-01-18 10:40:00,1.9312,1.93227,1.93117,1.93186,746,8,0
2024-01-18 10:45:00,1.93186,1.9324400000000002,1.93173,1.9323700000000001,711,8,0
2024-01-18 10:50:00,1.93236,1.93296,1.93236,1.93274,753,8,0
2024-01-18 10:55:00,1.93275,1.9333900000000002,1.93254,1.9329,868,8,0
2024-01-18 11:00:00,1.93289,1.93292,1.93239,1.93275,679,8,0
2024-01-18 11:05:00,1.93275,1.9334500000000001,1.93272,1.93324,650,8,0
2024-01-18 11:10:00,1.9332500000000001,1.93374,1.9332500000000001,1.93333,694,8,0
2024-01-18 11:15:00,1.9333399999999998,1.9334500000000001,1.93265,1.93296,644,8,0
2024-01-18 11:20:00,1.93297,1.9329800000000001,1.93187,1.9319899999999999,628,8,0
2024-01-18 11:25:00,1.9319899999999999,1.93229,1.93174,1.932,628,8,0
2024-01-18 11:30:00,1.932,1.93275,1.93194,1.9323299999999999,673,8,0
2024-01-18 11:35:00,1.9323299999999999,1.9331399999999999,1.9321899999999999,1.93293,482,8,0
2024-01-18 11:40:00,1.93292,1.93302,1.9319899999999999,1.93208,726,8,0
2024-01-18 11:45:00,1.93208,1.9323299999999999,1.93186,1.9322,453,8,0
2024-01-18 11:50:00,1.9322,1.93266,1.9319,1.93198,461,8,0
2024-01-18 11:55:00,1.93198,1.9320300000000001,1.93058,1.931,680,8,0
2024-01-18 12:00:00,1.931,1.9310100000000001,1.9302000000000001,1.93046,738,8,0
2024-01-18 12:05:00,1.93046,1.93046,1.9299,1.9304000000000001,856,8,0
2024-01-18 12:10:00,1.9304000000000001,1.9309500000000002,1.9303,1.93051,751,8,0
2024-01-18 12:15:00,1.9304999999999999,1.93079,1.93025,1.93032,501,8,0
2024-01-18 12:20:00,1.93032,1.93034,1.92981,1.92992,604,8,0
2024-01-18 12:25:00,1.92992,1.92997,1.92945,1.92964,495,8,0
2024-01-18 12:30:00,1.92965,1.93037,1.92954,1.93022,698,8,0
2024-01-18 12:35:00,1.93021,1.9307400000000001,1.93012,1.93068,909,8,0
2024-01-18 12:40:00,1.93068,1.93121,1.93064,1.93102,841,8,0
2024-01-18 12:45:00,1.93103,1.93116,1.93072,1.9310100000000001,723,8,0
2024-01-18 12:50:00,1.9310100000000001,1.93167,1.93092,1.9309500000000002,890,8,0
2024-01-18 12:55:00,1.9309500000000002,1.9323000000000001,1.93079,1.9319899999999999,1041,8,0
2024-01-18 13:00:00,1.9319899999999999,1.93279,1.93195,1.9326699999999999,1072,8,0
2024-01-18 13:05:00,1.9326699999999999,1.93289,1.9324,1.93272,802,8,0
2024-01-18 13:10:00,1.93272,1.9332,1.9324400000000002,1.93319,792,8,0
2024-01-18 13:15:00,1.93319,1.93357,1.93265,1.9334799999999999,816,8,0
2024-01-18 13:20:00,1.9334799999999999,1.9341,1.93338,1.9340600000000001,1002,8,0
2024-01-18 13:25:00,1.93405,1.93405,1.93335,1.9333900000000002,864,8,0
2024-01-18 13:30:00,1.93338,1.93453,1.9324599999999998,1.93279,2193,8,0
2024-01-18 13:35:00,1.93282,1.9333900000000002,1.93234,1.93245,1794,8,0
2024-01-18 13:40:00,1.93238,1.93315,1.93187,1.9331399999999999,1551,8,0
2024-01-18 13:45:00,1.93312,1.93391,1.93262,1.93362,1487,8,0
2024-01-18 13:50:00,1.93362,1.93363,1.9325,1.93283,1585,8,0
2024-01-18 13:55:00,1.93283,1.93424,1.93281,1.93313,1609,8,0
2024-01-18 14:00:00,1.9331399999999999,1.9331399999999999,1.93194,1.93262,1439,8,0
2024-01-18 14:05:00,1.93262,1.93274,1.93197,1.9325999999999999,1358,8,0
2024-01-18 14:10:00,1.9325999999999999,1.9325999999999999,1.93177,1.9318300000000002,1469,8,0
2024-01-18 14:15:00,1.9318300000000002,1.9323000000000001,1.93123,1.9315099999999998,1334,8,0
2024-01-18 14:20:00,1.9314900000000002,1.93194,1.93105,1.93129,1147,8,0
2024-01-18 14:25:00,1.93129,1.9319199999999999,1.93129,1.93148,1189,8,0
2024-01-18 14:30:00,1.93148,1.9315600000000002,1.9306299999999998,1.93119,1808,8,0
2024-01-18 14:35:00,1.93119,1.93157,1.93089,1.9315099999999998,1672,8,0
2024-01-18 14:40:00,1.9315099999999998,1.93207,1.9308999999999998,1.93167,1741,8,0
2024-01-18 14:45:00,1.9316900000000001,1.93194,1.93132,1.93155,1705,8,0
2024-01-18 14:50:00,1.93155,1.9321700000000002,1.9314200000000001,1.9318300000000002,1579,8,0
2024-01-18 14:55:00,1.9318300000000002,1.9325,1.93177,1.93242,1614,8,0
2024-01-18 15:00:00,1.93243,1.93258,1.93174,1.9321199999999998,1687,8,0
2024-01-18 15:05:00,1.93211,1.93277,1.9314900000000002,1.93277,1566,8,0
2024-01-18 15:10:00,1.93277,1.93316,1.93263,1.93306,1457,8,0
2024-01-18 15:15:00,1.93306,1.9332,1.932,1.93216,1342,8,0
2024-01-18 15:20:00,1.93216,1.9327100000000002,1.93194,1.93259,1444,8,0
2024-01-18 15:25:00,1.93261,1.93322,1.93251,1.93317,1520,8,0
2024-01-18 15:30:00,1.9331800000000001,1.93323,1.9319600000000001,1.93241,1458,8,0
2024-01-18 15:35:00,1.93241,1.93241,1.93164,1.93197,1428,8,0
2024-01-18 15:40:00,1.93197,1.93239,1.9313500000000001,1.9321899999999999,1327,8,0
2024-01-18 15:45:00,1.93218,1.93286,1.93197,1.9322,1325,8,0
2024-01-18 15:50:00,1.9321899999999999,1.93263,1.9319,1.93241,1264,8,0
2024-01-18 15:55:00,1.93241,1.93297,1.93189,1.93292,1622,8,0
2024-01-18 16:00:00,1.93293,1.93392,1.93286,1.93383,1579,8,0
2024-01-18 16:05:00,1.93383,1.9340000000000002,1.93349,1.93381,1065,8,0
2024-01-18 16:10:00,1.93381,1.93387,1.93335,1.93387,1136,8,0
2024-01-18 16:15:00,1.93387,1.93387,1.93295,1.93296,905,8,0
2024-01-18 16:20:00,1.93296,1.9334799999999999,1.9329399999999999,1.9330500000000002,1001,8,0
2024-01-18 16:25:00,1.93306,1.93316,1.93256,1.93299,924,8,0
2024-01-18 16:30:00,1.93299,1.9332500000000001,1.93236,1.9323700000000001,1212,8,0
2024-01-18 16:35:00,1.9323700000000001,1.93265,1.9318499999999998,1.9319199999999999,911,8,0
2024-01-18 16:40:00,1.9319199999999999,1.9325999999999999,1.93189,1.93256,993,8,0
2024-01-18 16:45:00,1.93256,1.93335,1.93254,1.9333200000000001,979,8,0
2024-01-18 16:50:00,1.9333,1.9334099999999999,1.93269,1.93269,917,8,0
2024-01-18 16:55:00,1.93269,1.93308,1.93261,1.9329800000000001,719,8,0
2024-01-18 17:00:00,1.9329800000000001,1.9337499999999999,1.9327800000000002,1.9336799999999998,1171,8,0
2024-01-18 17:05:00,1.93369,1.93419,1.9336799999999998,1.9339499999999998,1174,8,0
2024-01-18 17:10:00,1.9339499999999998,1.9342000000000001,1.93381,1.93388,890,8,0
2024-01-18 17:15:00,1.93388,1.93424,1.93342,1.9340000000000002,838,8,0
2024-01-18 17:20:00,1.9340000000000002,1.9344999999999999,1.9339,1.93418,715,8,0
2024-01-18 17:25:00,1.93418,1.93459,1.9338600000000001,1.93391,837,8,0
2024-01-18 17:30:00,1.9339,1.93428,1.93358,1.9341599999999999,832,8,0
2024-01-18 17:35:00,1.9341599999999999,1.93442,1.9335499999999999,1.93361,662,8,0
2024-01-18 17:40:00,1.93361,1.93405,1.93361,1.9340199999999999,761,8,0
2024-01-18 17:45:00,1.9340199999999999,1.9342000000000001,1.93384,1.9339300000000001,643,8,0
2024-01-18 17:50:00,1.9339300000000001,1.93401,1.9336600000000002,1.9339300000000001,611,8,0
2024-01-18 17:55:00,1.9339300000000001,1.93424,1.9337499999999999,1.93394,558,8,0
2024-01-18 18:00:00,1.93394,1.93451,1.93384,1.93421,653,8,0
2024-01-18 18:05:00,1.93421,1.93435,1.9338199999999999,1.93394,715,8,0
2024-01-18 18:10:00,1.93394,1.93476,1.9338899999999999,1.9344999999999999,587,8,0
2024-01-18 18:15:00,1.9344999999999999,1.9345400000000001,1.9340600000000001,1.9341300000000001,691,8,0
2024-01-18 18:20:00,1.9341300000000001,1.93426,1.93381,1.93398,624,8,0
2024-01-18 18:25:00,1.93398,1.93415,1.93369,1.93392,648,8,0
2024-01-18 18:30:00,1.93392,1.9340600000000001,1.9337499999999999,1.9339499999999998,634,8,0
2024-01-18 18:35:00,1.9339499999999998,1.93403,1.9337499999999999,1.93381,524,8,0
2024-01-18 18:40:00,1.93381,1.93398,1.93372,1.93378,611,8,0
2024-01-18 18:45:00,1.93378,1.93419,1.9336600000000002,1.93411,573,8,0
2024-01-18 18:50:00,1.93411,1.93449,1.93404,1.93431,635,8,0
2024-01-18 18:55:00,1.93431,1.93446,1.93378,1.93397,594,8,0
2024-01-18 19:00:00,1.93396,1.9344299999999999,1.9339499999999998,1.93434,582,8,0
2024-01-18 19:05:00,1.93434,1.93441,1.93388,1.93401,507,8,0
2024-01-18 19:10:00,1.9340199999999999,1.93417,1.93347,1.9337,531,8,0
2024-01-18 19:15:00,1.9337,1.93404,1.93362,1.93378,471,8,0
2024-01-18 19:20:00,1.93378,1.9339499999999998,1.93331,1.93331,521,8,0
2024-01-18 19:25:00,1.93331,1.9339300000000001,1.93313,1.9338899999999999,592,8,0
2024-01-18 19:30:00,1.9338899999999999,1.93418,1.93365,1.93414,593,8,0
2024-01-18 19:35:00,1.93415,1.93423,1.93377,1.9340600000000001,504,8,0
2024-01-18 19:40:00,1.93405,1.93428,1.93392,1.9342000000000001,583,8,0
2024-01-18 19:45:00,1.9342000000000001,1.9343,1.9338600000000001,1.93398,616,8,0
2024-01-18 19:50:00,1.93398,1.93417,1.93376,1.93396,589,8,0
2024-01-18 19:55:00,1.93396,1.93397,1.9335,1.9339499999999998,795,8,0
2024-01-18 20:00:00,1.93396,1.93397,1.9329399999999999,1.9330699999999998,410,8,0
2024-01-18 20:05:00,1.9330699999999998,1.93323,1.9329,1.93296,333,8,0
2024-01-18 20:10:00,1.93296,1.93316,1.9327999999999999,1.93299,525,8,0
2024-01-18 20:15:00,1.93299,1.93313,1.93293,1.93308,454,8,0
2024-01-18 20:20:00,1.93308,1.9334500000000001,1.93297,1.93343,624,8,0
2024-01-18 20:25:00,1.93342,1.9335900000000001,1.9332799999999999,1.93333,539,8,0
2024-01-18 20:30:00,1.93333,1.93337,1.933,1.9333200000000001,500,8,0
2024-01-18 20:35:00,1.9333200000000001,1.93347,1.9331399999999999,1.9333,530,8,0
2024-01-18 20:40:00,1.93331,1.93353,1.93331,1.93336,561,8,0
2024-01-18 20:45:00,1.93335,1.93343,1.93303,1.93322,504,8,0
2024-01-18 20:50:00,1.93322,1.93343,1.93302,1.93309,716,8,0
2024-01-18 20:55:00,1.93309,1.9335200000000001,1.93295,1.93336,712,8,0
2024-01-18 21:00:00,1.93337,1.93353,1.93323,1.93338,411,8,0
2024-01-18 21:05:00,1.93338,1.9333900000000002,1.93311,1.93319,221,8,0
2024-01-18 21:10:00,1.93319,1.93351,1.93308,1.9334500000000001,332,8,0
2024-01-18 21:15:00,1.9334500000000001,1.93377,1.93316,1.9333,337,8,0
2024-01-18 21:20:00,1.9333,1.93351,1.9332,1.93322,274,8,0
2024-01-18 21:25:00,1.93322,1.93337,1.93295,1.9331800000000001,235,8,0
2024-01-18 21:30:00,1.9331800000000001,1.9331800000000001,1.93285,1.93288,158,8,0
2024-01-18 21:35:00,1.93288,1.93319,1.93286,1.9331399999999999,192,8,0
2024-01-18 21:40:00,1.9331399999999999,1.9332,1.93288,1.93296,143,8,0
2024-01-18 21:45:00,1.93295,1.93337,1.93285,1.93285,161,8,0
2024-01-18 21:50:00,1.93282,1.9329800000000001,1.93266,1.93266,143,8,0
2024-01-18 21:55:00,1.93266,1.93311,1.93265,1.933,231,8,0
2024-01-18 22:00:00,1.93293,1.93369,1.9306299999999998,1.93289,47,27,0
2024-01-18 22:05:00,1.93289,1.93292,1.93258,1.93277,23,52,0
2024-01-18 22:10:00,1.93282,1.93356,1.93277,1.9329399999999999,104,22,0
2024-01-18 22:15:00,1.9329399999999999,1.9330699999999998,1.9327299999999998,1.933,27,48,0
2024-01-18 22:20:00,1.933,1.933,1.93258,1.93274,67,40,0
2024-01-18 22:25:00,1.93274,1.93274,1.9325,1.93259,20,29,0
2024-01-18 22:30:00,1.93259,1.93304,1.9325,1.93299,48,22,0
2024-01-18 22:35:00,1.93299,1.93342,1.93288,1.93317,68,27,0
2024-01-18 22:40:00,1.93316,1.9334,1.93292,1.93301,238,20,0
2024-01-18 22:45:00,1.93301,1.93329,1.93301,1.93326,16,43,0
2024-01-18 22:50:00,1.9332799999999999,1.93331,1.9328400000000001,1.93286,115,40,0
2024-01-18 22:55:00,1.9328699999999999,1.9330500000000002,1.9320599999999999,1.93213,174,33,0
2024-01-18 23:00:00,1.93213,1.93283,1.93181,1.9321199999999998,258,12,0
2024-01-18 23:05:00,1.9321199999999998,1.93248,1.93209,1.93245,119,8,0
2024-01-18 23:10:00,1.93245,1.93251,1.9318300000000002,1.93194,198,8,0
2024-01-18 23:15:00,1.9319600000000001,1.93224,1.93191,1.9321700000000002,271,8,0
2024-01-18 23:20:00,1.93221,1.93239,1.9318,1.9318300000000002,261,8,0
2024-01-18 23:25:00,1.9318300000000002,1.93184,1.93148,1.9317,223,8,0
2024-01-18 23:30:00,1.93171,1.93204,1.9314200000000001,1.93161,253,8,0
2024-01-18 23:35:00,1.93161,1.93191,1.93157,1.9316200000000001,144,8,0
2024-01-18 23:40:00,1.93163,1.93166,1.93125,1.93161,144,8,0
2024-01-18 23:45:00,1.93161,1.9318300000000002,1.93144,1.9314900000000002,245,8,0
2024-01-18 23:50:00,1.9314900000000002,1.9316200000000001,1.93127,1.93153,239,8,0
2024-01-18 23:55:00,1.93153,1.9316,1.9310100000000001,1.93119,339,8,0
2024-01-19 00:00:00,1.93119,1.93155,1.93069,1.9307699999999999,555,8,0
2024-01-19 00:05:00,1.9307699999999999,1.93099,1.93064,1.9308999999999998,429,8,0
2024-01-19 00:10:00,1.9308999999999998,1.9309500000000002,1.93067,1.93071,371,8,0
2024-01-19 00:15:00,1.93071,1.9308999999999998,1.9301599999999999,1.93021,417,8,0
2024-01-19 00:20:00,1.93021,1.93025,1.92976,1.93001,531,8,0
2024-01-19 00:25:00,1.93003,1.93015,1.9296,1.92962,365,8,0
2024-01-19 00:30:00,1.92962,1.92971,1.92906,1.92908,512,8,0
2024-01-19 00:35:00,1.92908,1.9301,1.9290699999999998,1.92996,387,8,0
2024-01-19 00:40:00,1.92994,1.93014,1.92983,1.92997,465,8,0
2024-01-19 00:45:00,1.92997,1.93035,1.92985,1.93014,420,8,0
2024-01-19 00:50:00,1.93014,1.93019,1.92995,1.93001,500,8,0
2024-01-19 00:55:00,1.93001,1.9301599999999999,1.92988,1.93003,592,8,0
2024-01-19 01:00:00,1.93003,1.93007,1.92963,1.9297499999999999,637,8,0
2024-01-19 01:05:00,1.9297499999999999,1.93024,1.92961,1.9300199999999998,553,8,0
2024-01-19 01:10:00,1.93003,1.93011,1.9293900000000002,1.92988,473,8,0
2024-01-19 01:15:00,1.92988,1.93062,1.92961,1.93057,516,8,0
2024-01-19 01:20:00,1.93057,1.9308800000000002,1.93039,1.93059,604,8,0
2024-01-19 01:25:00,1.93059,1.93143,1.93049,1.9313,715,8,0
2024-01-19 01:30:00,1.93132,1.9313500000000001,1.9300199999999998,1.93004,934,8,0
2024-01-19 01:35:00,1.93004,1.931,1.92991,1.9304299999999999,669,8,0
2024-01-19 01:40:00,1.93042,1.9307699999999999,1.92997,1.93076,732,8,0
2024-01-19 01:45:00,1.93076,1.93127,1.9306,1.93123,671,8,0
2024-01-19 01:50:00,1.93123,1.9313799999999999,1.93006,1.93007,759,8,0
2024-01-19 01:55:00,1.93007,1.9304700000000001,1.93004,1.93014,770,8,0
2024-01-19 02:00:00,1.93015,1.93073,1.9300199999999998,1.93037,703,8,0
2024-01-19 02:05:00,1.93037,1.9315,1.9303599999999999,1.93127,601,8,0
2024-01-19 02:10:00,1.93126,1.9316,1.93102,1.93128,449,8,0
2024-01-19 02:15:00,1.93128,1.9317199999999999,1.9310800000000001,1.9317199999999999,516,8,0
2024-01-19 02:20:00,1.93171,1.9317199999999999,1.93056,1.93057,503,8,0
2024-01-19 02:25:00,1.93057,1.93089,1.93033,1.93072,538,8,0
2024-01-19 02:30:00,1.93072,1.93092,1.93041,1.9307400000000001,477,8,0
2024-01-19 02:35:00,1.9307400000000001,1.93093,1.93041,1.93067,427,8,0
2024-01-19 02:40:00,1.93068,1.93082,1.93035,1.9304999999999999,341,8,0
2024-01-19 02:45:00,1.9304999999999999,1.93068,1.92965,1.92965,460,8,0
2024-01-19 02:50:00,1.92965,1.93017,1.9295200000000001,1.93015,351,8,0
2024-01-19 02:55:00,1.93015,1.93045,1.92964,1.9301,542,8,0
2024-01-19 03:00:00,1.9300899999999999,1.93094,1.9298899999999999,1.9303,586,8,0
2024-01-19 03:05:00,1.9303,1.93093,1.93028,1.9308800000000002,467,8,0
2024-01-19 03:10:00,1.9308800000000002,1.93123,1.9306999999999999,1.9310399999999999,437,8,0
2024-01-19 03:15:00,1.93105,1.93133,1.9308100000000001,1.9311500000000001,465,8,0
2024-01-19 03:20:00,1.9311500000000001,1.9315,1.9311500000000001,1.9313799999999999,334,8,0
2024-01-19 03:25:00,1.93139,1.93141,1.9306299999999998,1.93076,355,8,0
2024-01-19 03:30:00,1.93076,1.9310800000000001,1.93045,1.9308999999999998,511,8,0
2024-01-19 03:35:00,1.9308999999999998,1.93116,1.93072,1.93116,304,8,0
2024-01-19 03:40:00,1.93117,1.9312200000000002,1.93052,1.93067,340,8,0
2024-01-19 03:45:00,1.93067,1.9309500000000002,1.93041,1.93091,325,8,0
2024-01-19 03:50:00,1.93091,1.93113,1.9308,1.93105,266,8,0
2024-01-19 03:55:00,1.93105,1.93125,1.93085,1.9309500000000002,378,8,0
2024-01-19 04:00:00,1.9309500000000002,1.9309699999999999,1.93055,1.9308,396,8,0
2024-01-19 04:05:00,1.9308,1.93119,1.9306299999999998,1.93118,212,8,0
2024-01-19 04:10:00,1.93118,1.93159,1.93106,1.93114,336,8,0
2024-01-19 04:15:00,1.93114,1.93164,1.93113,1.93164,259,8,0
2024-01-19 04:20:00,1.93164,1.9317199999999999,1.93145,1.93152,236,8,0
2024-01-19 04:25:00,1.93152,1.9316200000000001,1.93139,1.93148,228,8,0
2024-01-19 04:30:00,1.93148,1.93177,1.93144,1.93161,206,8,0
2024-01-19 04:35:00,1.93161,1.93175,1.9315099999999998,1.93153,129,8,0
2024-01-19 04:40:00,1.9315099999999998,1.9319,1.93148,1.9316900000000001,272,8,0
2024-01-19 04:45:00,1.9316900000000001,1.932,1.93166,1.93173,172,8,0
2024-01-19 04:50:00,1.93173,1.9321000000000002,1.9315600000000002,1.9315600000000002,300,8,0
2024-01-19 04:55:00,1.9315600000000002,1.93189,1.93153,1.9318300000000002,195,8,0
2024-01-19 05:00:00,1.9318300000000002,1.9318300000000002,1.93148,1.93163,382,8,0
2024-01-19 05:05:00,1.93163,1.9319899999999999,1.9316200000000001,1.9316900000000001,404,8,0
2024-01-19 05:10:00,1.9316900000000001,1.9317199999999999,1.9312399999999998,1.93129,294,8,0
2024-01-19 05:15:00,1.93129,1.93179,1.93121,1.93166,355,8,0
2024-01-19 05:20:00,1.93167,1.9320300000000001,1.93161,1.9317199999999999,366,8,0
2024-01-19 05:25:00,1.9317199999999999,1.93173,1.9312399999999998,1.9313500000000001,315,8,0
2024-01-19 05:30:00,1.9313500000000001,1.9322300000000001,1.93128,1.93211,483,8,0
2024-01-19 05:35:00,1.93211,1.9323700000000001,1.93187,1.9323700000000001,444,8,0
2024-01-19 05:40:00,1.9323700000000001,1.9332799999999999,1.93218,1.93302,542,8,0
2024-01-19 05:45:00,1.93302,1.93302,1.93218,1.9322300000000001,421,8,0
2024-01-19 05:50:00,1.9322300000000001,1.93313,1.9321000000000002,1.9328699999999999,539,8,0
2024-01-19 05:55:00,1.9328699999999999,1.93293,1.93241,1.9325299999999999,480,8,0
2024-01-19 06:00:00,1.9325299999999999,1.9329399999999999,1.93218,1.93268,474,8,0
2024-01-19 06:05:00,1.93268,1.93301,1.9325,1.93301,461,8,0
2024-01-19 06:10:00,1.93301,1.93306,1.9323700000000001,1.93252,528,8,0
2024-01-19 06:15:00,1.93252,1.93272,1.9322,1.93231,390,8,0
2024-01-19 06:20:00,1.93231,1.93276,1.93209,1.93262,356,8,0
2024-01-19 06:25:00,1.93262,1.93296,1.93242,1.9325700000000001,527,8,0
2024-01-19 06:30:00,1.9325700000000001,1.93311,1.93252,1.93277,479,8,0
2024-01-19 06:35:00,1.93277,1.9327800000000002,1.9317600000000001,1.93201,622,8,0
2024-01-19 06:40:00,1.93201,1.93234,1.93166,1.9321700000000002,572,8,0
2024-01-19 06:45:00,1.9321700000000002,1.93236,1.93163,1.93173,427,8,0
2024-01-19 06:50:00,1.93173,1.93175,1.93114,1.9313,554,8,0
2024-01-19 06:55:00,1.93128,1.9319199999999999,1.93113,1.93155,514,8,0
2024-01-19 07:00:00,1.9315099999999998,1.93184,1.9281199999999998,1.92901,1413,8,0
2024-01-19 07:05:00,1.92901,1.9295,1.92764,1.92791,1064,8,0
2024-01-19 07:10:00,1.9279,1.92884,1.92779,1.92866,784,8,0
2024-01-19 07:15:00,1.9286699999999999,1.92876,1.92823,1.92834,875,8,0
2024-01-19 07:20:00,1.92834,1.92862,1.92788,1.9283000000000001,825,8,0
2024-01-19 07:25:00,1.9283000000000001,1.92884,1.92791,1.9279899999999999,655,8,0
2024-01-19 07:30:00,1.9279899999999999,1.92834,1.9275799999999998,1.92815,925,8,0
2024-01-19 07:35:00,1.92815,1.92823,1.9272399999999998,1.92732,904,8,0
2024-01-19 07:40:00,1.92732,1.92793,1.92712,1.92753,757,8,0
2024-01-19 07:45:00,1.92753,1.9278,1.92726,1.92729,883,8,0
2024-01-19 07:50:00,1.92729,1.9275799999999998,1.927,1.92713,749,8,0
2024-01-19 07:55:00,1.92713,1.92791,1.92692,1.92788,848,8,0
2024-01-19 08:00:00,1.92788,1.92788,1.92669,1.9268,1160,8,0
2024-01-19 08:05:00,1.9268,1.9271099999999999,1.92651,1.92699,1011,8,0
2024-01-19 08:10:00,1.92698,1.92725,1.92669,1.9272,898,8,0
2024-01-19 08:15:00,1.9272,1.92739,1.92685,1.92705,944,8,0
2024-01-19 08:20:00,1.92705,1.92752,1.92686,1.9271,857,8,0
2024-01-19 08:25:00,1.9271099999999999,1.92755,1.92687,1.9270399999999999,824,8,0
2024-01-19 08:30:00,1.9270399999999999,1.9273,1.92619,1.9262299999999999,1026,8,0
2024-01-19 08:35:00,1.9262299999999999,1.9266299999999998,1.9258199999999999,1.92597,690,8,0
2024-01-19 08:40:00,1.92598,1.92611,1.9256600000000001,1.9258600000000001,700,8,0
2024-01-19 08:45:00,1.9258600000000001,1.9259,1.92526,1.92536,874,8,0
2024-01-19 08:50:00,1.92535,1.9254099999999998,1.9250699999999998,1.92516,793,8,0
2024-01-19 08:55:00,1.92516,1.92572,1.92515,1.92542,782,8,0
2024-01-19 09:00:00,1.92542,1.92551,1.9247999999999998,1.9247999999999998,975,8,0
2024-01-19 09:05:00,1.9247999999999998,1.92538,1.92455,1.9251800000000001,906,8,0
2024-01-19 09:10:00,1.9251800000000001,1.92547,1.92449,1.9245100000000002,1054,8,0
2024-01-19 09:15:00,1.9245,1.92463,1.92394,1.92408,841,8,0
2024-01-19 09:20:00,1.92408,1.9243000000000001,1.92375,1.92378,746,8,0
2024-01-19 09:25:00,1.92378,1.9238,1.92325,1.92327,730,8,0
2024-01-19 09:30:00,1.92325,1.9243299999999999,1.9232399999999998,1.9239899999999999,858,8,0
2024-01-19 09:35:00,1.9239899999999999,1.92429,1.92353,1.9238499999999998,733,8,0
2024-01-19 09:40:00,1.92386,1.92393,1.9232,1.9232900000000002,868,8,0
2024-01-19 09:45:00,1.9232900000000002,1.9239000000000002,1.9229500000000002,1.9229699999999998,754,8,0
2024-01-19 09:50:00,1.9229699999999998,1.92321,1.92215,1.92237,837,8,0
2024-01-19 09:55:00,1.92237,1.92239,1.92185,1.9221,823,8,0
2024-01-19 10:00:00,1.9221,1.92278,1.92208,1.92248,853,8,0
2024-01-19 10:05:00,1.92248,1.92259,1.9217,1.9223599999999998,776,8,0
2024-01-19 10:10:00,1.9223599999999998,1.9224999999999999,1.92138,1.92156,887,8,0
2024-01-19 10:15:00,1.92156,1.92176,1.92126,1.9216199999999999,794,8,0
2024-01-19 10:20:00,1.9216199999999999,1.9216600000000001,1.92088,1.92119,808,8,0
2024-01-19 10:25:00,1.92119,1.9221300000000001,1.92103,1.92211,1011,8,0
2024-01-19 10:30:00,1.92211,1.9226,1.92178,1.92258,835,8,0
2024-01-19 10:35:00,1.9226100000000002,1.9228,1.92232,1.92253,607,8,0
2024-01-19 10:40:00,1.92252,1.92253,1.9218,1.92196,566,8,0
2024-01-19 10:45:00,1.92196,1.92208,1.92151,1.92165,566,8,0
2024-01-19 10:50:00,1.92165,1.9222000000000001,1.92136,1.9221300000000001,676,8,0
2024-01-19 10:55:00,1.9221300000000001,1.92289,1.9219300000000001,1.92252,749,8,0
2024-01-19 11:00:00,1.92252,1.92267,1.9221599999999999,1.92256,671,8,0
2024-01-19 11:05:00,1.92255,1.92332,1.92225,1.92327,630,8,0
2024-01-19 11:10:00,1.92327,1.92371,1.92287,1.92337,864,8,0
2024-01-19 11:15:00,1.92336,1.92382,1.92309,1.92377,778,8,0
2024-01-19 11:20:00,1.92377,1.92397,1.9234499999999999,1.9236,617,8,0
2024-01-19 11:25:00,1.9236,1.92388,1.9233799999999999,1.9233799999999999,533,8,0
2024-01-19 11:30:00,1.9233799999999999,1.9236499999999999,1.92292,1.92294,696,8,0
2024-01-19 11:35:00,1.92294,1.92296,1.92246,1.9226,501,8,0
2024-01-19 11:40:00,1.9226,1.9230399999999999,1.92253,1.9228399999999999,474,8,0
2024-01-19 11:45:00,1.92285,1.9231099999999999,1.9226,1.9230399999999999,478,8,0
2024-01-19 11:50:00,1.9230399999999999,1.9230800000000001,1.92262,1.92273,504,8,0
2024-01-19 11:55:00,1.92273,1.92287,1.9216199999999999,1.92165,755,8,0
2024-01-19 12:00:00,1.92165,1.9220000000000002,1.92136,1.92147,732,8,0
2024-01-19 12:05:00,1.9214799999999999,1.92183,1.92142,1.9214799999999999,631,8,0
2024-01-19 12:10:00,1.92147,1.92179,1.92123,1.92142,720,8,0
2024-01-19 12:15:00,1.92142,1.9228399999999999,1.92137,1.9227699999999999,558,8,0
2024-01-19 12:20:00,1.9227699999999999,1.9230399999999999,1.92233,1.9229699999999998,541,8,0
2024-01-19 12:25:00,1.9229699999999998,1.92298,1.92221,1.9222299999999999,651,8,0
2024-01-19 12:30:00,1.9222299999999999,1.9231500000000001,1.92222,1.92299,655,8,0
2024-01-19 12:35:00,1.92299,1.92313,1.92275,1.92292,496,8,0
2024-01-19 12:40:00,1.92292,1.92302,1.92239,1.92242,614,8,0
2024-01-19 12:45:00,1.92242,1.92273,1.9222700000000001,1.92273,584,8,0
2024-01-19 12:50:00,1.92272,1.923,1.9226299999999998,1.92283,675,8,0
2024-01-19 12:55:00,1.92283,1.92292,1.92235,1.9228100000000001,735,8,0
2024-01-19 13:00:00,1.92282,1.9229,1.9221,1.92221,836,8,0
2024-01-19 13:05:00,1.92221,1.92267,1.92206,1.92239,840,8,0
2024-01-19 13:10:00,1.92239,1.92253,1.92192,1.9219300000000001,765,8,0
2024-01-19 13:15:00,1.92194,1.92226,1.92184,1.9218600000000001,871,8,0
2024-01-19 13:20:00,1.92184,1.92207,1.92157,1.92185,1020,8,0
2024-01-19 13:25:00,1.9218600000000001,1.92273,1.92164,1.92265,896,8,0
2024-01-19 13:30:00,1.92265,1.9228100000000001,1.9216199999999999,1.9220899999999999,1249,8,0
2024-01-19 13:35:00,1.9220899999999999,1.92232,1.92172,1.92224,1178,8,0
2024-01-19 13:40:00,1.92224,1.92302,1.92215,1.92267,1115,8,0
2024-01-19 13:45:00,1.92267,1.92305,1.92253,1.9229699999999998,1127,8,0
2024-01-19 13:50:00,1.92298,1.92377,1.9229,1.92343,1120,8,0
2024-01-19 13:55:00,1.92344,1.9236499999999999,1.9230399999999999,1.92328,1024,8,0
2024-01-19 14:00:00,1.92328,1.92359,1.92285,1.92344,1006,8,0
2024-01-19 14:05:00,1.92344,1.92363,1.9231,1.92341,890,8,0
2024-01-19 14:10:00,1.92341,1.92393,1.92327,1.92371,925,8,0
2024-01-19 14:15:00,1.92371,1.9240599999999999,1.92341,1.92364,868,8,0
2024-01-19 14:20:00,1.9236499999999999,1.92389,1.92337,1.92366,953,8,0
2024-01-19 14:25:00,1.9236499999999999,1.9245100000000002,1.92362,1.9242599999999999,1121,8,0
2024-01-19 14:30:00,1.9242599999999999,1.92496,1.92421,1.92475,1643,8,0
2024-01-19 14:35:00,1.92475,1.92564,1.92463,1.9256199999999999,1498,8,0
2024-01-19 14:40:00,1.9256199999999999,1.92608,1.9251200000000002,1.92594,1470,8,0
2024-01-19 14:45:00,1.92594,1.92599,1.92534,1.9253900000000002,1041,8,0
2024-01-19 14:50:00,1.9253900000000002,1.92564,1.92454,1.92456,997,8,0
2024-01-19 14:55:00,1.9245700000000001,1.925,1.92379,1.92379,943,8,0
2024-01-19 15:00:00,1.92379,1.92515,1.9237600000000001,1.92504,2238,8,0
2024-01-19 15:05:00,1.92504,1.9267699999999999,1.92485,1.92641,1869,8,0
2024-01-19 15:10:00,1.92641,1.92703,1.92584,1.92668,1698,8,0
2024-01-19 15:15:00,1.9266999999999999,1.92676,1.9260199999999998,1.92639,1434,8,0
2024-01-19 15:20:00,1.9264000000000001,1.92648,1.9254799999999999,1.92622,1605,8,0
2024-01-19 15:25:00,1.92622,1.92625,1.9258199999999999,1.92596,1220,8,0
2024-01-19 15:30:00,1.92597,1.92672,1.92591,1.92642,1396,8,0
2024-01-19 15:35:00,1.92642,1.9264700000000001,1.92577,1.92578,1423,8,0
2024-01-19 15:40:00,1.92578,1.92633,1.9254099999999998,1.92608,1334,8,0
2024-01-19 15:45:00,1.92608,1.9268,1.9260000000000002,1.92672,1278,8,0
2024-01-19 15:50:00,1.92671,1.9268399999999999,1.92547,1.92551,1331,8,0
2024-01-19 15:55:00,1.92553,1.92608,1.9253,1.9257900000000001,1508,8,0
2024-01-19 16:00:00,1.9257900000000001,1.92605,1.92495,1.9254799999999999,1452,8,0
2024-01-19 16:05:00,1.9254799999999999,1.92561,1.92506,1.92536,931,8,0
2024-01-19 16:10:00,1.92536,1.92537,1.9245999999999999,1.92483,1101,8,0
2024-01-19 16:15:00,1.92483,1.92493,1.92432,1.9246699999999999,1024,8,0
2024-01-19 16:20:00,1.9246699999999999,1.92537,1.92458,1.92503,987,8,0
2024-01-19 16:25:00,1.92503,1.9251,1.9243999999999999,1.92456,744,8,0
2024-01-19 16:30:00,1.9245700000000001,1.92495,1.92421,1.92472,988,8,0
2024-01-19 16:35:00,1.92472,1.9257900000000001,1.92466,1.9254099999999998,931,8,0
2024-01-19 16:40:00,1.9254099999999998,1.9258600000000001,1.9253,1.9257,878,8,0
2024-01-19 16:45:00,1.9257,1.92607,1.92553,1.92606,948,8,0
2024-01-19 16:50:00,1.92606,1.9263599999999999,1.9258600000000001,1.92618,760,8,0
2024-01-19 16:55:00,1.92618,1.92657,1.92615,1.92622,910,8,0
2024-01-19 17:00:00,1.92622,1.9262700000000001,1.92569,1.92591,846,8,0
2024-01-19 17:05:00,1.92591,1.92595,1.9256600000000001,1.9258199999999999,713,8,0
2024-01-19 17:10:00,1.9258199999999999,1.92606,1.92529,1.92577,727,8,0
2024-01-19 17:15:00,1.92577,1.92581,1.9251399999999999,1.9251800000000001,683,8,0
2024-01-19 17:20:00,1.9251800000000001,1.9252099999999999,1.92459,1.92474,643,8,0
2024-01-19 17:25:00,1.92474,1.92477,1.9240599999999999,1.92429,762,8,0
2024-01-19 17:30:00,1.92429,1.9245700000000001,1.92397,1.92425,901,8,0
2024-01-19 17:35:00,1.9242599999999999,1.92448,1.92391,1.92429,665,8,0
2024-01-19 17:40:00,1.9243000000000001,1.92469,1.9242599999999999,1.9244599999999998,735,8,0
2024-01-19 17:45:00,1.92445,1.9249,1.9243700000000001,1.92485,667,8,0
2024-01-19 17:50:00,1.92485,1.92516,1.92459,1.92476,520,8,0
2024-01-19 17:55:00,1.92476,1.92515,1.92456,1.9250099999999999,607,8,0
2024-01-19 18:00:00,1.9250099999999999,1.9257,1.92481,1.9257,706,8,0
2024-01-19 18:05:00,1.92567,1.92572,1.92544,1.92561,427,8,0
2024-01-19 18:10:00,1.92561,1.92596,1.9255900000000001,1.92569,463,8,0
2024-01-19 18:15:00,1.92569,1.92604,1.9255200000000001,1.92604,510,8,0
2024-01-19 18:20:00,1.92601,1.92601,1.92543,1.92576,544,8,0
2024-01-19 18:25:00,1.92576,1.9259300000000001,1.9255900000000001,1.92572,577,8,0
2024-01-19 18:30:00,1.92572,1.92592,1.92542,1.92565,465,8,0
2024-01-19 18:35:00,1.92564,1.9258600000000001,1.92531,1.92574,479,8,0
2024-01-19 18:40:00,1.92574,1.92615,1.9256,1.9260199999999998,444,8,0
2024-01-19 18:45:00,1.9260199999999998,1.92605,1.92564,1.92572,334,8,0
2024-01-19 18:50:00,1.92572,1.92588,1.92551,1.9257300000000002,337,8,0
2024-01-19 18:55:00,1.92572,1.92584,1.9253900000000002,1.92581,468,8,0
2024-01-19 19:00:00,1.9258,1.9260899999999999,1.92526,1.92533,507,8,0
2024-01-19 19:05:00,1.92533,1.92588,1.92522,1.9257499999999999,386,8,0
2024-01-19 19:10:00,1.9257499999999999,1.92578,1.92488,1.92495,478,8,0
2024-01-19 19:15:00,1.92495,1.9253900000000002,1.9249100000000001,1.9252799999999999,437,8,0
2024-01-19 19:20:00,1.9252799999999999,1.92542,1.92482,1.9249100000000001,299,8,0
2024-01-19 19:25:00,1.9249100000000001,1.9250099999999999,1.92479,1.92482,474,8,0
2024-01-19 19:30:00,1.92482,1.92534,1.92472,1.9252,495,8,0
2024-01-19 19:35:00,1.9252,1.9255499999999999,1.92509,1.92537,601,8,0
2024-01-19 19:40:00,1.92537,1.9253900000000002,1.92511,1.9252099999999999,486,8,0
2024-01-19 19:45:00,1.9252099999999999,1.9254099999999998,1.9250099999999999,1.92522,472,8,0
2024-01-19 19:50:00,1.92522,1.92554,1.9251800000000001,1.9252799999999999,509,8,0
2024-01-19 19:55:00,1.9252799999999999,1.92534,1.92483,1.92485,568,8,0
2024-01-19 20:00:00,1.92485,1.9249100000000001,1.92447,1.92466,883,8,0
2024-01-19 20:05:00,1.92465,1.92517,1.92461,1.9249100000000001,573,8,0
2024-01-19 20:10:00,1.9249100000000001,1.92508,1.92472,1.92506,554,8,0
2024-01-19 20:15:00,1.92506,1.92506,1.92474,1.925,506,8,0
2024-01-19 20:20:00,1.92499,1.92519,1.92492,1.92502,412,8,0
2024-01-19 20:25:00,1.92502,1.92503,1.9247,1.92488,455,8,0
2024-01-19 20:30:00,1.9248699999999999,1.92499,1.92454,1.92468,491,8,0
2024-01-19 20:35:00,1.92468,1.92492,1.92452,1.92483,445,8,0
2024-01-19 20:40:00,1.92483,1.92515,1.92473,1.9250699999999998,484,8,0
2024-01-19 20:45:00,1.9250699999999998,1.92527,1.92481,1.92524,395,8,0
2024-01-19 20:50:00,1.92524,1.9252799999999999,1.9247999999999998,1.92515,574,8,0
2024-01-19 20:55:00,1.92515,1.92538,1.9250099999999999,1.9250699999999998,711,8,0
2024-01-19 21:00:00,1.9250699999999998,1.9250699999999998,1.92482,1.92489,324,8,0
2024-01-19 21:05:00,1.92489,1.9252799999999999,1.92489,1.92522,197,8,0
2024-01-19 21:10:00,1.92522,1.92542,1.9251200000000002,1.92515,315,8,0
2024-01-19 21:15:00,1.92515,1.9252099999999999,1.92495,1.9250099999999999,326,8,0
2024-01-19 21:20:00,1.9250099999999999,1.9251,1.92488,1.92503,295,8,0
2024-01-19 21:25:00,1.92503,1.92509,1.92486,1.9249,268,8,0
2024-01-19 21:30:00,1.9249,1.9251399999999999,1.92484,1.9251399999999999,124,9,0
2024-01-19 21:35:00,1.9251399999999999,1.92515,1.925,1.92502,115,10,0
2024-01-19 21:40:00,1.92502,1.92576,1.92502,1.92576,166,8,0
2024-01-19 21:45:00,1.92576,1.92577,1.9251800000000001,1.92519,115,8,0
2024-01-19 21:50:00,1.92519,1.92542,1.92508,1.92509,269,8,0
2024-01-21 22:05:00,1.9233799999999999,1.92447,1.9233,1.92435,149,225,0
2024-01-21 22:10:00,1.92418,1.92432,1.92353,1.9242599999999999,100,204,0
2024-01-21 22:15:00,1.92445,1.9249,1.92429,1.92429,101,172,0
2024-01-21 22:20:00,1.92429,1.92574,1.92411,1.92411,91,134,0
2024-01-21 22:25:00,1.92411,1.92472,1.92321,1.92404,126,191,0
2024-01-21 22:30:00,1.92394,1.92489,1.9239199999999999,1.92472,122,84,0
2024-01-21 22:35:00,1.92472,1.9252799999999999,1.92428,1.92454,127,91,0
2024-01-21 22:40:00,1.92454,1.92497,1.92412,1.92416,78,182,0
2024-01-21 22:45:00,1.92428,1.92489,1.9240599999999999,1.92477,69,166,0
2024-01-21 22:50:00,1.92477,1.9251800000000001,1.92425,1.9244400000000002,89,116,0
2024-01-21 22:55:00,1.9244400000000002,1.9255,1.92412,1.92459,90,127,0
2024-01-21 23:00:00,1.92459,1.92607,1.92459,1.9258199999999999,355,8,0
2024-01-21 23:05:00,1.9258199999999999,1.92596,1.92522,1.92523,292,8,0
2024-01-21 23:10:00,1.92523,1.92529,1.92455,1.92484,285,8,0
2024-01-21 23:15:00,1.9248699999999999,1.9253200000000001,1.92474,1.9253200000000001,306,8,0
2024-01-21 23:20:00,1.9253200000000001,1.92547,1.92489,1.92537,291,8,0
2024-01-21 23:25:00,1.92537,1.9269699999999998,1.92535,1.92653,434,8,0
2024-01-21 23:30:00,1.92653,1.92659,1.92536,1.92592,282,8,0
2024-01-21 23:35:00,1.92592,1.92622,1.92577,1.92622,200,8,0
2024-01-21 23:40:00,1.92622,1.92628,1.9257499999999999,1.9257900000000001,194,8,0
2024-01-21 23:45:00,1.9257900000000001,1.92583,1.9253900000000002,1.92553,206,8,0
2024-01-21 23:50:00,1.92553,1.92561,1.92496,1.9251,234,8,0
2024-01-21 23:55:00,1.9251,1.92557,1.92509,1.9255499999999999,251,8,0
2024-01-22 00:00:00,1.9255499999999999,1.9255499999999999,1.92508,1.92545,477,8,0
2024-01-22 00:05:00,1.92545,1.92551,1.925,1.9251200000000002,436,8,0
2024-01-22 00:10:00,1.9251200000000002,1.9255499999999999,1.9251200000000002,1.92554,425,8,0
2024-01-22 00:15:00,1.92554,1.92565,1.92535,1.92536,296,8,0
2024-01-22 00:20:00,1.92536,1.9260000000000002,1.92535,1.92597,309,8,0
2024-01-22 00:25:00,1.92597,1.9263,1.9259,1.92594,335,8,0
2024-01-22 00:30:00,1.92594,1.92597,1.9255,1.92558,264,8,0
2024-01-22 00:35:00,1.92557,1.92565,1.9247800000000002,1.9250500000000001,336,8,0
2024-01-22 00:40:00,1.9250500000000001,1.92515,1.9239899999999999,1.9241899999999998,625,8,0
2024-01-22 00:45:00,1.9241899999999998,1.92459,1.92371,1.92373,600,8,0
2024-01-22 00:50:00,1.92373,1.9241899999999998,1.9233,1.92388,856,8,0
2024-01-22 00:55:00,1.92388,1.92412,1.9229500000000002,1.92317,778,8,0
2024-01-22 01:00:00,1.92317,1.92346,1.9228100000000001,1.92287,887,8,0
2024-01-22 01:05:00,1.92286,1.92326,1.9221599999999999,1.92232,819,8,0
2024-01-22 01:10:00,1.92232,1.92275,1.92196,1.92242,810,8,0
2024-01-22 01:15:00,1.9224299999999999,1.9235,1.9224299999999999,1.92316,899,8,0
2024-01-22 01:20:00,1.92316,1.92339,1.92279,1.92279,703,8,0
2024-01-22 01:25:00,1.92279,1.92371,1.92276,1.92333,731,8,0
2024-01-22 01:30:00,1.92333,1.92407,1.9233,1.92391,1056,8,0
2024-01-22 01:35:00,1.92391,1.92456,1.92379,1.9240300000000001,768,8,0
2024-01-22 01:40:00,1.92401,1.92448,1.92344,1.92346,839,8,0
2024-01-22 01:45:00,1.92346,1.9235799999999998,1.9228399999999999,1.9230399999999999,689,8,0
2024-01-22 01:50:00,1.9230399999999999,1.92429,1.9230399999999999,1.92424,687,8,0
2024-01-22 01:55:00,1.92424,1.92486,1.9240599999999999,1.9243999999999999,625,8,0
2024-01-22 02:00:00,1.9243999999999999,1.92618,1.9243700000000001,1.9261599999999999,658,8,0
2024-01-22 02:05:00,1.9261599999999999,1.92626,1.9256199999999999,1.9260899999999999,554,8,0
2024-01-22 02:10:00,1.92608,1.92675,1.9247,1.92506,764,8,0
2024-01-22 02:15:00,1.92506,1.92545,1.92473,1.92519,650,8,0
2024-01-22 02:20:00,1.92519,1.9261300000000001,1.92506,1.9258899999999999,713,8,0
2024-01-22 02:25:00,1.9259,1.9264700000000001,1.92581,1.92638,504,8,0
2024-01-22 02:30:00,1.92638,1.92694,1.92625,1.92694,748,8,0
2024-01-22 02:35:00,1.92694,1.92699,1.92615,1.92615,416,8,0
2024-01-22 02:40:00,1.92615,1.92618,1.92534,1.92557,550,8,0
2024-01-22 02:45:00,1.92557,1.92567,1.92517,1.92553,351,8,0
2024-01-22 02:50:00,1.92553,1.92565,1.9252500000000001,1.92553,346,8,0
2024-01-22 02:55:00,1.92553,1.92656,1.92553,1.92624,596,8,0
2024-01-22 03:00:00,1.92624,1.9270399999999999,1.9262299999999999,1.92682,562,8,0
2024-01-22 03:05:00,1.92682,1.92696,1.92615,1.92648,378,8,0
2024-01-22 03:10:00,1.92649,1.9267400000000001,1.92642,1.92673,514,8,0
2024-01-22 03:15:00,1.92673,1.92682,1.92591,1.92604,456,8,0
2024-01-22 03:20:00,1.92604,1.92659,1.92601,1.9262299999999999,527,8,0
2024-01-22 03:25:00,1.9262299999999999,1.9262299999999999,1.9256,1.92587,439,8,0
2024-01-22 03:30:00,1.92587,1.92596,1.92534,1.92569,345,8,0
2024-01-22 03:35:00,1.9256600000000001,1.92621,1.9255499999999999,1.92603,419,8,0
2024-01-22 03:40:00,1.92603,1.92795,1.92587,1.9278499999999998,585,8,0
2024-01-22 03:45:00,1.9278499999999998,1.92786,1.92727,1.92753,421,8,0
2024-01-22 03:50:00,1.92753,1.92808,1.9273799999999999,1.92777,384,8,0
2024-01-22 03:55:00,1.92777,1.92786,1.9273099999999999,1.92741,350,8,0
2024-01-22 04:00:00,1.92741,1.92774,1.9271099999999999,1.9276200000000001,368,8,0
2024-01-22 04:05:00,1.9276200000000001,1.9276200000000001,1.92713,1.9272200000000002,277,8,0
2024-01-22 04:10:00,1.9272200000000002,1.92743,1.92713,1.9272399999999998,220,8,0
2024-01-22 04:15:00,1.9272399999999998,1.92766,1.92696,1.92759,282,8,0
2024-01-22 04:20:00,1.92759,1.92759,1.9269699999999998,1.9271099999999999,223,8,0
2024-01-22 04:25:00,1.9271099999999999,1.92768,1.92698,1.92767,201,8,0
2024-01-22 04:30:00,1.92767,1.92822,1.9275799999999998,1.92788,320,8,0
2024-01-22 04:35:00,1.92789,1.92847,1.92778,1.9283000000000001,297,8,0
2024-01-22 04:40:00,1.9283000000000001,1.92919,1.92827,1.92872,455,8,0
2024-01-22 04:45:00,1.92872,1.92913,1.92852,1.92876,519,8,0
2024-01-22 04:50:00,1.92876,1.92876,1.92816,1.9285700000000001,335,8,0
2024-01-22 04:55:00,1.92858,1.9285999999999999,1.92829,1.92849,261,8,0
2024-01-22 05:00:00,1.9285,1.92911,1.92842,1.9289800000000001,548,8,0
2024-01-22 05:05:00,1.9289800000000001,1.9292,1.92836,1.9284400000000002,461,8,0
2024-01-22 05:10:00,1.9284400000000002,1.92888,1.92838,1.92861,428,8,0
2024-01-22 05:15:00,1.9285999999999999,1.92937,1.92856,1.92909,751,8,0
2024-01-22 05:20:00,1.92909,1.9297499999999999,1.92909,1.92956,712,8,0
2024-01-22 05:25:00,1.92956,1.9302000000000001,1.9292799999999999,1.92938,777,8,0
2024-01-22 05:30:00,1.92938,1.9296600000000002,1.92923,1.92933,754,8,0
2024-01-22 05:35:00,1.92933,1.92969,1.9291,1.9296799999999998,501,8,0
2024-01-22 05:40:00,1.9296799999999998,1.92997,1.9295,1.9298,475,8,0
2024-01-22 05:45:00,1.9298,1.93065,1.9296799999999998,1.9305400000000001,469,8,0
2024-01-22 05:50:00,1.9305400000000001,1.93094,1.93003,1.93093,507,8,0
2024-01-22 05:55:00,1.93093,1.93093,1.93034,1.93045,722,8,0
2024-01-22 06:00:00,1.93045,1.9312200000000002,1.93037,1.93092,792,8,0
2024-01-22 06:05:00,1.93092,1.9315799999999999,1.9308100000000001,1.93141,621,8,0
2024-01-22 06:10:00,1.93141,1.93259,1.9313799999999999,1.93208,568,8,0
2024-01-22 06:15:00,1.93211,1.93274,1.93188,1.93191,528,8,0
2024-01-22 06:20:00,1.93191,1.9321899999999999,1.93152,1.93157,537,8,0
2024-01-22 06:25:00,1.93157,1.9316900000000001,1.93071,1.93093,591,8,0
2024-01-22 06:30:00,1.93093,1.9311099999999999,1.93049,1.93064,750,8,0
2024-01-22 06:35:00,1.93064,1.93113,1.93032,1.9306100000000002,586,8,0
2024-01-22 06:40:00,1.9306100000000002,1.93068,1.9298,1.92985,578,8,0
2024-01-22 06:45:00,1.92985,1.9300199999999998,1.92937,1.9293900000000002,666,8,0
2024-01-22 06:50:00,1.9293900000000002,1.92991,1.9293200000000001,1.92946,485,8,0
2024-01-22 06:55:00,1.92946,1.92985,1.9290699999999998,1.9292099999999999,553,8,0
2024-01-22 07:00:00,1.9292099999999999,1.9304299999999999,1.9290500000000002,1.93042,857,8,0
2024-01-22 07:05:00,1.93042,1.93059,1.9301,1.93048,636,8,0
2024-01-22 07:10:00,1.93048,1.9306299999999998,1.92985,1.93008,631,8,0
2024-01-22 07:15:00,1.93008,1.93033,1.9297,1.92983,757,8,0
2024-01-22 07:20:00,1.92983,1.93007,1.92913,1.92915,577,8,0
2024-01-22 07:25:00,1.92915,1.92957,1.92881,1.92957,512,8,0
2024-01-22 07:30:00,1.92957,1.92969,1.92865,1.92886,708,8,0
2024-01-22 07:35:00,1.92886,1.92892,1.9279899999999999,1.9280599999999999,667,8,0
2024-01-22 07:40:00,1.9280599999999999,1.92809,1.9272,1.9277600000000001,882,8,0
2024-01-22 07:45:00,1.9277600000000001,1.9285299999999999,1.9277,1.92809,787,8,0
2024-01-22 07:50:00,1.92808,1.9282,1.9275600000000002,1.9276,681,8,0
2024-01-22 07:55:00,1.9276,1.9276,1.92689,1.9272,927,8,0
2024-01-22 08:00:00,1.9272,1.92811,1.9270800000000001,1.92795,1254,8,0
2024-01-22 08:05:00,1.9279600000000001,1.92815,1.92759,1.92779,1099,8,0
2024-01-22 08:10:00,1.9278,1.9278,1.92685,1.92694,940,8,0
2024-01-22 08:15:00,1.92694,1.92739,1.9263400000000002,1.9269699999999998,987,8,0
2024-01-22 08:20:00,1.9269699999999998,1.9270100000000001,1.92617,1.92651,936,8,0
2024-01-22 08:25:00,1.9264999999999999,1.9271099999999999,1.9262700000000001,1.92706,839,8,0
2024-01-22 08:30:00,1.92706,1.9275799999999998,1.92687,1.9273500000000001,889,8,0
2024-01-22 08:35:00,1.9273500000000001,1.92804,1.92726,1.92754,953,8,0
2024-01-22 08:40:00,1.9275600000000002,1.9276499999999999,1.92672,1.92718,947,8,0
2024-01-22 08:45:00,1.92719,1.92766,1.9270800000000001,1.92739,939,8,0
2024-01-22 08:50:00,1.92739,1.92763,1.9270399999999999,1.9271,856,8,0
2024-01-22 08:55:00,1.9271,1.9278499999999998,1.9268999999999998,1.9276,867,8,0
2024-01-22 09:00:00,1.92759,1.92863,1.9275600000000002,1.9281700000000002,1014,8,0
2024-01-22 09:05:00,1.9281700000000002,1.92841,1.92777,1.92815,797,8,0
2024-01-22 09:10:00,1.92815,1.9284,1.92797,1.92838,618,8,0
2024-01-22 09:15:00,1.92838,1.92856,1.92795,1.92807,768,8,0
2024-01-22 09:20:00,1.92807,1.9286699999999999,1.92789,1.9285299999999999,601,8,0
2024-01-22 09:25:00,1.92859,1.92874,1.92842,1.9287,668,8,0
2024-01-22 09:30:00,1.9287,1.92913,1.92795,1.92802,572,8,0
2024-01-22 09:35:00,1.92802,1.92822,1.9273,1.92744,719,8,0
2024-01-22 09:40:00,1.92744,1.9278300000000002,1.92744,1.92771,562,8,0
2024-01-22 09:45:00,1.92771,1.9279,1.9273799999999999,1.92771,577,8,0
2024-01-22 09:50:00,1.92771,1.92848,1.92759,1.9284599999999998,552,8,0
2024-01-22 09:55:00,1.9284599999999998,1.9289,1.92838,1.9285700000000001,617,8,0
2024-01-22 10:00:00,1.92859,1.9287999999999998,1.92847,1.92873,673,8,0
2024-01-22 10:05:00,1.92873,1.92877,1.92813,1.92852,642,8,0
2024-01-22 10:10:00,1.92852,1.9285299999999999,1.9279600000000001,1.9279899999999999,700,8,0
2024-01-22 10:15:00,1.9279899999999999,1.92824,1.92797,1.92809,667,8,0
2024-01-22 10:20:00,1.92809,1.92843,1.9278,1.92786,559,8,0
2024-01-22 10:25:00,1.92787,1.92839,1.92768,1.9281000000000001,612,8,0
2024-01-22 10:30:00,1.92809,1.92852,1.92794,1.9283299999999999,696,8,0
2024-01-22 10:35:00,1.9283299999999999,1.92856,1.92786,1.92793,546,8,0
2024-01-22 10:40:00,1.92793,1.92852,1.92773,1.92822,607,8,0
2024-01-22 10:45:00,1.92822,1.92847,1.9281000000000001,1.9283000000000001,551,8,0
2024-01-22 10:50:00,1.9283000000000001,1.92866,1.92824,1.9284,622,8,0
2024-01-22 10:55:00,1.9284,1.92913,1.9284,1.92904,742,8,0
2024-01-22 11:00:00,1.92906,1.9291,1.92832,1.92834,602,8,0
2024-01-22 11:05:00,1.92834,1.92852,1.92807,1.92836,604,8,0
2024-01-22 11:10:00,1.92836,1.9284400000000002,1.92797,1.92827,517,8,0
2024-01-22 11:15:00,1.92827,1.92843,1.9279899999999999,1.92829,730,8,0
2024-01-22 11:20:00,1.92828,1.92876,1.92828,1.92875,568,8,0
2024-01-22 11:25:00,1.92875,1.92875,1.92838,1.9285,561,8,0
2024-01-22 11:30:00,1.9285,1.92856,1.92774,1.92797,449,8,0
2024-01-22 11:35:00,1.92797,1.9284,1.9279199999999999,1.928,634,8,0
2024-01-22 11:40:00,1.928,1.9283299999999999,1.9278300000000002,1.92814,583,8,0
2024-01-22 11:45:00,1.92814,1.929,1.9281000000000001,1.929,554,8,0
2024-01-22 11:50:00,1.929,1.92917,1.92873,1.92879,517,8,0
2024-01-22 11:55:00,1.92881,1.92927,1.92875,1.92919,493,8,0
2024-01-22 12:00:00,1.92919,1.92972,1.92897,1.9294799999999999,571,8,0
2024-01-22 12:05:00,1.9294799999999999,1.92973,1.9293900000000002,1.92947,663,8,0
2024-01-22 12:10:00,1.92947,1.92985,1.92943,1.92977,531,8,0
2024-01-22 12:15:00,1.92977,1.9306999999999999,1.92937,1.93049,688,8,0
2024-01-22 12:20:00,1.93049,1.93055,1.92969,1.92991,685,8,0
2024-01-22 12:25:00,1.92991,1.92999,1.92919,1.92938,734,8,0
2024-01-22 12:30:00,1.92938,1.9297900000000001,1.9293,1.92976,701,8,0
2024-01-22 12:35:00,1.92976,1.9299300000000001,1.92912,1.92963,610,8,0
2024-01-22 12:40:00,1.92963,1.92985,1.92913,1.9294,592,8,0
2024-01-22 12:45:00,1.9294,1.9296600000000002,1.9290699999999998,1.92923,611,8,0
2024-01-22 12:50:00,1.92923,1.92926,1.92863,1.92893,584,8,0
2024-01-22 12:55:00,1.92893,1.93003,1.92892,1.92987,643,8,0
2024-01-22 13:00:00,1.92987,1.93051,1.9297499999999999,1.93001,962,8,0
2024-01-22 13:05:00,1.93001,1.93071,1.92985,1.93034,876,8,0
2024-01-22 13:10:00,1.93034,1.93052,1.92977,1.92977,860,8,0
2024-01-22 13:15:00,1.92977,1.9304999999999999,1.92974,1.93033,804,8,0
2024-01-22 13:20:00,1.93033,1.93076,1.93008,1.93048,1084,8,0
2024-01-22 13:25:00,1.93048,1.9311500000000001,1.93037,1.9304999999999999,902,8,0
2024-01-22 13:30:00,1.93049,1.93086,1.93042,1.9306299999999998,1060,8,0
2024-01-22 13:35:00,1.9306299999999998,1.93128,1.93053,1.93079,1040,8,0
2024-01-22 13:40:00,1.93079,1.93164,1.93065,1.93161,788,8,0
2024-01-22 13:45:00,1.93161,1.93167,1.93087,1.9311,881,8,0
2024-01-22 13:50:00,1.9311,1.93195,1.9310800000000001,1.93163,901,8,0
2024-01-22 13:55:00,1.93163,1.93163,1.9308,1.93106,1030,8,0
2024-01-22 14:00:00,1.93107,1.9314900000000002,1.93099,1.9310100000000001,1047,8,0
2024-01-22 14:05:00,1.9310399999999999,1.93177,1.93093,1.9315799999999999,821,8,0
2024-01-22 14:10:00,1.93159,1.9316499999999999,1.93106,1.9316200000000001,923,8,0
2024-01-22 14:15:00,1.9316200000000001,1.93229,1.9315799999999999,1.93222,918,8,0
2024-01-22 14:20:00,1.93222,1.9323000000000001,1.93144,1.93144,773,8,0
2024-01-22 14:25:00,1.93144,1.9319,1.9313500000000001,1.93171,771,8,0
2024-01-22 14:30:00,1.9317,1.93211,1.93045,1.93059,1438,8,0
2024-01-22 14:35:00,1.93059,1.93076,1.9297499999999999,1.9299300000000001,1335,8,0
2024-01-22 14:40:00,1.9299300000000001,1.93011,1.92917,1.9297499999999999,1328,8,0
2024-01-22 14:45:00,1.9297499999999999,1.92998,1.92911,1.92927,1383,8,0
2024-01-22 14:50:00,1.9292799999999999,1.92936,1.92885,1.92911,1235,8,0
2024-01-22 14:55:00,1.9291,1.93007,1.9290699999999998,1.92981,988,8,0
2024-01-22 15:00:00,1.9298,1.93032,1.92933,1.93007,1188,8,0
2024-01-22 15:05:00,1.93006,1.93087,1.9299300000000001,1.93075,1169,8,0
2024-01-22 15:10:00,1.93075,1.9313099999999999,1.93032,1.93038,1155,8,0
2024-01-22 15:15:00,1.93038,1.93065,1.9298600000000001,1.93051,1066,8,0
2024-01-22 15:20:00,1.93051,1.9307699999999999,1.93015,1.93031,1020,8,0
2024-01-22 15:25:00,1.93031,1.93065,1.93007,1.93064,1086,8,0
2024-01-22 15:30:00,1.93064,1.93161,1.93048,1.93144,1169,8,0
2024-01-22 15:35:00,1.93144,1.93161,1.9310100000000001,1.93118,1004,8,0
2024-01-22 15:40:00,1.93118,1.9315600000000002,1.93089,1.93105,1026,8,0
2024-01-22 15:45:00,1.93105,1.93145,1.93056,1.9313500000000001,1280,8,0
2024-01-22 15:50:00,1.9313500000000001,1.93137,1.9302000000000001,1.9303,1152,8,0
2024-01-22 15:55:00,1.9303,1.93058,1.92972,1.93025,1214,8,0
2024-01-22 16:00:00,1.93025,1.93037,1.92983,1.9301,1207,8,0
2024-01-22 16:05:00,1.9300899999999999,1.93053,1.92994,1.9302899999999998,1055,8,0
2024-01-22 16:10:00,1.9302899999999998,1.93065,1.93015,1.93056,848,8,0
2024-01-22 16:15:00,1.93056,1.93107,1.93041,1.93075,763,8,0
2024-01-22 16:20:00,1.93075,1.93113,1.93056,1.93076,648,8,0
2024-01-22 16:25:00,1.93076,1.93134,1.93076,1.9309500000000002,533,8,0
2024-01-22 16:30:00,1.9309500000000002,1.9313500000000001,1.93085,1.9311500000000001,612,8,0
2024-01-22 16:35:00,1.93116,1.93134,1.93103,1.93112,569,8,0
2024-01-22 16:40:00,1.93112,1.93178,1.931,1.9315799999999999,840,8,0
2024-01-22 16:45:00,1.9315799999999999,1.9322,1.9315,1.93216,714,8,0
2024-01-22 16:50:00,1.93215,1.93229,1.93194,1.9322,642,8,0
2024-01-22 16:55:00,1.9322,1.9327,1.9321199999999998,1.93251,688,8,0
2024-01-22 17:00:00,1.93251,1.93322,1.9324,1.9330699999999998,803,8,0
2024-01-22 17:05:00,1.9330699999999998,1.9338600000000001,1.9330500000000002,1.93364,791,8,0
2024-01-22 17:10:00,1.93362,1.93383,1.93299,1.93303,541,8,0
2024-01-22 17:15:00,1.93303,1.93335,1.93288,1.93295,639,8,0
2024-01-22 17:20:00,1.93295,1.9330500000000002,1.93268,1.93286,586,8,0
2024-01-22 17:25:00,1.93286,1.9329399999999999,1.93254,1.93256,640,8,0
2024-01-22 17:30:00,1.93256,1.93276,1.93213,1.93269,546,8,0
2024-01-22 17:35:00,1.93269,1.93286,1.9324400000000002,1.93279,656,8,0
2024-01-22 17:40:00,1.93279,1.9329800000000001,1.9326699999999999,1.9327,468,8,0
2024-01-22 17:45:00,1.9327100000000002,1.9329800000000001,1.93268,1.9327800000000002,477,8,0
2024-01-22 17:50:00,1.93279,1.9328699999999999,1.93245,1.93255,532,8,0
2024-01-22 17:55:00,1.93255,1.9325700000000001,1.93194,1.93194,656,8,0
2024-01-22 18:00:00,1.93194,1.93268,1.93194,1.93261,838,8,0
2024-01-22 18:05:00,1.93261,1.93283,1.93235,1.93277,562,8,0
2024-01-22 18:10:00,1.93277,1.93279,1.93249,1.9326400000000001,589,8,0
2024-01-22 18:15:00,1.9326400000000001,1.9330500000000002,1.9325,1.93293,574,8,0
2024-01-22 18:20:00,1.93293,1.93296,1.93262,1.9328699999999999,582,8,0
2024-01-22 18:25:00,1.93286,1.9335,1.9327800000000002,1.93347,664,8,0
2024-01-22 18:30:00,1.93347,1.93361,1.9331800000000001,1.9332799999999999,868,8,0
2024-01-22 18:35:00,1.9332799999999999,1.9333900000000002,1.93302,1.93306,611,8,0
2024-01-22 18:40:00,1.93306,1.9337499999999999,1.9330500000000002,1.9336600000000002,590,8,0
2024-01-22 18:45:00,1.9336600000000002,1.9337900000000001,1.93346,1.93357,521,8,0
2024-01-22 18:50:00,1.93357,1.93374,1.93329,1.93333,543,8,0
2024-01-22 18:55:00,1.93333,1.93357,1.9330699999999998,1.93353,534,8,0
2024-01-22 19:00:00,1.93353,1.93356,1.9332500000000001,1.9335200000000001,527,8,0
2024-01-22 19:05:00,1.9335200000000001,1.93354,1.93322,1.9333,393,8,0
2024-01-22 19:10:00,1.9333,1.93346,1.93311,1.93316,645,8,0
2024-01-22 19:15:00,1.93316,1.9332099999999999,1.9327800000000002,1.93315,584,8,0
2024-01-22 19:20:00,1.93316,1.9334099999999999,1.93289,1.9331,826,8,0
2024-01-22 19:25:00,1.9331,1.9332500000000001,1.93275,1.93316,570,8,0
2024-01-22 19:30:00,1.93316,1.9334099999999999,1.93296,1.93335,610,8,0
2024-01-22 19:35:00,1.93335,1.93336,1.93265,1.9327100000000002,719,8,0
2024-01-22 19:40:00,1.9327100000000002,1.93302,1.9326699999999999,1.93292,550,8,0
2024-01-22 19:45:00,1.93292,1.93295,1.93261,1.93292,650,8,0
2024-01-22 19:50:00,1.93292,1.9330500000000002,1.93283,1.933,633,8,0
2024-01-22 19:55:00,1.933,1.93316,1.9327800000000002,1.9330500000000002,538,8,0
2024-01-22 20:00:00,1.9330500000000002,1.93353,1.93301,1.93343,489,8,0
2024-01-22 20:05:00,1.93343,1.9341,1.93342,1.9335499999999999,585,8,0
2024-01-22 20:10:00,1.9335499999999999,1.93373,1.93323,1.93367,478,8,0
2024-01-22 20:15:00,1.93367,1.93367,1.9334,1.9334,527,8,0
2024-01-22 20:20:00,1.9334,1.93349,1.9332500000000001,1.9333,424,8,0
2024-01-22 20:25:00,1.9333,1.9334,1.93297,1.933,432,8,0
2024-01-22 20:30:00,1.933,1.9333399999999998,1.93293,1.9332099999999999,398,8,0
2024-01-22 20:35:00,1.9332099999999999,1.9333200000000001,1.93306,1.9333,369,8,0
2024-01-22 20:40:00,1.9333,1.9334500000000001,1.9331800000000001,1.9333399999999998,438,8,0
2024-01-22 20:45:00,1.9333399999999998,1.9335200000000001,1.93315,1.93319,512,8,0
2024-01-22 20:50:00,1.93319,1.93361,1.9330699999999998,1.93351,529,8,0
2024-01-22 20:55:00,1.9335200000000001,1.93411,1.93336,1.9340000000000002,645,8,0
2024-01-22 21:00:00,1.93401,1.93431,1.9337,1.9342000000000001,475,8,0
2024-01-22 21:05:00,1.9342000000000001,1.93439,1.93391,1.93438,372,8,0
2024-01-22 21:10:00,1.93439,1.9344000000000001,1.9340199999999999,1.93405,277,8,0
2024-01-22 21:15:00,1.93405,1.9344299999999999,1.93398,1.9341300000000001,215,8,0
2024-01-22 21:20:00,1.9341300000000001,1.9345400000000001,1.9340600000000001,1.9344299999999999,201,8,0
2024-01-22 21:25:00,1.93441,1.93493,1.93431,1.93462,200,8,0
2024-01-22 21:30:00,1.93462,1.93462,1.9343599999999999,1.93445,199,8,0
2024-01-22 21:35:00,1.93445,1.93455,1.93439,1.93442,169,8,0
2024-01-22 21:40:00,1.93442,1.9346299999999998,1.93426,1.93426,124,8,0
2024-01-22 21:45:00,1.93426,1.93476,1.9340899999999999,1.9344299999999999,170,8,0
2024-01-22 21:50:00,1.93446,1.93475,1.9342899999999998,1.9345400000000001,172,8,0
2024-01-22 21:55:00,1.9345400000000001,1.93459,1.93419,1.93435,244,8,0
2024-01-22 22:00:00,1.93435,1.93435,1.93164,1.93373,16,17,0
2024-01-22 22:05:00,1.93371,1.93422,1.93371,1.93422,19,69,0
2024-01-22 22:10:00,1.93422,1.93452,1.93374,1.93392,53,55,0
2024-01-22 22:15:00,1.93392,1.9340199999999999,1.93347,1.9335900000000001,32,114,0
2024-01-22 22:20:00,1.9335900000000001,1.93405,1.9335900000000001,1.9337900000000001,39,115,0
2024-01-22 22:25:00,1.9337900000000001,1.93417,1.93147,1.93404,210,93,0
2024-01-22 22:30:00,1.93419,1.9344700000000001,1.9340899999999999,1.9344700000000001,7,55,0
2024-01-22 22:35:00,1.9344700000000001,1.9344700000000001,1.9344700000000001,1.9344700000000001,5,41,0
2024-01-22 22:40:00,1.9344700000000001,1.9344700000000001,1.9344700000000001,1.9344700000000001,5,50,0
2024-01-22 22:45:00,1.9344700000000001,1.9344700000000001,1.9344700000000001,1.9344700000000001,5,79,0
2024-01-22 22:50:00,1.9344700000000001,1.9344700000000001,1.9344700000000001,1.9344700000000001,5,42,0
2024-01-22 22:55:00,1.9344700000000001,1.93465,1.9344700000000001,1.93451,21,90,0
2024-01-22 23:00:00,1.9344700000000001,1.93496,1.9344700000000001,1.9344700000000001,289,8,0
2024-01-22 23:05:00,1.9344700000000001,1.93472,1.9344700000000001,1.9346299999999998,90,8,0
2024-01-22 23:10:00,1.9346299999999998,1.93466,1.93388,1.93437,258,8,0
2024-01-22 23:15:00,1.9344000000000001,1.93509,1.93437,1.93491,266,8,0
2024-01-22 23:20:00,1.93491,1.9351,1.93476,1.93502,101,8,0
2024-01-22 23:25:00,1.93502,1.93505,1.93483,1.9350100000000001,49,8,0
2024-01-22 23:30:00,1.9350100000000001,1.93503,1.93441,1.93462,88,8,0
2024-01-22 23:35:00,1.93462,1.93479,1.93434,1.9346299999999998,148,8,0
2024-01-22 23:40:00,1.9346299999999998,1.9346299999999998,1.9338199999999999,1.9339499999999998,193,8,0
2024-01-22 23:45:00,1.9339499999999998,1.93404,1.93347,1.93347,98,8,0
2024-01-22 23:50:00,1.93344,1.9335,1.93319,1.9333900000000002,86,8,0
2024-01-22 23:55:00,1.9333900000000002,1.93381,1.9333399999999998,1.93381,100,8,0
2024-01-23 00:00:00,1.93381,1.9341599999999999,1.93361,1.93412,404,8,0
2024-01-23 00:05:00,1.93412,1.9342899999999998,1.93347,1.93354,273,8,0
2024-01-23 00:10:00,1.93354,1.93365,1.93326,1.93356,358,8,0
2024-01-23 00:15:00,1.93356,1.93418,1.93349,1.93407,206,8,0
2024-01-23 00:20:00,1.93407,1.9340899999999999,1.9338199999999999,1.93384,209,8,0
2024-01-23 00:25:00,1.93384,1.93407,1.93333,1.93357,364,8,0
2024-01-23 00:30:00,1.93356,1.93377,1.9334099999999999,1.93344,357,8,0
2024-01-23 00:35:00,1.93342,1.93356,1.93326,1.9334799999999999,196,8,0
2024-01-23 00:40:00,1.9334799999999999,1.93364,1.93304,1.9331399999999999,299,8,0
2024-01-23 00:45:00,1.9331399999999999,1.93324,1.9328400000000001,1.93293,229,8,0
2024-01-23 00:50:00,1.93293,1.93293,1.93146,1.93147,683,8,0
2024-01-23 00:55:00,1.9315099999999998,1.9319600000000001,1.9314,1.9316,507,8,0
2024-01-23 01:00:00,1.93161,1.93173,1.93093,1.9313799999999999,721,8,0
2024-01-23 01:05:00,1.93137,1.93173,1.93125,1.9315099999999998,470,8,0
2024-01-23 01:10:00,1.9315099999999998,1.93239,1.93144,1.9322599999999999,498,8,0
2024-01-23 01:15:00,1.9322599999999999,1.93272,1.9322,1.93248,662,8,0
2024-01-23 01:20:00,1.93248,1.9325700000000001,1.9319199999999999,1.9319899999999999,393,8,0
2024-01-23 01:25:00,1.9319899999999999,1.9320599999999999,1.93155,1.93194,483,8,0
2024-01-23 01:30:00,1.93194,1.93269,1.93178,1.9320300000000001,1014,8,0
2024-01-23 01:35:00,1.9320300000000001,1.9321199999999998,1.9310800000000001,1.9319600000000001,920,8,0
2024-01-23 01:40:00,1.9319600000000001,1.9324,1.9319,1.93234,920,8,0
2024-01-23 01:45:00,1.93229,1.93293,1.93215,1.93238,635,8,0
2024-01-23 01:50:00,1.9324,1.93262,1.93207,1.93218,678,8,0
2024-01-23 01:55:00,1.93218,1.93272,1.92923,1.93024,1483,8,0
2024-01-23 02:00:00,1.93024,1.93198,1.9295499999999999,1.9296,1597,8,0
2024-01-23 02:05:00,1.9296,1.9297499999999999,1.92821,1.9289100000000001,1700,8,0
2024-01-23 02:10:00,1.9289100000000001,1.92931,1.92814,1.92877,1293,8,0
2024-01-23 02:15:00,1.92877,1.92967,1.92875,1.92909,927,8,0
2024-01-23 02:20:00,1.92909,1.9291800000000001,1.9282599999999999,1.929,1031,8,0
2024-01-23 02:25:00,1.929,1.9295200000000001,1.92851,1.92924,606,8,0
2024-01-23 02:30:00,1.92924,1.9292500000000001,1.92814,1.9285299999999999,766,8,0
2024-01-23 02:35:00,1.9285299999999999,1.92936,1.92802,1.92814,607,8,0
2024-01-23 02:40:00,1.92814,1.92978,1.92814,1.92969,477,8,0
2024-01-23 02:45:00,1.9297,1.9305400000000001,1.9296,1.93045,314,8,0
2024-01-23 02:50:00,1.93046,1.9314,1.93021,1.93033,701,8,0
2024-01-23 02:55:00,1.93032,1.9316499999999999,1.93028,1.93093,770,8,0
2024-01-23 03:00:00,1.93093,1.93121,1.93046,1.93107,642,8,0
2024-01-23 03:05:00,1.93107,1.93173,1.9304999999999999,1.93117,736,8,0
2024-01-23 03:10:00,1.93117,1.93209,1.93116,1.93184,1222,8,0
2024-01-23 03:15:00,1.93184,1.9319600000000001,1.9308800000000002,1.9311500000000001,1060,8,0
2024-01-23 03:20:00,1.9311500000000001,1.93125,1.93069,1.93092,712,8,0
2024-01-23 03:25:00,1.93092,1.93118,1.93045,1.9305400000000001,732,8,0
2024-01-23 03:30:00,1.9305400000000001,1.93129,1.9305400000000001,1.931,433,8,0
2024-01-23 03:35:00,1.931,1.9310100000000001,1.93018,1.93046,782,8,0
2024-01-23 03:40:00,1.93046,1.9305400000000001,1.92953,1.9298600000000001,795,8,0
2024-01-23 03:45:00,1.92985,1.93001,1.92951,1.92954,569,8,0
2024-01-23 03:50:00,1.92954,1.9298,1.92936,1.92957,525,8,0
2024-01-23 03:55:00,1.92958,1.92965,1.9285700000000001,1.92929,747,8,0
2024-01-23 04:00:00,1.9293,1.92956,1.9291399999999999,1.92927,507,8,0
2024-01-23 04:05:00,1.92927,1.92969,1.9292099999999999,1.92962,411,8,0
2024-01-23 04:10:00,1.92962,1.92976,1.92943,1.9295,351,8,0
2024-01-23 04:15:00,1.9295,1.9299300000000001,1.92946,1.92963,354,8,0
2024-01-23 04:20:00,1.92963,1.92972,1.92908,1.9295499999999999,364,8,0
2024-01-23 04:25:00,1.9295499999999999,1.9299300000000001,1.9295200000000001,1.9298600000000001,427,8,0
2024-01-23 04:30:00,1.9298600000000001,1.93003,1.9297499999999999,1.9299,310,8,0
2024-01-23 04:35:00,1.9299,1.93003,1.92938,1.92964,220,8,0
2024-01-23 04:40:00,1.92964,1.9296600000000002,1.9293900000000002,1.9295200000000001,246,8,0
2024-01-23 04:45:00,1.9295200000000001,1.9297,1.92903,1.92924,282,8,0
2024-01-23 04:50:00,1.92924,1.9292500000000001,1.92862,1.9286400000000001,329,8,0
2024-01-23 04:55:00,1.9286400000000001,1.9288699999999999,1.92829,1.92834,489,8,0
2024-01-23 05:00:00,1.92834,1.92836,1.9278300000000002,1.9281199999999998,717,8,0
2024-01-23 05:05:00,1.92813,1.92828,1.92774,1.9280599999999999,533,8,0
2024-01-23 05:10:00,1.9280599999999999,1.92845,1.9279600000000001,1.9280599999999999,453,8,0
2024-01-23 05:15:00,1.9280599999999999,1.92839,1.92777,1.9280300000000001,449,8,0
2024-01-23 05:20:00,1.9280300000000001,1.92825,1.92734,1.9274,442,8,0
2024-01-23 05:25:00,1.92739,1.92793,1.9272,1.92789,384,8,0
2024-01-23 05:30:00,1.92789,1.9285999999999999,1.92788,1.9285,421,8,0
2024-01-23 05:35:00,1.9285,1.9286400000000001,1.9274499999999999,1.92755,525,8,0
2024-01-23 05:40:00,1.92755,1.92795,1.9273799999999999,1.92788,467,8,0
2024-01-23 05:45:00,1.92788,1.9282599999999999,1.9278300000000002,1.9280599999999999,536,8,0
2024-01-23 05:50:00,1.9280599999999999,1.92849,1.92797,1.92816,485,8,0
2024-01-23 05:55:00,1.92816,1.92816,1.92743,1.92767,649,8,0
2024-01-23 06:00:00,1.92766,1.92849,1.92763,1.92831,647,8,0
2024-01-23 06:05:00,1.92832,1.92951,1.92828,1.92937,592,8,0
2024-01-23 06:10:00,1.92937,1.92977,1.92889,1.92912,574,8,0
2024-01-23 06:15:00,1.92912,1.92943,1.92902,1.92936,346,8,0
2024-01-23 06:20:00,1.92936,1.92944,1.92893,1.92917,386,8,0
2024-01-23 06:25:00,1.92917,1.9295200000000001,1.92903,1.92937,448,8,0
2024-01-23 06:30:00,1.92937,1.9301,1.92937,1.92953,632,8,0
2024-01-23 06:35:00,1.92953,1.93003,1.92944,1.92946,677,8,0
2024-01-23 06:40:00,1.92947,1.9298,1.92866,1.929,954,8,0
2024-01-23 06:45:00,1.929,1.9290500000000002,1.92779,1.92788,815,8,0
2024-01-23 06:50:00,1.92788,1.92862,1.92761,1.928,781,8,0
2024-01-23 06:55:00,1.928,1.92822,1.92754,1.9280599999999999,913,8,0
2024-01-23 07:00:00,1.9280599999999999,1.92831,1.92743,1.92794,903,8,0
2024-01-23 07:05:00,1.92794,1.9292799999999999,1.9278,1.9292799999999999,898,8,0
2024-01-23 07:10:00,1.9292799999999999,1.9295900000000001,1.92889,1.9291399999999999,807,8,0
2024-01-23 07:15:00,1.9291399999999999,1.9295900000000001,1.92865,1.92937,812,8,0
2024-01-23 07:20:00,1.92937,1.9295900000000001,1.92856,1.92856,770,8,0
2024-01-23 07:25:00,1.92856,1.92936,1.92839,1.92919,674,8,0
2024-01-23 07:30:00,1.92919,1.9295900000000001,1.9285999999999999,1.9292,949,8,0
2024-01-23 07:35:00,1.9292,1.93007,1.9292,1.92997,918,8,0
2024-01-23 07:40:00,1.92997,1.93042,1.92984,1.93021,833,8,0
2024-01-23 07:45:00,1.93021,1.9308100000000001,1.93008,1.9307699999999999,609,8,0
2024-01-23 07:50:00,1.93076,1.93093,1.93038,1.93048,692,8,0
2024-01-23 07:55:00,1.93048,1.93109,1.93007,1.9309500000000002,802,8,0
2024-01-23 08:00:00,1.9309500000000002,1.93198,1.9306999999999999,1.9315,1156,8,0
2024-01-23 08:05:00,1.9315,1.9320599999999999,1.93107,1.93194,905,8,0
2024-01-23 08:10:00,1.93195,1.9319899999999999,1.93092,1.931,943,8,0
2024-01-23 08:15:00,1.931,1.93123,1.93062,1.9311099999999999,877,8,0
2024-01-23 08:20:00,1.9311099999999999,1.93114,1.93053,1.93094,891,8,0
2024-01-23 08:25:00,1.93094,1.9313500000000001,1.9308800000000002,1.93107,731,8,0
2024-01-23 08:30:00,1.93107,1.9312399999999998,1.93046,1.93046,751,8,0
2024-01-23 08:35:00,1.93046,1.93125,1.93041,1.93107,683,8,0
2024-01-23 08:40:00,1.93107,1.93178,1.93106,1.93136,1067,8,0
2024-01-23 08:45:00,1.9313500000000001,1.9313799999999999,1.9308800000000002,1.9308999999999998,623,8,0
2024-01-23 08:50:00,1.93089,1.93103,1.93046,1.93078,578,8,0
2024-01-23 08:55:00,1.93078,1.9314900000000002,1.93062,1.9313799999999999,478,8,0
2024-01-23 09:00:00,1.9313799999999999,1.93221,1.9313,1.93171,803,8,0
2024-01-23 09:05:00,1.9317,1.93227,1.9315600000000002,1.93188,900,8,0
2024-01-23 09:10:00,1.93188,1.93205,1.93144,1.9314900000000002,932,8,0
2024-01-23 09:15:00,1.9314900000000002,1.9318,1.9314900000000002,1.93171,781,8,0
2024-01-23 09:20:00,1.93171,1.93222,1.93145,1.93201,670,8,0
2024-01-23 09:25:00,1.93201,1.93252,1.9318,1.93204,644,8,0
2024-01-23 09:30:00,1.93204,1.93208,1.9315799999999999,1.9316,573,8,0
2024-01-23 09:35:00,1.9316200000000001,1.93166,1.93094,1.9312200000000002,595,8,0
2024-01-23 09:40:00,1.9312200000000002,1.9312200000000002,1.93051,1.93086,535,8,0
2024-01-23 09:45:00,1.93086,1.9310399999999999,1.93066,1.9308999999999998,703,8,0
2024-01-23 09:50:00,1.9308999999999998,1.9317,1.93086,1.93154,617,8,0
2024-01-23 09:55:00,1.93154,1.93214,1.93137,1.93207,642,8,0
2024-01-23 10:00:00,1.93207,1.93289,1.93207,1.9327299999999998,681,8,0
2024-01-23 10:05:00,1.9327299999999998,1.93275,1.93216,1.9321700000000002,507,8,0
2024-01-23 10:10:00,1.9321700000000002,1.93259,1.93178,1.9319199999999999,617,8,0
2024-01-23 10:15:00,1.9319199999999999,1.93225,1.93174,1.93198,630,8,0
2024-01-23 10:20:00,1.93198,1.93218,1.93181,1.9319899999999999,591,8,0
2024-01-23 10:25:00,1.9319899999999999,1.93207,1.93175,1.9318300000000002,691,8,0
2024-01-23 10:30:00,1.9318300000000002,1.93213,1.93141,1.93145,615,8,0
2024-01-23 10:35:00,1.93141,1.93187,1.9313099999999999,1.93152,509,8,0
2024-01-23 10:40:00,1.93152,1.9315799999999999,1.93118,1.93132,536,8,0
2024-01-23 10:45:00,1.93132,1.93154,1.93109,1.9312399999999998,711,8,0
2024-01-23 10:50:00,1.9312399999999998,1.93159,1.93109,1.93119,684,8,0
2024-01-23 10:55:00,1.93119,1.93133,1.93041,1.93042,831,8,0
2024-01-23 11:00:00,1.93044,1.93089,1.93041,1.93069,731,8,0
2024-01-23 11:05:00,1.93069,1.93069,1.92992,1.9302899999999998,645,8,0
2024-01-23 11:10:00,1.9302899999999998,1.93041,1.92999,1.93026,488,8,0
2024-01-23 11:15:00,1.9302700000000002,1.93056,1.9295900000000001,1.93049,570,8,0
2024-01-23 11:20:00,1.93049,1.93117,1.93023,1.9311500000000001,631,8,0
2024-01-23 11:25:00,1.9311500000000001,1.9316900000000001,1.9311099999999999,1.93157,959,8,0
2024-01-23 11:30:00,1.93157,1.93174,1.93103,1.9312200000000002,676,8,0
2024-01-23 11:35:00,1.9312200000000002,1.93127,1.9305400000000001,1.93056,644,8,0
2024-01-23 11:40:00,1.93056,1.93096,1.93033,1.93092,641,8,0
2024-01-23 11:45:00,1.93092,1.9312399999999998,1.93078,1.93114,613,8,0
2024-01-23 11:50:00,1.93114,1.93139,1.93105,1.93133,673,8,0
2024-01-23 11:55:00,1.93128,1.93167,1.93118,1.93166,635,8,0
2024-01-23 12:00:00,1.93166,1.93171,1.93091,1.9310399999999999,640,8,0
2024-01-23 12:05:00,1.9310399999999999,1.93118,1.9308100000000001,1.9311500000000001,564,8,0
2024-01-23 12:10:00,1.93116,1.93126,1.93079,1.93087,595,8,0
2024-01-23 12:15:00,1.93086,1.93089,1.93042,1.9304700000000001,661,8,0
2024-01-23 12:20:00,1.9304700000000001,1.93049,1.93019,1.93028,575,8,0
2024-01-23 12:25:00,1.93028,1.93056,1.9298899999999999,1.93046,665,8,0
2024-01-23 12:30:00,1.93046,1.93064,1.9301300000000001,1.9302000000000001,660,8,0
2024-01-23 12:35:00,1.93019,1.93021,1.92929,1.92931,562,8,0
2024-01-23 12:40:00,1.92931,1.92935,1.92893,1.9293,632,8,0
2024-01-23 12:45:00,1.9293,1.92946,1.92892,1.92922,671,8,0
2024-01-23 12:50:00,1.92922,1.9298199999999999,1.9289800000000001,1.9294799999999999,730,8,0
2024-01-23 12:55:00,1.9294799999999999,1.9295,1.92866,1.92924,751,8,0
2024-01-23 13:00:00,1.92924,1.92924,1.92818,1.92879,930,8,0
2024-01-23 13:05:00,1.92879,1.92912,1.9281899999999998,1.92912,640,8,0
2024-01-23 13:10:00,1.92912,1.9298,1.92909,1.92924,664,8,0
2024-01-23 13:15:00,1.92924,1.92926,1.92719,1.92736,849,8,0
2024-01-23 13:20:00,1.92736,1.92802,1.9272,1.9279,757,8,0
2024-01-23 13:25:00,1.92791,1.92802,1.92733,1.92736,810,8,0
2024-01-23 13:30:00,1.92736,1.92793,1.9268999999999998,1.9268999999999998,855,8,0
2024-01-23 13:35:00,1.9268999999999998,1.92707,1.92652,1.9266999999999999,805,8,0
2024-01-23 13:40:00,1.92673,1.92746,1.9266,1.92721,657,8,0
2024-01-23 13:45:00,1.9272,1.92732,1.92658,1.9271500000000001,908,8,0
2024-01-23 13:50:00,1.92714,1.9277,1.92709,1.92734,886,8,0
2024-01-23 13:55:00,1.92732,1.92775,1.92714,1.92761,1022,8,0
2024-01-23 14:00:00,1.92761,1.92791,1.92707,1.92733,928,8,0
2024-01-23 14:05:00,1.92733,1.92818,1.9271500000000001,1.9271500000000001,959,8,0
2024-01-23 14:10:00,1.92716,1.9279600000000001,1.92702,1.92774,953,8,0
2024-01-23 14:15:00,1.92774,1.9281000000000001,1.92767,1.92786,736,8,0
2024-01-23 14:20:00,1.92786,1.9281000000000001,1.92707,1.92725,770,8,0
2024-01-23 14:25:00,1.92725,1.9275799999999998,1.92721,1.92728,748,8,0
2024-01-23 14:30:00,1.92728,1.9274,1.9262700000000001,1.92734,1419,8,0
2024-01-23 14:35:00,1.9273799999999999,1.92754,1.9270100000000001,1.92725,1399,8,0
2024-01-23 14:40:00,1.92726,1.92834,1.92721,1.92804,1498,8,0
2024-01-23 14:45:00,1.92805,1.92866,1.9279199999999999,1.92801,1315,8,0
2024-01-23 14:50:00,1.92801,1.9285299999999999,1.92789,1.92827,1172,8,0
2024-01-23 14:55:00,1.92827,1.92861,1.92804,1.92834,1042,8,0
2024-01-23 15:00:00,1.92836,1.92839,1.92716,1.9272399999999998,1041,8,0
2024-01-23 15:05:00,1.9272399999999998,1.92739,1.9267400000000001,1.9270100000000001,1166,8,0
2024-01-23 15:10:00,1.9270100000000001,1.92763,1.9269699999999998,1.9272200000000002,1290,8,0
2024-01-23 15:15:00,1.9272,1.92726,1.92614,1.9265400000000001,1142,8,0
2024-01-23 15:20:00,1.92653,1.92713,1.92641,1.92699,1177,8,0
2024-01-23 15:25:00,1.92698,1.92721,1.92652,1.92716,1143,8,0
2024-01-23 15:30:00,1.92716,1.92784,1.9270800000000001,1.92771,1300,8,0
2024-01-23 15:35:00,1.92771,1.92807,1.9270100000000001,1.92755,1179,8,0
2024-01-23 15:40:00,1.92755,1.92882,1.92739,1.9285299999999999,1355,8,0
2024-01-23 15:45:00,1.9285299999999999,1.92922,1.9284,1.92897,1070,8,0
2024-01-23 15:50:00,1.92897,1.92988,1.92882,1.92988,1142,8,0
2024-01-23 15:55:00,1.92988,1.9299300000000001,1.9289,1.9294,1338,8,0
2024-01-23 16:00:00,1.92937,1.92969,1.92862,1.92949,1487,8,0
2024-01-23 16:05:00,1.92949,1.92962,1.92824,1.9283700000000001,890,8,0
2024-01-23 16:10:00,1.9283700000000001,1.9283700000000001,1.92787,1.92787,1064,8,0
2024-01-23 16:15:00,1.92787,1.9287800000000002,1.9276499999999999,1.92877,972,8,0
2024-01-23 16:20:00,1.92875,1.9291,1.92834,1.92842,796,8,0
2024-01-23 16:25:00,1.92842,1.9287100000000001,1.92814,1.92839,1028,8,0
2024-01-23 16:30:00,1.92838,1.92872,1.92797,1.9285999999999999,918,8,0
2024-01-23 16:35:00,1.9285999999999999,1.92896,1.92823,1.9283700000000001,752,8,0
2024-01-23 16:40:00,1.9283700000000001,1.92863,1.92767,1.92775,880,8,0
2024-01-23 16:45:00,1.9277600000000001,1.9278,1.9272,1.92753,924,8,0
2024-01-23 16:50:00,1.92753,1.9279899999999999,1.92746,1.9277600000000001,758,8,0
2024-01-23 16:55:00,1.92775,1.92811,1.92775,1.9279199999999999,844,8,0
2024-01-23 17:00:00,1.92791,1.9279199999999999,1.92707,1.9274499999999999,959,8,0
2024-01-23 17:05:00,1.9274499999999999,1.928,1.9273799999999999,1.92767,665,8,0
2024-01-23 17:10:00,1.92768,1.92842,1.92763,1.92834,733,8,0
2024-01-23 17:15:00,1.92834,1.92855,1.92798,1.92809,655,8,0
2024-01-23 17:20:00,1.9281000000000001,1.92896,1.92788,1.92889,622,8,0
2024-01-23 17:25:00,1.92889,1.9297499999999999,1.9283000000000001,1.92973,765,8,0
2024-01-23 17:30:00,1.92973,1.92997,1.92944,1.92994,531,8,0
2024-01-23 17:35:00,1.92994,1.93017,1.92965,1.92965,598,8,0
2024-01-23 17:40:00,1.92965,1.93045,1.92957,1.93035,534,8,0
2024-01-23 17:45:00,1.93035,1.9308100000000001,1.93034,1.93072,613,8,0
2024-01-23 17:50:00,1.93072,1.93086,1.92987,1.9299300000000001,543,8,0
2024-01-23 17:55:00,1.92992,1.93005,1.92957,1.92977,728,8,0
2024-01-23 18:00:00,1.92977,1.93007,1.9296600000000002,1.92997,768,8,0
2024-01-23 18:05:00,1.92997,1.9302899999999998,1.92994,1.93028,551,8,0
2024-01-23 18:10:00,1.93028,1.93042,1.9300199999999998,1.9302899999999998,472,8,0
2024-01-23 18:15:00,1.9302899999999998,1.93034,1.93014,1.93019,323,8,0
2024-01-23 18:20:00,1.93019,1.93028,1.9297900000000001,1.92999,522,8,0
2024-01-23 18:25:00,1.92999,1.93011,1.9296,1.9301,472,8,0
2024-01-23 18:30:00,1.9301,1.93015,1.92973,1.92978,504,8,0
2024-01-23 18:35:00,1.92978,1.9298600000000001,1.9294099999999998,1.9295,500,8,0
2024-01-23 18:40:00,1.92949,1.92963,1.92911,1.92929,395,8,0
2024-01-23 18:45:00,1.92931,1.92942,1.92911,1.92926,452,8,0
2024-01-23 18:50:00,1.92926,1.9294,1.9291399999999999,1.92938,430,8,0
2024-01-23 18:55:00,1.92937,1.92964,1.92924,1.9293200000000001,394,8,0
2024-01-23 19:00:00,1.9293200000000001,1.92954,1.9292099999999999,1.9294799999999999,426,8,0
2024-01-23 19:05:00,1.9294799999999999,1.93011,1.92944,1.92991,353,8,0
2024-01-23 19:10:00,1.92992,1.92996,1.92947,1.92977,469,8,0
2024-01-23 19:15:00,1.92977,1.93006,1.92961,1.92972,459,8,0
2024-01-23 19:20:00,1.92972,1.93004,1.92972,1.93004,367,8,0
2024-01-23 19:25:00,1.93004,1.93007,1.92962,1.9299,307,8,0
2024-01-23 19:30:00,1.9299,1.93001,1.9296600000000002,1.9298899999999999,476,8,0
2024-01-23 19:35:00,1.9298899999999999,1.92994,1.9294799999999999,1.92978,349,8,0
2024-01-23 19:40:00,1.92978,1.92994,1.92916,1.92916,472,8,0
2024-01-23 19:45:00,1.92916,1.9294799999999999,1.92872,1.9294799999999999,449,8,0
2024-01-23 19:50:00,1.9294799999999999,1.9298199999999999,1.92946,1.9296,409,8,0
2024-01-23 19:55:00,1.9296,1.9297499999999999,1.92934,1.92965,502,8,0
2024-01-23 20:00:00,1.92965,1.93006,1.92943,1.92964,422,8,0
2024-01-23 20:05:00,1.92964,1.92977,1.9295,1.92961,346,8,0
2024-01-23 20:10:00,1.92961,1.92961,1.9293,1.9293900000000002,549,8,0
2024-01-23 20:15:00,1.9293900000000002,1.9295200000000001,1.92913,1.92931,335,8,0
2024-01-23 20:20:00,1.92931,1.92934,1.92911,1.9292099999999999,300,8,0
2024-01-23 20:25:00,1.9292099999999999,1.9294,1.92903,1.9293200000000001,289,8,0
2024-01-23 20:30:00,1.9293200000000001,1.92962,1.92917,1.92957,471,8,0
2024-01-23 20:35:00,1.92957,1.92971,1.92945,1.92964,284,8,0
2024-01-23 20:40:00,1.92964,1.9298,1.9290699999999998,1.92908,405,8,0
2024-01-23 20:45:00,1.9290699999999998,1.92958,1.92902,1.9294799999999999,393,8,0
2024-01-23 20:50:00,1.9294799999999999,1.92951,1.92896,1.92902,436,8,0
2024-01-23 20:55:00,1.92902,1.9293200000000001,1.92861,1.92875,639,8,0
2024-01-23 21:00:00,1.92877,1.92901,1.92859,1.92895,426,8,0
2024-01-23 21:05:00,1.92893,1.9290699999999998,1.92882,1.92896,246,8,0
2024-01-23 21:10:00,1.92896,1.9293,1.92889,1.9293,240,8,0
2024-01-23 21:15:00,1.9293,1.92933,1.92895,1.92901,224,8,0
2024-01-23 21:20:00,1.92901,1.92936,1.92901,1.9293,163,8,0
2024-01-23 21:25:00,1.9293,1.92936,1.92913,1.9293,178,8,0
2024-01-23 21:30:00,1.9293,1.92934,1.92901,1.9290699999999998,82,8,0
2024-01-23 21:35:00,1.9290699999999998,1.92909,1.92861,1.92863,185,8,0
2024-01-23 21:40:00,1.92863,1.92882,1.92849,1.92866,233,8,0
2024-01-23 21:45:00,1.92865,1.92872,1.92794,1.9281000000000001,474,8,0
2024-01-23 21:50:00,1.9280599999999999,1.9285,1.92791,1.9282,384,8,0
2024-01-23 21:55:00,1.9282,1.9285,1.92754,1.92818,324,8,0
2024-01-23 22:00:00,1.92811,1.92811,1.92484,1.92577,14,29,0
2024-01-23 22:05:00,1.9255200000000001,1.92728,1.9254799999999999,1.92657,193,126,0
2024-01-23 22:10:00,1.92658,1.92778,1.9264700000000001,1.92771,156,71,0
2024-01-23 22:15:00,1.92782,1.92782,1.9273500000000001,1.92768,219,103,0
2024-01-23 22:20:00,1.92768,1.9282,1.92721,1.9282,43,38,0
2024-01-23 22:25:00,1.9282,1.92829,1.92682,1.92822,49,36,0
2024-01-23 22:30:00,1.92822,1.92824,1.92733,1.9274499999999999,33,39,0
2024-01-23 22:35:00,1.9274499999999999,1.9275099999999998,1.92737,1.92739,11,106,0
2024-01-23 22:40:00,1.92746,1.92764,1.92739,1.92759,49,97,0
2024-01-23 22:45:00,1.92759,1.92834,1.92665,1.9271500000000001,564,30,0
2024-01-23 22:50:00,1.9271500000000001,1.9277600000000001,1.92669,1.92694,1721,53,0
2024-01-23 22:55:00,1.9272399999999998,1.92737,1.9264700000000001,1.9268999999999998,2554,48,0
2024-01-23 23:00:00,1.92667,1.9281199999999998,1.92667,1.9277,273,8,0
2024-01-23 23:05:00,1.9278,1.92829,1.92767,1.92824,139,8,0
2024-01-23 23:10:00,1.92824,1.92824,1.92782,1.9279899999999999,104,8,0
2024-01-23 23:15:00,1.9279899999999999,1.92823,1.9279899999999999,1.92804,103,8,0
2024-01-23 23:20:00,1.92804,1.92816,1.92771,1.92788,122,8,0
2024-01-23 23:25:00,1.92788,1.9279,1.9272,1.92736,196,8,0
2024-01-23 23:30:00,1.9273799999999999,1.92777,1.9272200000000002,1.9275099999999998,122,8,0
2024-01-23 23:35:00,1.9275099999999998,1.92797,1.9275099999999998,1.9279,67,8,0
2024-01-23 23:40:00,1.9279,1.9281199999999998,1.9278,1.9280300000000001,120,8,0
2024-01-23 23:45:00,1.9280300000000001,1.92827,1.92771,1.92778,132,8,0
2024-01-23 23:50:00,1.92778,1.92824,1.92778,1.92824,94,8,0
2024-01-23 23:55:00,1.92824,1.92828,1.9267400000000001,1.9268999999999998,222,8,0
2024-01-24 00:00:00,1.92691,1.92801,1.92691,1.92791,329,8,0
2024-01-24 00:05:00,1.92791,1.92804,1.92759,1.92804,242,8,0
2024-01-24 00:10:00,1.92804,1.92851,1.92775,1.9282,267,8,0
2024-01-24 00:15:00,1.9282,1.9285700000000001,1.92789,1.9283000000000001,302,8,0
2024-01-24 00:20:00,1.9283000000000001,1.92849,1.92793,1.92845,166,8,0
2024-01-24 00:25:00,1.9284400000000002,1.92872,1.92836,1.9283700000000001,283,8,0
2024-01-24 00:30:00,1.9283700000000001,1.92848,1.92767,1.92797,309,8,0
2024-01-24 00:35:00,1.92797,1.92832,1.92794,1.92832,279,8,0
2024-01-24 00:40:00,1.92836,1.92913,1.92834,1.92868,247,8,0
2024-01-24 00:45:00,1.92868,1.9289800000000001,1.9285999999999999,1.92884,254,8,0
2024-01-24 00:50:00,1.92884,1.9294799999999999,1.92881,1.9292,418,8,0
2024-01-24 00:55:00,1.9292,1.92929,1.92851,1.92868,382,8,0
2024-01-24 01:00:00,1.92868,1.92984,1.92863,1.92967,641,8,0
2024-01-24 01:05:00,1.92965,1.9301599999999999,1.92949,1.9301,460,8,0
2024-01-24 01:10:00,1.9301,1.93012,1.9293900000000002,1.92965,496,8,0
2024-01-24 01:15:00,1.92965,1.92971,1.92881,1.92958,674,8,0
2024-01-24 01:20:00,1.92958,1.93032,1.92945,1.9301599999999999,598,8,0
2024-01-24 01:25:00,1.9301599999999999,1.9302899999999998,1.92956,1.93007,587,8,0
2024-01-24 01:30:00,1.93007,1.9300899999999999,1.92926,1.92957,1094,8,0
2024-01-24 01:35:00,1.92957,1.9301300000000001,1.92943,1.92999,854,8,0
2024-01-24 01:40:00,1.92999,1.93011,1.92949,1.92992,891,8,0
2024-01-24 01:45:00,1.92992,1.9304700000000001,1.92957,1.92964,846,8,0
2024-01-24 01:50:00,1.92963,1.93005,1.92926,1.93005,843,8,0
2024-01-24 01:55:00,1.93005,1.93045,1.92981,1.9300899999999999,641,8,0
2024-01-24 02:00:00,1.9300899999999999,1.9304000000000001,1.93001,1.9303,695,8,0
2024-01-24 02:05:00,1.9303,1.93059,1.93004,1.9304700000000001,522,8,0
2024-01-24 02:10:00,1.9304700000000001,1.93205,1.93045,1.9318499999999998,817,8,0
2024-01-24 02:15:00,1.93184,1.93186,1.9312399999999998,1.9315,596,8,0
2024-01-24 02:20:00,1.9315,1.93189,1.93136,1.93167,472,8,0
2024-01-24 02:25:00,1.93167,1.93186,1.93129,1.93164,562,8,0
2024-01-24 02:30:00,1.93164,1.93181,1.9310800000000001,1.93116,495,8,0
2024-01-24 02:35:00,1.93116,1.93161,1.93086,1.93155,371,8,0
2024-01-24 02:40:00,1.93155,1.9317,1.9312200000000002,1.9316,380,8,0
2024-01-24 02:45:00,1.9316,1.93181,1.9313099999999999,1.93147,262,8,0
2024-01-24 02:50:00,1.93147,1.93181,1.93136,1.9315600000000002,342,8,0
2024-01-24 02:55:00,1.9315600000000002,1.93207,1.9315600000000002,1.93204,350,8,0
2024-01-24 03:00:00,1.93204,1.9327,1.93202,1.9326400000000001,553,8,0
2024-01-24 03:05:00,1.93265,1.9327299999999998,1.93236,1.93241,460,8,0
2024-01-24 03:10:00,1.93241,1.9327299999999998,1.9322,1.93238,461,8,0
2024-01-24 03:15:00,1.93238,1.93247,1.9319199999999999,1.932,461,8,0
2024-01-24 03:20:00,1.9319899999999999,1.93242,1.93181,1.9319,388,8,0
2024-01-24 03:25:00,1.9319,1.93231,1.93189,1.9321000000000002,354,8,0
2024-01-24 03:30:00,1.9321000000000002,1.9322,1.9318300000000002,1.93215,319,8,0
2024-01-24 03:35:00,1.93216,1.9325299999999999,1.93209,1.9324,316,8,0
2024-01-24 03:40:00,1.9324,1.93283,1.9323000000000001,1.9327100000000002,446,8,0
2024-01-24 03:45:00,1.9327100000000002,1.93282,1.93242,1.93259,588,8,0
2024-01-24 03:50:00,1.93259,1.93292,1.93232,1.93288,509,8,0
2024-01-24 03:55:00,1.93288,1.93302,1.93251,1.93263,424,8,0
2024-01-24 04:00:00,1.93263,1.93289,1.9325299999999999,1.9327,369,8,0
2024-01-24 04:05:00,1.9327,1.9327800000000002,1.9324400000000002,1.9327800000000002,317,8,0
2024-01-24 04:10:00,1.9327999999999999,1.93308,1.9327100000000002,1.93301,329,8,0
2024-01-24 04:15:00,1.93301,1.93309,1.9327100000000002,1.93274,178,8,0
2024-01-24 04:20:00,1.93274,1.9328699999999999,1.93249,1.93269,253,8,0
2024-01-24 04:25:00,1.93269,1.9329800000000001,1.93269,1.9328400000000001,229,8,0
2024-01-24 04:30:00,1.9328400000000001,1.93316,1.93274,1.933,213,8,0
2024-01-24 04:35:00,1.93299,1.9330500000000002,1.9326699999999999,1.9328699999999999,261,8,0
2024-01-24 04:40:00,1.9328699999999999,1.93299,1.93259,1.9327800000000002,259,8,0
2024-01-24 04:45:00,1.9327800000000002,1.93289,1.93249,1.93274,281,8,0
2024-01-24 04:50:00,1.93274,1.93279,1.93225,1.93231,362,8,0
2024-01-24 04:55:00,1.93232,1.93234,1.932,1.93213,286,8,0
2024-01-24 05:00:00,1.93213,1.93293,1.93201,1.9327800000000002,480,8,0
2024-01-24 05:05:00,1.9327800000000002,1.93304,1.93259,1.9327299999999998,383,8,0
2024-01-24 05:10:00,1.9327299999999998,1.93296,1.93262,1.93283,314,8,0
2024-01-24 05:15:00,1.93283,1.93372,1.93282,1.93357,347,8,0
2024-01-24 05:20:00,1.93357,1.9336600000000002,1.93344,1.93356,250,8,0
2024-01-24 05:25:00,1.93356,1.93362,1.93333,1.9333900000000002,332,8,0
2024-01-24 05:30:00,1.93338,1.9334099999999999,1.93286,1.9328699999999999,414,8,0
2024-01-24 05:35:00,1.9328699999999999,1.93313,1.93262,1.9328699999999999,390,8,0
2024-01-24 05:40:00,1.9328699999999999,1.9328699999999999,1.93211,1.93216,402,8,0
2024-01-24 05:45:00,1.93216,1.93232,1.93187,1.93211,283,8,0
2024-01-24 05:50:00,1.93211,1.93221,1.9316900000000001,1.93198,440,8,0
2024-01-24 05:55:00,1.93198,1.9321899999999999,1.9316499999999999,1.9321199999999998,437,8,0
2024-01-24 06:00:00,1.9321199999999998,1.9328400000000001,1.9318499999999998,1.9325299999999999,592,8,0
2024-01-24 06:05:00,1.9325299999999999,1.93282,1.9323000000000001,1.93261,487,8,0
2024-01-24 06:10:00,1.93261,1.93265,1.93167,1.93188,494,8,0
2024-01-24 06:15:00,1.93188,1.9321000000000002,1.93166,1.93191,421,8,0
2024-01-24 06:20:00,1.93193,1.93247,1.93186,1.93232,245,8,0
2024-01-24 06:25:00,1.93232,1.93234,1.93167,1.9316900000000001,198,8,0
2024-01-24 06:30:00,1.9316900000000001,1.9321899999999999,1.93168,1.932,332,8,0
2024-01-24 06:35:00,1.93198,1.93254,1.9319199999999999,1.9321000000000002,458,8,0
2024-01-24 06:40:00,1.9321000000000002,1.9321000000000002,1.93092,1.93106,572,8,0
2024-01-24 06:45:00,1.93106,1.9315099999999998,1.93079,1.9314900000000002,369,8,0
2024-01-24 06:50:00,1.9314900000000002,1.93177,1.93146,1.9316,382,8,0
2024-01-24 06:55:00,1.9316,1.93182,1.93119,1.9312399999999998,494,8,0
2024-01-24 07:00:00,1.93128,1.93208,1.93126,1.93157,762,8,0
2024-01-24 07:05:00,1.93157,1.9321899999999999,1.9314,1.93216,640,8,0
2024-01-24 07:10:00,1.93216,1.9323700000000001,1.9317600000000001,1.9321700000000002,434,8,0
2024-01-24 07:15:00,1.93218,1.93277,1.932,1.93259,515,8,0
2024-01-24 07:20:00,1.93259,1.93285,1.93215,1.93255,537,8,0
2024-01-24 07:25:00,1.93255,1.93288,1.93239,1.93259,434,8,0
2024-01-24 07:30:00,1.93259,1.9327100000000002,1.93211,1.93224,608,8,0
2024-01-24 07:35:00,1.9321700000000002,1.9321700000000002,1.93012,1.9301599999999999,1039,8,0
2024-01-24 07:40:00,1.9301599999999999,1.9307699999999999,1.92869,1.92882,1005,8,0
2024-01-24 07:45:00,1.92882,1.92934,1.92876,1.92901,971,8,0
2024-01-24 07:50:00,1.92901,1.93025,1.92897,1.9298600000000001,814,8,0
2024-01-24 07:55:00,1.9298600000000001,1.9301599999999999,1.9293,1.92935,834,8,0
2024-01-24 08:00:00,1.92935,1.92969,1.9289100000000001,1.92896,1276,8,0
2024-01-24 08:05:00,1.92896,1.92947,1.9284,1.92946,1081,8,0
2024-01-24 08:10:00,1.92946,1.9299300000000001,1.9288699999999999,1.9292099999999999,1146,8,0
2024-01-24 08:15:00,1.9292099999999999,1.92946,1.9285299999999999,1.9289800000000001,1161,8,0
2024-01-24 08:20:00,1.9289800000000001,1.9292,1.92824,1.92915,917,8,0
2024-01-24 08:25:00,1.92915,1.92946,1.92855,1.92877,801,8,0
2024-01-24 08:30:00,1.92877,1.92922,1.92839,1.92858,1344,8,0
2024-01-24 08:35:00,1.92858,1.92866,1.92761,1.9277199999999999,1088,8,0
2024-01-24 08:40:00,1.9277199999999999,1.92875,1.9274900000000001,1.92874,909,8,0
2024-01-24 08:45:00,1.92874,1.92899,1.92828,1.92879,849,8,0
2024-01-24 08:50:00,1.92879,1.92912,1.92839,1.92839,828,8,0
2024-01-24 08:55:00,1.92839,1.9284599999999998,1.92779,1.92791,722,8,0
2024-01-24 09:00:00,1.92791,1.92879,1.92787,1.9287,899,8,0
2024-01-24 09:05:00,1.9287100000000001,1.92943,1.92863,1.92886,862,8,0
2024-01-24 09:10:00,1.92886,1.92903,1.92838,1.9289399999999999,662,8,0
2024-01-24 09:15:00,1.9289399999999999,1.92923,1.9286400000000001,1.92922,689,8,0
2024-01-24 09:20:00,1.92922,1.92936,1.9289100000000001,1.9292099999999999,624,8,0
2024-01-24 09:25:00,1.9292099999999999,1.92945,1.92866,1.92873,722,8,0
2024-01-24 09:30:00,1.92874,1.93281,1.92874,1.9326699999999999,1347,8,0
2024-01-24 09:35:00,1.9326699999999999,1.93311,1.9319,1.9324,1219,8,0
2024-01-24 09:40:00,1.93234,1.93342,1.93178,1.9332,1187,8,0
2024-01-24 09:45:00,1.9332,1.9345400000000001,1.93312,1.93387,942,8,0
2024-01-24 09:50:00,1.93387,1.93415,1.93309,1.93351,771,8,0
2024-01-24 09:55:00,1.93349,1.93435,1.9334799999999999,1.93369,796,8,0
2024-01-24 10:00:00,1.93369,1.93392,1.93317,1.93369,857,8,0
2024-01-24 10:05:00,1.93369,1.9337,1.93266,1.93276,538,8,0
2024-01-24 10:10:00,1.93276,1.93279,1.93211,1.93234,656,8,0
2024-01-24 10:15:00,1.93234,1.93296,1.93228,1.93274,649,8,0
2024-01-24 10:20:00,1.93274,1.93302,1.93239,1.93252,718,8,0
2024-01-24 10:25:00,1.9325299999999999,1.9329800000000001,1.93236,1.93275,790,8,0
2024-01-24 10:30:00,1.93275,1.93324,1.93266,1.93319,868,8,0
2024-01-24 10:35:00,1.93319,1.93333,1.93282,1.93304,771,8,0
2024-01-24 10:40:00,1.93304,1.93378,1.9329800000000001,1.9335,634,8,0
2024-01-24 10:45:00,1.9335,1.9340600000000001,1.9335,1.9339,610,8,0
2024-01-24 10:50:00,1.9339,1.93392,1.93329,1.93364,579,8,0
2024-01-24 10:55:00,1.93364,1.93381,1.93281,1.9329399999999999,804,8,0
2024-01-24 11:00:00,1.9329399999999999,1.93335,1.9325700000000001,1.93282,673,8,0
2024-01-24 11:05:00,1.9328400000000001,1.9332500000000001,1.93245,1.9326400000000001,649,8,0
2024-01-24 11:10:00,1.9326400000000001,1.93292,1.9318499999999998,1.9319199999999999,517,8,0
2024-01-24 11:15:00,1.9319199999999999,1.9322,1.9311500000000001,1.9311500000000001,482,8,0
2024-01-24 11:20:00,1.9311500000000001,1.9318499999999998,1.931,1.93144,470,8,0
2024-01-24 11:25:00,1.93144,1.93189,1.9312,1.93164,461,8,0
2024-01-24 11:30:00,1.9316499999999999,1.9322599999999999,1.93141,1.9322599999999999,558,8,0
2024-01-24 11:35:00,1.9322599999999999,1.93256,1.93202,1.93211,626,8,0
2024-01-24 11:40:00,1.9321000000000002,1.93218,1.93152,1.93154,486,8,0
2024-01-24 11:45:00,1.93154,1.93182,1.93132,1.93153,609,8,0
2024-01-24 11:50:00,1.93153,1.93173,1.9311500000000001,1.9312,511,8,0
2024-01-24 11:55:00,1.93121,1.93136,1.93068,1.93086,531,8,0
2024-01-24 12:00:00,1.93083,1.93106,1.92995,1.92995,577,8,0
2024-01-24 12:05:00,1.92995,1.93041,1.92984,1.93014,682,8,0
2024-01-24 12:10:00,1.93014,1.93062,1.93012,1.93051,500,8,0
2024-01-24 12:15:00,1.93051,1.9313099999999999,1.93037,1.93052,600,8,0
2024-01-24 12:20:00,1.93052,1.93058,1.92978,1.92992,597,8,0
2024-01-24 12:25:00,1.92992,1.9304299999999999,1.92965,1.93001,586,8,0
2024-01-24 12:30:00,1.9300000000000002,1.9306,1.9300000000000002,1.9301599999999999,588,8,0
2024-01-24 12:35:00,1.93017,1.9304299999999999,1.92944,1.9297499999999999,621,8,0
2024-01-24 12:40:00,1.9297499999999999,1.93034,1.9295900000000001,1.93007,635,8,0
2024-01-24 12:45:00,1.93007,1.93065,1.9299,1.9306100000000002,556,8,0
2024-01-24 12:50:00,1.93062,1.9314200000000001,1.93058,1.9313799999999999,595,8,0
2024-01-24 12:55:00,1.9313799999999999,1.9315600000000002,1.93096,1.93121,686,8,0
2024-01-24 13:00:00,1.93121,1.93166,1.93058,1.93062,1061,8,0
2024-01-24 13:05:00,1.93057,1.93153,1.93053,1.93102,1038,8,0
2024-01-24 13:10:00,1.93103,1.93109,1.9304299999999999,1.93073,832,8,0
2024-01-24 13:15:00,1.93073,1.93075,1.9299,1.9300899999999999,876,8,0
2024-01-24 13:20:00,1.93007,1.9310100000000001,1.92987,1.93022,1199,8,0
2024-01-24 13:25:00,1.93023,1.93028,1.92808,1.9283000000000001,1269,8,0
2024-01-24 13:30:00,1.9283000000000001,1.9289399999999999,1.92784,1.92824,1208,8,0
2024-01-24 13:35:00,1.92824,1.92869,1.928,1.92818,1060,8,0
2024-01-24 13:40:00,1.92818,1.9289,1.9281700000000002,1.9287800000000002,1025,8,0
2024-01-24 13:45:00,1.9287800000000002,1.92938,1.9286699999999999,1.92904,840,8,0
2024-01-24 13:50:00,1.92904,1.92906,1.9284599999999998,1.92874,1163,8,0
2024-01-24 13:55:00,1.92874,1.9296600000000002,1.92874,1.92943,1179,8,0
2024-01-24 14:00:00,1.92946,1.9298899999999999,1.92919,1.92976,992,8,0
2024-01-24 14:05:00,1.92976,1.9302700000000002,1.9295900000000001,1.93006,866,8,0
2024-01-24 14:10:00,1.93006,1.93033,1.9295900000000001,1.92972,711,8,0
2024-01-24 14:15:00,1.9297499999999999,1.92978,1.929,1.9292799999999999,905,8,0
2024-01-24 14:20:00,1.9292799999999999,1.9294799999999999,1.9289800000000001,1.92924,756,8,0
2024-01-24 14:25:00,1.92924,1.9298899999999999,1.92912,1.9293900000000002,699,8,0
2024-01-24 14:30:00,1.9293900000000002,1.92995,1.92934,1.9294799999999999,1368,8,0
2024-01-24 14:35:00,1.9294799999999999,1.92988,1.92919,1.92962,1374,8,0
2024-01-24 14:40:00,1.9296600000000002,1.93003,1.92923,1.92944,950,8,0
2024-01-24 14:45:00,1.9295200000000001,1.93145,1.92911,1.93033,2588,8,0
2024-01-24 14:50:00,1.93034,1.9312,1.92994,1.92994,2152,8,0
2024-01-24 14:55:00,1.92994,1.9309699999999999,1.9297,1.9308,1810,8,0
2024-01-24 15:00:00,1.9308,1.9321000000000002,1.9304299999999999,1.93188,1776,8,0
2024-01-24 15:05:00,1.93188,1.93204,1.9297,1.9300000000000002,1383,8,0
2024-01-24 15:10:00,1.92999,1.9302700000000002,1.92947,1.92963,1470,8,0
2024-01-24 15:15:00,1.92963,1.92994,1.9289800000000001,1.92973,1646,8,0
2024-01-24 15:20:00,1.92973,1.93019,1.92937,1.92991,1443,8,0
2024-01-24 15:25:00,1.9299,1.9301599999999999,1.92944,1.9295,1298,8,0
2024-01-24 15:30:00,1.9295,1.9304700000000001,1.92944,1.93015,1400,8,0
2024-01-24 15:35:00,1.93015,1.93086,1.9299,1.93035,1371,8,0
2024-01-24 15:40:00,1.93035,1.93072,1.9296,1.9297499999999999,1548,8,0
2024-01-24 15:45:00,1.92973,1.9308100000000001,1.92964,1.93075,1408,8,0
2024-01-24 15:50:00,1.93075,1.9319600000000001,1.93062,1.93177,1577,8,0
2024-01-24 15:55:00,1.93177,1.93227,1.93114,1.93114,1472,8,0
2024-01-24 16:00:00,1.93116,1.93193,1.931,1.9315799999999999,1359,8,0
2024-01-24 16:05:00,1.9315799999999999,1.93189,1.9313799999999999,1.93186,1455,8,0
2024-01-24 16:10:00,1.93187,1.9325299999999999,1.93179,1.9320599999999999,1359,8,0
2024-01-24 16:15:00,1.9320599999999999,1.93208,1.93065,1.93076,996,8,0
2024-01-24 16:20:00,1.93076,1.93127,1.9306,1.9311500000000001,904,8,0
2024-01-24 16:25:00,1.93116,1.93127,1.9304000000000001,1.93068,789,8,0
2024-01-24 16:30:00,1.93068,1.93125,1.93066,1.93071,896,8,0
2024-01-24 16:35:00,1.9307400000000001,1.9315099999999998,1.93052,1.93141,951,8,0
2024-01-24 16:40:00,1.93141,1.93178,1.9311,1.93157,889,8,0
2024-01-24 16:45:00,1.9315600000000002,1.93182,1.93137,1.93177,962,8,0
2024-01-24 16:50:00,1.93177,1.9319199999999999,1.93089,1.93093,888,8,0
2024-01-24 16:55:00,1.93093,1.93195,1.93093,1.93186,1143,8,0
2024-01-24 17:00:00,1.93187,1.9319199999999999,1.93139,1.9314,793,8,0
2024-01-24 17:05:00,1.9314,1.93157,1.93026,1.9302700000000002,690,8,0
2024-01-24 17:10:00,1.9302700000000002,1.93049,1.93015,1.93049,843,8,0
2024-01-24 17:15:00,1.93049,1.93065,1.93007,1.93049,728,8,0
2024-01-24 17:20:00,1.93049,1.9309699999999999,1.9302700000000002,1.93059,649,8,0
2024-01-24 17:25:00,1.93059,1.9306999999999999,1.93038,1.93058,601,8,0
2024-01-24 17:30:00,1.93058,1.9306,1.92973,1.92991,646,8,0
2024-01-24 17:35:00,1.9299,1.92995,1.9296600000000002,1.9296600000000002,565,8,0
2024-01-24 17:40:00,1.9296600000000002,1.9296799999999998,1.92893,1.92909,516,8,0
2024-01-24 17:45:00,1.92909,1.92956,1.92895,1.9289800000000001,679,8,0
2024-01-24 17:50:00,1.9289800000000001,1.92947,1.92888,1.92929,464,8,0
2024-01-24 17:55:00,1.92929,1.92947,1.9289399999999999,1.92944,753,8,0
2024-01-24 18:00:00,1.92945,1.9304000000000001,1.92937,1.9301,1281,8,0
2024-01-24 18:05:00,1.9301,1.93144,1.92999,1.93123,1242,8,0
2024-01-24 18:10:00,1.93123,1.93182,1.93123,1.9316900000000001,1114,8,0
2024-01-24 18:15:00,1.9316900000000001,1.9318,1.93106,1.93127,1044,8,0
2024-01-24 18:20:00,1.93127,1.9319199999999999,1.9310100000000001,1.9315600000000002,987,8,0
2024-01-24 18:25:00,1.9315600000000002,1.93171,1.93114,1.93126,1090,8,0
2024-01-24 18:30:00,1.93126,1.93188,1.93112,1.93167,728,8,0
2024-01-24 18:35:00,1.93167,1.9320300000000001,1.93123,1.9320300000000001,725,8,0
2024-01-24 18:40:00,1.93201,1.93224,1.93157,1.9316499999999999,993,8,0
2024-01-24 18:45:00,1.9316499999999999,1.9322,1.93159,1.9321199999999998,838,8,0
2024-01-24 18:50:00,1.9321199999999998,1.9323000000000001,1.93177,1.9319199999999999,708,8,0
2024-01-24 18:55:00,1.9319199999999999,1.9323000000000001,1.93177,1.93207,643,8,0
2024-01-24 19:00:00,1.93207,1.93239,1.9319899999999999,1.93222,624,8,0
2024-01-24 19:05:00,1.93222,1.93239,1.93207,1.93225,420,8,0
2024-01-24 19:10:00,1.93225,1.9332500000000001,1.9321899999999999,1.93304,589,8,0
2024-01-24 19:15:00,1.93304,1.9331,1.93251,1.9327100000000002,711,8,0
2024-01-24 19:20:00,1.9327100000000002,1.93346,1.93261,1.93299,1024,8,0
2024-01-24 19:25:00,1.93299,1.9330500000000002,1.93215,1.93256,944,8,0
2024-01-24 19:30:00,1.93256,1.93303,1.93251,1.93302,679,8,0
2024-01-24 19:35:00,1.93302,1.93324,1.93286,1.93286,477,8,0
2024-01-24 19:40:00,1.93286,1.93323,1.93266,1.93288,522,8,0
2024-01-24 19:45:00,1.93288,1.9332,1.9327100000000002,1.93319,370,8,0
2024-01-24 19:50:00,1.93319,1.9336600000000002,1.93317,1.93365,547,8,0
2024-01-24 19:55:00,1.93365,1.9338600000000001,1.93343,1.93373,719,8,0
2024-01-24 20:00:00,1.93373,1.93405,1.93363,1.9338199999999999,650,8,0
2024-01-24 20:05:00,1.9338199999999999,1.9339499999999998,1.9334099999999999,1.9337900000000001,502,8,0
2024-01-24 20:10:00,1.9337900000000001,1.93424,1.93377,1.9342000000000001,587,8,0
2024-01-24 20:15:00,1.9342000000000001,1.93435,1.93401,1.9341599999999999,580,8,0
2024-01-24 20:20:00,1.9341599999999999,1.93428,1.93394,1.9340000000000002,616,8,0
2024-01-24 20:25:00,1.9340000000000002,1.9344000000000001,1.93384,1.93433,555,8,0
2024-01-24 20:30:00,1.93433,1.93445,1.93397,1.93408,490,8,0
2024-01-24 20:35:00,1.93408,1.93408,1.93372,1.93398,565,8,0
2024-01-24 20:40:00,1.93398,1.9340600000000001,1.93369,1.9339,508,8,0
2024-01-24 20:45:00,1.9339,1.93421,1.93381,1.9340899999999999,705,8,0
2024-01-24 20:50:00,1.9340899999999999,1.93435,1.93399,1.9340199999999999,671,8,0
2024-01-24 20:55:00,1.9340199999999999,1.93404,1.9335200000000001,1.93354,731,8,0
2024-01-24 21:00:00,1.93354,1.9337900000000001,1.9334799999999999,1.93365,513,8,0
2024-01-24 21:05:00,1.93365,1.93405,1.93364,1.93378,378,8,0
2024-01-24 21:10:00,1.93378,1.93404,1.93354,1.93365,268,8,0
2024-01-24 21:15:00,1.93365,1.9340600000000001,1.93363,1.93404,289,8,0
2024-01-24 21:20:00,1.93404,1.93405,1.93388,1.9339300000000001,152,8,0
2024-01-24 21:25:00,1.9339300000000001,1.93407,1.93378,1.9339300000000001,256,8,0
2024-01-24 21:30:00,1.93392,1.9344999999999999,1.9337499999999999,1.93435,171,8,0
2024-01-24 21:35:00,1.93435,1.93449,1.9340600000000001,1.93422,159,8,0
2024-01-24 21:40:00,1.93422,1.93469,1.93404,1.93455,207,8,0
2024-01-24 21:45:00,1.93455,1.9346,1.93437,1.93455,155,8,0
2024-01-24 21:50:00,1.9345599999999998,1.93472,1.9344999999999999,1.93455,331,8,0
2024-01-24 21:55:00,1.93455,1.9348,1.93435,1.9346999999999999,394,8,0
2024-01-24 22:00:00,1.93468,1.93468,1.93358,1.9337900000000001,12,52,0
2024-01-24 22:05:00,1.9337900000000001,1.93453,1.9337900000000001,1.93441,56,47,0
2024-01-24 22:10:00,1.93441,1.93449,1.93335,1.93394,55,51,0
2024-01-24 22:15:00,1.93394,1.93411,1.93373,1.9338600000000001,34,83,0
2024-01-24 22:20:00,1.9338600000000001,1.93408,1.93354,1.93378,50,92,0
2024-01-24 22:25:00,1.93378,1.9341,1.9332500000000001,1.93351,36,82,0
2024-01-24 22:30:00,1.9334799999999999,1.93434,1.93347,1.9341599999999999,93,66,0
2024-01-24 22:35:00,1.93421,1.93442,1.9338899999999999,1.93404,190,58,0
2024-01-24 22:40:00,1.93404,1.93425,1.9338600000000001,1.9338899999999999,123,64,0
2024-01-24 22:45:00,1.9338899999999999,1.93448,1.9338,1.9342899999999998,108,52,0
2024-01-24 22:50:00,1.9342899999999998,1.93479,1.9336,1.93396,118,21,0
2024-01-24 22:55:00,1.9340199999999999,1.9350399999999999,1.9340199999999999,1.93498,223,8,0
2024-01-24 23:00:00,1.93498,1.9350399999999999,1.9342000000000001,1.9342899999999998,416,8,0
2024-01-24 23:05:00,1.9342899999999998,1.93439,1.93403,1.93405,222,8,0
2024-01-24 23:10:00,1.93405,1.93452,1.9339,1.93452,350,8,0
2024-01-24 23:15:00,1.93452,1.93452,1.93421,1.93425,187,8,0
2024-01-24 23:20:00,1.93425,1.93425,1.9335499999999999,1.9336600000000002,257,8,0
2024-01-24 23:25:00,1.9336600000000002,1.9336600000000002,1.93316,1.93322,261,8,0
2024-01-24 23:30:00,1.93322,1.93415,1.9332099999999999,1.9339499999999998,204,8,0
2024-01-24 23:35:00,1.93392,1.93396,1.93362,1.93372,74,8,0
2024-01-24 23:40:00,1.93373,1.93376,1.93342,1.9337499999999999,113,8,0
2024-01-24 23:45:00,1.9337499999999999,1.93423,1.9336,1.93417,95,8,0
2024-01-24 23:50:00,1.93417,1.93466,1.93417,1.93451,142,8,0
2024-01-24 23:55:00,1.93451,1.93455,1.93405,1.93408,231,8,0
2024-01-25 00:00:00,1.93408,1.93421,1.9337,1.9340000000000002,524,8,0
2024-01-25 00:05:00,1.9340000000000002,1.93446,1.93391,1.93415,508,8,0
2024-01-25 00:10:00,1.93415,1.9342899999999998,1.93387,1.93404,456,8,0
2024-01-25 00:15:00,1.9340600000000001,1.93415,1.9338600000000001,1.93411,455,8,0
2024-01-25 00:20:00,1.93411,1.93435,1.9339,1.93434,335,8,0
2024-01-25 00:25:00,1.93434,1.93459,1.93412,1.93415,400,8,0
2024-01-25 00:30:00,1.93415,1.9341599999999999,1.93365,1.9336600000000002,347,8,0
2024-01-25 00:35:00,1.9336600000000002,1.9336600000000002,1.9331800000000001,1.93338,476,8,0
2024-01-25 00:40:00,1.93338,1.9335499999999999,1.9332,1.9333900000000002,478,8,0
2024-01-25 00:45:00,1.9333900000000002,1.93357,1.93308,1.93336,618,8,0
2024-01-25 00:50:00,1.93336,1.93361,1.93319,1.93322,695,8,0
2024-01-25 00:55:00,1.93322,1.93346,1.9327800000000002,1.93308,760,8,0
2024-01-25 01:00:00,1.9330500000000002,1.93412,1.9330500000000002,1.93399,916,8,0
2024-01-25 01:05:00,1.93398,1.93403,1.93335,1.93378,767,8,0
2024-01-25 01:10:00,1.93378,1.93385,1.93356,1.9337,556,8,0
2024-01-25 01:15:00,1.9337,1.93451,1.9337,1.93392,1002,8,0
2024-01-25 01:20:00,1.93392,1.9342700000000002,1.93384,1.93412,687,8,0
2024-01-25 01:25:00,1.93411,1.93469,1.93407,1.93433,693,8,0
2024-01-25 01:30:00,1.93433,1.93496,1.93425,1.9342700000000002,1105,8,0
2024-01-25 01:35:00,1.9342700000000002,1.93482,1.9341599999999999,1.9345400000000001,834,8,0
2024-01-25 01:40:00,1.9345400000000001,1.93457,1.93397,1.93441,736,8,0
2024-01-25 01:45:00,1.93441,1.9349699999999999,1.93362,1.93471,1000,8,0
2024-01-25 01:50:00,1.93471,1.93478,1.93374,1.9337900000000001,746,8,0
2024-01-25 01:55:00,1.9337900000000001,1.9338600000000001,1.9331399999999999,1.93343,831,8,0
2024-01-25 02:00:00,1.93342,1.93385,1.9332,1.9332099999999999,620,8,0
2024-01-25 02:05:00,1.93323,1.93333,1.9323299999999999,1.93275,832,8,0
2024-01-25 02:10:00,1.93275,1.9332500000000001,1.9324599999999998,1.9330699999999998,828,8,0
2024-01-25 02:15:00,1.9330699999999998,1.93349,1.93295,1.9330699999999998,854,8,0
2024-01-25 02:20:00,1.9330699999999998,1.93343,1.9329800000000001,1.93322,686,8,0
2024-01-25 02:25:00,1.93322,1.9334500000000001,1.93308,1.9332500000000001,637,8,0
2024-01-25 02:30:00,1.9332500000000001,1.93344,1.9330699999999998,1.9332099999999999,729,8,0
2024-01-25 02:35:00,1.9332099999999999,1.93365,1.9330699999999998,1.93351,674,8,0
2024-01-25 02:40:00,1.93351,1.93476,1.93347,1.93459,634,8,0
2024-01-25 02:45:00,1.93459,1.93466,1.9339300000000001,1.93411,671,8,0
2024-01-25 02:50:00,1.93411,1.93431,1.93381,1.93381,605,8,0
2024-01-25 02:55:00,1.93381,1.9339,1.93343,1.9339,617,8,0
2024-01-25 03:00:00,1.9339,1.9339,1.93333,1.93349,578,8,0
2024-01-25 03:05:00,1.93349,1.93349,1.9328400000000001,1.9330699999999998,668,8,0
2024-01-25 03:10:00,1.9330699999999998,1.93335,1.93306,1.9333200000000001,471,8,0
2024-01-25 03:15:00,1.9333200000000001,1.9334,1.93295,1.93301,480,8,0
2024-01-25 03:20:00,1.93301,1.93335,1.93296,1.9333200000000001,449,8,0
2024-01-25 03:25:00,1.9333200000000001,1.9336799999999998,1.93326,1.93353,507,8,0
2024-01-25 03:30:00,1.93353,1.93363,1.93326,1.93336,535,8,0
2024-01-25 03:35:00,1.93336,1.9336600000000002,1.9332799999999999,1.93362,352,8,0
2024-01-25 03:40:00,1.93362,1.93374,1.93349,1.9336799999999998,387,8,0
2024-01-25 03:45:00,1.9336799999999998,1.93374,1.93319,1.9332099999999999,389,8,0
2024-01-25 03:50:00,1.9332099999999999,1.93336,1.93304,1.93312,344,8,0
2024-01-25 03:55:00,1.93313,1.93315,1.9325700000000001,1.93301,438,8,0
2024-01-25 04:00:00,1.93301,1.9331,1.93276,1.93283,418,8,0
2024-01-25 04:05:00,1.93283,1.93293,1.9327100000000002,1.93282,351,8,0
2024-01-25 04:10:00,1.93282,1.9329800000000001,1.93263,1.9328699999999999,343,8,0
2024-01-25 04:15:00,1.9328699999999999,1.93299,1.9326400000000001,1.93276,337,8,0
2024-01-25 04:20:00,1.93276,1.93293,1.9323700000000001,1.93285,378,8,0
2024-01-25 04:25:00,1.93285,1.9329100000000001,1.93272,1.9327999999999999,252,8,0
2024-01-25 04:30:00,1.9327999999999999,1.933,1.9327999999999999,1.933,315,8,0
2024-01-25 04:35:00,1.933,1.9334799999999999,1.93299,1.93343,295,8,0
2024-01-25 04:40:00,1.93343,1.9337900000000001,1.9333399999999998,1.9337499999999999,382,8,0
2024-01-25 04:45:00,1.9337499999999999,1.93399,1.93354,1.93356,283,8,0
2024-01-25 04:50:00,1.93356,1.9337,1.9332099999999999,1.93362,412,8,0
2024-01-25 04:55:00,1.93362,1.93363,1.93312,1.93313,263,8,0
2024-01-25 05:00:00,1.9331399999999999,1.9334500000000001,1.93286,1.9333900000000002,470,8,0
2024-01-25 05:05:00,1.9333900000000002,1.93342,1.9328400000000001,1.93306,434,8,0
2024-01-25 05:10:00,1.93306,1.9333,1.93288,1.9329100000000001,501,8,0
2024-01-25 05:15:00,1.9329100000000001,1.933,1.93254,1.93263,513,8,0
2024-01-25 05:20:00,1.93263,1.93295,1.93247,1.93268,521,8,0
2024-01-25 05:25:00,1.93268,1.93288,1.93258,1.93272,422,8,0
2024-01-25 05:30:00,1.93272,1.93347,1.93272,1.93323,564,8,0
2024-01-25 05:35:00,1.93323,1.93336,1.9331,1.93316,424,8,0
2024-01-25 05:40:00,1.93315,1.9334500000000001,1.93312,1.93338,427,8,0
2024-01-25 05:45:00,1.93338,1.93351,1.93302,1.93317,483,8,0
2024-01-25 05:50:00,1.93317,1.93354,1.93313,1.9335,496,8,0
2024-01-25 05:55:00,1.9335,1.93371,1.93337,1.9334500000000001,547,8,0
2024-01-25 06:00:00,1.9334500000000001,1.93354,1.9329,1.93327,621,8,0
2024-01-25 06:05:00,1.93327,1.93335,1.93288,1.93301,448,8,0
2024-01-25 06:10:00,1.93301,1.93365,1.93293,1.9331,494,8,0
2024-01-25 06:15:00,1.9331,1.93319,1.93272,1.93288,418,8,0
2024-01-25 06:20:00,1.93288,1.93295,1.93269,1.93272,346,8,0
2024-01-25 06:25:00,1.93274,1.9330500000000002,1.9326699999999999,1.93283,416,8,0
2024-01-25 06:30:00,1.93283,1.93303,1.9324,1.93269,478,8,0
2024-01-25 06:35:00,1.93269,1.93275,1.9324,1.93259,324,8,0
2024-01-25 06:40:00,1.93259,1.9327800000000002,1.93243,1.93274,370,8,0
2024-01-25 06:45:00,1.93274,1.93317,1.93269,1.9330500000000002,303,8,0
2024-01-25 06:50:00,1.9330500000000002,1.9333399999999998,1.9330500000000002,1.93329,401,8,0
2024-01-25 06:55:00,1.93329,1.93347,1.93312,1.93322,427,8,0
2024-01-25 07:00:00,1.93322,1.93373,1.9331800000000001,1.93372,586,8,0
2024-01-25 07:05:00,1.93372,1.9341599999999999,1.9335499999999999,1.9340600000000001,496,8,0
2024-01-25 07:10:00,1.9340600000000001,1.93422,1.93396,1.9340000000000002,609,8,0
2024-01-25 07:15:00,1.9340000000000002,1.9341,1.93356,1.93378,570,8,0
2024-01-25 07:20:00,1.93377,1.9337900000000001,1.93302,1.9333200000000001,416,8,0
2024-01-25 07:25:00,1.9333200000000001,1.93342,1.93258,1.93285,548,8,0
2024-01-25 07:30:00,1.93286,1.9331,1.93225,1.93261,597,8,0
2024-01-25 07:35:00,1.93261,1.9329399999999999,1.9323700000000001,1.93239,527,8,0
2024-01-25 07:40:00,1.93239,1.93322,1.9323000000000001,1.93276,605,8,0
2024-01-25 07:45:00,1.93275,1.93327,1.93275,1.93313,558,8,0
2024-01-25 07:50:00,1.93313,1.93358,1.9327800000000002,1.93337,492,8,0
2024-01-25 07:55:00,1.93337,1.93423,1.9333399999999998,1.93411,678,8,0
2024-01-25 08:00:00,1.93411,1.93483,1.9337499999999999,1.9337499999999999,924,8,0
2024-01-25 08:05:00,1.93377,1.9338899999999999,1.93315,1.93344,1078,8,0
2024-01-25 08:10:00,1.9334500000000001,1.93475,1.93327,1.93468,993,8,0
2024-01-25 08:15:00,1.93473,1.93609,1.93441,1.93584,1006,8,0
2024-01-25 08:20:00,1.93584,1.93595,1.93521,1.93573,918,8,0
2024-01-25 08:25:00,1.93573,1.93613,1.9352399999999998,1.93527,1026,8,0
2024-01-25 08:30:00,1.93527,1.93539,1.9344999999999999,1.93464,849,8,0
2024-01-25 08:35:00,1.93464,1.93469,1.9338,1.93384,680,8,0
2024-01-25 08:40:00,1.93384,1.93441,1.9336600000000002,1.93422,662,8,0
2024-01-25 08:45:00,1.93422,1.93503,1.9341300000000001,1.9342899999999998,675,8,0
2024-01-25 08:50:00,1.9342899999999998,1.9347699999999999,1.93428,1.9346100000000002,632,8,0
2024-01-25 08:55:00,1.9346100000000002,1.93485,1.93419,1.93421,573,8,0
2024-01-25 09:00:00,1.93421,1.93458,1.93385,1.93455,979,8,0
2024-01-25 09:05:00,1.93455,1.9350100000000001,1.93439,1.93471,632,8,0
2024-01-25 09:10:00,1.93471,1.93544,1.9346999999999999,1.93512,633,8,0
2024-01-25 09:15:00,1.93512,1.9352200000000002,1.9346700000000001,1.93476,645,8,0
2024-01-25 09:20:00,1.9347699999999999,1.93479,1.93381,1.93383,712,8,0
2024-01-25 09:25:00,1.93383,1.9338899999999999,1.9334,1.9334,586,8,0
2024-01-25 09:30:00,1.9334,1.9335499999999999,1.9330699999999998,1.93308,494,8,0
2024-01-25 09:35:00,1.93308,1.9331,1.93224,1.9324,745,8,0
2024-01-25 09:40:00,1.9324,1.9328699999999999,1.9322,1.93245,742,8,0
2024-01-25 09:45:00,1.93243,1.9325299999999999,1.9319600000000001,1.9319600000000001,566,8,0
2024-01-25 09:50:00,1.9319600000000001,1.93225,1.9317600000000001,1.9319899999999999,535,8,0
2024-01-25 09:55:00,1.9319899999999999,1.93256,1.93173,1.93215,806,8,0
2024-01-25 10:00:00,1.93215,1.93323,1.93195,1.93317,763,8,0
2024-01-25 10:05:00,1.93317,1.93372,1.9329,1.9336799999999998,772,8,0
2024-01-25 10:10:00,1.9336799999999998,1.93383,1.93316,1.93364,618,8,0
2024-01-25 10:15:00,1.93364,1.93384,1.9332099999999999,1.93353,608,8,0
2024-01-25 10:20:00,1.93353,1.93372,1.9332099999999999,1.93323,556,8,0
2024-01-25 10:25:00,1.9332500000000001,1.93356,1.93316,1.93342,654,8,0
2024-01-25 10:30:00,1.93342,1.93396,1.9333900000000002,1.9335,632,8,0
2024-01-25 10:35:00,1.9335,1.93372,1.93309,1.93362,684,8,0
2024-01-25 10:40:00,1.93362,1.9338199999999999,1.9333900000000002,1.9334799999999999,541,8,0
2024-01-25 10:45:00,1.9334799999999999,1.9334799999999999,1.93274,1.93303,446,8,0
2024-01-25 10:50:00,1.9329800000000001,1.93316,1.93268,1.9327999999999999,563,8,0
2024-01-25 10:55:00,1.9327999999999999,1.93297,1.93268,1.93292,423,8,0
2024-01-25 11:00:00,1.93292,1.93295,1.93224,1.93282,655,8,0
2024-01-25 11:05:00,1.93282,1.93283,1.93193,1.9321199999999998,497,8,0
2024-01-25 11:10:00,1.9321199999999998,1.93225,1.9313,1.93146,473,8,0
2024-01-25 11:15:00,1.93146,1.9317199999999999,1.93119,1.93127,501,8,0
2024-01-25 11:20:00,1.93121,1.9316900000000001,1.93109,1.93163,460,8,0
2024-01-25 11:25:00,1.93163,1.93174,1.93129,1.93148,452,8,0
2024-01-25 11:30:00,1.93148,1.9317199999999999,1.93137,1.93167,594,8,0
2024-01-25 11:35:00,1.93166,1.93201,1.93144,1.9314900000000002,611,8,0
2024-01-25 11:40:00,1.9314900000000002,1.93179,1.9312200000000002,1.9316200000000001,589,8,0
2024-01-25 11:45:00,1.9316200000000001,1.93167,1.93092,1.93119,416,8,0
2024-01-25 11:50:00,1.93119,1.9319,1.93117,1.93186,474,8,0
2024-01-25 11:55:00,1.93186,1.9322300000000001,1.9316200000000001,1.93168,582,8,0
2024-01-25 12:00:00,1.93167,1.9325299999999999,1.93145,1.93243,668,8,0
2024-01-25 12:05:00,1.93243,1.9325299999999999,1.9319600000000001,1.93205,498,8,0
2024-01-25 12:10:00,1.93204,1.9322,1.93184,1.93218,559,8,0
2024-01-25 12:15:00,1.93218,1.9327,1.9321199999999998,1.9325299999999999,601,8,0
2024-01-25 12:20:00,1.93254,1.93269,1.9322,1.93241,591,8,0
2024-01-25 12:25:00,1.93241,1.93275,1.93216,1.93241,771,8,0
2024-01-25 12:30:00,1.93241,1.93269,1.93227,1.93228,560,8,0
2024-01-25 12:35:00,1.93228,1.9325,1.93216,1.9323700000000001,538,8,0
2024-01-25 12:40:00,1.9323700000000001,1.93254,1.93201,1.93209,452,8,0
2024-01-25 12:45:00,1.93209,1.93258,1.9320300000000001,1.9325,585,8,0
2024-01-25 12:50:00,1.9325,1.93272,1.93234,1.9325299999999999,596,8,0
2024-01-25 12:55:00,1.9325299999999999,1.9334799999999999,1.93239,1.93346,753,8,0
2024-01-25 13:00:00,1.93346,1.93399,1.93309,1.93372,1114,8,0
2024-01-25 13:05:00,1.93371,1.93372,1.93303,1.93324,849,8,0
2024-01-25 13:10:00,1.93324,1.9332799999999999,1.93272,1.93296,529,8,0
2024-01-25 13:15:00,1.93296,1.93311,1.93145,1.93145,1065,8,0
2024-01-25 13:20:00,1.93146,1.93202,1.93084,1.9310800000000001,1136,8,0
2024-01-25 13:25:00,1.9310800000000001,1.9311,1.92896,1.92901,990,8,0
2024-01-25 13:30:00,1.92901,1.93175,1.92885,1.9296600000000002,2700,8,0
2024-01-25 13:35:00,1.9296600000000002,1.92991,1.92852,1.92912,2100,8,0
2024-01-25 13:40:00,1.9291,1.93022,1.92892,1.92935,1867,8,0
2024-01-25 13:45:00,1.92937,1.9295499999999999,1.92879,1.9294,2030,8,0
2024-01-25 13:50:00,1.9294,1.92961,1.92791,1.92794,1916,8,0
2024-01-25 13:55:00,1.92794,1.92847,1.92759,1.92793,1932,8,0
2024-01-25 14:00:00,1.9279600000000001,1.9282,1.92615,1.92655,2065,8,0
2024-01-25 14:05:00,1.92658,1.92757,1.92638,1.9265400000000001,1715,8,0
2024-01-25 14:10:00,1.92655,1.92733,1.92604,1.92617,1950,8,0
2024-01-25 14:15:00,1.92617,1.92638,1.92551,1.9261599999999999,1571,8,0
2024-01-25 14:20:00,1.92615,1.92737,1.9260899999999999,1.927,1582,8,0
2024-01-25 14:25:00,1.9270100000000001,1.92754,1.9266999999999999,1.92671,1383,8,0
2024-01-25 14:30:00,1.92672,1.9277199999999999,1.92666,1.9273799999999999,2037,8,0
2024-01-25 14:35:00,1.9273799999999999,1.9277199999999999,1.9268999999999998,1.9273099999999999,1710,8,0
2024-01-25 14:40:00,1.9273099999999999,1.92807,1.92723,1.92754,1615,8,0
2024-01-25 14:45:00,1.92753,1.928,1.92662,1.92687,1588,8,0
2024-01-25 14:50:00,1.92686,1.9269500000000002,1.92606,1.92635,1489,8,0
2024-01-25 14:55:00,1.9263599999999999,1.92753,1.92632,1.9274900000000001,1207,8,0
2024-01-25 15:00:00,1.92753,1.92838,1.92718,1.9279199999999999,1659,8,0
2024-01-25 15:05:00,1.9279199999999999,1.9282599999999999,1.9270100000000001,1.92734,1414,8,0
2024-01-25 15:10:00,1.92734,1.9289100000000001,1.92726,1.92885,1515,8,0
2024-01-25 15:15:00,1.92884,1.92904,1.92763,1.92788,1609,8,0
2024-01-25 15:20:00,1.9278499999999998,1.9278499999999998,1.92712,1.92728,1485,8,0
2024-01-25 15:25:00,1.92728,1.92821,1.92716,1.92788,1379,8,0
2024-01-25 15:30:00,1.92788,1.92967,1.92771,1.92965,1601,8,0
2024-01-25 15:35:00,1.92967,1.9299,1.9290699999999998,1.9291800000000001,1653,8,0
2024-01-25 15:40:00,1.92919,1.9298899999999999,1.9291399999999999,1.92956,1401,8,0
2024-01-25 15:45:00,1.92956,1.92956,1.92829,1.92896,1258,8,0
2024-01-25 15:50:00,1.92896,1.9303599999999999,1.9289,1.9297900000000001,1253,8,0
2024-01-25 15:55:00,1.9297900000000001,1.9299300000000001,1.92945,1.9295,1167,8,0
2024-01-25 16:00:00,1.92951,1.9304000000000001,1.9294799999999999,1.92981,1244,8,0
2024-01-25 16:05:00,1.9298,1.9299,1.9292500000000001,1.92981,1086,8,0
2024-01-25 16:10:00,1.92981,1.92987,1.9293,1.92953,1234,8,0
2024-01-25 16:15:00,1.92953,1.92971,1.92882,1.92899,809,8,0
2024-01-25 16:20:00,1.92899,1.9296799999999998,1.92896,1.92917,759,8,0
2024-01-25 16:25:00,1.92916,1.9297499999999999,1.9285700000000001,1.92868,864,8,0
2024-01-25 16:30:00,1.92868,1.9295499999999999,1.9286400000000001,1.92938,1010,8,0
2024-01-25 16:35:00,1.9293900000000002,1.92985,1.9292799999999999,1.9297,858,8,0
2024-01-25 16:40:00,1.92969,1.9302700000000002,1.92938,1.93007,709,8,0
2024-01-25 16:45:00,1.93007,1.9304000000000001,1.92995,1.93037,609,8,0
2024-01-25 16:50:00,1.93037,1.93037,1.9297499999999999,1.93001,565,8,0
2024-01-25 16:55:00,1.93001,1.93012,1.9294099999999998,1.9294099999999998,629,8,0
2024-01-25 17:00:00,1.9294099999999998,1.93039,1.9292799999999999,1.93028,722,8,0
2024-01-25 17:05:00,1.9302899999999998,1.93083,1.93026,1.9306999999999999,847,8,0
2024-01-25 17:10:00,1.93071,1.93072,1.9294799999999999,1.92949,728,8,0
2024-01-25 17:15:00,1.92949,1.92991,1.92908,1.9295900000000001,1090,8,0
2024-01-25 17:20:00,1.9295900000000001,1.93023,1.9295499999999999,1.93021,902,8,0
2024-01-25 17:25:00,1.93021,1.9303,1.92974,1.93008,747,8,0
2024-01-25 17:30:00,1.93008,1.93055,1.92992,1.93044,890,8,0
2024-01-25 17:35:00,1.93041,1.9306100000000002,1.92949,1.92965,824,8,0
2024-01-25 17:40:00,1.92965,1.9297499999999999,1.92926,1.92933,729,8,0
2024-01-25 17:45:00,1.92933,1.92962,1.9289800000000001,1.92949,629,8,0
2024-01-25 17:50:00,1.92949,1.9295499999999999,1.92896,1.92902,688,8,0
2024-01-25 17:55:00,1.92902,1.9293900000000002,1.92883,1.92933,780,8,0
2024-01-25 18:00:00,1.92933,1.9296600000000002,1.92883,1.92922,1396,8,0
2024-01-25 18:05:00,1.92922,1.92938,1.92883,1.92889,1122,8,0
2024-01-25 18:10:00,1.92888,1.92917,1.9285999999999999,1.92901,766,8,0
2024-01-25 18:15:00,1.92901,1.92984,1.92895,1.92973,856,8,0
2024-01-25 18:20:00,1.92973,1.92984,1.92946,1.9296,859,8,0
2024-01-25 18:25:00,1.92958,1.92965,1.92906,1.92929,840,8,0
2024-01-25 18:30:00,1.92929,1.92992,1.9292500000000001,1.9298,542,8,0
2024-01-25 18:35:00,1.9297900000000001,1.93005,1.92958,1.93005,690,8,0
2024-01-25 18:40:00,1.93005,1.93021,1.92984,1.93017,726,8,0
2024-01-25 18:45:00,1.93017,1.93055,1.93004,1.93017,615,8,0
2024-01-25 18:50:00,1.93017,1.93032,1.92983,1.93001,832,8,0
2024-01-25 18:55:00,1.9300199999999998,1.93092,1.92991,1.93092,919,8,0
2024-01-25 19:00:00,1.93092,1.93118,1.9306299999999998,1.9307699999999999,858,8,0
2024-01-25 19:05:00,1.9307699999999999,1.93082,1.9302899999999998,1.93032,749,8,0
2024-01-25 19:10:00,1.9303,1.93039,1.93003,1.93035,737,8,0
2024-01-25 19:15:00,1.93035,1.93042,1.9301300000000001,1.93041,640,8,0
2024-01-25 19:20:00,1.93041,1.93041,1.92983,1.9298899999999999,715,8,0
2024-01-25 19:25:00,1.9298899999999999,1.93014,1.9297900000000001,1.92999,709,8,0
2024-01-25 19:30:00,1.92999,1.92999,1.92954,1.92957,594,8,0
2024-01-25 19:35:00,1.92957,1.92981,1.92929,1.92971,549,8,0
2024-01-25 19:40:00,1.92971,1.93001,1.92947,1.9298600000000001,503,8,0
2024-01-25 19:45:00,1.9298600000000001,1.92996,1.9295200000000001,1.9296600000000002,435,8,0
2024-01-25 19:50:00,1.9296600000000002,1.92998,1.92957,1.9296799999999998,449,8,0
2024-01-25 19:55:00,1.92967,1.92983,1.92947,1.9296799999999998,814,8,0
2024-01-25 20:00:00,1.92969,1.92987,1.9292500000000001,1.92942,645,8,0
2024-01-25 20:05:00,1.92942,1.92976,1.92934,1.92972,665,8,0
2024-01-25 20:10:00,1.92972,1.92984,1.92943,1.9297499999999999,745,8,0
2024-01-25 20:15:00,1.92973,1.93003,1.92961,1.9298,636,8,0
2024-01-25 20:20:00,1.9298,1.9298600000000001,1.92953,1.92981,677,8,0
2024-01-25 20:25:00,1.9298,1.9299300000000001,1.9296799999999998,1.9298,466,8,0
2024-01-25 20:30:00,1.9298,1.92984,1.92926,1.92944,515,8,0
2024-01-25 20:35:00,1.92944,1.9296,1.92919,1.92923,605,8,0
2024-01-25 20:40:00,1.92924,1.9294799999999999,1.92908,1.92938,522,8,0
2024-01-25 20:45:00,1.9293900000000002,1.9295499999999999,1.92923,1.9294,481,8,0
2024-01-25 20:50:00,1.9293900000000002,1.9298199999999999,1.92933,1.92961,379,8,0
2024-01-25 20:55:00,1.92961,1.93018,1.92951,1.9300199999999998,648,8,0
2024-01-25 21:00:00,1.9300199999999998,1.93026,1.9299300000000001,1.93004,411,8,0
2024-01-25 21:05:00,1.93005,1.9304999999999999,1.93004,1.93033,239,8,0
2024-01-25 21:10:00,1.93033,1.93049,1.9302700000000002,1.9304000000000001,272,8,0
2024-01-25 21:15:00,1.9304000000000001,1.93044,1.92994,1.93021,281,8,0
2024-01-25 21:20:00,1.93021,1.9306100000000002,1.93018,1.93056,189,8,0
2024-01-25 21:25:00,1.93056,1.93058,1.93021,1.93038,206,8,0
2024-01-25 21:30:00,1.93038,1.93041,1.92998,1.92998,133,8,0
2024-01-25 21:35:00,1.92998,1.93014,1.92974,1.92978,198,8,0
2024-01-25 21:40:00,1.92978,1.92997,1.92978,1.92987,214,8,0
2024-01-25 21:45:00,1.92987,1.92994,1.9296799999999998,1.92977,107,8,0
2024-01-25 21:50:00,1.92977,1.93014,1.9296799999999998,1.92992,270,8,0
2024-01-25 21:55:00,1.92992,1.9300899999999999,1.9296799999999998,1.92984,525,8,0
2024-01-25 22:00:00,1.92988,1.92988,1.9285999999999999,1.9291800000000001,11,34,0
2024-01-25 22:05:00,1.9291800000000001,1.9291800000000001,1.92901,1.92906,7,89,0
2024-01-25 22:10:00,1.92906,1.9295,1.92835,1.92835,27,95,0
2024-01-25 22:15:00,1.92835,1.92855,1.92818,1.92849,21,122,0
2024-01-25 22:20:00,1.92849,1.92899,1.92849,1.9289800000000001,18,111,0
2024-01-25 22:25:00,1.9289800000000001,1.92899,1.9285299999999999,1.92866,48,113,0
2024-01-25 22:30:00,1.92873,1.92884,1.92854,1.92866,21,95,0
2024-01-25 22:35:00,1.92862,1.9295200000000001,1.92856,1.92926,39,19,0
2024-01-25 22:40:00,1.92926,1.9299,1.92926,1.92927,133,27,0
2024-01-25 22:45:00,1.92927,1.92946,1.92909,1.9294099999999998,73,29,0
2024-01-25 22:50:00,1.92943,1.92987,1.92931,1.92946,137,12,0
2024-01-25 22:55:00,1.92946,1.9299,1.9292799999999999,1.92988,109,22,0
2024-01-25 23:00:00,1.92995,1.93062,1.92984,1.92991,179,16,0
2024-01-25 23:05:00,1.9298899999999999,1.93021,1.92984,1.92997,141,9,0
2024-01-25 23:10:00,1.92997,1.93019,1.92997,1.9301599999999999,93,9,0
2024-01-25 23:15:00,1.9301599999999999,1.93046,1.9301599999999999,1.93035,86,8,0
2024-01-25 23:20:00,1.93035,1.93052,1.93023,1.93033,115,8,0
2024-01-25 23:25:00,1.93033,1.93066,1.93023,1.93066,251,8,0
2024-01-25 23:30:00,1.93066,1.93067,1.9304700000000001,1.93057,55,8,0
2024-01-25 23:35:00,1.93057,1.9306100000000002,1.93024,1.93026,66,8,0
2024-01-25 23:40:00,1.93026,1.9304999999999999,1.9301300000000001,1.9304000000000001,70,8,0
2024-01-25 23:45:00,1.9304000000000001,1.93045,1.9301,1.9304000000000001,109,8,0
2024-01-25 23:50:00,1.9304000000000001,1.93053,1.93019,1.93026,46,8,0
2024-01-25 23:55:00,1.93026,1.93052,1.93018,1.9304000000000001,64,8,0
2024-01-26 00:00:00,1.9304000000000001,1.93057,1.93022,1.93025,311,8,0
2024-01-26 00:05:00,1.93025,1.9309500000000002,1.93018,1.93055,392,8,0
2024-01-26 00:10:00,1.93055,1.93109,1.9305400000000001,1.9310800000000001,284,8,0
2024-01-26 00:15:00,1.93105,1.9315,1.93087,1.93117,388,8,0
2024-01-26 00:20:00,1.93118,1.93141,1.9309699999999999,1.931,260,8,0
2024-01-26 00:25:00,1.931,1.9310100000000001,1.9304999999999999,1.9305400000000001,302,8,0
2024-01-26 00:30:00,1.9305400000000001,1.93062,1.9301,1.93026,288,8,0
2024-01-26 00:35:00,1.93025,1.9304000000000001,1.92998,1.9301599999999999,365,8,0
2024-01-26 00:40:00,1.9301599999999999,1.93062,1.9301,1.93032,342,8,0
2024-01-26 00:45:00,1.93032,1.9304000000000001,1.92981,1.9298199999999999,445,8,0
2024-01-26 00:50:00,1.9298199999999999,1.93007,1.92944,1.92958,524,8,0
2024-01-26 00:55:00,1.92961,1.92992,1.92943,1.9297,593,8,0
2024-01-26 01:00:00,1.92969,1.92972,1.9294099999999998,1.92953,521,8,0
2024-01-26 01:05:00,1.92953,1.92961,1.92909,1.9294799999999999,391,8,0
2024-01-26 01:10:00,1.9294799999999999,1.9298,1.92938,1.9295200000000001,323,8,0
2024-01-26 01:15:00,1.9295200000000001,1.92962,1.92903,1.92919,401,8,0
2024-01-26 01:20:00,1.92919,1.92919,1.9283000000000001,1.9285999999999999,506,8,0
2024-01-26 01:25:00,1.9285999999999999,1.92915,1.9285999999999999,1.92897,440,8,0
2024-01-26 01:30:00,1.92897,1.92954,1.92893,1.92951,810,8,0
2024-01-26 01:35:00,1.9295200000000001,1.92956,1.92886,1.9288699999999999,747,8,0
2024-01-26 01:40:00,1.9288699999999999,1.92947,1.92886,1.9292099999999999,670,8,0
2024-01-26 01:45:00,1.92923,1.92944,1.92889,1.92929,640,8,0
2024-01-26 01:50:00,1.92929,1.92963,1.9292099999999999,1.9294799999999999,582,8,0
2024-01-26 01:55:00,1.9295,1.9296600000000002,1.9292099999999999,1.9292099999999999,537,8,0
2024-01-26 02:00:00,1.9292099999999999,1.9296600000000002,1.92917,1.9293900000000002,476,8,0
2024-01-26 02:05:00,1.9293900000000002,1.9296799999999998,1.9292799999999999,1.9296799999999998,413,8,0
2024-01-26 02:10:00,1.9296799999999998,1.92974,1.92868,1.9289800000000001,503,8,0
2024-01-26 02:15:00,1.9289800000000001,1.92931,1.92881,1.92881,422,8,0
2024-01-26 02:20:00,1.9287999999999998,1.9290699999999998,1.92855,1.92895,419,8,0
2024-01-26 02:25:00,1.92895,1.929,1.92859,1.92884,419,8,0
2024-01-26 02:30:00,1.92884,1.92897,1.92827,1.92841,462,8,0
2024-01-26 02:35:00,1.92841,1.9289399999999999,1.92829,1.92886,555,8,0
2024-01-26 02:40:00,1.92886,1.92897,1.92813,1.9284400000000002,365,8,0
2024-01-26 02:45:00,1.9284400000000002,1.92897,1.92839,1.92877,482,8,0
2024-01-26 02:50:00,1.92877,1.929,1.92869,1.92897,428,8,0
2024-01-26 02:55:00,1.92896,1.92899,1.9285,1.92866,341,8,0
2024-01-26 03:00:00,1.92866,1.92881,1.9283700000000001,1.9284,274,8,0
2024-01-26 03:05:00,1.9284,1.9286699999999999,1.92836,1.92866,373,8,0
2024-01-26 03:10:00,1.92866,1.92873,1.92834,1.92852,278,8,0
2024-01-26 03:15:00,1.9285299999999999,1.9289399999999999,1.92834,1.92882,311,8,0
2024-01-26 03:20:00,1.92882,1.92909,1.9287800000000002,1.92882,295,8,0
2024-01-26 03:25:00,1.92882,1.9289,1.92835,1.92859,333,8,0
2024-01-26 03:30:00,1.92859,1.92873,1.9283299999999999,1.92852,277,8,0
2024-01-26 03:35:00,1.92852,1.92862,1.92828,1.92835,237,8,0
2024-01-26 03:40:00,1.92835,1.92852,1.92825,1.92834,291,8,0
2024-01-26 03:45:00,1.92834,1.92847,1.92818,1.92832,163,8,0
2024-01-26 03:50:00,1.92832,1.92839,1.92824,1.92831,207,8,0
2024-01-26 03:55:00,1.92829,1.92831,1.9280599999999999,1.92808,196,8,0
2024-01-26 04:00:00,1.92807,1.92808,1.92786,1.9280300000000001,214,8,0
2024-01-26 04:05:00,1.9280300000000001,1.92825,1.92802,1.92823,151,8,0
2024-01-26 04:10:00,1.92823,1.9283000000000001,1.92791,1.9281899999999998,237,8,0
2024-01-26 04:15:00,1.9281899999999998,1.92821,1.92797,1.92809,172,8,0
2024-01-26 04:20:00,1.92809,1.92829,1.92804,1.92804,210,8,0
2024-01-26 04:25:00,1.92804,1.92816,1.92782,1.92794,264,8,0
2024-01-26 04:30:00,1.92793,1.92801,1.92759,1.9278499999999998,194,8,0
2024-01-26 04:35:00,1.9278499999999998,1.9280599999999999,1.9277600000000001,1.928,186,8,0
2024-01-26 04:40:00,1.928,1.92842,1.92791,1.92841,287,8,0
2024-01-26 04:45:00,1.92841,1.9284400000000002,1.92809,1.9281899999999998,311,8,0
2024-01-26 04:50:00,1.9281899999999998,1.9284400000000002,1.9281700000000002,1.92843,177,8,0
2024-01-26 04:55:00,1.92843,1.92866,1.92841,1.92854,124,8,0
2024-01-26 05:00:00,1.9285299999999999,1.92859,1.9280300000000001,1.92807,425,8,0
2024-01-26 05:05:00,1.92807,1.92818,1.92779,1.92791,346,8,0
2024-01-26 05:10:00,1.92791,1.92791,1.9274900000000001,1.9275,377,8,0
2024-01-26 05:15:00,1.9275,1.9276900000000001,1.92734,1.92768,322,8,0
2024-01-26 05:20:00,1.9276900000000001,1.92797,1.92767,1.9278,187,8,0
2024-01-26 05:25:00,1.9278,1.92784,1.9275099999999998,1.9275600000000002,219,8,0
2024-01-26 05:30:00,1.9275600000000002,1.9275799999999998,1.92698,1.92702,428,8,0
2024-01-26 05:35:00,1.92702,1.92725,1.92668,1.9268399999999999,498,8,0
2024-01-26 05:40:00,1.9268399999999999,1.9269699999999998,1.92638,1.92646,444,8,0
2024-01-26 05:45:00,1.92646,1.92691,1.92646,1.92665,360,8,0
2024-01-26 05:50:00,1.92665,1.92679,1.92639,1.9264000000000001,405,8,0
2024-01-26 05:55:00,1.9264000000000001,1.9272399999999998,1.92639,1.92721,401,8,0
2024-01-26 06:00:00,1.92721,1.92761,1.92712,1.9273799999999999,583,8,0
2024-01-26 06:05:00,1.9273500000000001,1.92791,1.92721,1.9276499999999999,730,8,0
2024-01-26 06:10:00,1.9276499999999999,1.92802,1.9275799999999998,1.9277600000000001,709,8,0
2024-01-26 06:15:00,1.9277600000000001,1.92795,1.9273500000000001,1.92794,538,8,0
2024-01-26 06:20:00,1.92794,1.92801,1.92739,1.9276900000000001,389,8,0
2024-01-26 06:25:00,1.9276900000000001,1.92775,1.92753,1.9276900000000001,244,8,0
2024-01-26 06:30:00,1.9276900000000001,1.92865,1.9276900000000001,1.9281000000000001,582,8,0
2024-01-26 06:35:00,1.92811,1.92842,1.9278300000000002,1.92811,424,8,0
2024-01-26 06:40:00,1.92811,1.92842,1.92807,1.9282599999999999,491,8,0
2024-01-26 06:45:00,1.9282599999999999,1.9283299999999999,1.92788,1.92825,452,8,0
2024-01-26 06:50:00,1.92825,1.92825,1.92787,1.92807,273,8,0
2024-01-26 06:55:00,1.92808,1.92838,1.92801,1.92825,417,8,0
2024-01-26 07:00:00,1.92825,1.92828,1.92782,1.92798,668,8,0
2024-01-26 07:05:00,1.92798,1.9281700000000002,1.9277,1.92797,624,8,0
2024-01-26 07:10:00,1.92797,1.92884,1.92797,1.92854,709,8,0
2024-01-26 07:15:00,1.92854,1.92895,1.92845,1.92865,830,8,0
2024-01-26 07:20:00,1.92865,1.92865,1.9279600000000001,1.92831,592,8,0
2024-01-26 07:25:00,1.92831,1.92839,1.92793,1.92801,648,8,0
2024-01-26 07:30:00,1.92801,1.9281199999999998,1.92753,1.92774,895,8,0
2024-01-26 07:35:00,1.92774,1.92775,1.9270399999999999,1.92707,565,8,0
2024-01-26 07:40:00,1.92707,1.9280300000000001,1.92694,1.9271500000000001,805,8,0
2024-01-26 07:45:00,1.9271500000000001,1.92728,1.92671,1.9269500000000002,982,8,0
2024-01-26 07:50:00,1.92694,1.9270399999999999,1.92638,1.92642,755,8,0
2024-01-26 07:55:00,1.92642,1.92666,1.92596,1.92662,688,8,0
2024-01-26 08:00:00,1.92662,1.92703,1.9262700000000001,1.92703,993,8,0
2024-01-26 08:05:00,1.92703,1.92789,1.927,1.9276900000000001,890,8,0
2024-01-26 08:10:00,1.9276900000000001,1.92823,1.92739,1.9281899999999998,981,8,0
2024-01-26 08:15:00,1.9281899999999998,1.9281899999999998,1.92752,1.9277199999999999,948,8,0
2024-01-26 08:20:00,1.9277199999999999,1.9284599999999998,1.9277199999999999,1.92843,850,8,0
2024-01-26 08:25:00,1.92843,1.92859,1.92781,1.92802,811,8,0
2024-01-26 08:30:00,1.92802,1.9284400000000002,1.92782,1.92815,1028,8,0
2024-01-26 08:35:00,1.92815,1.92884,1.92805,1.92836,716,8,0
2024-01-26 08:40:00,1.92836,1.92865,1.9282599999999999,1.92849,796,8,0
2024-01-26 08:45:00,1.92849,1.9288699999999999,1.92839,1.92885,529,8,0
2024-01-26 08:50:00,1.92885,1.92933,1.92873,1.9289800000000001,631,8,0
2024-01-26 08:55:00,1.9289800000000001,1.92956,1.92893,1.9289800000000001,762,8,0
2024-01-26 09:00:00,1.9289800000000001,1.93008,1.9287800000000002,1.93007,812,8,0
2024-01-26 09:05:00,1.93007,1.9307400000000001,1.92997,1.93041,884,8,0
2024-01-26 09:10:00,1.9304000000000001,1.93127,1.93022,1.93091,944,8,0
2024-01-26 09:15:00,1.93091,1.9310100000000001,1.93026,1.93045,805,8,0
2024-01-26 09:20:00,1.93045,1.93058,1.92987,1.92999,713,8,0
2024-01-26 09:25:00,1.92999,1.93024,1.92967,1.93024,654,8,0
2024-01-26 09:30:00,1.93024,1.93046,1.92964,1.92996,1007,8,0
2024-01-26 09:35:00,1.92996,1.93005,1.9294799999999999,1.9295200000000001,728,8,0
2024-01-26 09:40:00,1.9295200000000001,1.93015,1.92949,1.9301,720,8,0
2024-01-26 09:45:00,1.9301,1.93022,1.9294099999999998,1.92965,778,8,0
2024-01-26 09:50:00,1.92965,1.92981,1.92944,1.9297499999999999,680,8,0
2024-01-26 09:55:00,1.92976,1.92995,1.92899,1.92915,748,8,0
2024-01-26 10:00:00,1.92915,1.92951,1.92872,1.92938,754,8,0
2024-01-26 10:05:00,1.92938,1.9297,1.92915,1.92943,640,8,0
2024-01-26 10:10:00,1.92943,1.92977,1.9292,1.92953,546,8,0
2024-01-26 10:15:00,1.92953,1.9299,1.92953,1.9297499999999999,565,8,0
2024-01-26 10:20:00,1.9297499999999999,1.93018,1.92961,1.92987,471,8,0
2024-01-26 10:25:00,1.92987,1.93032,1.92984,1.9302899999999998,710,8,0
2024-01-26 10:30:00,1.9302899999999998,1.93087,1.93028,1.93083,569,8,0
2024-01-26 10:35:00,1.93083,1.93086,1.9302000000000001,1.93028,530,8,0
2024-01-26 10:40:00,1.93028,1.93046,1.92994,1.93011,582,8,0
2024-01-26 10:45:00,1.93011,1.9302700000000002,1.92973,1.9300899999999999,624,8,0
2024-01-26 10:50:00,1.9300899999999999,1.93048,1.93004,1.93031,511,8,0
2024-01-26 10:55:00,1.93032,1.93052,1.93011,1.93039,537,8,0
2024-01-26 11:00:00,1.93039,1.93056,1.9300899999999999,1.93037,716,8,0
2024-01-26 11:05:00,1.93037,1.9314,1.93012,1.9312200000000002,732,8,0
2024-01-26 11:10:00,1.9312200000000002,1.9316900000000001,1.93119,1.93144,595,8,0
2024-01-26 11:15:00,1.93144,1.93163,1.93079,1.93084,775,8,0
2024-01-26 11:20:00,1.93084,1.93129,1.93066,1.93092,718,8,0
2024-01-26 11:25:00,1.93092,1.93103,1.93039,1.93056,585,8,0
2024-01-26 11:30:00,1.93052,1.9308800000000002,1.93028,1.93059,528,8,0
2024-01-26 11:35:00,1.93059,1.93116,1.93056,1.93105,533,8,0
2024-01-26 11:40:00,1.93105,1.9315099999999998,1.93075,1.93129,619,8,0
2024-01-26 11:45:00,1.93129,1.9313799999999999,1.93107,1.93109,462,8,0
2024-01-26 11:50:00,1.93109,1.93184,1.93109,1.93141,560,8,0
2024-01-26 11:55:00,1.93141,1.9315600000000002,1.93107,1.93123,531,8,0
2024-01-26 12:00:00,1.9312200000000002,1.9312200000000002,1.93031,1.93048,492,8,0
2024-01-26 12:05:00,1.93048,1.93053,1.92996,1.9300899999999999,480,8,0
2024-01-26 12:10:00,1.9300899999999999,1.9309500000000002,1.93006,1.9309500000000002,404,8,0
2024-01-26 12:15:00,1.9309500000000002,1.93106,1.93064,1.93076,499,8,0
2024-01-26 12:20:00,1.93076,1.9310100000000001,1.9306,1.93092,488,8,0
2024-01-26 12:25:00,1.93092,1.93103,1.9306100000000002,1.9308100000000001,478,8,0
2024-01-26 12:30:00,1.9308,1.9309500000000002,1.93053,1.93084,559,8,0
2024-01-26 12:35:00,1.93084,1.93091,1.93039,1.9306299999999998,541,8,0
2024-01-26 12:40:00,1.93064,1.93071,1.93021,1.93033,528,8,0
2024-01-26 12:45:00,1.93033,1.93087,1.93019,1.93059,586,8,0
2024-01-26 12:50:00,1.93058,1.93109,1.93056,1.93092,550,8,0
2024-01-26 12:55:00,1.93092,1.9311500000000001,1.93051,1.93078,680,8,0
2024-01-26 13:00:00,1.93078,1.93086,1.93044,1.93076,991,8,0
2024-01-26 13:05:00,1.93076,1.93094,1.93049,1.93089,778,8,0
2024-01-26 13:10:00,1.93089,1.93129,1.93073,1.93121,856,8,0
2024-01-26 13:15:00,1.9312,1.93132,1.93094,1.93112,825,8,0
2024-01-26 13:20:00,1.93112,1.93132,1.93064,1.93091,994,8,0
2024-01-26 13:25:00,1.93091,1.93109,1.93024,1.93024,878,8,0
2024-01-26 13:30:00,1.9302000000000001,1.93163,1.9298,1.93092,2602,8,0
2024-01-26 13:35:00,1.9308999999999998,1.93182,1.93042,1.93116,1999,8,0
2024-01-26 13:40:00,1.93116,1.93123,1.9303599999999999,1.9304299999999999,1793,8,0
2024-01-26 13:45:00,1.9304299999999999,1.9310100000000001,1.92999,1.93018,1745,8,0
2024-01-26 13:50:00,1.93018,1.9306299999999998,1.93003,1.93041,1588,8,0
2024-01-26 13:55:00,1.93041,1.9307400000000001,1.92999,1.93031,1501,8,0
2024-01-26 14:00:00,1.93031,1.93087,1.9300199999999998,1.93078,1453,8,0
2024-01-26 14:05:00,1.93078,1.93125,1.93048,1.93057,1197,8,0
2024-01-26 14:10:00,1.93057,1.93194,1.93057,1.93175,1266,8,0
2024-01-26 14:15:00,1.93175,1.93243,1.93175,1.93216,1193,8,0
2024-01-26 14:20:00,1.93214,1.9323000000000001,1.9316499999999999,1.9318,1274,8,0
2024-01-26 14:25:00,1.9318,1.9319,1.93117,1.9315,1167,8,0
2024-01-26 14:30:00,1.9315,1.93184,1.93072,1.93105,1618,8,0
2024-01-26 14:35:00,1.93105,1.9315600000000002,1.9304999999999999,1.93059,1573,8,0
2024-01-26 14:40:00,1.93059,1.93187,1.9304700000000001,1.93177,1297,8,0
2024-01-26 14:45:00,1.93177,1.9321899999999999,1.93174,1.93207,1297,8,0
2024-01-26 14:50:00,1.93207,1.9323700000000001,1.93109,1.9312,1145,8,0
2024-01-26 14:55:00,1.9312,1.93163,1.9310399999999999,1.93154,852,8,0
2024-01-26 15:00:00,1.9315600000000002,1.93215,1.9315,1.9318499999999998,1570,8,0
2024-01-26 15:05:00,1.9318499999999998,1.93239,1.9312399999999998,1.93191,1379,8,0
2024-01-26 15:10:00,1.93189,1.93209,1.93114,1.93121,1219,8,0
2024-01-26 15:15:00,1.93121,1.93182,1.93121,1.93153,1148,8,0
2024-01-26 15:20:00,1.9315099999999998,1.93167,1.9311099999999999,1.9315799999999999,1276,8,0
2024-01-26 15:25:00,1.9315799999999999,1.9316499999999999,1.93106,1.93144,1156,8,0
2024-01-26 15:30:00,1.93144,1.93148,1.93044,1.9305400000000001,1095,8,0
2024-01-26 15:35:00,1.9305400000000001,1.93056,1.92995,1.93018,920,8,0
2024-01-26 15:40:00,1.93018,1.93021,1.92929,1.92931,951,8,0
2024-01-26 15:45:00,1.92931,1.93011,1.9291800000000001,1.93007,1040,8,0
2024-01-26 15:50:00,1.93007,1.93058,1.92957,1.93051,1097,8,0
2024-01-26 15:55:00,1.93052,1.93075,1.93005,1.93039,1181,8,0
2024-01-26 16:00:00,1.93039,1.93082,1.9302700000000002,1.93035,1161,8,0
2024-01-26 16:05:00,1.93034,1.93071,1.93006,1.93019,953,8,0
2024-01-26 16:10:00,1.93018,1.93078,1.9301,1.93057,918,8,0
2024-01-26 16:15:00,1.93057,1.9311,1.93044,1.93091,921,8,0
2024-01-26 16:20:00,1.93091,1.9315099999999998,1.93082,1.9313099999999999,803,8,0
2024-01-26 16:25:00,1.9313099999999999,1.93184,1.93116,1.93147,752,8,0
2024-01-26 16:30:00,1.93147,1.93175,1.9312200000000002,1.93137,673,8,0
2024-01-26 16:35:00,1.93137,1.9315,1.9311099999999999,1.93117,741,8,0
2024-01-26 16:40:00,1.9311500000000001,1.9315799999999999,1.93084,1.93133,805,8,0
2024-01-26 16:45:00,1.93133,1.9313500000000001,1.93089,1.9309500000000002,762,8,0
2024-01-26 16:50:00,1.9309500000000002,1.93107,1.93075,1.9310100000000001,667,8,0
2024-01-26 16:55:00,1.9310100000000001,1.93121,1.93082,1.9308800000000002,554,8,0
2024-01-26 17:00:00,1.9308800000000002,1.93129,1.93076,1.9312399999999998,621,8,0
2024-01-26 17:05:00,1.93125,1.93127,1.93093,1.9310100000000001,620,8,0
2024-01-26 17:10:00,1.9310100000000001,1.9314200000000001,1.9307699999999999,1.93082,664,8,0
2024-01-26 17:15:00,1.93082,1.93126,1.93055,1.93065,438,8,0
2024-01-26 17:20:00,1.93065,1.9309699999999999,1.93046,1.93086,398,8,0
2024-01-26 17:25:00,1.93086,1.931,1.93053,1.9306999999999999,489,8,0
2024-01-26 17:30:00,1.9306999999999999,1.9308,1.9304299999999999,1.93055,603,8,0
2024-01-26 17:35:00,1.93055,1.93083,1.93041,1.9306,696,8,0
2024-01-26 17:40:00,1.9306,1.93102,1.93049,1.93075,607,8,0
2024-01-26 17:45:00,1.93075,1.9314900000000002,1.9306299999999998,1.9314900000000002,527,8,0
2024-01-26 17:50:00,1.9314900000000002,1.93232,1.9313099999999999,1.93209,547,8,0
2024-01-26 17:55:00,1.93209,1.93213,1.93146,1.93179,384,8,0
2024-01-26 18:00:00,1.9318,1.9323299999999999,1.93174,1.93194,598,8,0
2024-01-26 18:05:00,1.93195,1.93231,1.93195,1.9320300000000001,501,8,0
2024-01-26 18:10:00,1.9320300000000001,1.93232,1.93188,1.93228,387,8,0
2024-01-26 18:15:00,1.93228,1.9324,1.9319,1.9321000000000002,525,8,0
2024-01-26 18:20:00,1.9321000000000002,1.93214,1.9318,1.93193,499,8,0
2024-01-26 18:25:00,1.93193,1.93197,1.93141,1.93146,578,8,0
2024-01-26 18:30:00,1.93146,1.9316,1.93112,1.93113,603,8,0
2024-01-26 18:35:00,1.93113,1.93143,1.93098,1.931,510,8,0
2024-01-26 18:40:00,1.931,1.93152,1.93094,1.93116,691,8,0
2024-01-26 18:45:00,1.93116,1.93128,1.93082,1.9308800000000002,519,8,0
2024-01-26 18:50:00,1.9308800000000002,1.93098,1.93068,1.93089,422,8,0
2024-01-26 18:55:00,1.93089,1.93099,1.9307400000000001,1.9309500000000002,457,8,0
2024-01-26 19:00:00,1.9309500000000002,1.93098,1.9305400000000001,1.93064,468,8,0
2024-01-26 19:05:00,1.93064,1.93085,1.9306100000000002,1.9307699999999999,271,8,0
2024-01-26 19:10:00,1.9307699999999999,1.93098,1.93064,1.93078,307,8,0
2024-01-26 19:15:00,1.93078,1.93078,1.9304700000000001,1.93056,269,8,0
2024-01-26 19:20:00,1.93056,1.93099,1.93048,1.9307699999999999,252,8,0
2024-01-26 19:25:00,1.9307699999999999,1.93084,1.93037,1.9304700000000001,316,8,0
2024-01-26 19:30:00,1.93046,1.93048,1.9303,1.93045,177,8,0
2024-01-26 19:35:00,1.93045,1.93089,1.93005,1.93032,338,8,0
2024-01-26 19:40:00,1.93032,1.93049,1.9301300000000001,1.93018,305,8,0
2024-01-26 19:45:00,1.93018,1.93028,1.9299300000000001,1.93008,354,8,0
2024-01-26 19:50:00,1.93008,1.93022,1.92985,1.9301599999999999,401,8,0
2024-01-26 19:55:00,1.9301599999999999,1.93032,1.93003,1.93025,453,8,0
2024-01-26 20:00:00,1.93025,1.9305400000000001,1.92998,1.93049,430,8,0
2024-01-26 20:05:00,1.93049,1.93062,1.93022,1.9306,228,8,0
2024-01-26 20:10:00,1.9306,1.9306,1.93026,1.93046,273,8,0
2024-01-26 20:15:00,1.93046,1.93057,1.93035,1.9304999999999999,266,8,0
2024-01-26 20:20:00,1.93049,1.93064,1.9303599999999999,1.93046,289,8,0
2024-01-26 20:25:00,1.93046,1.93093,1.93045,1.93079,285,8,0
2024-01-26 20:30:00,1.93079,1.9308100000000001,1.93052,1.9306100000000002,358,8,0
2024-01-26 20:35:00,1.9306100000000002,1.93068,1.93045,1.9305400000000001,296,8,0
2024-01-26 20:40:00,1.9305400000000001,1.93065,1.93017,1.9304999999999999,376,8,0
2024-01-26 20:45:00,1.9304999999999999,1.9305400000000001,1.9302000000000001,1.93035,305,8,0
2024-01-26 20:50:00,1.9303599999999999,1.93065,1.93018,1.9304700000000001,339,8,0
2024-01-26 20:55:00,1.9304700000000001,1.93056,1.93001,1.93017,374,8,0
2024-01-26 21:00:00,1.93017,1.93034,1.9298899999999999,1.9302899999999998,341,8,0
2024-01-26 21:05:00,1.9302899999999998,1.93048,1.93028,1.9304299999999999,225,8,0
2024-01-26 21:10:00,1.9304299999999999,1.9308800000000002,1.93035,1.9308100000000001,212,8,0
2024-01-26 21:15:00,1.9308100000000001,1.93083,1.93055,1.93059,221,8,0
2024-01-26 21:20:00,1.9306,1.93087,1.93055,1.93084,194,8,0
2024-01-26 21:25:00,1.93084,1.9310100000000001,1.9305400000000001,1.93065,304,8,0
2024-01-26 21:30:00,1.93065,1.93102,1.9306100000000002,1.93092,120,8,0
2024-01-26 21:35:00,1.93092,1.93114,1.93071,1.931,157,8,0
2024-01-26 21:40:00,1.931,1.93102,1.93073,1.9308800000000002,220,8,0
2024-01-26 21:45:00,1.93087,1.9312,1.93079,1.9308100000000001,378,8,0
2024-01-26 21:50:00,1.9308100000000001,1.93103,1.9306100000000002,1.93078,435,8,0
2024-01-28 22:05:00,1.93096,1.9309699999999999,1.93076,1.9309500000000002,29,145,0
2024-01-28 22:10:00,1.9309500000000002,1.93153,1.9309500000000002,1.93153,9,68,0
2024-01-28 22:15:00,1.93153,1.93179,1.93087,1.9316499999999999,19,68,0
2024-01-28 22:20:00,1.9316499999999999,1.9316499999999999,1.9315799999999999,1.93161,8,145,0
2024-01-28 22:25:00,1.93161,1.93161,1.93161,1.93161,5,146,0
2024-01-28 22:30:00,1.93161,1.9316499999999999,1.93112,1.9316499999999999,23,106,0
2024-01-28 22:35:00,1.9316499999999999,1.93189,1.9311500000000001,1.9314900000000002,276,63,0
2024-01-28 22:40:00,1.9312,1.9314900000000002,1.93094,1.93146,395,62,0
2024-01-28 22:45:00,1.93144,1.93144,1.9307699999999999,1.9308999999999998,43,64,0
2024-01-28 22:50:00,1.9308999999999998,1.9309699999999999,1.93055,1.93089,99,79,0
2024-01-28 22:55:00,1.93089,1.9322,1.93089,1.93184,134,49,0
2024-01-28 23:00:00,1.93184,1.93213,1.93114,1.93121,297,9,0
2024-01-28 23:05:00,1.93134,1.932,1.93129,1.9314200000000001,202,8,0
2024-01-28 23:10:00,1.9314,1.9315,1.9311,1.93114,157,8,0
2024-01-28 23:15:00,1.93114,1.9313500000000001,1.93065,1.93066,298,8,0
2024-01-28 23:20:00,1.93066,1.9307699999999999,1.93014,1.93026,410,8,0
2024-01-28 23:25:00,1.93026,1.93026,1.9285999999999999,1.9286400000000001,530,8,0
2024-01-28 23:30:00,1.92859,1.9307400000000001,1.9285700000000001,1.93031,505,8,0
2024-01-28 23:35:00,1.93031,1.93109,1.93012,1.93099,486,8,0
2024-01-28 23:40:00,1.931,1.9312399999999998,1.9308999999999998,1.9311099999999999,298,8,0
2024-01-28 23:45:00,1.9311,1.93113,1.93045,1.9304700000000001,217,8,0
2024-01-28 23:50:00,1.9304700000000001,1.93056,1.92998,1.92998,286,8,0
2024-01-28 23:55:00,1.92998,1.9303599999999999,1.92988,1.93032,297,8,0
2024-01-29 00:00:00,1.93033,1.9306999999999999,1.93026,1.9305400000000001,345,8,0
2024-01-29 00:05:00,1.9305400000000001,1.93055,1.92976,1.9299,316,8,0
2024-01-29 00:10:00,1.9298899999999999,1.93056,1.9297499999999999,1.93046,398,8,0
2024-01-29 00:15:00,1.9304700000000001,1.93056,1.92976,1.92976,418,8,0
2024-01-29 00:20:00,1.92976,1.93025,1.9297499999999999,1.93019,485,8,0
2024-01-29 00:25:00,1.93019,1.93086,1.93018,1.93042,488,8,0
2024-01-29 00:30:00,1.93042,1.93092,1.93015,1.93078,274,8,0
2024-01-29 00:35:00,1.93078,1.93096,1.9303599999999999,1.93038,320,8,0
2024-01-29 00:40:00,1.93038,1.93038,1.92944,1.9297499999999999,387,8,0
2024-01-29 00:45:00,1.9297499999999999,1.9298,1.92922,1.92945,614,8,0
2024-01-29 00:50:00,1.92945,1.92981,1.92937,1.92938,599,8,0
2024-01-29 00:55:00,1.92937,1.92987,1.92922,1.92945,646,8,0
2024-01-29 01:00:00,1.92945,1.92946,1.92851,1.9287100000000001,823,8,0
2024-01-29 01:05:00,1.9287100000000001,1.92876,1.9279899999999999,1.9285999999999999,825,8,0
2024-01-29 01:10:00,1.9285999999999999,1.92861,1.9276,1.9277600000000001,632,8,0
2024-01-29 01:15:00,1.9277600000000001,1.9279899999999999,1.92753,1.9275799999999998,649,8,0
2024-01-29 01:20:00,1.9275799999999998,1.92761,1.9268800000000001,1.92713,613,8,0
2024-01-29 01:25:00,1.92713,1.9275600000000002,1.92698,1.92737,634,8,0
2024-01-29 01:30:00,1.92737,1.92747,1.9268399999999999,1.9269699999999998,810,8,0
2024-01-29 01:35:00,1.92698,1.927,1.92659,1.92664,705,8,0
2024-01-29 01:40:00,1.92664,1.9267400000000001,1.92624,1.92626,604,8,0
2024-01-29 01:45:00,1.92626,1.92687,1.92624,1.9268,717,8,0
2024-01-29 01:50:00,1.9268,1.9271,1.92662,1.92672,713,8,0
2024-01-29 01:55:00,1.92668,1.92679,1.9263,1.92668,539,8,0
2024-01-29 02:00:00,1.92668,1.92746,1.92668,1.92734,547,8,0
2024-01-29 02:05:00,1.92734,1.9279199999999999,1.92705,1.9278,504,8,0
2024-01-29 02:10:00,1.9278,1.9282,1.92757,1.9276499999999999,686,8,0
2024-01-29 02:15:00,1.9276499999999999,1.92793,1.92753,1.9276200000000001,472,8,0
2024-01-29 02:20:00,1.9276200000000001,1.92801,1.9275799999999998,1.92778,458,8,0
2024-01-29 02:25:00,1.92778,1.92813,1.92748,1.92805,415,8,0
2024-01-29 02:30:00,1.92805,1.92827,1.92781,1.92784,422,8,0
2024-01-29 02:35:00,1.92784,1.92802,1.92753,1.92754,426,8,0
2024-01-29 02:40:00,1.92754,1.92782,1.92737,1.9277,477,8,0
2024-01-29 02:45:00,1.9277,1.92801,1.92728,1.9273799999999999,411,8,0
2024-01-29 02:50:00,1.92741,1.9279,1.92736,1.9278499999999998,363,8,0
2024-01-29 02:55:00,1.9278499999999998,1.9278499999999998,1.92732,1.92737,458,8,0
2024-01-29 03:00:00,1.92737,1.92746,1.92699,1.92743,556,8,0
2024-01-29 03:05:00,1.92743,1.92746,1.9267400000000001,1.92682,444,8,0
2024-01-29 03:10:00,1.9268,1.9269699999999998,1.92662,1.9269500000000002,237,8,0
2024-01-29 03:15:00,1.9269500000000002,1.9275799999999998,1.9269500000000002,1.92741,436,8,0
2024-01-29 03:20:00,1.9274,1.92794,1.92726,1.92734,573,8,0
2024-01-29 03:25:00,1.92733,1.92775,1.92726,1.92768,522,8,0
2024-01-29 03:30:00,1.92768,1.92777,1.92733,1.9277600000000001,414,8,0
2024-01-29 03:35:00,1.9277600000000001,1.92782,1.92752,1.92764,310,8,0
2024-01-29 03:40:00,1.92764,1.92774,1.92754,1.9277,261,8,0
2024-01-29 03:45:00,1.9277,1.92784,1.9276,1.9278300000000002,299,8,0
2024-01-29 03:50:00,1.9278300000000002,1.92789,1.9274,1.92743,334,8,0
2024-01-29 03:55:00,1.92743,1.92744,1.92721,1.92728,340,8,0
2024-01-29 04:00:00,1.92728,1.92734,1.92679,1.92686,279,8,0
2024-01-29 04:05:00,1.92686,1.92696,1.92672,1.9268999999999998,292,8,0
2024-01-29 04:10:00,1.9268999999999998,1.92716,1.92662,1.92706,302,8,0
2024-01-29 04:15:00,1.92706,1.9277600000000001,1.92706,1.92766,297,8,0
2024-01-29 04:20:00,1.92766,1.9277,1.92736,1.92736,267,8,0
2024-01-29 04:25:00,1.92734,1.92736,1.92685,1.92687,324,8,0
2024-01-29 04:30:00,1.92687,1.92706,1.92676,1.9268999999999998,251,8,0
2024-01-29 04:35:00,1.9268999999999998,1.927,1.9267699999999999,1.92696,269,8,0
2024-01-29 04:40:00,1.92696,1.9272200000000002,1.92691,1.92691,296,8,0
2024-01-29 04:45:00,1.92691,1.9275,1.9268100000000001,1.9273799999999999,225,8,0
2024-01-29 04:50:00,1.9273799999999999,1.9281899999999998,1.92718,1.9278,264,8,0
2024-01-29 04:55:00,1.9278,1.9282599999999999,1.92779,1.9282,262,8,0
2024-01-29 05:00:00,1.9281899999999998,1.9283000000000001,1.92795,1.92811,458,8,0
2024-01-29 05:05:00,1.92811,1.92828,1.92801,1.92815,449,8,0
2024-01-29 05:10:00,1.92814,1.92851,1.9280300000000001,1.92809,358,8,0
2024-01-29 05:15:00,1.92809,1.92824,1.9274499999999999,1.92746,377,8,0
2024-01-29 05:20:00,1.92746,1.9276200000000001,1.9273500000000001,1.92757,315,8,0
2024-01-29 05:25:00,1.92757,1.92775,1.92721,1.9273500000000001,274,8,0
2024-01-29 05:30:00,1.9273500000000001,1.92788,1.9273,1.9276900000000001,305,8,0
2024-01-29 05:35:00,1.9276900000000001,1.92807,1.92766,1.9277,442,8,0
2024-01-29 05:40:00,1.9276900000000001,1.92786,1.9274200000000001,1.9274900000000001,450,8,0
2024-01-29 05:45:00,1.9274900000000001,1.92777,1.9274,1.9276200000000001,524,8,0
2024-01-29 05:50:00,1.9276200000000001,1.92763,1.9272,1.92739,341,8,0
2024-01-29 05:55:00,1.92739,1.92801,1.9273099999999999,1.92781,461,8,0
2024-01-29 06:00:00,1.92781,1.92811,1.92766,1.9280300000000001,292,8,0
2024-01-29 06:05:00,1.9280300000000001,1.9280599999999999,1.92737,1.92739,301,8,0
2024-01-29 06:10:00,1.92739,1.92752,1.92723,1.92726,282,8,0
2024-01-29 06:15:00,1.92726,1.92728,1.9268800000000001,1.92718,209,8,0
2024-01-29 06:20:00,1.92718,1.92752,1.9271500000000001,1.92747,431,8,0
2024-01-29 06:25:00,1.92747,1.9276,1.9271500000000001,1.92743,309,8,0
2024-01-29 06:30:00,1.92743,1.92753,1.9272,1.9273099999999999,336,8,0
2024-01-29 06:35:00,1.9273099999999999,1.92761,1.92718,1.92755,439,8,0
2024-01-29 06:40:00,1.92755,1.92793,1.92744,1.9278300000000002,268,8,0
2024-01-29 06:45:00,1.9278300000000002,1.92784,1.92712,1.92713,389,8,0
2024-01-29 06:50:00,1.92713,1.9277600000000001,1.92712,1.92774,398,8,0
2024-01-29 06:55:00,1.92774,1.9279899999999999,1.92763,1.92778,444,8,0
2024-01-29 07:00:00,1.9278,1.92861,1.92777,1.92843,814,8,0
2024-01-29 07:05:00,1.92843,1.92852,1.9281700000000002,1.92827,592,8,0
2024-01-29 07:10:00,1.92827,1.92852,1.92786,1.92786,552,8,0
2024-01-29 07:15:00,1.92786,1.92816,1.92774,1.92805,510,8,0
2024-01-29 07:20:00,1.92805,1.92815,1.9275,1.92775,486,8,0
2024-01-29 07:25:00,1.92775,1.92777,1.92718,1.92719,550,8,0
2024-01-29 07:30:00,1.9272,1.92763,1.92694,1.92741,782,8,0
2024-01-29 07:35:00,1.92741,1.92741,1.9266299999999998,1.92678,613,8,0
2024-01-29 07:40:00,1.92676,1.9268,1.92564,1.92565,670,8,0
2024-01-29 07:45:00,1.92565,1.9259,1.92556,1.92571,452,8,0
2024-01-29 07:50:00,1.9257,1.9265400000000001,1.92563,1.9262899999999998,643,8,0
2024-01-29 07:55:00,1.9262899999999998,1.92667,1.92597,1.9261599999999999,712,8,0
2024-01-29 08:00:00,1.9261599999999999,1.92622,1.92542,1.92557,1044,8,0
2024-01-29 08:05:00,1.92556,1.9261,1.92546,1.92601,817,8,0
2024-01-29 08:10:00,1.92601,1.92657,1.9258199999999999,1.9262000000000001,716,8,0
2024-01-29 08:15:00,1.9262000000000001,1.9268800000000001,1.9261599999999999,1.92658,900,8,0
2024-01-29 08:20:00,1.92658,1.92685,1.9262700000000001,1.92632,684,8,0
2024-01-29 08:25:00,1.92633,1.92691,1.9262700000000001,1.92683,803,8,0
2024-01-29 08:30:00,1.92683,1.92683,1.92611,1.92632,820,8,0
2024-01-29 08:35:00,1.92632,1.92645,1.92595,1.92603,782,8,0
2024-01-29 08:40:00,1.92603,1.9262700000000001,1.9252099999999999,1.92533,681,8,0
2024-01-29 08:45:00,1.92534,1.92597,1.92508,1.9257900000000001,625,8,0
2024-01-29 08:50:00,1.9257900000000001,1.9260000000000002,1.92554,1.9258,557,8,0
2024-01-29 08:55:00,1.9258,1.9260899999999999,1.92516,1.92519,697,8,0
2024-01-29 09:00:00,1.9252,1.92583,1.9247100000000001,1.9255499999999999,902,8,0
2024-01-29 09:05:00,1.9255499999999999,1.9257900000000001,1.92502,1.9257900000000001,996,8,0
2024-01-29 09:10:00,1.9257499999999999,1.92607,1.92546,1.92606,702,8,0
2024-01-29 09:15:00,1.92606,1.92651,1.92524,1.92543,802,8,0
2024-01-29 09:20:00,1.92543,1.9258199999999999,1.92533,1.92534,614,8,0
2024-01-29 09:25:00,1.92534,1.9256,1.9251800000000001,1.92546,609,8,0
2024-01-29 09:30:00,1.92546,1.9262899999999998,1.92537,1.9261300000000001,863,8,0
2024-01-29 09:35:00,1.9261300000000001,1.9262700000000001,1.92572,1.92585,631,8,0
2024-01-29 09:40:00,1.92585,1.9260000000000002,1.92551,1.92576,607,8,0
2024-01-29 09:45:00,1.92576,1.92595,1.92483,1.92495,619,8,0
2024-01-29 09:50:00,1.92495,1.92516,1.92454,1.9250500000000001,635,8,0
2024-01-29 09:55:00,1.9250500000000001,1.9252,1.92452,1.92458,529,8,0
2024-01-29 10:00:00,1.92458,1.92492,1.9245100000000002,1.92473,697,8,0
2024-01-29 10:05:00,1.92473,1.9256600000000001,1.92469,1.92558,619,8,0
2024-01-29 10:10:00,1.92558,1.92565,1.92529,1.9254099999999998,515,8,0
2024-01-29 10:15:00,1.9254099999999998,1.92577,1.92526,1.92576,462,8,0
2024-01-29 10:20:00,1.92576,1.9260199999999998,1.9245,1.9245299999999999,535,8,0
2024-01-29 10:25:00,1.9245299999999999,1.92465,1.92421,1.9243700000000001,591,8,0
2024-01-29 10:30:00,1.9243700000000001,1.92454,1.9239199999999999,1.9239600000000001,650,8,0
2024-01-29 10:35:00,1.9239600000000001,1.9241700000000002,1.92371,1.92382,687,8,0
2024-01-29 10:40:00,1.92382,1.924,1.92348,1.92362,699,8,0
2024-01-29 10:45:00,1.92362,1.92441,1.92359,1.9241899999999998,651,8,0
2024-01-29 10:50:00,1.9241899999999998,1.92463,1.92393,1.92415,630,8,0
2024-01-29 10:55:00,1.9241700000000002,1.92458,1.92416,1.92445,704,8,0
2024-01-29 11:00:00,1.92445,1.92479,1.92416,1.9245700000000001,695,8,0
2024-01-29 11:05:00,1.9245700000000001,1.9249800000000001,1.92411,1.92431,730,8,0
2024-01-29 11:10:00,1.92431,1.9244400000000002,1.92375,1.92395,682,8,0
2024-01-29 11:15:00,1.92395,1.92401,1.9233,1.92391,781,8,0
2024-01-29 11:20:00,1.9239199999999999,1.924,1.9236900000000001,1.92384,528,8,0
2024-01-29 11:25:00,1.92384,1.9241000000000001,1.92354,1.92375,486,8,0
2024-01-29 11:30:00,1.92375,1.9239600000000001,1.92352,1.92371,546,8,0
2024-01-29 11:35:00,1.92371,1.9239899999999999,1.92353,1.9239000000000002,565,8,0
2024-01-29 11:40:00,1.9239000000000002,1.92434,1.92382,1.9242599999999999,598,8,0
2024-01-29 11:45:00,1.9242599999999999,1.92439,1.9237600000000001,1.92382,503,8,0
2024-01-29 11:50:00,1.9238300000000002,1.92386,1.92307,1.9234,622,8,0
2024-01-29 11:55:00,1.92339,1.92374,1.92327,1.92361,585,8,0
2024-01-29 12:00:00,1.92361,1.92388,1.9232200000000002,1.92371,588,8,0
2024-01-29 12:05:00,1.92371,1.92434,1.9236499999999999,1.92421,496,8,0
2024-01-29 12:10:00,1.92421,1.92448,1.92416,1.92427,434,8,0
2024-01-29 12:15:00,1.9242599999999999,1.9245100000000002,1.92409,1.92422,470,8,0
2024-01-29 12:20:00,1.92422,1.9246699999999999,1.92408,1.9246699999999999,477,8,0
2024-01-29 12:25:00,1.92472,1.92519,1.92463,1.92486,485,8,0
2024-01-29 12:30:00,1.92486,1.9253,1.92486,1.9253,514,8,0
2024-01-29 12:35:00,1.9253,1.92544,1.92468,1.9249399999999999,606,8,0
2024-01-29 12:40:00,1.9249399999999999,1.9249800000000001,1.9242599999999999,1.92438,424,8,0
2024-01-29 12:45:00,1.92438,1.9245,1.92411,1.92447,590,8,0
2024-01-29 12:50:00,1.92447,1.9245999999999999,1.924,1.92409,735,8,0
2024-01-29 12:55:00,1.92409,1.92438,1.92395,1.92411,491,8,0
2024-01-29 13:00:00,1.92411,1.92411,1.92334,1.92353,824,8,0
2024-01-29 13:05:00,1.92353,1.9237199999999999,1.9233500000000001,1.92357,552,8,0
2024-01-29 13:10:00,1.92357,1.92361,1.9231500000000001,1.92333,547,8,0
2024-01-29 13:15:00,1.92333,1.92371,1.92292,1.92293,581,8,0
2024-01-29 13:20:00,1.92293,1.9232399999999998,1.92251,1.92271,794,8,0
2024-01-29 13:25:00,1.92271,1.9231099999999999,1.92266,1.92275,600,8,0
2024-01-29 13:30:00,1.92275,1.92301,1.92241,1.9227400000000001,820,8,0
2024-01-29 13:35:00,1.9227400000000001,1.9236,1.9227400000000001,1.92321,907,8,0
2024-01-29 13:40:00,1.9232399999999998,1.92334,1.9226100000000002,1.92292,806,8,0
2024-01-29 13:45:00,1.92292,1.9232200000000002,1.92251,1.9232,892,8,0
2024-01-29 13:50:00,1.9232,1.92379,1.92305,1.92368,769,8,0
2024-01-29 13:55:00,1.92368,1.92382,1.9234,1.92347,770,8,0
2024-01-29 14:00:00,1.92346,1.92401,1.9234499999999999,1.92397,774,8,0
2024-01-29 14:05:00,1.92397,1.92398,1.92325,1.92332,567,8,0
2024-01-29 14:10:00,1.92332,1.92351,1.92303,1.92316,705,8,0
2024-01-29 14:15:00,1.92316,1.92397,1.923,1.92367,816,8,0
2024-01-29 14:20:00,1.9236900000000001,1.92448,1.9236900000000001,1.92443,713,8,0
2024-01-29 14:25:00,1.92443,1.92452,1.92412,1.92416,767,8,0
2024-01-29 14:30:00,1.92416,1.92527,1.92415,1.9250099999999999,1145,8,0
2024-01-29 14:35:00,1.9250099999999999,1.92503,1.9243999999999999,1.9249,1130,8,0
2024-01-29 14:40:00,1.9249,1.92545,1.92486,1.9253200000000001,952,8,0
2024-01-29 14:45:00,1.9253200000000001,1.9253200000000001,1.92468,1.92504,1042,8,0
2024-01-29 14:50:00,1.92504,1.92515,1.92458,1.92458,763,8,0
2024-01-29 14:55:00,1.92458,1.92461,1.92379,1.9242,859,8,0
2024-01-29 15:00:00,1.92428,1.9250500000000001,1.92401,1.9250500000000001,1040,8,0
2024-01-29 15:05:00,1.9250500000000001,1.9252500000000001,1.924,1.92408,886,8,0
2024-01-29 15:10:00,1.92407,1.9245100000000002,1.9240300000000001,1.92411,807,8,0
2024-01-29 15:15:00,1.9241000000000001,1.9242,1.9234900000000001,1.92368,925,8,0
2024-01-29 15:20:00,1.92368,1.9239199999999999,1.92355,1.92367,917,8,0
2024-01-29 15:25:00,1.92367,1.92448,1.92367,1.92378,1022,8,0
2024-01-29 15:30:00,1.92378,1.92442,1.92355,1.92427,1130,8,0
2024-01-29 15:35:00,1.92427,1.9244599999999998,1.92384,1.92388,852,8,0
2024-01-29 15:40:00,1.92389,1.9247999999999998,1.9237199999999999,1.92452,962,8,0
2024-01-29 15:45:00,1.92452,1.9246400000000001,1.92394,1.9242599999999999,1112,8,0
2024-01-29 15:50:00,1.9242599999999999,1.92428,1.92296,1.92303,860,8,0
2024-01-29 15:55:00,1.92303,1.92334,1.9219,1.92312,1562,8,0
2024-01-29 16:00:00,1.92312,1.92373,1.923,1.9231500000000001,1248,8,0
2024-01-29 16:05:00,1.92314,1.92366,1.923,1.9236499999999999,856,8,0
2024-01-29 16:10:00,1.9236499999999999,1.92411,1.92354,1.9240300000000001,688,8,0
2024-01-29 16:15:00,1.9240300000000001,1.92404,1.92341,1.92354,623,8,0
2024-01-29 16:20:00,1.92354,1.9236,1.9229500000000002,1.9229500000000002,663,8,0
2024-01-29 16:25:00,1.9229500000000002,1.92346,1.92291,1.92346,638,8,0
2024-01-29 16:30:00,1.92346,1.92346,1.9227400000000001,1.9230399999999999,686,8,0
2024-01-29 16:35:00,1.9230399999999999,1.92346,1.9230399999999999,1.9231500000000001,643,8,0
2024-01-29 16:40:00,1.9231500000000001,1.92317,1.9228800000000001,1.92298,559,8,0
2024-01-29 16:45:00,1.92298,1.9235799999999998,1.92296,1.92357,576,8,0
2024-01-29 16:50:00,1.92357,1.92377,1.92333,1.92364,615,8,0
2024-01-29 16:55:00,1.92364,1.92367,1.92305,1.92316,551,8,0
2024-01-29 17:00:00,1.92316,1.92362,1.92301,1.92347,726,8,0
2024-01-29 17:05:00,1.92347,1.92366,1.9233099999999999,1.92344,642,8,0
2024-01-29 17:10:00,1.9234499999999999,1.92373,1.92343,1.92364,511,8,0
2024-01-29 17:15:00,1.92364,1.92374,1.92325,1.92327,526,8,0
2024-01-29 17:20:00,1.92327,1.9235600000000002,1.92314,1.92336,714,8,0
2024-01-29 17:25:00,1.92336,1.9237199999999999,1.9233099999999999,1.92367,478,8,0
2024-01-29 17:30:00,1.92367,1.92394,1.92351,1.92362,447,8,0
2024-01-29 17:35:00,1.92362,1.92367,1.92337,1.92364,406,8,0
2024-01-29 17:40:00,1.92364,1.92397,1.92362,1.92393,538,8,0
2024-01-29 17:45:00,1.92393,1.92409,1.9237,1.924,458,8,0
2024-01-29 17:50:00,1.924,1.92407,1.92371,1.9239899999999999,514,8,0
2024-01-29 17:55:00,1.9239899999999999,1.92421,1.92379,1.92414,559,8,0
2024-01-29 18:00:00,1.92414,1.92434,1.92409,1.92423,528,8,0
2024-01-29 18:05:00,1.92423,1.92448,1.9241000000000001,1.92429,390,8,0
2024-01-29 18:10:00,1.92429,1.92435,1.9239199999999999,1.92394,346,8,0
2024-01-29 18:15:00,1.9239199999999999,1.92404,1.92354,1.9237199999999999,451,8,0
2024-01-29 18:20:00,1.9237199999999999,1.9241899999999998,1.92368,1.92409,345,8,0
2024-01-29 18:25:00,1.92409,1.9241899999999998,1.9239600000000001,1.9239600000000001,363,8,0
2024-01-29 18:30:00,1.9239600000000001,1.9240599999999999,1.92374,1.92402,389,8,0
2024-01-29 18:35:00,1.92402,1.92402,1.92361,1.9237600000000001,379,8,0
2024-01-29 18:40:00,1.9237600000000001,1.92389,1.92348,1.92361,311,8,0
2024-01-29 18:45:00,1.92361,1.92388,1.92357,1.92382,268,8,0
2024-01-29 18:50:00,1.92381,1.924,1.92373,1.92386,288,8,0
2024-01-29 18:55:00,1.92387,1.92409,1.92374,1.92402,331,8,0
2024-01-29 19:00:00,1.92402,1.92414,1.92373,1.9238,400,8,0
2024-01-29 19:05:00,1.9238,1.9238,1.92289,1.92289,377,8,0
2024-01-29 19:10:00,1.92289,1.92313,1.92276,1.9228800000000001,509,8,0
2024-01-29 19:15:00,1.92289,1.92302,1.92278,1.92289,406,8,0
2024-01-29 19:20:00,1.9229,1.92327,1.9229,1.92317,357,8,0
2024-01-29 19:25:00,1.92317,1.92326,1.92293,1.92296,235,8,0
2024-01-29 19:30:00,1.9229500000000002,1.92325,1.9226999999999999,1.92289,366,8,0
2024-01-29 19:35:00,1.92289,1.92321,1.92276,1.923,356,8,0
2024-01-29 19:40:00,1.923,1.9231,1.92278,1.9228100000000001,370,8,0
2024-01-29 19:45:00,1.9228100000000001,1.9233099999999999,1.9228100000000001,1.9232399999999998,412,8,0
2024-01-29 19:50:00,1.9232200000000002,1.9234499999999999,1.9231099999999999,1.92341,318,8,0
2024-01-29 19:55:00,1.92341,1.9236499999999999,1.9231,1.92355,530,8,0
2024-01-29 20:00:00,1.92355,1.9235600000000002,1.9224700000000001,1.92294,1424,8,0
2024-01-29 20:05:00,1.92294,1.92314,1.92264,1.9229500000000002,739,8,0
2024-01-29 20:10:00,1.9229500000000002,1.92299,1.92233,1.92285,711,8,0
2024-01-29 20:15:00,1.92285,1.92287,1.92197,1.9220000000000002,1050,8,0
2024-01-29 20:20:00,1.9220000000000002,1.92242,1.92169,1.92231,1077,8,0
2024-01-29 20:25:00,1.92232,1.9224700000000001,1.92206,1.92237,900,8,0
2024-01-29 20:30:00,1.92237,1.92242,1.92198,1.92239,777,8,0
2024-01-29 20:35:00,1.92239,1.92287,1.92238,1.92272,580,8,0
2024-01-29 20:40:00,1.92272,1.9228,1.92242,1.9225400000000001,648,8,0
2024-01-29 20:45:00,1.92255,1.92302,1.92253,1.92268,522,8,0
2024-01-29 20:50:00,1.92269,1.92276,1.92231,1.92257,569,8,0
2024-01-29 20:55:00,1.92256,1.92256,1.92204,1.9224700000000001,604,8,0
2024-01-29 21:00:00,1.92246,1.923,1.92241,1.92286,634,8,0
2024-01-29 21:05:00,1.92286,1.9229500000000002,1.9226299999999998,1.92276,433,8,0
2024-01-29 21:10:00,1.9227699999999999,1.9232,1.92265,1.923,455,8,0
2024-01-29 21:15:00,1.923,1.92336,1.92298,1.92325,788,8,0
2024-01-29 21:20:00,1.92325,1.92328,1.92252,1.9226,238,8,0
2024-01-29 21:25:00,1.9226,1.92278,1.92228,1.92241,208,8,0
2024-01-29 21:30:00,1.92241,1.92275,1.92241,1.9227400000000001,152,8,0
2024-01-29 21:35:00,1.9227400000000001,1.9228399999999999,1.92253,1.92264,132,8,0
2024-01-29 21:40:00,1.92264,1.92273,1.92235,1.92245,143,8,0
2024-01-29 21:45:00,1.92244,1.92267,1.92231,1.92238,92,8,0
2024-01-29 21:50:00,1.92238,1.92246,1.9222299999999999,1.9223599999999998,144,8,0
2024-01-29 21:55:00,1.9223599999999998,1.92273,1.92215,1.9222299999999999,299,8,0
2024-01-29 22:00:00,1.92221,1.92221,1.91966,1.92177,17,18,0
2024-01-29 22:05:00,1.92177,1.92279,1.92177,1.92279,27,81,0
2024-01-29 22:10:00,1.92279,1.9232,1.9220199999999998,1.9224700000000001,190,98,0
2024-01-29 22:15:00,1.9224700000000001,1.9225400000000001,1.9221300000000001,1.92219,67,131,0
2024-01-29 22:20:00,1.92219,1.92225,1.92185,1.92185,14,127,0
2024-01-29 22:25:00,1.92207,1.9222299999999999,1.92185,1.9222299999999999,12,140,0
2024-01-29 22:30:00,1.9222299999999999,1.92276,1.9222299999999999,1.92273,64,69,0
2024-01-29 22:35:00,1.92273,1.92302,1.92245,1.9228800000000001,78,53,0
2024-01-29 22:40:00,1.9228800000000001,1.9231099999999999,1.92185,1.92198,91,43,0
2024-01-29 22:45:00,1.92198,1.9226299999999998,1.92195,1.9226299999999998,48,74,0
2024-01-29 22:50:00,1.9226299999999998,1.92268,1.92245,1.92258,98,72,0
2024-01-29 22:55:00,1.9225400000000001,1.9226100000000002,1.92161,1.92199,204,46,0
2024-01-29 23:00:00,1.92199,1.92246,1.9217499999999998,1.92231,185,8,0
2024-01-29 23:05:00,1.92231,1.9223599999999998,1.92168,1.92176,103,8,0
2024-01-29 23:10:00,1.92176,1.92217,1.9217,1.92188,213,8,0
2024-01-29 23:15:00,1.92188,1.92201,1.92179,1.92181,125,8,0
2024-01-29 23:20:00,1.92181,1.9219,1.92167,1.92169,157,8,0
2024-01-29 23:25:00,1.92169,1.92185,1.92153,1.92177,139,8,0
2024-01-29 23:30:00,1.92176,1.92198,1.92133,1.92146,217,8,0
2024-01-29 23:35:00,1.92146,1.92181,1.92137,1.92168,96,8,0
2024-01-29 23:40:00,1.92168,1.92176,1.9213200000000001,1.9215,132,8,0
2024-01-29 23:45:00,1.9215,1.92181,1.92149,1.9217300000000002,139,8,0
2024-01-29 23:50:00,1.9217300000000002,1.9220000000000002,1.92168,1.92195,198,8,0
2024-01-29 23:55:00,1.92196,1.9221,1.92187,1.92207,190,8,0
2024-01-30 00:00:00,1.92207,1.92225,1.92157,1.9217300000000002,475,8,0
2024-01-30 00:05:00,1.9217300000000002,1.9228,1.9216199999999999,1.92269,426,8,0
2024-01-30 00:10:00,1.92269,1.92269,1.92217,1.92222,361,8,0
2024-01-30 00:15:00,1.92222,1.92232,1.92195,1.92217,469,8,0
2024-01-30 00:20:00,1.92217,1.9224999999999999,1.9219300000000001,1.92195,407,8,0
2024-01-30 00:25:00,1.92195,1.92212,1.92142,1.9215,503,8,0
2024-01-30 00:30:00,1.92151,1.92279,1.92151,1.92208,690,8,0
2024-01-30 00:35:00,1.9220899999999999,1.92217,1.9213,1.9215200000000001,457,8,0
2024-01-30 00:40:00,1.9215200000000001,1.9216,1.92063,1.9207800000000002,579,8,0
2024-01-30 00:45:00,1.92079,1.92086,1.92025,1.92032,567,8,0
2024-01-30 00:50:00,1.9203000000000001,1.92079,1.92012,1.92058,692,8,0
2024-01-30 00:55:00,1.92056,1.9209100000000001,1.9201899999999998,1.92085,567,8,0
2024-01-30 01:00:00,1.92085,1.92107,1.92048,1.92102,729,8,0
2024-01-30 01:05:00,1.92102,1.92124,1.9201899999999998,1.9202599999999999,682,8,0
2024-01-30 01:10:00,1.9202599999999999,1.92054,1.91982,1.91993,696,8,0
2024-01-30 01:15:00,1.91993,1.92089,1.9198499999999998,1.9208699999999999,774,8,0
2024-01-30 01:20:00,1.9208699999999999,1.92089,1.9202599999999999,1.92057,455,8,0
2024-01-30 01:25:00,1.92057,1.92099,1.92043,1.92049,679,8,0
2024-01-30 01:30:00,1.92049,1.9212,1.92015,1.9203999999999999,1043,8,0
2024-01-30 01:35:00,1.92039,1.92068,1.92005,1.92027,848,8,0
2024-01-30 01:40:00,1.92027,1.92095,1.9199199999999998,1.92095,544,8,0
2024-01-30 01:45:00,1.92095,1.92127,1.92054,1.92063,682,8,0
2024-01-30 01:50:00,1.92063,1.92092,1.9204599999999998,1.92077,528,8,0
2024-01-30 01:55:00,1.92077,1.92154,1.92076,1.92149,466,8,0
2024-01-30 02:00:00,1.92149,1.92204,1.92144,1.92145,661,8,0
2024-01-30 02:05:00,1.92145,1.92145,1.92106,1.92117,529,8,0
2024-01-30 02:10:00,1.92117,1.92117,1.92068,1.92084,439,8,0
2024-01-30 02:15:00,1.92084,1.9213,1.92057,1.92116,366,8,0
2024-01-30 02:20:00,1.92116,1.92124,1.92086,1.92104,425,8,0
2024-01-30 02:25:00,1.92104,1.9221,1.92102,1.92171,491,8,0
2024-01-30 02:30:00,1.92171,1.92224,1.9215900000000001,1.92207,499,8,0
2024-01-30 02:35:00,1.92207,1.92231,1.92199,1.92206,486,8,0
2024-01-30 02:40:00,1.92206,1.9222000000000001,1.92185,1.92214,385,8,0
2024-01-30 02:45:00,1.92214,1.92219,1.92163,1.92206,435,8,0
2024-01-30 02:50:00,1.92207,1.9221300000000001,1.92176,1.92178,327,8,0
2024-01-30 02:55:00,1.92178,1.92224,1.9217300000000002,1.9219,397,8,0
2024-01-30 03:00:00,1.9219,1.92218,1.92178,1.9221300000000001,456,8,0
2024-01-30 03:05:00,1.9221300000000001,1.9222299999999999,1.92199,1.92212,385,8,0
2024-01-30 03:10:00,1.92212,1.92226,1.9219,1.9221300000000001,341,8,0
2024-01-30 03:15:00,1.9221300000000001,1.92225,1.92165,1.9222000000000001,445,8,0
2024-01-30 03:20:00,1.92221,1.92289,1.92218,1.92262,385,8,0
2024-01-30 03:25:00,1.92262,1.92299,1.9226,1.9226100000000002,427,8,0
2024-01-30 03:30:00,1.92262,1.92278,1.92242,1.92249,343,8,0
2024-01-30 03:35:00,1.92249,1.92276,1.92238,1.92258,364,8,0
2024-01-30 03:40:00,1.92258,1.92291,1.92208,1.92224,406,8,0
2024-01-30 03:45:00,1.92224,1.92228,1.92206,1.92211,339,8,0
2024-01-30 03:50:00,1.9221,1.92258,1.9221,1.92252,220,8,0
2024-01-30 03:55:00,1.92253,1.92298,1.92249,1.9226299999999998,300,8,0
2024-01-30 04:00:00,1.92264,1.92285,1.92264,1.9227699999999999,294,8,0
2024-01-30 04:05:00,1.9227699999999999,1.92282,1.92244,1.9226299999999998,228,8,0
2024-01-30 04:10:00,1.9226299999999998,1.9226299999999998,1.92207,1.9223,289,8,0
2024-01-30 04:15:00,1.9223,1.92273,1.9222000000000001,1.92267,242,8,0
2024-01-30 04:20:00,1.92267,1.9226999999999999,1.92226,1.92248,220,8,0
2024-01-30 04:25:00,1.92248,1.9227400000000001,1.92245,1.92259,302,8,0
2024-01-30 04:30:00,1.92259,1.9227699999999999,1.9224700000000001,1.92271,322,8,0
2024-01-30 04:35:00,1.92271,1.92318,1.92271,1.92305,256,8,0
2024-01-30 04:40:00,1.92305,1.92353,1.9230399999999999,1.92312,410,8,0
2024-01-30 04:45:00,1.92312,1.92337,1.92286,1.92293,285,8,0
2024-01-30 04:50:00,1.92293,1.92293,1.92231,1.92273,294,8,0
2024-01-30 04:55:00,1.92273,1.92293,1.92258,1.92267,316,8,0
2024-01-30 05:00:00,1.92267,1.92269,1.92196,1.92238,474,8,0
2024-01-30 05:05:00,1.92238,1.92241,1.92179,1.92206,372,8,0
2024-01-30 05:10:00,1.92206,1.9223400000000002,1.92181,1.92199,335,8,0
2024-01-30 05:15:00,1.92199,1.92222,1.92157,1.92168,323,8,0
2024-01-30 05:20:00,1.92168,1.92178,1.92093,1.9210099999999999,760,8,0
2024-01-30 05:25:00,1.92102,1.9210500000000001,1.92059,1.92081,408,8,0
2024-01-30 05:30:00,1.92081,1.92133,1.92073,1.9208699999999999,398,8,0
2024-01-30 05:35:00,1.9208699999999999,1.92115,1.9205299999999998,1.92111,517,8,0
2024-01-30 05:40:00,1.92111,1.92119,1.92024,1.92057,581,8,0
2024-01-30 05:45:00,1.92057,1.92082,1.92048,1.9207100000000001,394,8,0
2024-01-30 05:50:00,1.9207100000000001,1.92092,1.92061,1.92076,301,8,0
2024-01-30 05:55:00,1.92075,1.92082,1.92035,1.92041,495,8,0
2024-01-30 06:00:00,1.92042,1.92117,1.92028,1.92095,444,8,0
2024-01-30 06:05:00,1.92095,1.92144,1.92086,1.92131,422,8,0
2024-01-30 06:10:00,1.92131,1.92145,1.9209399999999999,1.92103,452,8,0
2024-01-30 06:15:00,1.92103,1.92142,1.92099,1.9211399999999998,511,8,0
2024-01-30 06:20:00,1.9211399999999998,1.9212500000000001,1.92081,1.92086,412,8,0
2024-01-30 06:25:00,1.92086,1.9210500000000001,1.92077,1.9209100000000001,394,8,0
2024-01-30 06:30:00,1.9209100000000001,1.9212500000000001,1.9207,1.92102,484,8,0
2024-01-30 06:35:00,1.92102,1.9213,1.92081,1.9209800000000001,440,8,0
2024-01-30 06:40:00,1.921,1.921,1.91997,1.9202599999999999,512,8,0
2024-01-30 06:45:00,1.9202599999999999,1.92028,1.91986,1.91998,519,8,0
2024-01-30 06:50:00,1.91998,1.92027,1.91937,1.91953,427,8,0
2024-01-30 06:55:00,1.91952,1.92031,1.9194900000000001,1.9201000000000001,579,8,0
2024-01-30 07:00:00,1.9201000000000001,1.92057,1.91982,1.91995,705,8,0
2024-01-30 07:05:00,1.91997,1.92014,1.9194499999999999,1.91978,735,8,0
2024-01-30 07:10:00,1.91978,1.9197899999999999,1.91856,1.91906,782,8,0
2024-01-30 07:15:00,1.91906,1.91921,1.91873,1.9188800000000001,812,8,0
2024-01-30 07:20:00,1.9188800000000001,1.91905,1.91845,1.9189,701,8,0
2024-01-30 07:25:00,1.9189,1.91963,1.91871,1.91899,674,8,0
2024-01-30 07:30:00,1.91899,1.91933,1.9187400000000001,1.919,692,8,0
2024-01-30 07:35:00,1.919,1.91926,1.9186,1.91864,627,8,0
2024-01-30 07:40:00,1.91864,1.91954,1.91828,1.91906,835,8,0
2024-01-30 07:45:00,1.91906,1.91937,1.91878,1.91891,707,8,0
2024-01-30 07:50:00,1.91892,1.91901,1.91838,1.91872,853,8,0
2024-01-30 07:55:00,1.91872,1.91968,1.91871,1.91951,765,8,0
2024-01-30 08:00:00,1.91955,1.91984,1.91901,1.91963,1291,8,0
2024-01-30 08:05:00,1.91963,1.9200300000000001,1.91941,1.9194900000000001,1010,8,0
2024-01-30 08:10:00,1.9194900000000001,1.92103,1.91941,1.921,1102,8,0
2024-01-30 08:15:00,1.921,1.9212,1.92016,1.92025,1013,8,0
2024-01-30 08:20:00,1.92025,1.92131,1.91982,1.92113,1015,8,0
2024-01-30 08:25:00,1.9211200000000002,1.9222299999999999,1.92111,1.92219,918,8,0
2024-01-30 08:30:00,1.92219,1.92252,1.92195,1.92219,921,8,0
2024-01-30 08:35:00,1.92219,1.92255,1.9206699999999999,1.9207800000000002,965,8,0
2024-01-30 08:40:00,1.9207800000000002,1.92097,1.92056,1.92075,679,8,0
2024-01-30 08:45:00,1.92075,1.9216199999999999,1.92068,1.92161,869,8,0
2024-01-30 08:50:00,1.92161,1.9222299999999999,1.9214799999999999,1.9221300000000001,692,8,0
2024-01-30 08:55:00,1.9221300000000001,1.9226,1.92183,1.9219,564,8,0
2024-01-30 09:00:00,1.9219,1.92217,1.92119,1.92147,685,8,0
2024-01-30 09:05:00,1.92147,1.92171,1.9204400000000001,1.92058,584,8,0
2024-01-30 09:10:00,1.92058,1.92068,1.9197,1.9198499999999998,602,8,0
2024-01-30 09:15:00,1.9198499999999998,1.9204400000000001,1.9197199999999999,1.9203999999999999,620,8,0
2024-01-30 09:20:00,1.92039,1.9205,1.91996,1.92024,586,8,0
2024-01-30 09:25:00,1.92024,1.92116,1.9199199999999998,1.92111,629,8,0
2024-01-30 09:30:00,1.92111,1.92118,1.92083,1.921,582,8,0
2024-01-30 09:35:00,1.921,1.9211200000000002,1.9205,1.92085,640,8,0
2024-01-30 09:40:00,1.92085,1.92138,1.9207,1.92073,648,8,0
2024-01-30 09:45:00,1.92074,1.92077,1.92031,1.92047,623,8,0
2024-01-30 09:50:00,1.92047,1.92061,1.92005,1.92056,585,8,0
2024-01-30 09:55:00,1.92056,1.9205999999999999,1.9198300000000001,1.91984,610,8,0
2024-01-30 10:00:00,1.91984,1.92045,1.9197899999999999,1.92024,567,8,0
2024-01-30 10:05:00,1.92024,1.92086,1.92024,1.92045,662,8,0
2024-01-30 10:10:00,1.92045,1.9210500000000001,1.9201000000000001,1.92057,711,8,0
2024-01-30 10:15:00,1.92057,1.92102,1.92012,1.92041,652,8,0
2024-01-30 10:20:00,1.92041,1.92131,1.92034,1.9209399999999999,576,8,0
2024-01-30 10:25:00,1.92093,1.92108,1.9207100000000001,1.92073,474,8,0
2024-01-30 10:30:00,1.92073,1.92073,1.9196900000000001,1.91982,622,8,0
2024-01-30 10:35:00,1.91982,1.92031,1.91977,1.92,707,8,0
2024-01-30 10:40:00,1.92,1.92039,1.9199199999999998,1.92013,393,8,0
2024-01-30 10:45:00,1.92013,1.92021,1.9197199999999999,1.9199000000000002,509,8,0
2024-01-30 10:50:00,1.91993,1.92085,1.9197899999999999,1.92083,650,8,0
2024-01-30 10:55:00,1.92083,1.92113,1.9207100000000001,1.9211,607,8,0
2024-01-30 11:00:00,1.9211,1.9214,1.92084,1.92134,529,8,0
2024-01-30 11:05:00,1.92134,1.92178,1.92106,1.92176,472,8,0
2024-01-30 11:10:00,1.92176,1.92204,1.9216,1.92184,498,8,0
2024-01-30 11:15:00,1.92184,1.92184,1.9212099999999999,1.9214799999999999,657,8,0
2024-01-30 11:20:00,1.9214799999999999,1.9226,1.9214799999999999,1.92231,624,8,0
2024-01-30 11:25:00,1.92231,1.9223599999999998,1.92184,1.92205,733,8,0
2024-01-30 11:30:00,1.92205,1.92224,1.92172,1.92179,544,8,0
2024-01-30 11:35:00,1.92179,1.92224,1.92149,1.92222,585,8,0
2024-01-30 11:40:00,1.92222,1.92242,1.9220199999999998,1.9221599999999999,445,8,0
2024-01-30 11:45:00,1.9221599999999999,1.9226,1.92207,1.9223400000000002,371,8,0
2024-01-30 11:50:00,1.9223400000000002,1.9223400000000002,1.92167,1.9217499999999998,458,8,0
2024-01-30 11:55:00,1.9217499999999998,1.9226299999999998,1.9217,1.92245,482,8,0
2024-01-30 12:00:00,1.92245,1.92307,1.92244,1.92289,493,8,0
2024-01-30 12:05:00,1.92289,1.92291,1.92252,1.9227699999999999,344,8,0
2024-01-30 12:10:00,1.92276,1.9229500000000002,1.9226,1.9228800000000001,459,8,0
2024-01-30 12:15:00,1.92287,1.9233500000000001,1.92278,1.92309,375,8,0
2024-01-30 12:20:00,1.92309,1.9233099999999999,1.9220899999999999,1.92225,536,8,0
2024-01-30 12:25:00,1.92225,1.92228,1.92134,1.92157,550,8,0
2024-01-30 12:30:00,1.92157,1.92177,1.92142,1.92172,414,8,0
2024-01-30 12:35:00,1.92172,1.9222299999999999,1.9215,1.9217,736,8,0
2024-01-30 12:40:00,1.9217,1.92239,1.9215499999999999,1.92231,523,8,0
2024-01-30 12:45:00,1.92231,1.9224299999999999,1.92218,1.9223599999999998,436,8,0
2024-01-30 12:50:00,1.9223599999999998,1.92257,1.92191,1.92207,526,8,0
2024-01-30 12:55:00,1.92207,1.9228399999999999,1.92196,1.92259,645,8,0
2024-01-30 13:00:00,1.92259,1.92268,1.92191,1.9224700000000001,962,8,0
2024-01-30 13:05:00,1.9224700000000001,1.92267,1.9218600000000001,1.9224999999999999,788,8,0
2024-01-30 13:10:00,1.9224999999999999,1.9232200000000002,1.92219,1.92299,956,8,0
2024-01-30 13:15:00,1.92299,1.9232900000000002,1.92259,1.9226100000000002,824,8,0
2024-01-30 13:20:00,1.9226,1.9228100000000001,1.92226,1.92228,874,8,0
2024-01-30 13:25:00,1.92228,1.9223,1.9219,1.92215,770,8,0
2024-01-30 13:30:00,1.92215,1.92248,1.92203,1.92232,845,8,0
2024-01-30 13:35:00,1.92232,1.92327,1.92228,1.9232,866,8,0
2024-01-30 13:40:00,1.9232,1.92389,1.92293,1.92378,869,8,0
2024-01-30 13:45:00,1.92378,1.92405,1.92333,1.92352,969,8,0
2024-01-30 13:50:00,1.92352,1.92395,1.9234,1.92387,787,8,0
2024-01-30 13:55:00,1.92388,1.92436,1.92363,1.9240300000000001,814,8,0
2024-01-30 14:00:00,1.9240599999999999,1.92411,1.9235,1.92364,1015,8,0
2024-01-30 14:05:00,1.92364,1.92418,1.92325,1.9233799999999999,990,8,0
2024-01-30 14:10:00,1.9233799999999999,1.9244599999999998,1.92334,1.9242,1014,8,0
2024-01-30 14:15:00,1.9242,1.92422,1.92341,1.92355,923,8,0
2024-01-30 14:20:00,1.92355,1.92361,1.92241,1.92253,895,8,0
2024-01-30 14:25:00,1.92259,1.92289,1.92201,1.9221599999999999,997,8,0
2024-01-30 14:30:00,1.92217,1.92278,1.9216199999999999,1.9218600000000001,1331,8,0
2024-01-30 14:35:00,1.9218600000000001,1.9222000000000001,1.92158,1.92172,1103,8,0
2024-01-30 14:40:00,1.92172,1.92183,1.9212099999999999,1.92146,1039,8,0
2024-01-30 14:45:00,1.92145,1.92164,1.9211,1.92158,1169,8,0
2024-01-30 14:50:00,1.92158,1.92163,1.92077,1.9208699999999999,1132,8,0
2024-01-30 14:55:00,1.9208699999999999,1.9211200000000002,1.92024,1.92086,1055,8,0
2024-01-30 15:00:00,1.91982,1.92198,1.9197199999999999,1.92089,2118,8,0
2024-01-30 15:05:00,1.92089,1.92205,1.92077,1.92117,2167,8,0
2024-01-30 15:10:00,1.92118,1.92163,1.92043,1.921,1945,8,0
2024-01-30 15:15:00,1.921,1.92151,1.92059,1.92103,1850,8,0
2024-01-30 15:20:00,1.9210500000000001,1.92257,1.92082,1.92242,1559,8,0
2024-01-30 15:25:00,1.92242,1.9239899999999999,1.92237,1.9229699999999998,1501,8,0
2024-01-30 15:30:00,1.92296,1.92317,1.92233,1.9223400000000002,1319,8,0
2024-01-30 15:35:00,1.9223400000000002,1.92287,1.92211,1.92268,1304,8,0
2024-01-30 15:40:00,1.92269,1.92363,1.92248,1.9235600000000002,1371,8,0
2024-01-30 15:45:00,1.92357,1.92416,1.92341,1.92391,1306,8,0
2024-01-30 15:50:00,1.92391,1.9252799999999999,1.92362,1.9249800000000001,1392,8,0
2024-01-30 15:55:00,1.9249800000000001,1.9250699999999998,1.92398,1.9248699999999999,1448,8,0
2024-01-30 16:00:00,1.9248699999999999,1.9252500000000001,1.92443,1.92479,1288,8,0
2024-01-30 16:05:00,1.92479,1.92526,1.92438,1.9244599999999998,1048,8,0
2024-01-30 16:10:00,1.92443,1.9245299999999999,1.9231500000000001,1.92344,1000,8,0
2024-01-30 16:15:00,1.9234499999999999,1.92375,1.92296,1.92317,874,8,0
2024-01-30 16:20:00,1.92317,1.92325,1.92272,1.9229,741,8,0
2024-01-30 16:25:00,1.9228800000000001,1.92327,1.9227400000000001,1.92306,900,8,0
2024-01-30 16:30:00,1.92306,1.92351,1.92286,1.92316,924,8,0
2024-01-30 16:35:00,1.92316,1.9233,1.92257,1.92316,833,8,0
2024-01-30 16:40:00,1.92319,1.9232900000000002,1.92241,1.9228800000000001,787,8,0
2024-01-30 16:45:00,1.9228800000000001,1.9232,1.92269,1.9229699999999998,700,8,0
2024-01-30 16:50:00,1.9229699999999998,1.9232,1.92258,1.92279,877,8,0
2024-01-30 16:55:00,1.92279,1.92344,1.9224700000000001,1.92327,691,8,0
2024-01-30 17:00:00,1.92327,1.9235600000000002,1.92232,1.92276,848,8,0
2024-01-30 17:05:00,1.92276,1.923,1.92226,1.92278,762,8,0
2024-01-30 17:10:00,1.92279,1.92316,1.92262,1.9230800000000001,517,8,0
2024-01-30 17:15:00,1.9230800000000001,1.9235,1.9230800000000001,1.92334,612,8,0
2024-01-30 17:20:00,1.92334,1.92363,1.92309,1.9236,604,8,0
2024-01-30 17:25:00,1.9236,1.92387,1.9233500000000001,1.9237199999999999,499,8,0
2024-01-30 17:30:00,1.9237199999999999,1.9243700000000001,1.92355,1.9243000000000001,656,8,0
2024-01-30 17:35:00,1.9243000000000001,1.9243000000000001,1.92378,1.92409,510,8,0
2024-01-30 17:40:00,1.92409,1.92415,1.92371,1.9237600000000001,485,8,0
2024-01-30 17:45:00,1.92375,1.92408,1.9236,1.9236499999999999,758,8,0
2024-01-30 17:50:00,1.9236499999999999,1.92379,1.92317,1.92341,592,8,0
2024-01-30 17:55:00,1.92341,1.92411,1.9233,1.92357,579,8,0
2024-01-30 18:00:00,1.92357,1.92363,1.92327,1.9234900000000001,663,8,0
2024-01-30 18:05:00,1.9234900000000001,1.9235799999999998,1.9229,1.92303,622,8,0
2024-01-30 18:10:00,1.92303,1.92303,1.92239,1.92241,454,8,0
2024-01-30 18:15:00,1.92241,1.92268,1.92228,1.92241,460,8,0
2024-01-30 18:20:00,1.92241,1.9224700000000001,1.92195,1.9224700000000001,480,8,0
2024-01-30 18:25:00,1.9224700000000001,1.9224700000000001,1.9218600000000001,1.92197,488,8,0
2024-01-30 18:30:00,1.92198,1.92241,1.9218199999999999,1.9223599999999998,540,8,0
2024-01-30 18:35:00,1.92237,1.92282,1.92231,1.9223599999999998,316,8,0
2024-01-30 18:40:00,1.9223599999999998,1.92275,1.9223599999999998,1.9226999999999999,378,8,0
2024-01-30 18:45:00,1.9226999999999999,1.92299,1.9223400000000002,1.92299,340,8,0
2024-01-30 18:50:00,1.92298,1.9230800000000001,1.92259,1.92294,470,8,0
2024-01-30 18:55:00,1.92294,1.92316,1.9228,1.92294,551,8,0
2024-01-30 19:00:00,1.92294,1.9231099999999999,1.9227400000000001,1.92292,534,8,0
2024-01-30 19:05:00,1.92292,1.92307,1.92267,1.92267,614,8,0
2024-01-30 19:10:00,1.92268,1.9228100000000001,1.92237,1.92259,457,8,0
2024-01-30 19:15:00,1.92259,1.92279,1.92241,1.92268,461,8,0
2024-01-30 19:20:00,1.92268,1.92268,1.9222700000000001,1.92241,420,8,0
2024-01-30 19:25:00,1.92241,1.92267,1.92231,1.9224,314,8,0
2024-01-30 19:30:00,1.9224,1.9224999999999999,1.9220199999999998,1.92215,399,8,0
2024-01-30 19:35:00,1.92214,1.92237,1.92169,1.92181,521,8,0
2024-01-30 19:40:00,1.92181,1.9218199999999999,1.92157,1.9217,402,8,0
2024-01-30 19:45:00,1.9217,1.92184,1.92156,1.92184,497,8,0
2024-01-30 19:50:00,1.92184,1.92212,1.92179,1.92196,452,8,0
2024-01-30 19:55:00,1.92196,1.92221,1.9215200000000001,1.9221599999999999,520,8,0
2024-01-30 20:00:00,1.9221599999999999,1.92219,1.9219300000000001,1.9221599999999999,441,8,0
2024-01-30 20:05:00,1.9221599999999999,1.9224,1.9221,1.9223400000000002,452,8,0
2024-01-30 20:10:00,1.92235,1.92251,1.92205,1.92231,406,8,0
2024-01-30 20:15:00,1.92231,1.9224700000000001,1.92221,1.9222299999999999,307,8,0
2024-01-30 20:20:00,1.9222299999999999,1.92238,1.92204,1.92225,307,8,0
2024-01-30 20:25:00,1.92225,1.92267,1.92219,1.9223599999999998,286,8,0
2024-01-30 20:30:00,1.9223599999999998,1.92283,1.92229,1.92283,407,8,0
2024-01-30 20:35:00,1.92283,1.9229,1.9226999999999999,1.9228800000000001,360,8,0
2024-01-30 20:40:00,1.9228800000000001,1.92316,1.92286,1.9231500000000001,387,8,0
2024-01-30 20:45:00,1.9231500000000001,1.92318,1.92273,1.92278,315,8,0
2024-01-30 20:50:00,1.9228,1.923,1.92257,1.92298,362,8,0
2024-01-30 20:55:00,1.92298,1.92336,1.9228100000000001,1.92321,435,8,0
2024-01-30 21:00:00,1.92321,1.92346,1.92309,1.9234499999999999,837,8,0
2024-01-30 21:05:00,1.9234499999999999,1.9235,1.92327,1.92348,379,8,0
2024-01-30 21:10:00,1.92348,1.92362,1.92333,1.9233500000000001,338,8,0
2024-01-30 21:15:00,1.9233500000000001,1.9235,1.92316,1.9233099999999999,272,8,0
2024-01-30 21:20:00,1.9233099999999999,1.9233099999999999,1.92292,1.9229699999999998,179,8,0
2024-01-30 21:25:00,1.9229699999999998,1.923,1.92265,1.9228,287,8,0
2024-01-30 21:30:00,1.9228100000000001,1.92301,1.92273,1.92299,178,8,0
2024-01-30 21:35:00,1.92299,1.9231099999999999,1.92289,1.92305,163,8,0
2024-01-30 21:40:00,1.92306,1.9230800000000001,1.9228800000000001,1.92291,225,8,0
2024-01-30 21:45:00,1.92291,1.92319,1.92287,1.92314,192,8,0
2024-01-30 21:50:00,1.9231500000000001,1.9234,1.923,1.92336,211,8,0
2024-01-30 21:55:00,1.92336,1.92354,1.92325,1.92332,253,8,0
2024-01-30 22:00:00,1.92332,1.9239199999999999,1.92222,1.92303,126,24,0
2024-01-30 22:05:00,1.92303,1.92312,1.92063,1.9228399999999999,48,65,0
2024-01-30 22:10:00,1.9228399999999999,1.9233,1.92214,1.9233,47,65,0
2024-01-30 22:15:00,1.9234200000000001,1.9236499999999999,1.92272,1.9227699999999999,56,74,0
2024-01-30 22:20:00,1.9227699999999999,1.92334,1.9224700000000001,1.92302,60,86,0
2024-01-30 22:25:00,1.92302,1.9233,1.92291,1.92291,41,74,0
2024-01-30 22:30:00,1.92292,1.9233099999999999,1.9228,1.92326,69,54,0
2024-01-30 22:35:00,1.92326,1.9232900000000002,1.9231099999999999,1.92312,14,50,0
2024-01-30 22:40:00,1.92312,1.92409,1.9226999999999999,1.9236900000000001,214,8,0
2024-01-30 22:45:00,1.9236900000000001,1.92388,1.9235799999999998,1.92361,53,40,0
2024-01-30 22:50:00,1.92361,1.92361,1.92302,1.92332,35,31,0
2024-01-30 22:55:00,1.92332,1.92361,1.92291,1.9233,84,40,0
2024-01-30 23:00:00,1.9232900000000002,1.92375,1.92323,1.9236,198,8,0
2024-01-30 23:05:00,1.9236,1.92382,1.92354,1.92364,109,8,0
2024-01-30 23:10:00,1.92364,1.92397,1.92364,1.9239000000000002,244,8,0
2024-01-30 23:15:00,1.9239000000000002,1.92422,1.92381,1.92384,155,8,0
2024-01-30 23:20:00,1.9238300000000002,1.9241899999999998,1.9237199999999999,1.92407,224,8,0
2024-01-30 23:25:00,1.92407,1.9242,1.92398,1.92411,178,8,0
2024-01-30 23:30:00,1.92411,1.9243700000000001,1.9240599999999999,1.92434,196,8,0
2024-01-30 23:35:00,1.92435,1.92449,1.9242599999999999,1.9244599999999998,181,8,0
2024-01-30 23:40:00,1.9244599999999998,1.92495,1.92441,1.9249,171,8,0
2024-01-30 23:45:00,1.92493,1.9253,1.92477,1.92523,114,8,0
2024-01-30 23:50:00,1.92523,1.92529,1.92488,1.9249399999999999,216,8,0
2024-01-30 23:55:00,1.9249399999999999,1.9251,1.92482,1.92486,210,8,0
2024-01-31 00:00:00,1.9248699999999999,1.9253200000000001,1.92436,1.9244400000000002,503,8,0
2024-01-31 00:05:00,1.9244400000000002,1.9245299999999999,1.9240300000000001,1.9241000000000001,483,8,0
2024-01-31 00:10:00,1.92411,1.92458,1.92404,1.9245700000000001,458,8,0
2024-01-31 00:15:00,1.9245700000000001,1.92472,1.92423,1.92463,496,8,0
2024-01-31 00:20:00,1.92463,1.9247,1.92445,1.92445,413,8,0
2024-01-31 00:25:00,1.92445,1.92503,1.92411,1.9248699999999999,504,8,0
2024-01-31 00:30:00,1.92483,1.92823,1.92481,1.9272,962,8,0
2024-01-31 00:35:00,1.9272,1.9274499999999999,1.92678,1.92705,344,8,0
2024-01-31 00:40:00,1.92705,1.92778,1.92696,1.92764,474,8,0
2024-01-31 00:45:00,1.92764,1.92768,1.9273,1.9274900000000001,407,8,0
2024-01-31 00:50:00,1.9274900000000001,1.92805,1.92736,1.92781,545,8,0
2024-01-31 00:55:00,1.92784,1.92818,1.92726,1.9274,672,8,0
2024-01-31 01:00:00,1.9274,1.92876,1.92734,1.92868,792,8,0
2024-01-31 01:05:00,1.92868,1.92888,1.92793,1.9284599999999998,781,8,0
2024-01-31 01:10:00,1.9284599999999998,1.9289100000000001,1.92807,1.9287100000000001,768,8,0
2024-01-31 01:15:00,1.92872,1.92881,1.92834,1.92851,716,8,0
2024-01-31 01:20:00,1.92851,1.92937,1.92851,1.92922,579,8,0
2024-01-31 01:25:00,1.92922,1.92931,1.92862,1.92924,641,8,0
2024-01-31 01:30:00,1.92924,1.93037,1.92908,1.9295,991,8,0
2024-01-31 01:35:00,1.9295,1.93031,1.9294099999999998,1.92957,1003,8,0
2024-01-31 01:40:00,1.92957,1.93034,1.9294,1.93032,727,8,0
2024-01-31 01:45:00,1.93033,1.9308800000000002,1.93022,1.9307400000000001,882,8,0
2024-01-31 01:50:00,1.93075,1.93078,1.92958,1.92958,887,8,0
2024-01-31 01:55:00,1.92957,1.93006,1.9295,1.9295900000000001,544,8,0
2024-01-31 02:00:00,1.92958,1.9315600000000002,1.92957,1.9315600000000002,1062,8,0
2024-01-31 02:05:00,1.9315600000000002,1.93234,1.93141,1.93234,1027,8,0
2024-01-31 02:10:00,1.93234,1.9328400000000001,1.93186,1.93259,902,8,0
2024-01-31 02:15:00,1.93259,1.93259,1.9315,1.93182,896,8,0
2024-01-31 02:20:00,1.93181,1.9318499999999998,1.93134,1.93139,675,8,0
2024-01-31 02:25:00,1.93139,1.9319199999999999,1.93127,1.93161,663,8,0
2024-01-31 02:30:00,1.93161,1.9316900000000001,1.93096,1.9312200000000002,725,8,0
2024-01-31 02:35:00,1.9312200000000002,1.93137,1.93045,1.93055,680,8,0
2024-01-31 02:40:00,1.93055,1.93056,1.92953,1.93007,758,8,0
2024-01-31 02:45:00,1.93007,1.93032,1.92981,1.9299,653,8,0
2024-01-31 02:50:00,1.9299,1.92992,1.92903,1.9290500000000002,470,8,0
2024-01-31 02:55:00,1.9290500000000002,1.92946,1.92903,1.92945,474,8,0
2024-01-31 03:00:00,1.92945,1.92951,1.92888,1.92916,674,8,0
2024-01-31 03:05:00,1.92916,1.92937,1.9289,1.9290500000000002,565,8,0
2024-01-31 03:10:00,1.9290500000000002,1.9300199999999998,1.92897,1.9295900000000001,488,8,0
2024-01-31 03:15:00,1.92958,1.93019,1.92957,1.92971,606,8,0
2024-01-31 03:20:00,1.92971,1.92996,1.92954,1.92977,427,8,0
2024-01-31 03:25:00,1.92977,1.92992,1.92958,1.9296799999999998,346,8,0
2024-01-31 03:30:00,1.9296799999999998,1.93008,1.92951,1.93005,355,8,0
2024-01-31 03:35:00,1.93005,1.93008,1.9295900000000001,1.92984,294,8,0
2024-01-31 03:40:00,1.92984,1.92991,1.92969,1.92987,260,8,0
2024-01-31 03:45:00,1.92987,1.92987,1.92851,1.9285999999999999,371,8,0
2024-01-31 03:50:00,1.9285999999999999,1.92893,1.9285,1.92893,250,8,0
2024-01-31 03:55:00,1.92893,1.92977,1.92869,1.92967,379,8,0
2024-01-31 04:00:00,1.9296799999999998,1.92999,1.92953,1.9296799999999998,290,8,0
2024-01-31 04:05:00,1.92964,1.92992,1.92958,1.9296799999999998,368,8,0
2024-01-31 04:10:00,1.92969,1.92971,1.92935,1.92958,309,8,0
2024-01-31 04:15:00,1.92958,1.92976,1.92946,1.9294799999999999,254,8,0
2024-01-31 04:20:00,1.9294799999999999,1.9295900000000001,1.9292,1.92936,237,8,0
2024-01-31 04:25:00,1.92936,1.9300000000000002,1.9292500000000001,1.92998,274,8,0
2024-01-31 04:30:00,1.92997,1.9301599999999999,1.92991,1.93007,288,8,0
2024-01-31 04:35:00,1.93007,1.9302899999999998,1.92944,1.92949,292,8,0
2024-01-31 04:40:00,1.92949,1.92967,1.92937,1.92943,219,8,0
2024-01-31 04:45:00,1.92943,1.92949,1.9293200000000001,1.92935,145,8,0
2024-01-31 04:50:00,1.92935,1.92957,1.9291399999999999,1.92937,133,8,0
2024-01-31 04:55:00,1.92937,1.9294,1.92875,1.92926,358,8,0
2024-01-31 05:00:00,1.9292500000000001,1.92978,1.92919,1.9295499999999999,541,8,0
2024-01-31 05:05:00,1.9295499999999999,1.9298,1.92926,1.9297900000000001,420,8,0
2024-01-31 05:10:00,1.9297900000000001,1.92988,1.92943,1.9296799999999998,373,8,0
2024-01-31 05:15:00,1.9296799999999998,1.92992,1.92943,1.92954,449,8,0
2024-01-31 05:20:00,1.92954,1.93034,1.92954,1.93005,485,8,0
2024-01-31 05:25:00,1.93005,1.9303,1.92972,1.93017,344,8,0
2024-01-31 05:30:00,1.93017,1.9308800000000002,1.9300899999999999,1.93087,538,8,0
2024-01-31 05:35:00,1.93087,1.9308999999999998,1.9304299999999999,1.9308999999999998,464,8,0
2024-01-31 05:40:00,1.9308999999999998,1.93107,1.9306299999999998,1.9308800000000002,370,8,0
2024-01-31 05:45:00,1.9308800000000002,1.93133,1.93082,1.9310100000000001,428,8,0
2024-01-31 05:50:00,1.9310100000000001,1.9310100000000001,1.93019,1.93058,364,8,0
2024-01-31 05:55:00,1.93058,1.93076,1.93019,1.93065,431,8,0
2024-01-31 06:00:00,1.93065,1.9311500000000001,1.93065,1.93112,337,8,0
2024-01-31 06:05:00,1.93112,1.93163,1.9311,1.9315600000000002,269,8,0
2024-01-31 06:10:00,1.9315600000000002,1.93175,1.93113,1.93119,320,8,0
2024-01-31 06:15:00,1.93119,1.9314200000000001,1.93094,1.9314200000000001,378,8,0
2024-01-31 06:20:00,1.9314200000000001,1.93143,1.93062,1.93085,337,8,0
2024-01-31 06:25:00,1.93085,1.93119,1.9307699999999999,1.9308999999999998,398,8,0
2024-01-31 06:30:00,1.9308999999999998,1.931,1.9306100000000002,1.93064,409,8,0
2024-01-31 06:35:00,1.93064,1.93065,1.93026,1.93041,397,8,0
2024-01-31 06:40:00,1.93041,1.93068,1.93025,1.93057,296,8,0
2024-01-31 06:45:00,1.93057,1.9308,1.93045,1.93052,250,8,0
2024-01-31 06:50:00,1.93052,1.9310399999999999,1.93046,1.93069,282,8,0
2024-01-31 06:55:00,1.93069,1.93089,1.93035,1.9304299999999999,363,8,0
2024-01-31 07:00:00,1.9304000000000001,1.93072,1.9301599999999999,1.93064,649,8,0
2024-01-31 07:05:00,1.93064,1.93157,1.93062,1.93087,543,8,0
2024-01-31 07:10:00,1.93087,1.9317600000000001,1.93084,1.9316900000000001,488,8,0
2024-01-31 07:15:00,1.9316900000000001,1.93186,1.93093,1.93096,551,8,0
2024-01-31 07:20:00,1.93096,1.9313500000000001,1.93078,1.93083,568,8,0
2024-01-31 07:25:00,1.93083,1.9308800000000002,1.93022,1.93028,399,8,0
2024-01-31 07:30:00,1.93028,1.93028,1.92934,1.92937,627,8,0
2024-01-31 07:35:00,1.92937,1.92971,1.92936,1.92967,605,8,0
2024-01-31 07:40:00,1.92967,1.93052,1.92964,1.92998,690,8,0
2024-01-31 07:45:00,1.93001,1.93001,1.92886,1.9289,1020,8,0
2024-01-31 07:50:00,1.9289,1.9289,1.9275,1.92764,1020,8,0
2024-01-31 07:55:00,1.92764,1.92862,1.92757,1.92822,910,8,0
2024-01-31 08:00:00,1.92823,1.92873,1.9278,1.928,1200,8,0
2024-01-31 08:05:00,1.928,1.9283000000000001,1.92757,1.9276200000000001,791,8,0
2024-01-31 08:10:00,1.92763,1.92764,1.92621,1.92639,766,8,0
2024-01-31 08:15:00,1.92639,1.92748,1.92631,1.92719,888,8,0
2024-01-31 08:20:00,1.92719,1.92719,1.92615,1.9267400000000001,776,8,0
2024-01-31 08:25:00,1.9267400000000001,1.9272200000000002,1.92646,1.92717,929,8,0
2024-01-31 08:30:00,1.92717,1.9274,1.9268100000000001,1.92721,923,8,0
2024-01-31 08:35:00,1.92721,1.9274200000000001,1.92671,1.92693,956,8,0
2024-01-31 08:40:00,1.92693,1.9275600000000002,1.92689,1.92725,719,8,0
2024-01-31 08:45:00,1.92725,1.9278499999999998,1.92689,1.9272,756,8,0
2024-01-31 08:50:00,1.9272,1.92726,1.9256799999999998,1.92618,808,8,0
2024-01-31 08:55:00,1.92617,1.92644,1.92591,1.9262299999999999,768,8,0
2024-01-31 09:00:00,1.9262299999999999,1.92692,1.92622,1.92664,1162,8,0
2024-01-31 09:05:00,1.92664,1.92694,1.92622,1.9263599999999999,989,8,0
2024-01-31 09:10:00,1.9263599999999999,1.92673,1.92608,1.92633,817,8,0
2024-01-31 09:15:00,1.92633,1.9266299999999998,1.9255499999999999,1.9257499999999999,904,8,0
2024-01-31 09:20:00,1.92576,1.92596,1.9251,1.92527,963,8,0
2024-01-31 09:25:00,1.92527,1.9258,1.92523,1.92544,741,8,0
2024-01-31 09:30:00,1.92544,1.92551,1.92466,1.925,752,8,0
2024-01-31 09:35:00,1.925,1.9256,1.925,1.92557,691,8,0
2024-01-31 09:40:00,1.92557,1.92565,1.9249100000000001,1.92529,532,8,0
2024-01-31 09:45:00,1.92529,1.92535,1.92439,1.92447,877,8,0
2024-01-31 09:50:00,1.9244599999999998,1.92508,1.92429,1.9248699999999999,957,8,0
2024-01-31 09:55:00,1.9248699999999999,1.9249100000000001,1.9242599999999999,1.92461,832,8,0
2024-01-31 10:00:00,1.92461,1.9249800000000001,1.92454,1.92482,828,8,0
2024-01-31 10:05:00,1.92482,1.92583,1.9245999999999999,1.92553,755,8,0
2024-01-31 10:10:00,1.92553,1.92564,1.92503,1.92557,611,8,0
2024-01-31 10:15:00,1.92557,1.9257499999999999,1.92469,1.92473,676,8,0
2024-01-31 10:20:00,1.92474,1.9254799999999999,1.92456,1.92538,568,8,0
2024-01-31 10:25:00,1.92538,1.92576,1.92524,1.9257300000000002,595,8,0
2024-01-31 10:30:00,1.9257300000000002,1.92588,1.92527,1.92551,640,8,0
2024-01-31 10:35:00,1.92551,1.92638,1.9254,1.9261599999999999,612,8,0
2024-01-31 10:40:00,1.92617,1.92657,1.92576,1.92645,389,8,0
2024-01-31 10:45:00,1.92645,1.92662,1.92619,1.92658,519,8,0
2024-01-31 10:50:00,1.92658,1.9268,1.92631,1.92655,608,8,0
2024-01-31 10:55:00,1.92655,1.9272399999999998,1.9265400000000001,1.92699,666,8,0
2024-01-31 11:00:00,1.92699,1.92699,1.92637,1.9268,725,8,0
2024-01-31 11:05:00,1.9268,1.9272200000000002,1.9267400000000001,1.92687,610,8,0
2024-01-31 11:10:00,1.92687,1.9273500000000001,1.9266100000000002,1.92699,555,8,0
2024-01-31 11:15:00,1.92699,1.92746,1.92693,1.9272399999999998,515,8,0
2024-01-31 11:20:00,1.9272399999999998,1.9278300000000002,1.9271,1.92719,484,8,0
2024-01-31 11:25:00,1.92719,1.9275099999999998,1.92702,1.9271099999999999,418,8,0
2024-01-31 11:30:00,1.9271099999999999,1.9274499999999999,1.92679,1.9270399999999999,506,8,0
2024-01-31 11:35:00,1.9270399999999999,1.92755,1.9269500000000002,1.9275099999999998,489,8,0
2024-01-31 11:40:00,1.9275099999999998,1.92789,1.92723,1.92733,411,8,0
2024-01-31 11:45:00,1.92733,1.92761,1.92714,1.92739,442,8,0
2024-01-31 11:50:00,1.92739,1.92771,1.9273500000000001,1.9275099999999998,338,8,0
2024-01-31 11:55:00,1.9275099999999998,1.92805,1.92747,1.92784,475,8,0
2024-01-31 12:00:00,1.9278300000000002,1.92788,1.92753,1.9277,487,8,0
2024-01-31 12:05:00,1.9277,1.92797,1.9273500000000001,1.92793,459,8,0
2024-01-31 12:10:00,1.92793,1.9283000000000001,1.92784,1.9280599999999999,430,8,0
2024-01-31 12:15:00,1.92807,1.92807,1.92717,1.92718,598,8,0
2024-01-31 12:20:00,1.92718,1.92746,1.9269699999999998,1.9272399999999998,567,8,0
2024-01-31 12:25:00,1.9272399999999998,1.928,1.9272200000000002,1.9279600000000001,671,8,0
2024-01-31 12:30:00,1.92797,1.9280300000000001,1.92707,1.92713,515,8,0
2024-01-31 12:35:00,1.92713,1.92716,1.9267400000000001,1.92714,527,8,0
2024-01-31 12:40:00,1.92714,1.92767,1.92713,1.92729,620,8,0
2024-01-31 12:45:00,1.9273099999999999,1.92741,1.92662,1.9267699999999999,688,8,0
2024-01-31 12:50:00,1.9267699999999999,1.9271099999999999,1.92666,1.92693,794,8,0
2024-01-31 12:55:00,1.92693,1.92744,1.92693,1.92728,591,8,0
2024-01-31 13:00:00,1.92728,1.92774,1.92693,1.92773,1001,8,0
2024-01-31 13:05:00,1.92773,1.92811,1.92754,1.9276499999999999,884,8,0
2024-01-31 13:10:00,1.9276499999999999,1.92823,1.92733,1.9278,773,8,0
2024-01-31 13:15:00,1.9278,1.9283299999999999,1.92683,1.92698,1459,8,0
2024-01-31 13:20:00,1.92698,1.9273799999999999,1.92669,1.92669,1461,8,0
2024-01-31 13:25:00,1.92668,1.92743,1.9264700000000001,1.9264700000000001,842,8,0
2024-01-31 13:30:00,1.9264700000000001,1.92702,1.92572,1.92603,2289,8,0
2024-01-31 13:35:00,1.92605,1.9267699999999999,1.92583,1.92604,1796,8,0
2024-01-31 13:40:00,1.92604,1.92652,1.92592,1.92621,1503,8,0
2024-01-31 13:45:00,1.92621,1.9271500000000001,1.92577,1.9269699999999998,1539,8,0
2024-01-31 13:50:00,1.9269699999999998,1.9270100000000001,1.92628,1.92667,1308,8,0
2024-01-31 13:55:00,1.92667,1.9268100000000001,1.9261,1.92615,1265,8,0
2024-01-31 14:00:00,1.92615,1.9263400000000002,1.92531,1.92538,1367,8,0
2024-01-31 14:05:00,1.92538,1.92557,1.9251,1.92524,1330,8,0
2024-01-31 14:10:00,1.92524,1.92542,1.92472,1.9252,1475,8,0
2024-01-31 14:15:00,1.92523,1.92571,1.92516,1.92522,1187,8,0
2024-01-31 14:20:00,1.92523,1.9255200000000001,1.92486,1.92492,948,8,0
2024-01-31 14:25:00,1.92492,1.92517,1.92477,1.92503,923,8,0
2024-01-31 14:30:00,1.92503,1.92519,1.92418,1.92434,1490,8,0
2024-01-31 14:35:00,1.92434,1.9245299999999999,1.92373,1.9242599999999999,1662,8,0
2024-01-31 14:40:00,1.9242599999999999,1.9251200000000002,1.92384,1.92509,1249,8,0
2024-01-31 14:45:00,1.92506,1.9258899999999999,1.9247100000000001,1.92499,1740,8,0
2024-01-31 14:50:00,1.925,1.92551,1.92462,1.92489,1724,8,0
2024-01-31 14:55:00,1.92489,1.92601,1.92438,1.92547,1951,8,0
2024-01-31 15:00:00,1.92547,1.92692,1.9249100000000001,1.92667,1952,8,0
2024-01-31 15:05:00,1.92667,1.9269500000000002,1.92588,1.92694,1785,8,0
2024-01-31 15:10:00,1.92694,1.9270100000000001,1.92597,1.9268100000000001,1808,8,0
2024-01-31 15:15:00,1.92679,1.9268399999999999,1.9257900000000001,1.92651,1769,8,0
2024-01-31 15:20:00,1.92653,1.9266299999999998,1.92614,1.9264000000000001,1545,8,0
2024-01-31 15:25:00,1.92639,1.92665,1.9256199999999999,1.92657,1453,8,0
2024-01-31 15:30:00,1.92657,1.92741,1.9264299999999999,1.92713,1610,8,0
2024-01-31 15:35:00,1.92713,1.92726,1.9261,1.9263400000000002,1579,8,0
2024-01-31 15:40:00,1.9263400000000002,1.9263400000000002,1.92502,1.92595,1518,8,0
2024-01-31 15:45:00,1.92595,1.92598,1.9242,1.92511,1493,8,0
2024-01-31 15:50:00,1.9251200000000002,1.92635,1.9250099999999999,1.9258,1782,8,0
2024-01-31 15:55:00,1.9258,1.9270100000000001,1.9256799999999998,1.92576,2033,8,0
2024-01-31 16:00:00,1.92577,1.92667,1.9256799999999998,1.92584,1863,8,0
2024-01-31 16:05:00,1.92583,1.92611,1.9254099999999998,1.92592,1367,8,0
2024-01-31 16:10:00,1.92592,1.92615,1.9254,1.92554,1208,8,0
2024-01-31 16:15:00,1.92554,1.9259,1.92509,1.92578,1071,8,0
2024-01-31 16:20:00,1.92577,1.9262700000000001,1.92558,1.92597,1314,8,0
2024-01-31 16:25:00,1.92597,1.92618,1.9255,1.92563,1125,8,0
2024-01-31 16:30:00,1.9256199999999999,1.9266299999999998,1.92557,1.92645,1150,8,0
2024-01-31 16:35:00,1.92645,1.92753,1.92637,1.92743,1056,8,0
2024-01-31 16:40:00,1.9274499999999999,1.9283700000000001,1.92733,1.92825,867,8,0
2024-01-31 16:45:00,1.92825,1.92888,1.9282,1.9287100000000001,1089,8,0
2024-01-31 16:50:00,1.9287100000000001,1.92912,1.92825,1.9290500000000002,903,8,0
2024-01-31 16:55:00,1.9290500000000002,1.92943,1.92893,1.9293200000000001,859,8,0
2024-01-31 17:00:00,1.9293200000000001,1.92957,1.92825,1.92828,807,8,0
2024-01-31 17:05:00,1.92828,1.9290699999999998,1.9281899999999998,1.92876,739,8,0
2024-01-31 17:10:00,1.92876,1.92946,1.92858,1.92936,650,8,0
2024-01-31 17:15:00,1.92936,1.92974,1.9286400000000001,1.92874,708,8,0
2024-01-31 17:20:00,1.92874,1.9288699999999999,1.92827,1.92831,862,8,0
2024-01-31 17:25:00,1.9283000000000001,1.9283000000000001,1.92778,1.9279199999999999,689,8,0
2024-01-31 17:30:00,1.9279199999999999,1.92838,1.92757,1.92831,585,8,0
2024-01-31 17:35:00,1.92831,1.92885,1.92827,1.9284400000000002,641,8,0
2024-01-31 17:40:00,1.9284400000000002,1.9285700000000001,1.92801,1.92831,612,8,0
2024-01-31 17:45:00,1.92831,1.92845,1.92775,1.9280300000000001,495,8,0
2024-01-31 17:50:00,1.9280300000000001,1.92824,1.9277199999999999,1.9280599999999999,606,8,0
2024-01-31 17:55:00,1.9280599999999999,1.9286400000000001,1.9280599999999999,1.9283700000000001,476,8,0
2024-01-31 18:00:00,1.9283700000000001,1.9292500000000001,1.928,1.92919,556,8,0
2024-01-31 18:05:00,1.9291800000000001,1.92919,1.92841,1.92856,495,8,0
2024-01-31 18:10:00,1.92856,1.92883,1.92849,1.9286400000000001,517,8,0
2024-01-31 18:15:00,1.9286400000000001,1.92866,1.92813,1.9283299999999999,448,8,0
2024-01-31 18:20:00,1.9283299999999999,1.9287,1.928,1.9284599999999998,551,8,0
2024-01-31 18:25:00,1.9284599999999998,1.92848,1.92794,1.9281700000000002,518,8,0
2024-01-31 18:30:00,1.9281700000000002,1.92847,1.9279,1.9284400000000002,567,8,0
2024-01-31 18:35:00,1.9284400000000002,1.9289,1.9281199999999998,1.92814,537,8,0
2024-01-31 18:40:00,1.92814,1.92824,1.92784,1.9279,388,8,0
2024-01-31 18:45:00,1.9279,1.92816,1.9279,1.92794,599,8,0
2024-01-31 18:50:00,1.92794,1.92815,1.92743,1.92747,648,8,0
2024-01-31 18:55:00,1.92747,1.928,1.92683,1.92703,639,8,0
2024-01-31 19:00:00,1.92678,1.93012,1.92578,1.92972,2815,8,0
2024-01-31 19:05:00,1.92972,1.9304700000000001,1.92872,1.9298600000000001,2668,8,0
2024-01-31 19:10:00,1.9298600000000001,1.93012,1.92832,1.92851,2193,8,0
2024-01-31 19:15:00,1.92851,1.9291,1.9280300000000001,1.92889,1700,8,0
2024-01-31 19:20:00,1.92888,1.92953,1.9283000000000001,1.9292,1645,8,0
2024-01-31 19:25:00,1.92922,1.92974,1.92899,1.9294099999999998,1526,8,0
2024-01-31 19:30:00,1.9294,1.9304000000000001,1.92855,1.92902,2775,8,0
2024-01-31 19:35:00,1.92902,1.9299,1.92569,1.92625,3235,8,0
2024-01-31 19:40:00,1.92617,1.9262700000000001,1.92452,1.9250099999999999,3039,8,0
2024-01-31 19:45:00,1.925,1.92599,1.9245100000000002,1.92569,2538,8,0
2024-01-31 19:50:00,1.92569,1.9272399999999998,1.9253200000000001,1.92608,2304,8,0
2024-01-31 19:55:00,1.92612,1.92786,1.92574,1.92706,2330,8,0
2024-01-31 20:00:00,1.92709,1.93053,1.92693,1.93012,3089,8,0
2024-01-31 20:05:00,1.93012,1.9306,1.9287,1.92937,3069,8,0
2024-01-31 20:10:00,1.9294099999999998,1.9304000000000001,1.9287,1.92877,2877,8,0
2024-01-31 20:15:00,1.92877,1.92951,1.92841,1.92927,2349,8,0
2024-01-31 20:20:00,1.92927,1.92971,1.9279899999999999,1.92885,2208,8,0
2024-01-31 20:25:00,1.92885,1.93021,1.92868,1.92996,1953,8,0
2024-01-31 20:30:00,1.92996,1.93216,1.92995,1.93195,1665,8,0
2024-01-31 20:35:00,1.9319199999999999,1.93232,1.93082,1.9310800000000001,1459,8,0
2024-01-31 20:40:00,1.9311,1.93114,1.93024,1.93083,1508,8,0
2024-01-31 20:45:00,1.93083,1.9313,1.9304700000000001,1.9311500000000001,1212,8,0
2024-01-31 20:50:00,1.9311500000000001,1.9319199999999999,1.93106,1.93107,1186,8,0
2024-01-31 20:55:00,1.93107,1.9319899999999999,1.93092,1.93173,1129,8,0
2024-01-31 21:00:00,1.93175,1.9321000000000002,1.93105,1.9315099999999998,1145,8,0
2024-01-31 21:05:00,1.9315099999999998,1.93168,1.9308,1.93125,786,8,0
2024-01-31 21:10:00,1.93125,1.9315099999999998,1.9311,1.93143,623,8,0
2024-01-31 21:15:00,1.93143,1.9315799999999999,1.93091,1.9310100000000001,582,8,0
2024-01-31 21:20:00,1.9310100000000001,1.93144,1.93082,1.93137,509,8,0
2024-01-31 21:25:00,1.9313799999999999,1.9319,1.93113,1.9317600000000001,425,8,0
2024-01-31 21:30:00,1.9317600000000001,1.9321000000000002,1.9317600000000001,1.9319,393,8,0
2024-01-31 21:35:00,1.9319,1.93214,1.93164,1.93204,410,8,0
2024-01-31 21:40:00,1.93204,1.93249,1.93204,1.93229,301,8,0
2024-01-31 21:45:00,1.93228,1.93248,1.93194,1.93207,398,8,0
2024-01-31 21:50:00,1.93207,1.93248,1.9320300000000001,1.93224,395,8,0
2024-01-31 21:55:00,1.93224,1.9325,1.9315099999999998,1.9315600000000002,577,8,0
2024-01-31 22:00:00,1.93175,1.93193,1.92788,1.93071,14,63,0
2024-01-31 22:05:00,1.93071,1.931,1.93071,1.93084,9,136,0
2024-01-31 22:10:00,1.93084,1.93084,1.9298899999999999,1.93032,64,113,0
2024-01-31 22:15:00,1.93035,1.93059,1.9300899999999999,1.93049,41,118,0
2024-01-31 22:20:00,1.93049,1.93072,1.93035,1.93059,25,96,0
2024-01-31 22:25:00,1.93059,1.93107,1.93028,1.9308999999999998,63,100,0
2024-01-31 22:30:00,1.9308999999999998,1.93125,1.93084,1.93091,57,85,0
2024-01-31 22:35:00,1.93091,1.9318300000000002,1.93082,1.93182,114,77,0
2024-01-31 22:40:00,1.93182,1.9318300000000002,1.93134,1.93167,105,76,0
2024-01-31 22:45:00,1.93167,1.93174,1.93087,1.93129,181,74,0
2024-01-31 22:50:00,1.93129,1.9321000000000002,1.9312,1.9315,209,54,0
2024-01-31 22:55:00,1.9315,1.93243,1.9313799999999999,1.93227,143,51,0
2024-01-31 23:00:00,1.93227,1.9327999999999999,1.93171,1.9322300000000001,399,8,0
2024-01-31 23:05:00,1.93221,1.93224,1.9316499999999999,1.93171,180,8,0
2024-01-31 23:10:00,1.9317199999999999,1.93205,1.93143,1.93145,246,8,0
2024-01-31 23:15:00,1.93145,1.93173,1.9312200000000002,1.93157,149,8,0
2024-01-31 23:20:00,1.93155,1.93181,1.93146,1.9317,148,8,0
2024-01-31 23:25:00,1.93167,1.9318,1.93121,1.9312200000000002,185,8,0
2024-01-31 23:30:00,1.9312200000000002,1.9315099999999998,1.9312200000000002,1.93143,216,8,0
2024-01-31 23:35:00,1.9314200000000001,1.9314900000000002,1.9308,1.93127,221,8,0
2024-01-31 23:40:00,1.93128,1.93133,1.9310800000000001,1.93119,170,8,0
2024-01-31 23:45:00,1.93119,1.93133,1.93089,1.93127,269,8,0
2024-01-31 23:50:00,1.93127,1.93171,1.93112,1.93155,276,8,0
2024-01-31 23:55:00,1.93154,1.9321700000000002,1.9315099999999998,1.93194,376,8,0
2024-02-01 00:00:00,1.93194,1.93207,1.93106,1.93148,620,8,0
2024-02-01 00:05:00,1.93148,1.93166,1.93093,1.9309500000000002,490,8,0
2024-02-01 00:10:00,1.9309500000000002,1.9311099999999999,1.92995,1.93003,450,8,0
2024-02-01 00:15:00,1.93003,1.93034,1.9298,1.93015,439,8,0
2024-02-01 00:20:00,1.93015,1.93017,1.92946,1.92956,352,8,0
2024-02-01 00:25:00,1.92956,1.9295900000000001,1.92899,1.92916,383,8,0
2024-02-01 00:30:00,1.92916,1.92953,1.92895,1.92919,477,8,0
2024-02-01 00:35:00,1.92919,1.92923,1.92886,1.92912,365,8,0
2024-02-01 00:40:00,1.92912,1.92938,1.92848,1.9290500000000002,487,8,0
2024-02-01 00:45:00,1.9290500000000002,1.9295200000000001,1.92889,1.92936,460,8,0
2024-02-01 00:50:00,1.92935,1.92964,1.92862,1.92893,853,8,0
2024-02-01 00:55:00,1.9289399999999999,1.9299,1.92879,1.92985,883,8,0
2024-02-01 01:00:00,1.92985,1.92985,1.92889,1.92908,860,8,0
2024-02-01 01:05:00,1.92908,1.93035,1.92902,1.92987,825,8,0
2024-02-01 01:10:00,1.92987,1.93058,1.92985,1.92997,801,8,0
2024-02-01 01:15:00,1.92997,1.9307400000000001,1.92963,1.93058,960,8,0
2024-02-01 01:20:00,1.93058,1.93082,1.9303,1.93057,882,8,0
2024-02-01 01:25:00,1.93056,1.93128,1.93048,1.9309699999999999,732,8,0
2024-02-01 01:30:00,1.9309699999999999,1.9319199999999999,1.93086,1.9310100000000001,1269,8,0
2024-02-01 01:35:00,1.931,1.93134,1.93079,1.9310399999999999,965,8,0
2024-02-01 01:40:00,1.9310399999999999,1.9312399999999998,1.93066,1.93107,707,8,0
2024-02-01 01:45:00,1.93107,1.93175,1.93076,1.93163,767,8,0
2024-02-01 01:50:00,1.93163,1.93262,1.9315,1.9321899999999999,956,8,0
2024-02-01 01:55:00,1.9321899999999999,1.9322,1.93132,1.9317,851,8,0
2024-02-01 02:00:00,1.9317,1.93188,1.9312399999999998,1.93186,689,8,0
2024-02-01 02:05:00,1.93187,1.93187,1.93044,1.9306299999999998,927,8,0
2024-02-01 02:10:00,1.9306299999999998,1.9306299999999998,1.92963,1.9300899999999999,1054,8,0
2024-02-01 02:15:00,1.9300899999999999,1.93078,1.92956,1.93078,926,8,0
2024-02-01 02:20:00,1.93076,1.93093,1.93049,1.9306299999999998,846,8,0
2024-02-01 02:25:00,1.9306299999999998,1.9312,1.9306299999999998,1.93102,704,8,0
2024-02-01 02:30:00,1.9310100000000001,1.93121,1.9306,1.9306100000000002,649,8,0
2024-02-01 02:35:00,1.9306100000000002,1.93082,1.93012,1.93073,629,8,0
2024-02-01 02:40:00,1.93073,1.93089,1.92997,1.9306100000000002,897,8,0
2024-02-01 02:45:00,1.9306100000000002,1.9311099999999999,1.93049,1.93091,585,8,0
2024-02-01 02:50:00,1.93091,1.93152,1.93091,1.93147,374,8,0
2024-02-01 02:55:00,1.93148,1.9315099999999998,1.93114,1.93148,500,8,0
2024-02-01 03:00:00,1.93148,1.9314900000000002,1.93034,1.93064,668,8,0
2024-02-01 03:05:00,1.93064,1.93072,1.9303599999999999,1.9304999999999999,502,8,0
2024-02-01 03:10:00,1.93051,1.9308,1.93024,1.93053,644,8,0
2024-02-01 03:15:00,1.93053,1.9309699999999999,1.92996,1.93019,599,8,0
2024-02-01 03:20:00,1.93019,1.93098,1.93011,1.9308999999999998,544,8,0
2024-02-01 03:25:00,1.93089,1.93155,1.9308100000000001,1.9311099999999999,388,8,0
2024-02-01 03:30:00,1.9311099999999999,1.9317199999999999,1.9311,1.9313500000000001,482,8,0
2024-02-01 03:35:00,1.9313500000000001,1.93166,1.93112,1.93116,567,8,0
2024-02-01 03:40:00,1.93116,1.93167,1.93116,1.93167,552,8,0
2024-02-01 03:45:00,1.93166,1.93178,1.93133,1.93171,478,8,0
2024-02-01 03:50:00,1.93171,1.9317199999999999,1.9313799999999999,1.93148,229,8,0
2024-02-01 03:55:00,1.93148,1.93179,1.93145,1.9317199999999999,348,8,0
2024-02-01 04:00:00,1.9317199999999999,1.9319899999999999,1.9316499999999999,1.9319,278,8,0
2024-02-01 04:05:00,1.9319,1.9321899999999999,1.93157,1.9321899999999999,314,8,0
2024-02-01 04:10:00,1.9321899999999999,1.93303,1.9321199999999998,1.93295,341,8,0
2024-02-01 04:15:00,1.93295,1.93364,1.93295,1.93347,507,8,0
2024-02-01 04:20:00,1.93347,1.9345599999999998,1.93347,1.93453,519,8,0
2024-02-01 04:25:00,1.93453,1.9350800000000001,1.93417,1.9349699999999999,477,8,0
2024-02-01 04:30:00,1.93499,1.93523,1.93472,1.93478,478,8,0
2024-02-01 04:35:00,1.93478,1.93482,1.9338899999999999,1.93411,419,8,0
2024-02-01 04:40:00,1.93411,1.93414,1.93387,1.93412,243,8,0
2024-02-01 04:45:00,1.93412,1.9354200000000001,1.93407,1.9353799999999999,496,8,0
2024-02-01 04:50:00,1.9353799999999999,1.9359899999999999,1.93498,1.9351,533,8,0
2024-02-01 04:55:00,1.9351,1.9351500000000001,1.93473,1.93499,333,8,0
2024-02-01 05:00:00,1.93498,1.93598,1.93498,1.93559,466,8,0
2024-02-01 05:05:00,1.9356,1.93571,1.93523,1.9356900000000001,293,8,0
2024-02-01 05:10:00,1.9356900000000001,1.93647,1.93568,1.9360300000000001,476,8,0
2024-02-01 05:15:00,1.9360300000000001,1.93647,1.9360300000000001,1.93645,514,8,0
2024-02-01 05:20:00,1.93645,1.93724,1.93645,1.93716,552,8,0
2024-02-01 05:25:00,1.93716,1.93777,1.93674,1.93754,595,8,0
2024-02-01 05:30:00,1.93754,1.93783,1.93719,1.9375499999999999,644,8,0
2024-02-01 05:35:00,1.9375499999999999,1.93805,1.93742,1.9379,604,8,0
2024-02-01 05:40:00,1.9379,1.9381599999999999,1.93761,1.9381300000000001,517,8,0
2024-02-01 05:45:00,1.9381300000000001,1.9386100000000002,1.93719,1.9374099999999999,614,8,0
2024-02-01 05:50:00,1.9374099999999999,1.9377900000000001,1.937,1.93712,654,8,0
2024-02-01 05:55:00,1.93712,1.93785,1.93712,1.93754,714,8,0
2024-02-01 06:00:00,1.93754,1.93761,1.9370500000000002,1.93713,711,8,0
2024-02-01 06:05:00,1.93713,1.9380199999999999,1.9368400000000001,1.9377,401,8,0
2024-02-01 06:10:00,1.93769,1.9383,1.93739,1.93761,465,8,0
2024-02-01 06:15:00,1.93763,1.9379499999999998,1.93736,1.93762,512,8,0
2024-02-01 06:20:00,1.93762,1.9378600000000001,1.9371800000000001,1.93736,511,8,0
2024-02-01 06:25:00,1.93736,1.9379499999999998,1.93722,1.93757,444,8,0
2024-02-01 06:30:00,1.93757,1.93778,1.93731,1.9374,514,8,0
2024-02-01 06:35:00,1.9374,1.93761,1.93706,1.9372500000000001,590,8,0
2024-02-01 06:40:00,1.93724,1.93791,1.9368400000000001,1.93788,506,8,0
2024-02-01 06:45:00,1.93788,1.93803,1.93731,1.93776,385,8,0
2024-02-01 06:50:00,1.93776,1.93818,1.93769,1.93803,260,8,0
2024-02-01 06:55:00,1.938,1.93841,1.93764,1.93818,518,8,0
2024-02-01 07:00:00,1.93818,1.93818,1.93695,1.93712,840,8,0
2024-02-01 07:05:00,1.93711,1.9372500000000001,1.93665,1.9367,752,8,0
2024-02-01 07:10:00,1.9367100000000002,1.93678,1.93588,1.9361199999999998,806,8,0
2024-02-01 07:15:00,1.93611,1.93636,1.93543,1.93547,699,8,0
2024-02-01 07:20:00,1.93546,1.93635,1.93545,1.93631,660,8,0
2024-02-01 07:25:00,1.93631,1.9365,1.93588,1.93618,737,8,0
2024-02-01 07:30:00,1.93618,1.9365700000000001,1.9360300000000001,1.93627,1009,8,0
2024-02-01 07:35:00,1.93628,1.93728,1.93618,1.93724,1000,8,0
2024-02-01 07:40:00,1.93723,1.93739,1.93688,1.9369,908,8,0
2024-02-01 07:45:00,1.9369,1.93872,1.9369,1.93736,1118,8,0
2024-02-01 07:50:00,1.93736,1.9376,1.93675,1.9369800000000001,898,8,0
2024-02-01 07:55:00,1.9369800000000001,1.93753,1.93666,1.93695,1063,8,0
2024-02-01 08:00:00,1.93695,1.93858,1.9369,1.93848,1337,8,0
2024-02-01 08:05:00,1.93848,1.9388,1.93803,1.93879,1183,8,0
2024-02-01 08:10:00,1.9388,1.9394,1.93864,1.93926,1247,8,0
2024-02-01 08:15:00,1.93925,1.93974,1.93903,1.93956,978,8,0
2024-02-01 08:20:00,1.93956,1.94005,1.93893,1.9390100000000001,1039,8,0
2024-02-01 08:25:00,1.9390100000000001,1.93954,1.93889,1.93939,912,8,0
2024-02-01 08:30:00,1.93939,1.9394900000000002,1.9380899999999999,1.93846,1049,8,0
2024-02-01 08:35:00,1.93846,1.93929,1.93808,1.9384299999999999,1090,8,0
2024-02-01 08:40:00,1.9384299999999999,1.9392800000000001,1.9384299999999999,1.93886,731,8,0
2024-02-01 08:45:00,1.93886,1.93995,1.93885,1.93995,809,8,0
2024-02-01 08:50:00,1.93995,1.94,1.93923,1.93953,941,8,0
2024-02-01 08:55:00,1.93952,1.93963,1.93871,1.93889,835,8,0
2024-02-01 09:00:00,1.9388999999999998,1.9389699999999999,1.93831,1.93846,975,8,0
2024-02-01 09:05:00,1.93846,1.93859,1.93785,1.9379300000000002,780,8,0
2024-02-01 09:10:00,1.93794,1.9395099999999998,1.93783,1.9395,897,8,0
2024-02-01 09:15:00,1.9395,1.93954,1.93789,1.93828,864,8,0
2024-02-01 09:20:00,1.93828,1.9384000000000001,1.93774,1.9378600000000001,692,8,0
2024-02-01 09:25:00,1.9378600000000001,1.9385400000000002,1.9378600000000001,1.93789,669,8,0
2024-02-01 09:30:00,1.9379,1.93858,1.93744,1.93849,881,8,0
2024-02-01 09:35:00,1.93849,1.93898,1.93846,1.93892,799,8,0
2024-02-01 09:40:00,1.93896,1.93944,1.93871,1.9392800000000001,820,8,0
2024-02-01 09:45:00,1.9392800000000001,1.9396900000000001,1.9392,1.93956,826,8,0
2024-02-01 09:50:00,1.93955,1.9398499999999999,1.9390100000000001,1.93906,666,8,0
2024-02-01 09:55:00,1.93906,1.93943,1.93878,1.93885,617,8,0
2024-02-01 10:00:00,1.93885,1.9394900000000002,1.93866,1.93933,813,8,0
2024-02-01 10:05:00,1.93933,1.93946,1.9387400000000001,1.9390800000000001,723,8,0
2024-02-01 10:10:00,1.9390800000000001,1.93911,1.93824,1.9385,710,8,0
2024-02-01 10:15:00,1.9385,1.93862,1.93819,1.93831,659,8,0
2024-02-01 10:20:00,1.93831,1.93898,1.93821,1.93865,753,8,0
2024-02-01 10:25:00,1.93865,1.93892,1.9384000000000001,1.9387400000000001,730,8,0
2024-02-01 10:30:00,1.9387400000000001,1.9392800000000001,1.93869,1.93906,620,8,0
2024-02-01 10:35:00,1.93907,1.9403299999999999,1.93905,1.93991,930,8,0
2024-02-01 10:40:00,1.9399199999999999,1.9404599999999999,1.9398499999999999,1.94036,1065,8,0
2024-02-01 10:45:00,1.94035,1.94103,1.93998,1.94014,667,8,0
2024-02-01 10:50:00,1.94014,1.94031,1.93955,1.93963,684,8,0
2024-02-01 10:55:00,1.93963,1.94021,1.9394200000000001,1.93993,545,8,0
2024-02-01 11:00:00,1.93993,1.94007,1.93953,1.93994,694,8,0
2024-02-01 11:05:00,1.93994,1.9401000000000002,1.9395099999999998,1.93991,695,8,0
2024-02-01 11:10:00,1.93994,1.94036,1.93974,1.94027,710,8,0
2024-02-01 11:15:00,1.94028,1.9403899999999998,1.93914,1.93937,952,8,0
2024-02-01 11:20:00,1.93937,1.93964,1.93872,1.93909,868,8,0
2024-02-01 11:25:00,1.93909,1.94021,1.9389699999999999,1.93959,900,8,0
2024-02-01 11:30:00,1.93959,1.93959,1.9389699999999999,1.93927,766,8,0
2024-02-01 11:35:00,1.93927,1.9393799999999999,1.9386299999999999,1.93891,723,8,0
2024-02-01 11:40:00,1.93892,1.93913,1.93797,1.9380899999999999,683,8,0
2024-02-01 11:45:00,1.93808,1.93906,1.93792,1.9385400000000002,638,8,0
2024-02-01 11:50:00,1.9385400000000002,1.9385400000000002,1.93788,1.93799,790,8,0
2024-02-01 11:55:00,1.93799,1.93974,1.93796,1.93852,896,8,0
2024-02-01 12:00:00,1.93852,1.94284,1.9384299999999999,1.94187,1504,8,0
2024-02-01 12:05:00,1.94187,1.94322,1.94176,1.94321,1114,8,0
2024-02-01 12:10:00,1.94321,1.94395,1.94293,1.9436900000000001,935,8,0
2024-02-01 12:15:00,1.9436900000000001,1.94441,1.9433099999999999,1.94424,1038,8,0
2024-02-01 12:20:00,1.94424,1.94556,1.94402,1.94509,982,8,0
2024-02-01 12:25:00,1.94508,1.94509,1.94424,1.94427,902,8,0
2024-02-01 12:30:00,1.94431,1.94445,1.94299,1.94326,1000,8,0
2024-02-01 12:35:00,1.9432399999999999,1.9441199999999998,1.9428100000000001,1.94404,852,8,0
2024-02-01 12:40:00,1.94404,1.94459,1.94384,1.94422,836,8,0
2024-02-01 12:45:00,1.94422,1.9451399999999999,1.94381,1.94395,1110,8,0
2024-02-01 12:50:00,1.94394,1.94444,1.9436499999999999,1.944,1024,8,0
2024-02-01 12:55:00,1.944,1.94494,1.94359,1.9438499999999999,1009,8,0
2024-02-01 13:00:00,1.9438499999999999,1.94488,1.94384,1.94485,1029,8,0
2024-02-01 13:05:00,1.94485,1.9449100000000001,1.94413,1.94418,822,8,0
2024-02-01 13:10:00,1.9441899999999999,1.94429,1.94368,1.94424,967,8,0
2024-02-01 13:15:00,1.94424,1.9449,1.94411,1.9441899999999999,1154,8,0
2024-02-01 13:20:00,1.9441899999999999,1.94463,1.9440300000000001,1.94441,1080,8,0
2024-02-01 13:25:00,1.94441,1.94447,1.94311,1.94311,1028,8,0
2024-02-01 13:30:00,1.94311,1.9436200000000001,1.9421300000000001,1.9423,1923,8,0
2024-02-01 13:35:00,1.94232,1.94246,1.9414799999999999,1.94173,1695,8,0
2024-02-01 13:40:00,1.94173,1.94218,1.9413200000000002,1.9417900000000001,1396,8,0
2024-02-01 13:45:00,1.94178,1.9421599999999999,1.94146,1.9414799999999999,1104,8,0
2024-02-01 13:50:00,1.9414799999999999,1.94192,1.9413200000000002,1.94181,1001,8,0
2024-02-01 13:55:00,1.94181,1.9423300000000001,1.94163,1.94174,1075,8,0
2024-02-01 14:00:00,1.94174,1.9417499999999999,1.94077,1.94117,1149,8,0
2024-02-01 14:05:00,1.94117,1.94154,1.9409,1.94135,1097,8,0
2024-02-01 14:10:00,1.94135,1.94137,1.94,1.94006,1110,8,0
2024-02-01 14:15:00,1.94006,1.94021,1.93954,1.94009,986,8,0
2024-02-01 14:20:00,1.94009,1.94013,1.93887,1.93986,1074,8,0
2024-02-01 14:25:00,1.93986,1.94103,1.9397199999999999,1.94093,969,8,0
2024-02-01 14:30:00,1.9409100000000001,1.9409399999999999,1.93994,1.94034,1506,8,0
2024-02-01 14:35:00,1.94035,1.9409100000000001,1.94009,1.94027,1274,8,0
2024-02-01 14:40:00,1.94027,1.9404599999999999,1.93933,1.93944,995,8,0
2024-02-01 14:45:00,1.93948,1.93952,1.93834,1.93844,1527,8,0
2024-02-01 14:50:00,1.93844,1.93944,1.93814,1.93929,1524,8,0
2024-02-01 14:55:00,1.93929,1.93959,1.9379300000000002,1.9379300000000002,1197,8,0
2024-02-01 15:00:00,1.9379300000000002,1.93959,1.93771,1.9385599999999998,2584,8,0
2024-02-01 15:05:00,1.93857,1.93948,1.9380600000000001,1.9381599999999999,2061,8,0
2024-02-01 15:10:00,1.9381599999999999,1.9386700000000001,1.93758,1.9383599999999999,1974,8,0
2024-02-01 15:15:00,1.9383599999999999,1.93873,1.93762,1.93872,1796,8,0
2024-02-01 15:20:00,1.93869,1.9392800000000001,1.93838,1.93864,1719,8,0
2024-02-01 15:25:00,1.93864,1.93878,1.93801,1.9382899999999998,1625,8,0
2024-02-01 15:30:00,1.93831,1.93916,1.93789,1.9390100000000001,1602,8,0
2024-02-01 15:35:00,1.9390100000000001,1.9397,1.93892,1.93963,1438,8,0
2024-02-01 15:40:00,1.93963,1.94,1.93858,1.9386299999999999,1422,8,0
2024-02-01 15:45:00,1.9386299999999999,1.93875,1.93788,1.93841,1313,8,0
2024-02-01 15:50:00,1.93841,1.93853,1.93762,1.93772,1640,8,0
2024-02-01 15:55:00,1.93772,1.9384000000000001,1.9374099999999999,1.93789,1798,8,0
2024-02-01 16:00:00,1.93789,1.93835,1.9368699999999999,1.93819,1745,8,0
2024-02-01 16:05:00,1.93819,1.9387400000000001,1.93789,1.9384700000000001,1550,8,0
2024-02-01 16:10:00,1.9384700000000001,1.93903,1.93807,1.93822,1626,8,0
2024-02-01 16:15:00,1.93822,1.93892,1.93778,1.9388800000000002,1468,8,0
2024-02-01 16:20:00,1.9388800000000002,1.93894,1.9382000000000001,1.9384299999999999,1357,8,0
2024-02-01 16:25:00,1.9384299999999999,1.93882,1.93807,1.93824,1350,8,0
2024-02-01 16:30:00,1.93823,1.93837,1.93756,1.93781,1342,8,0
2024-02-01 16:35:00,1.93781,1.93792,1.9373399999999998,1.9375499999999999,1242,8,0
2024-02-01 16:40:00,1.93749,1.93777,1.93704,1.93731,1235,8,0
2024-02-01 16:45:00,1.93726,1.93726,1.93659,1.9371,1372,8,0
2024-02-01 16:50:00,1.9371,1.9374799999999999,1.9366400000000001,1.93735,1133,8,0
2024-02-01 16:55:00,1.93735,1.9382899999999998,1.93726,1.9382000000000001,1159,8,0
2024-02-01 17:00:00,1.93822,1.93878,1.938,1.93817,1271,8,0
2024-02-01 17:05:00,1.93817,1.93858,1.9378600000000001,1.93849,1334,8,0
2024-02-01 17:10:00,1.93848,1.9385599999999998,1.93773,1.9384700000000001,1020,8,0
2024-02-01 17:15:00,1.9384700000000001,1.93871,1.93812,1.93864,926,8,0
2024-02-01 17:20:00,1.9386299999999999,1.93947,1.93857,1.9390800000000001,882,8,0
2024-02-01 17:25:00,1.9390800000000001,1.9398300000000002,1.9390800000000001,1.93963,917,8,0
2024-02-01 17:30:00,1.93963,1.9397,1.93906,1.9391500000000002,928,8,0
2024-02-01 17:35:00,1.9391500000000002,1.9400300000000001,1.93879,1.93993,982,8,0
2024-02-01 17:40:00,1.93993,1.9404599999999999,1.9397799999999998,1.94041,1063,8,0
2024-02-01 17:45:00,1.94042,1.94065,1.94018,1.9404,1078,8,0
2024-02-01 17:50:00,1.9404,1.94041,1.93887,1.93894,1175,8,0
2024-02-01 17:55:00,1.93895,1.93988,1.93892,1.93933,872,8,0
2024-02-01 18:00:00,1.93933,1.94004,1.93903,1.9398900000000001,865,8,0
2024-02-01 18:05:00,1.9398900000000001,1.9399600000000001,1.93937,1.93955,987,8,0
2024-02-01 18:10:00,1.93955,1.9397199999999999,1.93911,1.93918,907,8,0
2024-02-01 18:15:00,1.93918,1.93956,1.93886,1.93945,862,8,0
2024-02-01 18:20:00,1.93945,1.9395,1.93871,1.9388999999999998,830,8,0
2024-02-01 18:25:00,1.9388999999999998,1.93918,1.9387699999999999,1.93891,850,8,0
2024-02-01 18:30:00,1.93891,1.93898,1.9385,1.93893,961,8,0
2024-02-01 18:35:00,1.93893,1.93907,1.93841,1.93862,1211,8,0
2024-02-01 18:40:00,1.93862,1.93907,1.93852,1.93894,879,8,0
2024-02-01 18:45:00,1.93894,1.93895,1.93849,1.93872,791,8,0
2024-02-01 18:50:00,1.93872,1.93885,1.93855,1.9388100000000001,686,8,0
2024-02-01 18:55:00,1.93885,1.9391,1.9384700000000001,1.93892,817,8,0
2024-02-01 19:00:00,1.93892,1.93903,1.9385599999999998,1.9387400000000001,771,8,0
2024-02-01 19:05:00,1.9387400000000001,1.9394200000000001,1.9387400000000001,1.93927,777,8,0
2024-02-01 19:10:00,1.93927,1.9397600000000002,1.9391500000000002,1.93974,847,8,0
2024-02-01 19:15:00,1.93974,1.94068,1.93946,1.94055,770,8,0
2024-02-01 19:20:00,1.94055,1.94063,1.94027,1.94035,730,8,0
2024-02-01 19:25:00,1.94035,1.94042,1.94013,1.94024,632,8,0
2024-02-01 19:30:00,1.94025,1.94049,1.93997,1.94018,602,8,0
2024-02-01 19:35:00,1.94018,1.9403000000000001,1.93956,1.9399600000000001,803,8,0
2024-02-01 19:40:00,1.9399600000000001,1.9400300000000001,1.9397,1.9397,615,8,0
2024-02-01 19:45:00,1.9397,1.93987,1.93919,1.9392,550,8,0
2024-02-01 19:50:00,1.9392,1.9394900000000002,1.9390100000000001,1.93947,667,8,0
2024-02-01 19:55:00,1.93948,1.9396,1.93918,1.93954,805,8,0
2024-02-01 20:00:00,1.93954,1.93954,1.93911,1.93914,573,8,0
2024-02-01 20:05:00,1.93914,1.93954,1.93914,1.93921,340,8,0
2024-02-01 20:10:00,1.93921,1.93975,1.93919,1.93961,396,8,0
2024-02-01 20:15:00,1.9396,1.93967,1.9391,1.93934,391,8,0
2024-02-01 20:20:00,1.93934,1.93952,1.93929,1.93946,342,8,0
2024-02-01 20:25:00,1.93946,1.93964,1.93934,1.9393500000000001,391,8,0
2024-02-01 20:30:00,1.93934,1.93963,1.9392399999999999,1.93953,376,8,0
2024-02-01 20:35:00,1.93953,1.93955,1.93933,1.93936,399,8,0
2024-02-01 20:40:00,1.93937,1.93954,1.9392399999999999,1.93953,468,8,0
2024-02-01 20:45:00,1.93953,1.93957,1.93913,1.93936,433,8,0
2024-02-01 20:50:00,1.93934,1.93979,1.93926,1.93937,411,8,0
2024-02-01 20:55:00,1.9393799999999999,1.9395099999999998,1.93909,1.9392200000000002,520,8,0
2024-02-01 21:00:00,1.9392200000000002,1.93966,1.93914,1.93923,544,8,0
2024-02-01 21:05:00,1.93923,1.9392399999999999,1.93875,1.9388100000000001,531,8,0
2024-02-01 21:10:00,1.9388100000000001,1.93896,1.9386,1.9386999999999999,389,8,0
2024-02-01 21:15:00,1.9386999999999999,1.9390100000000001,1.9386700000000001,1.93879,315,8,0
2024-02-01 21:20:00,1.9388,1.93907,1.9387400000000001,1.93889,347,8,0
2024-02-01 21:25:00,1.93889,1.93911,1.93889,1.9389699999999999,174,8,0
2024-02-01 21:30:00,1.9389699999999999,1.93898,1.93869,1.93894,412,8,0
2024-02-01 21:35:00,1.93894,1.93894,1.93849,1.93869,190,8,0
2024-02-01 21:40:00,1.93868,1.93884,1.93855,1.93876,282,8,0
2024-02-01 21:45:00,1.93875,1.93892,1.93866,1.93872,331,8,0
2024-02-01 21:50:00,1.93872,1.9389699999999999,1.93862,1.9388999999999998,176,8,0
2024-02-01 21:55:00,1.9388999999999998,1.93914,1.93878,1.93894,653,8,0
2024-02-01 22:00:00,1.93891,1.9390800000000001,1.93736,1.9385400000000002,42,22,0
2024-02-01 22:05:00,1.9385400000000002,1.939,1.93851,1.93885,20,62,0
2024-02-01 22:10:00,1.93885,1.93885,1.93844,1.93844,21,71,0
2024-02-01 22:15:00,1.93844,1.9386299999999999,1.93835,1.93837,20,74,0
2024-02-01 22:20:00,1.93844,1.93852,1.93801,1.93807,37,78,0
2024-02-01 22:25:00,1.93807,1.93839,1.93807,1.93808,19,65,0
2024-02-01 22:30:00,1.93808,1.9386100000000002,1.93808,1.93859,14,36,0
2024-02-01 22:35:00,1.93873,1.93909,1.9384000000000001,1.93895,27,33,0
2024-02-01 22:40:00,1.93895,1.9391699999999998,1.93886,1.9389699999999999,59,50,0
2024-02-01 22:45:00,1.9389699999999999,1.93905,1.9388800000000002,1.93899,35,55,0
2024-02-01 22:50:00,1.93899,1.9393,1.9386999999999999,1.9386999999999999,24,49,0
2024-02-01 22:55:00,1.9386999999999999,1.93953,1.93866,1.9393799999999999,87,41,0
2024-02-01 23:00:00,1.9393500000000001,1.9397600000000002,1.93882,1.93912,340,8,0
2024-02-01 23:05:00,1.93918,1.93923,1.93852,1.93859,206,8,0
2024-02-01 23:10:00,1.93859,1.93859,1.93807,1.93858,244,8,0
2024-02-01 23:15:00,1.93858,1.93887,1.9384000000000001,1.93857,117,8,0
2024-02-01 23:20:00,1.9385599999999998,1.9388,1.93842,1.93876,163,8,0
2024-02-01 23:25:00,1.93876,1.93879,1.93857,1.9386999999999999,100,8,0
2024-02-01 23:30:00,1.9386999999999999,1.9388,1.93853,1.93859,173,8,0
2024-02-01 23:35:00,1.9386,1.9386999999999999,1.93848,1.93858,62,8,0
2024-02-01 23:40:00,1.93858,1.9386,1.93832,1.93859,81,8,0
2024-02-01 23:45:00,1.93859,1.9387699999999999,1.93859,1.9386700000000001,56,8,0
2024-02-01 23:50:00,1.9386700000000001,1.93873,1.9386299999999999,1.93868,44,8,0
2024-02-01 23:55:00,1.93868,1.9387699999999999,1.9386,1.93872,41,8,0
2024-02-02 00:00:00,1.93872,1.93878,1.9381599999999999,1.93842,487,8,0
2024-02-02 00:05:00,1.93842,1.9384299999999999,1.93788,1.93796,339,8,0
2024-02-02 00:10:00,1.93796,1.93823,1.93789,1.93794,250,8,0
2024-02-02 00:15:00,1.93794,1.9382899999999998,1.93785,1.9379499999999998,241,8,0
2024-02-02 00:20:00,1.9379499999999998,1.93821,1.93764,1.93769,530,8,0
2024-02-02 00:25:00,1.93769,1.93778,1.93719,1.93776,342,8,0
2024-02-02 00:30:00,1.9378,1.93783,1.9371,1.9374500000000001,455,8,0
2024-02-02 00:35:00,1.9374500000000001,1.93758,1.93621,1.9371399999999999,452,8,0
2024-02-02 00:40:00,1.9371399999999999,1.9374099999999999,1.9370500000000002,1.93723,273,8,0
2024-02-02 00:45:00,1.93723,1.93751,1.9371399999999999,1.9373,372,8,0
2024-02-02 00:50:00,1.93729,1.93758,1.93693,1.93713,655,8,0
2024-02-02 00:55:00,1.93713,1.93731,1.93682,1.93719,709,8,0
2024-02-02 01:00:00,1.93719,1.9374099999999999,1.93685,1.9370699999999998,651,8,0
2024-02-02 01:05:00,1.9370699999999998,1.93708,1.9356200000000001,1.9356200000000001,559,8,0
2024-02-02 01:10:00,1.9356200000000001,1.93635,1.9356,1.93601,497,8,0
2024-02-02 01:15:00,1.93601,1.93613,1.93536,1.93557,605,8,0
2024-02-02 01:20:00,1.93555,1.93574,1.93513,1.93536,736,8,0
2024-02-02 01:25:00,1.93537,1.9355099999999998,1.93506,1.9350800000000001,560,8,0
2024-02-02 01:30:00,1.9350800000000001,1.9354900000000002,1.93489,1.93503,718,8,0
2024-02-02 01:35:00,1.93503,1.93541,1.93483,1.93541,730,8,0
2024-02-02 01:40:00,1.93541,1.93544,1.93471,1.93526,667,8,0
2024-02-02 01:45:00,1.93526,1.93545,1.93505,1.93507,578,8,0
2024-02-02 01:50:00,1.93507,1.93526,1.93496,1.93512,588,8,0
2024-02-02 01:55:00,1.93512,1.93512,1.9343,1.93435,577,8,0
2024-02-02 02:00:00,1.9343599999999999,1.93445,1.93315,1.9334799999999999,720,8,0
2024-02-02 02:05:00,1.9334799999999999,1.93377,1.93319,1.9336799999999998,670,8,0
2024-02-02 02:10:00,1.9336799999999998,1.93452,1.9336799999999998,1.93437,525,8,0
2024-02-02 02:15:00,1.93435,1.93457,1.93411,1.93442,545,8,0
2024-02-02 02:20:00,1.93442,1.93446,1.93374,1.93408,593,8,0
2024-02-02 02:25:00,1.93408,1.93431,1.93407,1.9341599999999999,469,8,0
2024-02-02 02:30:00,1.9341599999999999,1.9342899999999998,1.93372,1.93415,503,8,0
2024-02-02 02:35:00,1.93415,1.93419,1.93377,1.93408,347,8,0
2024-02-02 02:40:00,1.93408,1.93411,1.93312,1.93313,404,8,0
2024-02-02 02:45:00,1.93313,1.9332799999999999,1.93266,1.93295,389,8,0
2024-02-02 02:50:00,1.93295,1.9333399999999998,1.93281,1.93311,444,8,0
2024-02-02 02:55:00,1.93311,1.93315,1.93265,1.93274,445,8,0
2024-02-02 03:00:00,1.9327299999999998,1.9330500000000002,1.93238,1.93285,570,8,0
2024-02-02 03:05:00,1.93285,1.93322,1.93263,1.9331399999999999,398,8,0
2024-02-02 03:10:00,1.9331399999999999,1.93367,1.9330500000000002,1.9333900000000002,433,8,0
2024-02-02 03:15:00,1.9333900000000002,1.9338199999999999,1.9332799999999999,1.93336,529,8,0
2024-02-02 03:20:00,1.93336,1.9335900000000001,1.93323,1.9333900000000002,362,8,0
2024-02-02 03:25:00,1.9333900000000002,1.9335900000000001,1.93327,1.93343,301,8,0
2024-02-02 03:30:00,1.93343,1.9337,1.93324,1.93338,504,8,0
2024-02-02 03:35:00,1.93338,1.9336600000000002,1.93322,1.9334500000000001,306,8,0
2024-02-02 03:40:00,1.9334500000000001,1.9336,1.93322,1.9332799999999999,295,8,0
2024-02-02 03:45:00,1.9332799999999999,1.9334500000000001,1.93309,1.93335,304,8,0
2024-02-02 03:50:00,1.93335,1.9333900000000002,1.93293,1.9330699999999998,405,8,0
2024-02-02 03:55:00,1.9330699999999998,1.9333200000000001,1.93299,1.93312,344,8,0
2024-02-02 04:00:00,1.93312,1.9331399999999999,1.9327299999999998,1.93283,350,8,0
2024-02-02 04:05:00,1.93283,1.93311,1.9325999999999999,1.93279,325,8,0
2024-02-02 04:10:00,1.93282,1.93292,1.93272,1.9327999999999999,174,8,0
2024-02-02 04:15:00,1.9327999999999999,1.93295,1.93262,1.93283,226,8,0
2024-02-02 04:20:00,1.93283,1.93296,1.93269,1.9329100000000001,259,8,0
2024-02-02 04:25:00,1.9329100000000001,1.93299,1.9325999999999999,1.93276,272,8,0
2024-02-02 04:30:00,1.93276,1.9333900000000002,1.93275,1.93327,306,8,0
2024-02-02 04:35:00,1.93327,1.93333,1.93281,1.9329399999999999,248,8,0
2024-02-02 04:40:00,1.9329399999999999,1.93327,1.9327999999999999,1.9332099999999999,228,8,0
2024-02-02 04:45:00,1.9332099999999999,1.93324,1.93269,1.9327100000000002,346,8,0
2024-02-02 04:50:00,1.9327100000000002,1.93283,1.93222,1.93254,317,8,0
2024-02-02 04:55:00,1.93255,1.93262,1.93225,1.93241,345,8,0
2024-02-02 05:00:00,1.93241,1.93276,1.9321199999999998,1.93247,659,8,0
2024-02-02 05:05:00,1.93247,1.93315,1.93241,1.9327,524,8,0
2024-02-02 05:10:00,1.9327,1.93302,1.9326699999999999,1.9328699999999999,522,8,0
2024-02-02 05:15:00,1.9328699999999999,1.93289,1.93241,1.9327800000000002,380,8,0
2024-02-02 05:20:00,1.9327800000000002,1.9330699999999998,1.93249,1.93259,399,8,0
2024-02-02 05:25:00,1.9325999999999999,1.9329,1.93239,1.9325999999999999,623,8,0
2024-02-02 05:30:00,1.9325999999999999,1.9329,1.93242,1.93283,565,8,0
2024-02-02 05:35:00,1.93283,1.93342,1.93283,1.9334,538,8,0
2024-02-02 05:40:00,1.9334,1.93383,1.93323,1.9335200000000001,428,8,0
2024-02-02 05:45:00,1.9335200000000001,1.9338,1.9332799999999999,1.93353,531,8,0
2024-02-02 05:50:00,1.93353,1.93381,1.9334799999999999,1.9335,547,8,0
2024-02-02 05:55:00,1.9335,1.93364,1.9332799999999999,1.93356,456,8,0
2024-02-02 06:00:00,1.93356,1.93385,1.93346,1.93346,461,8,0
2024-02-02 06:05:00,1.93346,1.9337900000000001,1.93329,1.9335499999999999,322,8,0
2024-02-02 06:10:00,1.9335499999999999,1.93384,1.9331800000000001,1.93336,303,8,0
2024-02-02 06:15:00,1.93336,1.93383,1.9332,1.93358,535,8,0
2024-02-02 06:20:00,1.9335900000000001,1.93487,1.9333399999999998,1.93396,796,8,0
2024-02-02 06:25:00,1.93396,1.93415,1.93274,1.9327999999999999,1069,8,0
2024-02-02 06:30:00,1.9327999999999999,1.9330699999999998,1.9324599999999998,1.93261,606,8,0
2024-02-02 06:35:00,1.93261,1.93281,1.93193,1.93197,532,8,0
2024-02-02 06:40:00,1.93197,1.93213,1.93174,1.93204,632,8,0
2024-02-02 06:45:00,1.93204,1.93256,1.93175,1.93234,563,8,0
2024-02-02 06:50:00,1.93234,1.9327299999999998,1.93207,1.9322,588,8,0
2024-02-02 06:55:00,1.9322,1.9324400000000002,1.93202,1.93235,671,8,0
2024-02-02 07:00:00,1.93235,1.9329800000000001,1.9323000000000001,1.9323700000000001,785,8,0
2024-02-02 07:05:00,1.93238,1.93323,1.9322,1.93315,677,8,0
2024-02-02 07:10:00,1.9331399999999999,1.93343,1.9328699999999999,1.93337,703,8,0
2024-02-02 07:15:00,1.93337,1.93369,1.9332099999999999,1.93347,599,8,0
2024-02-02 07:20:00,1.93347,1.93381,1.93315,1.93327,715,8,0
2024-02-02 07:25:00,1.93327,1.93337,1.93268,1.9333,697,8,0
2024-02-02 07:30:00,1.9333,1.9335900000000001,1.93285,1.93336,727,8,0
2024-02-02 07:35:00,1.93336,1.9335200000000001,1.93296,1.93297,657,8,0
2024-02-02 07:40:00,1.93297,1.93442,1.93274,1.93434,756,8,0
2024-02-02 07:45:00,1.93435,1.93473,1.93394,1.9340199999999999,552,8,0
2024-02-02 07:50:00,1.9340199999999999,1.93449,1.93391,1.93396,722,8,0
2024-02-02 07:55:00,1.93396,1.93479,1.93394,1.93476,746,8,0
2024-02-02 08:00:00,1.93476,1.93554,1.93442,1.93442,1083,8,0
2024-02-02 08:05:00,1.93442,1.93506,1.9342899999999998,1.93482,846,8,0
2024-02-02 08:10:00,1.93482,1.9357600000000001,1.93453,1.93575,932,8,0
2024-02-02 08:15:00,1.93574,1.9359199999999999,1.9353099999999999,1.9356200000000001,853,8,0
2024-02-02 08:20:00,1.93564,1.93574,1.93532,1.9354900000000002,629,8,0
2024-02-02 08:25:00,1.9355,1.93582,1.93527,1.9357,869,8,0
2024-02-02 08:30:00,1.9357,1.93582,1.93521,1.93521,448,8,0
2024-02-02 08:35:00,1.93521,1.93539,1.93473,1.9348800000000002,816,8,0
2024-02-02 08:40:00,1.9348800000000002,1.93507,1.93378,1.9338199999999999,760,8,0
2024-02-02 08:45:00,1.9338199999999999,1.93396,1.9333200000000001,1.9337499999999999,655,8,0
2024-02-02 08:50:00,1.9337499999999999,1.93405,1.93308,1.93324,595,8,0
2024-02-02 08:55:00,1.93324,1.9337900000000001,1.93274,1.93279,757,8,0
2024-02-02 09:00:00,1.93279,1.93322,1.9327299999999998,1.9330699999999998,862,8,0
2024-02-02 09:05:00,1.93308,1.9336799999999998,1.93281,1.9332,738,8,0
2024-02-02 09:10:00,1.93319,1.93336,1.9328699999999999,1.93313,702,8,0
2024-02-02 09:15:00,1.93313,1.93372,1.9330699999999998,1.93372,622,8,0
2024-02-02 09:20:00,1.93371,1.93445,1.93361,1.9338199999999999,558,8,0
2024-02-02 09:25:00,1.9338199999999999,1.93383,1.93241,1.93283,710,8,0
2024-02-02 09:30:00,1.93282,1.93342,1.9327999999999999,1.93342,537,8,0
2024-02-02 09:35:00,1.93342,1.93358,1.93262,1.93269,501,8,0
2024-02-02 09:40:00,1.9327,1.9329100000000001,1.93256,1.93274,592,8,0
2024-02-02 09:45:00,1.93274,1.9330699999999998,1.93255,1.93299,586,8,0
2024-02-02 09:50:00,1.933,1.9333,1.93272,1.93283,466,8,0
2024-02-02 09:55:00,1.93283,1.9328400000000001,1.932,1.93225,687,8,0
2024-02-02 10:00:00,1.93225,1.93277,1.93204,1.93259,806,8,0
2024-02-02 10:05:00,1.93258,1.9332,1.93228,1.93241,674,8,0
2024-02-02 10:10:00,1.93241,1.93241,1.9313099999999999,1.9318499999999998,543,8,0
2024-02-02 10:15:00,1.9318499999999998,1.9323299999999999,1.9318300000000002,1.93208,458,8,0
2024-02-02 10:20:00,1.93209,1.93259,1.93189,1.93252,594,8,0
2024-02-02 10:25:00,1.93252,1.93254,1.93197,1.93201,509,8,0
2024-02-02 10:30:00,1.93201,1.9326699999999999,1.932,1.93235,651,8,0
2024-02-02 10:35:00,1.93235,1.93251,1.9319899999999999,1.93235,596,8,0
2024-02-02 10:40:00,1.93235,1.9326699999999999,1.93222,1.93266,566,8,0
2024-02-02 10:45:00,1.93266,1.9327100000000002,1.93241,1.93256,567,8,0
2024-02-02 10:50:00,1.93256,1.93283,1.93236,1.93269,549,8,0
2024-02-02 10:55:00,1.93269,1.9329,1.93258,1.93268,588,8,0
2024-02-02 11:00:00,1.93268,1.93319,1.93249,1.93309,508,8,0
2024-02-02 11:05:00,1.9331,1.9331,1.9322,1.9322,504,8,0
2024-02-02 11:10:00,1.9322,1.93221,1.93174,1.9318300000000002,490,8,0
2024-02-02 11:15:00,1.9318300000000002,1.93214,1.93168,1.9321000000000002,485,8,0
2024-02-02 11:20:00,1.93211,1.93262,1.93173,1.9318499999999998,539,8,0
2024-02-02 11:25:00,1.9318499999999998,1.93207,1.93152,1.93164,523,8,0
2024-02-02 11:30:00,1.93164,1.93179,1.93139,1.93157,461,8,0
2024-02-02 11:35:00,1.93157,1.9322300000000001,1.93152,1.93186,490,8,0
2024-02-02 11:40:00,1.93187,1.93197,1.93139,1.9314900000000002,446,8,0
2024-02-02 11:45:00,1.9314900000000002,1.93184,1.9313500000000001,1.9315600000000002,525,8,0
2024-02-02 11:50:00,1.9315600000000002,1.93191,1.9315,1.93164,529,8,0
2024-02-02 11:55:00,1.93164,1.93182,1.9311,1.9315,621,8,0
2024-02-02 12:00:00,1.9315,1.9315,1.93066,1.93071,699,8,0
2024-02-02 12:05:00,1.93071,1.93119,1.93062,1.9309500000000002,427,8,0
2024-02-02 12:10:00,1.9309500000000002,1.93121,1.9309500000000002,1.93105,521,8,0
2024-02-02 12:15:00,1.93105,1.9313799999999999,1.93102,1.9311500000000001,627,8,0
2024-02-02 12:20:00,1.9311500000000001,1.93126,1.9308999999999998,1.9310100000000001,511,8,0
2024-02-02 12:25:00,1.9310100000000001,1.93168,1.9310100000000001,1.9313099999999999,509,8,0
2024-02-02 12:30:00,1.9313099999999999,1.9315799999999999,1.93116,1.93118,513,8,0
2024-02-02 12:35:00,1.93118,1.9312399999999998,1.93079,1.93092,544,8,0
2024-02-02 12:40:00,1.93091,1.9310800000000001,1.9306100000000002,1.93064,634,8,0
2024-02-02 12:45:00,1.9306299999999998,1.93126,1.9306299999999998,1.93118,549,8,0
2024-02-02 12:50:00,1.93118,1.93121,1.93083,1.9311,498,8,0
2024-02-02 12:55:00,1.9311,1.93136,1.93057,1.9307699999999999,647,8,0
2024-02-02 13:00:00,1.9307699999999999,1.93126,1.9307400000000001,1.9309699999999999,838,8,0
2024-02-02 13:05:00,1.9309500000000002,1.93157,1.93085,1.93148,758,8,0
2024-02-02 13:10:00,1.93148,1.93164,1.93116,1.9314,699,8,0
2024-02-02 13:15:00,1.9314,1.93272,1.9313799999999999,1.9321000000000002,957,8,0
2024-02-02 13:20:00,1.93208,1.93216,1.93155,1.93157,911,8,0
2024-02-02 13:25:00,1.93157,1.93178,1.93067,1.93071,745,8,0
2024-02-02 13:30:00,1.9304700000000001,1.9374,1.92969,1.9363899999999998,2975,8,0
2024-02-02 13:35:00,1.93641,1.93767,1.93589,1.93629,2642,8,0
2024-02-02 13:40:00,1.93629,1.9374099999999999,1.9350100000000001,1.9353,2492,8,0
2024-02-02 13:45:00,1.93529,1.93636,1.93462,1.93574,2142,8,0
2024-02-02 13:50:00,1.93574,1.93628,1.9355099999999998,1.93628,1939,8,0
2024-02-02 13:55:00,1.93628,1.93712,1.93607,1.93668,1923,8,0
2024-02-02 14:00:00,1.93668,1.9381,1.93629,1.9370699999999998,2057,8,0
2024-02-02 14:05:00,1.93708,1.93817,1.9369100000000001,1.93746,1924,8,0
2024-02-02 14:10:00,1.9374500000000001,1.9381,1.93706,1.93794,1805,8,0
2024-02-02 14:15:00,1.93794,1.93918,1.9379300000000002,1.9390399999999999,1653,8,0
2024-02-02 14:20:00,1.93905,1.94008,1.93903,1.9394200000000001,1850,8,0
2024-02-02 14:25:00,1.93944,1.93961,1.93849,1.93891,1536,8,0
2024-02-02 14:30:00,1.9388999999999998,1.9398,1.93864,1.93966,2093,8,0
2024-02-02 14:35:00,1.93968,1.9403700000000002,1.93927,1.9394,1721,8,0
2024-02-02 14:40:00,1.9394,1.9399,1.93868,1.93871,1702,8,0
2024-02-02 14:45:00,1.93871,1.93878,1.93764,1.9384000000000001,1895,8,0
2024-02-02 14:50:00,1.9384000000000001,1.93936,1.9384000000000001,1.93884,1735,8,0
2024-02-02 14:55:00,1.93884,1.93975,1.9380199999999999,1.93841,1268,8,0
2024-02-02 15:00:00,1.9382700000000002,1.93959,1.9376600000000002,1.93895,1840,8,0
2024-02-02 15:05:00,1.93894,1.9403000000000001,1.93882,1.94007,1859,8,0
2024-02-02 15:10:00,1.94007,1.94123,1.93971,1.9409100000000001,1815,8,0
2024-02-02 15:15:00,1.9409100000000001,1.94138,1.94059,1.94106,1551,8,0
2024-02-02 15:20:00,1.94106,1.94131,1.9404599999999999,1.94058,1518,8,0
2024-02-02 15:25:00,1.94058,1.9421,1.94038,1.9412500000000001,1591,8,0
2024-02-02 15:30:00,1.94123,1.9418600000000001,1.94099,1.9416,1474,8,0
2024-02-02 15:35:00,1.94158,1.94196,1.94052,1.9406400000000001,1451,8,0
2024-02-02 15:40:00,1.94065,1.94154,1.93998,1.94101,1592,8,0
2024-02-02 15:45:00,1.9409999999999998,1.94244,1.9409100000000001,1.94232,1542,8,0
2024-02-02 15:50:00,1.94232,1.94237,1.94126,1.9418600000000001,1377,8,0
2024-02-02 15:55:00,1.9418600000000001,1.942,1.9409100000000001,1.9414,1675,8,0
2024-02-02 16:00:00,1.94138,1.94215,1.94135,1.94174,1568,8,0
2024-02-02 16:05:00,1.94174,1.94185,1.9412,1.94136,1247,8,0
2024-02-02 16:10:00,1.94136,1.9415,1.94078,1.9409800000000001,1253,8,0
2024-02-02 16:15:00,1.94095,1.9413,1.94038,1.94122,1048,8,0
2024-02-02 16:20:00,1.9412099999999999,1.94157,1.94108,1.9414799999999999,936,8,0
2024-02-02 16:25:00,1.9414799999999999,1.9414799999999999,1.94049,1.9407,1166,8,0
2024-02-02 16:30:00,1.9407,1.94088,1.94017,1.94054,1087,8,0
2024-02-02 16:35:00,1.94054,1.94113,1.9401899999999999,1.9403899999999998,1085,8,0
2024-02-02 16:40:00,1.94038,1.94095,1.94008,1.94093,1031,8,0
2024-02-02 16:45:00,1.9409399999999999,1.94129,1.9398900000000001,1.93997,1036,8,0
2024-02-02 16:50:00,1.93997,1.94035,1.9397600000000002,1.93993,807,8,0
2024-02-02 16:55:00,1.93993,1.94,1.93939,1.93941,1002,8,0
2024-02-02 17:00:00,1.93941,1.93959,1.93889,1.93903,813,8,0
2024-02-02 17:05:00,1.93903,1.93954,1.9386700000000001,1.9394200000000001,865,8,0
2024-02-02 17:10:00,1.9394200000000001,1.93963,1.93887,1.9395099999999998,873,8,0
2024-02-02 17:15:00,1.9395099999999998,1.93984,1.93916,1.93953,1025,8,0
2024-02-02 17:20:00,1.93953,1.93998,1.93933,1.93934,830,8,0
2024-02-02 17:25:00,1.93934,1.93988,1.93857,1.93858,729,8,0
2024-02-02 17:30:00,1.93858,1.93929,1.93851,1.9392800000000001,562,8,0
2024-02-02 17:35:00,1.9392800000000001,1.9392800000000001,1.93898,1.9390800000000001,536,8,0
2024-02-02 17:40:00,1.9390800000000001,1.93921,1.93879,1.9391,850,8,0
2024-02-02 17:45:00,1.9391,1.93956,1.93907,1.93954,1171,8,0
2024-02-02 17:50:00,1.93954,1.94011,1.9394,1.9395,958,8,0
2024-02-02 17:55:00,1.9395,1.93952,1.93893,1.93906,1044,8,0
2024-02-02 18:00:00,1.93906,1.93906,1.93855,1.9387400000000001,933,8,0
2024-02-02 18:05:00,1.9387400000000001,1.9392399999999999,1.93849,1.9391500000000002,977,8,0
2024-02-02 18:10:00,1.9391500000000002,1.9391699999999998,1.93858,1.9386700000000001,599,8,0
2024-02-02 18:15:00,1.93866,1.93896,1.93839,1.9386,851,8,0
2024-02-02 18:20:00,1.9386,1.93919,1.93857,1.93879,968,8,0
2024-02-02 18:25:00,1.93879,1.93893,1.93845,1.93875,1047,8,0
2024-02-02 18:30:00,1.93873,1.9387400000000001,1.93796,1.93801,746,8,0
2024-02-02 18:35:00,1.93801,1.93845,1.93796,1.93821,766,8,0
2024-02-02 18:40:00,1.93821,1.93883,1.9380899999999999,1.9386,802,8,0
2024-02-02 18:45:00,1.9386,1.93871,1.9382700000000002,1.93845,928,8,0
2024-02-02 18:50:00,1.93845,1.93862,1.93826,1.93852,717,8,0
2024-02-02 18:55:00,1.93852,1.93866,1.9382899999999998,1.93837,644,8,0
2024-02-02 19:00:00,1.93837,1.93864,1.93821,1.93864,547,8,0
2024-02-02 19:05:00,1.93862,1.9388999999999998,1.9383,1.93873,516,8,0
2024-02-02 19:10:00,1.93873,1.9388800000000002,1.93857,1.93885,581,8,0
2024-02-02 19:15:00,1.93885,1.9391500000000002,1.9388100000000001,1.93913,677,8,0
2024-02-02 19:20:00,1.93913,1.9391500000000002,1.93894,1.93899,748,8,0
2024-02-02 19:25:00,1.93899,1.9393,1.93894,1.9391500000000002,562,8,0
2024-02-02 19:30:00,1.9391500000000002,1.9395,1.93911,1.93918,689,8,0
2024-02-02 19:35:00,1.93918,1.93953,1.93907,1.93952,662,8,0
2024-02-02 19:40:00,1.93952,1.93967,1.93933,1.9395799999999999,519,8,0
2024-02-02 19:45:00,1.9395799999999999,1.93971,1.9392200000000002,1.93936,806,8,0
2024-02-02 19:50:00,1.93936,1.93945,1.93903,1.93918,457,8,0
2024-02-02 19:55:00,1.93918,1.93952,1.9390800000000001,1.93939,786,8,0
2024-02-02 20:00:00,1.93941,1.93964,1.9393,1.9394900000000002,538,8,0
2024-02-02 20:05:00,1.9395099999999998,1.93961,1.93926,1.93937,534,8,0
2024-02-02 20:10:00,1.93936,1.93954,1.9392399999999999,1.93948,492,8,0
2024-02-02 20:15:00,1.93948,1.9397799999999998,1.9393500000000001,1.9396,477,8,0
2024-02-02 20:20:00,1.9396,1.94004,1.93955,1.93987,542,8,0
2024-02-02 20:25:00,1.93987,1.93993,1.93964,1.9397199999999999,509,8,0
2024-02-02 20:30:00,1.93974,1.9398900000000001,1.93963,1.9397199999999999,522,8,0
2024-02-02 20:35:00,1.9397199999999999,1.93986,1.9394900000000002,1.93979,658,8,0
2024-02-02 20:40:00,1.93979,1.94007,1.93974,1.9398900000000001,496,8,0
2024-02-02 20:45:00,1.9398900000000001,1.94002,1.93974,1.93997,402,8,0
2024-02-02 20:50:00,1.93997,1.9399899999999999,1.93952,1.93975,606,8,0
2024-02-02 20:55:00,1.93975,1.93993,1.93944,1.93944,857,8,0
2024-02-02 21:00:00,1.93947,1.9398900000000001,1.93947,1.9396900000000001,510,8,0
2024-02-02 21:05:00,1.9396900000000001,1.93994,1.9396900000000001,1.9399199999999999,458,8,0
2024-02-02 21:10:00,1.93991,1.94015,1.93987,1.93998,274,8,0
2024-02-02 21:15:00,1.93998,1.94011,1.9396200000000001,1.9397,255,8,0
2024-02-02 21:20:00,1.93968,1.93988,1.93961,1.93982,229,8,0
2024-02-02 21:25:00,1.93982,1.93987,1.9396900000000001,1.93974,203,8,0
2024-02-02 21:30:00,1.93974,1.93974,1.93941,1.93968,217,8,0
2024-02-02 21:35:00,1.9396900000000001,1.9402300000000001,1.9396900000000001,1.93993,217,8,0
2024-02-02 21:40:00,1.93993,1.94,1.93963,1.93987,164,8,0
2024-02-02 21:45:00,1.93988,1.9399,1.93939,1.9396,333,8,0
2024-02-02 21:50:00,1.9396,1.93967,1.93925,1.9395799999999999,206,8,0
2024-02-04 22:05:00,1.9388999999999998,1.9388999999999998,1.9364400000000002,1.93831,48,257,0
2024-02-04 22:10:00,1.93831,1.93831,1.9369100000000001,1.9369100000000001,59,265,0
2024-02-04 22:15:00,1.93667,1.93825,1.9362300000000001,1.9362300000000001,42,304,0
2024-02-04 22:20:00,1.9362300000000001,1.93777,1.93397,1.93744,201,222,0
2024-02-04 22:25:00,1.93744,1.93784,1.9352800000000001,1.93616,133,182,0
2024-02-04 22:30:00,1.93628,1.93796,1.93628,1.93796,95,239,0
2024-02-04 22:35:00,1.9379499999999998,1.93851,1.93774,1.9384299999999999,137,179,0
2024-02-04 22:40:00,1.93845,1.93875,1.93772,1.93862,89,99,0
2024-02-04 22:45:00,1.93862,1.93862,1.9382899999999998,1.93833,69,100,0
2024-02-04 22:50:00,1.9383,1.93953,1.9383,1.93948,93,244,0
2024-02-04 22:55:00,1.93948,1.9409999999999998,1.93946,1.93988,110,87,0
2024-02-04 23:00:00,1.93988,1.94201,1.93988,1.94069,480,8,0
2024-02-04 23:05:00,1.94069,1.94149,1.94052,1.94076,416,8,0
2024-02-04 23:10:00,1.94075,1.94397,1.94074,1.9428,635,8,0
2024-02-04 23:15:00,1.9428,1.9431699999999998,1.94241,1.94245,580,8,0
2024-02-04 23:20:00,1.94245,1.9424700000000001,1.94164,1.94173,385,8,0
2024-02-04 23:25:00,1.94173,1.94191,1.94083,1.94095,427,8,0
2024-02-04 23:30:00,1.94095,1.94117,1.94005,1.9409100000000001,651,8,0
2024-02-04 23:35:00,1.9409100000000001,1.94122,1.94081,1.9411100000000001,587,8,0
2024-02-04 23:40:00,1.9411,1.94136,1.9409100000000001,1.94104,496,8,0
2024-02-04 23:45:00,1.94104,1.94135,1.94088,1.94093,522,8,0
2024-02-04 23:50:00,1.94093,1.94096,1.94059,1.9407,484,8,0
2024-02-04 23:55:00,1.94069,1.9408699999999999,1.94031,1.94032,396,8,0
2024-02-05 00:00:00,1.94032,1.94138,1.9398499999999999,1.94013,1545,8,0
2024-02-05 00:05:00,1.94008,1.9405999999999999,1.93964,1.94058,838,8,0
2024-02-05 00:10:00,1.94058,1.94108,1.94047,1.94081,788,8,0
2024-02-05 00:15:00,1.94081,1.94165,1.94076,1.9411399999999999,1091,8,0
2024-02-05 00:20:00,1.94113,1.94128,1.94075,1.94081,1200,8,0
2024-02-05 00:25:00,1.94081,1.94183,1.94078,1.94151,983,8,0
2024-02-05 00:30:00,1.9415200000000001,1.9426700000000001,1.94146,1.94228,983,8,0
2024-02-05 00:35:00,1.94228,1.94295,1.94188,1.94217,1007,8,0
2024-02-05 00:40:00,1.94217,1.9426299999999999,1.94174,1.9420600000000001,812,8,0
2024-02-05 00:45:00,1.94207,1.94238,1.94187,1.94189,786,8,0
2024-02-05 00:50:00,1.94189,1.94252,1.94174,1.94245,528,8,0
2024-02-05 00:55:00,1.94244,1.94258,1.9417499999999999,1.94199,637,8,0
2024-02-05 01:00:00,1.94197,1.94197,1.9407,1.9407,791,8,0
2024-02-05 01:05:00,1.9407,1.9407999999999999,1.94002,1.94014,788,8,0
2024-02-05 01:10:00,1.94015,1.94082,1.94008,1.9407999999999999,734,8,0
2024-02-05 01:15:00,1.9407999999999999,1.94144,1.94077,1.9412500000000001,981,8,0
2024-02-05 01:20:00,1.9412500000000001,1.94143,1.9410500000000002,1.94122,848,8,0
2024-02-05 01:25:00,1.94122,1.94176,1.94102,1.94103,651,8,0
2024-02-05 01:30:00,1.94103,1.94106,1.93932,1.9397799999999998,1283,8,0
2024-02-05 01:35:00,1.93977,1.94059,1.93964,1.9401000000000002,907,8,0
2024-02-05 01:40:00,1.9401000000000002,1.9401199999999998,1.93913,1.93953,970,8,0
2024-02-05 01:45:00,1.93952,1.93959,1.93875,1.93941,898,8,0
2024-02-05 01:50:00,1.93941,1.93944,1.93818,1.93833,886,8,0
2024-02-05 01:55:00,1.93833,1.93838,1.93794,1.9380899999999999,991,8,0
2024-02-05 02:00:00,1.9380899999999999,1.93831,1.93761,1.93819,1096,8,0
2024-02-05 02:05:00,1.9382000000000001,1.93831,1.9376,1.93777,859,8,0
2024-02-05 02:10:00,1.93777,1.93792,1.93726,1.93758,894,8,0
2024-02-05 02:15:00,1.93758,1.93846,1.9375499999999999,1.93828,860,8,0
2024-02-05 02:20:00,1.9382899999999998,1.9384000000000001,1.93756,1.93824,891,8,0
2024-02-05 02:25:00,1.93823,1.93892,1.93804,1.93862,834,8,0
2024-02-05 02:30:00,1.93862,1.93878,1.93832,1.9383599999999999,914,8,0
2024-02-05 02:35:00,1.93835,1.9387699999999999,1.9380600000000001,1.93858,680,8,0
2024-02-05 02:40:00,1.93857,1.93894,1.93837,1.93869,672,8,0
2024-02-05 02:45:00,1.93869,1.93882,1.93824,1.9388,741,8,0
2024-02-05 02:50:00,1.93878,1.9392800000000001,1.93858,1.93876,771,8,0
2024-02-05 02:55:00,1.93876,1.93876,1.9379499999999998,1.93818,863,8,0
2024-02-05 03:00:00,1.93817,1.9390399999999999,1.93796,1.93807,1044,8,0
2024-02-05 03:05:00,1.93808,1.93841,1.9375900000000001,1.93762,981,8,0
2024-02-05 03:10:00,1.93762,1.93919,1.9375499999999999,1.93898,861,8,0
2024-02-05 03:15:00,1.93898,1.93921,1.9384000000000001,1.93912,645,8,0
2024-02-05 03:20:00,1.93911,1.9395099999999998,1.93864,1.93864,707,8,0
2024-02-05 03:25:00,1.93866,1.93866,1.93743,1.9375900000000001,527,8,0
2024-02-05 03:30:00,1.9376,1.93833,1.9375499999999999,1.93824,489,8,0
2024-02-05 03:35:00,1.93824,1.93886,1.9381599999999999,1.93869,458,8,0
2024-02-05 03:40:00,1.93869,1.93892,1.9385400000000002,1.93866,409,8,0
2024-02-05 03:45:00,1.93866,1.93869,1.93811,1.93851,567,8,0
2024-02-05 03:50:00,1.93851,1.93878,1.93825,1.93851,406,8,0
2024-02-05 03:55:00,1.93851,1.9386999999999999,1.9384299999999999,1.93852,295,8,0
2024-02-05 04:00:00,1.93855,1.93905,1.93855,1.93882,337,8,0
2024-02-05 04:05:00,1.93882,1.93882,1.93777,1.93785,378,8,0
2024-02-05 04:10:00,1.93785,1.93801,1.93754,1.9377499999999999,362,8,0
2024-02-05 04:15:00,1.9377499999999999,1.93789,1.93763,1.9378600000000001,309,8,0
2024-02-05 04:20:00,1.9378600000000001,1.93799,1.93765,1.93776,415,8,0
2024-02-05 04:25:00,1.93776,1.93801,1.93774,1.93789,258,8,0
2024-02-05 04:30:00,1.93789,1.93811,1.93754,1.93767,485,8,0
2024-02-05 04:35:00,1.93767,1.93784,1.9373399999999998,1.9375200000000001,377,8,0
2024-02-05 04:40:00,1.9375200000000001,1.93762,1.93719,1.93727,330,8,0
2024-02-05 04:45:00,1.93727,1.9374099999999999,1.9370500000000002,1.93708,271,8,0
2024-02-05 04:50:00,1.93708,1.9374799999999999,1.9370699999999998,1.9371399999999999,301,8,0
2024-02-05 04:55:00,1.9371399999999999,1.93762,1.93713,1.9374500000000001,460,8,0
2024-02-05 05:00:00,1.93746,1.9381599999999999,1.93733,1.93807,749,8,0
2024-02-05 05:05:00,1.93807,1.93882,1.93807,1.93869,775,8,0
2024-02-05 05:10:00,1.93869,1.9388999999999998,1.93769,1.93787,813,8,0
2024-02-05 05:15:00,1.93784,1.9378600000000001,1.93729,1.9375200000000001,796,8,0
2024-02-05 05:20:00,1.9375200000000001,1.93777,1.9371,1.9377499999999999,688,8,0
2024-02-05 05:25:00,1.9377499999999999,1.93784,1.93726,1.93764,711,8,0
2024-02-05 05:30:00,1.93764,1.93767,1.9368699999999999,1.9373399999999998,774,8,0
2024-02-05 05:35:00,1.9373399999999998,1.9374799999999999,1.93695,1.93742,710,8,0
2024-02-05 05:40:00,1.93742,1.93742,1.9365700000000001,1.93663,710,8,0
2024-02-05 05:45:00,1.93663,1.937,1.93631,1.93645,616,8,0
2024-02-05 05:50:00,1.93642,1.93656,1.93502,1.93518,743,8,0
2024-02-05 05:55:00,1.93519,1.93575,1.93512,1.93552,812,8,0
2024-02-05 06:00:00,1.93552,1.93563,1.93499,1.9355099999999998,518,8,0
2024-02-05 06:05:00,1.9355099999999998,1.93607,1.93506,1.93532,680,8,0
2024-02-05 06:10:00,1.93532,1.9358300000000002,1.93532,1.93575,432,8,0
2024-02-05 06:15:00,1.93575,1.93598,1.9355099999999998,1.93584,391,8,0
2024-02-05 06:20:00,1.93584,1.93632,1.93568,1.93611,389,8,0
2024-02-05 06:25:00,1.93611,1.93624,1.9358499999999998,1.93588,520,8,0
2024-02-05 06:30:00,1.93588,1.93641,1.93584,1.93609,529,8,0
2024-02-05 06:35:00,1.93609,1.9364400000000002,1.93605,1.93624,470,8,0
2024-02-05 06:40:00,1.93624,1.93655,1.9356,1.93587,619,8,0
2024-02-05 06:45:00,1.93588,1.9359199999999999,1.93539,1.93557,709,8,0
2024-02-05 06:50:00,1.93557,1.93568,1.93518,1.93537,677,8,0
2024-02-05 06:55:00,1.93536,1.93605,1.9352800000000001,1.93584,576,8,0
2024-02-05 07:00:00,1.93584,1.9359199999999999,1.9351500000000001,1.93591,1013,8,0
2024-02-05 07:05:00,1.93591,1.9362,1.93546,1.9357600000000001,859,8,0
2024-02-05 07:10:00,1.9357600000000001,1.9359,1.9353799999999999,1.9358300000000002,874,8,0
2024-02-05 07:15:00,1.93582,1.93643,1.93579,1.9362300000000001,744,8,0
2024-02-05 07:20:00,1.9362300000000001,1.93647,1.93597,1.93638,644,8,0
2024-02-05 07:25:00,1.93638,1.93668,1.93608,1.9365,608,8,0
2024-02-05 07:30:00,1.9365,1.93749,1.9364400000000002,1.93693,820,8,0
2024-02-05 07:35:00,1.93693,1.93701,1.93609,1.93658,708,8,0
2024-02-05 07:40:00,1.93659,1.93677,1.9359,1.93636,766,8,0
2024-02-05 07:45:00,1.93636,1.93699,1.93636,1.9365700000000001,734,8,0
2024-02-05 07:50:00,1.9365700000000001,1.93715,1.9365700000000001,1.93709,731,8,0
2024-02-05 07:55:00,1.93709,1.93735,1.93696,1.93703,723,8,0
2024-02-05 08:00:00,1.93703,1.93841,1.93702,1.93822,1089,8,0
2024-02-05 08:05:00,1.93823,1.93884,1.93794,1.93869,1045,8,0
2024-02-05 08:10:00,1.93869,1.93883,1.9381,1.93866,824,8,0
2024-02-05 08:15:00,1.9386700000000001,1.93916,1.9381300000000001,1.93814,953,8,0
2024-02-05 08:20:00,1.93814,1.93857,1.9375900000000001,1.93845,870,8,0
2024-02-05 08:25:00,1.93844,1.93872,1.9380899999999999,1.93846,976,8,0
2024-02-05 08:30:00,1.93846,1.93964,1.9384000000000001,1.9394,858,8,0
2024-02-05 08:35:00,1.9394200000000001,1.93943,1.93848,1.93899,783,8,0
2024-02-05 08:40:00,1.93899,1.93956,1.93891,1.93955,716,8,0
2024-02-05 08:45:00,1.93956,1.93994,1.9393799999999999,1.9394900000000002,837,8,0
2024-02-05 08:50:00,1.9394900000000002,1.9402,1.93944,1.93984,803,8,0
2024-02-05 08:55:00,1.9398499999999999,1.94002,1.9392399999999999,1.93956,861,8,0
2024-02-05 09:00:00,1.93956,1.93967,1.9391699999999998,1.93948,1102,8,0
2024-02-05 09:05:00,1.93948,1.93948,1.93895,1.93913,807,8,0
2024-02-05 09:10:00,1.93913,1.9394900000000002,1.9388999999999998,1.9393500000000001,751,8,0
2024-02-05 09:15:00,1.9393500000000001,1.93981,1.9393,1.93979,784,8,0
2024-02-05 09:20:00,1.9398,1.93991,1.9394200000000001,1.93952,785,8,0
2024-02-05 09:25:00,1.9395799999999999,1.93986,1.93939,1.93941,680,8,0
2024-02-05 09:30:00,1.93944,1.94029,1.93923,1.93982,717,8,0
2024-02-05 09:35:00,1.93982,1.94016,1.93941,1.93948,788,8,0
2024-02-05 09:40:00,1.9394900000000002,1.9402599999999999,1.93939,1.93991,680,8,0
2024-02-05 09:45:00,1.93991,1.9402,1.93943,1.9396900000000001,709,8,0
2024-02-05 09:50:00,1.9396900000000001,1.9397799999999998,1.9388800000000002,1.93894,730,8,0
2024-02-05 09:55:00,1.93894,1.93899,1.93842,1.93869,621,8,0
2024-02-05 10:00:00,1.93869,1.93893,1.93649,1.9366400000000001,935,8,0
2024-02-05 10:05:00,1.9366400000000001,1.9367299999999998,1.93544,1.93634,729,8,0
2024-02-05 10:10:00,1.93634,1.93647,1.93525,1.93527,682,8,0
2024-02-05 10:15:00,1.93527,1.9369100000000001,1.93527,1.93677,788,8,0
2024-02-05 10:20:00,1.93677,1.9369800000000001,1.93622,1.93685,729,8,0
2024-02-05 10:25:00,1.93685,1.93731,1.9365299999999999,1.93669,635,8,0
2024-02-05 10:30:00,1.93669,1.93737,1.93647,1.93729,742,8,0
2024-02-05 10:35:00,1.93731,1.9376799999999998,1.937,1.93708,795,8,0
2024-02-05 10:40:00,1.93708,1.9376799999999998,1.93693,1.9374099999999999,719,8,0
2024-02-05 10:45:00,1.9374099999999999,1.93771,1.93726,1.93737,594,8,0
2024-02-05 10:50:00,1.93737,1.93794,1.93733,1.9375499999999999,528,8,0
2024-02-05 10:55:00,1.9375499999999999,1.93799,1.9375200000000001,1.93792,466,8,0
2024-02-05 11:00:00,1.93792,1.9379499999999998,1.9373,1.93736,495,8,0
2024-02-05 11:05:00,1.93736,1.93738,1.93611,1.93618,610,8,0
2024-02-05 11:10:00,1.93618,1.93674,1.93601,1.9365,448,8,0
2024-02-05 11:15:00,1.93651,1.93665,1.9357,1.93584,566,8,0
2024-02-05 11:20:00,1.93584,1.9364,1.93573,1.9358,550,8,0
2024-02-05 11:25:00,1.9358,1.9359600000000001,1.93498,1.93525,599,8,0
2024-02-05 11:30:00,1.93525,1.9353500000000001,1.93401,1.9342000000000001,791,8,0
2024-02-05 11:35:00,1.9342000000000001,1.93431,1.93358,1.93384,768,8,0
2024-02-05 11:40:00,1.93384,1.9348100000000001,1.93376,1.9348,592,8,0
2024-02-05 11:45:00,1.9348,1.93486,1.93404,1.93407,805,8,0
2024-02-05 11:50:00,1.9340600000000001,1.93422,1.93312,1.93353,908,8,0
2024-02-05 11:55:00,1.93354,1.93391,1.9333399999999998,1.9338199999999999,823,8,0
2024-02-05 12:00:00,1.9338199999999999,1.9341300000000001,1.93347,1.9335200000000001,819,8,0
2024-02-05 12:05:00,1.93351,1.93426,1.93347,1.93403,721,8,0
2024-02-05 12:10:00,1.93403,1.93431,1.93362,1.93363,618,8,0
2024-02-05 12:15:00,1.93363,1.9342000000000001,1.93354,1.93414,616,8,0
2024-02-05 12:20:00,1.93414,1.93489,1.9340600000000001,1.93487,595,8,0
2024-02-05 12:25:00,1.93486,1.9350800000000001,1.93469,1.93489,700,8,0
2024-02-05 12:30:00,1.93489,1.9357799999999998,1.93484,1.9352800000000001,752,8,0
2024-02-05 12:35:00,1.9352800000000001,1.93534,1.93476,1.93485,465,8,0
2024-02-05 12:40:00,1.93485,1.9352800000000001,1.93485,1.9349699999999999,676,8,0
2024-02-05 12:45:00,1.9349699999999999,1.93505,1.9346,1.9348999999999998,821,8,0
2024-02-05 12:50:00,1.9348999999999998,1.93496,1.93426,1.93437,728,8,0
2024-02-05 12:55:00,1.93437,1.9345400000000001,1.9338600000000001,1.9344999999999999,721,8,0
2024-02-05 13:00:00,1.93451,1.9352399999999998,1.93451,1.93485,1306,8,0
2024-02-05 13:05:00,1.93485,1.9351,1.93449,1.9347699999999999,860,8,0
2024-02-05 13:10:00,1.9347699999999999,1.93509,1.93434,1.93446,747,8,0
2024-02-05 13:15:00,1.93446,1.9346999999999999,1.93372,1.93383,651,8,0
2024-02-05 13:20:00,1.9338600000000001,1.93514,1.93374,1.93493,804,8,0
2024-02-05 13:25:00,1.93493,1.93521,1.93431,1.93434,870,8,0
2024-02-05 13:30:00,1.93434,1.93487,1.93422,1.93457,914,8,0
2024-02-05 13:35:00,1.93457,1.9350100000000001,1.93426,1.93453,923,8,0
2024-02-05 13:40:00,1.93451,1.93519,1.9344299999999999,1.9350399999999999,1005,8,0
2024-02-05 13:45:00,1.93505,1.93552,1.93499,1.93527,836,8,0
2024-02-05 13:50:00,1.9352800000000001,1.93571,1.93466,1.93469,934,8,0
2024-02-05 13:55:00,1.93469,1.93506,1.93444,1.9346299999999998,773,8,0
2024-02-05 14:00:00,1.93464,1.9351500000000001,1.9344700000000001,1.93471,904,8,0
2024-02-05 14:05:00,1.93471,1.93507,1.9344000000000001,1.9346,788,8,0
2024-02-05 14:10:00,1.9346,1.9349699999999999,1.93428,1.93449,670,8,0
2024-02-05 14:15:00,1.93449,1.9352399999999998,1.93446,1.9350399999999999,564,8,0
2024-02-05 14:20:00,1.9350399999999999,1.9354200000000001,1.93482,1.93514,455,8,0
2024-02-05 14:25:00,1.93514,1.93537,1.93494,1.93496,670,8,0
2024-02-05 14:30:00,1.93496,1.93554,1.93471,1.93506,1482,8,0
2024-02-05 14:35:00,1.93506,1.93529,1.93457,1.9349699999999999,1194,8,0
2024-02-05 14:40:00,1.9349699999999999,1.93534,1.93491,1.9351500000000001,922,8,0
2024-02-05 14:45:00,1.93513,1.93516,1.93367,1.93423,1233,8,0
2024-02-05 14:50:00,1.93424,1.93468,1.93397,1.93438,1279,8,0
2024-02-05 14:55:00,1.93438,1.93438,1.93356,1.93405,984,8,0
2024-02-05 15:00:00,1.93403,1.93594,1.93374,1.93441,2338,8,0
2024-02-05 15:05:00,1.93442,1.93464,1.93377,1.93435,1862,8,0
2024-02-05 15:10:00,1.93435,1.93536,1.93415,1.93519,1630,8,0
2024-02-05 15:15:00,1.9352,1.93666,1.93519,1.93601,1524,8,0
2024-02-05 15:20:00,1.93601,1.93627,1.9355799999999999,1.93605,1491,8,0
2024-02-05 15:25:00,1.93605,1.93611,1.93433,1.93457,1422,8,0
2024-02-05 15:30:00,1.93458,1.93499,1.93397,1.9341300000000001,1332,8,0
2024-02-05 15:35:00,1.9341300000000001,1.93453,1.9336600000000002,1.93431,1343,8,0
2024-02-05 15:40:00,1.93431,1.93539,1.9342899999999998,1.9347400000000001,1493,8,0
2024-02-05 15:45:00,1.93475,1.93527,1.93471,1.93506,1120,8,0
2024-02-05 15:50:00,1.93506,1.93544,1.9347699999999999,1.9351,1265,8,0
2024-02-05 15:55:00,1.9351,1.93559,1.93423,1.9343599999999999,1451,8,0
2024-02-05 16:00:00,1.9343599999999999,1.93468,1.93412,1.93444,1284,8,0
2024-02-05 16:05:00,1.93445,1.93457,1.9339,1.93405,1148,8,0
2024-02-05 16:10:00,1.93405,1.9346299999999998,1.9338199999999999,1.9341300000000001,985,8,0
2024-02-05 16:15:00,1.9341300000000001,1.9346100000000002,1.93384,1.93433,955,8,0
2024-02-05 16:20:00,1.93433,1.9351500000000001,1.93391,1.93514,875,8,0
2024-02-05 16:25:00,1.93514,1.93526,1.93473,1.9352399999999998,873,8,0
2024-02-05 16:30:00,1.9352399999999998,1.93525,1.93438,1.93441,993,8,0
2024-02-05 16:35:00,1.93441,1.9346,1.9341599999999999,1.93442,829,8,0
2024-02-05 16:40:00,1.9344299999999999,1.9351500000000001,1.93439,1.93482,758,8,0
2024-02-05 16:45:00,1.93482,1.93483,1.93448,1.93475,628,8,0
2024-02-05 16:50:00,1.93475,1.9348999999999998,1.93446,1.93472,589,8,0
2024-02-05 16:55:00,1.93472,1.9349699999999999,1.93444,1.9344700000000001,607,8,0
2024-02-05 17:00:00,1.9344700000000001,1.93462,1.93414,1.9344999999999999,588,8,0
2024-02-05 17:05:00,1.93451,1.9346100000000002,1.9341300000000001,1.93422,658,8,0
2024-02-05 17:10:00,1.93422,1.93424,1.9337900000000001,1.93403,607,8,0
2024-02-05 17:15:00,1.93403,1.9340600000000001,1.93358,1.9338,587,8,0
2024-02-05 17:20:00,1.9338,1.93422,1.9334799999999999,1.93387,603,8,0
2024-02-05 17:25:00,1.93387,1.93405,1.93346,1.9334799999999999,536,8,0
2024-02-05 17:30:00,1.9334799999999999,1.9334799999999999,1.93279,1.93303,610,8,0
2024-02-05 17:35:00,1.93303,1.93313,1.93251,1.93293,763,8,0
2024-02-05 17:40:00,1.93293,1.93306,1.9327299999999998,1.93282,490,8,0
2024-02-05 17:45:00,1.93282,1.93309,1.93263,1.9326699999999999,606,8,0
2024-02-05 17:50:00,1.9326699999999999,1.93309,1.93243,1.93285,683,8,0
2024-02-05 17:55:00,1.93285,1.93285,1.93252,1.93274,547,8,0
2024-02-05 18:00:00,1.93274,1.9328699999999999,1.93254,1.93277,604,8,0
2024-02-05 18:05:00,1.93277,1.93303,1.93265,1.93296,516,8,0
2024-02-05 18:10:00,1.9329800000000001,1.93306,1.93228,1.93241,497,8,0
2024-02-05 18:15:00,1.93242,1.93283,1.93234,1.93274,575,8,0
2024-02-05 18:20:00,1.93274,1.93311,1.93268,1.9329800000000001,482,8,0
2024-02-05 18:25:00,1.93296,1.93313,1.93265,1.93285,573,8,0
2024-02-05 18:30:00,1.93285,1.9329100000000001,1.9326400000000001,1.93265,540,8,0
2024-02-05 18:35:00,1.93265,1.93322,1.93258,1.9330699999999998,634,8,0
2024-02-05 18:40:00,1.9330699999999998,1.93313,1.93285,1.9329100000000001,449,8,0
2024-02-05 18:45:00,1.9329100000000001,1.93299,1.93259,1.93269,400,8,0
2024-02-05 18:50:00,1.93269,1.93292,1.93269,1.93279,513,8,0
2024-02-05 18:55:00,1.93279,1.93309,1.93279,1.93308,506,8,0
2024-02-05 19:00:00,1.93308,1.93346,1.93306,1.9332500000000001,506,8,0
2024-02-05 19:05:00,1.9332500000000001,1.93344,1.93308,1.9332500000000001,458,8,0
2024-02-05 19:10:00,1.9332500000000001,1.93354,1.93323,1.9333399999999998,515,8,0
2024-02-05 19:15:00,1.9333399999999998,1.9335499999999999,1.9331800000000001,1.93346,340,8,0
2024-02-05 19:20:00,1.93346,1.93351,1.9331800000000001,1.93322,431,8,0
2024-02-05 19:25:00,1.93322,1.93346,1.93313,1.9334099999999999,423,8,0
2024-02-05 19:30:00,1.9334099999999999,1.93343,1.9330500000000002,1.93323,377,8,0
2024-02-05 19:35:00,1.93323,1.93347,1.93304,1.93311,491,8,0
2024-02-05 19:40:00,1.93311,1.93354,1.93311,1.93349,399,8,0
2024-02-05 19:45:00,1.9335,1.9336,1.93313,1.93323,461,8,0
2024-02-05 19:50:00,1.93323,1.9334500000000001,1.93319,1.9334500000000001,456,8,0
2024-02-05 19:55:00,1.9334500000000001,1.93385,1.93344,1.9338,643,8,0
2024-02-05 20:00:00,1.9338,1.93383,1.93353,1.9336,476,8,0
2024-02-05 20:05:00,1.9336,1.93374,1.9333900000000002,1.93373,513,8,0
2024-02-05 20:10:00,1.93373,1.9338899999999999,1.93358,1.9337,601,8,0
2024-02-05 20:15:00,1.93371,1.93387,1.93364,1.9338,674,8,0
2024-02-05 20:20:00,1.9338,1.93392,1.93349,1.93372,522,8,0
2024-02-05 20:25:00,1.93372,1.93378,1.9332799999999999,1.9333200000000001,546,8,0
2024-02-05 20:30:00,1.9333200000000001,1.93347,1.93312,1.93312,430,8,0
2024-02-05 20:35:00,1.93312,1.93351,1.93312,1.9334500000000001,480,8,0
2024-02-05 20:40:00,1.9334500000000001,1.9337499999999999,1.93342,1.93373,380,8,0
2024-02-05 20:45:00,1.93373,1.9340199999999999,1.9335200000000001,1.93401,418,8,0
2024-02-05 20:50:00,1.93401,1.93401,1.93356,1.93372,543,8,0
2024-02-05 20:55:00,1.93372,1.9339,1.93354,1.93383,507,8,0
2024-02-05 21:00:00,1.93383,1.93407,1.9337,1.93384,309,8,0
2024-02-05 21:05:00,1.93383,1.9340600000000001,1.93377,1.93398,257,8,0
2024-02-05 21:10:00,1.93398,1.93417,1.9339,1.93404,269,8,0
2024-02-05 21:15:00,1.93404,1.9340899999999999,1.9338,1.93381,201,8,0
2024-02-05 21:20:00,1.93381,1.9338199999999999,1.93358,1.93374,153,8,0
2024-02-05 21:25:00,1.93374,1.93385,1.93358,1.93364,205,8,0
2024-02-05 21:30:00,1.93364,1.9337,1.9333200000000001,1.93347,127,8,0
2024-02-05 21:35:00,1.9334799999999999,1.93362,1.9334,1.9334799999999999,118,8,0
2024-02-05 21:40:00,1.9334799999999999,1.93365,1.9333900000000002,1.9336,149,8,0
2024-02-05 21:45:00,1.9336,1.93364,1.93335,1.9334500000000001,235,8,0
2024-02-05 21:50:00,1.9334500000000001,1.9339300000000001,1.93335,1.9336,375,8,0
2024-02-05 21:55:00,1.93357,1.9337499999999999,1.93311,1.9332,263,8,0
2024-02-05 22:00:00,1.9333,1.93338,1.93242,1.93308,12,132,0
2024-02-05 22:05:00,1.93308,1.93346,1.93279,1.93346,8,56,0
2024-02-05 22:10:00,1.93346,1.93347,1.93281,1.93329,43,56,0
2024-02-05 22:15:00,1.93329,1.93343,1.93304,1.93329,47,55,0
2024-02-05 22:20:00,1.93329,1.93347,1.93211,1.93302,56,50,0
2024-02-05 22:25:00,1.93302,1.93327,1.93216,1.93279,37,16,0
2024-02-05 22:30:00,1.93279,1.9334500000000001,1.93279,1.93335,70,55,0
2024-02-05 22:35:00,1.93335,1.93343,1.9325999999999999,1.9330500000000002,84,35,0
2024-02-05 22:40:00,1.9330500000000002,1.93351,1.93263,1.93272,108,30,0
2024-02-05 22:45:00,1.93272,1.9328400000000001,1.93263,1.9327299999999998,63,37,0
2024-02-05 22:50:00,1.9327299999999998,1.93289,1.9325999999999999,1.93279,69,42,0
2024-02-05 22:55:00,1.93279,1.9344000000000001,1.9324400000000002,1.9337,187,8,0
2024-02-05 23:00:00,1.93363,1.9340600000000001,1.9335,1.93383,153,8,0
2024-02-05 23:05:00,1.93383,1.9341,1.93383,1.9339300000000001,136,8,0
2024-02-05 23:10:00,1.93392,1.93403,1.93388,1.93399,80,8,0
2024-02-05 23:15:00,1.93399,1.93404,1.9336799999999998,1.9337499999999999,81,8,0
2024-02-05 23:20:00,1.93376,1.93404,1.93373,1.93384,66,8,0
2024-02-05 23:25:00,1.93384,1.93391,1.93364,1.93365,54,8,0
2024-02-05 23:30:00,1.93363,1.9337,1.93319,1.93363,121,8,0
2024-02-05 23:35:00,1.93363,1.9346100000000002,1.93362,1.9344700000000001,202,8,0
2024-02-05 23:40:00,1.9344700000000001,1.93468,1.93434,1.93435,284,8,0
2024-02-05 23:45:00,1.93435,1.93441,1.9340600000000001,1.9340600000000001,150,8,0
2024-02-05 23:50:00,1.9340600000000001,1.9342700000000002,1.9339,1.9340000000000002,167,8,0
2024-02-05 23:55:00,1.9340000000000002,1.93444,1.9340000000000002,1.93411,203,8,0
2024-02-06 00:00:00,1.93411,1.93411,1.9334,1.93364,474,8,0
2024-02-06 00:05:00,1.93364,1.9338600000000001,1.9332500000000001,1.93374,545,8,0
2024-02-06 00:10:00,1.93374,1.9344700000000001,1.93374,1.93423,437,8,0
2024-02-06 00:15:00,1.93423,1.93464,1.93418,1.9342899999999998,412,8,0
2024-02-06 00:20:00,1.9342899999999998,1.93469,1.93428,1.93437,409,8,0
2024-02-06 00:25:00,1.93438,1.9344299999999999,1.93419,1.93425,306,8,0
2024-02-06 00:30:00,1.93423,1.93453,1.93417,1.93449,394,8,0
2024-02-06 00:35:00,1.93449,1.93453,1.93365,1.9337,401,8,0
2024-02-06 00:40:00,1.9337,1.9338,1.9331800000000001,1.93335,420,8,0
2024-02-06 00:45:00,1.93335,1.93349,1.9331399999999999,1.93329,406,8,0
2024-02-06 00:50:00,1.93329,1.9341,1.9332,1.93392,385,8,0
2024-02-06 00:55:00,1.93392,1.93419,1.9338899999999999,1.9340199999999999,345,8,0
2024-02-06 01:00:00,1.9340199999999999,1.93426,1.9339,1.93417,679,8,0
2024-02-06 01:05:00,1.93417,1.93449,1.9340199999999999,1.9341300000000001,527,8,0
2024-02-06 01:10:00,1.9341300000000001,1.93431,1.9335499999999999,1.9339300000000001,635,8,0
2024-02-06 01:15:00,1.93392,1.9346,1.93387,1.93457,878,8,0
2024-02-06 01:20:00,1.9345599999999998,1.93486,1.9341,1.93412,675,8,0
2024-02-06 01:25:00,1.93412,1.9344999999999999,1.93392,1.93398,663,8,0
2024-02-06 01:30:00,1.93397,1.93426,1.93313,1.9332,845,8,0
2024-02-06 01:35:00,1.9332,1.93364,1.93281,1.93312,814,8,0
2024-02-06 01:40:00,1.93312,1.93357,1.93311,1.93331,947,8,0
2024-02-06 01:45:00,1.93331,1.9333399999999998,1.93215,1.9323000000000001,1036,8,0
2024-02-06 01:50:00,1.93229,1.93285,1.93178,1.93204,921,8,0
2024-02-06 01:55:00,1.93204,1.93209,1.9315099999999998,1.9317,840,8,0
2024-02-06 02:00:00,1.9317,1.9318499999999998,1.93132,1.93145,1050,8,0
2024-02-06 02:05:00,1.93145,1.93181,1.9309500000000002,1.93141,751,8,0
2024-02-06 02:10:00,1.93141,1.93229,1.9314,1.9320300000000001,713,8,0
2024-02-06 02:15:00,1.9320300000000001,1.9323000000000001,1.93164,1.9320599999999999,619,8,0
2024-02-06 02:20:00,1.9320599999999999,1.9324,1.93161,1.9318,572,8,0
2024-02-06 02:25:00,1.9318,1.93211,1.93168,1.93184,540,8,0
2024-02-06 02:30:00,1.9318499999999998,1.9322,1.93171,1.9317199999999999,497,8,0
2024-02-06 02:35:00,1.9317199999999999,1.93182,1.93133,1.93133,650,8,0
2024-02-06 02:40:00,1.93133,1.93202,1.93133,1.9319199999999999,484,8,0
2024-02-06 02:45:00,1.9319199999999999,1.9321899999999999,1.93189,1.9320300000000001,456,8,0
2024-02-06 02:50:00,1.9320300000000001,1.9322599999999999,1.93188,1.93225,382,8,0
2024-02-06 02:55:00,1.93225,1.93266,1.93215,1.93262,563,8,0
2024-02-06 03:00:00,1.93262,1.93262,1.9320599999999999,1.9323299999999999,410,8,0
2024-02-06 03:05:00,1.93232,1.93259,1.9322300000000001,1.93254,389,8,0
2024-02-06 03:10:00,1.93254,1.9329800000000001,1.9324599999999998,1.9329100000000001,410,8,0
2024-02-06 03:15:00,1.9329100000000001,1.93306,1.93248,1.9325299999999999,553,8,0
2024-02-06 03:20:00,1.9325299999999999,1.93256,1.93191,1.9320300000000001,484,8,0
2024-02-06 03:25:00,1.9320300000000001,1.9325299999999999,1.9317199999999999,1.9317199999999999,478,8,0
2024-02-06 03:30:00,1.9315099999999998,1.93322,1.92755,1.9292,1075,8,0
2024-02-06 03:35:00,1.9292099999999999,1.9298199999999999,1.92807,1.92912,874,8,0
2024-02-06 03:40:00,1.92912,1.93003,1.9285700000000001,1.93003,703,8,0
2024-02-06 03:45:00,1.93004,1.93044,1.9298199999999999,1.9300899999999999,687,8,0
2024-02-06 03:50:00,1.9300899999999999,1.93011,1.92909,1.92942,558,8,0
2024-02-06 03:55:00,1.92942,1.9297,1.92923,1.92937,638,8,0
2024-02-06 04:00:00,1.92935,1.92953,1.92882,1.9290699999999998,531,8,0
2024-02-06 04:05:00,1.9290699999999998,1.92995,1.92897,1.92994,316,8,0
2024-02-06 04:10:00,1.92997,1.93022,1.92977,1.92992,401,8,0
2024-02-06 04:15:00,1.92992,1.93014,1.92739,1.92746,859,8,0
2024-02-06 04:20:00,1.92747,1.92811,1.92733,1.9277199999999999,857,8,0
2024-02-06 04:25:00,1.9277199999999999,1.92791,1.92639,1.92645,692,8,0
2024-02-06 04:30:00,1.9264700000000001,1.92692,1.92581,1.9259,665,8,0
2024-02-06 04:35:00,1.9259,1.9268800000000001,1.9259,1.92683,607,8,0
2024-02-06 04:40:00,1.92683,1.92687,1.9261,1.92666,662,8,0
2024-02-06 04:45:00,1.92666,1.92668,1.92592,1.92624,711,8,0
2024-02-06 04:50:00,1.92624,1.92641,1.92591,1.92633,509,8,0
2024-02-06 04:55:00,1.92633,1.9273500000000001,1.92633,1.927,571,8,0
2024-02-06 05:00:00,1.927,1.92732,1.9265400000000001,1.92696,1190,8,0
2024-02-06 05:05:00,1.92696,1.92744,1.92606,1.9261,1059,8,0
2024-02-06 05:10:00,1.9261,1.9268,1.92522,1.92656,1168,8,0
2024-02-06 05:15:00,1.92655,1.92717,1.9263,1.92706,807,8,0
2024-02-06 05:20:00,1.92706,1.92798,1.92706,1.9278,818,8,0
2024-02-06 05:25:00,1.92781,1.92849,1.92781,1.9281199999999998,719,8,0
2024-02-06 05:30:00,1.9281199999999998,1.92824,1.9276900000000001,1.92824,747,8,0
2024-02-06 05:35:00,1.92824,1.92977,1.92804,1.92892,896,8,0
2024-02-06 05:40:00,1.92892,1.92896,1.92771,1.92773,716,8,0
2024-02-06 05:45:00,1.92773,1.9293200000000001,1.92761,1.92912,732,8,0
2024-02-06 05:50:00,1.92912,1.9292099999999999,1.92854,1.92865,598,8,0
2024-02-06 05:55:00,1.92866,1.9287100000000001,1.92798,1.92802,735,8,0
2024-02-06 06:00:00,1.92802,1.9281700000000002,1.92777,1.92815,636,8,0
2024-02-06 06:05:00,1.92815,1.9283700000000001,1.9278,1.9283700000000001,485,8,0
2024-02-06 06:10:00,1.92836,1.9284,1.92744,1.92763,504,8,0
2024-02-06 06:15:00,1.92763,1.92786,1.9274900000000001,1.9278300000000002,463,8,0
2024-02-06 06:20:00,1.9278300000000002,1.92802,1.92768,1.92802,360,8,0
2024-02-06 06:25:00,1.92802,1.92869,1.92794,1.92848,454,8,0
2024-02-06 06:30:00,1.92848,1.92947,1.92848,1.92919,579,8,0
2024-02-06 06:35:00,1.92919,1.9293900000000002,1.92829,1.92839,470,8,0
2024-02-06 06:40:00,1.92839,1.92842,1.92811,1.92823,442,8,0
2024-02-06 06:45:00,1.92823,1.92829,1.92763,1.9277199999999999,474,8,0
2024-02-06 06:50:00,1.9277199999999999,1.92811,1.9275799999999998,1.9275799999999998,438,8,0
2024-02-06 06:55:00,1.9275799999999998,1.92782,1.9271500000000001,1.92736,655,8,0
2024-02-06 07:00:00,1.92736,1.9276900000000001,1.9269699999999998,1.92725,1017,8,0
2024-02-06 07:05:00,1.9272399999999998,1.92757,1.92669,1.92732,925,8,0
2024-02-06 07:10:00,1.92732,1.92808,1.9273099999999999,1.92801,828,8,0
2024-02-06 07:15:00,1.92801,1.92828,1.9277,1.92804,659,8,0
2024-02-06 07:20:00,1.92804,1.92815,1.92748,1.92781,765,8,0
2024-02-06 07:25:00,1.92782,1.9279199999999999,1.92748,1.92788,803,8,0
2024-02-06 07:30:00,1.92788,1.92856,1.92782,1.92851,848,8,0
2024-02-06 07:35:00,1.92851,1.92877,1.92821,1.9284400000000002,637,8,0
2024-02-06 07:40:00,1.9284400000000002,1.92911,1.9284400000000002,1.92869,723,8,0
2024-02-06 07:45:00,1.9287,1.92881,1.9281000000000001,1.92829,920,8,0
2024-02-06 07:50:00,1.92829,1.92873,1.92818,1.92861,668,8,0
2024-02-06 07:55:00,1.9285999999999999,1.92927,1.92856,1.92916,638,8,0
2024-02-06 08:00:00,1.92916,1.93034,1.92906,1.93023,1112,8,0
2024-02-06 08:05:00,1.93023,1.9313,1.93021,1.93118,890,8,0
2024-02-06 08:10:00,1.93118,1.93118,1.93052,1.93072,827,8,0
2024-02-06 08:15:00,1.93072,1.93072,1.92992,1.93062,794,8,0
2024-02-06 08:20:00,1.93062,1.9312399999999998,1.93042,1.93105,954,8,0
2024-02-06 08:25:00,1.93105,1.93114,1.93066,1.93078,812,8,0
2024-02-06 08:30:00,1.93076,1.9314,1.9306299999999998,1.93134,840,8,0
2024-02-06 08:35:00,1.93134,1.9313799999999999,1.9308800000000002,1.93134,767,8,0
2024-02-06 08:40:00,1.93134,1.93222,1.93134,1.93173,777,8,0
2024-02-06 08:45:00,1.93173,1.93254,1.93173,1.93249,1010,8,0
2024-02-06 08:50:00,1.9325,1.93279,1.93182,1.93211,769,8,0
2024-02-06 08:55:00,1.9321199999999998,1.9321199999999998,1.93143,1.93179,851,8,0
2024-02-06 09:00:00,1.9318,1.9321199999999998,1.9316,1.9319199999999999,888,8,0
2024-02-06 09:05:00,1.9319199999999999,1.93193,1.93051,1.9308100000000001,748,8,0
2024-02-06 09:10:00,1.93082,1.9315,1.93068,1.93084,762,8,0
2024-02-06 09:15:00,1.93084,1.93137,1.93084,1.9311500000000001,772,8,0
2024-02-06 09:20:00,1.9311500000000001,1.93164,1.93098,1.93163,644,8,0
2024-02-06 09:25:00,1.93163,1.9318,1.9309699999999999,1.93119,486,8,0
2024-02-06 09:30:00,1.93119,1.93218,1.93105,1.93208,780,8,0
2024-02-06 09:35:00,1.93208,1.93221,1.93127,1.93168,874,8,0
2024-02-06 09:40:00,1.93168,1.93224,1.9316,1.93191,720,8,0
2024-02-06 09:45:00,1.93191,1.9319199999999999,1.9313099999999999,1.93134,730,8,0
2024-02-06 09:50:00,1.93134,1.9313799999999999,1.93056,1.9307699999999999,795,8,0
2024-02-06 09:55:00,1.93079,1.93136,1.93078,1.93121,768,8,0
2024-02-06 10:00:00,1.93119,1.93141,1.93067,1.9312399999999998,761,8,0
2024-02-06 10:05:00,1.9312399999999998,1.93145,1.9308999999999998,1.93141,713,8,0
2024-02-06 10:10:00,1.9314200000000001,1.93205,1.9314200000000001,1.93189,711,8,0
2024-02-06 10:15:00,1.93188,1.93201,1.93127,1.93127,680,8,0
2024-02-06 10:20:00,1.93127,1.9318300000000002,1.93121,1.93129,696,8,0
2024-02-06 10:25:00,1.93129,1.9319199999999999,1.93129,1.9314900000000002,629,8,0
2024-02-06 10:30:00,1.9314900000000002,1.93178,1.93128,1.93174,576,8,0
2024-02-06 10:35:00,1.93174,1.9318,1.93116,1.9313500000000001,561,8,0
2024-02-06 10:40:00,1.9313500000000001,1.93146,1.9310399999999999,1.9311099999999999,545,8,0
2024-02-06 10:45:00,1.9311099999999999,1.93143,1.9306999999999999,1.93134,452,8,0
2024-02-06 10:50:00,1.93134,1.93147,1.93091,1.93096,455,8,0
2024-02-06 10:55:00,1.93096,1.93144,1.93087,1.93116,527,8,0
2024-02-06 11:00:00,1.93116,1.93189,1.93099,1.9316900000000001,670,8,0
2024-02-06 11:05:00,1.93171,1.93252,1.93163,1.9325,640,8,0
2024-02-06 11:10:00,1.93249,1.9329100000000001,1.93228,1.93262,785,8,0
2024-02-06 11:15:00,1.93262,1.93262,1.93205,1.93232,744,8,0
2024-02-06 11:20:00,1.93232,1.93263,1.9321899999999999,1.93234,776,8,0
2024-02-06 11:25:00,1.93234,1.9327100000000002,1.93231,1.93243,651,8,0
2024-02-06 11:30:00,1.93243,1.93311,1.9321000000000002,1.93266,609,8,0
2024-02-06 11:35:00,1.93266,1.93346,1.93265,1.93336,536,8,0
2024-02-06 11:40:00,1.93336,1.93374,1.9331800000000001,1.9335200000000001,689,8,0
2024-02-06 11:45:00,1.93353,1.9342000000000001,1.93344,1.93365,663,8,0
2024-02-06 11:50:00,1.93365,1.93371,1.933,1.9330500000000002,643,8,0
2024-02-06 11:55:00,1.9330500000000002,1.93329,1.93251,1.9325999999999999,667,8,0
2024-02-06 12:00:00,1.9325999999999999,1.93272,1.9321899999999999,1.93222,726,8,0
2024-02-06 12:05:00,1.93222,1.93262,1.93216,1.93247,620,8,0
2024-02-06 12:10:00,1.93247,1.93254,1.93191,1.9323700000000001,743,8,0
2024-02-06 12:15:00,1.9323700000000001,1.93258,1.9321899999999999,1.93247,636,8,0
2024-02-06 12:20:00,1.93247,1.93281,1.93234,1.93269,709,8,0
2024-02-06 12:25:00,1.93269,1.93277,1.93222,1.93247,635,8,0
2024-02-06 12:30:00,1.93248,1.93322,1.93242,1.93268,827,8,0
2024-02-06 12:35:00,1.93268,1.9329,1.93243,1.93248,699,8,0
2024-02-06 12:40:00,1.93248,1.9325299999999999,1.93197,1.93218,820,8,0
2024-02-06 12:45:00,1.9321700000000002,1.93236,1.93166,1.93232,772,8,0
2024-02-06 12:50:00,1.93232,1.9332500000000001,1.93227,1.9331800000000001,828,8,0
2024-02-06 12:55:00,1.93315,1.9333,1.93263,1.93266,1091,8,0
2024-02-06 13:00:00,1.93265,1.93282,1.93189,1.93261,1186,8,0
2024-02-06 13:05:00,1.93261,1.9327999999999999,1.9321000000000002,1.93229,1327,8,0
2024-02-06 13:10:00,1.9323000000000001,1.93282,1.93182,1.9326699999999999,1160,8,0
2024-02-06 13:15:00,1.9326699999999999,1.9335200000000001,1.93255,1.9334799999999999,1117,8,0
2024-02-06 13:20:00,1.9334799999999999,1.93354,1.9328699999999999,1.93316,1086,8,0
2024-02-06 13:25:00,1.93316,1.9333200000000001,1.93288,1.93306,987,8,0
2024-02-06 13:30:00,1.93306,1.9336,1.9326400000000001,1.93354,1000,8,0
2024-02-06 13:35:00,1.93354,1.93381,1.93329,1.9337,908,8,0
2024-02-06 13:40:00,1.9337,1.93469,1.9336799999999998,1.93468,1082,8,0
2024-02-06 13:45:00,1.93468,1.93499,1.93423,1.93439,1087,8,0
2024-02-06 13:50:00,1.93439,1.9353,1.93438,1.93526,1042,8,0
2024-02-06 13:55:00,1.93526,1.93545,1.93506,1.93527,1178,8,0
2024-02-06 14:00:00,1.93527,1.93554,1.93487,1.93498,966,8,0
2024-02-06 14:05:00,1.93491,1.93502,1.9344000000000001,1.9344299999999999,806,8,0
2024-02-06 14:10:00,1.9344299999999999,1.93485,1.93422,1.93484,881,8,0
2024-02-06 14:15:00,1.93484,1.93499,1.93417,1.93426,1009,8,0
2024-02-06 14:20:00,1.93426,1.9344700000000001,1.9341599999999999,1.93438,1060,8,0
2024-02-06 14:25:00,1.9344000000000001,1.9348800000000002,1.93384,1.9348800000000002,1046,8,0
2024-02-06 14:30:00,1.9348800000000002,1.93519,1.93453,1.93471,1450,8,0
2024-02-06 14:35:00,1.9346999999999999,1.9352399999999998,1.93446,1.93457,1385,8,0
2024-02-06 14:40:00,1.93457,1.93471,1.93362,1.93367,1201,8,0
2024-02-06 14:45:00,1.9336600000000002,1.9339499999999998,1.93358,1.9339300000000001,1343,8,0
2024-02-06 14:50:00,1.93392,1.93431,1.93353,1.93367,1348,8,0
2024-02-06 14:55:00,1.93367,1.9340600000000001,1.93343,1.93383,1105,8,0
2024-02-06 15:00:00,1.93383,1.93509,1.9338199999999999,1.93482,1218,8,0
2024-02-06 15:05:00,1.93482,1.9355099999999998,1.9345400000000001,1.93479,1460,8,0
2024-02-06 15:10:00,1.93479,1.935,1.9342899999999998,1.9342899999999998,1356,8,0
2024-02-06 15:15:00,1.9342899999999998,1.9346,1.93289,1.9329,1386,8,0
2024-02-06 15:20:00,1.93289,1.93378,1.93265,1.9337,1641,8,0
2024-02-06 15:25:00,1.9337,1.9337,1.93277,1.93311,1495,8,0
2024-02-06 15:30:00,1.93311,1.93371,1.9328699999999999,1.9328699999999999,1367,8,0
2024-02-06 15:35:00,1.9328699999999999,1.93288,1.93182,1.93209,1328,8,0
2024-02-06 15:40:00,1.93209,1.93282,1.93204,1.9323000000000001,1429,8,0
2024-02-06 15:45:00,1.9323000000000001,1.93249,1.93177,1.93186,1450,8,0
2024-02-06 15:50:00,1.93186,1.9320599999999999,1.93123,1.9314200000000001,1467,8,0
2024-02-06 15:55:00,1.93143,1.93174,1.9308800000000002,1.93106,1651,8,0
2024-02-06 16:00:00,1.93105,1.9316900000000001,1.93085,1.9316200000000001,1495,8,0
2024-02-06 16:05:00,1.9316200000000001,1.93215,1.9313500000000001,1.93215,1186,8,0
2024-02-06 16:10:00,1.93215,1.93215,1.9313099999999999,1.93173,1164,8,0
2024-02-06 16:15:00,1.93174,1.93218,1.93167,1.93189,948,8,0
2024-02-06 16:20:00,1.93188,1.9324599999999998,1.9316,1.93166,872,8,0
2024-02-06 16:25:00,1.93166,1.9323700000000001,1.9313799999999999,1.9320300000000001,995,8,0
2024-02-06 16:30:00,1.9320300000000001,1.93281,1.93191,1.93281,951,8,0
2024-02-06 16:35:00,1.93281,1.9329100000000001,1.93224,1.93225,1063,8,0
2024-02-06 16:40:00,1.93225,1.93252,1.9318499999999998,1.93222,1048,8,0
2024-02-06 16:45:00,1.93222,1.9327100000000002,1.93201,1.9321199999999998,1136,8,0
2024-02-06 16:50:00,1.9321000000000002,1.93222,1.9318,1.93193,969,8,0
2024-02-06 16:55:00,1.93193,1.9321899999999999,1.93126,1.93184,1065,8,0
2024-02-06 17:00:00,1.93182,1.9321700000000002,1.93167,1.93195,1305,8,0
2024-02-06 17:05:00,1.93195,1.93243,1.9318499999999998,1.9323700000000001,947,8,0
2024-02-06 17:10:00,1.9323700000000001,1.9326400000000001,1.93227,1.93247,989,8,0
2024-02-06 17:15:00,1.93247,1.93263,1.93195,1.93205,860,8,0
2024-02-06 17:20:00,1.93205,1.9323000000000001,1.9318300000000002,1.9321700000000002,786,8,0
2024-02-06 17:25:00,1.9321700000000002,1.93274,1.93184,1.93209,948,8,0
2024-02-06 17:30:00,1.9321000000000002,1.93236,1.9320300000000001,1.93209,935,8,0
2024-02-06 17:35:00,1.93209,1.9321899999999999,1.93177,1.9319,702,8,0
2024-02-06 17:40:00,1.9319,1.93221,1.93166,1.93173,761,8,0
2024-02-06 17:45:00,1.93173,1.93177,1.931,1.9313799999999999,926,8,0
2024-02-06 17:50:00,1.9313799999999999,1.93141,1.93084,1.9311,693,8,0
2024-02-06 17:55:00,1.9311,1.93139,1.93062,1.93121,746,8,0
2024-02-06 18:00:00,1.93123,1.93153,1.93073,1.93087,953,8,0
2024-02-06 18:05:00,1.9308800000000002,1.93143,1.93084,1.9312399999999998,791,8,0
2024-02-06 18:10:00,1.9312399999999998,1.9316900000000001,1.9312200000000002,1.9315600000000002,937,8,0
2024-02-06 18:15:00,1.9315600000000002,1.93187,1.93153,1.93186,780,8,0
2024-02-06 18:20:00,1.93186,1.9321700000000002,1.93167,1.93216,850,8,0
2024-02-06 18:25:00,1.93216,1.9323000000000001,1.93175,1.93205,663,8,0
2024-02-06 18:30:00,1.93204,1.93204,1.93163,1.93195,748,8,0
2024-02-06 18:35:00,1.93195,1.9321199999999998,1.93171,1.93181,883,8,0
2024-02-06 18:40:00,1.93181,1.93232,1.9316499999999999,1.93177,842,8,0
2024-02-06 18:45:00,1.93177,1.93195,1.9316200000000001,1.93177,779,8,0
2024-02-06 18:50:00,1.93178,1.93194,1.93173,1.93184,627,8,0
2024-02-06 18:55:00,1.93184,1.9318499999999998,1.9315799999999999,1.9316900000000001,709,8,0
2024-02-06 19:00:00,1.9316900000000001,1.93202,1.93148,1.93189,686,8,0
2024-02-06 19:05:00,1.93188,1.9323299999999999,1.93182,1.9322,755,8,0
2024-02-06 19:10:00,1.9321899999999999,1.93241,1.93204,1.93228,578,8,0
2024-02-06 19:15:00,1.93228,1.93256,1.93209,1.9322,661,8,0
2024-02-06 19:20:00,1.9322,1.9325,1.9321000000000002,1.9324400000000002,752,8,0
2024-02-06 19:25:00,1.9324400000000002,1.93276,1.93241,1.9327299999999998,676,8,0
2024-02-06 19:30:00,1.9327299999999998,1.93274,1.93178,1.93191,622,8,0
2024-02-06 19:35:00,1.93191,1.9324,1.9318300000000002,1.93224,739,8,0
2024-02-06 19:40:00,1.93224,1.93243,1.9318,1.93208,715,8,0
2024-02-06 19:45:00,1.93207,1.9324400000000002,1.93207,1.93215,621,8,0
2024-02-06 19:50:00,1.93215,1.93249,1.93213,1.93235,661,8,0
2024-02-06 19:55:00,1.93236,1.9325299999999999,1.93177,1.93218,775,8,0
2024-02-06 20:00:00,1.93218,1.93229,1.93152,1.93167,557,8,0
2024-02-06 20:05:00,1.93167,1.93167,1.93114,1.9313,622,8,0
2024-02-06 20:10:00,1.9313,1.93146,1.93117,1.93127,752,8,0
2024-02-06 20:15:00,1.93127,1.93159,1.9311,1.93113,590,8,0
2024-02-06 20:20:00,1.93112,1.93155,1.9311099999999999,1.93153,529,8,0
2024-02-06 20:25:00,1.93153,1.93161,1.93125,1.93132,549,8,0
2024-02-06 20:30:00,1.93132,1.93175,1.9313099999999999,1.9315,567,8,0
2024-02-06 20:35:00,1.9315,1.93171,1.93143,1.93167,446,8,0
2024-02-06 20:40:00,1.93167,1.93178,1.9315600000000002,1.93171,366,8,0
2024-02-06 20:45:00,1.93171,1.93202,1.93159,1.93181,532,8,0
2024-02-06 20:50:00,1.93181,1.9319,1.93157,1.9317600000000001,601,8,0
2024-02-06 20:55:00,1.93175,1.93184,1.93133,1.93143,729,8,0
2024-02-06 21:00:00,1.93143,1.93143,1.93113,1.93116,460,8,0
2024-02-06 21:05:00,1.93116,1.93174,1.93112,1.93166,325,8,0
2024-02-06 21:10:00,1.93166,1.93168,1.93098,1.93106,321,8,0
2024-02-06 21:15:00,1.93106,1.93123,1.9309500000000002,1.93118,143,8,0
2024-02-06 21:20:00,1.93118,1.93119,1.93083,1.93094,231,8,0
2024-02-06 21:25:00,1.93094,1.9311099999999999,1.93087,1.9311099999999999,213,8,0
2024-02-06 21:30:00,1.93112,1.93128,1.9310100000000001,1.93126,132,8,0
2024-02-06 21:35:00,1.93126,1.93132,1.9310399999999999,1.9311099999999999,199,8,0
2024-02-06 21:40:00,1.9311099999999999,1.93155,1.93109,1.93155,230,8,0
2024-02-06 21:45:00,1.93153,1.93178,1.93103,1.93175,1079,8,0
2024-02-06 21:50:00,1.93175,1.93177,1.9312200000000002,1.9313,1358,8,0
2024-02-06 21:55:00,1.9313,1.93146,1.9308100000000001,1.93105,1302,8,0
2024-02-06 22:00:00,1.93102,1.93102,1.92828,1.93085,54,24,0
2024-02-06 22:05:00,1.93085,1.93139,1.93017,1.9302700000000002,46,40,0
2024-02-06 22:10:00,1.9302700000000002,1.93085,1.93018,1.9303599999999999,39,60,0
2024-02-06 22:15:00,1.9303599999999999,1.9305400000000001,1.9301599999999999,1.93039,27,69,0
2024-02-06 22:20:00,1.93039,1.93046,1.93038,1.93038,10,121,0
2024-02-06 22:25:00,1.93038,1.93098,1.93025,1.93065,53,35,0
2024-02-06 22:30:00,1.93065,1.9310800000000001,1.93062,1.93082,56,33,0
2024-02-06 22:35:00,1.93082,1.93116,1.93048,1.93062,100,8,0
2024-02-06 22:40:00,1.9306100000000002,1.93174,1.93049,1.93072,198,8,0
2024-02-06 22:45:00,1.9308100000000001,1.9314,1.93033,1.93053,200,8,0
2024-02-06 22:50:00,1.93055,1.93072,1.9302700000000002,1.93034,144,35,0
2024-02-06 22:55:00,1.9304000000000001,1.9316,1.93034,1.93089,260,12,0
2024-02-06 23:00:00,1.9308800000000002,1.9312200000000002,1.9301599999999999,1.93076,299,8,0
2024-02-06 23:05:00,1.93076,1.9308999999999998,1.9306,1.93085,148,8,0
2024-02-06 23:10:00,1.93085,1.9311099999999999,1.93069,1.9309500000000002,203,8,0
2024-02-06 23:15:00,1.9309500000000002,1.93098,1.93079,1.93092,39,8,0
2024-02-06 23:20:00,1.93092,1.9310100000000001,1.9306999999999999,1.931,74,8,0
2024-02-06 23:25:00,1.931,1.9310100000000001,1.93093,1.9309500000000002,112,8,0
2024-02-06 23:30:00,1.9309500000000002,1.9309699999999999,1.93062,1.93082,207,8,0
2024-02-06 23:35:00,1.93082,1.93091,1.93065,1.93087,148,8,0
2024-02-06 23:40:00,1.93087,1.93121,1.93078,1.9312,148,8,0
2024-02-06 23:45:00,1.9312,1.9312399999999998,1.9310399999999999,1.9312399999999998,177,8,0
2024-02-06 23:50:00,1.9312399999999998,1.93127,1.93057,1.93072,262,8,0
2024-02-06 23:55:00,1.93073,1.93078,1.93049,1.93069,215,8,0
2024-02-07 00:00:00,1.93069,1.93079,1.9303,1.93068,266,8,0
2024-02-07 00:05:00,1.93068,1.93091,1.93064,1.93089,267,8,0
2024-02-07 00:10:00,1.93089,1.9310399999999999,1.9302700000000002,1.93051,279,8,0
2024-02-07 00:15:00,1.93051,1.93079,1.93039,1.93073,333,8,0
2024-02-07 00:20:00,1.93073,1.93078,1.92967,1.92976,380,8,0
2024-02-07 00:25:00,1.92976,1.9302700000000002,1.92974,1.93012,327,8,0
2024-02-07 00:30:00,1.9301,1.93015,1.92903,1.92917,448,8,0
2024-02-07 00:35:00,1.9291800000000001,1.92961,1.92911,1.92958,329,8,0
2024-02-07 00:40:00,1.92958,1.9297,1.92943,1.9296600000000002,262,8,0
2024-02-07 00:45:00,1.9296600000000002,1.93017,1.92956,1.92987,422,8,0
2024-02-07 00:50:00,1.92987,1.93042,1.9298600000000001,1.93001,732,8,0
2024-02-07 00:55:00,1.93001,1.93039,1.9297,1.92983,572,8,0
2024-02-07 01:00:00,1.92983,1.92984,1.92856,1.92893,784,8,0
2024-02-07 01:05:00,1.92893,1.92967,1.92875,1.92967,844,8,0
2024-02-07 01:10:00,1.92967,1.92985,1.92942,1.92962,615,8,0
2024-02-07 01:15:00,1.92962,1.9298600000000001,1.9295,1.92978,778,8,0
2024-02-07 01:20:00,1.9297900000000001,1.9300000000000002,1.92933,1.9296799999999998,691,8,0
2024-02-07 01:25:00,1.9296799999999998,1.93004,1.9295,1.92951,594,8,0
2024-02-07 01:30:00,1.92951,1.9299300000000001,1.92893,1.9293,998,8,0
2024-02-07 01:35:00,1.92931,1.92977,1.92899,1.9291800000000001,876,8,0
2024-02-07 01:40:00,1.9291800000000001,1.92965,1.9287800000000002,1.92882,796,8,0
2024-02-07 01:45:00,1.92882,1.9289399999999999,1.92825,1.92861,953,8,0
2024-02-07 01:50:00,1.9285999999999999,1.9292,1.9284400000000002,1.9286699999999999,927,8,0
2024-02-07 01:55:00,1.92868,1.92883,1.92832,1.92849,793,8,0
2024-02-07 02:00:00,1.92849,1.9287100000000001,1.92823,1.92835,647,8,0
2024-02-07 02:05:00,1.92835,1.92901,1.92824,1.92897,698,8,0
2024-02-07 02:10:00,1.92897,1.9291,1.9286400000000001,1.9287100000000001,668,8,0
2024-02-07 02:15:00,1.9287100000000001,1.9289800000000001,1.92823,1.92851,480,8,0
2024-02-07 02:20:00,1.9285,1.92874,1.92845,1.92859,524,8,0
2024-02-07 02:25:00,1.92859,1.9289,1.92859,1.92876,527,8,0
2024-02-07 02:30:00,1.92876,1.9294799999999999,1.9287100000000001,1.92936,727,8,0
2024-02-07 02:35:00,1.92936,1.92965,1.9293,1.92962,621,8,0
2024-02-07 02:40:00,1.92962,1.92967,1.9293,1.9293900000000002,515,8,0
2024-02-07 02:45:00,1.9293900000000002,1.92961,1.92912,1.9291399999999999,602,8,0
2024-02-07 02:50:00,1.9291399999999999,1.92919,1.9287999999999998,1.9291800000000001,498,8,0
2024-02-07 02:55:00,1.9291800000000001,1.92942,1.9289100000000001,1.929,501,8,0
2024-02-07 03:00:00,1.929,1.92938,1.92899,1.92922,527,8,0
2024-02-07 03:05:00,1.92922,1.92926,1.9286400000000001,1.92873,515,8,0
2024-02-07 03:10:00,1.92873,1.9288699999999999,1.9285,1.92861,588,8,0
2024-02-07 03:15:00,1.92861,1.92882,1.92858,1.92873,408,8,0
2024-02-07 03:20:00,1.92873,1.92901,1.9287,1.92896,500,8,0
2024-02-07 03:25:00,1.92896,1.92924,1.92883,1.92902,487,8,0
2024-02-07 03:30:00,1.92902,1.92944,1.9289,1.92937,531,8,0
2024-02-07 03:35:00,1.92937,1.92945,1.9290699999999998,1.92912,456,8,0
2024-02-07 03:40:00,1.92912,1.92923,1.92901,1.9291,410,8,0
2024-02-07 03:45:00,1.9291,1.9295900000000001,1.9290500000000002,1.9295200000000001,408,8,0
2024-02-07 03:50:00,1.9295200000000001,1.9298899999999999,1.9295200000000001,1.9296600000000002,514,8,0
2024-02-07 03:55:00,1.9296600000000002,1.92996,1.92964,1.92996,431,8,0
2024-02-07 04:00:00,1.92996,1.9301,1.9298600000000001,1.9301,398,8,0
2024-02-07 04:05:00,1.9301,1.9302000000000001,1.9298199999999999,1.9298600000000001,313,8,0
2024-02-07 04:10:00,1.9298600000000001,1.92991,1.92972,1.92977,312,8,0
2024-02-07 04:15:00,1.92977,1.92981,1.9293,1.92943,421,8,0
2024-02-07 04:20:00,1.92943,1.92946,1.9290699999999998,1.92919,213,8,0
2024-02-07 04:25:00,1.92919,1.9296799999999998,1.9290500000000002,1.92962,242,8,0
2024-02-07 04:30:00,1.92962,1.9302000000000001,1.92958,1.93012,339,8,0
2024-02-07 04:35:00,1.93012,1.9302700000000002,1.92994,1.93024,298,8,0
2024-02-07 04:40:00,1.93024,1.9304299999999999,1.9301300000000001,1.9302899999999998,297,8,0
2024-02-07 04:45:00,1.9302899999999998,1.9302899999999998,1.92978,1.93023,396,8,0
2024-02-07 04:50:00,1.93023,1.93024,1.92985,1.93008,346,8,0
2024-02-07 04:55:00,1.93008,1.93076,1.93004,1.93065,411,8,0
2024-02-07 05:00:00,1.93065,1.93091,1.93048,1.93064,704,8,0
2024-02-07 05:05:00,1.9306299999999998,1.93099,1.93037,1.93041,649,8,0
2024-02-07 05:10:00,1.93041,1.93092,1.9304000000000001,1.93083,473,8,0
2024-02-07 05:15:00,1.93083,1.9311099999999999,1.93066,1.93082,583,8,0
2024-02-07 05:20:00,1.93082,1.93098,1.93072,1.93083,378,8,0
2024-02-07 05:25:00,1.93083,1.93102,1.93072,1.93093,472,8,0
2024-02-07 05:30:00,1.93093,1.93099,1.9304000000000001,1.93082,595,8,0
2024-02-07 05:35:00,1.93082,1.93093,1.93062,1.93079,640,8,0
2024-02-07 05:40:00,1.93078,1.93092,1.93025,1.93038,526,8,0
2024-02-07 05:45:00,1.93038,1.93064,1.9301300000000001,1.93056,528,8,0
2024-02-07 05:50:00,1.93055,1.93058,1.9301599999999999,1.9304999999999999,647,8,0
2024-02-07 05:55:00,1.9304999999999999,1.93062,1.9302899999999998,1.9304999999999999,571,8,0
2024-02-07 06:00:00,1.93049,1.9310100000000001,1.9304299999999999,1.93076,440,8,0
2024-02-07 06:05:00,1.93076,1.93093,1.93058,1.9306,345,8,0
2024-02-07 06:10:00,1.9306,1.9306999999999999,1.93041,1.9306,316,8,0
2024-02-07 06:15:00,1.9306,1.93114,1.93058,1.93091,500,8,0
2024-02-07 06:20:00,1.93092,1.93092,1.9306,1.9306,447,8,0
2024-02-07 06:25:00,1.9306,1.93129,1.9306,1.9312200000000002,505,8,0
2024-02-07 06:30:00,1.9312200000000002,1.93134,1.93037,1.93039,646,8,0
2024-02-07 06:35:00,1.93038,1.9304700000000001,1.9298899999999999,1.92997,467,8,0
2024-02-07 06:40:00,1.92999,1.93055,1.92994,1.93015,444,8,0
2024-02-07 06:45:00,1.93015,1.93087,1.9298,1.93085,652,8,0
2024-02-07 06:50:00,1.93085,1.9310399999999999,1.93053,1.93079,658,8,0
2024-02-07 06:55:00,1.93079,1.93087,1.93038,1.93062,419,8,0
2024-02-07 07:00:00,1.9306100000000002,1.93112,1.93048,1.93106,761,8,0
2024-02-07 07:05:00,1.93106,1.9316,1.931,1.93125,806,8,0
2024-02-07 07:10:00,1.93125,1.93173,1.93059,1.93153,904,8,0
2024-02-07 07:15:00,1.93153,1.9316,1.9304999999999999,1.93078,690,8,0
2024-02-07 07:20:00,1.93078,1.9315099999999998,1.93066,1.93133,772,8,0
2024-02-07 07:25:00,1.93132,1.9313799999999999,1.9308800000000002,1.9311,670,8,0
2024-02-07 07:30:00,1.9311,1.932,1.93103,1.93193,786,8,0
2024-02-07 07:35:00,1.93193,1.93211,1.9316200000000001,1.93178,749,8,0
2024-02-07 07:40:00,1.93178,1.93218,1.93164,1.93204,622,8,0
2024-02-07 07:45:00,1.93205,1.93354,1.93193,1.93343,812,8,0
2024-02-07 07:50:00,1.93343,1.93392,1.93342,1.93365,793,8,0
2024-02-07 07:55:00,1.93364,1.93414,1.9334,1.93405,952,8,0
2024-02-07 08:00:00,1.93404,1.93442,1.93331,1.93346,1326,8,0
2024-02-07 08:05:00,1.93346,1.93442,1.93342,1.93392,1109,8,0
2024-02-07 08:10:00,1.93391,1.9348800000000002,1.93388,1.93482,1053,8,0
2024-02-07 08:15:00,1.93482,1.93484,1.93417,1.93466,961,8,0
2024-02-07 08:20:00,1.93466,1.93512,1.93438,1.93479,947,8,0
2024-02-07 08:25:00,1.93479,1.93597,1.93479,1.93579,937,8,0
2024-02-07 08:30:00,1.93579,1.93579,1.93485,1.9351699999999998,842,8,0
2024-02-07 08:35:00,1.9351699999999998,1.93518,1.93448,1.93465,676,8,0
2024-02-07 08:40:00,1.93465,1.9348,1.93403,1.93472,737,8,0
2024-02-07 08:45:00,1.93473,1.93541,1.93453,1.93514,801,8,0
2024-02-07 08:50:00,1.93514,1.9351500000000001,1.9340899999999999,1.9346100000000002,805,8,0
2024-02-07 08:55:00,1.9346,1.93502,1.9344299999999999,1.93468,781,8,0
2024-02-07 09:00:00,1.93469,1.93478,1.9338600000000001,1.93412,905,8,0
2024-02-07 09:05:00,1.93411,1.93438,1.93391,1.9342000000000001,695,8,0
2024-02-07 09:10:00,1.9342000000000001,1.93493,1.93411,1.93487,801,8,0
2024-02-07 09:15:00,1.93487,1.9348999999999998,1.9344000000000001,1.93473,706,8,0
2024-02-07 09:20:00,1.93475,1.93486,1.93419,1.93421,648,8,0
2024-02-07 09:25:00,1.93421,1.93472,1.9337499999999999,1.9346999999999999,693,8,0
2024-02-07 09:30:00,1.93471,1.93496,1.93439,1.93478,963,8,0
2024-02-07 09:35:00,1.93478,1.93537,1.93442,1.9345400000000001,736,8,0
2024-02-07 09:40:00,1.9345400000000001,1.93471,1.9338899999999999,1.93408,605,8,0
2024-02-07 09:45:00,1.93408,1.93494,1.93407,1.9348999999999998,574,8,0
2024-02-07 09:50:00,1.9348999999999998,1.93499,1.9342700000000002,1.93455,560,8,0
2024-02-07 09:55:00,1.93455,1.93503,1.93425,1.93483,646,8,0
2024-02-07 10:00:00,1.93483,1.93534,1.9347699999999999,1.93498,593,8,0
2024-02-07 10:05:00,1.93498,1.9352800000000001,1.93466,1.9351,471,8,0
2024-02-07 10:10:00,1.9351,1.93593,1.93505,1.9359199999999999,432,8,0
2024-02-07 10:15:00,1.9359199999999999,1.9362599999999999,1.9357,1.93615,570,8,0
2024-02-07 10:20:00,1.93615,1.93616,1.93574,1.936,606,8,0
2024-02-07 10:25:00,1.936,1.93672,1.9358300000000002,1.93672,851,8,0
2024-02-07 10:30:00,1.93672,1.9369399999999999,1.9364400000000002,1.93645,699,8,0
2024-02-07 10:35:00,1.93645,1.9369,1.93629,1.93655,677,8,0
2024-02-07 10:40:00,1.9365299999999999,1.93683,1.93614,1.9362599999999999,590,8,0
2024-02-07 10:45:00,1.9362599999999999,1.93706,1.93598,1.9370500000000002,513,8,0
2024-02-07 10:50:00,1.93708,1.93773,1.9370500000000002,1.93708,597,8,0
2024-02-07 10:55:00,1.93708,1.9372099999999999,1.93683,1.9368699999999999,665,8,0
2024-02-07 11:00:00,1.9368699999999999,1.93743,1.93682,1.93709,611,8,0
2024-02-07 11:05:00,1.93709,1.93727,1.93635,1.93641,528,8,0
2024-02-07 11:10:00,1.93641,1.93652,1.93564,1.9356900000000001,517,8,0
2024-02-07 11:15:00,1.93568,1.93582,1.93514,1.93556,558,8,0
2024-02-07 11:20:00,1.93557,1.93557,1.93471,1.93489,609,8,0
2024-02-07 11:25:00,1.93489,1.93502,1.93457,1.93464,560,8,0
2024-02-07 11:30:00,1.93464,1.93469,1.93407,1.93438,658,8,0
2024-02-07 11:35:00,1.93438,1.93438,1.93336,1.93358,774,8,0
2024-02-07 11:40:00,1.93358,1.93495,1.93351,1.93486,645,8,0
2024-02-07 11:45:00,1.93486,1.9350399999999999,1.93452,1.93491,601,8,0
2024-02-07 11:50:00,1.93491,1.93564,1.93491,1.93556,502,8,0
2024-02-07 11:55:00,1.93556,1.93568,1.93506,1.93521,468,8,0
2024-02-07 12:00:00,1.93521,1.9356200000000001,1.93507,1.9354,678,8,0
2024-02-07 12:05:00,1.9354,1.93567,1.93489,1.93567,596,8,0
2024-02-07 12:10:00,1.93567,1.93593,1.93556,1.93588,620,8,0
2024-02-07 12:15:00,1.93588,1.9359899999999999,1.93563,1.93586,645,8,0
2024-02-07 12:20:00,1.93586,1.93602,1.93567,1.93588,634,8,0
2024-02-07 12:25:00,1.93588,1.9364,1.93579,1.93581,702,8,0
2024-02-07 12:30:00,1.93581,1.9358499999999998,1.93545,1.9355799999999999,587,8,0
2024-02-07 12:35:00,1.9355799999999999,1.93559,1.93518,1.93553,589,8,0
2024-02-07 12:40:00,1.93553,1.93584,1.9353,1.93533,554,8,0
2024-02-07 12:45:00,1.93533,1.93564,1.93516,1.93553,637,8,0
2024-02-07 12:50:00,1.93553,1.9356900000000001,1.93537,1.93543,622,8,0
2024-02-07 12:55:00,1.93543,1.93547,1.93495,1.9352399999999998,732,8,0
2024-02-07 13:00:00,1.9352399999999998,1.93548,1.93491,1.93496,971,8,0
2024-02-07 13:05:00,1.93496,1.9350100000000001,1.9342700000000002,1.93452,768,8,0
2024-02-07 13:10:00,1.93452,1.9346700000000001,1.9340600000000001,1.93445,832,8,0
2024-02-07 13:15:00,1.93445,1.93473,1.93399,1.93412,878,8,0
2024-02-07 13:20:00,1.93412,1.93421,1.93367,1.9340199999999999,989,8,0
2024-02-07 13:25:00,1.93403,1.9347400000000001,1.93399,1.9345599999999998,818,8,0
2024-02-07 13:30:00,1.93455,1.9352800000000001,1.93449,1.93471,883,8,0
2024-02-07 13:35:00,1.93471,1.93492,1.93438,1.93449,1002,8,0
2024-02-07 13:40:00,1.93449,1.9346700000000001,1.9342700000000002,1.93457,920,8,0
2024-02-07 13:45:00,1.93453,1.93472,1.93435,1.93462,877,8,0
2024-02-07 13:50:00,1.93462,1.93513,1.9344700000000001,1.9347699999999999,1024,8,0
2024-02-07 13:55:00,1.9347699999999999,1.9351699999999998,1.93466,1.9347699999999999,878,8,0
2024-02-07 14:00:00,1.9347699999999999,1.93509,1.9344299999999999,1.93495,942,8,0
2024-02-07 14:05:00,1.93496,1.9354900000000002,1.93455,1.9350800000000001,1118,8,0
2024-02-07 14:10:00,1.9350800000000001,1.93577,1.93493,1.93573,881,8,0
2024-02-07 14:15:00,1.93573,1.93588,1.9346700000000001,1.93468,780,8,0
2024-02-07 14:20:00,1.93468,1.93527,1.9346700000000001,1.935,941,8,0
2024-02-07 14:25:00,1.935,1.93575,1.9348100000000001,1.93574,847,8,0
2024-02-07 14:30:00,1.93574,1.93613,1.93503,1.9355,1493,8,0
2024-02-07 14:35:00,1.9355,1.93586,1.9350399999999999,1.9354200000000001,1507,8,0
2024-02-07 14:40:00,1.93541,1.93545,1.93458,1.9348,1888,8,0
2024-02-07 14:45:00,1.9348100000000001,1.9349699999999999,1.93435,1.93441,1634,8,0
2024-02-07 14:50:00,1.93441,1.93475,1.9339499999999998,1.93441,1691,8,0
2024-02-07 14:55:00,1.93441,1.93533,1.93424,1.93498,1637,8,0
2024-02-07 15:00:00,1.93499,1.935,1.9344000000000001,1.93482,1610,8,0
2024-02-07 15:05:00,1.93482,1.9353099999999999,1.93464,1.93487,1553,8,0
2024-02-07 15:10:00,1.93487,1.93492,1.93441,1.9344299999999999,1519,8,0
2024-02-07 15:15:00,1.93444,1.9354200000000001,1.93442,1.93539,1373,8,0
2024-02-07 15:20:00,1.93539,1.93547,1.93495,1.93503,1168,8,0
2024-02-07 15:25:00,1.93503,1.93561,1.93491,1.9355799999999999,1102,8,0
2024-02-07 15:30:00,1.93559,1.93594,1.9346100000000002,1.93512,1484,8,0
2024-02-07 15:35:00,1.93513,1.93594,1.93507,1.93544,1659,8,0
2024-02-07 15:40:00,1.9354200000000001,1.93561,1.935,1.93544,1378,8,0
2024-02-07 15:45:00,1.93543,1.9355799999999999,1.93472,1.93519,1364,8,0
2024-02-07 15:50:00,1.93518,1.93526,1.93428,1.9346,1331,8,0
2024-02-07 15:55:00,1.9346,1.93498,1.93433,1.9346299999999998,1623,8,0
2024-02-07 16:00:00,1.9346299999999998,1.93493,1.93441,1.93469,1504,8,0
2024-02-07 16:05:00,1.93469,1.93496,1.9345400000000001,1.93483,1214,8,0
2024-02-07 16:10:00,1.93483,1.93513,1.9346100000000002,1.93462,1149,8,0
2024-02-07 16:15:00,1.93462,1.93493,1.93405,1.9341599999999999,1136,8,0
2024-02-07 16:20:00,1.9341599999999999,1.93491,1.9341599999999999,1.93483,983,8,0
2024-02-07 16:25:00,1.93482,1.93507,1.93465,1.93483,845,8,0
2024-02-07 16:30:00,1.93483,1.9353,1.9346100000000002,1.9352399999999998,1106,8,0
2024-02-07 16:35:00,1.93525,1.9358,1.93521,1.9358,921,8,0
2024-02-07 16:40:00,1.9358,1.93622,1.93544,1.93613,909,8,0
2024-02-07 16:45:00,1.93613,1.9364599999999998,1.9357799999999998,1.9357799999999998,759,8,0
2024-02-07 16:50:00,1.93577,1.93597,1.93556,1.93593,658,8,0
2024-02-07 16:55:00,1.93593,1.93635,1.93577,1.936,903,8,0
2024-02-07 17:00:00,1.936,1.93643,1.93591,1.93591,765,8,0
2024-02-07 17:05:00,1.93591,1.93621,1.93564,1.93608,623,8,0
2024-02-07 17:10:00,1.93608,1.9365700000000001,1.93606,1.93651,586,8,0
2024-02-07 17:15:00,1.93651,1.93654,1.9359600000000001,1.93621,580,8,0
2024-02-07 17:20:00,1.9362,1.93625,1.93586,1.9359899999999999,547,8,0
2024-02-07 17:25:00,1.9359899999999999,1.9361199999999998,1.93577,1.9361199999999998,669,8,0
2024-02-07 17:30:00,1.9361199999999998,1.93618,1.93591,1.93613,677,8,0
2024-02-07 17:35:00,1.93613,1.9362599999999999,1.9355799999999999,1.93588,748,8,0
2024-02-07 17:40:00,1.93588,1.9359899999999999,1.93563,1.93581,499,8,0
2024-02-07 17:45:00,1.93581,1.93614,1.93573,1.93608,378,8,0
2024-02-07 17:50:00,1.93608,1.93625,1.93582,1.93597,711,8,0
2024-02-07 17:55:00,1.93597,1.93632,1.93586,1.9362599999999999,662,8,0
2024-02-07 18:00:00,1.93625,1.93688,1.9353799999999999,1.9368699999999999,1544,8,0
2024-02-07 18:05:00,1.9368699999999999,1.93715,1.9365999999999999,1.93686,1092,8,0
2024-02-07 18:10:00,1.93686,1.93722,1.93666,1.93713,671,8,0
2024-02-07 18:15:00,1.93713,1.93735,1.93692,1.93715,645,8,0
2024-02-07 18:20:00,1.9371399999999999,1.9372,1.93654,1.9366400000000001,526,8,0
2024-02-07 18:25:00,1.9366400000000001,1.93668,1.93638,1.93655,698,8,0
2024-02-07 18:30:00,1.93655,1.93662,1.93628,1.93642,765,8,0
2024-02-07 18:35:00,1.93642,1.93654,1.93627,1.9363899999999998,597,8,0
2024-02-07 18:40:00,1.9364,1.9369800000000001,1.9363299999999999,1.93685,673,8,0
2024-02-07 18:45:00,1.93686,1.9368699999999999,1.93641,1.9365299999999999,679,8,0
2024-02-07 18:50:00,1.9365299999999999,1.93669,1.93645,1.93654,583,8,0
2024-02-07 18:55:00,1.93654,1.93681,1.9364599999999998,1.93677,527,8,0
2024-02-07 19:00:00,1.93676,1.93702,1.93666,1.93693,546,8,0
2024-02-07 19:05:00,1.93692,1.93701,1.9366400000000001,1.93678,498,8,0
2024-02-07 19:10:00,1.93678,1.93703,1.93674,1.93679,452,8,0
2024-02-07 19:15:00,1.93679,1.9369100000000001,1.9364599999999998,1.93677,528,8,0
2024-02-07 19:20:00,1.93677,1.93699,1.93668,1.93686,351,8,0
2024-02-07 19:25:00,1.93686,1.9372099999999999,1.93685,1.93702,345,8,0
2024-02-07 19:30:00,1.93702,1.93723,1.9369100000000001,1.9372099999999999,509,8,0
2024-02-07 19:35:00,1.93722,1.93753,1.93712,1.9373399999999998,457,8,0
2024-02-07 19:40:00,1.9373399999999998,1.9374799999999999,1.93724,1.93729,427,8,0
2024-02-07 19:45:00,1.93729,1.93729,1.93683,1.93699,428,8,0
2024-02-07 19:50:00,1.93699,1.93726,1.93688,1.93713,409,8,0
2024-02-07 19:55:00,1.93713,1.93743,1.93699,1.9373200000000002,370,8,0
2024-02-07 20:00:00,1.9373200000000002,1.93735,1.9368699999999999,1.93701,421,8,0
2024-02-07 20:05:00,1.93701,1.9372099999999999,1.93672,1.93682,475,8,0
2024-02-07 20:10:00,1.93682,1.93696,1.93659,1.93695,268,8,0
2024-02-07 20:15:00,1.93695,1.93703,1.9367999999999999,1.93682,413,8,0
2024-02-07 20:20:00,1.93682,1.9369399999999999,1.9367,1.93675,395,8,0
2024-02-07 20:25:00,1.93675,1.93696,1.93667,1.93693,310,8,0
2024-02-07 20:30:00,1.93693,1.93713,1.9367999999999999,1.93711,527,8,0
2024-02-07 20:35:00,1.93711,1.93712,1.93661,1.93686,470,8,0
2024-02-07 20:40:00,1.93686,1.93699,1.93675,1.93697,397,8,0
2024-02-07 20:45:00,1.93697,1.9371,1.93661,1.93669,398,8,0
2024-02-07 20:50:00,1.93669,1.9369399999999999,1.93662,1.9369100000000001,397,8,0
2024-02-07 20:55:00,1.9369100000000001,1.9369100000000001,1.93643,1.93658,567,8,0
2024-02-07 21:00:00,1.93658,1.93677,1.93658,1.93667,311,8,0
2024-02-07 21:05:00,1.93667,1.93701,1.93658,1.9369399999999999,294,8,0
2024-02-07 21:10:00,1.9369399999999999,1.9369800000000001,1.93682,1.93686,133,8,0
2024-02-07 21:15:00,1.93686,1.9370699999999998,1.93685,1.9369100000000001,256,8,0
2024-02-07 21:20:00,1.93692,1.93693,1.93667,1.93667,164,8,0
2024-02-07 21:25:00,1.93667,1.93667,1.9362300000000001,1.93631,251,8,0
2024-02-07 21:30:00,1.9363299999999999,1.93665,1.9363299999999999,1.93661,184,8,0
2024-02-07 21:35:00,1.93661,1.93676,1.93654,1.93662,184,8,0
2024-02-07 21:40:00,1.93661,1.9367100000000002,1.9365299999999999,1.9366400000000001,152,8,0
2024-02-07 21:45:00,1.9366400000000001,1.93676,1.93659,1.9366400000000001,177,8,0
2024-02-07 21:50:00,1.93663,1.93674,1.93642,1.93648,172,8,0
2024-02-07 21:55:00,1.93648,1.93672,1.93625,1.93629,378,8,0
2024-02-07 22:00:00,1.93627,1.93627,1.93362,1.93581,24,22,0
2024-02-07 22:05:00,1.93581,1.93597,1.9357199999999999,1.93591,14,87,0
2024-02-07 22:10:00,1.93591,1.93591,1.93545,1.9355099999999998,13,93,0
2024-02-07 22:15:00,1.9355099999999998,1.9355099999999998,1.93545,1.9355099999999998,7,125,0
2024-02-07 22:20:00,1.9355099999999998,1.9355099999999998,1.9355,1.9355,5,125,0
2024-02-07 22:25:00,1.9355,1.9355,1.93545,1.93545,6,119,0
2024-02-07 22:30:00,1.93545,1.93597,1.93545,1.93545,34,66,0
2024-02-07 22:35:00,1.93545,1.93635,1.93545,1.93591,99,70,0
2024-02-07 22:40:00,1.9358499999999998,1.93609,1.9358499999999998,1.9359600000000001,57,23,0
2024-02-07 22:45:00,1.9359600000000001,1.93613,1.93557,1.93597,72,62,0
2024-02-07 22:50:00,1.93597,1.93617,1.9356900000000001,1.93611,81,59,0
2024-02-07 22:55:00,1.9361199999999998,1.9367299999999998,1.93581,1.93656,135,34,0
2024-02-07 23:00:00,1.93648,1.93678,1.93613,1.93621,496,8,0
2024-02-07 23:05:00,1.93621,1.93632,1.9356499999999999,1.9357600000000001,122,9,0
2024-02-07 23:10:00,1.9357799999999998,1.93606,1.93574,1.93593,139,10,0
2024-02-07 23:15:00,1.93593,1.93618,1.9352200000000002,1.93545,154,8,0
2024-02-07 23:20:00,1.93545,1.93555,1.93514,1.93539,208,8,0
2024-02-07 23:25:00,1.93539,1.93546,1.9353099999999999,1.93544,138,8,0
2024-02-07 23:30:00,1.93544,1.9361199999999998,1.93543,1.93602,321,8,0
2024-02-07 23:35:00,1.9359899999999999,1.93609,1.93568,1.9358300000000002,324,8,0
2024-02-07 23:40:00,1.93584,1.93638,1.93582,1.93632,234,8,0
2024-02-07 23:45:00,1.93632,1.9367,1.93631,1.93654,209,8,0
2024-02-07 23:50:00,1.93654,1.93656,1.93616,1.93655,242,8,0
2024-02-07 23:55:00,1.93656,1.93662,1.93622,1.9364599999999998,201,8,0
2024-02-08 00:00:00,1.9364599999999998,1.9365299999999999,1.93575,1.93598,522,8,0
2024-02-08 00:05:00,1.93598,1.936,1.93573,1.9359,352,8,0
2024-02-08 00:10:00,1.9359,1.93591,1.93553,1.93553,309,8,0
2024-02-08 00:15:00,1.93553,1.93567,1.93507,1.93526,312,8,0
2024-02-08 00:20:00,1.93526,1.93529,1.93506,1.9351500000000001,329,8,0
2024-02-08 00:25:00,1.9351500000000001,1.93564,1.93495,1.93533,263,8,0
2024-02-08 00:30:00,1.93533,1.9353799999999999,1.93489,1.9351500000000001,388,8,0
2024-02-08 00:35:00,1.9351500000000001,1.93529,1.93492,1.93513,336,8,0
2024-02-08 00:40:00,1.93513,1.93544,1.935,1.93513,281,8,0
2024-02-08 00:45:00,1.93513,1.9355,1.93513,1.93545,289,8,0
2024-02-08 00:50:00,1.93546,1.93574,1.9352200000000002,1.93566,491,8,0
2024-02-08 00:55:00,1.93567,1.9359899999999999,1.93546,1.93593,427,8,0
2024-02-08 01:00:00,1.93593,1.93631,1.9357799999999998,1.9359899999999999,507,8,0
2024-02-08 01:05:00,1.9359899999999999,1.93608,1.9357600000000001,1.93587,399,8,0
2024-02-08 01:10:00,1.93587,1.9359899999999999,1.93571,1.9358300000000002,399,8,0
2024-02-08 01:15:00,1.93584,1.93609,1.93566,1.9357,567,8,0
2024-02-08 01:20:00,1.9357,1.93615,1.93567,1.9358499999999998,423,8,0
2024-02-08 01:25:00,1.93584,1.93607,1.93582,1.93594,401,8,0
2024-02-08 01:30:00,1.93595,1.93595,1.9348800000000002,1.93519,1148,8,0
2024-02-08 01:35:00,1.93519,1.93601,1.9348800000000002,1.93568,1009,8,0
2024-02-08 01:40:00,1.93568,1.9363700000000001,1.93521,1.93526,796,8,0
2024-02-08 01:45:00,1.9352800000000001,1.9355099999999998,1.9350100000000001,1.9355,895,8,0
2024-02-08 01:50:00,1.9354900000000002,1.93561,1.93505,1.93537,858,8,0
2024-02-08 01:55:00,1.93537,1.9357799999999998,1.93526,1.93553,874,8,0
2024-02-08 02:00:00,1.93552,1.9357799999999998,1.93496,1.93539,841,8,0
2024-02-08 02:05:00,1.93539,1.93544,1.93491,1.93495,725,8,0
2024-02-08 02:10:00,1.93495,1.93526,1.93471,1.93514,656,8,0
2024-02-08 02:15:00,1.93514,1.9353099999999999,1.93503,1.9352,709,8,0
2024-02-08 02:20:00,1.9352,1.9356200000000001,1.93516,1.93544,619,8,0
2024-02-08 02:25:00,1.93544,1.93563,1.93507,1.93513,641,8,0
2024-02-08 02:30:00,1.9351099999999999,1.93523,1.93482,1.9349699999999999,599,8,0
2024-02-08 02:35:00,1.9349699999999999,1.93516,1.9348999999999998,1.93516,422,8,0
2024-02-08 02:40:00,1.93514,1.9352,1.93455,1.9346999999999999,379,8,0
2024-02-08 02:45:00,1.9346999999999999,1.93482,1.93438,1.93465,399,8,0
2024-02-08 02:50:00,1.93465,1.93499,1.9346299999999998,1.93493,523,8,0
2024-02-08 02:55:00,1.93491,1.93527,1.93486,1.93526,446,8,0
2024-02-08 03:00:00,1.93526,1.9353500000000001,1.9350399999999999,1.93519,367,8,0
2024-02-08 03:05:00,1.93519,1.9355,1.93519,1.93541,268,8,0
2024-02-08 03:10:00,1.93541,1.93564,1.93529,1.9354200000000001,340,8,0
2024-02-08 03:15:00,1.9354200000000001,1.93554,1.93518,1.93519,414,8,0
2024-02-08 03:20:00,1.93519,1.93547,1.9349699999999999,1.93523,461,8,0
2024-02-08 03:25:00,1.9352399999999998,1.93577,1.9352399999999998,1.9356,429,8,0
2024-02-08 03:30:00,1.93561,1.93581,1.93532,1.93573,362,8,0
2024-02-08 03:35:00,1.93573,1.93601,1.9356900000000001,1.9359,374,8,0
2024-02-08 03:40:00,1.9359,1.93616,1.93587,1.93593,385,8,0
2024-02-08 03:45:00,1.93593,1.9361199999999998,1.93555,1.9357,370,8,0
2024-02-08 03:50:00,1.9357,1.93588,1.93556,1.9358,325,8,0
2024-02-08 03:55:00,1.9358,1.93621,1.93579,1.93606,426,8,0
2024-02-08 04:00:00,1.93606,1.9361199999999998,1.93587,1.9359199999999999,307,8,0
2024-02-08 04:05:00,1.9359199999999999,1.93594,1.93526,1.9354,310,8,0
2024-02-08 04:10:00,1.9354,1.9356499999999999,1.93532,1.93545,199,8,0
2024-02-08 04:15:00,1.93545,1.93561,1.9352,1.93559,301,8,0
2024-02-08 04:20:00,1.93559,1.93604,1.93554,1.9360300000000001,306,8,0
2024-02-08 04:25:00,1.9360300000000001,1.93606,1.9353799999999999,1.9354,245,8,0
2024-02-08 04:30:00,1.93539,1.9359,1.9353099999999999,1.9358300000000002,500,8,0
2024-02-08 04:35:00,1.9358300000000002,1.93595,1.93553,1.93571,396,8,0
2024-02-08 04:40:00,1.93571,1.93598,1.9355,1.93574,424,8,0
2024-02-08 04:45:00,1.93574,1.9359899999999999,1.93571,1.9359,318,8,0
2024-02-08 04:50:00,1.9359,1.93621,1.93582,1.9360300000000001,344,8,0
2024-02-08 04:55:00,1.9360300000000001,1.93618,1.93589,1.93617,396,8,0
2024-02-08 05:00:00,1.93617,1.9363899999999998,1.93601,1.93638,488,8,0
2024-02-08 05:05:00,1.93638,1.93699,1.93631,1.93667,474,8,0
2024-02-08 05:10:00,1.93667,1.93685,1.9364599999999998,1.9365700000000001,501,8,0
2024-02-08 05:15:00,1.93658,1.9372,1.9365299999999999,1.9369800000000001,401,8,0
2024-02-08 05:20:00,1.9369800000000001,1.93702,1.93675,1.9369100000000001,348,8,0
2024-02-08 05:25:00,1.9369100000000001,1.93695,1.93659,1.93695,483,8,0
2024-02-08 05:30:00,1.93695,1.93757,1.9369399999999999,1.9374500000000001,545,8,0
2024-02-08 05:35:00,1.9374500000000001,1.93746,1.93709,1.93719,400,8,0
2024-02-08 05:40:00,1.93719,1.9372,1.93681,1.93685,389,8,0
2024-02-08 05:45:00,1.93685,1.93761,1.93683,1.9375900000000001,482,8,0
2024-02-08 05:50:00,1.9375900000000001,1.9377900000000001,1.93712,1.9371800000000001,539,8,0
2024-02-08 05:55:00,1.93716,1.9372,1.93679,1.93689,552,8,0
2024-02-08 06:00:00,1.9369,1.93736,1.9368400000000001,1.93731,541,8,0
2024-02-08 06:05:00,1.93731,1.93735,1.93708,1.9373200000000002,484,8,0
2024-02-08 06:10:00,1.9373200000000002,1.93781,1.9372,1.93781,538,8,0
2024-02-08 06:15:00,1.93781,1.938,1.93736,1.93753,426,8,0
2024-02-08 06:20:00,1.93753,1.93762,1.93743,1.93749,418,8,0
2024-02-08 06:25:00,1.93749,1.9376600000000002,1.9373200000000002,1.93756,352,8,0
2024-02-08 06:30:00,1.93756,1.93805,1.93749,1.9379,285,8,0
2024-02-08 06:35:00,1.9379,1.93791,1.93704,1.9372099999999999,414,8,0
2024-02-08 06:40:00,1.9372099999999999,1.9373,1.93631,1.9363899999999998,481,8,0
2024-02-08 06:45:00,1.9363899999999998,1.937,1.9363299999999999,1.93677,598,8,0
2024-02-08 06:50:00,1.93677,1.93695,1.9365700000000001,1.9369399999999999,605,8,0
2024-02-08 06:55:00,1.9369399999999999,1.93713,1.93663,1.93689,497,8,0
2024-02-08 07:00:00,1.93689,1.93774,1.93688,1.93762,764,8,0
2024-02-08 07:05:00,1.93762,1.93781,1.93712,1.93722,536,8,0
2024-02-08 07:10:00,1.93722,1.93749,1.9368699999999999,1.93693,595,8,0
2024-02-08 07:15:00,1.93692,1.93697,1.9364400000000002,1.9364599999999998,436,8,0
2024-02-08 07:20:00,1.9364599999999998,1.9369,1.9364,1.9364,580,8,0
2024-02-08 07:25:00,1.9363899999999998,1.93665,1.9363000000000001,1.93659,620,8,0
2024-02-08 07:30:00,1.93659,1.9367999999999999,1.9363299999999999,1.93678,677,8,0
2024-02-08 07:35:00,1.9367999999999999,1.93722,1.9367299999999998,1.93688,744,8,0
2024-02-08 07:40:00,1.93688,1.937,1.93652,1.9367,674,8,0
2024-02-08 07:45:00,1.9367,1.93703,1.9366400000000001,1.93692,730,8,0
2024-02-08 07:50:00,1.93692,1.93696,1.93638,1.9364,615,8,0
2024-02-08 07:55:00,1.9364,1.93661,1.93624,1.9363000000000001,638,8,0
2024-02-08 08:00:00,1.9363000000000001,1.93715,1.93598,1.9371399999999999,1066,8,0
2024-02-08 08:05:00,1.9371399999999999,1.9377,1.93697,1.93731,1013,8,0
2024-02-08 08:10:00,1.93731,1.93878,1.93729,1.9387400000000001,741,8,0
2024-02-08 08:15:00,1.9387400000000001,1.9392,1.93858,1.9391,952,8,0
2024-02-08 08:20:00,1.9391,1.9397799999999998,1.9390100000000001,1.93967,965,8,0
2024-02-08 08:25:00,1.93967,1.9396900000000001,1.9392800000000001,1.9394900000000002,808,8,0
2024-02-08 08:30:00,1.93948,1.93953,1.93913,1.93925,746,8,0
2024-02-08 08:35:00,1.93925,1.9392800000000001,1.93855,1.93889,935,8,0
2024-02-08 08:40:00,1.9388800000000002,1.93906,1.93873,1.9390399999999999,710,8,0
2024-02-08 08:45:00,1.93903,1.9390399999999999,1.93821,1.93886,876,8,0
2024-02-08 08:50:00,1.93886,1.93939,1.9387400000000001,1.93891,841,8,0
2024-02-08 08:55:00,1.93891,1.9390800000000001,1.93869,1.93883,771,8,0
2024-02-08 09:00:00,1.93883,1.93918,1.93857,1.93906,880,8,0
2024-02-08 09:05:00,1.93906,1.9397199999999999,1.93906,1.93956,644,8,0
2024-02-08 09:10:00,1.93956,1.93966,1.93932,1.9393799999999999,566,8,0
2024-02-08 09:15:00,1.93939,1.93953,1.93873,1.9392399999999999,538,8,0
2024-02-08 09:20:00,1.9392399999999999,1.9404400000000002,1.93916,1.94024,523,8,0
2024-02-08 09:25:00,1.94024,1.94056,1.9402,1.94034,790,8,0
2024-02-08 09:30:00,1.94034,1.94038,1.9399,1.9402300000000001,600,8,0
2024-02-08 09:35:00,1.9402300000000001,1.94047,1.94009,1.94022,733,8,0
2024-02-08 09:40:00,1.94021,1.94025,1.9393500000000001,1.9396900000000001,795,8,0
2024-02-08 09:45:00,1.9396900000000001,1.9399600000000001,1.93933,1.93957,837,8,0
2024-02-08 09:50:00,1.93957,1.94017,1.93954,1.94006,725,8,0
2024-02-08 09:55:00,1.94006,1.94045,1.94,1.9402,705,8,0
2024-02-08 10:00:00,1.9402,1.94048,1.9399899999999999,1.94047,651,8,0
2024-02-08 10:05:00,1.94047,1.9409,1.9403299999999999,1.94066,481,8,0
2024-02-08 10:10:00,1.94065,1.9408400000000001,1.9403299999999999,1.94036,505,8,0
2024-02-08 10:15:00,1.94036,1.94059,1.9403000000000001,1.94055,461,8,0
2024-02-08 10:20:00,1.94054,1.94055,1.94,1.94007,612,8,0
2024-02-08 10:25:00,1.94007,1.9403000000000001,1.9396900000000001,1.93971,585,8,0
2024-02-08 10:30:00,1.93971,1.94002,1.93923,1.9396499999999999,912,8,0
2024-02-08 10:35:00,1.9396499999999999,1.94004,1.93954,1.93966,641,8,0
2024-02-08 10:40:00,1.93966,1.94,1.93954,1.93982,541,8,0
2024-02-08 10:45:00,1.93982,1.94015,1.9394900000000002,1.94006,712,8,0
2024-02-08 10:50:00,1.94006,1.94018,1.93953,1.93993,701,8,0
2024-02-08 10:55:00,1.93994,1.94011,1.9398300000000002,1.94008,612,8,0
2024-02-08 11:00:00,1.94009,1.9403000000000001,1.93991,1.94002,672,8,0
2024-02-08 11:05:00,1.94001,1.94008,1.93959,1.93964,735,8,0
2024-02-08 11:10:00,1.93964,1.9401000000000002,1.9395,1.93998,580,8,0
2024-02-08 11:15:00,1.93997,1.94041,1.9398900000000001,1.94014,681,8,0
2024-02-08 11:20:00,1.94014,1.94056,1.93981,1.94008,868,8,0
2024-02-08 11:25:00,1.94008,1.94047,1.9397199999999999,1.94027,916,8,0
2024-02-08 11:30:00,1.94028,1.9404599999999999,1.94,1.94008,897,8,0
2024-02-08 11:35:00,1.94008,1.94062,1.9398900000000001,1.94049,654,8,0
2024-02-08 11:40:00,1.94048,1.9405000000000001,1.94004,1.9402,708,8,0
2024-02-08 11:45:00,1.9402,1.94025,1.93984,1.94013,640,8,0
2024-02-08 11:50:00,1.94013,1.94065,1.94006,1.9403700000000002,635,8,0
2024-02-08 11:55:00,1.9403700000000002,1.94068,1.9401899999999999,1.94024,637,8,0
2024-02-08 12:00:00,1.9402300000000001,1.94032,1.93974,1.93988,708,8,0
2024-02-08 12:05:00,1.93988,1.94006,1.93953,1.93957,713,8,0
2024-02-08 12:10:00,1.93957,1.93993,1.93945,1.93956,693,8,0
2024-02-08 12:15:00,1.93956,1.93988,1.93941,1.93988,592,8,0
2024-02-08 12:20:00,1.9398900000000001,1.94005,1.93971,1.93994,585,8,0
2024-02-08 12:25:00,1.93991,1.94005,1.93919,1.93925,858,8,0
2024-02-08 12:30:00,1.93925,1.93967,1.9390399999999999,1.9393,880,8,0
2024-02-08 12:35:00,1.9393099999999999,1.9402599999999999,1.93923,1.93994,791,8,0
2024-02-08 12:40:00,1.93993,1.94009,1.9397199999999999,1.93981,719,8,0
2024-02-08 12:45:00,1.93981,1.9402,1.93971,1.94018,599,8,0
2024-02-08 12:50:00,1.94018,1.94051,1.94006,1.94034,782,8,0
2024-02-08 12:55:00,1.94034,1.9405700000000001,1.94002,1.94025,834,8,0
2024-02-08 13:00:00,1.94025,1.9409800000000001,1.94015,1.94065,930,8,0
2024-02-08 13:05:00,1.94065,1.94082,1.9404,1.94056,755,8,0
2024-02-08 13:10:00,1.94056,1.94067,1.94007,1.94011,672,8,0
2024-02-08 13:15:00,1.94011,1.94022,1.9398300000000002,1.94002,869,8,0
2024-02-08 13:20:00,1.94002,1.9404599999999999,1.94002,1.94014,992,8,0
2024-02-08 13:25:00,1.94015,1.94027,1.93943,1.93943,844,8,0
2024-02-08 13:30:00,1.93943,1.94055,1.93943,1.94047,1547,8,0
2024-02-08 13:35:00,1.9404599999999999,1.9408400000000001,1.93994,1.94034,1478,8,0
2024-02-08 13:40:00,1.94034,1.9404400000000002,1.9391500000000002,1.9393099999999999,1344,8,0
2024-02-08 13:45:00,1.9393099999999999,1.9398300000000002,1.93926,1.9396900000000001,1258,8,0
2024-02-08 13:50:00,1.9396900000000001,1.94028,1.93934,1.9402300000000001,1273,8,0
2024-02-08 13:55:00,1.94022,1.9403899999999998,1.93991,1.94018,1243,8,0
2024-02-08 14:00:00,1.94017,1.94054,1.9396200000000001,1.93977,1165,8,0
2024-02-08 14:05:00,1.93977,1.9399600000000001,1.9396499999999999,1.93973,1019,8,0
2024-02-08 14:10:00,1.93973,1.93975,1.9392399999999999,1.93955,938,8,0
2024-02-08 14:15:00,1.93955,1.94036,1.9394900000000002,1.94024,1037,8,0
2024-02-08 14:20:00,1.94024,1.9407999999999999,1.94015,1.94079,849,8,0
2024-02-08 14:25:00,1.94079,1.9409800000000001,1.94045,1.94055,941,8,0
2024-02-08 14:30:00,1.94055,1.94106,1.94036,1.9403899999999998,1405,8,0
2024-02-08 14:35:00,1.9403899999999998,1.94204,1.94035,1.9420199999999999,1383,8,0
2024-02-08 14:40:00,1.9420199999999999,1.9434399999999998,1.94198,1.94303,1290,8,0
2024-02-08 14:45:00,1.94303,1.94451,1.94286,1.94438,1288,8,0
2024-02-08 14:50:00,1.94436,1.9445000000000001,1.94355,1.94375,1179,8,0
2024-02-08 14:55:00,1.9437600000000002,1.9437600000000002,1.94299,1.94368,1178,8,0
2024-02-08 15:00:00,1.94368,1.9439600000000001,1.94273,1.94286,1282,8,0
2024-02-08 15:05:00,1.94287,1.9436900000000001,1.9427400000000001,1.94307,1152,8,0
2024-02-08 15:10:00,1.94307,1.94347,1.94224,1.94235,1278,8,0
2024-02-08 15:15:00,1.94234,1.94249,1.94147,1.94241,1249,8,0
2024-02-08 15:20:00,1.94241,1.9429699999999999,1.94181,1.94287,1052,8,0
2024-02-08 15:25:00,1.94287,1.94298,1.94252,1.9429400000000001,1119,8,0
2024-02-08 15:30:00,1.94295,1.9430399999999999,1.9424299999999999,1.94286,1363,8,0
2024-02-08 15:35:00,1.94287,1.94293,1.94234,1.94244,1120,8,0
2024-02-08 15:40:00,1.94244,1.9430800000000001,1.9424299999999999,1.94298,1064,8,0
2024-02-08 15:45:00,1.94298,1.94334,1.94293,1.94326,1081,8,0
2024-02-08 15:50:00,1.94326,1.94366,1.94296,1.94352,1096,8,0
2024-02-08 15:55:00,1.94352,1.94357,1.94314,1.9432399999999999,1118,8,0
2024-02-08 16:00:00,1.94323,1.94435,1.94316,1.9443000000000001,1061,8,0
2024-02-08 16:05:00,1.94428,1.9445700000000001,1.94408,1.9442300000000001,740,8,0
2024-02-08 16:10:00,1.9442300000000001,1.94458,1.9439,1.9441199999999998,663,8,0
2024-02-08 16:15:00,1.9441199999999998,1.94494,1.94402,1.94466,733,8,0
2024-02-08 16:20:00,1.94466,1.94477,1.94415,1.94463,647,8,0
2024-02-08 16:25:00,1.94463,1.94539,1.9445999999999999,1.94524,736,8,0
2024-02-08 16:30:00,1.94524,1.94546,1.94485,1.94505,815,8,0
2024-02-08 16:35:00,1.94505,1.94536,1.94465,1.9447,777,8,0
2024-02-08 16:40:00,1.9447,1.94485,1.94436,1.94456,717,8,0
2024-02-08 16:45:00,1.94456,1.9451399999999999,1.94441,1.94513,585,8,0
2024-02-08 16:50:00,1.94513,1.9453200000000002,1.94493,1.94502,624,8,0
2024-02-08 16:55:00,1.94502,1.94517,1.94459,1.9447100000000002,798,8,0
2024-02-08 17:00:00,1.9447100000000002,1.94513,1.94433,1.94434,1021,8,0
2024-02-08 17:05:00,1.94434,1.9447,1.94421,1.94449,834,8,0
2024-02-08 17:10:00,1.94449,1.9445299999999999,1.944,1.9441000000000002,766,8,0
2024-02-08 17:15:00,1.9441000000000002,1.94455,1.9440300000000001,1.94417,651,8,0
2024-02-08 17:20:00,1.94417,1.94493,1.94408,1.9449,524,8,0
2024-02-08 17:25:00,1.9449,1.9449800000000002,1.94444,1.94454,597,8,0
2024-02-08 17:30:00,1.94455,1.94455,1.9441000000000002,1.9443000000000001,598,8,0
2024-02-08 17:35:00,1.9443000000000001,1.9448400000000001,1.9443000000000001,1.9448400000000001,575,8,0
2024-02-08 17:40:00,1.94488,1.94509,1.94421,1.94432,585,8,0
2024-02-08 17:45:00,1.94435,1.94452,1.9441199999999998,1.94422,630,8,0
2024-02-08 17:50:00,1.94422,1.94447,1.94408,1.94421,641,8,0
2024-02-08 17:55:00,1.94422,1.94454,1.9441000000000002,1.94425,568,8,0
2024-02-08 18:00:00,1.94425,1.94454,1.94343,1.94372,1475,8,0
2024-02-08 18:05:00,1.94372,1.94394,1.94355,1.9436900000000001,1196,8,0
2024-02-08 18:10:00,1.9437,1.9438499999999999,1.94354,1.94374,847,8,0
2024-02-08 18:15:00,1.94374,1.94433,1.94374,1.9442300000000001,708,8,0
2024-02-08 18:20:00,1.9442300000000001,1.94447,1.94417,1.9441899999999999,614,8,0
2024-02-08 18:25:00,1.9441899999999999,1.9445999999999999,1.94418,1.94438,740,8,0
2024-02-08 18:30:00,1.9443700000000002,1.94445,1.94408,1.94443,866,8,0
2024-02-08 18:35:00,1.94443,1.94451,1.9439899999999999,1.94413,631,8,0
2024-02-08 18:40:00,1.94413,1.94444,1.94395,1.94424,692,8,0
2024-02-08 18:45:00,1.94424,1.94433,1.94382,1.94387,389,8,0
2024-02-08 18:50:00,1.94387,1.94436,1.94386,1.94425,424,8,0
2024-02-08 18:55:00,1.94425,1.94469,1.94416,1.9443700000000002,456,8,0
2024-02-08 19:00:00,1.9443700000000002,1.94454,1.94415,1.9445000000000001,658,8,0
2024-02-08 19:05:00,1.9445000000000001,1.9445999999999999,1.9442300000000001,1.94441,779,8,0
2024-02-08 19:10:00,1.94441,1.9445000000000001,1.9441000000000002,1.94422,761,8,0
2024-02-08 19:15:00,1.94421,1.94436,1.9441000000000002,1.94414,549,8,0
2024-02-08 19:20:00,1.94414,1.94425,1.9439899999999999,1.9442,489,8,0
2024-02-08 19:25:00,1.9442,1.94438,1.94415,1.94432,445,8,0
2024-02-08 19:30:00,1.94432,1.9443899999999998,1.9441199999999998,1.94434,477,8,0
2024-02-08 19:35:00,1.94434,1.94449,1.9442300000000001,1.94448,569,8,0
2024-02-08 19:40:00,1.94448,1.94454,1.94411,1.94414,471,8,0
2024-02-08 19:45:00,1.94414,1.9443000000000001,1.94404,1.94417,368,8,0
2024-02-08 19:50:00,1.94417,1.94424,1.94407,1.9441000000000002,378,8,0
2024-02-08 19:55:00,1.94409,1.94432,1.94393,1.9442300000000001,666,8,0
2024-02-08 20:00:00,1.9442300000000001,1.94425,1.94377,1.9439,558,8,0
2024-02-08 20:05:00,1.9439,1.94413,1.9438,1.94408,510,8,0
2024-02-08 20:10:00,1.94407,1.94413,1.94395,1.9439600000000001,457,8,0
2024-02-08 20:15:00,1.9439600000000001,1.944,1.94367,1.9437799999999998,449,8,0
2024-02-08 20:20:00,1.9437799999999998,1.94381,1.94353,1.9436,495,8,0
2024-02-08 20:25:00,1.9436,1.94375,1.9435799999999999,1.9436900000000001,495,8,0
2024-02-08 20:30:00,1.9436900000000001,1.9437,1.94333,1.9434900000000002,501,8,0
2024-02-08 20:35:00,1.9434900000000002,1.94359,1.9433500000000001,1.9435,444,8,0
2024-02-08 20:40:00,1.9435,1.9435099999999998,1.94329,1.94337,334,8,0
2024-02-08 20:45:00,1.94337,1.94404,1.94337,1.94386,493,8,0
2024-02-08 20:50:00,1.94386,1.944,1.9436,1.9439899999999999,569,8,0
2024-02-08 20:55:00,1.944,1.94404,1.94346,1.9436499999999999,555,8,0
2024-02-08 21:00:00,1.9436499999999999,1.94404,1.94364,1.94388,469,8,0
2024-02-08 21:05:00,1.9439199999999999,1.944,1.94388,1.9439199999999999,174,8,0
2024-02-08 21:10:00,1.9439199999999999,1.9440300000000001,1.9438499999999999,1.9438900000000001,175,8,0
2024-02-08 21:15:00,1.9438900000000001,1.94394,1.94364,1.94364,224,8,0
2024-02-08 21:20:00,1.94364,1.94377,1.94359,1.94366,149,8,0
2024-02-08 21:25:00,1.94366,1.9437,1.9435,1.9436499999999999,179,8,0
2024-02-08 21:30:00,1.94367,1.9436900000000001,1.9435099999999998,1.9435099999999998,130,8,0
2024-02-08 21:35:00,1.9435099999999998,1.94359,1.94326,1.94334,131,8,0
2024-02-08 21:40:00,1.94334,1.9434900000000002,1.94332,1.94348,197,8,0
2024-02-08 21:45:00,1.94348,1.94371,1.94346,1.9436200000000001,199,8,0
2024-02-08 21:50:00,1.94363,1.94373,1.94354,1.94371,198,8,0
2024-02-08 21:55:00,1.94371,1.9438,1.9434,1.94355,307,8,0
2024-02-08 22:00:00,1.94355,1.94355,1.9418199999999999,1.94248,16,22,0
2024-02-08 22:05:00,1.94248,1.94292,1.94237,1.94292,16,78,0
2024-02-08 22:10:00,1.94292,1.94316,1.94258,1.94313,28,31,0
2024-02-08 22:15:00,1.94313,1.94316,1.94192,1.9422899999999998,22,28,0
2024-02-08 22:20:00,1.9422899999999998,1.94334,1.9422899999999998,1.94313,20,34,0
2024-02-08 22:25:00,1.94313,1.94334,1.94239,1.94239,19,95,0
2024-02-08 22:30:00,1.94239,1.94333,1.94239,1.94291,22,54,0
2024-02-08 22:35:00,1.9428999999999998,1.94322,1.9421,1.9428999999999998,43,51,0
2024-02-08 22:40:00,1.9428999999999998,1.94323,1.94239,1.94268,174,36,0
2024-02-08 22:45:00,1.94268,1.94279,1.94246,1.94255,53,54,0
2024-02-08 22:50:00,1.94255,1.94276,1.9423300000000001,1.94255,57,40,0
2024-02-08 22:55:00,1.94255,1.9428,1.94255,1.94259,78,53,0
2024-02-08 23:00:00,1.94257,1.94332,1.94244,1.94321,201,10,0
2024-02-08 23:05:00,1.94321,1.94323,1.94295,1.9430399999999999,58,9,0
2024-02-08 23:10:00,1.9430399999999999,1.94352,1.94298,1.94307,165,10,0
2024-02-08 23:15:00,1.9430800000000001,1.94312,1.94284,1.94296,68,8,0
2024-02-08 23:20:00,1.94296,1.94311,1.94293,1.9429699999999999,61,8,0
2024-02-08 23:25:00,1.9429699999999999,1.94319,1.94293,1.9430800000000001,51,8,0
2024-02-08 23:30:00,1.9430800000000001,1.94325,1.94305,1.9431500000000002,130,8,0
2024-02-08 23:35:00,1.94316,1.94326,1.94305,1.94311,60,8,0
2024-02-08 23:40:00,1.94311,1.94333,1.9431,1.9432399999999999,110,8,0
2024-02-08 23:45:00,1.9432399999999999,1.9435099999999998,1.94316,1.94346,93,8,0
2024-02-08 23:50:00,1.94346,1.94348,1.9428,1.94287,152,8,0
2024-02-08 23:55:00,1.94287,1.9429699999999999,1.9419,1.94194,434,8,0
2024-02-09 00:00:00,1.94194,1.94272,1.9418199999999999,1.94251,589,8,0
2024-02-09 00:05:00,1.94251,1.94253,1.9419300000000002,1.94217,427,8,0
2024-02-09 00:10:00,1.94215,1.94258,1.9420199999999999,1.94239,432,8,0
2024-02-09 00:15:00,1.94238,1.94273,1.94214,1.94259,488,8,0
2024-02-09 00:20:00,1.94259,1.9430800000000001,1.94258,1.94306,368,8,0
2024-02-09 00:25:00,1.94306,1.9434200000000001,1.943,1.94329,361,8,0
2024-02-09 00:30:00,1.94329,1.9439199999999999,1.94319,1.9436200000000001,282,8,0
2024-02-09 00:35:00,1.94363,1.94387,1.9433799999999999,1.94371,373,8,0
2024-02-09 00:40:00,1.94372,1.9439,1.94361,1.94374,438,8,0
2024-02-09 00:45:00,1.94374,1.94411,1.9436499999999999,1.94407,406,8,0
2024-02-09 00:50:00,1.94407,1.94427,1.94363,1.94395,484,8,0
2024-02-09 00:55:00,1.94393,1.94444,1.9437799999999998,1.9443700000000002,506,8,0
2024-02-09 01:00:00,1.94436,1.9444,1.94363,1.94401,633,8,0
2024-02-09 01:05:00,1.94401,1.9440499999999998,1.94346,1.94356,518,8,0
2024-02-09 01:10:00,1.94356,1.94372,1.94332,1.94337,435,8,0
2024-02-09 01:15:00,1.94337,1.94354,1.9429699999999999,1.9430100000000001,565,8,0
2024-02-09 01:20:00,1.943,1.9435,1.9428999999999998,1.94332,433,8,0
2024-02-09 01:25:00,1.94332,1.94382,1.94327,1.94382,425,8,0
2024-02-09 01:30:00,1.94383,1.9441000000000002,1.94345,1.94368,773,8,0
2024-02-09 01:35:00,1.94367,1.94379,1.94339,1.9434900000000002,622,8,0
2024-02-09 01:40:00,1.9434900000000002,1.94361,1.94272,1.9430800000000001,620,8,0
2024-02-09 01:45:00,1.94309,1.94391,1.9430100000000001,1.94374,502,8,0
2024-02-09 01:50:00,1.94372,1.9438,1.94327,1.94339,398,8,0
2024-02-09 01:55:00,1.94339,1.94372,1.94332,1.94343,459,8,0
2024-02-09 02:00:00,1.94343,1.94363,1.94337,1.94359,383,8,0
2024-02-09 02:05:00,1.94359,1.9437600000000002,1.94339,1.9434200000000001,349,8,0
2024-02-09 02:10:00,1.94341,1.94359,1.94314,1.94329,489,8,0
2024-02-09 02:15:00,1.94329,1.9434900000000002,1.94309,1.94311,380,8,0
2024-02-09 02:20:00,1.94311,1.94321,1.94224,1.94226,469,8,0
2024-02-09 02:25:00,1.94226,1.9429400000000001,1.94226,1.94291,450,8,0
2024-02-09 02:30:00,1.94291,1.9429400000000001,1.94258,1.94262,392,8,0
2024-02-09 02:35:00,1.94262,1.94271,1.94207,1.94257,343,8,0
2024-02-09 02:40:00,1.94257,1.9428100000000001,1.94249,1.9425,373,8,0
2024-02-09 02:45:00,1.9425,1.9426299999999999,1.94235,1.94259,492,8,0
2024-02-09 02:50:00,1.94259,1.94265,1.9424299999999999,1.9425400000000002,453,8,0
2024-02-09 02:55:00,1.9425400000000002,1.9426700000000001,1.94241,1.9426,295,8,0
2024-02-09 03:00:00,1.94261,1.9428999999999998,1.94255,1.94282,478,8,0
2024-02-09 03:05:00,1.94282,1.9431,1.94272,1.94286,436,8,0
2024-02-09 03:10:00,1.94286,1.94296,1.94276,1.94284,351,8,0
2024-02-09 03:15:00,1.94284,1.94314,1.94268,1.9428,421,8,0
2024-02-09 03:20:00,1.9428,1.94284,1.94241,1.94269,428,8,0
2024-02-09 03:25:00,1.94269,1.94276,1.94238,1.94238,269,8,0
2024-02-09 03:30:00,1.94238,1.94259,1.94223,1.9422700000000002,338,8,0
2024-02-09 03:35:00,1.9422700000000002,1.9425400000000002,1.94224,1.94237,321,8,0
2024-02-09 03:40:00,1.94237,1.94253,1.9422199999999998,1.9425,244,8,0
2024-02-09 03:45:00,1.9425,1.94316,1.9424299999999999,1.94309,262,8,0
2024-02-09 03:50:00,1.94309,1.9436,1.9430800000000001,1.94347,350,8,0
2024-02-09 03:55:00,1.94347,1.94361,1.9428,1.9429699999999999,298,8,0
2024-02-09 04:00:00,1.9428100000000001,1.943,1.9425,1.94292,490,8,0
2024-02-09 04:05:00,1.94292,1.94316,1.9427400000000001,1.94282,380,8,0
2024-02-09 04:10:00,1.94282,1.94292,1.94266,1.9428800000000002,305,8,0
2024-02-09 04:15:00,1.9428800000000002,1.94295,1.94255,1.94285,382,8,0
2024-02-09 04:20:00,1.94285,1.94286,1.94257,1.94279,336,8,0
2024-02-09 04:25:00,1.94279,1.9431,1.94272,1.94307,286,8,0
2024-02-09 04:30:00,1.94307,1.9433500000000001,1.94293,1.94295,197,8,0
2024-02-09 04:35:00,1.94295,1.94327,1.94286,1.94318,175,8,0
2024-02-09 04:40:00,1.94318,1.94321,1.94306,1.9431699999999998,154,8,0
2024-02-09 04:45:00,1.9431699999999998,1.94345,1.94299,1.94345,274,8,0
2024-02-09 04:50:00,1.94345,1.94352,1.94325,1.9434399999999998,208,8,0
2024-02-09 04:55:00,1.9434399999999998,1.9435799999999999,1.9433099999999999,1.94354,217,8,0
2024-02-09 05:00:00,1.94354,1.94359,1.94337,1.9433799999999999,195,8,0
2024-02-09 05:05:00,1.94336,1.94355,1.94319,1.9432,147,8,0
2024-02-09 05:10:00,1.9432,1.94333,1.94303,1.94313,196,8,0
2024-02-09 05:15:00,1.94313,1.94332,1.94312,1.94318,185,8,0
2024-02-09 05:20:00,1.94319,1.94337,1.94313,1.9431500000000002,220,8,0
2024-02-09 05:25:00,1.9431500000000002,1.94329,1.94291,1.9429699999999999,217,8,0
2024-02-09 05:30:00,1.9429699999999999,1.94319,1.94285,1.94307,285,8,0
2024-02-09 05:35:00,1.9430800000000001,1.94321,1.94286,1.94298,286,8,0
2024-02-09 05:40:00,1.94298,1.94323,1.9428999999999998,1.94316,208,8,0
2024-02-09 05:45:00,1.94316,1.94323,1.94285,1.94295,223,8,0
2024-02-09 05:50:00,1.94295,1.94323,1.94293,1.9431,275,8,0
2024-02-09 05:55:00,1.9431,1.94321,1.9428100000000001,1.94284,366,8,0
2024-02-09 06:00:00,1.94284,1.94291,1.9426299999999999,1.94279,198,8,0
2024-02-09 06:05:00,1.9428,1.94282,1.94261,1.9426299999999999,127,8,0
2024-02-09 06:10:00,1.9426299999999999,1.94265,1.94176,1.9417900000000001,362,8,0
2024-02-09 06:15:00,1.9417900000000001,1.94187,1.94165,1.94187,193,8,0
2024-02-09 06:20:00,1.9418600000000001,1.942,1.94174,1.94183,173,8,0
2024-02-09 06:25:00,1.94183,1.9419300000000002,1.9417200000000001,1.94176,245,8,0
2024-02-09 06:30:00,1.94176,1.94208,1.94174,1.94205,377,8,0
2024-02-09 06:35:00,1.94204,1.94214,1.94176,1.94177,372,8,0
2024-02-09 06:40:00,1.94177,1.94199,1.94167,1.9419499999999998,239,8,0
2024-02-09 06:45:00,1.9419499999999998,1.9419499999999998,1.94156,1.94177,341,8,0
2024-02-09 06:50:00,1.94177,1.94194,1.9416799999999999,1.94181,353,8,0
2024-02-09 06:55:00,1.94181,1.9418199999999999,1.9414500000000001,1.9415900000000001,346,8,0
2024-02-09 07:00:00,1.94158,1.9416099999999998,1.94051,1.9407,841,8,0
2024-02-09 07:05:00,1.9407,1.94109,1.94052,1.94101,691,8,0
2024-02-09 07:10:00,1.94102,1.9416099999999998,1.94099,1.94151,608,8,0
2024-02-09 07:15:00,1.94151,1.94162,1.94058,1.9407100000000002,649,8,0
2024-02-09 07:20:00,1.9407100000000002,1.94092,1.94051,1.94068,662,8,0
2024-02-09 07:25:00,1.94067,1.94067,1.94027,1.94042,551,8,0
2024-02-09 07:30:00,1.94042,1.94074,1.9402300000000001,1.94072,737,8,0
2024-02-09 07:35:00,1.94072,1.94086,1.94063,1.94063,514,8,0
2024-02-09 07:40:00,1.94063,1.94095,1.94052,1.94079,605,8,0
2024-02-09 07:45:00,1.94085,1.94151,1.9408400000000001,1.94146,437,8,0
2024-02-09 07:50:00,1.94146,1.9419499999999998,1.94137,1.94188,559,8,0
2024-02-09 07:55:00,1.94189,1.94208,1.9417499999999999,1.94187,486,8,0
2024-02-09 08:00:00,1.94187,1.94225,1.9416799999999999,1.94207,830,8,0
2024-02-09 08:05:00,1.94207,1.94208,1.94149,1.9420199999999999,878,8,0
2024-02-09 08:10:00,1.9420199999999999,1.94238,1.9418,1.9421599999999999,954,8,0
2024-02-09 08:15:00,1.9421599999999999,1.9425,1.9418199999999999,1.94184,950,8,0
2024-02-09 08:20:00,1.94184,1.94214,1.94163,1.9417,958,8,0
2024-02-09 08:25:00,1.9417,1.94204,1.9414799999999999,1.9415200000000001,1118,8,0
2024-02-09 08:30:00,1.9415200000000001,1.94203,1.94139,1.94174,933,8,0
2024-02-09 08:35:00,1.94176,1.94197,1.9413399999999998,1.94147,843,8,0
2024-02-09 08:40:00,1.94147,1.94191,1.94104,1.94156,858,8,0
2024-02-09 08:45:00,1.94156,1.94158,1.94051,1.9405700000000001,754,8,0
2024-02-09 08:50:00,1.9405700000000001,1.94164,1.94051,1.94075,713,8,0
2024-02-09 08:55:00,1.94068,1.94081,1.9395,1.93952,804,8,0
2024-02-09 09:00:00,1.93953,1.9395799999999999,1.93822,1.93825,1139,8,0
2024-02-09 09:05:00,1.93825,1.93828,1.93756,1.9379499999999998,897,8,0
2024-02-09 09:10:00,1.9379499999999998,1.9386700000000001,1.93784,1.93834,842,8,0
2024-02-09 09:15:00,1.93834,1.93876,1.93826,1.93841,811,8,0
2024-02-09 09:20:00,1.93841,1.9386299999999999,1.93737,1.93742,807,8,0
2024-02-09 09:25:00,1.93742,1.93743,1.93692,1.9371,820,8,0
2024-02-09 09:30:00,1.9371,1.93765,1.93695,1.9375900000000001,740,8,0
2024-02-09 09:35:00,1.9375900000000001,1.93773,1.93676,1.93686,889,8,0
2024-02-09 09:40:00,1.93686,1.93757,1.93661,1.93753,775,8,0
2024-02-09 09:45:00,1.93754,1.93778,1.9369,1.93719,698,8,0
2024-02-09 09:50:00,1.93719,1.9374500000000001,1.93689,1.93701,652,8,0
2024-02-09 09:55:00,1.93701,1.93796,1.93701,1.93789,836,8,0
2024-02-09 10:00:00,1.93789,1.93821,1.93772,1.9381300000000001,754,8,0
2024-02-09 10:05:00,1.93814,1.93825,1.93761,1.9376600000000002,643,8,0
2024-02-09 10:10:00,1.9376600000000002,1.9378,1.93751,1.93754,566,8,0
2024-02-09 10:15:00,1.93754,1.9381,1.93749,1.93756,624,8,0
2024-02-09 10:20:00,1.93756,1.93758,1.9371,1.93727,473,8,0
2024-02-09 10:25:00,1.93727,1.9379499999999998,1.93716,1.93794,761,8,0
2024-02-09 10:30:00,1.93794,1.93821,1.93769,1.9378,710,8,0
2024-02-09 10:35:00,1.9378,1.93794,1.9374500000000001,1.93765,558,8,0
2024-02-09 10:40:00,1.93765,1.9376799999999998,1.9372,1.9373,464,8,0
2024-02-09 10:45:00,1.93731,1.93744,1.9370699999999998,1.93711,485,8,0
2024-02-09 10:50:00,1.93711,1.9374799999999999,1.93689,1.93701,562,8,0
2024-02-09 10:55:00,1.93701,1.93713,1.93693,1.93697,519,8,0
2024-02-09 11:00:00,1.93697,1.937,1.9365,1.9365299999999999,680,8,0
2024-02-09 11:05:00,1.9365299999999999,1.93662,1.93616,1.93631,720,8,0
2024-02-09 11:10:00,1.93631,1.93656,1.93627,1.93629,568,8,0
2024-02-09 11:15:00,1.93629,1.93645,1.9359899999999999,1.9362,627,8,0
2024-02-09 11:20:00,1.9362,1.9363899999999998,1.93598,1.9360300000000001,427,8,0
2024-02-09 11:25:00,1.9360300000000001,1.93674,1.9359899999999999,1.93647,509,8,0
2024-02-09 11:30:00,1.93648,1.93702,1.93635,1.93699,531,8,0
2024-02-09 11:35:00,1.93699,1.93699,1.93629,1.93631,579,8,0
2024-02-09 11:40:00,1.93631,1.9366400000000001,1.93615,1.93655,518,8,0
2024-02-09 11:45:00,1.93655,1.93696,1.93655,1.93668,451,8,0
2024-02-09 11:50:00,1.93668,1.9370500000000002,1.93662,1.93675,541,8,0
2024-02-09 11:55:00,1.93675,1.9369399999999999,1.9361899999999999,1.9363899999999998,625,8,0
2024-02-09 12:00:00,1.9363899999999998,1.93647,1.93587,1.93601,697,8,0
2024-02-09 12:05:00,1.93601,1.93614,1.93563,1.93607,602,8,0
2024-02-09 12:10:00,1.93607,1.9367999999999999,1.93597,1.93662,603,8,0
2024-02-09 12:15:00,1.93663,1.9368699999999999,1.9365,1.93672,603,8,0
2024-02-09 12:20:00,1.93672,1.9367999999999999,1.9362599999999999,1.93647,534,8,0
2024-02-09 12:25:00,1.93647,1.93663,1.93587,1.93591,723,8,0
2024-02-09 12:30:00,1.93591,1.9361000000000002,1.93567,1.93587,682,8,0
2024-02-09 12:35:00,1.93587,1.93611,1.93584,1.9359199999999999,626,8,0
2024-02-09 12:40:00,1.93593,1.93606,1.93553,1.9357600000000001,647,8,0
2024-02-09 12:45:00,1.93577,1.93582,1.93554,1.93564,683,8,0
2024-02-09 12:50:00,1.93564,1.93607,1.93561,1.9358499999999998,814,8,0
2024-02-09 12:55:00,1.93584,1.93636,1.93579,1.93609,755,8,0
2024-02-09 13:00:00,1.93609,1.93652,1.93588,1.9363700000000001,922,8,0
2024-02-09 13:05:00,1.9363700000000001,1.93648,1.93586,1.93605,965,8,0
2024-02-09 13:10:00,1.93604,1.93642,1.9359899999999999,1.93605,925,8,0
2024-02-09 13:15:00,1.93605,1.93628,1.93571,1.9357600000000001,758,8,0
2024-02-09 13:20:00,1.9357600000000001,1.93643,1.9356900000000001,1.93601,1021,8,0
2024-02-09 13:25:00,1.93601,1.93643,1.9359,1.93631,754,8,0
2024-02-09 13:30:00,1.93631,1.93632,1.93344,1.93432,2778,8,0
2024-02-09 13:35:00,1.93431,1.93613,1.93423,1.93545,2565,8,0
2024-02-09 13:40:00,1.93545,1.93575,1.9347400000000001,1.93483,2132,8,0
2024-02-09 13:45:00,1.93483,1.9353500000000001,1.9346700000000001,1.9351099999999999,1823,8,0
2024-02-09 13:50:00,1.9350800000000001,1.93534,1.9348100000000001,1.9351,1739,8,0
2024-02-09 13:55:00,1.93507,1.93533,1.93441,1.93495,1391,8,0
2024-02-09 14:00:00,1.93494,1.93547,1.9347400000000001,1.93537,1606,8,0
2024-02-09 14:05:00,1.93537,1.93541,1.93432,1.93475,1503,8,0
2024-02-09 14:10:00,1.93475,1.93526,1.9346,1.9352200000000002,1249,8,0
2024-02-09 14:15:00,1.93523,1.9359899999999999,1.93506,1.93593,1357,8,0
2024-02-09 14:20:00,1.93593,1.9368400000000001,1.93587,1.9367,1392,8,0
2024-02-09 14:25:00,1.93669,1.93729,1.93651,1.93692,1295,8,0
2024-02-09 14:30:00,1.9369399999999999,1.93764,1.93679,1.93751,1820,8,0
2024-02-09 14:35:00,1.9375200000000001,1.9376799999999998,1.93652,1.93695,1779,8,0
2024-02-09 14:40:00,1.93695,1.93704,1.93629,1.93693,1419,8,0
2024-02-09 14:45:00,1.93692,1.93747,1.93677,1.9371399999999999,1325,8,0
2024-02-09 14:50:00,1.93715,1.93736,1.9367,1.93683,1382,8,0
2024-02-09 14:55:00,1.93683,1.9376600000000002,1.93677,1.9368699999999999,1215,8,0
2024-02-09 15:00:00,1.93686,1.93702,1.9362300000000001,1.93689,1342,8,0
2024-02-09 15:05:00,1.93689,1.9377900000000001,1.9366400000000001,1.93753,1268,8,0
2024-02-09 15:10:00,1.93754,1.93774,1.93739,1.93757,1113,8,0
2024-02-09 15:15:00,1.93757,1.93791,1.9373,1.9377900000000001,1225,8,0
2024-02-09 15:20:00,1.9377900000000001,1.9384000000000001,1.9377,1.93823,1266,8,0
2024-02-09 15:25:00,1.93823,1.9384299999999999,1.93773,1.93825,910,8,0
2024-02-09 15:30:00,1.93824,1.93882,1.93817,1.93875,1162,8,0
2024-02-09 15:35:00,1.93875,1.93899,1.93818,1.93818,948,8,0
2024-02-09 15:40:00,1.93818,1.9394200000000001,1.9380899999999999,1.93934,919,8,0
2024-02-09 15:45:00,1.93934,1.93953,1.93862,1.93884,935,8,0
2024-02-09 15:50:00,1.93884,1.9389699999999999,1.9379,1.93796,958,8,0
2024-02-09 15:55:00,1.93796,1.93818,1.9376600000000002,1.93767,1016,8,0
2024-02-09 16:00:00,1.9376799999999998,1.93821,1.9375200000000001,1.93804,1006,8,0
2024-02-09 16:05:00,1.93804,1.93819,1.93754,1.9377,989,8,0
2024-02-09 16:10:00,1.93769,1.9380600000000001,1.9376,1.9379300000000002,887,8,0
2024-02-09 16:15:00,1.9379300000000002,1.93799,1.93706,1.93723,800,8,0
2024-02-09 16:20:00,1.93723,1.93727,1.93669,1.93681,624,8,0
2024-02-09 16:25:00,1.93681,1.93717,1.93672,1.93711,604,8,0
2024-02-09 16:30:00,1.93711,1.93738,1.9369,1.93724,843,8,0
2024-02-09 16:35:00,1.9372500000000001,1.93805,1.9372,1.9379,845,8,0
2024-02-09 16:40:00,1.9379,1.9384700000000001,1.93778,1.93828,769,8,0
2024-02-09 16:45:00,1.93828,1.93834,1.938,1.93808,735,8,0
2024-02-09 16:50:00,1.93808,1.93821,1.9377900000000001,1.93797,741,8,0
2024-02-09 16:55:00,1.93796,1.93832,1.9377,1.93783,700,8,0
2024-02-09 17:00:00,1.93783,1.93823,1.9378,1.9381300000000001,611,8,0
2024-02-09 17:05:00,1.9381300000000001,1.93819,1.9378199999999999,1.93803,556,8,0
2024-02-09 17:10:00,1.93803,1.93805,1.9373399999999998,1.93743,449,8,0
2024-02-09 17:15:00,1.93743,1.9379,1.93735,1.9378199999999999,468,8,0
2024-02-09 17:20:00,1.9378199999999999,1.93796,1.93767,1.93781,407,8,0
2024-02-09 17:25:00,1.9378,1.93794,1.93765,1.9378600000000001,516,8,0
2024-02-09 17:30:00,1.9378600000000001,1.93799,1.93757,1.93765,496,8,0
2024-02-09 17:35:00,1.93765,1.93787,1.9375900000000001,1.9378199999999999,515,8,0
2024-02-09 17:40:00,1.9378199999999999,1.93804,1.9376600000000002,1.93788,424,8,0
2024-02-09 17:45:00,1.93787,1.9380899999999999,1.93772,1.938,458,8,0
2024-02-09 17:50:00,1.938,1.9380199999999999,1.93774,1.9378,402,8,0
2024-02-09 17:55:00,1.9378,1.93784,1.93735,1.9375200000000001,396,8,0
2024-02-09 18:00:00,1.9375200000000001,1.9378199999999999,1.93742,1.9375200000000001,458,8,0
2024-02-09 18:05:00,1.9375200000000001,1.93754,1.9372,1.93724,485,8,0
2024-02-09 18:10:00,1.93724,1.93742,1.93711,1.93717,352,8,0
2024-02-09 18:15:00,1.93717,1.93736,1.9370699999999998,1.9373,359,8,0
2024-02-09 18:20:00,1.93731,1.9373399999999998,1.93689,1.93697,461,8,0
2024-02-09 18:25:00,1.93697,1.93712,1.9368400000000001,1.93695,395,8,0
2024-02-09 18:30:00,1.93697,1.9373399999999998,1.93682,1.9372500000000001,346,8,0
2024-02-09 18:35:00,1.9372500000000001,1.93771,1.93719,1.9372099999999999,410,8,0
2024-02-09 18:40:00,1.9372099999999999,1.93761,1.9371800000000001,1.93751,315,8,0
2024-02-09 18:45:00,1.93751,1.93783,1.9374799999999999,1.93765,296,8,0
2024-02-09 18:50:00,1.93765,1.93783,1.93738,1.93746,373,8,0
2024-02-09 18:55:00,1.93746,1.93753,1.93709,1.93712,404,8,0
2024-02-09 19:00:00,1.93712,1.9373,1.93704,1.93724,441,8,0
2024-02-09 19:05:00,1.93724,1.9373200000000002,1.9370699999999998,1.9373200000000002,316,8,0
2024-02-09 19:10:00,1.93733,1.93739,1.93701,1.93703,288,8,0
2024-02-09 19:15:00,1.93703,1.93703,1.93672,1.93677,292,8,0
2024-02-09 19:20:00,1.93677,1.9369,1.9366400000000001,1.93681,280,8,0
2024-02-09 19:25:00,1.93681,1.93681,1.93656,1.93678,232,8,0
2024-02-09 19:30:00,1.93678,1.9370699999999998,1.9367299999999998,1.93674,207,8,0
2024-02-09 19:35:00,1.93674,1.93702,1.9367299999999998,1.93689,173,8,0
2024-02-09 19:40:00,1.93689,1.9369,1.93669,1.93683,224,8,0
2024-02-09 19:45:00,1.93681,1.93686,1.93662,1.9366400000000001,290,8,0
2024-02-09 19:50:00,1.9366400000000001,1.93668,1.9364,1.93658,387,8,0
2024-02-09 19:55:00,1.93658,1.93672,1.93649,1.93666,580,8,0
2024-02-09 20:00:00,1.93668,1.93697,1.93652,1.9366400000000001,581,8,0
2024-02-09 20:05:00,1.93665,1.93668,1.93638,1.93656,415,8,0
2024-02-09 20:10:00,1.93656,1.93668,1.93645,1.93651,350,8,0
2024-02-09 20:15:00,1.93651,1.93677,1.93614,1.93629,424,8,0
2024-02-09 20:20:00,1.93629,1.93649,1.93616,1.93622,375,8,0
2024-02-09 20:25:00,1.93621,1.93651,1.93621,1.93635,457,8,0
2024-02-09 20:30:00,1.93635,1.93685,1.93627,1.93675,390,8,0
2024-02-09 20:35:00,1.93677,1.9368400000000001,1.93636,1.93652,400,8,0
2024-02-09 20:40:00,1.9365299999999999,1.93656,1.93631,1.9363299999999999,421,8,0
2024-02-09 20:45:00,1.9363299999999999,1.93651,1.9362,1.93641,507,8,0
2024-02-09 20:50:00,1.9364,1.93642,1.93604,1.93613,566,8,0
2024-02-09 20:55:00,1.93613,1.93613,1.9354900000000002,1.9355799999999999,488,8,0
2024-02-09 21:00:00,1.9355799999999999,1.93606,1.93556,1.93606,261,8,0
2024-02-09 21:05:00,1.93606,1.9361000000000002,1.93589,1.9359,255,8,0
2024-02-09 21:10:00,1.9359,1.93622,1.93589,1.93611,326,8,0
2024-02-09 21:15:00,1.93609,1.93641,1.93607,1.93627,331,8,0
2024-02-09 21:20:00,1.93629,1.93629,1.9359899999999999,1.9361000000000002,212,8,0
2024-02-09 21:25:00,1.9361000000000002,1.93611,1.9357799999999998,1.93587,395,8,0
2024-02-09 21:30:00,1.93587,1.9359199999999999,1.93529,1.9353500000000001,198,8,0
2024-02-09 21:35:00,1.9353500000000001,1.93589,1.93533,1.9357199999999999,199,9,0
2024-02-09 21:40:00,1.9357199999999999,1.93593,1.93557,1.93557,321,8,0
2024-02-09 21:45:00,1.9355099999999998,1.93589,1.93546,1.9356499999999999,409,8,0
2024-02-09 21:50:00,1.93564,1.93584,1.93555,1.9358300000000002,243,8,0
2024-02-11 22:05:00,1.9347699999999999,1.9352800000000001,1.9346100000000002,1.93521,26,250,0
2024-02-11 22:10:00,1.93521,1.9364599999999998,1.93494,1.9352200000000002,37,142,0
2024-02-11 22:15:00,1.9352200000000002,1.9359199999999999,1.9352,1.93588,38,185,0
2024-02-11 22:20:00,1.93588,1.93588,1.93547,1.93554,57,217,0
2024-02-11 22:25:00,1.93554,1.93577,1.93554,1.93574,10,228,0
2024-02-11 22:30:00,1.93574,1.9359899999999999,1.9350100000000001,1.9355099999999998,56,201,0
2024-02-11 22:35:00,1.9355099999999998,1.93591,1.9346999999999999,1.93554,53,137,0
2024-02-11 22:40:00,1.93548,1.93608,1.9346999999999999,1.9346999999999999,75,105,0
2024-02-11 22:45:00,1.9347699999999999,1.9362599999999999,1.93441,1.93516,76,48,0
2024-02-11 22:50:00,1.93516,1.93624,1.93422,1.93475,87,122,0
2024-02-11 22:55:00,1.93475,1.93642,1.93472,1.9362300000000001,84,146,0
2024-02-11 23:00:00,1.9362300000000001,1.93695,1.93556,1.93666,331,8,0
2024-02-11 23:05:00,1.93668,1.93716,1.93667,1.9371,301,8,0
2024-02-11 23:10:00,1.93711,1.93767,1.93703,1.9374,383,8,0
2024-02-11 23:15:00,1.9374,1.93758,1.93675,1.9370699999999998,402,8,0
2024-02-11 23:20:00,1.9370699999999998,1.93733,1.93702,1.9372099999999999,360,8,0
2024-02-11 23:25:00,1.9372099999999999,1.9372099999999999,1.9362300000000001,1.9363899999999998,263,8,0
2024-02-11 23:30:00,1.93638,1.93688,1.93624,1.93649,663,8,0
2024-02-11 23:35:00,1.93649,1.93675,1.93634,1.93675,403,8,0
2024-02-11 23:40:00,1.93675,1.93675,1.9361899999999999,1.93632,336,8,0
2024-02-11 23:45:00,1.93632,1.93649,1.93608,1.93628,279,8,0
2024-02-11 23:50:00,1.93628,1.9365999999999999,1.93628,1.9365999999999999,213,8,0
2024-02-11 23:55:00,1.9365999999999999,1.93681,1.93659,1.93674,292,8,0
2024-02-12 00:00:00,1.93674,1.9368400000000001,1.93638,1.9365299999999999,400,8,0
2024-02-12 00:05:00,1.9365299999999999,1.93682,1.93638,1.93662,439,8,0
2024-02-12 00:10:00,1.93663,1.9369399999999999,1.9364400000000002,1.93654,504,8,0
2024-02-12 00:15:00,1.93655,1.93686,1.9365299999999999,1.93686,390,8,0
2024-02-12 00:20:00,1.9368699999999999,1.9368699999999999,1.93641,1.93656,356,8,0
2024-02-12 00:25:00,1.93656,1.93659,1.93606,1.9361000000000002,370,8,0
2024-02-12 00:30:00,1.93611,1.93636,1.9360300000000001,1.9362599999999999,350,8,0
2024-02-12 00:35:00,1.9362599999999999,1.9365999999999999,1.93595,1.93622,418,8,0
2024-02-12 00:40:00,1.93621,1.93632,1.93601,1.93624,348,8,0
2024-02-12 00:45:00,1.93624,1.93652,1.93615,1.9363299999999999,415,8,0
2024-02-12 00:50:00,1.9363299999999999,1.93648,1.93618,1.93627,378,8,0
2024-02-12 00:55:00,1.93627,1.9365299999999999,1.93617,1.93617,390,8,0
2024-02-12 01:00:00,1.93617,1.9363899999999998,1.93597,1.9362300000000001,454,8,0
2024-02-12 01:05:00,1.9362300000000001,1.9367100000000002,1.9362300000000001,1.93654,358,8,0
2024-02-12 01:10:00,1.93655,1.93693,1.93648,1.9368699999999999,409,8,0
2024-02-12 01:15:00,1.9368699999999999,1.9369800000000001,1.93627,1.93658,353,8,0
2024-02-12 01:20:00,1.93658,1.93658,1.9363299999999999,1.93641,294,8,0
2024-02-12 01:25:00,1.93641,1.93665,1.93635,1.93659,234,8,0
2024-02-12 01:30:00,1.93658,1.93658,1.9358499999999998,1.936,334,8,0
2024-02-12 01:35:00,1.93601,1.93625,1.9359199999999999,1.93605,355,8,0
2024-02-12 01:40:00,1.93605,1.9362300000000001,1.93597,1.93609,292,8,0
2024-02-12 01:45:00,1.93609,1.9364599999999998,1.93601,1.93642,301,8,0
2024-02-12 01:50:00,1.93642,1.93658,1.93627,1.93658,236,8,0
2024-02-12 01:55:00,1.93658,1.93663,1.93629,1.93648,303,8,0
2024-02-12 02:00:00,1.93649,1.93668,1.93607,1.9364599999999998,427,8,0
2024-02-12 02:05:00,1.9364599999999998,1.93678,1.93634,1.9367299999999998,230,8,0
2024-02-12 02:10:00,1.9367299999999998,1.9369,1.93659,1.9369,240,8,0
2024-02-12 02:15:00,1.9369,1.93693,1.93663,1.93681,210,8,0
2024-02-12 02:20:00,1.93681,1.93717,1.93681,1.93711,210,8,0
2024-02-12 02:25:00,1.93711,1.93723,1.93701,1.9371800000000001,220,8,0
2024-02-12 02:30:00,1.9371800000000001,1.93722,1.9368699999999999,1.93693,311,8,0
2024-02-12 02:35:00,1.93693,1.93704,1.93681,1.9369800000000001,189,8,0
2024-02-12 02:40:00,1.93697,1.93703,1.93686,1.93689,262,8,0
2024-02-12 02:45:00,1.93689,1.9370500000000002,1.93685,1.9369399999999999,164,8,0
2024-02-12 02:50:00,1.9369399999999999,1.93699,1.93629,1.93635,194,8,0
2024-02-12 02:55:00,1.93635,1.93662,1.93631,1.93658,204,8,0
2024-02-12 03:00:00,1.93658,1.93678,1.93651,1.93676,180,8,0
2024-02-12 03:05:00,1.93676,1.9367999999999999,1.93656,1.93661,188,8,0
2024-02-12 03:10:00,1.93661,1.93677,1.93649,1.93663,185,8,0
2024-02-12 03:15:00,1.9366400000000001,1.9368400000000001,1.93656,1.93683,189,8,0
2024-02-12 03:20:00,1.93682,1.9371800000000001,1.93675,1.9371399999999999,227,8,0
2024-02-12 03:25:00,1.9371399999999999,1.93758,1.93699,1.93753,297,8,0
2024-02-12 03:30:00,1.93753,1.93758,1.93739,1.93753,215,8,0
2024-02-12 03:35:00,1.93753,1.9380600000000001,1.93737,1.93777,322,8,0
2024-02-12 03:40:00,1.93777,1.9377900000000001,1.9374099999999999,1.93762,251,8,0
2024-02-12 03:45:00,1.93762,1.93765,1.9371800000000001,1.9372,231,8,0
2024-02-12 03:50:00,1.9372,1.9373399999999998,1.9369800000000001,1.93716,272,8,0
2024-02-12 03:55:00,1.93716,1.93736,1.93703,1.93703,298,8,0
2024-02-12 04:00:00,1.93703,1.9370500000000002,1.93675,1.93688,233,8,0
2024-02-12 04:05:00,1.93688,1.93689,1.93645,1.93658,267,8,0
2024-02-12 04:10:00,1.93658,1.93723,1.9365299999999999,1.93719,303,8,0
2024-02-12 04:15:00,1.93719,1.93736,1.93701,1.93717,262,8,0
2024-02-12 04:20:00,1.93717,1.93769,1.9371399999999999,1.9376,272,8,0
2024-02-12 04:25:00,1.9376,1.93798,1.9376,1.9378199999999999,175,8,0
2024-02-12 04:30:00,1.9378199999999999,1.9378199999999999,1.93742,1.93749,204,8,0
2024-02-12 04:35:00,1.93749,1.93751,1.9372500000000001,1.9374099999999999,199,8,0
2024-02-12 04:40:00,1.9374,1.93778,1.93739,1.9376600000000002,195,8,0
2024-02-12 04:45:00,1.9376600000000002,1.9377,1.93736,1.93757,188,8,0
2024-02-12 04:50:00,1.93757,1.93794,1.93751,1.93788,298,8,0
2024-02-12 04:55:00,1.93787,1.93805,1.93774,1.9377900000000001,204,8,0
2024-02-12 05:00:00,1.93778,1.93791,1.9375,1.9376799999999998,250,8,0
2024-02-12 05:05:00,1.9376799999999998,1.93778,1.93761,1.93762,139,8,0
2024-02-12 05:10:00,1.93762,1.93778,1.9375900000000001,1.93771,161,8,0
2024-02-12 05:15:00,1.93771,1.93783,1.93763,1.9377499999999999,194,8,0
2024-02-12 05:20:00,1.9377499999999999,1.93777,1.9373200000000002,1.93737,204,8,0
2024-02-12 05:25:00,1.93737,1.9375,1.93708,1.93719,161,8,0
2024-02-12 05:30:00,1.93719,1.93754,1.93719,1.93749,194,8,0
2024-02-12 05:35:00,1.93749,1.9376799999999998,1.93738,1.93747,208,8,0
2024-02-12 05:40:00,1.93747,1.9375,1.9372099999999999,1.93728,134,8,0
2024-02-12 05:45:00,1.93728,1.9375,1.93728,1.9373200000000002,151,8,0
2024-02-12 05:50:00,1.93731,1.9373399999999998,1.93719,1.9373,124,8,0
2024-02-12 05:55:00,1.9373,1.93738,1.9371800000000001,1.93733,246,8,0
2024-02-12 06:00:00,1.9373200000000002,1.9376,1.93717,1.93724,171,8,0
2024-02-12 06:05:00,1.93724,1.9373200000000002,1.93663,1.93665,236,8,0
2024-02-12 06:10:00,1.93665,1.93702,1.93665,1.93693,253,8,0
2024-02-12 06:15:00,1.93693,1.93706,1.93686,1.93689,166,8,0
2024-02-12 06:20:00,1.93689,1.93701,1.9367,1.9369,168,8,0
2024-02-12 06:25:00,1.9369,1.937,1.93686,1.93692,103,8,0
2024-02-12 06:30:00,1.93692,1.93695,1.93659,1.93666,228,8,0
2024-02-12 06:35:00,1.93666,1.93709,1.93666,1.93709,174,8,0
2024-02-12 06:40:00,1.93709,1.93709,1.93667,1.9367299999999998,144,8,0
2024-02-12 06:45:00,1.9367299999999998,1.93692,1.9366400000000001,1.9367100000000002,177,8,0
2024-02-12 06:50:00,1.9367100000000002,1.93697,1.93665,1.9369399999999999,144,8,0
2024-02-12 06:55:00,1.9369399999999999,1.93701,1.93667,1.93686,174,8,0
2024-02-12 07:00:00,1.93686,1.93735,1.93685,1.93693,612,8,0
2024-02-12 07:05:00,1.93693,1.93727,1.93682,1.93682,582,8,0
2024-02-12 07:10:00,1.93682,1.9369100000000001,1.9364599999999998,1.9368400000000001,439,8,0
2024-02-12 07:15:00,1.9368400000000001,1.9369800000000001,1.9365,1.93661,506,8,0
2024-02-12 07:20:00,1.93661,1.93693,1.93624,1.93675,674,8,0
2024-02-12 07:25:00,1.93675,1.9372099999999999,1.9367100000000002,1.93712,735,8,0
2024-02-12 07:30:00,1.93712,1.93715,1.93674,1.93683,684,8,0
2024-02-12 07:35:00,1.93683,1.93692,1.93662,1.93677,610,8,0
2024-02-12 07:40:00,1.93677,1.93678,1.9362599999999999,1.93631,620,8,0
2024-02-12 07:45:00,1.93631,1.93686,1.93615,1.93678,603,8,0
2024-02-12 07:50:00,1.93677,1.93764,1.93666,1.93753,669,8,0
2024-02-12 07:55:00,1.93753,1.9379,1.9374,1.93784,998,8,0
2024-02-12 08:00:00,1.93784,1.93857,1.93769,1.93848,1245,8,0
2024-02-12 08:05:00,1.93848,1.93869,1.93772,1.93772,863,8,0
2024-02-12 08:10:00,1.93773,1.93781,1.9373,1.93747,848,8,0
2024-02-12 08:15:00,1.93747,1.9377,1.93683,1.93696,1005,8,0
2024-02-12 08:20:00,1.93696,1.9375900000000001,1.93682,1.93689,920,8,0
2024-02-12 08:25:00,1.93686,1.9372500000000001,1.93629,1.93719,1120,8,0
2024-02-12 08:30:00,1.93719,1.9372099999999999,1.93651,1.93688,1007,8,0
2024-02-12 08:35:00,1.93688,1.9378,1.93683,1.9374099999999999,756,8,0
2024-02-12 08:40:00,1.93742,1.9374500000000001,1.93685,1.9372,849,8,0
2024-02-12 08:45:00,1.9372,1.93758,1.9369,1.9373399999999998,655,8,0
2024-02-12 08:50:00,1.9373399999999998,1.93756,1.93706,1.9372099999999999,817,8,0
2024-02-12 08:55:00,1.9372099999999999,1.9377900000000001,1.9370699999999998,1.9376600000000002,679,8,0
2024-02-12 09:00:00,1.9376600000000002,1.9381599999999999,1.9375499999999999,1.9377499999999999,805,8,0
2024-02-12 09:05:00,1.9377499999999999,1.93807,1.93739,1.93803,642,8,0
2024-02-12 09:10:00,1.93803,1.93815,1.93746,1.93794,638,8,0
2024-02-12 09:15:00,1.93794,1.93811,1.93726,1.93736,705,8,0
2024-02-12 09:20:00,1.93736,1.938,1.9373200000000002,1.93778,650,8,0
2024-02-12 09:25:00,1.93778,1.93794,1.9375499999999999,1.93761,547,8,0
2024-02-12 09:30:00,1.93761,1.93771,1.9372,1.93736,514,8,0
2024-02-12 09:35:00,1.93736,1.93776,1.9372500000000001,1.93774,690,8,0
2024-02-12 09:40:00,1.93774,1.93788,1.9371800000000001,1.93739,605,8,0
2024-02-12 09:45:00,1.93739,1.93751,1.93667,1.93689,510,8,0
2024-02-12 09:50:00,1.93689,1.9376,1.9368699999999999,1.9375,458,8,0
2024-02-12 09:55:00,1.9375,1.9375900000000001,1.9366400000000001,1.93682,518,8,0
2024-02-12 10:00:00,1.93681,1.93751,1.93666,1.9373200000000002,642,8,0
2024-02-12 10:05:00,1.9373200000000002,1.93738,1.93675,1.93676,767,8,0
2024-02-12 10:10:00,1.93675,1.9369800000000001,1.93645,1.93655,549,8,0
2024-02-12 10:15:00,1.93655,1.93663,1.9359,1.936,573,8,0
2024-02-12 10:20:00,1.936,1.93621,1.93548,1.93554,635,8,0
2024-02-12 10:25:00,1.93554,1.93601,1.93552,1.93595,575,8,0
2024-02-12 10:30:00,1.93595,1.93604,1.93566,1.93595,469,8,0
2024-02-12 10:35:00,1.93593,1.93601,1.93554,1.9356900000000001,502,8,0
2024-02-12 10:40:00,1.9356900000000001,1.9358,1.93546,1.93566,464,8,0
2024-02-12 10:45:00,1.93566,1.93587,1.9352200000000002,1.93566,454,8,0
2024-02-12 10:50:00,1.93567,1.9357600000000001,1.93532,1.9353799999999999,488,8,0
2024-02-12 10:55:00,1.9353799999999999,1.93544,1.9350399999999999,1.93527,529,8,0
2024-02-12 11:00:00,1.93527,1.9352800000000001,1.93471,1.93495,633,8,0
2024-02-12 11:05:00,1.93495,1.9354,1.93489,1.93526,620,8,0
2024-02-12 11:10:00,1.93525,1.9353099999999999,1.9346700000000001,1.93469,594,8,0
2024-02-12 11:15:00,1.93469,1.9347400000000001,1.93425,1.9344999999999999,628,8,0
2024-02-12 11:20:00,1.9344999999999999,1.93478,1.93437,1.93468,641,8,0
2024-02-12 11:25:00,1.93468,1.9349699999999999,1.93453,1.93487,540,8,0
2024-02-12 11:30:00,1.93487,1.93487,1.9344999999999999,1.93455,578,8,0
2024-02-12 11:35:00,1.93455,1.9348800000000002,1.93452,1.93466,619,8,0
2024-02-12 11:40:00,1.9346700000000001,1.93471,1.93363,1.93363,607,8,0
2024-02-12 11:45:00,1.93362,1.93411,1.93343,1.93411,549,8,0
2024-02-12 11:50:00,1.93403,1.93419,1.93384,1.9341599999999999,491,8,0
2024-02-12 11:55:00,1.93415,1.9343599999999999,1.9339,1.93405,580,8,0
2024-02-12 12:00:00,1.93405,1.9344000000000001,1.9338600000000001,1.9342000000000001,716,8,0
2024-02-12 12:05:00,1.9342000000000001,1.93437,1.93398,1.93405,605,8,0
2024-02-12 12:10:00,1.93405,1.93421,1.9335,1.93362,546,8,0
2024-02-12 12:15:00,1.93363,1.93367,1.93336,1.93344,509,8,0
2024-02-12 12:20:00,1.93344,1.9336,1.93311,1.9332,453,8,0
2024-02-12 12:25:00,1.9332,1.9334099999999999,1.93299,1.93313,406,8,0
2024-02-12 12:30:00,1.93313,1.93329,1.9329800000000001,1.93326,523,8,0
2024-02-12 12:35:00,1.93326,1.93363,1.93299,1.93351,425,8,0
2024-02-12 12:40:00,1.93351,1.93363,1.93317,1.93319,513,8,0
2024-02-12 12:45:00,1.9332,1.93338,1.93254,1.93268,565,8,0
2024-02-12 12:50:00,1.93269,1.9330699999999998,1.93259,1.93303,589,8,0
2024-02-12 12:55:00,1.93303,1.93309,1.9327299999999998,1.9327999999999999,748,8,0
2024-02-12 13:00:00,1.9327999999999999,1.93303,1.9327,1.9328699999999999,671,8,0
2024-02-12 13:05:00,1.9328699999999999,1.9331800000000001,1.93265,1.9329100000000001,697,8,0
2024-02-12 13:10:00,1.9329100000000001,1.9334,1.9327999999999999,1.9328699999999999,593,8,0
2024-02-12 13:15:00,1.9328699999999999,1.93293,1.93238,1.93251,709,8,0
2024-02-12 13:20:00,1.93251,1.9332799999999999,1.93242,1.93312,971,8,0
2024-02-12 13:25:00,1.93312,1.93419,1.9330699999999998,1.93415,512,8,0
2024-02-12 13:30:00,1.93415,1.93439,1.9340199999999999,1.93422,717,8,0
2024-02-12 13:35:00,1.93422,1.93426,1.93384,1.93396,628,8,0
2024-02-12 13:40:00,1.93396,1.93432,1.93394,1.93412,763,8,0
2024-02-12 13:45:00,1.93412,1.93434,1.93356,1.93411,728,8,0
2024-02-12 13:50:00,1.93411,1.9343599999999999,1.9339,1.93404,903,8,0
2024-02-12 13:55:00,1.93404,1.93438,1.9338899999999999,1.93408,776,8,0
2024-02-12 14:00:00,1.93408,1.93422,1.93387,1.9339300000000001,758,8,0
2024-02-12 14:05:00,1.9339300000000001,1.93418,1.93378,1.93418,660,8,0
2024-02-12 14:10:00,1.93418,1.93451,1.9341,1.93437,624,8,0
2024-02-12 14:15:00,1.93437,1.93473,1.9342700000000002,1.9346100000000002,658,8,0
2024-02-12 14:20:00,1.9346,1.9350399999999999,1.93444,1.93495,716,8,0
2024-02-12 14:25:00,1.93495,1.93506,1.93473,1.93476,726,8,0
2024-02-12 14:30:00,1.93475,1.9347699999999999,1.93392,1.9344700000000001,1335,8,0
2024-02-12 14:35:00,1.93446,1.93539,1.93446,1.93509,1113,8,0
2024-02-12 14:40:00,1.9350800000000001,1.93526,1.93479,1.93505,996,8,0
2024-02-12 14:45:00,1.93506,1.9351,1.9340000000000002,1.93415,999,8,0
2024-02-12 14:50:00,1.93414,1.9341599999999999,1.93323,1.9333900000000002,936,8,0
2024-02-12 14:55:00,1.9333900000000002,1.93377,1.93324,1.9335200000000001,1010,8,0
2024-02-12 15:00:00,1.93351,1.93394,1.9334500000000001,1.93365,929,8,0
2024-02-12 15:05:00,1.93365,1.93444,1.93357,1.93394,855,8,0
2024-02-12 15:10:00,1.93394,1.93404,1.93357,1.9338,791,8,0
2024-02-12 15:15:00,1.93378,1.9340600000000001,1.93351,1.9338899999999999,882,8,0
2024-02-12 15:20:00,1.9338899999999999,1.93418,1.9336600000000002,1.9337499999999999,961,8,0
2024-02-12 15:25:00,1.9337499999999999,1.9339300000000001,1.93349,1.93356,780,8,0
2024-02-12 15:30:00,1.93356,1.9337,1.93327,1.93347,824,8,0
2024-02-12 15:35:00,1.9334799999999999,1.93372,1.9332799999999999,1.9335200000000001,744,8,0
2024-02-12 15:40:00,1.93351,1.93353,1.9329,1.93317,677,8,0
2024-02-12 15:45:00,1.93317,1.9333399999999998,1.9319600000000001,1.9321199999999998,910,8,0
2024-02-12 15:50:00,1.9321199999999998,1.93245,1.9314900000000002,1.93229,919,8,0
2024-02-12 15:55:00,1.93228,1.93248,1.93164,1.93174,1098,8,0
2024-02-12 16:00:00,1.93175,1.93274,1.9315600000000002,1.9324599999999998,1105,8,0
2024-02-12 16:05:00,1.93245,1.93285,1.9324,1.93258,771,8,0
2024-02-12 16:10:00,1.93258,1.9326699999999999,1.93229,1.93245,717,8,0
2024-02-12 16:15:00,1.93245,1.93262,1.9320300000000001,1.93224,654,8,0
2024-02-12 16:20:00,1.93224,1.93241,1.93197,1.93197,576,8,0
2024-02-12 16:25:00,1.93197,1.93218,1.93173,1.93182,706,8,0
2024-02-12 16:30:00,1.93182,1.93215,1.9317600000000001,1.93188,721,8,0
2024-02-12 16:35:00,1.93188,1.93224,1.93164,1.93222,773,8,0
2024-02-12 16:40:00,1.93222,1.93266,1.9322,1.9323700000000001,750,8,0
2024-02-12 16:45:00,1.9323700000000001,1.9329399999999999,1.93227,1.93269,684,8,0
2024-02-12 16:50:00,1.93269,1.9327,1.93187,1.9319199999999999,573,8,0
2024-02-12 16:55:00,1.9319199999999999,1.93213,1.93173,1.9318499999999998,538,8,0
2024-02-12 17:00:00,1.9318499999999998,1.93218,1.9318,1.9321000000000002,741,8,0
2024-02-12 17:05:00,1.9321000000000002,1.93235,1.93188,1.93227,565,8,0
2024-02-12 17:10:00,1.93227,1.93239,1.9317199999999999,1.9318300000000002,500,8,0
2024-02-12 17:15:00,1.93184,1.93198,1.93147,1.93178,507,8,0
2024-02-12 17:20:00,1.93177,1.9324400000000002,1.93166,1.93222,575,8,0
2024-02-12 17:25:00,1.93222,1.9323299999999999,1.93204,1.93209,614,8,0
2024-02-12 17:30:00,1.93209,1.93249,1.93204,1.93224,684,8,0
2024-02-12 17:35:00,1.93224,1.9326400000000001,1.93214,1.93255,581,8,0
2024-02-12 17:40:00,1.93255,1.93269,1.93194,1.9320300000000001,645,8,0
2024-02-12 17:45:00,1.9320300000000001,1.93227,1.9319600000000001,1.93216,379,8,0
2024-02-12 17:50:00,1.93216,1.9321899999999999,1.9319,1.9319600000000001,405,8,0
2024-02-12 17:55:00,1.9319600000000001,1.9319899999999999,1.93157,1.9319,545,8,0
2024-02-12 18:00:00,1.9319,1.9321899999999999,1.9317600000000001,1.93207,530,8,0
2024-02-12 18:05:00,1.93207,1.93221,1.9318499999999998,1.93211,434,8,0
2024-02-12 18:10:00,1.93211,1.9321700000000002,1.9319,1.93211,467,8,0
2024-02-12 18:15:00,1.93211,1.93218,1.9319899999999999,1.9321000000000002,393,8,0
2024-02-12 18:20:00,1.9321000000000002,1.93218,1.9318,1.9319600000000001,420,8,0
2024-02-12 18:25:00,1.9319600000000001,1.9323299999999999,1.93195,1.93229,579,8,0
2024-02-12 18:30:00,1.93229,1.93236,1.932,1.93222,545,8,0
2024-02-12 18:35:00,1.93222,1.93245,1.9321700000000002,1.93231,659,8,0
2024-02-12 18:40:00,1.93231,1.93249,1.9320599999999999,1.93208,642,8,0
2024-02-12 18:45:00,1.93208,1.93251,1.93193,1.9323299999999999,453,8,0
2024-02-12 18:50:00,1.9323299999999999,1.93289,1.9323299999999999,1.93269,579,8,0
2024-02-12 18:55:00,1.93269,1.9328400000000001,1.9323000000000001,1.93231,443,8,0
2024-02-12 19:00:00,1.9323000000000001,1.9327299999999998,1.9322599999999999,1.9327100000000002,419,8,0
2024-02-12 19:05:00,1.9327100000000002,1.9329399999999999,1.9326400000000001,1.9326400000000001,431,8,0
2024-02-12 19:10:00,1.9326400000000001,1.93295,1.93262,1.93295,441,8,0
2024-02-12 19:15:00,1.93295,1.93365,1.93295,1.9336,757,8,0
2024-02-12 19:20:00,1.9336,1.93384,1.9333200000000001,1.9335,827,8,0
2024-02-12 19:25:00,1.93351,1.93407,1.9334099999999999,1.9338199999999999,533,8,0
2024-02-12 19:30:00,1.9338199999999999,1.93394,1.93354,1.93383,579,8,0
2024-02-12 19:35:00,1.93383,1.93414,1.9336799999999998,1.93396,608,8,0
2024-02-12 19:40:00,1.9339499999999998,1.9341300000000001,1.9338199999999999,1.93404,472,8,0
2024-02-12 19:45:00,1.93404,1.93432,1.9338,1.93396,603,8,0
2024-02-12 19:50:00,1.93396,1.9343,1.9338600000000001,1.93392,746,8,0
2024-02-12 19:55:00,1.93392,1.9342000000000001,1.93374,1.93391,742,8,0
2024-02-12 20:00:00,1.93391,1.93431,1.93372,1.93415,602,8,0
2024-02-12 20:05:00,1.93415,1.93424,1.9338899999999999,1.93391,534,8,0
2024-02-12 20:10:00,1.93391,1.93404,1.93376,1.93378,492,8,0
2024-02-12 20:15:00,1.9337900000000001,1.93401,1.9337499999999999,1.93391,459,8,0
2024-02-12 20:20:00,1.93391,1.9340000000000002,1.93376,1.93392,479,8,0
2024-02-12 20:25:00,1.93392,1.9340600000000001,1.93361,1.93367,425,8,0
2024-02-12 20:30:00,1.93369,1.93384,1.93357,1.93381,426,8,0
2024-02-12 20:35:00,1.93381,1.93397,1.9337499999999999,1.93383,512,8,0
2024-02-12 20:40:00,1.93383,1.9338600000000001,1.9336,1.93369,445,8,0
2024-02-12 20:45:00,1.93369,1.93376,1.9335200000000001,1.93362,503,8,0
2024-02-12 20:50:00,1.93362,1.9338899999999999,1.93362,1.93372,738,8,0
2024-02-12 20:55:00,1.93372,1.9339,1.9335200000000001,1.9336,888,8,0
2024-02-12 21:00:00,1.9336,1.93361,1.9333200000000001,1.9335,314,8,0
2024-02-12 21:05:00,1.9335,1.9336799999999998,1.93344,1.93367,249,8,0
2024-02-12 21:10:00,1.93367,1.93373,1.93351,1.9335200000000001,325,8,0
2024-02-12 21:15:00,1.9335200000000001,1.93376,1.9335200000000001,1.93367,234,8,0
2024-02-12 21:20:00,1.93367,1.93383,1.93365,1.93372,218,8,0
2024-02-12 21:25:00,1.93372,1.93387,1.9336600000000002,1.9337900000000001,166,8,0
2024-02-12 21:30:00,1.9337900000000001,1.93399,1.93369,1.93374,139,8,0
2024-02-12 21:35:00,1.93374,1.9338,1.9335900000000001,1.9337499999999999,194,8,0
2024-02-12 21:40:00,1.9337499999999999,1.93377,1.93363,1.93363,104,8,0
2024-02-12 21:45:00,1.93363,1.9338,1.9335200000000001,1.93378,89,8,0
2024-02-12 21:50:00,1.93378,1.9338899999999999,1.9335499999999999,1.93358,166,8,0
2024-02-12 21:55:00,1.93358,1.93378,1.93346,1.93358,385,8,0
2024-02-12 22:00:00,1.9335499999999999,1.9335499999999999,1.9320300000000001,1.9332799999999999,16,14,0
2024-02-12 22:05:00,1.9332799999999999,1.93371,1.9332799999999999,1.93371,32,95,0
2024-02-12 22:10:00,1.93371,1.93387,1.93356,1.93363,30,70,0
2024-02-12 22:15:00,1.93371,1.93371,1.9334500000000001,1.93364,37,95,0
2024-02-12 22:20:00,1.93364,1.93411,1.9335900000000001,1.93381,36,42,0
2024-02-12 22:25:00,1.9337900000000001,1.93392,1.93303,1.9333,109,41,0
2024-02-12 22:30:00,1.93313,1.93349,1.93295,1.93331,52,56,0
2024-02-12 22:35:00,1.93331,1.9333200000000001,1.9329399999999999,1.9333200000000001,12,81,0
2024-02-12 22:40:00,1.9333200000000001,1.9338,1.9333200000000001,1.93377,17,56,0
2024-02-12 22:45:00,1.93377,1.93384,1.9336600000000002,1.9337499999999999,23,58,0
2024-02-12 22:50:00,1.9337499999999999,1.93376,1.93312,1.9333900000000002,92,20,0
2024-02-12 22:55:00,1.9334500000000001,1.93408,1.9333399999999998,1.93401,86,8,0
2024-02-12 23:00:00,1.93401,1.93401,1.9334,1.93374,206,8,0
2024-02-12 23:05:00,1.93374,1.9341300000000001,1.93372,1.93403,105,8,0
2024-02-12 23:10:00,1.93403,1.9341300000000001,1.9338899999999999,1.9340199999999999,162,8,0
2024-02-12 23:15:00,1.9340199999999999,1.93432,1.93394,1.9342700000000002,204,8,0
2024-02-12 23:20:00,1.9342700000000002,1.9342899999999998,1.9336600000000002,1.93377,299,8,0
2024-02-12 23:25:00,1.93377,1.9339,1.93365,1.93381,207,8,0
2024-02-12 23:30:00,1.93381,1.93412,1.9337499999999999,1.93397,282,8,0
2024-02-12 23:35:00,1.93397,1.93414,1.9338,1.9340000000000002,227,8,0
2024-02-12 23:40:00,1.9340000000000002,1.9340600000000001,1.9338600000000001,1.93392,207,8,0
2024-02-12 23:45:00,1.93392,1.93401,1.9338,1.93381,122,8,0
2024-02-12 23:50:00,1.93381,1.93399,1.93367,1.9336799999999998,206,8,0
2024-02-12 23:55:00,1.9336799999999998,1.93401,1.9336600000000002,1.93396,235,8,0
2024-02-13 00:00:00,1.93396,1.9341599999999999,1.93344,1.93358,394,8,0
2024-02-13 00:05:00,1.93358,1.93405,1.93349,1.93397,375,8,0
2024-02-13 00:10:00,1.93397,1.93403,1.93363,1.93387,384,8,0
2024-02-13 00:15:00,1.9338600000000001,1.93424,1.9338199999999999,1.93419,440,8,0
2024-02-13 00:20:00,1.93419,1.93466,1.93417,1.9346299999999998,407,8,0
2024-02-13 00:25:00,1.9346299999999998,1.9346299999999998,1.9341300000000001,1.9342000000000001,376,8,0
2024-02-13 00:30:00,1.9342000000000001,1.9342000000000001,1.93376,1.93403,365,8,0
2024-02-13 00:35:00,1.93403,1.93408,1.93392,1.93392,147,8,0
2024-02-13 00:40:00,1.93392,1.9340899999999999,1.93391,1.9339499999999998,223,8,0
2024-02-13 00:45:00,1.9339499999999998,1.93422,1.93381,1.9338600000000001,285,8,0
2024-02-13 00:50:00,1.93385,1.93417,1.93383,1.93401,385,8,0
2024-02-13 00:55:00,1.9340199999999999,1.93428,1.9338899999999999,1.93417,424,8,0
2024-02-13 01:00:00,1.93417,1.93418,1.9336799999999998,1.93381,439,8,0
2024-02-13 01:05:00,1.93381,1.93404,1.93362,1.9339300000000001,396,8,0
2024-02-13 01:10:00,1.9339300000000001,1.93417,1.9337900000000001,1.9340899999999999,316,8,0
2024-02-13 01:15:00,1.93408,1.9341599999999999,1.93377,1.93398,302,8,0
2024-02-13 01:20:00,1.93398,1.93426,1.9338600000000001,1.93415,234,8,0
2024-02-13 01:25:00,1.93415,1.93431,1.93405,1.9341300000000001,284,8,0
2024-02-13 01:30:00,1.9341300000000001,1.93426,1.93399,1.93411,323,8,0
2024-02-13 01:35:00,1.93411,1.93419,1.93388,1.93392,246,8,0
2024-02-13 01:40:00,1.93392,1.93404,1.93377,1.93388,252,8,0
2024-02-13 01:45:00,1.93388,1.93394,1.93362,1.9338600000000001,251,8,0
2024-02-13 01:50:00,1.9338899999999999,1.93408,1.9337499999999999,1.93387,401,8,0
2024-02-13 01:55:00,1.93387,1.93387,1.93338,1.9334500000000001,333,8,0
2024-02-13 02:00:00,1.9334500000000001,1.93364,1.9333399999999998,1.93354,352,8,0
2024-02-13 02:05:00,1.93354,1.93385,1.93343,1.93372,268,8,0
2024-02-13 02:10:00,1.93372,1.93388,1.93351,1.9337,336,8,0
2024-02-13 02:15:00,1.93371,1.93418,1.93357,1.9340600000000001,419,8,0
2024-02-13 02:20:00,1.9340600000000001,1.9348800000000002,1.9340000000000002,1.93478,576,8,0
2024-02-13 02:25:00,1.93478,1.93486,1.93441,1.93446,441,8,0
2024-02-13 02:30:00,1.93446,1.9344700000000001,1.93394,1.9340199999999999,455,8,0
2024-02-13 02:35:00,1.9340199999999999,1.93404,1.93372,1.9339,260,8,0
2024-02-13 02:40:00,1.9339,1.93455,1.93343,1.93356,452,8,0
2024-02-13 02:45:00,1.93357,1.93384,1.9334099999999999,1.9335900000000001,368,8,0
2024-02-13 02:50:00,1.9335900000000001,1.9342000000000001,1.93356,1.93418,372,8,0
2024-02-13 02:55:00,1.93418,1.9342899999999998,1.9340000000000002,1.93404,372,8,0
2024-02-13 03:00:00,1.93404,1.9345400000000001,1.93372,1.9345400000000001,514,8,0
2024-02-13 03:05:00,1.9345400000000001,1.93493,1.93446,1.9344700000000001,417,8,0
2024-02-13 03:10:00,1.9344700000000001,1.93462,1.93432,1.93457,345,8,0
2024-02-13 03:15:00,1.93458,1.93472,1.93446,1.93471,240,8,0
2024-02-13 03:20:00,1.93471,1.93478,1.93452,1.93466,315,8,0
2024-02-13 03:25:00,1.93466,1.93479,1.93441,1.93472,268,8,0
2024-02-13 03:30:00,1.93472,1.9353500000000001,1.9346100000000002,1.9351099999999999,329,8,0
2024-02-13 03:35:00,1.9351099999999999,1.93513,1.93473,1.93482,389,8,0
2024-02-13 03:40:00,1.9348100000000001,1.93482,1.93465,1.93472,286,8,0
2024-02-13 03:45:00,1.93471,1.93472,1.93441,1.9345599999999998,261,8,0
2024-02-13 03:50:00,1.93457,1.9347400000000001,1.93444,1.93464,254,8,0
2024-02-13 03:55:00,1.93465,1.93472,1.93453,1.93459,298,8,0
2024-02-13 04:00:00,1.93459,1.93484,1.9343,1.9346700000000001,353,8,0
2024-02-13 04:05:00,1.9346700000000001,1.93471,1.9344700000000001,1.9346700000000001,232,8,0
2024-02-13 04:10:00,1.9346700000000001,1.9349699999999999,1.93457,1.93492,251,8,0
2024-02-13 04:15:00,1.93492,1.9351699999999998,1.9348100000000001,1.9351699999999998,188,8,0
2024-02-13 04:20:00,1.9351699999999998,1.93545,1.93506,1.93514,253,8,0
2024-02-13 04:25:00,1.93514,1.93548,1.93509,1.9354200000000001,312,8,0
2024-02-13 04:30:00,1.9354200000000001,1.93601,1.93539,1.93591,273,8,0
2024-02-13 04:35:00,1.93591,1.93591,1.93561,1.93573,251,8,0
2024-02-13 04:40:00,1.93573,1.93593,1.93568,1.93581,213,8,0
2024-02-13 04:45:00,1.93581,1.93602,1.9357199999999999,1.93598,182,8,0
2024-02-13 04:50:00,1.93598,1.93616,1.9359,1.93606,186,8,0
2024-02-13 04:55:00,1.93606,1.9361000000000002,1.93579,1.93588,198,8,0
2024-02-13 05:00:00,1.93588,1.9359,1.93526,1.93534,276,8,0
2024-02-13 05:05:00,1.93534,1.9360300000000001,1.93506,1.93595,402,8,0
2024-02-13 05:10:00,1.93595,1.9360300000000001,1.93564,1.93564,209,8,0
2024-02-13 05:15:00,1.93564,1.9358499999999998,1.93553,1.93574,285,8,0
2024-02-13 05:20:00,1.93574,1.93593,1.9357,1.93581,257,8,0
2024-02-13 05:25:00,1.93581,1.9359600000000001,1.9354,1.93541,268,8,0
2024-02-13 05:30:00,1.93541,1.93582,1.93536,1.9357799999999998,225,8,0
2024-02-13 05:35:00,1.9357799999999998,1.93579,1.9354900000000002,1.9356900000000001,207,8,0
2024-02-13 05:40:00,1.9356900000000001,1.9359199999999999,1.9355099999999998,1.93587,233,8,0
2024-02-13 05:45:00,1.93587,1.9361199999999998,1.93577,1.9360300000000001,296,8,0
2024-02-13 05:50:00,1.9360300000000001,1.93607,1.9356900000000001,1.93607,234,8,0
2024-02-13 05:55:00,1.93607,1.9361199999999998,1.93579,1.93589,304,8,0
2024-02-13 06:00:00,1.93589,1.93607,1.9357199999999999,1.9358300000000002,408,8,0
2024-02-13 06:05:00,1.9358300000000002,1.93591,1.93553,1.93571,259,8,0
2024-02-13 06:10:00,1.93571,1.9357799999999998,1.9354,1.93546,299,8,0
2024-02-13 06:15:00,1.93546,1.9357199999999999,1.93543,1.93548,186,8,0
2024-02-13 06:20:00,1.93548,1.9358300000000002,1.93545,1.93582,224,8,0
2024-02-13 06:25:00,1.93582,1.93587,1.93564,1.9357600000000001,261,8,0
2024-02-13 06:30:00,1.9357600000000001,1.9359199999999999,1.93559,1.93574,173,8,0
2024-02-13 06:35:00,1.93574,1.93629,1.93566,1.93589,265,8,0
2024-02-13 06:40:00,1.93589,1.9360300000000001,1.93571,1.93588,386,8,0
2024-02-13 06:45:00,1.93588,1.93611,1.9353500000000001,1.93539,486,8,0
2024-02-13 06:50:00,1.93539,1.93581,1.9353,1.93566,344,8,0
2024-02-13 06:55:00,1.93566,1.9358499999999998,1.93502,1.93514,377,8,0
2024-02-13 07:00:00,1.93514,1.9383599999999999,1.93503,1.9381300000000001,1110,8,0
2024-02-13 07:05:00,1.9381300000000001,1.93858,1.938,1.9381,728,8,0
2024-02-13 07:10:00,1.9381,1.9383599999999999,1.93785,1.93828,622,8,0
2024-02-13 07:15:00,1.9382899999999998,1.93934,1.9381300000000001,1.9390800000000001,763,8,0
2024-02-13 07:20:00,1.9390800000000001,1.9394900000000002,1.9385400000000002,1.9388,861,8,0
2024-02-13 07:25:00,1.9388,1.93889,1.9385,1.93884,644,8,0
2024-02-13 07:30:00,1.93884,1.9407999999999999,1.93869,1.94068,1019,8,0
2024-02-13 07:35:00,1.94068,1.9414,1.94013,1.9406400000000001,1061,8,0
2024-02-13 07:40:00,1.94065,1.9410500000000002,1.94002,1.94015,919,8,0
2024-02-13 07:45:00,1.94015,1.94077,1.93971,1.94072,839,8,0
2024-02-13 07:50:00,1.94072,1.94083,1.9403700000000002,1.94048,721,8,0
2024-02-13 07:55:00,1.94048,1.94117,1.94045,1.94052,813,8,0
2024-02-13 08:00:00,1.94052,1.94063,1.93998,1.9402599999999999,1012,8,0
2024-02-13 08:05:00,1.9402599999999999,1.94065,1.9397799999999998,1.9405000000000001,839,8,0
2024-02-13 08:10:00,1.9405000000000001,1.94075,1.9401000000000002,1.9405299999999999,832,8,0
2024-02-13 08:15:00,1.94054,1.94074,1.9400300000000001,1.94047,709,8,0
2024-02-13 08:20:00,1.94047,1.94069,1.94035,1.94067,703,8,0
2024-02-13 08:25:00,1.94067,1.94101,1.94036,1.94085,900,8,0
2024-02-13 08:30:00,1.94085,1.94097,1.9403000000000001,1.9405700000000001,740,8,0
2024-02-13 08:35:00,1.9405700000000001,1.94099,1.94032,1.94095,695,8,0
2024-02-13 08:40:00,1.94095,1.9409800000000001,1.9404599999999999,1.9406400000000001,627,8,0
2024-02-13 08:45:00,1.9406400000000001,1.94069,1.93973,1.93977,744,8,0
2024-02-13 08:50:00,1.93977,1.94051,1.9397,1.9399899999999999,683,8,0
2024-02-13 08:55:00,1.9399899999999999,1.94047,1.93993,1.94047,644,8,0
2024-02-13 09:00:00,1.9404599999999999,1.94103,1.9403899999999998,1.94093,887,8,0
2024-02-13 09:05:00,1.94093,1.94129,1.9409100000000001,1.94122,669,8,0
2024-02-13 09:10:00,1.94122,1.94158,1.9410500000000002,1.94139,737,8,0
2024-02-13 09:15:00,1.94139,1.94188,1.9413,1.94133,620,8,0
2024-02-13 09:20:00,1.94133,1.94162,1.94093,1.94162,696,8,0
2024-02-13 09:25:00,1.94162,1.9417,1.94116,1.9416600000000002,771,8,0
2024-02-13 09:30:00,1.9416600000000002,1.94194,1.9415,1.94187,604,8,0
2024-02-13 09:35:00,1.94187,1.94203,1.94162,1.94197,568,8,0
2024-02-13 09:40:00,1.94197,1.94232,1.94178,1.94226,496,8,0
2024-02-13 09:45:00,1.94226,1.9424000000000001,1.94183,1.94184,476,8,0
2024-02-13 09:50:00,1.94184,1.94199,1.94153,1.9418199999999999,549,8,0
2024-02-13 09:55:00,1.9418199999999999,1.94199,1.94163,1.9418600000000001,476,8,0
2024-02-13 10:00:00,1.9418600000000001,1.94211,1.94149,1.9419499999999998,653,8,0
2024-02-13 10:05:00,1.9419499999999998,1.9428,1.9418199999999999,1.94252,802,8,0
2024-02-13 10:10:00,1.94252,1.94259,1.94212,1.9422700000000002,691,8,0
2024-02-13 10:15:00,1.9422700000000002,1.9428,1.94218,1.9424700000000001,603,8,0
2024-02-13 10:20:00,1.94248,1.94318,1.94238,1.94276,650,8,0
2024-02-13 10:25:00,1.94276,1.94279,1.9423,1.9425,689,8,0
2024-02-13 10:30:00,1.94249,1.94327,1.94246,1.94299,762,8,0
2024-02-13 10:35:00,1.94299,1.9432399999999999,1.94275,1.94303,623,8,0
2024-02-13 10:40:00,1.94302,1.94322,1.94252,1.9425400000000002,621,8,0
2024-02-13 10:45:00,1.9425400000000002,1.94272,1.94239,1.9425599999999998,575,8,0
2024-02-13 10:50:00,1.94257,1.94302,1.94238,1.94282,607,8,0
2024-02-13 10:55:00,1.94282,1.94316,1.94259,1.9430399999999999,577,8,0
2024-02-13 11:00:00,1.9430399999999999,1.94306,1.94258,1.9426299999999999,696,8,0
2024-02-13 11:05:00,1.9426299999999999,1.94326,1.94258,1.9431699999999998,650,8,0
2024-02-13 11:10:00,1.9431699999999998,1.94341,1.9428999999999998,1.94293,592,8,0
2024-02-13 11:15:00,1.94293,1.94314,1.94269,1.94279,662,8,0
2024-02-13 11:20:00,1.94279,1.94285,1.94246,1.94276,693,8,0
2024-02-13 11:25:00,1.94276,1.94276,1.9422700000000002,1.9425400000000002,552,8,0
2024-02-13 11:30:00,1.9425400000000002,1.9428800000000002,1.94252,1.94286,608,8,0
2024-02-13 11:35:00,1.94286,1.94289,1.94225,1.94232,518,8,0
2024-02-13 11:40:00,1.94232,1.94258,1.94189,1.94198,525,8,0
2024-02-13 11:45:00,1.94198,1.9423300000000001,1.94191,1.94208,452,8,0
2024-02-13 11:50:00,1.94207,1.94245,1.94199,1.94245,459,8,0
2024-02-13 11:55:00,1.94245,1.94279,1.9423599999999999,1.94262,675,8,0
2024-02-13 12:00:00,1.94257,1.94287,1.9424000000000001,1.9428100000000001,734,8,0
2024-02-13 12:05:00,1.9428100000000001,1.94285,1.94234,1.9423599999999999,684,8,0
2024-02-13 12:10:00,1.9423599999999999,1.9428,1.942,1.94258,686,8,0
2024-02-13 12:15:00,1.94258,1.94293,1.94218,1.94228,748,8,0
2024-02-13 12:20:00,1.94228,1.94289,1.9422700000000002,1.9428800000000002,747,8,0
2024-02-13 12:25:00,1.9428800000000002,1.9428800000000002,1.94231,1.94261,696,8,0
2024-02-13 12:30:00,1.94261,1.9426299999999999,1.9417900000000001,1.9417900000000001,713,8,0
2024-02-13 12:35:00,1.9417900000000001,1.94181,1.94106,1.94123,690,8,0
2024-02-13 12:40:00,1.94123,1.9415200000000001,1.94101,1.94149,662,8,0
2024-02-13 12:45:00,1.94149,1.94177,1.94131,1.94154,669,8,0
2024-02-13 12:50:00,1.9415200000000001,1.9416,1.94127,1.9414799999999999,633,8,0
2024-02-13 12:55:00,1.94147,1.9417499999999999,1.94109,1.9415900000000001,724,8,0
2024-02-13 13:00:00,1.9415900000000001,1.94199,1.9414799999999999,1.9417900000000001,945,8,0
2024-02-13 13:05:00,1.9417900000000001,1.9421,1.9415499999999999,1.94194,924,8,0
2024-02-13 13:10:00,1.94194,1.94201,1.94122,1.9413399999999998,770,8,0
2024-02-13 13:15:00,1.9413399999999998,1.94144,1.94072,1.94072,1009,8,0
2024-02-13 13:20:00,1.94077,1.94128,1.94049,1.94081,991,8,0
2024-02-13 13:25:00,1.94082,1.9413,1.9402599999999999,1.94028,829,8,0
2024-02-13 13:30:00,1.94028,1.94482,1.9401899999999999,1.94386,3051,8,0
2024-02-13 13:35:00,1.94388,1.94535,1.94348,1.94478,2910,8,0
2024-02-13 13:40:00,1.94477,1.94588,1.94449,1.94549,2464,8,0
2024-02-13 13:45:00,1.9455,1.9471699999999998,1.9452500000000001,1.94699,2539,8,0
2024-02-13 13:50:00,1.94696,1.94793,1.94696,1.9476200000000001,2339,8,0
2024-02-13 13:55:00,1.94764,1.94779,1.94692,1.94712,2129,8,0
2024-02-13 14:00:00,1.94711,1.94771,1.94651,1.94719,2269,8,0
2024-02-13 14:05:00,1.94719,1.94734,1.9463599999999999,1.94706,2086,8,0
2024-02-13 14:10:00,1.94706,1.94779,1.94684,1.94736,1609,8,0
2024-02-13 14:15:00,1.94736,1.94739,1.94611,1.94682,1763,8,0
2024-02-13 14:20:00,1.9468299999999998,1.94766,1.94675,1.94722,1757,8,0
2024-02-13 14:25:00,1.94722,1.94743,1.9468,1.94684,1546,8,0
2024-02-13 14:30:00,1.94684,1.94756,1.9465599999999998,1.94745,2249,8,0
2024-02-13 14:35:00,1.94745,1.94835,1.94695,1.9482599999999999,2001,8,0
2024-02-13 14:40:00,1.94825,1.94906,1.94818,1.94861,1908,8,0
2024-02-13 14:45:00,1.94861,1.9496099999999998,1.94813,1.94919,1741,8,0
2024-02-13 14:50:00,1.9492099999999999,1.9494500000000001,1.9487999999999999,1.94936,1613,8,0
2024-02-13 14:55:00,1.94936,1.94953,1.9490699999999999,1.9492,1342,8,0
2024-02-13 15:00:00,1.94919,1.94958,1.94916,1.9494099999999999,1619,8,0
2024-02-13 15:05:00,1.9494099999999999,1.94962,1.9485299999999999,1.94874,1419,8,0
2024-02-13 15:10:00,1.94874,1.9501,1.94842,1.94991,1479,8,0
2024-02-13 15:15:00,1.94991,1.95041,1.94971,1.94974,1631,8,0
2024-02-13 15:20:00,1.94974,1.9498799999999998,1.94855,1.94862,1506,8,0
2024-02-13 15:25:00,1.94862,1.94905,1.94786,1.94806,1564,8,0
2024-02-13 15:30:00,1.94804,1.9485999999999999,1.94782,1.9485999999999999,1543,8,0
2024-02-13 15:35:00,1.94861,1.95003,1.94849,1.9499900000000001,1560,8,0
2024-02-13 15:40:00,1.9499900000000001,1.95112,1.9499900000000001,1.9507400000000001,1544,8,0
2024-02-13 15:45:00,1.9507400000000001,1.9509400000000001,1.95031,1.95061,1480,8,0
2024-02-13 15:50:00,1.95062,1.95161,1.95032,1.95032,1462,8,0
2024-02-13 15:55:00,1.95032,1.95073,1.95008,1.9505400000000002,1548,8,0
2024-02-13 16:00:00,1.9505400000000002,1.95061,1.94996,1.95,1232,8,0
2024-02-13 16:05:00,1.9499900000000001,1.95004,1.94919,1.9495,1002,8,0
2024-02-13 16:10:00,1.9495,1.94996,1.94943,1.94956,1017,8,0
2024-02-13 16:15:00,1.94956,1.95012,1.94944,1.95011,962,8,0
2024-02-13 16:20:00,1.95011,1.95051,1.9499900000000001,1.95008,1060,8,0
2024-02-13 16:25:00,1.95004,1.95032,1.94997,1.95014,842,8,0
2024-02-13 16:30:00,1.95014,1.95052,1.9499300000000002,1.95034,907,8,0
2024-02-13 16:35:00,1.95034,1.95064,1.95003,1.95038,908,8,0
2024-02-13 16:40:00,1.95038,1.95109,1.95027,1.951,949,8,0
2024-02-13 16:45:00,1.951,1.9510800000000001,1.95025,1.95027,779,8,0
2024-02-13 16:50:00,1.95027,1.9507400000000001,1.95001,1.95066,810,8,0
2024-02-13 16:55:00,1.95066,1.9515500000000001,1.95065,1.95126,1087,8,0
2024-02-13 17:00:00,1.95126,1.95153,1.9508100000000002,1.9513,1052,8,0
2024-02-13 17:05:00,1.9513,1.95201,1.95111,1.9514200000000002,1033,8,0
2024-02-13 17:10:00,1.9514399999999998,1.9521199999999999,1.95138,1.9518499999999999,924,8,0
2024-02-13 17:15:00,1.9518499999999999,1.95187,1.95114,1.95183,938,8,0
2024-02-13 17:20:00,1.95184,1.95214,1.95179,1.9521,981,8,0
2024-02-13 17:25:00,1.95211,1.95252,1.95201,1.95249,722,8,0
2024-02-13 17:30:00,1.95249,1.9529100000000001,1.95241,1.95265,886,8,0
2024-02-13 17:35:00,1.9526599999999998,1.95283,1.95251,1.95263,649,8,0
2024-02-13 17:40:00,1.95263,1.95263,1.95195,1.9521600000000001,749,8,0
2024-02-13 17:45:00,1.9521600000000001,1.95234,1.9519600000000001,1.95199,689,8,0
2024-02-13 17:50:00,1.95199,1.95218,1.95177,1.95198,567,8,0
2024-02-13 17:55:00,1.95198,1.95211,1.95161,1.95164,865,8,0
2024-02-13 18:00:00,1.9516499999999999,1.95193,1.9515,1.95179,1001,8,0
2024-02-13 18:05:00,1.95179,1.95204,1.95172,1.95173,644,8,0
2024-02-13 18:10:00,1.95173,1.95186,1.95129,1.95134,603,8,0
2024-02-13 18:15:00,1.9513500000000001,1.9514399999999998,1.9508100000000002,1.95085,701,8,0
2024-02-13 18:20:00,1.95085,1.9510999999999998,1.9505599999999998,1.95086,638,8,0
2024-02-13 18:25:00,1.95087,1.95113,1.9507400000000001,1.951,527,8,0
2024-02-13 18:30:00,1.951,1.9513500000000001,1.95078,1.9511699999999998,645,8,0
2024-02-13 18:35:00,1.9511699999999998,1.9512800000000001,1.95091,1.95093,790,8,0
2024-02-13 18:40:00,1.95093,1.95146,1.95088,1.95143,628,8,0
2024-02-13 18:45:00,1.95143,1.95149,1.95123,1.95137,512,8,0
2024-02-13 18:50:00,1.95137,1.95156,1.95127,1.95143,676,8,0
2024-02-13 18:55:00,1.95143,1.9515500000000001,1.9513,1.9514,735,8,0
2024-02-13 19:00:00,1.9514,1.95174,1.95107,1.9511500000000002,745,8,0
2024-02-13 19:05:00,1.9511500000000002,1.9511500000000002,1.95077,1.9508999999999999,651,8,0
2024-02-13 19:10:00,1.95091,1.95116,1.95085,1.95092,627,8,0
2024-02-13 19:15:00,1.95092,1.9513099999999999,1.95086,1.9513099999999999,641,8,0
2024-02-13 19:20:00,1.9513099999999999,1.95153,1.9512,1.95143,765,8,0
2024-02-13 19:25:00,1.95143,1.95177,1.95134,1.95157,672,8,0
2024-02-13 19:30:00,1.95157,1.9518900000000001,1.9514,1.9517,564,8,0
2024-02-13 19:35:00,1.9517,1.95225,1.95166,1.95215,586,8,0
2024-02-13 19:40:00,1.95215,1.95218,1.95152,1.95156,650,8,0
2024-02-13 19:45:00,1.95156,1.9520300000000002,1.9513099999999999,1.95191,748,8,0
2024-02-13 19:50:00,1.9519199999999999,1.95199,1.9514200000000002,1.9518499999999999,749,8,0
2024-02-13 19:55:00,1.9518499999999999,1.95191,1.9513,1.95134,878,8,0
2024-02-13 20:00:00,1.95133,1.9517600000000002,1.95125,1.95163,730,8,0
2024-02-13 20:05:00,1.95163,1.9518,1.9513,1.95168,702,8,0
2024-02-13 20:10:00,1.9516900000000001,1.95222,1.95147,1.95193,550,8,0
2024-02-13 20:15:00,1.95193,1.95201,1.95143,1.95154,802,8,0
2024-02-13 20:20:00,1.95154,1.9517799999999998,1.95134,1.9516499999999999,586,8,0
2024-02-13 20:25:00,1.9516499999999999,1.9519600000000001,1.9514200000000002,1.95146,707,8,0
2024-02-13 20:30:00,1.95146,1.9515099999999999,1.95116,1.9512399999999999,707,8,0
2024-02-13 20:35:00,1.9512399999999999,1.95184,1.95119,1.9516900000000001,636,8,0
2024-02-13 20:40:00,1.9516900000000001,1.9518499999999999,1.95156,1.95167,694,8,0
2024-02-13 20:45:00,1.95167,1.9517,1.95088,1.9510999999999998,674,8,0
2024-02-13 20:50:00,1.95111,1.9512399999999999,1.95084,1.95118,695,8,0
2024-02-13 20:55:00,1.95119,1.9514399999999998,1.95093,1.9510800000000001,805,8,0
2024-02-13 21:00:00,1.9510800000000001,1.95125,1.95087,1.9509699999999999,452,8,0
2024-02-13 21:05:00,1.9509699999999999,1.9511500000000002,1.95096,1.95102,138,8,0
2024-02-13 21:10:00,1.95102,1.9511500000000002,1.9508999999999999,1.95102,253,8,0
2024-02-13 21:15:00,1.95102,1.95102,1.95087,1.9509400000000001,168,8,0
2024-02-13 21:20:00,1.9509400000000001,1.9509699999999999,1.9508,1.95089,157,8,0
2024-02-13 21:25:00,1.95089,1.95096,1.9506000000000001,1.95079,259,8,0
2024-02-13 21:30:00,1.95079,1.95109,1.95072,1.95109,151,8,0
2024-02-13 21:35:00,1.95109,1.9514399999999998,1.95103,1.95129,222,8,0
2024-02-13 21:40:00,1.95129,1.95143,1.9511699999999998,1.95122,256,8,0
2024-02-13 21:45:00,1.95123,1.95132,1.95106,1.95122,236,8,0
2024-02-13 21:50:00,1.95122,1.9513099999999999,1.95098,1.95102,407,8,0
2024-02-13 21:55:00,1.9510100000000001,1.95126,1.95087,1.9510800000000001,558,8,0
2024-02-13 22:00:00,1.95103,1.95103,1.9491100000000001,1.95046,19,21,0
2024-02-13 22:05:00,1.95046,1.95098,1.95026,1.95028,39,72,0
2024-02-13 22:10:00,1.95028,1.95099,1.95027,1.95058,28,35,0
2024-02-13 22:15:00,1.95058,1.95058,1.9497900000000001,1.9505,44,31,0
2024-02-13 22:20:00,1.9505,1.95102,1.9503599999999999,1.95061,28,36,0
2024-02-13 22:25:00,1.95061,1.95087,1.95032,1.95037,21,62,0
2024-02-13 22:30:00,1.9505,1.95075,1.9503599999999999,1.95069,67,91,0
2024-02-13 22:35:00,1.95069,1.9509699999999999,1.95061,1.95084,95,37,0
2024-02-13 22:40:00,1.9507400000000001,1.95086,1.95021,1.9503599999999999,77,29,0
2024-02-13 22:45:00,1.95038,1.9510800000000001,1.95028,1.95076,309,15,0
2024-02-13 22:50:00,1.95076,1.9511500000000002,1.9497,1.95065,371,39,0
2024-02-13 22:55:00,1.95065,1.9511699999999998,1.94951,1.95014,319,8,0
2024-02-13 23:00:00,1.95012,1.9513099999999999,1.95012,1.9511699999999998,506,8,0
2024-02-13 23:05:00,1.95119,1.95141,1.95088,1.9513500000000001,158,8,0
2024-02-13 23:10:00,1.95137,1.9515,1.9510399999999999,1.95118,90,8,0
2024-02-13 23:15:00,1.95118,1.95146,1.95087,1.95093,159,8,0
2024-02-13 23:20:00,1.95093,1.95127,1.9508299999999998,1.95121,138,8,0
2024-02-13 23:25:00,1.95121,1.95132,1.95071,1.95078,105,8,0
2024-02-13 23:30:00,1.95078,1.95139,1.95076,1.95109,123,8,0
2024-02-13 23:35:00,1.95109,1.95139,1.9508100000000002,1.95139,134,8,0
2024-02-13 23:40:00,1.95139,1.9516,1.95138,1.95141,123,8,0
2024-02-13 23:45:00,1.95141,1.9515500000000001,1.95116,1.95145,172,8,0
2024-02-13 23:50:00,1.95145,1.95168,1.95136,1.95156,157,8,0
2024-02-13 23:55:00,1.95156,1.95164,1.9508299999999998,1.95092,350,8,0
2024-02-14 00:00:00,1.95092,1.95194,1.95092,1.95159,550,8,0
2024-02-14 00:05:00,1.9515799999999999,1.95191,1.9515,1.9517799999999998,505,8,0
2024-02-14 00:10:00,1.9517799999999998,1.95204,1.95168,1.95199,539,8,0
2024-02-14 00:15:00,1.95199,1.9521,1.95152,1.952,479,8,0
2024-02-14 00:20:00,1.952,1.95242,1.9519199999999999,1.9521899999999999,415,8,0
2024-02-14 00:25:00,1.9521899999999999,1.95222,1.95184,1.95195,381,8,0
2024-02-14 00:30:00,1.95195,1.95256,1.9519,1.95252,359,8,0
2024-02-14 00:35:00,1.95252,1.9526599999999998,1.9522300000000001,1.95232,276,8,0
2024-02-14 00:40:00,1.95233,1.95252,1.95202,1.95204,306,8,0
2024-02-14 00:45:00,1.95204,1.95209,1.95146,1.95168,372,8,0
2024-02-14 00:50:00,1.95166,1.95166,1.9511500000000002,1.95138,505,8,0
2024-02-14 00:55:00,1.95138,1.95149,1.95107,1.95136,710,8,0
2024-02-14 01:00:00,1.95137,1.95148,1.95092,1.95133,965,8,0
2024-02-14 01:05:00,1.95133,1.95163,1.9512800000000001,1.95139,635,8,0
2024-02-14 01:10:00,1.95139,1.95173,1.95112,1.95163,534,8,0
2024-02-14 01:15:00,1.95163,1.9524599999999999,1.95157,1.9523000000000001,1076,8,0
2024-02-14 01:20:00,1.95231,1.95236,1.9515099999999999,1.95159,758,8,0
2024-02-14 01:25:00,1.95159,1.95161,1.95088,1.9510399999999999,696,8,0
2024-02-14 01:30:00,1.9510399999999999,1.95137,1.9509400000000001,1.9510100000000001,847,8,0
2024-02-14 01:35:00,1.9510100000000001,1.95153,1.95087,1.95125,747,8,0
2024-02-14 01:40:00,1.9512399999999999,1.9513500000000001,1.95048,1.9506299999999999,771,8,0
2024-02-14 01:45:00,1.9506000000000001,1.95126,1.95051,1.9510100000000001,712,8,0
2024-02-14 01:50:00,1.9510100000000001,1.9512800000000001,1.9508999999999999,1.95116,820,8,0
2024-02-14 01:55:00,1.9511500000000002,1.95183,1.9510999999999998,1.95112,725,8,0
2024-02-14 02:00:00,1.9510999999999998,1.9514,1.95086,1.95091,755,8,0
2024-02-14 02:05:00,1.95092,1.9511500000000002,1.95076,1.95077,602,8,0
2024-02-14 02:10:00,1.95077,1.95118,1.95052,1.95116,691,8,0
2024-02-14 02:15:00,1.95116,1.95119,1.9506999999999999,1.9508,595,8,0
2024-02-14 02:20:00,1.9508100000000002,1.95102,1.95071,1.9509400000000001,520,8,0
2024-02-14 02:25:00,1.9509400000000001,1.95112,1.9508100000000002,1.95112,474,8,0
2024-02-14 02:30:00,1.95112,1.9512800000000001,1.95096,1.95098,474,8,0
2024-02-14 02:35:00,1.95098,1.95164,1.95093,1.95133,459,8,0
2024-02-14 02:40:00,1.95133,1.9515,1.9510999999999998,1.95111,480,8,0
2024-02-14 02:45:00,1.95111,1.95121,1.95084,1.951,526,8,0
2024-02-14 02:50:00,1.951,1.9512,1.95091,1.95099,528,8,0
2024-02-14 02:55:00,1.95099,1.95107,1.95088,1.95093,358,8,0
2024-02-14 03:00:00,1.95093,1.95109,1.95059,1.9506000000000001,370,8,0
2024-02-14 03:05:00,1.9506000000000001,1.95095,1.95055,1.95062,272,8,0
2024-02-14 03:10:00,1.95062,1.9506299999999999,1.95012,1.95016,386,8,0
2024-02-14 03:15:00,1.95016,1.95037,1.95005,1.95035,323,8,0
2024-02-14 03:20:00,1.95035,1.9504000000000001,1.94989,1.95001,408,8,0
2024-02-14 03:25:00,1.95001,1.9501300000000001,1.94984,1.95,361,8,0
2024-02-14 03:30:00,1.95,1.95042,1.95,1.95018,342,8,0
2024-02-14 03:35:00,1.95018,1.95039,1.9498600000000001,1.9499300000000002,525,8,0
2024-02-14 03:40:00,1.9499300000000002,1.95027,1.9499300000000002,1.95019,365,8,0
2024-02-14 03:45:00,1.95019,1.95026,1.9497900000000001,1.9498199999999999,317,8,0
2024-02-14 03:50:00,1.9498199999999999,1.9501,1.9495900000000002,1.9501,279,8,0
2024-02-14 03:55:00,1.9500899999999999,1.95026,1.94998,1.95018,260,8,0
2024-02-14 04:00:00,1.95018,1.95028,1.9497499999999999,1.94985,380,8,0
2024-02-14 04:05:00,1.94985,1.94992,1.94967,1.9498600000000001,235,8,0
2024-02-14 04:10:00,1.94985,1.9501,1.9497499999999999,1.94991,430,8,0
2024-02-14 04:15:00,1.94991,1.95008,1.94978,1.94996,401,8,0
2024-02-14 04:20:00,1.94996,1.94996,1.94967,1.9498,309,8,0
2024-02-14 04:25:00,1.9498,1.9502899999999999,1.94978,1.95026,407,8,0
2024-02-14 04:30:00,1.95026,1.95039,1.95015,1.95017,320,8,0
2024-02-14 04:35:00,1.95017,1.95039,1.9499499999999999,1.95039,349,8,0
2024-02-14 04:40:00,1.95039,1.9505,1.9501300000000001,1.95048,391,8,0
2024-02-14 04:45:00,1.95048,1.95048,1.95014,1.95018,291,8,0
2024-02-14 04:50:00,1.95018,1.95041,1.95012,1.95034,189,8,0
2024-02-14 04:55:00,1.95034,1.95037,1.94997,1.95021,363,8,0
2024-02-14 05:00:00,1.95021,1.95023,1.94984,1.9499300000000002,483,8,0
2024-02-14 05:05:00,1.9499300000000002,1.95003,1.94958,1.94958,429,8,0
2024-02-14 05:10:00,1.94958,1.94963,1.94924,1.9494,458,8,0
2024-02-14 05:15:00,1.9494,1.94958,1.9491399999999999,1.9495200000000001,354,8,0
2024-02-14 05:20:00,1.9495200000000001,1.94984,1.9495200000000001,1.94957,248,8,0
2024-02-14 05:25:00,1.94957,1.94957,1.9488400000000001,1.9493399999999999,438,8,0
2024-02-14 05:30:00,1.9493399999999999,1.94953,1.94903,1.94923,415,8,0
2024-02-14 05:35:00,1.94919,1.9493,1.94889,1.94905,437,8,0
2024-02-14 05:40:00,1.94905,1.9493,1.9489999999999998,1.94901,440,8,0
2024-02-14 05:45:00,1.94901,1.9491,1.94882,1.94901,355,8,0
2024-02-14 05:50:00,1.94901,1.9490699999999999,1.9486400000000001,1.94869,321,8,0
2024-02-14 05:55:00,1.9487,1.94882,1.94847,1.94874,512,8,0
2024-02-14 06:00:00,1.9487100000000002,1.9489800000000002,1.94854,1.94883,408,8,0
2024-02-14 06:05:00,1.94883,1.94885,1.9485000000000001,1.9485700000000001,336,8,0
2024-02-14 06:10:00,1.9485700000000001,1.94896,1.9484,1.9487999999999999,419,8,0
2024-02-14 06:15:00,1.9487999999999999,1.9489,1.9483700000000002,1.94838,373,8,0
2024-02-14 06:20:00,1.9483899999999998,1.94847,1.94797,1.948,410,8,0
2024-02-14 06:25:00,1.948,1.94832,1.94786,1.9478900000000001,443,8,0
2024-02-14 06:30:00,1.9478900000000001,1.9479199999999999,1.94748,1.94764,451,8,0
2024-02-14 06:35:00,1.94764,1.94767,1.94725,1.94746,361,8,0
2024-02-14 06:40:00,1.94748,1.9476499999999999,1.94727,1.9475500000000001,403,8,0
2024-02-14 06:45:00,1.94753,1.94795,1.94745,1.94786,372,8,0
2024-02-14 06:50:00,1.94786,1.9483000000000001,1.94774,1.94788,349,8,0
2024-02-14 06:55:00,1.9478900000000001,1.9479,1.94705,1.94736,508,8,0
2024-02-14 07:00:00,1.94736,1.94763,1.9413,1.94257,1819,8,0
2024-02-14 07:05:00,1.9422899999999998,1.94261,1.94128,1.94241,1348,8,0
2024-02-14 07:10:00,1.94241,1.94246,1.94088,1.94093,1223,8,0
2024-02-14 07:15:00,1.94092,1.9424000000000001,1.9408699999999999,1.94191,1215,8,0
2024-02-14 07:20:00,1.94191,1.9421599999999999,1.94123,1.94158,1153,8,0
2024-02-14 07:25:00,1.94158,1.9417499999999999,1.94119,1.94124,883,8,0
2024-02-14 07:30:00,1.94124,1.9416099999999998,1.9396200000000001,1.93977,1266,8,0
2024-02-14 07:35:00,1.93979,1.94025,1.9396499999999999,1.94009,874,8,0
2024-02-14 07:40:00,1.94009,1.9405000000000001,1.93993,1.9404599999999999,894,8,0
2024-02-14 07:45:00,1.9404400000000002,1.94056,1.93975,1.9400300000000001,1010,8,0
2024-02-14 07:50:00,1.9400300000000001,1.94083,1.93994,1.94056,980,8,0
2024-02-14 07:55:00,1.94056,1.94056,1.93997,1.94001,792,8,0
2024-02-14 08:00:00,1.94001,1.94015,1.93918,1.93994,1330,8,0
2024-02-14 08:05:00,1.93994,1.9402,1.93973,1.93975,986,8,0
2024-02-14 08:10:00,1.9397600000000002,1.9397799999999998,1.93822,1.93834,1048,8,0
2024-02-14 08:15:00,1.93834,1.93979,1.9381300000000001,1.93957,986,8,0
2024-02-14 08:20:00,1.93957,1.93991,1.93895,1.9395,939,8,0
2024-02-14 08:25:00,1.9395,1.93977,1.93914,1.93921,821,8,0
2024-02-14 08:30:00,1.93921,1.93955,1.93899,1.93914,1104,8,0
2024-02-14 08:35:00,1.93914,1.9392200000000002,1.9385599999999998,1.9386700000000001,996,8,0
2024-02-14 08:40:00,1.93868,1.93887,1.93824,1.93858,874,8,0
2024-02-14 08:45:00,1.93858,1.939,1.9383,1.93887,796,8,0
2024-02-14 08:50:00,1.93887,1.9393,1.93866,1.93883,1041,8,0
2024-02-14 08:55:00,1.93883,1.93957,1.93841,1.93936,956,8,0
2024-02-14 09:00:00,1.93936,1.93957,1.9387699999999999,1.93921,781,8,0
2024-02-14 09:05:00,1.93921,1.93937,1.93871,1.93932,789,8,0
2024-02-14 09:10:00,1.93932,1.9395799999999999,1.93887,1.93889,750,8,0
2024-02-14 09:15:00,1.93889,1.939,1.93846,1.93858,782,8,0
2024-02-14 09:20:00,1.93858,1.93872,1.93746,1.93757,853,8,0
2024-02-14 09:25:00,1.9375900000000001,1.93781,1.9373,1.93735,839,8,0
2024-02-14 09:30:00,1.93735,1.9377900000000001,1.93728,1.93742,819,8,0
2024-02-14 09:35:00,1.93742,1.93753,1.93704,1.93736,672,8,0
2024-02-14 09:40:00,1.93736,1.93747,1.93692,1.9370500000000002,857,8,0
2024-02-14 09:45:00,1.9370500000000002,1.93729,1.93606,1.93663,818,8,0
2024-02-14 09:50:00,1.93668,1.93678,1.93613,1.93616,797,8,0
2024-02-14 09:55:00,1.93616,1.93632,1.9357,1.93604,558,8,0
2024-02-14 10:00:00,1.93605,1.93632,1.93601,1.93604,784,8,0
2024-02-14 10:05:00,1.93604,1.9368400000000001,1.9359899999999999,1.9367100000000002,685,8,0
2024-02-14 10:10:00,1.9367100000000002,1.9376,1.93666,1.9375,556,8,0
2024-02-14 10:15:00,1.9375,1.93777,1.93724,1.9374,693,8,0
2024-02-14 10:20:00,1.9374,1.93794,1.93731,1.93794,493,8,0
2024-02-14 10:25:00,1.9379499999999998,1.938,1.93719,1.9373399999999998,598,8,0
2024-02-14 10:30:00,1.93733,1.93746,1.9365,1.9367,743,8,0
2024-02-14 10:35:00,1.9367,1.93686,1.9362,1.9364400000000002,662,8,0
2024-02-14 10:40:00,1.93641,1.9367100000000002,1.93627,1.93647,530,8,0
2024-02-14 10:45:00,1.93647,1.93682,1.93624,1.93642,589,8,0
2024-02-14 10:50:00,1.93642,1.9368699999999999,1.93618,1.9368699999999999,613,8,0
2024-02-14 10:55:00,1.93685,1.93723,1.93659,1.93713,804,8,0
2024-02-14 11:00:00,1.93709,1.93723,1.93663,1.9371,728,8,0
2024-02-14 11:05:00,1.93709,1.93733,1.93677,1.9370500000000002,670,8,0
2024-02-14 11:10:00,1.9370500000000002,1.93715,1.93663,1.93708,464,8,0
2024-02-14 11:15:00,1.93708,1.93713,1.93665,1.9369100000000001,773,8,0
2024-02-14 11:20:00,1.9369100000000001,1.9369100000000001,1.9362599999999999,1.93663,743,8,0
2024-02-14 11:25:00,1.93663,1.93704,1.9364599999999998,1.93672,774,8,0
2024-02-14 11:30:00,1.93672,1.9369100000000001,1.9362599999999999,1.9368699999999999,852,8,0
2024-02-14 11:35:00,1.93688,1.93731,1.9366400000000001,1.93722,696,8,0
2024-02-14 11:40:00,1.93722,1.93772,1.9371399999999999,1.93763,726,8,0
2024-02-14 11:45:00,1.93764,1.9378,1.9373399999999998,1.93757,637,8,0
2024-02-14 11:50:00,1.93756,1.93784,1.9374099999999999,1.93763,799,8,0
2024-02-14 11:55:00,1.93763,1.93815,1.9375,1.93797,768,8,0
2024-02-14 12:00:00,1.93797,1.9380899999999999,1.93767,1.93799,604,8,0
2024-02-14 12:05:00,1.93799,1.9382000000000001,1.9378600000000001,1.9380899999999999,648,8,0
2024-02-14 12:10:00,1.9380899999999999,1.9386700000000001,1.93799,1.93852,653,8,0
2024-02-14 12:15:00,1.93851,1.93857,1.93789,1.93803,704,8,0
2024-02-14 12:20:00,1.93803,1.93844,1.93767,1.9379,638,8,0
2024-02-14 12:25:00,1.9379,1.93812,1.93753,1.93798,550,8,0
2024-02-14 12:30:00,1.93798,1.9382899999999998,1.93788,1.9381,647,8,0
2024-02-14 12:35:00,1.9381,1.93821,1.9379499999999998,1.9381,547,8,0
2024-02-14 12:40:00,1.9381,1.9381300000000001,1.93736,1.9374099999999999,598,8,0
2024-02-14 12:45:00,1.9374099999999999,1.93747,1.93688,1.9369100000000001,643,8,0
2024-02-14 12:50:00,1.9369100000000001,1.93744,1.93678,1.93742,651,8,0
2024-02-14 12:55:00,1.93742,1.9376799999999998,1.93709,1.93731,850,8,0
2024-02-14 13:00:00,1.93731,1.9378600000000001,1.93726,1.9375,1103,8,0
2024-02-14 13:05:00,1.93747,1.93792,1.93735,1.93767,1042,8,0
2024-02-14 13:10:00,1.9376799999999998,1.9379,1.9368400000000001,1.93733,854,8,0
2024-02-14 13:15:00,1.9373200000000002,1.93835,1.93724,1.93831,1050,8,0
2024-02-14 13:20:00,1.93831,1.93857,1.93777,1.93851,1082,8,0
2024-02-14 13:25:00,1.9385400000000002,1.9391699999999998,1.93812,1.93864,1057,8,0
2024-02-14 13:30:00,1.93865,1.9386999999999999,1.93801,1.9382700000000002,1075,8,0
2024-02-14 13:35:00,1.9382700000000002,1.93855,1.93811,1.93838,1201,8,0
2024-02-14 13:40:00,1.93837,1.9388100000000001,1.93814,1.9385,1186,8,0
2024-02-14 13:45:00,1.9385,1.93918,1.9384000000000001,1.93912,1021,8,0
2024-02-14 13:50:00,1.93911,1.9394,1.93893,1.9393099999999999,856,8,0
2024-02-14 13:55:00,1.9393,1.9400300000000001,1.9393,1.9396499999999999,883,8,0
2024-02-14 14:00:00,1.9396499999999999,1.93995,1.9395,1.93982,1028,8,0
2024-02-14 14:05:00,1.93984,1.94,1.93927,1.93944,1111,8,0
2024-02-14 14:10:00,1.93947,1.93963,1.93852,1.9386100000000002,1008,8,0
2024-02-14 14:15:00,1.9386100000000002,1.93869,1.93781,1.93783,1054,8,0
2024-02-14 14:20:00,1.93783,1.9381300000000001,1.93729,1.93796,1194,8,0
2024-02-14 14:25:00,1.93796,1.93834,1.93778,1.9381300000000001,1002,8,0
2024-02-14 14:30:00,1.9381300000000001,1.93826,1.9369800000000001,1.93746,2065,8,0
2024-02-14 14:35:00,1.93746,1.93822,1.93743,1.93804,1412,8,0
2024-02-14 14:40:00,1.93804,1.93855,1.93711,1.9372099999999999,1300,8,0
2024-02-14 14:45:00,1.9372099999999999,1.9377499999999999,1.93712,1.93747,1368,8,0
2024-02-14 14:50:00,1.93747,1.9376,1.93696,1.93722,1406,8,0
2024-02-14 14:55:00,1.93722,1.93785,1.9369100000000001,1.9375900000000001,1269,8,0
2024-02-14 15:00:00,1.9375900000000001,1.9382000000000001,1.93709,1.93729,1568,8,0
2024-02-14 15:05:00,1.93729,1.93774,1.93709,1.93761,1338,8,0
2024-02-14 15:10:00,1.93761,1.93803,1.93742,1.9379499999999998,1365,8,0
2024-02-14 15:15:00,1.9379499999999998,1.93811,1.93672,1.93689,1167,8,0
2024-02-14 15:20:00,1.93688,1.9369,1.9359,1.93598,1247,8,0
2024-02-14 15:25:00,1.93598,1.9363899999999998,1.93563,1.9363000000000001,1095,8,0
2024-02-14 15:30:00,1.9363000000000001,1.93655,1.93608,1.9363700000000001,1080,8,0
2024-02-14 15:35:00,1.9363700000000001,1.93659,1.93597,1.93645,1039,8,0
2024-02-14 15:40:00,1.93645,1.93658,1.9359600000000001,1.9360300000000001,1243,8,0
2024-02-14 15:45:00,1.9360300000000001,1.93638,1.9353500000000001,1.93555,1235,8,0
2024-02-14 15:50:00,1.93555,1.93581,1.93502,1.93579,1218,8,0
2024-02-14 15:55:00,1.9357799999999998,1.93591,1.9346,1.93473,1750,8,0
2024-02-14 16:00:00,1.93473,1.93564,1.93473,1.9353099999999999,1460,8,0
2024-02-14 16:05:00,1.9353099999999999,1.93534,1.93479,1.93499,1097,8,0
2024-02-14 16:10:00,1.9350100000000001,1.93573,1.9346,1.93527,930,8,0
2024-02-14 16:15:00,1.93527,1.93544,1.93502,1.9351,1049,8,0
2024-02-14 16:20:00,1.9351,1.9359,1.9351,1.9354200000000001,920,8,0
2024-02-14 16:25:00,1.9354200000000001,1.93548,1.9347699999999999,1.93484,845,8,0
2024-02-14 16:30:00,1.93483,1.9350800000000001,1.9344299999999999,1.93496,896,8,0
2024-02-14 16:35:00,1.93496,1.9351500000000001,1.93472,1.93509,774,8,0
2024-02-14 16:40:00,1.93509,1.9357199999999999,1.93492,1.9355799999999999,704,8,0
2024-02-14 16:45:00,1.9355799999999999,1.93573,1.93526,1.93559,875,8,0
2024-02-14 16:50:00,1.9356200000000001,1.93573,1.9354200000000001,1.9356200000000001,834,8,0
2024-02-14 16:55:00,1.93563,1.9361000000000002,1.93554,1.93573,928,8,0
2024-02-14 17:00:00,1.93574,1.93606,1.93556,1.93602,936,8,0
2024-02-14 17:05:00,1.93602,1.93652,1.93598,1.9365,860,8,0
2024-02-14 17:10:00,1.9365,1.93662,1.93618,1.93647,787,8,0
2024-02-14 17:15:00,1.93647,1.93654,1.93582,1.93594,839,8,0
2024-02-14 17:20:00,1.93593,1.9363700000000001,1.9357799999999998,1.93628,867,8,0
2024-02-14 17:25:00,1.93628,1.93647,1.93604,1.93605,678,8,0
2024-02-14 17:30:00,1.93605,1.93632,1.93598,1.93622,641,8,0
2024-02-14 17:35:00,1.93622,1.9365700000000001,1.9360300000000001,1.9365299999999999,676,8,0
2024-02-14 17:40:00,1.9365299999999999,1.93663,1.9360300000000001,1.93624,708,8,0
2024-02-14 17:45:00,1.93624,1.93636,1.9353799999999999,1.9355,620,8,0
2024-02-14 17:50:00,1.9355,1.93563,1.93505,1.93548,713,8,0
2024-02-14 17:55:00,1.93548,1.93584,1.9354,1.93563,730,8,0
2024-02-14 18:00:00,1.9356200000000001,1.93582,1.93507,1.93519,869,8,0
2024-02-14 18:05:00,1.93518,1.93563,1.93516,1.9355799999999999,724,8,0
2024-02-14 18:10:00,1.9355799999999999,1.93587,1.93529,1.93534,870,8,0
2024-02-14 18:15:00,1.93533,1.93547,1.93512,1.93529,581,8,0
2024-02-14 18:20:00,1.93529,1.93546,1.93502,1.93521,679,8,0
2024-02-14 18:25:00,1.93521,1.93545,1.93495,1.93498,578,8,0
2024-02-14 18:30:00,1.93493,1.93502,1.93465,1.93472,587,8,0
2024-02-14 18:35:00,1.93472,1.93483,1.9344000000000001,1.93455,666,8,0
2024-02-14 18:40:00,1.93455,1.93482,1.93438,1.9345400000000001,566,8,0
2024-02-14 18:45:00,1.9345400000000001,1.93499,1.93451,1.9348800000000002,466,8,0
2024-02-14 18:50:00,1.9348800000000002,1.9354900000000002,1.93484,1.9352800000000001,459,8,0
2024-02-14 18:55:00,1.9352800000000001,1.9357600000000001,1.93527,1.93559,680,8,0
2024-02-14 19:00:00,1.93559,1.93595,1.93559,1.93594,654,8,0
2024-02-14 19:05:00,1.93594,1.93622,1.93593,1.93609,809,8,0
2024-02-14 19:10:00,1.93609,1.93625,1.93591,1.9359199999999999,687,8,0
2024-02-14 19:15:00,1.93593,1.93593,1.9354,1.93555,664,8,0
2024-02-14 19:20:00,1.93555,1.93571,1.9354200000000001,1.9355,581,8,0
2024-02-14 19:25:00,1.9355,1.9355799999999999,1.93523,1.93533,622,8,0
2024-02-14 19:30:00,1.93533,1.9357,1.93518,1.93529,651,8,0
2024-02-14 19:35:00,1.9352800000000001,1.93545,1.93514,1.9354,592,8,0
2024-02-14 19:40:00,1.9354,1.93553,1.9351,1.93523,717,8,0
2024-02-14 19:45:00,1.93523,1.93563,1.93519,1.9354200000000001,708,8,0
2024-02-14 19:50:00,1.93541,1.93545,1.9351500000000001,1.93525,572,8,0
2024-02-14 19:55:00,1.93525,1.9354200000000001,1.9351500000000001,1.93529,732,8,0
2024-02-14 20:00:00,1.9353,1.93571,1.93514,1.9356499999999999,798,8,0
2024-02-14 20:05:00,1.9356499999999999,1.93581,1.93555,1.93561,536,8,0
2024-02-14 20:10:00,1.93561,1.9356900000000001,1.9353,1.9355799999999999,643,8,0
2024-02-14 20:15:00,1.9355799999999999,1.93566,1.93529,1.9353799999999999,569,8,0
2024-02-14 20:20:00,1.9353799999999999,1.93564,1.9353799999999999,1.9355,679,8,0
2024-02-14 20:25:00,1.9354900000000002,1.93556,1.93507,1.9351,565,8,0
2024-02-14 20:30:00,1.9351,1.93554,1.93507,1.93546,715,8,0
2024-02-14 20:35:00,1.93547,1.93559,1.93516,1.9352800000000001,685,8,0
2024-02-14 20:40:00,1.9352800000000001,1.9354200000000001,1.9351699999999998,1.93526,507,8,0
2024-02-14 20:45:00,1.93526,1.93532,1.9351099999999999,1.9352200000000002,546,8,0
2024-02-14 20:50:00,1.9352200000000002,1.93546,1.9351099999999999,1.9353799999999999,548,8,0
2024-02-14 20:55:00,1.9353799999999999,1.93554,1.93509,1.93532,582,8,0
2024-02-14 21:00:00,1.9353099999999999,1.9355799999999999,1.9352200000000002,1.9352800000000001,498,8,0
2024-02-14 21:05:00,1.9352800000000001,1.93545,1.93518,1.9353,283,8,0
2024-02-14 21:10:00,1.9353,1.93564,1.93527,1.9354900000000002,352,8,0
2024-02-14 21:15:00,1.9354900000000002,1.93553,1.9354200000000001,1.93546,268,8,0
2024-02-14 21:20:00,1.93546,1.93548,1.93523,1.93523,188,8,0
2024-02-14 21:25:00,1.93523,1.93533,1.9351,1.93527,166,8,0
2024-02-14 21:30:00,1.93527,1.93543,1.93526,1.93533,109,8,0
2024-02-14 21:35:00,1.93533,1.93547,1.9352800000000001,1.9353799999999999,151,8,0
2024-02-14 21:40:00,1.9353799999999999,1.93555,1.93537,1.93553,131,8,0
2024-02-14 21:45:00,1.93553,1.93563,1.9354200000000001,1.93556,147,8,0
2024-02-14 21:50:00,1.93555,1.93581,1.9352800000000001,1.93553,274,8,0
2024-02-14 21:55:00,1.93555,1.9358,1.93546,1.93547,287,8,0
2024-02-14 22:00:00,1.93544,1.93544,1.93205,1.9346299999999998,26,59,0
2024-02-14 22:05:00,1.9347699999999999,1.93499,1.9346299999999998,1.93485,32,112,0
2024-02-14 22:10:00,1.93485,1.93485,1.93445,1.93466,10,100,0
2024-02-14 22:15:00,1.93466,1.9350399999999999,1.9346100000000002,1.9349699999999999,19,88,0
2024-02-14 22:20:00,1.9349699999999999,1.9351699999999998,1.93483,1.93492,36,62,0
2024-02-14 22:25:00,1.93492,1.93506,1.93492,1.93503,17,76,0
2024-02-14 22:30:00,1.9350399999999999,1.9354200000000001,1.9350399999999999,1.93541,56,37,0
2024-02-14 22:35:00,1.9354200000000001,1.9354200000000001,1.93514,1.93539,46,36,0
2024-02-14 22:40:00,1.93539,1.93552,1.9351,1.9353,188,32,0
2024-02-14 22:45:00,1.9353099999999999,1.93541,1.93469,1.93487,125,36,0
2024-02-14 22:50:00,1.93487,1.93506,1.9348,1.93502,37,37,0
2024-02-14 22:55:00,1.9350399999999999,1.9353099999999999,1.9348800000000002,1.9351699999999998,90,30,0
2024-02-14 23:00:00,1.93513,1.93536,1.93478,1.93478,161,15,0
2024-02-14 23:05:00,1.93478,1.93493,1.93459,1.93491,112,14,0
2024-02-14 23:10:00,1.93491,1.93493,1.93464,1.93466,69,14,0
2024-02-14 23:15:00,1.93466,1.93473,1.9344000000000001,1.93441,219,8,0
2024-02-14 23:20:00,1.93441,1.93445,1.93415,1.93426,254,8,0
2024-02-14 23:25:00,1.93426,1.93457,1.93414,1.93451,269,8,0
2024-02-14 23:30:00,1.93451,1.93451,1.93415,1.93418,206,8,0
2024-02-14 23:35:00,1.93418,1.93451,1.9341300000000001,1.93448,192,8,0
2024-02-14 23:40:00,1.93448,1.9344999999999999,1.93411,1.93419,197,8,0
2024-02-14 23:45:00,1.93419,1.93448,1.93405,1.93405,187,8,0
2024-02-14 23:50:00,1.93405,1.93459,1.93399,1.93407,244,8,0
2024-02-14 23:55:00,1.93407,1.93419,1.93358,1.93372,235,8,0
2024-02-15 00:00:00,1.93371,1.93396,1.93324,1.93331,306,8,0
2024-02-15 00:05:00,1.93331,1.9333900000000002,1.93293,1.93304,274,8,0
2024-02-15 00:10:00,1.93304,1.93346,1.9329,1.93342,211,8,0
2024-02-15 00:15:00,1.93342,1.93374,1.9334099999999999,1.9336799999999998,304,8,0
2024-02-15 00:20:00,1.9336799999999998,1.9338600000000001,1.9336,1.93363,206,8,0
2024-02-15 00:25:00,1.93365,1.9341,1.93309,1.9332,314,8,0
2024-02-15 00:30:00,1.9332,1.93834,1.9332,1.93693,1318,8,0
2024-02-15 00:35:00,1.93692,1.9372,1.9361199999999998,1.93651,956,8,0
2024-02-15 00:40:00,1.9365,1.93676,1.93604,1.93631,545,8,0
2024-02-15 00:45:00,1.93631,1.93729,1.93627,1.93701,561,8,0
2024-02-15 00:50:00,1.93701,1.93792,1.93697,1.93788,601,8,0
2024-02-15 00:55:00,1.9378600000000001,1.93814,1.9375499999999999,1.93799,625,8,0
2024-02-15 01:00:00,1.93799,1.93814,1.93754,1.93792,713,8,0
2024-02-15 01:05:00,1.93792,1.93817,1.93777,1.9378,591,8,0
2024-02-15 01:10:00,1.9378,1.93798,1.9373399999999998,1.9373399999999998,523,8,0
2024-02-15 01:15:00,1.9373399999999998,1.938,1.93731,1.93747,830,8,0
2024-02-15 01:20:00,1.93747,1.93848,1.9374,1.9384299999999999,680,8,0
2024-02-15 01:25:00,1.9384299999999999,1.93947,1.93801,1.93934,804,8,0
2024-02-15 01:30:00,1.93934,1.93936,1.93812,1.9385,891,8,0
2024-02-15 01:35:00,1.9385,1.9393099999999999,1.93842,1.93921,818,8,0
2024-02-15 01:40:00,1.93921,1.9393,1.93883,1.93884,759,8,0
2024-02-15 01:45:00,1.93885,1.93887,1.93825,1.9382700000000002,626,8,0
2024-02-15 01:50:00,1.9382700000000002,1.93841,1.93776,1.93815,699,8,0
2024-02-15 01:55:00,1.93815,1.93821,1.93774,1.93801,527,8,0
2024-02-15 02:00:00,1.93801,1.93858,1.9378,1.93839,747,8,0
2024-02-15 02:05:00,1.93839,1.93868,1.93831,1.93834,559,8,0
2024-02-15 02:10:00,1.93835,1.93857,1.9381599999999999,1.93823,471,8,0
2024-02-15 02:15:00,1.93823,1.93864,1.9381300000000001,1.9382000000000001,432,8,0
2024-02-15 02:20:00,1.9382000000000001,1.93905,1.9382000000000001,1.93883,373,8,0
2024-02-15 02:25:00,1.93883,1.93891,1.9381300000000001,1.93849,304,8,0
2024-02-15 02:30:00,1.93849,1.9385400000000002,1.93784,1.93798,307,8,0
2024-02-15 02:35:00,1.93797,1.93805,1.9372099999999999,1.9374099999999999,505,8,0
2024-02-15 02:40:00,1.9374099999999999,1.9376,1.93715,1.9375,436,8,0
2024-02-15 02:45:00,1.9375,1.93769,1.93738,1.9374099999999999,363,8,0
2024-02-15 02:50:00,1.9374099999999999,1.93747,1.9367,1.93675,322,8,0
2024-02-15 02:55:00,1.93675,1.93739,1.93655,1.93709,532,8,0
2024-02-15 03:00:00,1.93709,1.93743,1.93701,1.93716,469,8,0
2024-02-15 03:05:00,1.93716,1.93728,1.9369100000000001,1.9371399999999999,474,8,0
2024-02-15 03:10:00,1.9371399999999999,1.9373399999999998,1.93686,1.93709,376,8,0
2024-02-15 03:15:00,1.93708,1.9371,1.93682,1.93701,303,8,0
2024-02-15 03:20:00,1.93701,1.93744,1.93699,1.93738,370,8,0
2024-02-15 03:25:00,1.93738,1.9374500000000001,1.93703,1.9372,384,8,0
2024-02-15 03:30:00,1.93723,1.93733,1.93708,1.93711,280,8,0
2024-02-15 03:35:00,1.93711,1.93736,1.93706,1.93715,328,8,0
2024-02-15 03:40:00,1.93715,1.93735,1.93695,1.93696,267,8,0
2024-02-15 03:45:00,1.93696,1.93785,1.93696,1.93764,423,8,0
2024-02-15 03:50:00,1.93764,1.93778,1.93756,1.93763,302,8,0
2024-02-15 03:55:00,1.93763,1.9376799999999998,1.93743,1.93744,297,8,0
2024-02-15 04:00:00,1.93744,1.9375,1.93724,1.93731,310,8,0
2024-02-15 04:05:00,1.93731,1.93749,1.93717,1.9372099999999999,320,8,0
2024-02-15 04:10:00,1.9372,1.9372500000000001,1.93682,1.9368400000000001,253,8,0
2024-02-15 04:15:00,1.9368400000000001,1.93729,1.93683,1.93728,305,8,0
2024-02-15 04:20:00,1.93729,1.9373200000000002,1.93708,1.9371,316,8,0
2024-02-15 04:25:00,1.9371,1.93728,1.93703,1.93719,246,8,0
2024-02-15 04:30:00,1.93719,1.93753,1.93713,1.9374,332,8,0
2024-02-15 04:35:00,1.9374,1.9374500000000001,1.9371800000000001,1.93735,256,8,0
2024-02-15 04:40:00,1.93736,1.93756,1.93733,1.93749,304,8,0
2024-02-15 04:45:00,1.93749,1.93756,1.93735,1.9374799999999999,267,8,0
2024-02-15 04:50:00,1.9374799999999999,1.93773,1.93739,1.93773,276,8,0
2024-02-15 04:55:00,1.93773,1.93774,1.9374500000000001,1.93753,309,8,0
2024-02-15 05:00:00,1.93754,1.93762,1.93715,1.9374,389,8,0
2024-02-15 05:05:00,1.9374,1.93743,1.937,1.93703,284,8,0
2024-02-15 05:10:00,1.93703,1.93712,1.9367999999999999,1.9368400000000001,289,8,0
2024-02-15 05:15:00,1.9368400000000001,1.9369800000000001,1.93669,1.93688,294,8,0
2024-02-15 05:20:00,1.93688,1.93716,1.93686,1.93704,302,8,0
2024-02-15 05:25:00,1.93704,1.9374500000000001,1.93679,1.93682,357,8,0
2024-02-15 05:30:00,1.93682,1.93692,1.93645,1.93679,375,8,0
2024-02-15 05:35:00,1.93676,1.93699,1.93663,1.93699,237,8,0
2024-02-15 05:40:00,1.93699,1.93704,1.93661,1.93667,307,8,0
2024-02-15 05:45:00,1.93667,1.9367,1.93649,1.93656,311,8,0
2024-02-15 05:50:00,1.93656,1.93656,1.9364,1.9364400000000002,203,8,0
2024-02-15 05:55:00,1.93645,1.93677,1.9364400000000002,1.9367100000000002,318,8,0
2024-02-15 06:00:00,1.9367100000000002,1.93696,1.93665,1.9369,391,8,0
2024-02-15 06:05:00,1.9369100000000001,1.9371,1.9367999999999999,1.93688,311,8,0
2024-02-15 06:10:00,1.93688,1.93703,1.9364400000000002,1.93656,358,8,0
2024-02-15 06:15:00,1.9365700000000001,1.93661,1.9363299999999999,1.93654,322,8,0
2024-02-15 06:20:00,1.93654,1.9371,1.93654,1.93685,375,8,0
2024-02-15 06:25:00,1.93685,1.93708,1.93677,1.9369,311,8,0
2024-02-15 06:30:00,1.9369,1.93693,1.93597,1.93605,407,8,0
2024-02-15 06:35:00,1.93605,1.9367,1.93584,1.9365700000000001,289,8,0
2024-02-15 06:40:00,1.9365700000000001,1.93663,1.93635,1.93658,324,8,0
2024-02-15 06:45:00,1.93659,1.93662,1.9355,1.93555,435,8,0
2024-02-15 06:50:00,1.93555,1.9358499999999998,1.93547,1.93547,442,8,0
2024-02-15 06:55:00,1.93545,1.93579,1.93512,1.9353099999999999,513,8,0
2024-02-15 07:00:00,1.9353099999999999,1.93559,1.93254,1.93476,1364,8,0
2024-02-15 07:05:00,1.9347699999999999,1.93523,1.93473,1.9348,950,8,0
2024-02-15 07:10:00,1.9348,1.93514,1.9340000000000002,1.93499,820,8,0
2024-02-15 07:15:00,1.93499,1.9352,1.93361,1.9336600000000002,816,8,0
2024-02-15 07:20:00,1.9336600000000002,1.9337499999999999,1.93296,1.93303,685,8,0
2024-02-15 07:25:00,1.93303,1.9331,1.9324,1.9328400000000001,807,8,0
2024-02-15 07:30:00,1.9328400000000001,1.93331,1.9326400000000001,1.93279,1232,8,0
2024-02-15 07:35:00,1.93279,1.93279,1.93204,1.93216,843,8,0
2024-02-15 07:40:00,1.93216,1.93269,1.9321000000000002,1.93235,838,8,0
2024-02-15 07:45:00,1.93235,1.93261,1.93205,1.9321700000000002,911,8,0
2024-02-15 07:50:00,1.9321700000000002,1.93221,1.93145,1.93146,790,8,0
2024-02-15 07:55:00,1.93146,1.9319600000000001,1.9310100000000001,1.93195,694,8,0
2024-02-15 08:00:00,1.9319600000000001,1.9319600000000001,1.9310399999999999,1.9312399999999998,874,8,0
2024-02-15 08:05:00,1.9312399999999998,1.93139,1.9304000000000001,1.93069,919,8,0
2024-02-15 08:10:00,1.93069,1.9315600000000002,1.93069,1.9314900000000002,1054,8,0
2024-02-15 08:15:00,1.9314900000000002,1.932,1.93082,1.9319899999999999,874,8,0
2024-02-15 08:20:00,1.9319899999999999,1.93208,1.9313099999999999,1.93174,852,8,0
2024-02-15 08:25:00,1.93174,1.9317600000000001,1.93121,1.93139,780,8,0
2024-02-15 08:30:00,1.9313799999999999,1.9318,1.93099,1.93128,779,8,0
2024-02-15 08:35:00,1.93128,1.93202,1.93119,1.9318300000000002,777,8,0
2024-02-15 08:40:00,1.9318300000000002,1.93205,1.93155,1.93178,816,8,0
2024-02-15 08:45:00,1.93178,1.93236,1.93157,1.93177,652,8,0
2024-02-15 08:50:00,1.93178,1.9325700000000001,1.93178,1.93234,713,8,0
2024-02-15 08:55:00,1.93234,1.93293,1.9321899999999999,1.93232,824,8,0
2024-02-15 09:00:00,1.93232,1.93268,1.9319199999999999,1.9326400000000001,733,8,0
2024-02-15 09:05:00,1.9326400000000001,1.93269,1.93231,1.93256,769,8,0
2024-02-15 09:10:00,1.9325700000000001,1.93272,1.93184,1.93227,845,8,0
2024-02-15 09:15:00,1.93227,1.93263,1.9320599999999999,1.9322,730,8,0
2024-02-15 09:20:00,1.9322,1.9323000000000001,1.93163,1.93211,719,8,0
2024-02-15 09:25:00,1.93211,1.9325,1.9319600000000001,1.93234,605,8,0
2024-02-15 09:30:00,1.9323299999999999,1.93258,1.93225,1.93245,522,8,0
2024-02-15 09:35:00,1.93245,1.93285,1.93232,1.93259,523,8,0
2024-02-15 09:40:00,1.93258,1.9326400000000001,1.9321899999999999,1.9321899999999999,750,8,0
2024-02-15 09:45:00,1.9322,1.9325999999999999,1.93198,1.93238,690,8,0
2024-02-15 09:50:00,1.93238,1.93279,1.9322599999999999,1.9327100000000002,583,8,0
2024-02-15 09:55:00,1.93272,1.93303,1.93243,1.93272,590,8,0
2024-02-15 10:00:00,1.93272,1.93283,1.9323000000000001,1.93258,522,8,0
2024-02-15 10:05:00,1.93258,1.93306,1.9325299999999999,1.93262,515,8,0
2024-02-15 10:10:00,1.9325999999999999,1.93288,1.93256,1.93281,551,8,0
2024-02-15 10:15:00,1.93282,1.9331800000000001,1.93228,1.93232,639,8,0
2024-02-15 10:20:00,1.93232,1.93247,1.93211,1.9322,554,8,0
2024-02-15 10:25:00,1.9322,1.9324,1.93181,1.93222,525,8,0
2024-02-15 10:30:00,1.93222,1.9327299999999998,1.9317,1.93173,615,8,0
2024-02-15 10:35:00,1.93173,1.93204,1.9317199999999999,1.9318499999999998,550,8,0
2024-02-15 10:40:00,1.9318499999999998,1.93195,1.93157,1.9316900000000001,504,8,0
2024-02-15 10:45:00,1.9316900000000001,1.93201,1.93133,1.93186,489,8,0
2024-02-15 10:50:00,1.93186,1.93224,1.93174,1.93182,621,8,0
2024-02-15 10:55:00,1.93182,1.93222,1.93163,1.9321199999999998,696,8,0
2024-02-15 11:00:00,1.9321199999999998,1.93247,1.93152,1.93154,685,8,0
2024-02-15 11:05:00,1.93152,1.93152,1.93068,1.93076,631,8,0
2024-02-15 11:10:00,1.93076,1.93126,1.9306100000000002,1.93126,499,8,0
2024-02-15 11:15:00,1.93125,1.93182,1.9311099999999999,1.93155,497,8,0
2024-02-15 11:20:00,1.93159,1.93164,1.9314,1.93153,418,8,0
2024-02-15 11:25:00,1.93153,1.93157,1.93069,1.9307699999999999,552,8,0
2024-02-15 11:30:00,1.93078,1.9308800000000002,1.9302700000000002,1.93039,529,8,0
2024-02-15 11:35:00,1.93039,1.93079,1.93019,1.93051,660,8,0
2024-02-15 11:40:00,1.9304999999999999,1.93071,1.9302899999999998,1.93065,388,8,0
2024-02-15 11:45:00,1.93065,1.93078,1.93019,1.9302000000000001,424,8,0
2024-02-15 11:50:00,1.9302000000000001,1.93103,1.93015,1.93102,359,8,0
2024-02-15 11:55:00,1.93099,1.93103,1.9306299999999998,1.93064,473,8,0
2024-02-15 12:00:00,1.93064,1.9310800000000001,1.93051,1.93086,498,8,0
2024-02-15 12:05:00,1.93086,1.93086,1.93012,1.93023,423,8,0
2024-02-15 12:10:00,1.93023,1.9304999999999999,1.93021,1.9304299999999999,423,8,0
2024-02-15 12:15:00,1.9304299999999999,1.93072,1.93022,1.93072,604,8,0
2024-02-15 12:20:00,1.93072,1.93079,1.93055,1.9306999999999999,591,8,0
2024-02-15 12:25:00,1.9306999999999999,1.93109,1.93038,1.93105,670,8,0
2024-02-15 12:30:00,1.93107,1.93136,1.93089,1.93103,631,8,0
2024-02-15 12:35:00,1.93103,1.93105,1.9302000000000001,1.93039,488,8,0
2024-02-15 12:40:00,1.93039,1.93041,1.92999,1.93008,465,8,0
2024-02-15 12:45:00,1.93005,1.93042,1.9298600000000001,1.92991,602,8,0
2024-02-15 12:50:00,1.92992,1.93001,1.92949,1.92953,781,8,0
2024-02-15 12:55:00,1.92953,1.92992,1.9294799999999999,1.92988,780,8,0
2024-02-15 13:00:00,1.92988,1.93032,1.92978,1.9300199999999998,777,8,0
2024-02-15 13:05:00,1.93001,1.9300899999999999,1.9294799999999999,1.9296,807,8,0
2024-02-15 13:10:00,1.9296,1.9296,1.92885,1.92893,569,8,0
2024-02-15 13:15:00,1.92893,1.9296600000000002,1.9289100000000001,1.92965,653,8,0
2024-02-15 13:20:00,1.92965,1.9296600000000002,1.9285299999999999,1.92865,1116,8,0
2024-02-15 13:25:00,1.92866,1.9287800000000002,1.9275600000000002,1.92798,794,8,0
2024-02-15 13:30:00,1.9279,1.92795,1.92533,1.92782,2795,8,0
2024-02-15 13:35:00,1.92784,1.92831,1.9272,1.92727,2159,8,0
2024-02-15 13:40:00,1.9273,1.92766,1.9268100000000001,1.9268999999999998,2008,8,0
2024-02-15 13:45:00,1.9268999999999998,1.9276499999999999,1.92638,1.9274900000000001,2100,8,0
2024-02-15 13:50:00,1.9275,1.92856,1.9274200000000001,1.92849,1858,8,0
2024-02-15 13:55:00,1.92849,1.92879,1.9278300000000002,1.9282,1960,8,0
2024-02-15 14:00:00,1.92818,1.92892,1.92809,1.92856,1898,8,0
2024-02-15 14:05:00,1.92856,1.9295200000000001,1.92842,1.92949,1788,8,0
2024-02-15 14:10:00,1.9295,1.92997,1.9292,1.9296600000000002,1271,8,0
2024-02-15 14:15:00,1.9296799999999998,1.92978,1.92923,1.92935,1595,8,0
2024-02-15 14:20:00,1.92935,1.9302000000000001,1.9291,1.93019,1341,8,0
2024-02-15 14:25:00,1.93018,1.93039,1.9293900000000002,1.9294,1441,8,0
2024-02-15 14:30:00,1.9294,1.93042,1.9291800000000001,1.93038,1926,8,0
2024-02-15 14:35:00,1.93039,1.93039,1.92937,1.92957,1844,8,0
2024-02-15 14:40:00,1.92958,1.93022,1.92929,1.93012,1705,8,0
2024-02-15 14:45:00,1.9301300000000001,1.93023,1.92933,1.92983,1627,8,0
2024-02-15 14:50:00,1.92983,1.93032,1.92895,1.93006,1718,8,0
2024-02-15 14:55:00,1.93006,1.93046,1.92971,1.92981,1165,8,0
2024-02-15 15:00:00,1.9297900000000001,1.9304000000000001,1.92938,1.93018,1467,8,0
2024-02-15 15:05:00,1.93018,1.9304000000000001,1.9295900000000001,1.92978,1484,8,0
2024-02-15 15:10:00,1.92978,1.92997,1.9293200000000001,1.92967,1124,8,0
2024-02-15 15:15:00,1.92967,1.92996,1.92934,1.92954,1151,8,0
2024-02-15 15:20:00,1.92954,1.92977,1.9289399999999999,1.92909,1333,8,0
2024-02-15 15:25:00,1.92909,1.92967,1.92879,1.92951,1220,8,0
2024-02-15 15:30:00,1.92951,1.93041,1.92911,1.93035,1566,8,0
2024-02-15 15:35:00,1.93035,1.93099,1.9302700000000002,1.93042,1440,8,0
2024-02-15 15:40:00,1.93042,1.9313500000000001,1.93042,1.93121,1372,8,0
2024-02-15 15:45:00,1.9312,1.93134,1.93068,1.9308100000000001,1428,8,0
2024-02-15 15:50:00,1.9308,1.93134,1.9306299999999998,1.93116,1404,8,0
2024-02-15 15:55:00,1.93116,1.93144,1.93071,1.93098,1369,8,0
2024-02-15 16:00:00,1.93099,1.93186,1.9309699999999999,1.93164,1674,8,0
2024-02-15 16:05:00,1.93163,1.93265,1.93147,1.93252,1313,8,0
2024-02-15 16:10:00,1.93252,1.93279,1.93218,1.93251,1354,8,0
2024-02-15 16:15:00,1.93252,1.93281,1.93239,1.93263,1195,8,0
2024-02-15 16:20:00,1.93263,1.9329800000000001,1.9325299999999999,1.9327800000000002,1061,8,0
2024-02-15 16:25:00,1.9327800000000002,1.93308,1.93229,1.9326400000000001,1246,8,0
2024-02-15 16:30:00,1.9326400000000001,1.93283,1.9320599999999999,1.9322,1118,8,0
2024-02-15 16:35:00,1.93218,1.93263,1.9320300000000001,1.93245,738,8,0
2024-02-15 16:40:00,1.93245,1.93281,1.9323299999999999,1.93277,881,8,0
2024-02-15 16:45:00,1.93277,1.93303,1.93262,1.93274,1000,8,0
2024-02-15 16:50:00,1.93274,1.93331,1.93255,1.9329800000000001,878,8,0
2024-02-15 16:55:00,1.9329800000000001,1.93327,1.9329100000000001,1.93303,875,8,0
2024-02-15 17:00:00,1.93303,1.93309,1.9326400000000001,1.93283,1104,8,0
2024-02-15 17:05:00,1.93285,1.93293,1.93262,1.93269,775,8,0
2024-02-15 17:10:00,1.93269,1.9329100000000001,1.9325,1.93274,700,8,0
2024-02-15 17:15:00,1.93274,1.93301,1.9327100000000002,1.93286,473,8,0
2024-02-15 17:20:00,1.93286,1.93311,1.93274,1.93299,570,8,0
2024-02-15 17:25:00,1.93299,1.93306,1.9327100000000002,1.9329100000000001,526,8,0
2024-02-15 17:30:00,1.9329100000000001,1.9333399999999998,1.93289,1.93322,530,8,0
2024-02-15 17:35:00,1.93319,1.93324,1.9327999999999999,1.93324,575,8,0
2024-02-15 17:40:00,1.93324,1.93347,1.9331,1.93324,605,8,0
2024-02-15 17:45:00,1.93324,1.9335900000000001,1.93308,1.9335200000000001,647,8,0
2024-02-15 17:50:00,1.9335200000000001,1.93354,1.9332500000000001,1.93343,582,8,0
2024-02-15 17:55:00,1.93344,1.93357,1.93322,1.93336,730,8,0
2024-02-15 18:00:00,1.93336,1.93347,1.93302,1.93347,795,8,0
2024-02-15 18:05:00,1.93347,1.9334799999999999,1.93266,1.93277,851,8,0
2024-02-15 18:10:00,1.93277,1.93279,1.9323000000000001,1.93236,798,8,0
2024-02-15 18:15:00,1.93236,1.93262,1.9322300000000001,1.93255,882,8,0
2024-02-15 18:20:00,1.93255,1.9327,1.93243,1.93251,804,8,0
2024-02-15 18:25:00,1.93251,1.9326400000000001,1.93208,1.93224,634,8,0
2024-02-15 18:30:00,1.93225,1.93249,1.9320300000000001,1.9322,651,8,0
2024-02-15 18:35:00,1.9322,1.9323700000000001,1.9319600000000001,1.93208,778,8,0
2024-02-15 18:40:00,1.93208,1.93221,1.93173,1.93213,764,8,0
2024-02-15 18:45:00,1.93213,1.9325299999999999,1.9321000000000002,1.93234,686,8,0
2024-02-15 18:50:00,1.93234,1.9323700000000001,1.93209,1.9322599999999999,572,8,0
2024-02-15 18:55:00,1.9322599999999999,1.93243,1.93216,1.9322300000000001,599,8,0
2024-02-15 19:00:00,1.9322300000000001,1.93234,1.9318,1.93181,640,8,0
2024-02-15 19:05:00,1.93181,1.93193,1.9313799999999999,1.93145,936,8,0
2024-02-15 19:10:00,1.93145,1.9319199999999999,1.9312200000000002,1.9317600000000001,947,8,0
2024-02-15 19:15:00,1.9317600000000001,1.93182,1.93148,1.9315600000000002,768,8,0
2024-02-15 19:20:00,1.9315600000000002,1.9317600000000001,1.93147,1.9316900000000001,609,8,0
2024-02-15 19:25:00,1.9317,1.9319199999999999,1.93145,1.93153,787,8,0
2024-02-15 19:30:00,1.93154,1.93161,1.9313500000000001,1.93148,539,8,0
2024-02-15 19:35:00,1.93148,1.93157,1.9313799999999999,1.93148,655,8,0
2024-02-15 19:40:00,1.93147,1.93159,1.93133,1.9313500000000001,574,8,0
2024-02-15 19:45:00,1.9313500000000001,1.93143,1.93109,1.93113,537,8,0
2024-02-15 19:50:00,1.93114,1.93128,1.93102,1.93126,632,8,0
2024-02-15 19:55:00,1.93126,1.93129,1.93098,1.93112,834,8,0
2024-02-15 20:00:00,1.93112,1.9316499999999999,1.9311099999999999,1.9315,676,8,0
2024-02-15 20:05:00,1.9314900000000002,1.9322,1.9314900000000002,1.9321700000000002,708,8,0
2024-02-15 20:10:00,1.9321700000000002,1.9321899999999999,1.93171,1.93177,568,8,0
2024-02-15 20:15:00,1.93177,1.932,1.9317199999999999,1.93186,496,8,0
2024-02-15 20:20:00,1.93186,1.93191,1.9316,1.93177,650,8,0
2024-02-15 20:25:00,1.93177,1.93178,1.93123,1.9313799999999999,657,8,0
2024-02-15 20:30:00,1.93137,1.93148,1.93114,1.93144,585,8,0
2024-02-15 20:35:00,1.93144,1.9316499999999999,1.9313500000000001,1.9316200000000001,686,8,0
2024-02-15 20:40:00,1.93163,1.9317600000000001,1.93153,1.9315600000000002,542,8,0
2024-02-15 20:45:00,1.9315600000000002,1.93177,1.9314200000000001,1.93147,645,8,0
2024-02-15 20:50:00,1.93147,1.9314900000000002,1.93113,1.93134,803,8,0
2024-02-15 20:55:00,1.93134,1.93144,1.93113,1.93114,711,8,0
2024-02-15 21:00:00,1.93113,1.93127,1.93098,1.9311099999999999,391,8,0
2024-02-15 21:05:00,1.9311099999999999,1.93116,1.93098,1.9311,359,8,0
2024-02-15 21:10:00,1.9311,1.93119,1.931,1.93114,218,8,0
2024-02-15 21:15:00,1.93114,1.93119,1.93092,1.93094,223,8,0
2024-02-15 21:20:00,1.93094,1.9310399999999999,1.9308999999999998,1.93098,209,8,0
2024-02-15 21:25:00,1.93098,1.93098,1.93064,1.93072,142,8,0
2024-02-15 21:30:00,1.93072,1.93087,1.9306999999999999,1.93075,182,8,0
2024-02-15 21:35:00,1.9307699999999999,1.93102,1.9306,1.9306999999999999,184,8,0
2024-02-15 21:40:00,1.93071,1.93084,1.9306,1.93084,107,8,0
2024-02-15 21:45:00,1.93084,1.9313500000000001,1.93084,1.93125,678,8,0
2024-02-15 21:50:00,1.93125,1.9313099999999999,1.93093,1.93107,911,8,0
2024-02-15 21:55:00,1.93107,1.93141,1.93091,1.9310100000000001,557,8,0
2024-02-15 22:00:00,1.9310100000000001,1.9310100000000001,1.92784,1.92997,25,17,0
2024-02-15 22:05:00,1.92997,1.9301,1.92964,1.93004,19,95,0
2024-02-15 22:10:00,1.93004,1.93034,1.92965,1.92972,49,78,0
2024-02-15 22:15:00,1.92972,1.92997,1.92962,1.92985,44,110,0
2024-02-15 22:20:00,1.92985,1.93005,1.9298199999999999,1.9298199999999999,11,94,0
2024-02-15 22:25:00,1.9298199999999999,1.9300199999999998,1.9298199999999999,1.9298199999999999,9,95,0
2024-02-15 22:30:00,1.9298199999999999,1.93031,1.9298199999999999,1.93023,30,82,0
2024-02-15 22:35:00,1.93023,1.93042,1.93023,1.93039,53,65,0
2024-02-15 22:40:00,1.93039,1.93079,1.93021,1.93079,132,30,0
2024-02-15 22:45:00,1.93079,1.93079,1.93031,1.9305400000000001,108,31,0
2024-02-15 22:50:00,1.9305400000000001,1.93059,1.93019,1.93045,111,28,0
2024-02-15 22:55:00,1.93045,1.9310100000000001,1.9303599999999999,1.93093,65,8,0
2024-02-15 23:00:00,1.93089,1.93109,1.93064,1.9309699999999999,242,18,0
2024-02-15 23:05:00,1.9309699999999999,1.93129,1.93091,1.9312,147,8,0
2024-02-15 23:10:00,1.9312,1.93129,1.9308,1.93085,233,8,0
2024-02-15 23:15:00,1.93085,1.93093,1.9307699999999999,1.93084,190,8,0
2024-02-15 23:20:00,1.93083,1.93099,1.93065,1.93094,264,8,0
2024-02-15 23:25:00,1.93092,1.93103,1.9307699999999999,1.93086,207,8,0
2024-02-15 23:30:00,1.93086,1.9310399999999999,1.9308,1.9309500000000002,171,8,0
2024-02-15 23:35:00,1.9309500000000002,1.9310800000000001,1.93078,1.93086,180,8,0
2024-02-15 23:40:00,1.93086,1.9310800000000001,1.93082,1.9310800000000001,158,8,0
2024-02-15 23:45:00,1.93109,1.9312200000000002,1.9309500000000002,1.93105,221,8,0
2024-02-15 23:50:00,1.93105,1.93109,1.9307699999999999,1.9310399999999999,248,8,0
2024-02-15 23:55:00,1.9310399999999999,1.9312200000000002,1.93065,1.93068,334,8,0
2024-02-16 00:00:00,1.93068,1.93152,1.93062,1.93117,496,8,0
2024-02-16 00:05:00,1.93117,1.93134,1.93092,1.9313099999999999,311,8,0
2024-02-16 00:10:00,1.9313099999999999,1.9317199999999999,1.93121,1.9316499999999999,397,8,0
2024-02-16 00:15:00,1.9316499999999999,1.93188,1.93134,1.9318300000000002,369,8,0
2024-02-16 00:20:00,1.9318300000000002,1.93184,1.93128,1.93145,484,8,0
2024-02-16 00:25:00,1.93145,1.9315,1.93118,1.93136,343,8,0
2024-02-16 00:30:00,1.93136,1.93187,1.93119,1.93175,501,8,0
2024-02-16 00:35:00,1.93175,1.93178,1.9314,1.9315799999999999,339,8,0
2024-02-16 00:40:00,1.9315799999999999,1.93209,1.93144,1.93204,320,8,0
2024-02-16 00:45:00,1.93204,1.93207,1.93171,1.93195,455,8,0
2024-02-16 00:50:00,1.93195,1.93231,1.9317600000000001,1.9319199999999999,844,8,0
2024-02-16 00:55:00,1.93186,1.93256,1.93186,1.93242,618,8,0
2024-02-16 01:00:00,1.93242,1.933,1.93222,1.93288,795,8,0
2024-02-16 01:05:00,1.93288,1.9332799999999999,1.93272,1.93323,627,8,0
2024-02-16 01:10:00,1.93323,1.93326,1.93216,1.93242,803,8,0
2024-02-16 01:15:00,1.93238,1.93282,1.9323299999999999,1.93272,800,8,0
2024-02-16 01:20:00,1.93272,1.93274,1.9323700000000001,1.93256,644,8,0
2024-02-16 01:25:00,1.93256,1.93282,1.93248,1.9325999999999999,497,8,0
2024-02-16 01:30:00,1.93261,1.93327,1.9324599999999998,1.93326,667,8,0
2024-02-16 01:35:00,1.93326,1.93326,1.9326699999999999,1.93302,749,8,0
2024-02-16 01:40:00,1.93304,1.93336,1.93293,1.93293,669,8,0
2024-02-16 01:45:00,1.93293,1.9330699999999998,1.9327299999999998,1.93289,533,8,0
2024-02-16 01:50:00,1.93289,1.9329800000000001,1.93249,1.93249,648,8,0
2024-02-16 01:55:00,1.93249,1.93256,1.9320599999999999,1.93238,593,8,0
2024-02-16 02:00:00,1.93238,1.9327800000000002,1.9321000000000002,1.93274,609,8,0
2024-02-16 02:05:00,1.93274,1.93331,1.9327,1.9330699999999998,592,8,0
2024-02-16 02:10:00,1.9330699999999998,1.93346,1.9327999999999999,1.93286,553,8,0
2024-02-16 02:15:00,1.93286,1.9329,1.93249,1.93249,442,8,0
2024-02-16 02:20:00,1.93249,1.9325299999999999,1.9322,1.93234,462,8,0
2024-02-16 02:25:00,1.93234,1.9323700000000001,1.93153,1.93154,516,8,0
2024-02-16 02:30:00,1.93154,1.9319899999999999,1.93132,1.9318,615,8,0
2024-02-16 02:35:00,1.93181,1.9321199999999998,1.9316900000000001,1.93171,397,8,0
2024-02-16 02:40:00,1.9317,1.93191,1.93148,1.93167,483,8,0
2024-02-16 02:45:00,1.93167,1.93224,1.93167,1.93209,536,8,0
2024-02-16 02:50:00,1.93209,1.9322300000000001,1.9316,1.9316,598,8,0
2024-02-16 02:55:00,1.9316,1.93188,1.93157,1.93184,611,8,0
2024-02-16 03:00:00,1.93184,1.93232,1.93181,1.93232,534,8,0
2024-02-16 03:05:00,1.93232,1.9323299999999999,1.9316499999999999,1.9317199999999999,417,8,0
2024-02-16 03:10:00,1.9317199999999999,1.93201,1.9315,1.9317199999999999,463,8,0
2024-02-16 03:15:00,1.93171,1.93178,1.93146,1.93164,398,8,0
2024-02-16 03:20:00,1.93164,1.93184,1.9315,1.9315799999999999,441,8,0
2024-02-16 03:25:00,1.9315799999999999,1.93159,1.9312,1.93137,466,8,0
2024-02-16 03:30:00,1.93137,1.93166,1.93112,1.9313799999999999,417,8,0
2024-02-16 03:35:00,1.9313799999999999,1.93152,1.9312200000000002,1.93134,292,8,0
2024-02-16 03:40:00,1.93134,1.9315,1.9311099999999999,1.93144,254,8,0
2024-02-16 03:45:00,1.93144,1.9318,1.93128,1.9316,340,8,0
2024-02-16 03:50:00,1.9316,1.93177,1.93144,1.93144,387,8,0
2024-02-16 03:55:00,1.93144,1.93144,1.93113,1.9314,513,8,0
2024-02-16 04:00:00,1.9314,1.93155,1.93133,1.93146,342,8,0
2024-02-16 04:05:00,1.93146,1.9316200000000001,1.93139,1.93157,372,8,0
2024-02-16 04:10:00,1.9315799999999999,1.93174,1.93127,1.93127,476,8,0
2024-02-16 04:15:00,1.93127,1.93133,1.9311,1.93129,377,8,0
2024-02-16 04:20:00,1.93129,1.93167,1.93116,1.93155,332,8,0
2024-02-16 04:25:00,1.93155,1.9316,1.93116,1.93118,291,8,0
2024-02-16 04:30:00,1.93118,1.93129,1.93086,1.93087,350,8,0
2024-02-16 04:35:00,1.93087,1.93109,1.93079,1.9309500000000002,314,8,0
2024-02-16 04:40:00,1.9309500000000002,1.9311099999999999,1.9307400000000001,1.93109,323,8,0
2024-02-16 04:45:00,1.93109,1.93127,1.93055,1.93085,486,8,0
2024-02-16 04:50:00,1.93085,1.9309699999999999,1.9306,1.93075,396,8,0
2024-02-16 04:55:00,1.93075,1.9308800000000002,1.9306,1.93064,435,8,0
2024-02-16 05:00:00,1.93064,1.93072,1.93034,1.93039,475,8,0
2024-02-16 05:05:00,1.93038,1.93075,1.9303599999999999,1.93069,427,8,0
2024-02-16 05:10:00,1.9306999999999999,1.93079,1.93049,1.9305400000000001,452,8,0
2024-02-16 05:15:00,1.9305400000000001,1.9308,1.93007,1.93011,439,8,0
2024-02-16 05:20:00,1.93011,1.93031,1.92985,1.93019,415,8,0
2024-02-16 05:25:00,1.9302000000000001,1.9303,1.92999,1.93001,380,8,0
2024-02-16 05:30:00,1.93001,1.93011,1.92983,1.92995,472,8,0
2024-02-16 05:35:00,1.92995,1.93006,1.92974,1.92977,417,8,0
2024-02-16 05:40:00,1.92977,1.9300199999999998,1.92976,1.9300000000000002,433,8,0
2024-02-16 05:45:00,1.92999,1.9300000000000002,1.9297,1.92984,340,8,0
2024-02-16 05:50:00,1.92985,1.9301,1.9298,1.9300000000000002,387,8,0
2024-02-16 05:55:00,1.93001,1.93031,1.9299,1.93026,435,8,0
2024-02-16 06:00:00,1.93026,1.93033,1.92978,1.92978,355,8,0
2024-02-16 06:05:00,1.92978,1.93006,1.92927,1.9292799999999999,448,8,0
2024-02-16 06:10:00,1.9292799999999999,1.92978,1.9292,1.92976,281,8,0
2024-02-16 06:15:00,1.92976,1.92983,1.9292099999999999,1.92954,319,8,0
2024-02-16 06:20:00,1.9295499999999999,1.92985,1.9295,1.92972,488,8,0
2024-02-16 06:25:00,1.92972,1.9301300000000001,1.92965,1.9300899999999999,443,8,0
2024-02-16 06:30:00,1.9300899999999999,1.93042,1.92978,1.92981,474,8,0
2024-02-16 06:35:00,1.9298,1.92992,1.9295499999999999,1.92971,269,8,0
2024-02-16 06:40:00,1.92971,1.92998,1.92965,1.92981,376,8,0
2024-02-16 06:45:00,1.92981,1.93003,1.92945,1.92946,353,8,0
2024-02-16 06:50:00,1.92946,1.92949,1.92906,1.9293900000000002,472,8,0
2024-02-16 06:55:00,1.9293900000000002,1.92956,1.9290500000000002,1.92923,502,8,0
2024-02-16 07:00:00,1.92923,1.93248,1.92915,1.93052,1356,8,0
2024-02-16 07:05:00,1.93049,1.93154,1.93024,1.93044,911,8,0
2024-02-16 07:10:00,1.9304299999999999,1.9304299999999999,1.9289399999999999,1.9289399999999999,964,8,0
2024-02-16 07:15:00,1.9289399999999999,1.92902,1.92851,1.9285999999999999,778,8,0
2024-02-16 07:20:00,1.9285999999999999,1.92866,1.9281000000000001,1.9281700000000002,912,8,0
2024-02-16 07:25:00,1.9281700000000002,1.92877,1.92808,1.92842,866,8,0
2024-02-16 07:30:00,1.92842,1.93028,1.92838,1.9302000000000001,912,8,0
2024-02-16 07:35:00,1.9302000000000001,1.9307699999999999,1.93014,1.93038,913,8,0
2024-02-16 07:40:00,1.93039,1.93075,1.93024,1.9304700000000001,733,8,0
2024-02-16 07:45:00,1.9304700000000001,1.93066,1.9299,1.92998,895,8,0
2024-02-16 07:50:00,1.92998,1.93033,1.92976,1.92997,739,8,0
2024-02-16 07:55:00,1.92996,1.93042,1.9298199999999999,1.93003,860,8,0
2024-02-16 08:00:00,1.92998,1.93055,1.92964,1.92985,1218,8,0
2024-02-16 08:05:00,1.92985,1.9300899999999999,1.92962,1.9296600000000002,1086,8,0
2024-02-16 08:10:00,1.9296600000000002,1.9305400000000001,1.92953,1.9305400000000001,985,8,0
2024-02-16 08:15:00,1.93052,1.9306100000000002,1.92906,1.9291399999999999,883,8,0
2024-02-16 08:20:00,1.92915,1.92934,1.92886,1.92917,928,8,0
2024-02-16 08:25:00,1.92917,1.9294099999999998,1.92804,1.92813,865,8,0
2024-02-16 08:30:00,1.92813,1.92886,1.9279600000000001,1.9287800000000002,986,8,0
2024-02-16 08:35:00,1.9287800000000002,1.92951,1.9287800000000002,1.92946,806,8,0
2024-02-16 08:40:00,1.92946,1.9298,1.92929,1.9298,1069,8,0
2024-02-16 08:45:00,1.92978,1.9299300000000001,1.9294799999999999,1.9299300000000001,827,8,0
2024-02-16 08:50:00,1.9299300000000001,1.92999,1.92896,1.92908,762,8,0
2024-02-16 08:55:00,1.92908,1.92924,1.9287100000000001,1.9288699999999999,849,8,0
2024-02-16 09:00:00,1.9288699999999999,1.9290699999999998,1.92855,1.92902,809,8,0
2024-02-16 09:05:00,1.92901,1.92958,1.92895,1.92945,788,8,0
2024-02-16 09:10:00,1.92946,1.9295900000000001,1.92908,1.9293900000000002,748,8,0
2024-02-16 09:15:00,1.9293900000000002,1.9296600000000002,1.92934,1.9293900000000002,689,8,0
2024-02-16 09:20:00,1.9293900000000002,1.92957,1.9285,1.9286400000000001,617,8,0
2024-02-16 09:25:00,1.9286400000000001,1.92923,1.92847,1.92893,768,8,0
2024-02-16 09:30:00,1.92893,1.92945,1.9289100000000001,1.92935,793,8,0
2024-02-16 09:35:00,1.92935,1.93003,1.9292099999999999,1.9297499999999999,732,8,0
2024-02-16 09:40:00,1.9297499999999999,1.93026,1.9295200000000001,1.93008,800,8,0
2024-02-16 09:45:00,1.93008,1.93045,1.92977,1.9298,718,8,0
2024-02-16 09:50:00,1.9298,1.92987,1.9295499999999999,1.92976,716,8,0
2024-02-16 09:55:00,1.92976,1.92983,1.9292500000000001,1.9293200000000001,770,8,0
2024-02-16 10:00:00,1.92934,1.92992,1.9292,1.9296600000000002,799,8,0
2024-02-16 10:05:00,1.9296600000000002,1.92967,1.92909,1.9292500000000001,586,8,0
2024-02-16 10:10:00,1.92927,1.92927,1.92855,1.92877,549,8,0
2024-02-16 10:15:00,1.92877,1.9288699999999999,1.92865,1.9287,467,8,0
2024-02-16 10:20:00,1.92868,1.92892,1.9284599999999998,1.9287800000000002,532,8,0
2024-02-16 10:25:00,1.92877,1.9292,1.92877,1.92913,569,8,0
2024-02-16 10:30:00,1.92913,1.92935,1.92897,1.92899,612,8,0
2024-02-16 10:35:00,1.92899,1.92919,1.92885,1.92901,517,8,0
2024-02-16 10:40:00,1.92901,1.9292,1.92895,1.92896,426,8,0
2024-02-16 10:45:00,1.92896,1.92936,1.9287999999999998,1.92929,478,8,0
2024-02-16 10:50:00,1.9292799999999999,1.92969,1.9292099999999999,1.9296600000000002,349,8,0
2024-02-16 10:55:00,1.9296600000000002,1.92974,1.9294099999999998,1.92951,631,8,0
2024-02-16 11:00:00,1.92951,1.92988,1.9294099999999998,1.9296799999999998,601,8,0
2024-02-16 11:05:00,1.9296799999999998,1.9298899999999999,1.92962,1.9296600000000002,500,8,0
2024-02-16 11:10:00,1.9296600000000002,1.92983,1.9292799999999999,1.9293,626,8,0
2024-02-16 11:15:00,1.9293,1.9298199999999999,1.92927,1.9297900000000001,580,8,0
2024-02-16 11:20:00,1.9297900000000001,1.9301,1.92963,1.9299300000000001,470,8,0
2024-02-16 11:25:00,1.9299300000000001,1.93006,1.92973,1.92988,463,8,0
2024-02-16 11:30:00,1.92988,1.93001,1.92963,1.92985,491,8,0
2024-02-16 11:35:00,1.92985,1.93028,1.92983,1.9301599999999999,675,8,0
2024-02-16 11:40:00,1.9301599999999999,1.93059,1.93012,1.93055,499,8,0
2024-02-16 11:45:00,1.93056,1.9308800000000002,1.93037,1.9305400000000001,606,8,0
2024-02-16 11:50:00,1.9305400000000001,1.93094,1.9304299999999999,1.93053,742,8,0
2024-02-16 11:55:00,1.93053,1.9310800000000001,1.93046,1.93072,947,8,0
2024-02-16 12:00:00,1.93073,1.93093,1.92988,1.9299300000000001,941,8,0
2024-02-16 12:05:00,1.9299300000000001,1.9301,1.92957,1.9295900000000001,666,8,0
2024-02-16 12:10:00,1.9295900000000001,1.9295900000000001,1.9289,1.92893,736,8,0
2024-02-16 12:15:00,1.92893,1.92908,1.92869,1.9287800000000002,627,8,0
2024-02-16 12:20:00,1.9287800000000002,1.9288699999999999,1.92845,1.9284599999999998,495,8,0
2024-02-16 12:25:00,1.92845,1.92877,1.92831,1.92841,489,8,0
2024-02-16 12:30:00,1.92841,1.9294,1.92841,1.92935,390,8,0
2024-02-16 12:35:00,1.92935,1.92996,1.92934,1.92969,592,8,0
2024-02-16 12:40:00,1.92969,1.93005,1.92963,1.92972,875,8,0
2024-02-16 12:45:00,1.92972,1.92991,1.92956,1.92965,948,8,0
2024-02-16 12:50:00,1.9296600000000002,1.92971,1.92937,1.9296799999999998,814,8,0
2024-02-16 12:55:00,1.9296799999999998,1.93012,1.9294799999999999,1.92973,976,8,0
2024-02-16 13:00:00,1.92974,1.92985,1.92923,1.9295900000000001,1209,8,0
2024-02-16 13:05:00,1.9295900000000001,1.92972,1.92912,1.92938,976,8,0
2024-02-16 13:10:00,1.92938,1.93005,1.92936,1.92988,677,8,0
2024-02-16 13:15:00,1.92988,1.93025,1.9297,1.93011,835,8,0
2024-02-16 13:20:00,1.9301300000000001,1.93014,1.9293,1.9295499999999999,991,8,0
2024-02-16 13:25:00,1.92954,1.92988,1.92911,1.9295200000000001,771,8,0
2024-02-16 13:30:00,1.92931,1.9311099999999999,1.92908,1.9309500000000002,2501,8,0
2024-02-16 13:35:00,1.9309500000000002,1.9320599999999999,1.9308800000000002,1.93164,2189,8,0
2024-02-16 13:40:00,1.93164,1.93229,1.9313500000000001,1.93191,1984,8,0
2024-02-16 13:45:00,1.93189,1.9319899999999999,1.93119,1.93146,1736,8,0
2024-02-16 13:50:00,1.93146,1.93152,1.9307699999999999,1.93105,1823,8,0
2024-02-16 13:55:00,1.93103,1.93155,1.93091,1.93139,1633,8,0
2024-02-16 14:00:00,1.93141,1.9315099999999998,1.93087,1.93109,1596,8,0
2024-02-16 14:05:00,1.93109,1.9316,1.93087,1.93123,1481,8,0
2024-02-16 14:10:00,1.93123,1.93178,1.9310800000000001,1.93154,1417,8,0
2024-02-16 14:15:00,1.93154,1.93211,1.93146,1.93198,1274,8,0
2024-02-16 14:20:00,1.9319899999999999,1.93231,1.93133,1.93136,1253,8,0
2024-02-16 14:25:00,1.93137,1.93146,1.93064,1.93067,1292,8,0
2024-02-16 14:30:00,1.93067,1.93085,1.9299300000000001,1.93026,1630,8,0
2024-02-16 14:35:00,1.9302000000000001,1.93044,1.92984,1.93019,1638,8,0
2024-02-16 14:40:00,1.93018,1.9303599999999999,1.9297499999999999,1.9300000000000002,1456,8,0
2024-02-16 14:45:00,1.9300000000000002,1.93068,1.9299,1.93057,1441,8,0
2024-02-16 14:50:00,1.93057,1.93139,1.9304999999999999,1.9312200000000002,1398,8,0
2024-02-16 14:55:00,1.9312200000000002,1.93157,1.9301,1.9301,1201,8,0
2024-02-16 15:00:00,1.9301,1.93133,1.92996,1.93076,1808,8,0
2024-02-16 15:05:00,1.93075,1.93085,1.92965,1.9297,1774,8,0
2024-02-16 15:10:00,1.92971,1.92998,1.9287100000000001,1.92885,1469,8,0
2024-02-16 15:15:00,1.92885,1.92904,1.9282599999999999,1.92858,1350,8,0
2024-02-16 15:20:00,1.92858,1.92879,1.92813,1.92879,1663,8,0
2024-02-16 15:25:00,1.92879,1.92889,1.928,1.92821,1584,8,0
2024-02-16 15:30:00,1.92821,1.92909,1.92786,1.92798,1478,8,0
2024-02-16 15:35:00,1.92798,1.9282599999999999,1.92781,1.92818,1332,8,0
2024-02-16 15:40:00,1.92818,1.92824,1.9275799999999998,1.9277,1408,8,0
2024-02-16 15:45:00,1.9277,1.92777,1.9268999999999998,1.9277,1367,8,0
2024-02-16 15:50:00,1.9277,1.92773,1.92672,1.9275,1362,8,0
2024-02-16 15:55:00,1.9275,1.92845,1.9275,1.9282599999999999,1515,8,0
2024-02-16 16:00:00,1.9282599999999999,1.9284599999999998,1.92797,1.92808,1342,8,0
2024-02-16 16:05:00,1.92808,1.92838,1.9278,1.92788,1050,8,0
2024-02-16 16:10:00,1.92788,1.9282,1.92748,1.92811,1113,8,0
2024-02-16 16:15:00,1.92811,1.9283000000000001,1.92779,1.9281899999999998,935,8,0
2024-02-16 16:20:00,1.9281899999999998,1.9281899999999998,1.92761,1.92777,902,8,0
2024-02-16 16:25:00,1.92777,1.92811,1.9277199999999999,1.92782,732,8,0
2024-02-16 16:30:00,1.92782,1.9279199999999999,1.92733,1.92737,935,8,0
2024-02-16 16:35:00,1.92737,1.92753,1.92706,1.9271,867,8,0
2024-02-16 16:40:00,1.9271,1.92719,1.9267699999999999,1.9270100000000001,780,8,0
2024-02-16 16:45:00,1.9270100000000001,1.92732,1.9269500000000002,1.92716,878,8,0
2024-02-16 16:50:00,1.92716,1.9274900000000001,1.92706,1.92737,921,8,0
2024-02-16 16:55:00,1.92737,1.9276900000000001,1.9272399999999998,1.9275,1019,8,0
2024-02-16 17:00:00,1.9275,1.9278,1.9273500000000001,1.92752,683,8,0
2024-02-16 17:05:00,1.92752,1.92763,1.92718,1.92723,690,8,0
2024-02-16 17:10:00,1.9272200000000002,1.92737,1.927,1.9272,623,8,0
2024-02-16 17:15:00,1.92721,1.92775,1.9271500000000001,1.92759,651,8,0
2024-02-16 17:20:00,1.92759,1.9280599999999999,1.92753,1.92805,636,8,0
2024-02-16 17:25:00,1.92805,1.92823,1.9279,1.92805,630,8,0
2024-02-16 17:30:00,1.92805,1.9282,1.9278499999999998,1.92798,688,8,0
2024-02-16 17:35:00,1.92798,1.9281899999999998,1.92793,1.928,818,8,0
2024-02-16 17:40:00,1.928,1.9280599999999999,1.92773,1.9278300000000002,583,8,0
2024-02-16 17:45:00,1.9278300000000002,1.92816,1.92743,1.9275,755,8,0
2024-02-16 17:50:00,1.9274900000000001,1.9276499999999999,1.92693,1.92696,600,8,0
2024-02-16 17:55:00,1.92696,1.9283000000000001,1.92687,1.92789,880,8,0
2024-02-16 18:00:00,1.92787,1.92815,1.92771,1.92784,906,8,0
2024-02-16 18:05:00,1.92784,1.92807,1.92768,1.92786,749,8,0
2024-02-16 18:10:00,1.92786,1.92827,1.92786,1.92813,687,8,0
2024-02-16 18:15:00,1.92813,1.92839,1.92797,1.9283299999999999,674,8,0
2024-02-16 18:20:00,1.9283299999999999,1.9284599999999998,1.92813,1.92818,642,8,0
2024-02-16 18:25:00,1.92818,1.92838,1.92788,1.92808,667,8,0
2024-02-16 18:30:00,1.92808,1.92811,1.92767,1.92804,475,8,0
2024-02-16 18:35:00,1.92804,1.92841,1.92794,1.92828,435,8,0
2024-02-16 18:40:00,1.92828,1.9285,1.9280300000000001,1.92836,468,8,0
2024-02-16 18:45:00,1.92836,1.92906,1.92832,1.9287100000000001,706,8,0
2024-02-16 18:50:00,1.9287100000000001,1.92919,1.92859,1.9287,675,8,0
2024-02-16 18:55:00,1.9287,1.92903,1.92852,1.92897,631,8,0
2024-02-16 19:00:00,1.92896,1.92942,1.9289,1.92926,435,8,0
2024-02-16 19:05:00,1.92926,1.9294,1.9290500000000002,1.92924,501,8,0
2024-02-16 19:10:00,1.92923,1.92933,1.9288699999999999,1.92899,617,8,0
2024-02-16 19:15:00,1.92899,1.9292099999999999,1.9288699999999999,1.9291800000000001,548,8,0
2024-02-16 19:20:00,1.9291800000000001,1.9292,1.92876,1.9287800000000002,517,8,0
2024-02-16 19:25:00,1.92879,1.92881,1.92849,1.9285700000000001,575,8,0
2024-02-16 19:30:00,1.9285700000000001,1.92872,1.92841,1.9286699999999999,421,8,0
2024-02-16 19:35:00,1.9286699999999999,1.92873,1.9283299999999999,1.92842,411,8,0
2024-02-16 19:40:00,1.92842,1.92862,1.92827,1.92862,381,8,0
2024-02-16 19:45:00,1.92862,1.92915,1.92854,1.9289800000000001,885,8,0
2024-02-16 19:50:00,1.9289800000000001,1.92923,1.92886,1.9291399999999999,560,8,0
2024-02-16 19:55:00,1.9291399999999999,1.92946,1.92904,1.92945,924,8,0
2024-02-16 20:00:00,1.92945,1.92957,1.9291800000000001,1.92934,670,8,0
2024-02-16 20:05:00,1.92933,1.92951,1.9290500000000002,1.9291,540,8,0
2024-02-16 20:10:00,1.92912,1.9294799999999999,1.92908,1.92944,534,8,0
2024-02-16 20:15:00,1.92943,1.92951,1.92903,1.92915,575,8,0
2024-02-16 20:20:00,1.92916,1.9292,1.92877,1.92885,586,8,0
2024-02-16 20:25:00,1.92885,1.92909,1.92879,1.92897,523,8,0
2024-02-16 20:30:00,1.92896,1.92903,1.9284400000000002,1.92848,502,8,0
2024-02-16 20:35:00,1.92849,1.92883,1.92848,1.92861,620,8,0
2024-02-16 20:40:00,1.92861,1.9289100000000001,1.92858,1.92881,738,8,0
2024-02-16 20:45:00,1.9287999999999998,1.92909,1.92874,1.9290699999999998,553,8,0
2024-02-16 20:50:00,1.9290699999999998,1.92911,1.9285700000000001,1.9285999999999999,622,8,0
2024-02-16 20:55:00,1.9285999999999999,1.92885,1.92849,1.92877,491,8,0
2024-02-16 21:00:00,1.92876,1.92879,1.9281899999999998,1.9283299999999999,396,8,0
2024-02-16 21:05:00,1.92834,1.9287100000000001,1.92821,1.9287,328,8,0
2024-02-16 21:10:00,1.9287,1.92888,1.92842,1.92863,450,8,0
2024-02-16 21:15:00,1.92863,1.9286699999999999,1.92849,1.92854,280,8,0
2024-02-16 21:20:00,1.92854,1.92873,1.9285299999999999,1.9285700000000001,166,8,0
2024-02-16 21:25:00,1.92856,1.9288699999999999,1.92855,1.9287100000000001,1462,8,0
2024-02-16 21:30:00,1.9287100000000001,1.92889,1.9285700000000001,1.92873,203,8,0
2024-02-16 21:35:00,1.92875,1.92875,1.9285,1.92865,205,8,0
2024-02-16 21:40:00,1.92865,1.92882,1.9285700000000001,1.92859,156,8,0
2024-02-16 21:45:00,1.92856,1.9287999999999998,1.92848,1.9287800000000002,224,8,0
2024-02-16 21:50:00,1.9287999999999998,1.9288699999999999,1.9285299999999999,1.92869,267,14,0
2024-02-18 22:05:00,1.9287100000000001,1.9287100000000001,1.92852,1.92858,22,256,0
2024-02-18 22:10:00,1.92858,1.9292,1.92858,1.9291399999999999,29,194,0
2024-02-18 22:15:00,1.9291,1.92922,1.9289800000000001,1.9289800000000001,12,252,0
2024-02-18 22:20:00,1.9289800000000001,1.92926,1.9289800000000001,1.9291399999999999,14,175,0
2024-02-18 22:25:00,1.9291399999999999,1.92923,1.92892,1.92892,23,158,0
2024-02-18 22:30:00,1.92911,1.92915,1.92879,1.92892,33,160,0
2024-02-18 22:35:00,1.92892,1.92987,1.92884,1.92904,85,50,0
2024-02-18 22:40:00,1.9290699999999998,1.92988,1.929,1.92974,85,146,0
2024-02-18 22:45:00,1.92974,1.92999,1.9297,1.92973,30,113,0
2024-02-18 22:50:00,1.92973,1.92984,1.92882,1.9291800000000001,69,75,0
2024-02-18 22:55:00,1.9291800000000001,1.92977,1.92913,1.92936,38,112,0
2024-02-18 23:00:00,1.92936,1.9304000000000001,1.9291800000000001,1.92933,378,8,0
2024-02-18 23:05:00,1.9293200000000001,1.92945,1.92874,1.92886,242,8,0
2024-02-18 23:10:00,1.9288699999999999,1.92915,1.9286699999999999,1.92903,387,8,0
2024-02-18 23:15:00,1.92903,1.9295,1.92901,1.92946,294,9,0
2024-02-18 23:20:00,1.92947,1.9295,1.92912,1.9291800000000001,195,8,0
2024-02-18 23:25:00,1.92916,1.92933,1.9289,1.92896,316,8,0
2024-02-18 23:30:00,1.92893,1.9291800000000001,1.92861,1.92881,441,8,0
2024-02-18 23:35:00,1.92881,1.92926,1.9287999999999998,1.92926,331,8,0
2024-02-18 23:40:00,1.92926,1.9294099999999998,1.92922,1.9292799999999999,217,8,0
2024-02-18 23:45:00,1.9292799999999999,1.92938,1.92888,1.9289800000000001,266,8,0
2024-02-18 23:50:00,1.9289800000000001,1.92903,1.9287,1.92884,264,8,0
2024-02-18 23:55:00,1.92884,1.9292099999999999,1.92882,1.92909,339,8,0
2024-02-19 00:00:00,1.92909,1.92924,1.92882,1.9291,479,8,0
2024-02-19 00:05:00,1.9291,1.92912,1.9287800000000002,1.92883,442,8,0
2024-02-19 00:10:00,1.92883,1.92889,1.9285299999999999,1.9286699999999999,475,8,0
2024-02-19 00:15:00,1.9286699999999999,1.92884,1.92845,1.9285700000000001,391,8,0
2024-02-19 00:20:00,1.9285700000000001,1.92862,1.9284,1.92848,351,8,0
2024-02-19 00:25:00,1.92848,1.92854,1.92747,1.92763,585,8,0
2024-02-19 00:30:00,1.92763,1.9277199999999999,1.92718,1.9277,644,8,0
2024-02-19 00:35:00,1.9277,1.9279899999999999,1.92739,1.9279899999999999,450,8,0
2024-02-19 00:40:00,1.9279899999999999,1.92822,1.92789,1.92791,424,8,0
2024-02-19 00:45:00,1.92791,1.92832,1.92787,1.92828,350,8,0
2024-02-19 00:50:00,1.92828,1.92831,1.92771,1.9279,543,8,0
2024-02-19 00:55:00,1.9279,1.92839,1.92768,1.92831,613,8,0
2024-02-19 01:00:00,1.9283000000000001,1.9284,1.92779,1.92786,1011,8,0
2024-02-19 01:05:00,1.92786,1.92814,1.9277,1.92794,682,8,0
2024-02-19 01:10:00,1.92794,1.92798,1.9275600000000002,1.92767,607,8,0
2024-02-19 01:15:00,1.92767,1.9279600000000001,1.92719,1.92764,873,8,0
2024-02-19 01:20:00,1.92764,1.9277600000000001,1.92721,1.92771,761,8,0
2024-02-19 01:25:00,1.9277,1.9281199999999998,1.9274499999999999,1.92775,659,8,0
2024-02-19 01:30:00,1.92775,1.9285299999999999,1.9276200000000001,1.92848,916,8,0
2024-02-19 01:35:00,1.92848,1.92881,1.9281899999999998,1.92881,823,8,0
2024-02-19 01:40:00,1.92881,1.9289,1.92832,1.92859,866,8,0
2024-02-19 01:45:00,1.92858,1.92882,1.92834,1.92836,662,8,0
2024-02-19 01:50:00,1.92836,1.92858,1.92795,1.92828,731,8,0
2024-02-19 01:55:00,1.92828,1.92877,1.92818,1.92861,619,8,0
2024-02-19 02:00:00,1.92861,1.92908,1.92847,1.92903,697,8,0
2024-02-19 02:05:00,1.92903,1.9294099999999998,1.9287,1.9292799999999999,502,8,0
2024-02-19 02:10:00,1.92926,1.92927,1.92865,1.92909,529,8,0
2024-02-19 02:15:00,1.92909,1.92912,1.92876,1.9289100000000001,455,8,0
2024-02-19 02:20:00,1.9289100000000001,1.92917,1.92873,1.9288699999999999,505,8,0
2024-02-19 02:25:00,1.9288699999999999,1.92919,1.9287,1.9290500000000002,377,8,0
2024-02-19 02:30:00,1.9290500000000002,1.92963,1.92896,1.92899,483,8,0
2024-02-19 02:35:00,1.92899,1.9293200000000001,1.92886,1.9292799999999999,510,8,0
2024-02-19 02:40:00,1.92926,1.9295499999999999,1.9291800000000001,1.92926,385,8,0
2024-02-19 02:45:00,1.92927,1.92947,1.92892,1.92935,414,8,0
2024-02-19 02:50:00,1.92935,1.92964,1.9293,1.9294099999999998,363,8,0
2024-02-19 02:55:00,1.92944,1.93008,1.92943,1.9298,511,8,0
2024-02-19 03:00:00,1.9298,1.93006,1.92974,1.92981,491,8,0
2024-02-19 03:05:00,1.92981,1.93003,1.92958,1.92961,374,8,0
2024-02-19 03:10:00,1.92961,1.9298,1.92935,1.92935,308,8,0
2024-02-19 03:15:00,1.92935,1.92947,1.92912,1.92915,331,8,0
2024-02-19 03:20:00,1.92916,1.92916,1.92872,1.92879,288,8,0
2024-02-19 03:25:00,1.92879,1.929,1.9286400000000001,1.92888,319,8,0
2024-02-19 03:30:00,1.92888,1.92943,1.92888,1.92897,457,8,0
2024-02-19 03:35:00,1.92897,1.929,1.92852,1.9285999999999999,319,8,0
2024-02-19 03:40:00,1.92861,1.92876,1.92839,1.9287,322,8,0
2024-02-19 03:45:00,1.92869,1.9289399999999999,1.9285299999999999,1.92861,450,8,0
2024-02-19 03:50:00,1.9285999999999999,1.92885,1.92856,1.92875,330,8,0
2024-02-19 03:55:00,1.92875,1.92924,1.9286699999999999,1.92916,367,8,0
2024-02-19 04:00:00,1.92916,1.92922,1.9290500000000002,1.92917,208,8,0
2024-02-19 04:05:00,1.92917,1.92926,1.92902,1.92911,211,8,0
2024-02-19 04:10:00,1.92912,1.9292500000000001,1.92895,1.92917,215,8,0
2024-02-19 04:15:00,1.92917,1.92942,1.9290699999999998,1.9292099999999999,298,8,0
2024-02-19 04:20:00,1.9292,1.92935,1.92915,1.9292099999999999,294,8,0
2024-02-19 04:25:00,1.9292099999999999,1.9296799999999998,1.9292099999999999,1.9295900000000001,287,8,0
2024-02-19 04:30:00,1.92958,1.9296,1.9292,1.9292,249,8,0
2024-02-19 04:35:00,1.9292,1.92936,1.92902,1.92909,241,8,0
2024-02-19 04:40:00,1.92909,1.92909,1.9287999999999998,1.92889,188,8,0
2024-02-19 04:45:00,1.92889,1.92902,1.92856,1.92865,262,8,0
2024-02-19 04:50:00,1.92865,1.929,1.9285999999999999,1.92886,398,8,0
2024-02-19 04:55:00,1.92888,1.92888,1.92829,1.92834,580,8,0
2024-02-19 05:00:00,1.9283299999999999,1.9284599999999998,1.92798,1.92832,701,8,0
2024-02-19 05:05:00,1.92832,1.92877,1.92832,1.92841,433,8,0
2024-02-19 05:10:00,1.92841,1.9289,1.9283700000000001,1.92838,335,8,0
2024-02-19 05:15:00,1.92838,1.92848,1.92823,1.9283000000000001,366,8,0
2024-02-19 05:20:00,1.9283000000000001,1.92861,1.92827,1.92839,379,8,0
2024-02-19 05:25:00,1.92838,1.92849,1.92824,1.92835,371,8,0
2024-02-19 05:30:00,1.92835,1.9285299999999999,1.92823,1.92839,494,8,0
2024-02-19 05:35:00,1.92839,1.92851,1.92828,1.92843,338,8,0
2024-02-19 05:40:00,1.92843,1.92854,1.92823,1.92832,348,8,0
2024-02-19 05:45:00,1.9283299999999999,1.9287,1.9281700000000002,1.92859,433,8,0
2024-02-19 05:50:00,1.92859,1.92862,1.92835,1.9284,255,8,0
2024-02-19 05:55:00,1.9284,1.92863,1.92839,1.92859,439,8,0
2024-02-19 06:00:00,1.92859,1.92869,1.92824,1.92832,304,8,0
2024-02-19 06:05:00,1.92832,1.92849,1.92822,1.92847,280,8,0
2024-02-19 06:10:00,1.92847,1.9286699999999999,1.92838,1.92838,286,8,0
2024-02-19 06:15:00,1.9283700000000001,1.92895,1.9283700000000001,1.9289,302,8,0
2024-02-19 06:20:00,1.9289,1.92896,1.92868,1.92881,301,8,0
2024-02-19 06:25:00,1.92881,1.92889,1.92855,1.9286400000000001,271,8,0
2024-02-19 06:30:00,1.9286400000000001,1.9287100000000001,1.9282599999999999,1.92856,306,8,0
2024-02-19 06:35:00,1.92856,1.92866,1.92822,1.92863,187,8,0
2024-02-19 06:40:00,1.92863,1.92885,1.92811,1.92811,435,8,0
2024-02-19 06:45:00,1.92811,1.92839,1.9281000000000001,1.9282,402,8,0
2024-02-19 06:50:00,1.92822,1.92838,1.92786,1.92822,451,8,0
2024-02-19 06:55:00,1.92822,1.9286400000000001,1.92818,1.92861,326,8,0
2024-02-19 07:00:00,1.92861,1.92912,1.9285,1.92893,725,8,0
2024-02-19 07:05:00,1.92893,1.9293200000000001,1.9289,1.92908,531,8,0
2024-02-19 07:10:00,1.92908,1.9291800000000001,1.92883,1.92888,453,8,0
2024-02-19 07:15:00,1.92888,1.9292,1.92877,1.9289399999999999,417,8,0
2024-02-19 07:20:00,1.92895,1.92926,1.92882,1.92919,480,8,0
2024-02-19 07:25:00,1.9292,1.9298,1.92917,1.92964,687,8,0
2024-02-19 07:30:00,1.92964,1.93006,1.92949,1.9295900000000001,629,8,0
2024-02-19 07:35:00,1.9295900000000001,1.9297,1.92897,1.92912,874,8,0
2024-02-19 07:40:00,1.92913,1.9292500000000001,1.92835,1.92873,705,8,0
2024-02-19 07:45:00,1.92873,1.92883,1.9284,1.92847,521,8,0
2024-02-19 07:50:00,1.92847,1.92924,1.92839,1.9292099999999999,669,8,0
2024-02-19 07:55:00,1.9292099999999999,1.92962,1.9287999999999998,1.92882,653,8,0
2024-02-19 08:00:00,1.92883,1.9298,1.92866,1.92957,1232,8,0
2024-02-19 08:05:00,1.92957,1.9298600000000001,1.92913,1.9292099999999999,879,8,0
2024-02-19 08:10:00,1.9292099999999999,1.9293900000000002,1.92892,1.92922,713,8,0
2024-02-19 08:15:00,1.92922,1.92945,1.92902,1.92913,633,8,0
2024-02-19 08:20:00,1.92913,1.92951,1.92874,1.92944,895,8,0
2024-02-19 08:25:00,1.92944,1.9297900000000001,1.92917,1.92944,929,8,0
2024-02-19 08:30:00,1.92943,1.92974,1.92916,1.92943,854,8,0
2024-02-19 08:35:00,1.92943,1.93007,1.92943,1.9295200000000001,901,8,0
2024-02-19 08:40:00,1.9295200000000001,1.92974,1.9291399999999999,1.9292099999999999,652,8,0
2024-02-19 08:45:00,1.92922,1.9293900000000002,1.9289100000000001,1.92924,791,8,0
2024-02-19 08:50:00,1.92924,1.92934,1.9287800000000002,1.92879,723,8,0
2024-02-19 08:55:00,1.92879,1.92889,1.9283700000000001,1.92865,727,8,0
2024-02-19 09:00:00,1.92865,1.92911,1.92847,1.929,799,8,0
2024-02-19 09:05:00,1.929,1.92916,1.9286699999999999,1.92888,744,8,0
2024-02-19 09:10:00,1.92888,1.9289399999999999,1.92842,1.92848,610,8,0
2024-02-19 09:15:00,1.92847,1.92893,1.92839,1.92888,585,8,0
2024-02-19 09:20:00,1.92888,1.92901,1.9287,1.92876,550,8,0
2024-02-19 09:25:00,1.92876,1.9289,1.92845,1.92849,680,8,0
2024-02-19 09:30:00,1.92849,1.9285999999999999,1.9279,1.92798,784,8,0
2024-02-19 09:35:00,1.9279899999999999,1.92829,1.9278499999999998,1.9282,830,8,0
2024-02-19 09:40:00,1.9282,1.92829,1.92773,1.9278,491,8,0
2024-02-19 09:45:00,1.9278,1.92784,1.9272399999999998,1.9274499999999999,690,8,0
2024-02-19 09:50:00,1.9274499999999999,1.92807,1.9274499999999999,1.9279199999999999,639,8,0
2024-02-19 09:55:00,1.9279199999999999,1.92879,1.9278300000000002,1.92879,713,8,0
2024-02-19 10:00:00,1.92881,1.92895,1.92815,1.9281899999999998,727,8,0
2024-02-19 10:05:00,1.9281899999999998,1.92882,1.92813,1.9285700000000001,692,8,0
2024-02-19 10:10:00,1.92859,1.9289100000000001,1.9285,1.92868,551,8,0
2024-02-19 10:15:00,1.9286699999999999,1.92877,1.92836,1.92863,516,8,0
2024-02-19 10:20:00,1.92863,1.9289100000000001,1.9284,1.92879,511,8,0
2024-02-19 10:25:00,1.92879,1.92915,1.92875,1.9289800000000001,447,8,0
2024-02-19 10:30:00,1.9289800000000001,1.92923,1.92883,1.92913,542,8,0
2024-02-19 10:35:00,1.92912,1.92938,1.92881,1.92936,580,8,0
2024-02-19 10:40:00,1.92936,1.92956,1.92927,1.92949,516,8,0
2024-02-19 10:45:00,1.9295,1.92974,1.92926,1.92969,581,8,0
2024-02-19 10:50:00,1.92969,1.93004,1.92954,1.9299,558,8,0
2024-02-19 10:55:00,1.9299,1.9300199999999998,1.9297,1.9297900000000001,426,8,0
2024-02-19 11:00:00,1.9297900000000001,1.93024,1.92963,1.9300199999999998,610,8,0
2024-02-19 11:05:00,1.9300199999999998,1.9304299999999999,1.9300000000000002,1.93024,444,8,0
2024-02-19 11:10:00,1.93024,1.93037,1.93004,1.93032,464,8,0
2024-02-19 11:15:00,1.93032,1.9303599999999999,1.92987,1.93014,493,8,0
2024-02-19 11:20:00,1.93014,1.93044,1.93014,1.9302700000000002,433,8,0
2024-02-19 11:25:00,1.9302700000000002,1.93035,1.92998,1.9300000000000002,428,8,0
2024-02-19 11:30:00,1.9300000000000002,1.93024,1.92984,1.93011,589,8,0
2024-02-19 11:35:00,1.93011,1.93019,1.9295900000000001,1.92965,467,8,0
2024-02-19 11:40:00,1.92965,1.92977,1.9293,1.92931,395,8,0
2024-02-19 11:45:00,1.92931,1.92937,1.92895,1.9291800000000001,434,8,0
2024-02-19 11:50:00,1.9291800000000001,1.92951,1.92909,1.9293200000000001,441,8,0
2024-02-19 11:55:00,1.9293200000000001,1.92945,1.9289800000000001,1.9293,538,8,0
2024-02-19 12:00:00,1.92929,1.9293200000000001,1.9289100000000001,1.92926,655,8,0
2024-02-19 12:05:00,1.92926,1.9294,1.92903,1.92909,585,8,0
2024-02-19 12:10:00,1.92909,1.92929,1.92899,1.92923,519,8,0
2024-02-19 12:15:00,1.9292099999999999,1.92957,1.92916,1.92938,546,8,0
2024-02-19 12:20:00,1.92938,1.92944,1.9289399999999999,1.92901,477,8,0
2024-02-19 12:25:00,1.929,1.92944,1.9289800000000001,1.9293200000000001,450,8,0
2024-02-19 12:30:00,1.9293200000000001,1.9293900000000002,1.92885,1.92899,414,8,0
2024-02-19 12:35:00,1.929,1.92909,1.92868,1.92873,484,8,0
2024-02-19 12:40:00,1.92873,1.9289800000000001,1.9287,1.92896,284,8,0
2024-02-19 12:45:00,1.92896,1.9292799999999999,1.9289,1.92911,498,8,0
2024-02-19 12:50:00,1.92911,1.92919,1.92883,1.92888,504,8,0
2024-02-19 12:55:00,1.92888,1.92892,1.92839,1.9285700000000001,689,8,0
2024-02-19 13:00:00,1.92858,1.9287800000000002,1.9285,1.9287,839,8,0
2024-02-19 13:05:00,1.92869,1.9287999999999998,1.9284599999999998,1.92851,683,8,0
2024-02-19 13:10:00,1.92851,1.92859,1.9283000000000001,1.92836,554,8,0
2024-02-19 13:15:00,1.92836,1.9287800000000002,1.92831,1.9285700000000001,597,8,0
2024-02-19 13:20:00,1.92855,1.92865,1.92832,1.92855,531,8,0
2024-02-19 13:25:00,1.92855,1.92876,1.92841,1.9287,489,8,0
2024-02-19 13:30:00,1.9287100000000001,1.92875,1.92801,1.92809,652,8,0
2024-02-19 13:35:00,1.92809,1.92816,1.92775,1.9278300000000002,426,8,0
2024-02-19 13:40:00,1.9278300000000002,1.92784,1.9273099999999999,1.92743,624,8,0
2024-02-19 13:45:00,1.92743,1.92766,1.92705,1.92725,543,8,0
2024-02-19 13:50:00,1.92725,1.9274200000000001,1.92705,1.92725,451,8,0
2024-02-19 13:55:00,1.92725,1.92732,1.92686,1.92698,471,8,0
2024-02-19 14:00:00,1.9270100000000001,1.92713,1.92671,1.92675,607,8,0
2024-02-19 14:05:00,1.92675,1.92705,1.92646,1.92652,618,8,0
2024-02-19 14:10:00,1.92651,1.92669,1.92631,1.92669,592,8,0
2024-02-19 14:15:00,1.92669,1.9267699999999999,1.92648,1.92655,376,8,0
2024-02-19 14:20:00,1.92655,1.92665,1.92635,1.92641,456,8,0
2024-02-19 14:25:00,1.92641,1.9267400000000001,1.92626,1.92668,493,8,0
2024-02-19 14:30:00,1.92669,1.92675,1.92645,1.92669,531,8,0
2024-02-19 14:35:00,1.92669,1.9266999999999999,1.9263,1.92632,463,8,0
2024-02-19 14:40:00,1.92632,1.92699,1.92632,1.92686,464,8,0
2024-02-19 14:45:00,1.92686,1.92716,1.92668,1.92673,609,8,0
2024-02-19 14:50:00,1.9267400000000001,1.92683,1.92655,1.92666,544,8,0
2024-02-19 14:55:00,1.92666,1.9266999999999999,1.92642,1.92664,483,8,0
2024-02-19 15:00:00,1.9266299999999998,1.9268999999999998,1.9264700000000001,1.9268,576,8,0
2024-02-19 15:05:00,1.9268,1.92685,1.92638,1.92678,458,8,0
2024-02-19 15:10:00,1.9267699999999999,1.9274,1.92673,1.9271099999999999,470,8,0
2024-02-19 15:15:00,1.9271,1.9273799999999999,1.9261599999999999,1.92653,537,8,0
2024-02-19 15:20:00,1.92652,1.9266,1.92608,1.9264299999999999,410,8,0
2024-02-19 15:25:00,1.9264700000000001,1.92666,1.9260199999999998,1.92605,536,8,0
2024-02-19 15:30:00,1.92605,1.92641,1.9260199999999998,1.9262700000000001,429,8,0
2024-02-19 15:35:00,1.9262700000000001,1.92631,1.9260199999999998,1.92617,376,8,0
2024-02-19 15:40:00,1.92617,1.92652,1.92615,1.92651,392,8,0
2024-02-19 15:45:00,1.92651,1.9266999999999999,1.92597,1.9260199999999998,611,8,0
2024-02-19 15:50:00,1.9260199999999998,1.9260899999999999,1.9256,1.9257300000000002,552,8,0
2024-02-19 15:55:00,1.9257300000000002,1.92591,1.9256199999999999,1.92574,658,8,0
2024-02-19 16:00:00,1.92574,1.92626,1.9256600000000001,1.9261599999999999,694,8,0
2024-02-19 16:05:00,1.9261599999999999,1.92632,1.92598,1.92615,457,8,0
2024-02-19 16:10:00,1.92614,1.92638,1.92598,1.9262899999999998,339,8,0
2024-02-19 16:15:00,1.9262899999999998,1.9263400000000002,1.92611,1.92631,383,8,0
2024-02-19 16:20:00,1.92631,1.92633,1.92612,1.92617,181,8,0
2024-02-19 16:25:00,1.92617,1.92618,1.92591,1.92591,178,8,0
2024-02-19 16:30:00,1.92591,1.92612,1.92588,1.92604,102,8,0
2024-02-19 16:35:00,1.92604,1.92617,1.92601,1.9261,97,8,0
2024-02-19 16:40:00,1.9261,1.92615,1.92597,1.92598,138,8,0
2024-02-19 16:45:00,1.92598,1.92598,1.9257,1.9258899999999999,96,8,0
2024-02-19 16:50:00,1.9258899999999999,1.92608,1.9258199999999999,1.92588,137,8,0
2024-02-19 16:55:00,1.92588,1.9258899999999999,1.9256199999999999,1.9256600000000001,267,8,0
2024-02-19 17:00:00,1.92565,1.92588,1.9254799999999999,1.92574,302,8,0
2024-02-19 17:05:00,1.9257300000000002,1.92607,1.92572,1.92603,148,8,0
2024-02-19 17:10:00,1.92603,1.92619,1.9260000000000002,1.92617,144,8,0
2024-02-19 17:15:00,1.92617,1.92633,1.9261300000000001,1.92624,158,8,0
2024-02-19 17:20:00,1.92624,1.92628,1.9260199999999998,1.92605,124,8,0
2024-02-19 17:25:00,1.92605,1.9263400000000002,1.92605,1.92619,140,8,0
2024-02-19 17:30:00,1.92619,1.92631,1.9260899999999999,1.9262299999999999,176,8,0
2024-02-19 17:35:00,1.9262299999999999,1.92633,1.92619,1.92625,136,8,0
2024-02-19 17:40:00,1.92625,1.92648,1.9261599999999999,1.92646,117,8,0
2024-02-19 17:45:00,1.92644,1.92644,1.9261599999999999,1.9262899999999998,138,8,0
2024-02-19 17:50:00,1.9262899999999998,1.9263400000000002,1.92611,1.92615,105,8,0
2024-02-19 17:55:00,1.92615,1.92619,1.9260899999999999,1.92612,182,8,0
2024-02-19 18:00:00,1.92612,1.92615,1.92578,1.9261300000000001,125,8,0
2024-02-19 18:05:00,1.9261300000000001,1.92625,1.92605,1.9261300000000001,61,8,0
2024-02-19 18:10:00,1.9261300000000001,1.9262700000000001,1.9261,1.92619,46,8,0
2024-02-19 18:15:00,1.92619,1.9268,1.92618,1.92679,85,8,0
2024-02-19 18:20:00,1.92678,1.92678,1.92645,1.92652,97,8,0
2024-02-19 18:25:00,1.9265400000000001,1.92665,1.92648,1.92664,30,8,0
2024-02-19 18:30:00,1.92664,1.92666,1.92652,1.92658,36,8,0
2024-02-19 18:35:00,1.92658,1.92676,1.92657,1.92675,45,8,0
2024-02-19 18:40:00,1.92675,1.92686,1.92664,1.92676,49,8,0
2024-02-19 18:45:00,1.9267699999999999,1.9267699999999999,1.92658,1.92659,62,8,0
2024-02-19 18:50:00,1.92659,1.92669,1.92659,1.92662,26,8,0
2024-02-19 18:55:00,1.9266299999999998,1.92666,1.9266,1.92664,33,8,0
2024-02-19 19:00:00,1.92664,1.92667,1.9266100000000002,1.92665,49,8,0
2024-02-19 19:05:00,1.92665,1.92687,1.92662,1.92666,93,8,0
2024-02-19 19:10:00,1.92666,1.9267400000000001,1.92666,1.9266999999999999,60,8,0
2024-02-19 19:15:00,1.9266999999999999,1.9266999999999999,1.92652,1.92655,64,8,0
2024-02-19 19:20:00,1.92655,1.92668,1.9265400000000001,1.92666,69,8,0
2024-02-19 19:25:00,1.92666,1.92667,1.92644,1.92649,63,8,0
2024-02-19 19:30:00,1.92649,1.92652,1.92646,1.92646,44,8,0
2024-02-19 19:35:00,1.92646,1.92659,1.92646,1.92653,24,8,0
2024-02-19 19:40:00,1.92653,1.9265400000000001,1.92645,1.92651,44,8,0
2024-02-19 19:45:00,1.92651,1.92653,1.9264700000000001,1.92648,28,8,0
2024-02-19 19:50:00,1.9264999999999999,1.9264999999999999,1.9263,1.92646,51,8,0
2024-02-19 19:55:00,1.92646,1.92678,1.92646,1.9266999999999999,56,8,0
2024-02-19 20:00:00,1.9266999999999999,1.92673,1.92633,1.92639,87,8,0
2024-02-19 20:05:00,1.92639,1.92642,1.9263400000000002,1.92642,94,8,0
2024-02-19 20:10:00,1.92642,1.92642,1.92635,1.92638,36,8,0
2024-02-19 20:15:00,1.9264000000000001,1.92641,1.92626,1.92635,46,8,0
2024-02-19 20:20:00,1.92635,1.92639,1.9262899999999998,1.92638,57,8,0
2024-02-19 20:25:00,1.92638,1.92648,1.9263599999999999,1.92637,20,8,0
2024-02-19 20:30:00,1.92637,1.92639,1.92633,1.92637,34,8,0
2024-02-19 20:35:00,1.92637,1.92637,1.9262700000000001,1.9262700000000001,10,8,0
2024-02-19 20:40:00,1.9262700000000001,1.92637,1.9262700000000001,1.92637,16,8,0
2024-02-19 20:45:00,1.92637,1.92637,1.92631,1.9263400000000002,26,8,0
2024-02-19 20:50:00,1.9263400000000002,1.92639,1.92625,1.92633,106,8,0
2024-02-19 20:55:00,1.92633,1.92635,1.92611,1.9262000000000001,78,8,0
2024-02-19 21:00:00,1.9262299999999999,1.92631,1.92615,1.92631,160,8,0
2024-02-19 21:05:00,1.9263,1.92638,1.92628,1.9263599999999999,68,8,0
2024-02-19 21:10:00,1.9263599999999999,1.92637,1.9262000000000001,1.92622,36,8,0
2024-02-19 21:15:00,1.92622,1.92626,1.92614,1.92614,53,8,0
2024-02-19 21:20:00,1.92614,1.9262299999999999,1.92607,1.9262299999999999,73,8,0
2024-02-19 21:25:00,1.92624,1.92639,1.92622,1.9263599999999999,57,8,0
2024-02-19 21:30:00,1.9263599999999999,1.92657,1.92618,1.9264000000000001,147,8,0
2024-02-19 21:35:00,1.9264000000000001,1.9264700000000001,1.92639,1.92642,93,8,0
2024-02-19 21:40:00,1.92642,1.92656,1.92635,1.92649,47,8,0
2024-02-19 21:45:00,1.92649,1.92649,1.92604,1.92612,94,8,0
2024-02-19 21:50:00,1.92612,1.9263,1.92611,1.92624,45,8,0
2024-02-19 21:55:00,1.92624,1.92625,1.92529,1.92549,196,8,0
2024-02-19 22:00:00,1.9254799999999999,1.9254799999999999,1.92441,1.92517,14,45,0
2024-02-19 22:05:00,1.9251800000000001,1.9255499999999999,1.92517,1.9252,16,135,0
2024-02-19 22:10:00,1.9252,1.9252,1.92519,1.9252,7,200,0
2024-02-19 22:15:00,1.9252,1.9252799999999999,1.92516,1.92526,30,198,0
2024-02-19 22:20:00,1.92529,1.92584,1.92529,1.9254099999999998,44,125,0
2024-02-19 22:25:00,1.9254,1.92637,1.9254,1.9256,22,105,0
2024-02-19 22:30:00,1.9256,1.9263599999999999,1.92545,1.9261300000000001,163,31,0
2024-02-19 22:35:00,1.9261300000000001,1.92639,1.92549,1.92607,115,28,0
2024-02-19 22:40:00,1.92607,1.92628,1.9258899999999999,1.92605,62,30,0
2024-02-19 22:45:00,1.92605,1.92642,1.9258199999999999,1.92625,84,32,0
2024-02-19 22:50:00,1.92625,1.9266100000000002,1.9256600000000001,1.9258600000000001,133,25,0
2024-02-19 22:55:00,1.92584,1.92641,1.9256,1.92641,139,37,0
2024-02-19 23:00:00,1.92641,1.9270100000000001,1.92594,1.9269699999999998,627,8,0
2024-02-19 23:05:00,1.92694,1.92703,1.92617,1.92655,169,20,0
2024-02-19 23:10:00,1.92655,1.9268399999999999,1.92622,1.9268399999999999,223,16,0
2024-02-19 23:15:00,1.9268399999999999,1.9274499999999999,1.9268399999999999,1.9273099999999999,182,12,0
2024-02-19 23:20:00,1.9273099999999999,1.92734,1.92692,1.92698,149,13,0
2024-02-19 23:25:00,1.92698,1.9272200000000002,1.92693,1.9269500000000002,156,11,0
2024-02-19 23:30:00,1.9269500000000002,1.9272,1.92671,1.92716,243,8,0
2024-02-19 23:35:00,1.92716,1.92733,1.92698,1.927,214,11,0
2024-02-19 23:40:00,1.927,1.92726,1.9268100000000001,1.92682,169,8,0
2024-02-19 23:45:00,1.92682,1.92741,1.9267699999999999,1.9273099999999999,275,8,0
2024-02-19 23:50:00,1.9273099999999999,1.92767,1.92729,1.92747,183,8,0
2024-02-19 23:55:00,1.92747,1.9276,1.9271099999999999,1.92743,181,8,0
2024-02-20 00:00:00,1.92743,1.92791,1.92723,1.92768,511,8,0
2024-02-20 00:05:00,1.92768,1.9281199999999998,1.9275099999999998,1.92801,442,8,0
2024-02-20 00:10:00,1.92801,1.92828,1.92793,1.92827,350,8,0
2024-02-20 00:15:00,1.9282599999999999,1.92828,1.92809,1.9281700000000002,313,8,0
2024-02-20 00:20:00,1.9281700000000002,1.92847,1.928,1.92814,412,8,0
2024-02-20 00:25:00,1.92814,1.92841,1.92786,1.9281199999999998,348,8,0
2024-02-20 00:30:00,1.9281199999999998,1.9281199999999998,1.92702,1.9270399999999999,678,8,0
2024-02-20 00:35:00,1.9270399999999999,1.92759,1.9268399999999999,1.92691,498,8,0
2024-02-20 00:40:00,1.92691,1.92747,1.92689,1.92727,358,8,0
2024-02-20 00:45:00,1.92727,1.92733,1.92693,1.92707,341,8,0
2024-02-20 00:50:00,1.92707,1.92759,1.92705,1.92759,498,8,0
2024-02-20 00:55:00,1.9276,1.92787,1.92746,1.9275799999999998,457,8,0
2024-02-20 01:00:00,1.9275799999999998,1.92822,1.9275799999999998,1.92804,632,8,0
2024-02-20 01:05:00,1.92804,1.92835,1.92787,1.92822,547,8,0
2024-02-20 01:10:00,1.9282599999999999,1.92828,1.92779,1.92818,492,8,0
2024-02-20 01:15:00,1.92815,1.92823,1.9270800000000001,1.9273799999999999,1158,8,0
2024-02-20 01:20:00,1.9273799999999999,1.9275099999999998,1.92694,1.92729,715,8,0
2024-02-20 01:25:00,1.92729,1.92734,1.9261,1.92612,791,8,0
2024-02-20 01:30:00,1.92612,1.9273099999999999,1.9260199999999998,1.92714,1232,8,0
2024-02-20 01:35:00,1.92716,1.9272200000000002,1.9263,1.92714,1015,8,0
2024-02-20 01:40:00,1.92716,1.9283700000000001,1.92714,1.928,873,8,0
2024-02-20 01:45:00,1.928,1.92807,1.92723,1.9275799999999998,919,8,0
2024-02-20 01:50:00,1.92759,1.92764,1.9271500000000001,1.92736,646,8,0
2024-02-20 01:55:00,1.92736,1.92748,1.92718,1.92746,682,8,0
2024-02-20 02:00:00,1.92746,1.92807,1.92744,1.92775,896,8,0
2024-02-20 02:05:00,1.92775,1.92798,1.9275600000000002,1.9275799999999998,611,8,0
2024-02-20 02:10:00,1.9275799999999998,1.92761,1.9270399999999999,1.92723,537,8,0
2024-02-20 02:15:00,1.92723,1.92757,1.9271099999999999,1.9275099999999998,403,8,0
2024-02-20 02:20:00,1.9275099999999998,1.9281700000000002,1.92747,1.9281700000000002,566,8,0
2024-02-20 02:25:00,1.9281700000000002,1.92836,1.9279899999999999,1.9280300000000001,513,8,0
2024-02-20 02:30:00,1.92802,1.92859,1.92793,1.92856,474,8,0
2024-02-20 02:35:00,1.92856,1.92885,1.92839,1.92879,549,8,0
2024-02-20 02:40:00,1.92879,1.9290500000000002,1.9285,1.92889,461,8,0
2024-02-20 02:45:00,1.92889,1.92926,1.9287999999999998,1.92917,637,8,0
2024-02-20 02:50:00,1.9291800000000001,1.92929,1.92875,1.92881,421,8,0
2024-02-20 02:55:00,1.92881,1.9291800000000001,1.92877,1.92892,547,8,0
2024-02-20 03:00:00,1.9289,1.92895,1.92849,1.92851,645,8,0
2024-02-20 03:05:00,1.92851,1.9287,1.9282,1.92839,576,8,0
2024-02-20 03:10:00,1.92839,1.92882,1.92835,1.92872,533,8,0
2024-02-20 03:15:00,1.92873,1.92874,1.92828,1.9283299999999999,441,8,0
2024-02-20 03:20:00,1.9283299999999999,1.92842,1.9281899999999998,1.9281899999999998,336,8,0
2024-02-20 03:25:00,1.9281899999999998,1.92822,1.9277,1.92797,363,8,0
2024-02-20 03:30:00,1.9279899999999999,1.92869,1.9279600000000001,1.92865,425,8,0
2024-02-20 03:35:00,1.92865,1.92882,1.92851,1.9285700000000001,308,8,0
2024-02-20 03:40:00,1.9285700000000001,1.92885,1.9284400000000002,1.92852,330,8,0
2024-02-20 03:45:00,1.92851,1.9289100000000001,1.92843,1.92872,338,8,0
2024-02-20 03:50:00,1.92872,1.92884,1.92836,1.9284,285,8,0
2024-02-20 03:55:00,1.9284,1.92843,1.92804,1.92814,313,8,0
2024-02-20 04:00:00,1.92814,1.92816,1.9274900000000001,1.9274900000000001,248,8,0
2024-02-20 04:05:00,1.9274900000000001,1.9278,1.9273099999999999,1.92771,231,8,0
2024-02-20 04:10:00,1.9276900000000001,1.92775,1.92723,1.92726,307,8,0
2024-02-20 04:15:00,1.92726,1.92726,1.92682,1.9270399999999999,424,8,0
2024-02-20 04:20:00,1.9270399999999999,1.92734,1.9270399999999999,1.92726,297,8,0
2024-02-20 04:25:00,1.92726,1.92729,1.92691,1.92706,346,8,0
2024-02-20 04:30:00,1.92705,1.92747,1.92705,1.92713,217,8,0
2024-02-20 04:35:00,1.92713,1.92788,1.92713,1.9276499999999999,210,8,0
2024-02-20 04:40:00,1.9276499999999999,1.92773,1.92728,1.9273099999999999,214,8,0
2024-02-20 04:45:00,1.9273099999999999,1.92736,1.92713,1.92718,187,8,0
2024-02-20 04:50:00,1.92718,1.92721,1.92693,1.92706,200,8,0
2024-02-20 04:55:00,1.92706,1.9273799999999999,1.9269699999999998,1.92725,386,8,0
2024-02-20 05:00:00,1.92725,1.92773,1.92721,1.9276900000000001,395,8,0
2024-02-20 05:05:00,1.9276900000000001,1.92775,1.92743,1.9275799999999998,315,8,0
2024-02-20 05:10:00,1.9275799999999998,1.92788,1.9274200000000001,1.9278300000000002,370,8,0
2024-02-20 05:15:00,1.92784,1.9279,1.92771,1.92786,268,8,0
2024-02-20 05:20:00,1.92786,1.92787,1.9275,1.92763,237,8,0
2024-02-20 05:25:00,1.92763,1.9276499999999999,1.92702,1.9272,440,8,0
2024-02-20 05:30:00,1.9272,1.9274499999999999,1.9272,1.9273500000000001,371,8,0
2024-02-20 05:35:00,1.9273500000000001,1.92755,1.9272,1.92733,406,8,0
2024-02-20 05:40:00,1.92733,1.9274200000000001,1.92705,1.92707,362,8,0
2024-02-20 05:45:00,1.92707,1.9271,1.92673,1.92679,373,8,0
2024-02-20 05:50:00,1.92679,1.92679,1.92631,1.92664,469,8,0
2024-02-20 05:55:00,1.92664,1.9268800000000001,1.92646,1.92675,441,8,0
2024-02-20 06:00:00,1.92675,1.9271500000000001,1.92673,1.9271099999999999,412,8,0
2024-02-20 06:05:00,1.9271500000000001,1.92734,1.92706,1.92709,444,8,0
2024-02-20 06:10:00,1.92709,1.92733,1.92696,1.92698,480,8,0
2024-02-20 06:15:00,1.92698,1.9270100000000001,1.92653,1.92691,401,8,0
2024-02-20 06:20:00,1.92691,1.9270800000000001,1.9268100000000001,1.9269500000000002,278,8,0
2024-02-20 06:25:00,1.9269500000000002,1.92707,1.92667,1.92673,360,8,0
2024-02-20 06:30:00,1.92673,1.92691,1.9264999999999999,1.92669,382,8,0
2024-02-20 06:35:00,1.92669,1.9267400000000001,1.92633,1.9264299999999999,369,8,0
2024-02-20 06:40:00,1.9264299999999999,1.9266,1.9263400000000002,1.92649,323,8,0
2024-02-20 06:45:00,1.92649,1.92676,1.9264700000000001,1.9266,425,8,0
2024-02-20 06:50:00,1.9266,1.92696,1.9266,1.9268399999999999,360,8,0
2024-02-20 06:55:00,1.9268399999999999,1.92737,1.9268100000000001,1.9271500000000001,363,8,0
2024-02-20 07:00:00,1.92716,1.92757,1.9268999999999998,1.92706,1029,8,0
2024-02-20 07:05:00,1.92709,1.92716,1.92671,1.92673,850,8,0
2024-02-20 07:10:00,1.92673,1.92713,1.92644,1.92703,713,8,0
2024-02-20 07:15:00,1.92703,1.9272399999999998,1.92672,1.92719,834,8,0
2024-02-20 07:20:00,1.9271500000000001,1.92727,1.9267699999999999,1.92682,619,8,0
2024-02-20 07:25:00,1.92682,1.92696,1.92639,1.92689,670,8,0
2024-02-20 07:30:00,1.92689,1.92702,1.92667,1.92673,676,8,0
2024-02-20 07:35:00,1.92673,1.9267400000000001,1.92612,1.92628,740,8,0
2024-02-20 07:40:00,1.92628,1.9264700000000001,1.92605,1.92624,769,8,0
2024-02-20 07:45:00,1.92624,1.9271099999999999,1.9262299999999999,1.92706,684,8,0
2024-02-20 07:50:00,1.92706,1.92729,1.92666,1.9268999999999998,854,8,0
2024-02-20 07:55:00,1.9268999999999998,1.92698,1.9262000000000001,1.92685,782,8,0
2024-02-20 08:00:00,1.92685,1.9272,1.92671,1.92675,1255,8,0
2024-02-20 08:05:00,1.92675,1.9268800000000001,1.92641,1.92666,743,8,0
2024-02-20 08:10:00,1.92666,1.92682,1.9261599999999999,1.92624,891,8,0
2024-02-20 08:15:00,1.92625,1.92687,1.9262000000000001,1.9268100000000001,1049,8,0
2024-02-20 08:20:00,1.9268100000000001,1.92714,1.9264999999999999,1.92668,1117,8,0
2024-02-20 08:25:00,1.92672,1.92694,1.9264299999999999,1.9264999999999999,917,8,0
2024-02-20 08:30:00,1.9264999999999999,1.92682,1.92599,1.92607,991,8,0
2024-02-20 08:35:00,1.92607,1.92611,1.92523,1.92544,1066,8,0
2024-02-20 08:40:00,1.92546,1.92595,1.92536,1.92556,1071,8,0
2024-02-20 08:45:00,1.92556,1.92556,1.9245999999999999,1.92462,922,8,0
2024-02-20 08:50:00,1.92462,1.9247800000000002,1.92434,1.9245999999999999,1103,8,0
2024-02-20 08:55:00,1.9245999999999999,1.92481,1.9236,1.92373,1098,8,0
2024-02-20 09:00:00,1.92373,1.92382,1.9232,1.92373,1227,8,0
2024-02-20 09:05:00,1.92373,1.92445,1.92366,1.92421,770,8,0
2024-02-20 09:10:00,1.9242,1.9247999999999998,1.92391,1.92474,855,8,0
2024-02-20 09:15:00,1.92476,1.9251,1.92458,1.92503,889,8,0
2024-02-20 09:20:00,1.92503,1.92522,1.9245299999999999,1.92459,800,8,0
2024-02-20 09:25:00,1.9245999999999999,1.9249,1.92436,1.9243999999999999,996,8,0
2024-02-20 09:30:00,1.9243999999999999,1.92445,1.9240300000000001,1.92443,725,8,0
2024-02-20 09:35:00,1.92443,1.92481,1.92413,1.92445,868,8,0
2024-02-20 09:40:00,1.92445,1.92458,1.92413,1.92438,981,8,0
2024-02-20 09:45:00,1.92438,1.9248699999999999,1.92423,1.92452,754,8,0
2024-02-20 09:50:00,1.92452,1.9247,1.92391,1.9241899999999998,838,8,0
2024-02-20 09:55:00,1.9241899999999998,1.92421,1.92286,1.92296,1085,8,0
2024-02-20 10:00:00,1.92296,1.9241899999999998,1.92296,1.92418,686,8,0
2024-02-20 10:05:00,1.92418,1.92474,1.92397,1.92472,834,8,0
2024-02-20 10:10:00,1.92474,1.9251200000000002,1.9244400000000002,1.92503,749,8,0
2024-02-20 10:15:00,1.92503,1.9251800000000001,1.92427,1.92431,630,8,0
2024-02-20 10:20:00,1.92431,1.9243700000000001,1.92382,1.9238499999999998,792,8,0
2024-02-20 10:25:00,1.92384,1.92394,1.92275,1.92282,687,8,0
2024-02-20 10:30:00,1.92282,1.92285,1.92215,1.92271,846,8,0
2024-02-20 10:35:00,1.92271,1.9233099999999999,1.9226299999999998,1.92291,1057,8,0
2024-02-20 10:40:00,1.92291,1.92294,1.92226,1.9224299999999999,1122,8,0
2024-02-20 10:45:00,1.9224299999999999,1.92257,1.92188,1.92226,686,8,0
2024-02-20 10:50:00,1.92226,1.92293,1.92214,1.92286,788,8,0
2024-02-20 10:55:00,1.92286,1.92303,1.92249,1.92262,969,8,0
2024-02-20 11:00:00,1.92262,1.9228,1.92195,1.92203,779,8,0
2024-02-20 11:05:00,1.92203,1.92226,1.92172,1.92221,595,8,0
2024-02-20 11:10:00,1.92221,1.92222,1.92144,1.92144,921,8,0
2024-02-20 11:15:00,1.92144,1.9222000000000001,1.92073,1.92179,869,8,0
2024-02-20 11:20:00,1.92179,1.9219,1.9212799999999999,1.9218199999999999,714,8,0
2024-02-20 11:25:00,1.9218199999999999,1.92198,1.92102,1.92102,753,8,0
2024-02-20 11:30:00,1.92102,1.9211,1.92022,1.92058,645,8,0
2024-02-20 11:35:00,1.92058,1.9207100000000001,1.92036,1.92049,506,8,0
2024-02-20 11:40:00,1.92049,1.92066,1.92025,1.9203299999999999,717,8,0
2024-02-20 11:45:00,1.9203299999999999,1.92099,1.92024,1.92077,706,8,0
2024-02-20 11:50:00,1.92077,1.92095,1.92058,1.92081,484,8,0
2024-02-20 11:55:00,1.92081,1.92095,1.92015,1.92031,743,8,0
2024-02-20 12:00:00,1.92031,1.92034,1.9197600000000001,1.92013,764,8,0
2024-02-20 12:05:00,1.92013,1.92031,1.91981,1.92021,721,8,0
2024-02-20 12:10:00,1.9202,1.9202599999999999,1.9193500000000001,1.91952,600,8,0
2024-02-20 12:15:00,1.91952,1.92032,1.91951,1.9201899999999998,618,8,0
2024-02-20 12:20:00,1.9201899999999998,1.92055,1.92002,1.92013,660,8,0
2024-02-20 12:25:00,1.92013,1.9203700000000001,1.91962,1.9199000000000002,809,8,0
2024-02-20 12:30:00,1.9199000000000002,1.91998,1.91947,1.91981,760,8,0
2024-02-20 12:35:00,1.91981,1.92,1.9195,1.91987,693,8,0
2024-02-20 12:40:00,1.91987,1.91991,1.91927,1.91934,648,8,0
2024-02-20 12:45:00,1.91934,1.92011,1.9192900000000002,1.91987,890,8,0
2024-02-20 12:50:00,1.91987,1.92013,1.91967,1.92001,655,8,0
2024-02-20 12:55:00,1.92001,1.9202,1.91974,1.92001,742,8,0
2024-02-20 13:00:00,1.92001,1.92059,1.9199199999999998,1.92059,1089,8,0
2024-02-20 13:05:00,1.92059,1.9214,1.92055,1.9211,931,8,0
2024-02-20 13:10:00,1.92109,1.92168,1.92089,1.9212799999999999,1203,8,0
2024-02-20 13:15:00,1.92127,1.92168,1.92116,1.92144,1055,8,0
2024-02-20 13:20:00,1.92142,1.92258,1.92126,1.92207,1233,8,0
2024-02-20 13:25:00,1.9221300000000001,1.92264,1.9217300000000002,1.92259,672,8,0
2024-02-20 13:30:00,1.92259,1.92312,1.92241,1.9230800000000001,1507,8,0
2024-02-20 13:35:00,1.9230800000000001,1.92357,1.9228100000000001,1.92298,1425,8,0
2024-02-20 13:40:00,1.92298,1.9231,1.9223599999999998,1.92265,1450,8,0
2024-02-20 13:45:00,1.92265,1.9234900000000001,1.92252,1.92332,1213,8,0
2024-02-20 13:50:00,1.92333,1.9236900000000001,1.9230399999999999,1.9230399999999999,1132,8,0
2024-02-20 13:55:00,1.9230399999999999,1.9239199999999999,1.92298,1.92354,1188,8,0
2024-02-20 14:00:00,1.9235,1.92391,1.9232399999999998,1.92355,1495,8,0
2024-02-20 14:05:00,1.9235600000000002,1.92414,1.9235600000000002,1.92366,1005,8,0
2024-02-20 14:10:00,1.9236900000000001,1.92377,1.9229,1.92306,1000,8,0
2024-02-20 14:15:00,1.92309,1.9240300000000001,1.9228399999999999,1.92398,1170,8,0
2024-02-20 14:20:00,1.92398,1.9242,1.92379,1.92393,1196,8,0
2024-02-20 14:25:00,1.92393,1.9243299999999999,1.9236900000000001,1.9241000000000001,1146,8,0
2024-02-20 14:30:00,1.9241000000000001,1.9252799999999999,1.92404,1.92523,1768,8,0
2024-02-20 14:35:00,1.9252099999999999,1.92588,1.92503,1.9255900000000001,1706,8,0
2024-02-20 14:40:00,1.92558,1.92657,1.9255499999999999,1.9262700000000001,1644,8,0
2024-02-20 14:45:00,1.9262700000000001,1.92686,1.9261,1.92615,1260,8,0
2024-02-20 14:50:00,1.92615,1.92656,1.9258199999999999,1.9260199999999998,1391,8,0
2024-02-20 14:55:00,1.9260199999999998,1.92631,1.92564,1.92595,1112,8,0
2024-02-20 15:00:00,1.92595,1.9263400000000002,1.9256,1.9260899999999999,1338,8,0
2024-02-20 15:05:00,1.92608,1.92659,1.92571,1.92618,1629,8,0
2024-02-20 15:10:00,1.92618,1.92728,1.92599,1.92713,1326,8,0
2024-02-20 15:15:00,1.92717,1.92744,1.9268100000000001,1.92727,1402,8,0
2024-02-20 15:20:00,1.92727,1.9278499999999998,1.92698,1.92755,1187,8,0
2024-02-20 15:25:00,1.9275600000000002,1.92855,1.92743,1.9283000000000001,1384,8,0
2024-02-20 15:30:00,1.9283000000000001,1.92836,1.92771,1.92787,1612,8,0
2024-02-20 15:35:00,1.92787,1.92983,1.9275600000000002,1.9290699999999998,1525,8,0
2024-02-20 15:40:00,1.9290699999999998,1.92962,1.92869,1.9289,1598,8,0
2024-02-20 15:45:00,1.9289,1.92945,1.92849,1.9289,1254,8,0
2024-02-20 15:50:00,1.9288699999999999,1.92926,1.9278300000000002,1.92797,1356,8,0
2024-02-20 15:55:00,1.9279600000000001,1.92811,1.92754,1.92775,1710,8,0
2024-02-20 16:00:00,1.92775,1.92793,1.92705,1.9272399999999998,1711,8,0
2024-02-20 16:05:00,1.9272399999999998,1.9281899999999998,1.92705,1.92801,1080,8,0
2024-02-20 16:10:00,1.928,1.92822,1.9272200000000002,1.9279899999999999,1107,8,0
2024-02-20 16:15:00,1.92802,1.92811,1.9272399999999998,1.92764,846,8,0
2024-02-20 16:20:00,1.92764,1.92814,1.92764,1.92779,610,8,0
2024-02-20 16:25:00,1.92779,1.92804,1.9274200000000001,1.92754,650,8,0
2024-02-20 16:30:00,1.92752,1.9279899999999999,1.9273799999999999,1.92771,979,8,0
2024-02-20 16:35:00,1.9277199999999999,1.92815,1.92726,1.9281199999999998,925,8,0
2024-02-20 16:40:00,1.9281199999999998,1.92824,1.92781,1.9279,704,8,0
2024-02-20 16:45:00,1.92791,1.92809,1.92727,1.92746,767,8,0
2024-02-20 16:50:00,1.92746,1.9276,1.9270399999999999,1.92741,787,8,0
2024-02-20 16:55:00,1.92741,1.9275799999999998,1.92723,1.92737,761,8,0
2024-02-20 17:00:00,1.92736,1.9279899999999999,1.92733,1.9278499999999998,1051,8,0
2024-02-20 17:05:00,1.9278300000000002,1.92801,1.92764,1.92777,935,8,0
2024-02-20 17:10:00,1.92777,1.9283000000000001,1.9276900000000001,1.92794,721,8,0
2024-02-20 17:15:00,1.92794,1.92813,1.92768,1.92805,669,8,0
2024-02-20 17:20:00,1.9280599999999999,1.92834,1.92786,1.9283000000000001,619,8,0
2024-02-20 17:25:00,1.9283000000000001,1.92865,1.9279899999999999,1.92813,589,8,0
2024-02-20 17:30:00,1.9281199999999998,1.9284,1.92793,1.92814,735,8,0
2024-02-20 17:35:00,1.92814,1.92843,1.92782,1.9283700000000001,684,8,0
2024-02-20 17:40:00,1.9283700000000001,1.9283700000000001,1.92736,1.92757,760,8,0
2024-02-20 17:45:00,1.92757,1.9276,1.92719,1.92739,668,8,0
2024-02-20 17:50:00,1.92739,1.92747,1.92702,1.9270399999999999,581,8,0
2024-02-20 17:55:00,1.9270399999999999,1.92753,1.9266,1.92748,640,8,0
2024-02-20 18:00:00,1.92747,1.92747,1.92652,1.9267400000000001,621,8,0
2024-02-20 18:05:00,1.9267400000000001,1.92716,1.92672,1.92678,672,8,0
2024-02-20 18:10:00,1.9267699999999999,1.92736,1.92671,1.92714,460,8,0
2024-02-20 18:15:00,1.92714,1.92746,1.9270100000000001,1.92709,685,8,0
2024-02-20 18:20:00,1.92709,1.9272,1.92692,1.92699,475,8,0
2024-02-20 18:25:00,1.927,1.92743,1.92685,1.92741,707,8,0
2024-02-20 18:30:00,1.92741,1.9276900000000001,1.9273,1.92764,707,8,0
2024-02-20 18:35:00,1.92764,1.92768,1.92698,1.9270800000000001,823,8,0
2024-02-20 18:40:00,1.9270800000000001,1.92712,1.92637,1.9264299999999999,563,8,0
2024-02-20 18:45:00,1.9264299999999999,1.92665,1.92631,1.9266299999999998,476,8,0
2024-02-20 18:50:00,1.9266299999999998,1.92671,1.92625,1.92665,624,8,0
2024-02-20 18:55:00,1.92665,1.92667,1.9263599999999999,1.92639,554,8,0
2024-02-20 19:00:00,1.92639,1.92675,1.92626,1.92668,692,8,0
2024-02-20 19:05:00,1.92668,1.9267699999999999,1.92638,1.92644,708,8,0
2024-02-20 19:10:00,1.92644,1.92657,1.92632,1.92649,608,8,0
2024-02-20 19:15:00,1.92649,1.92662,1.92601,1.92605,730,8,0
2024-02-20 19:20:00,1.92605,1.92646,1.9260199999999998,1.9263599999999999,570,8,0
2024-02-20 19:25:00,1.9263599999999999,1.9264700000000001,1.92614,1.92628,658,8,0
2024-02-20 19:30:00,1.92628,1.9263400000000002,1.92601,1.92621,564,8,0
2024-02-20 19:35:00,1.9262000000000001,1.92638,1.92617,1.9262700000000001,666,8,0
2024-02-20 19:40:00,1.9262700000000001,1.92652,1.92617,1.92644,510,8,0
2024-02-20 19:45:00,1.92644,1.9269699999999998,1.92631,1.92666,626,8,0
2024-02-20 19:50:00,1.92665,1.92694,1.92662,1.92673,712,8,0
2024-02-20 19:55:00,1.92672,1.92676,1.92635,1.92641,731,8,0
2024-02-20 20:00:00,1.92645,1.92683,1.9263,1.9266999999999999,647,8,0
2024-02-20 20:05:00,1.92671,1.92672,1.92635,1.9264299999999999,585,8,0
2024-02-20 20:10:00,1.9264299999999999,1.92659,1.92625,1.92653,617,8,0
2024-02-20 20:15:00,1.92653,1.92664,1.92628,1.92639,562,8,0
2024-02-20 20:20:00,1.92639,1.92641,1.92617,1.92633,612,8,0
2024-02-20 20:25:00,1.92632,1.9263400000000002,1.92596,1.92612,524,8,0
2024-02-20 20:30:00,1.9261300000000001,1.9264299999999999,1.9260199999999998,1.92631,841,8,0
2024-02-20 20:35:00,1.92631,1.92658,1.9261599999999999,1.92628,900,8,0
2024-02-20 20:40:00,1.92628,1.9264999999999999,1.92625,1.9264700000000001,854,8,0
2024-02-20 20:45:00,1.92649,1.92649,1.9260199999999998,1.92619,617,8,0
2024-02-20 20:50:00,1.92619,1.9263,1.92591,1.92595,741,8,0
2024-02-20 20:55:00,1.92594,1.9262899999999998,1.92592,1.92614,661,8,0
2024-02-20 21:00:00,1.92614,1.92683,1.92614,1.92664,409,8,0
2024-02-20 21:05:00,1.92664,1.92694,1.9266,1.92692,430,8,0
2024-02-20 21:10:00,1.92693,1.92693,1.9266,1.92662,293,8,0
2024-02-20 21:15:00,1.92662,1.92696,1.92659,1.92685,312,8,0
2024-02-20 21:20:00,1.92686,1.9268800000000001,1.92659,1.9268399999999999,175,8,0
2024-02-20 21:25:00,1.9268399999999999,1.92698,1.92675,1.92694,119,8,0
2024-02-20 21:30:00,1.92694,1.92728,1.92692,1.92698,100,8,0
2024-02-20 21:35:00,1.92698,1.927,1.9266999999999999,1.92679,119,8,0
2024-02-20 21:40:00,1.92679,1.92699,1.92665,1.92686,147,8,0
2024-02-20 21:45:00,1.92686,1.9271500000000001,1.9268399999999999,1.92702,107,8,0
2024-02-20 21:50:00,1.92703,1.92725,1.9268999999999998,1.92723,238,8,0
2024-02-20 21:55:00,1.92723,1.92739,1.92705,1.92729,193,8,0
2024-02-20 22:00:00,1.9272399999999998,1.9273,1.92391,1.92717,21,24,0
2024-02-20 22:05:00,1.92717,1.92719,1.9268999999999998,1.9268999999999998,20,47,0
2024-02-20 22:10:00,1.9268999999999998,1.92694,1.92683,1.92683,11,60,0
2024-02-20 22:15:00,1.92683,1.92699,1.9263,1.9268,66,51,0
2024-02-20 22:20:00,1.9269500000000002,1.92733,1.92657,1.9268399999999999,14,64,0
2024-02-20 22:25:00,1.9268399999999999,1.92713,1.9265400000000001,1.92713,9,107,0
2024-02-20 22:30:00,1.92713,1.9271500000000001,1.9264700000000001,1.92659,34,61,0
2024-02-20 22:35:00,1.9266,1.9270800000000001,1.92653,1.9268399999999999,48,94,0
2024-02-20 22:40:00,1.92686,1.92723,1.92675,1.9268999999999998,69,66,0
2024-02-20 22:45:00,1.9268999999999998,1.9275099999999998,1.9268800000000001,1.9273,177,43,0
2024-02-20 22:50:00,1.9273,1.92782,1.92685,1.9273099999999999,203,31,0
2024-02-20 22:55:00,1.9273099999999999,1.92788,1.9272200000000002,1.92779,192,15,0
2024-02-20 23:00:00,1.92779,1.928,1.92732,1.9274900000000001,441,8,0
2024-02-20 23:05:00,1.9274900000000001,1.92757,1.92713,1.92737,120,8,0
2024-02-20 23:10:00,1.92737,1.92743,1.9271500000000001,1.9272200000000002,181,8,0
2024-02-20 23:15:00,1.9272200000000002,1.92727,1.92665,1.92687,222,8,0
2024-02-20 23:20:00,1.92687,1.92694,1.9263599999999999,1.92652,393,8,0
2024-02-20 23:25:00,1.92652,1.92668,1.9262700000000001,1.9264299999999999,300,8,0
2024-02-20 23:30:00,1.9264299999999999,1.9273,1.92641,1.9273,253,8,0
2024-02-20 23:35:00,1.9273099999999999,1.9278,1.9273,1.92746,297,8,0
2024-02-20 23:40:00,1.92747,1.92779,1.92741,1.92752,244,8,0
2024-02-20 23:45:00,1.92752,1.92752,1.92706,1.9272399999999998,167,8,0
2024-02-20 23:50:00,1.92723,1.92726,1.92657,1.92671,277,8,0
2024-02-20 23:55:00,1.92671,1.9267400000000001,1.92649,1.9264999999999999,343,8,0
2024-02-21 00:00:00,1.9264700000000001,1.92666,1.92624,1.92662,530,8,0
2024-02-21 00:05:00,1.92662,1.92665,1.9258899999999999,1.92617,483,8,0
2024-02-21 00:10:00,1.9261599999999999,1.92648,1.92605,1.92638,449,8,0
2024-02-21 00:15:00,1.92638,1.9267699999999999,1.9262899999999998,1.92664,384,8,0
2024-02-21 00:20:00,1.92664,1.92669,1.9258600000000001,1.9259,443,8,0
2024-02-21 00:25:00,1.9259,1.92625,1.92587,1.92605,336,8,0
2024-02-21 00:30:00,1.92605,1.9264700000000001,1.92596,1.92626,469,8,0
2024-02-21 00:35:00,1.92626,1.92631,1.9258199999999999,1.9260000000000002,339,8,0
2024-02-21 00:40:00,1.9260000000000002,1.9260899999999999,1.92538,1.92557,442,8,0
2024-02-21 00:45:00,1.92557,1.92605,1.92551,1.92595,445,8,0
2024-02-21 00:50:00,1.92595,1.92666,1.92588,1.92628,584,8,0
2024-02-21 00:55:00,1.9262700000000001,1.92632,1.92592,1.92603,463,8,0
2024-02-21 01:00:00,1.92603,1.9269500000000002,1.92595,1.92689,675,8,0
2024-02-21 01:05:00,1.92689,1.9269699999999998,1.9266100000000002,1.92672,603,8,0
2024-02-21 01:10:00,1.92672,1.92696,1.92644,1.9268999999999998,545,8,0
2024-02-21 01:15:00,1.92693,1.92723,1.92676,1.92703,613,8,0
2024-02-21 01:20:00,1.92703,1.9272200000000002,1.92665,1.9268800000000001,783,8,0
2024-02-21 01:25:00,1.9268800000000001,1.92693,1.92637,1.92645,550,8,0
2024-02-21 01:30:00,1.92645,1.9272,1.92641,1.92694,739,8,0
2024-02-21 01:35:00,1.92694,1.92702,1.92635,1.9264999999999999,677,8,0
2024-02-21 01:40:00,1.92651,1.92666,1.92594,1.92598,805,8,0
2024-02-21 01:45:00,1.92598,1.92645,1.9259,1.92633,684,8,0
2024-02-21 01:50:00,1.92633,1.9263400000000002,1.92584,1.92603,670,8,0
2024-02-21 01:55:00,1.92603,1.92635,1.92591,1.92607,662,8,0
2024-02-21 02:00:00,1.92607,1.92626,1.9252099999999999,1.92523,837,8,0
2024-02-21 02:05:00,1.92523,1.9258,1.925,1.92551,930,8,0
2024-02-21 02:10:00,1.92551,1.9259,1.92549,1.92563,636,8,0
2024-02-21 02:15:00,1.92563,1.92572,1.9251200000000002,1.9257,528,8,0
2024-02-21 02:20:00,1.9257,1.92624,1.92558,1.92591,597,8,0
2024-02-21 02:25:00,1.92591,1.92622,1.92556,1.92614,472,8,0
2024-02-21 02:30:00,1.92614,1.9262299999999999,1.92565,1.92576,622,8,0
2024-02-21 02:35:00,1.9257499999999999,1.9260199999999998,1.9256,1.92595,556,8,0
2024-02-21 02:40:00,1.92595,1.92596,1.92534,1.92536,565,8,0
2024-02-21 02:45:00,1.92535,1.92538,1.92461,1.9246400000000001,1071,8,0
2024-02-21 02:50:00,1.92465,1.92483,1.9242599999999999,1.92459,997,8,0
2024-02-21 02:55:00,1.92459,1.92488,1.92422,1.92431,572,8,0
2024-02-21 03:00:00,1.92431,1.9243299999999999,1.92402,1.92427,572,8,0
2024-02-21 03:05:00,1.92427,1.92427,1.92363,1.92368,700,8,0
2024-02-21 03:10:00,1.92368,1.924,1.92346,1.92391,692,8,0
2024-02-21 03:15:00,1.92391,1.9239899999999999,1.9233099999999999,1.92348,848,8,0
2024-02-21 03:20:00,1.92348,1.92377,1.9233799999999999,1.92377,733,8,0
2024-02-21 03:25:00,1.92377,1.9238300000000002,1.92326,1.92333,631,8,0
2024-02-21 03:30:00,1.92333,1.92362,1.9231099999999999,1.9236,538,8,0
2024-02-21 03:35:00,1.9236,1.9237199999999999,1.92332,1.9234,564,8,0
2024-02-21 03:40:00,1.9234,1.9234,1.9227400000000001,1.92314,504,8,0
2024-02-21 03:45:00,1.92314,1.92323,1.92253,1.9229500000000002,649,8,0
2024-02-21 03:50:00,1.9229500000000002,1.92309,1.92286,1.92296,487,8,0
2024-02-21 03:55:00,1.92296,1.9235,1.92291,1.92343,577,8,0
2024-02-21 04:00:00,1.92343,1.92381,1.9232900000000002,1.9234,549,8,0
2024-02-21 04:05:00,1.9234,1.9240300000000001,1.9234,1.92393,473,8,0
2024-02-21 04:10:00,1.92393,1.92404,1.9235,1.92363,358,8,0
2024-02-21 04:15:00,1.92363,1.92368,1.92341,1.92354,318,8,0
2024-02-21 04:20:00,1.92353,1.92388,1.92352,1.92381,376,8,0
2024-02-21 04:25:00,1.92381,1.92387,1.9237199999999999,1.92375,265,8,0
2024-02-21 04:30:00,1.92377,1.9238,1.9235799999999998,1.92366,355,8,0
2024-02-21 04:35:00,1.92366,1.92381,1.92359,1.92379,390,8,0
2024-02-21 04:40:00,1.92379,1.9238,1.9234,1.92344,405,8,0
2024-02-21 04:45:00,1.92344,1.9234900000000001,1.9232200000000002,1.9232399999999998,387,8,0
2024-02-21 04:50:00,1.9232399999999998,1.92344,1.92316,1.92341,394,8,0
2024-02-21 04:55:00,1.92341,1.9235600000000002,1.9232900000000002,1.92344,631,8,0
2024-02-21 05:00:00,1.92346,1.92366,1.9233099999999999,1.92339,812,8,0
2024-02-21 05:05:00,1.9233799999999999,1.92359,1.9232900000000002,1.92336,614,8,0
2024-02-21 05:10:00,1.92336,1.92404,1.92336,1.92397,558,8,0
2024-02-21 05:15:00,1.92397,1.92404,1.9237199999999999,1.92378,383,8,0
2024-02-21 05:20:00,1.92378,1.9238300000000002,1.9231500000000001,1.92353,564,8,0
2024-02-21 05:25:00,1.92353,1.9236,1.9233,1.9234200000000001,452,8,0
2024-02-21 05:30:00,1.9234200000000001,1.92353,1.92316,1.92348,768,8,0
2024-02-21 05:35:00,1.92348,1.92368,1.923,1.92316,588,8,0
2024-02-21 05:40:00,1.92316,1.9233799999999999,1.9224999999999999,1.9225400000000001,673,8,0
2024-02-21 05:45:00,1.9225400000000001,1.9227699999999999,1.9222700000000001,1.9226299999999998,703,8,0
2024-02-21 05:50:00,1.9226299999999998,1.9230399999999999,1.9226100000000002,1.9229,678,8,0
2024-02-21 05:55:00,1.9229,1.92326,1.9229,1.92317,759,8,0
2024-02-21 06:00:00,1.92316,1.9234200000000001,1.92316,1.9233500000000001,870,8,0
2024-02-21 06:05:00,1.9233500000000001,1.92401,1.92334,1.92375,657,8,0
2024-02-21 06:10:00,1.92375,1.92424,1.92354,1.92416,640,8,0
2024-02-21 06:15:00,1.92415,1.92428,1.92341,1.92381,662,8,0
2024-02-21 06:20:00,1.92381,1.92428,1.92375,1.92415,650,8,0
2024-02-21 06:25:00,1.92414,1.9243700000000001,1.9239600000000001,1.92398,519,8,0
2024-02-21 06:30:00,1.92398,1.92425,1.92387,1.92425,367,8,0
2024-02-21 06:35:00,1.92425,1.92448,1.92402,1.92424,404,8,0
2024-02-21 06:40:00,1.92424,1.9243000000000001,1.92398,1.92429,373,8,0
2024-02-21 06:45:00,1.92429,1.92455,1.92404,1.92441,594,8,0
2024-02-21 06:50:00,1.92441,1.9244400000000002,1.92373,1.92374,699,8,0
2024-02-21 06:55:00,1.92375,1.9238499999999998,1.92353,1.9238,587,8,0
2024-02-21 07:00:00,1.92381,1.92425,1.9236,1.92389,768,8,0
2024-02-21 07:05:00,1.92388,1.9240300000000001,1.92326,1.9235799999999998,938,8,0
2024-02-21 07:10:00,1.92359,1.92377,1.9232,1.92366,904,8,0
2024-02-21 07:15:00,1.92366,1.92413,1.92351,1.9237,874,8,0
2024-02-21 07:20:00,1.9237,1.9237600000000001,1.92305,1.92307,786,8,0
2024-02-21 07:25:00,1.92307,1.92343,1.9228399999999999,1.923,1052,8,0
2024-02-21 07:30:00,1.923,1.92318,1.92259,1.92269,866,8,0
2024-02-21 07:35:00,1.92269,1.9232200000000002,1.92267,1.92318,744,8,0
2024-02-21 07:40:00,1.92318,1.9235,1.92305,1.9232900000000002,803,8,0
2024-02-21 07:45:00,1.92328,1.92346,1.9228,1.92307,831,8,0
2024-02-21 07:50:00,1.9230800000000001,1.9237600000000001,1.9230800000000001,1.92368,647,8,0
2024-02-21 07:55:00,1.92368,1.92461,1.92368,1.92439,740,8,0
2024-02-21 08:00:00,1.9243999999999999,1.92443,1.92375,1.92388,1196,8,0
2024-02-21 08:05:00,1.92388,1.92405,1.92357,1.92386,1100,8,0
2024-02-21 08:10:00,1.92386,1.92404,1.92366,1.92391,889,8,0
2024-02-21 08:15:00,1.92391,1.9245100000000002,1.92303,1.92306,1121,8,0
2024-02-21 08:20:00,1.9230399999999999,1.9238300000000002,1.92294,1.92378,926,8,0
2024-02-21 08:25:00,1.92378,1.9238499999999998,1.9228100000000001,1.9233799999999999,996,8,0
2024-02-21 08:30:00,1.9233799999999999,1.9237600000000001,1.92307,1.92317,867,8,0
2024-02-21 08:35:00,1.92317,1.9234499999999999,1.92289,1.92336,692,8,0
2024-02-21 08:40:00,1.92336,1.92375,1.9230800000000001,1.9231099999999999,740,8,0
2024-02-21 08:45:00,1.92312,1.9233799999999999,1.9228,1.92316,827,8,0
2024-02-21 08:50:00,1.92316,1.92371,1.92307,1.92352,646,8,0
2024-02-21 08:55:00,1.92352,1.92378,1.9231099999999999,1.9231500000000001,907,8,0
2024-02-21 09:00:00,1.9231500000000001,1.9232900000000002,1.92249,1.92282,982,8,0
2024-02-21 09:05:00,1.92282,1.92319,1.92258,1.9229500000000002,1099,8,0
2024-02-21 09:10:00,1.9229500000000002,1.92307,1.92258,1.92268,1050,8,0
2024-02-21 09:15:00,1.92268,1.9232,1.92251,1.9226100000000002,1033,8,0
2024-02-21 09:20:00,1.9226100000000002,1.92278,1.92235,1.92271,826,8,0
2024-02-21 09:25:00,1.92271,1.9228800000000001,1.92251,1.92272,842,8,0
2024-02-21 09:30:00,1.92271,1.9236900000000001,1.92269,1.92351,808,8,0
2024-02-21 09:35:00,1.92351,1.92384,1.9234499999999999,1.9236,626,8,0
2024-02-21 09:40:00,1.9236,1.92375,1.92344,1.92354,567,8,0
2024-02-21 09:45:00,1.92354,1.92415,1.9234,1.92391,817,8,0
2024-02-21 09:50:00,1.92391,1.92407,1.92353,1.92407,638,8,0
2024-02-21 09:55:00,1.92408,1.92434,1.92384,1.9243299999999999,740,8,0
2024-02-21 10:00:00,1.92435,1.92436,1.9237,1.92401,605,8,0
2024-02-21 10:05:00,1.92401,1.92421,1.92386,1.92418,541,8,0
2024-02-21 10:10:00,1.9241700000000002,1.9245,1.92414,1.92436,586,8,0
2024-02-21 10:15:00,1.92434,1.9245700000000001,1.92407,1.92409,666,8,0
2024-02-21 10:20:00,1.92409,1.92424,1.9239600000000001,1.92402,754,8,0
2024-02-21 10:25:00,1.92402,1.92412,1.9233099999999999,1.92351,749,8,0
2024-02-21 10:30:00,1.92351,1.92375,1.9234,1.9237199999999999,605,8,0
2024-02-21 10:35:00,1.9237199999999999,1.9240300000000001,1.9235,1.92395,576,8,0
2024-02-21 10:40:00,1.92395,1.9245100000000002,1.92394,1.92447,755,8,0
2024-02-21 10:45:00,1.92445,1.9245999999999999,1.9240599999999999,1.9242599999999999,664,8,0
2024-02-21 10:50:00,1.9242599999999999,1.92477,1.92409,1.92447,596,8,0
2024-02-21 10:55:00,1.92447,1.92456,1.924,1.9245,341,8,0
2024-02-21 11:00:00,1.9245,1.9245,1.92401,1.92422,365,8,0
2024-02-21 11:05:00,1.92422,1.92434,1.92381,1.9238499999999998,510,8,0
2024-02-21 11:10:00,1.9238499999999998,1.92389,1.9235600000000002,1.92382,646,8,0
2024-02-21 11:15:00,1.92381,1.92486,1.9237600000000001,1.9247800000000002,732,8,0
2024-02-21 11:20:00,1.9247800000000002,1.9249,1.9241000000000001,1.92432,607,8,0
2024-02-21 11:25:00,1.92432,1.92468,1.92427,1.92468,563,8,0
2024-02-21 11:30:00,1.92468,1.9252799999999999,1.9245100000000002,1.92452,592,8,0
2024-02-21 11:35:00,1.92452,1.9250500000000001,1.9244599999999998,1.92495,525,8,0
2024-02-21 11:40:00,1.92495,1.92516,1.92479,1.92515,604,8,0
2024-02-21 11:45:00,1.92515,1.9252,1.92458,1.92469,587,8,0
2024-02-21 11:50:00,1.92469,1.92469,1.9241700000000002,1.92443,686,8,0
2024-02-21 11:55:00,1.92443,1.92535,1.92434,1.92531,557,8,0
2024-02-21 12:00:00,1.92531,1.9258600000000001,1.92531,1.9257900000000001,632,8,0
2024-02-21 12:05:00,1.92577,1.92585,1.9247800000000002,1.92481,1028,8,0
2024-02-21 12:10:00,1.92481,1.9251,1.9246699999999999,1.92483,783,8,0
2024-02-21 12:15:00,1.92483,1.92522,1.92472,1.9249399999999999,970,8,0
2024-02-21 12:20:00,1.92493,1.92517,1.92445,1.92448,874,8,0
2024-02-21 12:25:00,1.92448,1.92493,1.92438,1.92472,721,8,0
2024-02-21 12:30:00,1.92472,1.9249100000000001,1.92431,1.92439,569,8,0
2024-02-21 12:35:00,1.92438,1.92456,1.92425,1.92432,529,8,0
2024-02-21 12:40:00,1.92432,1.92475,1.92425,1.9247100000000001,752,8,0
2024-02-21 12:45:00,1.9247100000000001,1.92519,1.9247100000000001,1.92515,722,8,0
2024-02-21 12:50:00,1.92515,1.92543,1.9249100000000001,1.9253200000000001,676,8,0
2024-02-21 12:55:00,1.9253200000000001,1.9258600000000001,1.9253200000000001,1.9256600000000001,909,8,0
2024-02-21 13:00:00,1.9257,1.9258199999999999,1.92533,1.9254799999999999,1248,8,0
2024-02-21 13:05:00,1.9254799999999999,1.9256,1.92517,1.9254799999999999,942,8,0
2024-02-21 13:10:00,1.9254799999999999,1.92574,1.92484,1.92567,1177,8,0
2024-02-21 13:15:00,1.92565,1.92645,1.9255200000000001,1.9257300000000002,1034,8,0
2024-02-21 13:20:00,1.9257300000000002,1.9267699999999999,1.92569,1.9266999999999999,1226,8,0
2024-02-21 13:25:00,1.9266999999999999,1.92698,1.92631,1.9264299999999999,1171,8,0
2024-02-21 13:30:00,1.9264299999999999,1.92693,1.92633,1.92685,1005,8,0
2024-02-21 13:35:00,1.92685,1.92706,1.92622,1.92625,1038,8,0
2024-02-21 13:40:00,1.92625,1.9263400000000002,1.92537,1.92556,906,8,0
2024-02-21 13:45:00,1.92557,1.92594,1.92504,1.92584,1032,8,0
2024-02-21 13:50:00,1.92584,1.92631,1.9257300000000002,1.9262899999999998,898,8,0
2024-02-21 13:55:00,1.9263,1.92649,1.9260899999999999,1.9262700000000001,931,8,0
2024-02-21 14:00:00,1.9262700000000001,1.9268800000000001,1.92605,1.92626,963,8,0
2024-02-21 14:05:00,1.92626,1.92667,1.92598,1.92666,903,8,0
2024-02-21 14:10:00,1.92667,1.92687,1.92638,1.92675,827,8,0
2024-02-21 14:15:00,1.92675,1.92727,1.92671,1.92714,920,8,0
2024-02-21 14:20:00,1.92716,1.92723,1.92659,1.92668,944,8,0
2024-02-21 14:25:00,1.92668,1.92719,1.92653,1.92696,976,8,0
2024-02-21 14:30:00,1.92696,1.9275099999999998,1.92652,1.92659,1698,8,0
2024-02-21 14:35:00,1.92656,1.9266999999999999,1.92519,1.92519,1644,8,0
2024-02-21 14:40:00,1.9251800000000001,1.92591,1.92499,1.92578,1370,8,0
2024-02-21 14:45:00,1.9257900000000001,1.92603,1.9253200000000001,1.9257300000000002,1353,8,0
2024-02-21 14:50:00,1.9257300000000002,1.92625,1.9255200000000001,1.92611,1407,8,0
2024-02-21 14:55:00,1.92611,1.9268999999999998,1.92607,1.92686,1055,8,0
2024-02-21 15:00:00,1.9268399999999999,1.92696,1.92649,1.92686,1322,8,0
2024-02-21 15:05:00,1.92686,1.92719,1.92649,1.92667,1328,8,0
2024-02-21 15:10:00,1.92667,1.92689,1.9264000000000001,1.92676,1042,8,0
2024-02-21 15:15:00,1.9267400000000001,1.92689,1.9257300000000002,1.92612,960,8,0
2024-02-21 15:20:00,1.92612,1.92615,1.92576,1.92599,1072,8,0
2024-02-21 15:25:00,1.92599,1.92642,1.9258,1.92595,1050,8,0
2024-02-21 15:30:00,1.92596,1.92723,1.9259,1.9268,979,8,0
2024-02-21 15:35:00,1.9268,1.9274200000000001,1.92671,1.9274200000000001,980,8,0
2024-02-21 15:40:00,1.9274200000000001,1.92816,1.9274200000000001,1.92791,1108,8,0
2024-02-21 15:45:00,1.92791,1.92791,1.9268399999999999,1.92686,974,8,0
2024-02-21 15:50:00,1.92689,1.92741,1.92668,1.92671,973,8,0
2024-02-21 15:55:00,1.92671,1.9277600000000001,1.92671,1.92746,1245,8,0
2024-02-21 16:00:00,1.92746,1.92802,1.92732,1.92771,1424,8,0
2024-02-21 16:05:00,1.92771,1.92793,1.9270399999999999,1.92789,1328,8,0
2024-02-21 16:10:00,1.9279,1.92824,1.92768,1.9277199999999999,1000,8,0
2024-02-21 16:15:00,1.9277199999999999,1.92848,1.92771,1.92829,1044,8,0
2024-02-21 16:20:00,1.9283000000000001,1.92854,1.9281700000000002,1.92838,935,8,0
2024-02-21 16:25:00,1.92838,1.92895,1.92825,1.92868,924,8,0
2024-02-21 16:30:00,1.92868,1.9293200000000001,1.92868,1.92919,1105,8,0
2024-02-21 16:35:00,1.92917,1.9298600000000001,1.92904,1.9293,972,8,0
2024-02-21 16:40:00,1.9293,1.9294799999999999,1.92895,1.92911,906,8,0
2024-02-21 16:45:00,1.92911,1.92915,1.92851,1.92872,839,8,0
2024-02-21 16:50:00,1.92872,1.92874,1.92828,1.92832,763,8,0
2024-02-21 16:55:00,1.92832,1.92848,1.92813,1.92845,845,8,0
2024-02-21 17:00:00,1.92845,1.9287800000000002,1.92836,1.9285,928,8,0
2024-02-21 17:05:00,1.9285,1.92865,1.92822,1.9285,825,8,0
2024-02-21 17:10:00,1.9285,1.92885,1.92842,1.9287,1006,8,0
2024-02-21 17:15:00,1.9287,1.92877,1.92838,1.92862,695,8,0
2024-02-21 17:20:00,1.92862,1.92892,1.92859,1.92873,641,8,0
2024-02-21 17:25:00,1.9287100000000001,1.9291,1.9287100000000001,1.92896,602,8,0
2024-02-21 17:30:00,1.92896,1.92923,1.92885,1.92899,644,8,0
2024-02-21 17:35:00,1.92899,1.92931,1.92889,1.92904,668,8,0
2024-02-21 17:40:00,1.92904,1.9292,1.92896,1.929,584,8,0
2024-02-21 17:45:00,1.92899,1.9292500000000001,1.92869,1.9287,907,8,0
2024-02-21 17:50:00,1.9287,1.9290500000000002,1.9286699999999999,1.92904,652,8,0
2024-02-21 17:55:00,1.92903,1.92933,1.9286699999999999,1.92874,829,8,0
2024-02-21 18:00:00,1.92874,1.9297499999999999,1.92856,1.92879,1454,8,0
2024-02-21 18:05:00,1.92879,1.92913,1.9286400000000001,1.92908,1203,8,0
2024-02-21 18:10:00,1.92908,1.9294,1.9289399999999999,1.92931,972,8,0
2024-02-21 18:15:00,1.92931,1.92962,1.92931,1.92949,886,8,0
2024-02-21 18:20:00,1.92949,1.92984,1.92942,1.92974,765,8,0
2024-02-21 18:25:00,1.92973,1.92997,1.92958,1.9297499999999999,724,8,0
2024-02-21 18:30:00,1.9297499999999999,1.93014,1.9296600000000002,1.92998,746,8,0
2024-02-21 18:35:00,1.92998,1.9300899999999999,1.9297499999999999,1.9299,693,8,0
2024-02-21 18:40:00,1.9299,1.93001,1.92958,1.9299300000000001,650,8,0
2024-02-21 18:45:00,1.9299300000000001,1.93025,1.9297900000000001,1.93007,619,8,0
2024-02-21 18:50:00,1.93007,1.9302899999999998,1.92995,1.93012,493,8,0
2024-02-21 18:55:00,1.93012,1.93014,1.92911,1.92911,680,8,0
2024-02-21 19:00:00,1.92911,1.9304700000000001,1.9289800000000001,1.9295499999999999,1728,8,0
2024-02-21 19:05:00,1.92957,1.92972,1.92904,1.9292799999999999,1664,8,0
2024-02-21 19:10:00,1.9292799999999999,1.9298,1.92911,1.92971,1083,8,0
2024-02-21 19:15:00,1.92972,1.93004,1.92957,1.92994,1273,8,0
2024-02-21 19:20:00,1.92994,1.93033,1.92987,1.93011,1010,8,0
2024-02-21 19:25:00,1.93011,1.9303,1.9298600000000001,1.92996,1022,8,0
2024-02-21 19:30:00,1.92996,1.9301300000000001,1.92973,1.9298600000000001,1082,8,0
2024-02-21 19:35:00,1.9298600000000001,1.9300000000000002,1.92961,1.92983,892,8,0
2024-02-21 19:40:00,1.92983,1.9300000000000002,1.9296600000000002,1.92998,742,8,0
2024-02-21 19:45:00,1.92998,1.92998,1.92961,1.9297499999999999,897,8,0
2024-02-21 19:50:00,1.9297499999999999,1.92995,1.9296,1.9296600000000002,996,8,0
2024-02-21 19:55:00,1.9296600000000002,1.9297499999999999,1.9292500000000001,1.92958,1001,8,0
2024-02-21 20:00:00,1.92958,1.9298899999999999,1.92947,1.92977,1098,8,0
2024-02-21 20:05:00,1.92978,1.93004,1.9297499999999999,1.92992,923,8,0
2024-02-21 20:10:00,1.92992,1.9301,1.92977,1.92997,815,8,0
2024-02-21 20:15:00,1.92997,1.9301300000000001,1.9298600000000001,1.9300199999999998,789,8,0
2024-02-21 20:20:00,1.9300199999999998,1.9301,1.9298899999999999,1.92992,841,8,0
2024-02-21 20:25:00,1.92992,1.93006,1.92971,1.93001,973,8,0
2024-02-21 20:30:00,1.93001,1.93019,1.92981,1.9301300000000001,884,8,0
2024-02-21 20:35:00,1.9301300000000001,1.93018,1.92969,1.92976,809,8,0
2024-02-21 20:40:00,1.92976,1.92978,1.9295,1.9295200000000001,656,8,0
2024-02-21 20:45:00,1.9295200000000001,1.92961,1.9292799999999999,1.92942,686,8,0
2024-02-21 20:50:00,1.92942,1.92949,1.9290500000000002,1.92911,845,8,0
2024-02-21 20:55:00,1.92911,1.92935,1.92902,1.92917,838,8,0
2024-02-21 21:00:00,1.92917,1.92953,1.92903,1.92942,500,8,0
2024-02-21 21:05:00,1.92942,1.92961,1.92929,1.9294799999999999,276,8,0
2024-02-21 21:10:00,1.9294799999999999,1.9297,1.92942,1.92958,285,8,0
2024-02-21 21:15:00,1.9295499999999999,1.92985,1.9294,1.9297499999999999,281,8,0
2024-02-21 21:20:00,1.9297499999999999,1.92991,1.92927,1.9295499999999999,1330,8,0
2024-02-21 21:25:00,1.9295499999999999,1.92996,1.92904,1.9290699999999998,919,8,0
2024-02-21 21:30:00,1.9290500000000002,1.92911,1.92813,1.9283700000000001,871,8,0
2024-02-21 21:35:00,1.9283700000000001,1.9287800000000002,1.92832,1.9287800000000002,458,8,0
2024-02-21 21:40:00,1.9287800000000002,1.92881,1.92849,1.92856,300,8,0
2024-02-21 21:45:00,1.92856,1.92866,1.92838,1.92848,338,8,0
2024-02-21 21:50:00,1.9285,1.92884,1.92838,1.92866,384,8,0
2024-02-21 21:55:00,1.92866,1.92902,1.92861,1.92874,594,8,0
2024-02-21 22:00:00,1.92879,1.9289800000000001,1.92869,1.9287100000000001,13,55,0
2024-02-21 22:05:00,1.9287100000000001,1.9287100000000001,1.9286400000000001,1.9287100000000001,10,84,0
2024-02-21 22:10:00,1.92869,1.9289,1.9279,1.92852,73,50,0
2024-02-21 22:15:00,1.92852,1.92868,1.9281000000000001,1.92862,50,68,0
2024-02-21 22:20:00,1.92862,1.92886,1.92854,1.92877,36,51,0
2024-02-21 22:25:00,1.92877,1.92912,1.92845,1.92896,30,41,0
2024-02-21 22:30:00,1.92896,1.92912,1.92865,1.92865,16,19,0
2024-02-21 22:35:00,1.92865,1.92922,1.92865,1.9291800000000001,43,8,0
2024-02-21 22:40:00,1.9291800000000001,1.92997,1.92858,1.92944,428,9,0
2024-02-21 22:45:00,1.92944,1.9297900000000001,1.9289800000000001,1.92946,401,18,0
2024-02-21 22:50:00,1.92946,1.92946,1.92904,1.92908,260,21,0
2024-02-21 22:55:00,1.92908,1.92983,1.92884,1.92924,341,21,0
2024-02-21 23:00:00,1.92924,1.92929,1.9284599999999998,1.92896,354,8,0
2024-02-21 23:05:00,1.9289800000000001,1.9289800000000001,1.92831,1.92888,180,8,0
2024-02-21 23:10:00,1.92888,1.92912,1.9283299999999999,1.92866,242,8,0
2024-02-21 23:15:00,1.92866,1.9287100000000001,1.92814,1.92828,229,8,0
2024-02-21 23:20:00,1.92828,1.92858,1.92824,1.92835,247,8,0
2024-02-21 23:25:00,1.92835,1.92899,1.92835,1.9287999999999998,152,8,0
2024-02-21 23:30:00,1.9287999999999998,1.92897,1.92854,1.9287,187,8,0
2024-02-21 23:35:00,1.9287,1.92915,1.9287,1.92895,274,8,0
2024-02-21 23:40:00,1.92895,1.92916,1.9284599999999998,1.92861,180,8,0
2024-02-21 23:45:00,1.92861,1.9287,1.92835,1.92843,266,8,0
2024-02-21 23:50:00,1.92843,1.92875,1.92842,1.92863,275,8,0
2024-02-21 23:55:00,1.92863,1.92863,1.9281000000000001,1.92829,286,8,0
2024-02-22 00:00:00,1.9283000000000001,1.92874,1.92823,1.9286400000000001,558,8,0
2024-02-22 00:05:00,1.9286400000000001,1.92906,1.9283000000000001,1.92831,496,8,0
2024-02-22 00:10:00,1.92831,1.92838,1.9279199999999999,1.9279600000000001,363,8,0
2024-02-22 00:15:00,1.92797,1.92858,1.92782,1.92784,439,8,0
2024-02-22 00:20:00,1.92784,1.92827,1.92784,1.92813,400,8,0
2024-02-22 00:25:00,1.92813,1.92861,1.92807,1.9285299999999999,338,8,0
2024-02-22 00:30:00,1.92854,1.92873,1.92829,1.92855,377,8,0
2024-02-22 00:35:00,1.92855,1.92863,1.92835,1.92848,344,8,0
2024-02-22 00:40:00,1.92848,1.92849,1.9280599999999999,1.9282,391,8,0
2024-02-22 00:45:00,1.9282,1.9282,1.92781,1.92786,477,8,0
2024-02-22 00:50:00,1.92786,1.92787,1.9275,1.92764,618,8,0
2024-02-22 00:55:00,1.92764,1.92823,1.92747,1.9279,554,8,0
2024-02-22 01:00:00,1.9279,1.92791,1.9274200000000001,1.9278,698,8,0
2024-02-22 01:05:00,1.9278,1.92798,1.92775,1.92777,492,8,0
2024-02-22 01:10:00,1.92777,1.92824,1.9275799999999998,1.92815,428,8,0
2024-02-22 01:15:00,1.92815,1.92818,1.92734,1.92743,647,8,0
2024-02-22 01:20:00,1.9274200000000001,1.92791,1.9273099999999999,1.92786,581,8,0
2024-02-22 01:25:00,1.92786,1.92852,1.92775,1.92831,375,8,0
2024-02-22 01:30:00,1.92831,1.92841,1.92782,1.9283299999999999,622,8,0
2024-02-22 01:35:00,1.9283299999999999,1.9287100000000001,1.92802,1.92866,700,8,0
2024-02-22 01:40:00,1.92866,1.92879,1.9285299999999999,1.92872,578,8,0
2024-02-22 01:45:00,1.9287100000000001,1.92881,1.92839,1.9285299999999999,504,8,0
2024-02-22 01:50:00,1.9285299999999999,1.92903,1.92852,1.92889,651,8,0
2024-02-22 01:55:00,1.9289,1.92934,1.92879,1.92913,662,8,0
2024-02-22 02:00:00,1.92913,1.92984,1.9290500000000002,1.9298199999999999,582,8,0
2024-02-22 02:05:00,1.9298199999999999,1.93022,1.9296,1.92981,630,8,0
2024-02-22 02:10:00,1.92981,1.93084,1.9297499999999999,1.93039,757,8,0
2024-02-22 02:15:00,1.93039,1.93044,1.9295900000000001,1.9296600000000002,675,8,0
2024-02-22 02:20:00,1.9296600000000002,1.93019,1.92962,1.92991,591,8,0
2024-02-22 02:25:00,1.92991,1.92997,1.9291399999999999,1.92956,561,8,0
2024-02-22 02:30:00,1.92956,1.9297900000000001,1.92912,1.9292,486,8,0
2024-02-22 02:35:00,1.9292,1.92929,1.92896,1.9292,443,8,0
2024-02-22 02:40:00,1.9292,1.92934,1.92875,1.92904,473,8,0
2024-02-22 02:45:00,1.92904,1.9293200000000001,1.92879,1.92889,642,8,0
2024-02-22 02:50:00,1.92889,1.9290500000000002,1.92876,1.9289100000000001,551,8,0
2024-02-22 02:55:00,1.9289100000000001,1.92903,1.9287,1.92873,437,8,0
2024-02-22 03:00:00,1.92872,1.92886,1.9285299999999999,1.9287,417,8,0
2024-02-22 03:05:00,1.92868,1.92931,1.92868,1.92927,459,8,0
2024-02-22 03:10:00,1.92927,1.92935,1.92911,1.92915,425,8,0
2024-02-22 03:15:00,1.92916,1.92976,1.92913,1.92946,448,8,0
2024-02-22 03:20:00,1.92945,1.9295900000000001,1.92902,1.92904,323,8,0
2024-02-22 03:25:00,1.92903,1.9290500000000002,1.92883,1.92895,230,8,0
2024-02-22 03:30:00,1.92896,1.92946,1.92892,1.92937,359,8,0
2024-02-22 03:35:00,1.92937,1.9296600000000002,1.92937,1.92953,287,8,0
2024-02-22 03:40:00,1.92953,1.92954,1.92917,1.9291800000000001,249,8,0
2024-02-22 03:45:00,1.9291800000000001,1.92949,1.92911,1.92947,262,8,0
2024-02-22 03:50:00,1.92946,1.9296799999999998,1.92915,1.92946,303,8,0
2024-02-22 03:55:00,1.92946,1.9295499999999999,1.92926,1.92947,312,8,0
2024-02-22 04:00:00,1.92947,1.92972,1.92947,1.92957,268,8,0
2024-02-22 04:05:00,1.92957,1.92972,1.9291800000000001,1.92926,270,8,0
2024-02-22 04:10:00,1.92926,1.92933,1.9289399999999999,1.92897,257,8,0
2024-02-22 04:15:00,1.92899,1.9290699999999998,1.92861,1.9286400000000001,217,8,0
2024-02-22 04:20:00,1.9286400000000001,1.9287999999999998,1.92854,1.92866,264,8,0
2024-02-22 04:25:00,1.92866,1.92872,1.92835,1.9284,340,8,0
2024-02-22 04:30:00,1.92841,1.9284400000000002,1.92764,1.92771,322,8,0
2024-02-22 04:35:00,1.92771,1.92802,1.9275099999999998,1.92752,257,8,0
2024-02-22 04:40:00,1.92752,1.92764,1.92739,1.92761,256,8,0
2024-02-22 04:45:00,1.9276200000000001,1.92787,1.9276,1.92771,267,8,0
2024-02-22 04:50:00,1.92771,1.92789,1.9276900000000001,1.92771,201,8,0
2024-02-22 04:55:00,1.92771,1.92771,1.92723,1.92736,284,8,0
2024-02-22 05:00:00,1.92736,1.92764,1.9273099999999999,1.9274900000000001,295,8,0
2024-02-22 05:05:00,1.9274900000000001,1.9278300000000002,1.92744,1.92778,250,8,0
2024-02-22 05:10:00,1.92778,1.92797,1.92766,1.92778,363,8,0
2024-02-22 05:15:00,1.92778,1.92816,1.9277199999999999,1.92804,298,8,0
2024-02-22 05:20:00,1.92804,1.92816,1.92791,1.92805,259,8,0
2024-02-22 05:25:00,1.92805,1.92809,1.92766,1.92775,322,8,0
2024-02-22 05:30:00,1.9277600000000001,1.9279199999999999,1.9274200000000001,1.92743,361,8,0
2024-02-22 05:35:00,1.92744,1.92752,1.9272200000000002,1.9275099999999998,304,8,0
2024-02-22 05:40:00,1.9275099999999998,1.92754,1.92726,1.9274,241,8,0
2024-02-22 05:45:00,1.9274,1.9274,1.92691,1.9271,471,8,0
2024-02-22 05:50:00,1.9271099999999999,1.9275600000000002,1.9271,1.9275,433,8,0
2024-02-22 05:55:00,1.9275,1.9276499999999999,1.92705,1.9273099999999999,586,8,0
2024-02-22 06:00:00,1.9273,1.9276,1.9272,1.9275,492,8,0
2024-02-22 06:05:00,1.92753,1.92759,1.9271500000000001,1.92727,400,8,0
2024-02-22 06:10:00,1.92727,1.92741,1.92648,1.92662,463,8,0
2024-02-22 06:15:00,1.92662,1.92671,1.92628,1.9263,452,8,0
2024-02-22 06:20:00,1.9263,1.9266,1.92607,1.92648,319,8,0
2024-02-22 06:25:00,1.92648,1.92657,1.92569,1.92572,340,8,0
2024-02-22 06:30:00,1.92572,1.9258199999999999,1.9250500000000001,1.9251,420,8,0
2024-02-22 06:35:00,1.9251,1.92536,1.92503,1.92511,437,8,0
2024-02-22 06:40:00,1.92511,1.9251200000000002,1.9247999999999998,1.9250099999999999,422,8,0
2024-02-22 06:45:00,1.9250099999999999,1.9251200000000002,1.9242,1.92425,464,8,0
2024-02-22 06:50:00,1.92425,1.92447,1.92409,1.9243999999999999,469,8,0
2024-02-22 06:55:00,1.9243999999999999,1.9244400000000002,1.92389,1.92409,426,8,0
2024-02-22 07:00:00,1.92409,1.92418,1.92348,1.9235600000000002,854,8,0
2024-02-22 07:05:00,1.9235600000000002,1.92379,1.92301,1.92332,899,8,0
2024-02-22 07:10:00,1.92332,1.92393,1.9233099999999999,1.92346,867,8,0
2024-02-22 07:15:00,1.92346,1.92416,1.92314,1.92402,923,8,0
2024-02-22 07:20:00,1.92402,1.92407,1.9235799999999998,1.92404,801,8,0
2024-02-22 07:25:00,1.92405,1.92432,1.92368,1.92381,738,8,0
2024-02-22 07:30:00,1.92379,1.9239199999999999,1.92321,1.9233099999999999,939,8,0
2024-02-22 07:35:00,1.9233099999999999,1.92332,1.92251,1.92264,858,8,0
2024-02-22 07:40:00,1.92264,1.92298,1.9223,1.9229,870,8,0
2024-02-22 07:45:00,1.9229,1.9240300000000001,1.9229,1.92389,888,8,0
2024-02-22 07:50:00,1.92389,1.92391,1.92354,1.92361,959,8,0
2024-02-22 07:55:00,1.92361,1.92375,1.92287,1.9234,942,8,0
2024-02-22 08:00:00,1.9234,1.9234,1.92279,1.92305,1159,8,0
2024-02-22 08:05:00,1.92305,1.9241899999999998,1.92293,1.92374,1106,8,0
2024-02-22 08:10:00,1.92373,1.92488,1.92368,1.92479,1123,8,0
2024-02-22 08:15:00,1.92479,1.9270399999999999,1.9247800000000002,1.92652,1972,8,0
2024-02-22 08:20:00,1.92651,1.9277199999999999,1.92635,1.92752,1438,8,0
2024-02-22 08:25:00,1.92752,1.92752,1.92673,1.92706,1177,8,0
2024-02-22 08:30:00,1.92706,1.9271,1.92558,1.92664,1813,8,0
2024-02-22 08:35:00,1.92665,1.9274900000000001,1.9266299999999998,1.92705,1471,8,0
2024-02-22 08:40:00,1.92706,1.92791,1.92702,1.92754,1123,8,0
2024-02-22 08:45:00,1.92754,1.92798,1.92739,1.92767,1180,8,0
2024-02-22 08:50:00,1.92766,1.92855,1.9276499999999999,1.92777,1138,8,0
2024-02-22 08:55:00,1.92777,1.92823,1.92744,1.92771,838,8,0
2024-02-22 09:00:00,1.92771,1.92858,1.92754,1.92813,1137,8,0
2024-02-22 09:05:00,1.9281199999999998,1.9281700000000002,1.9277,1.9280300000000001,1177,8,0
2024-02-22 09:10:00,1.9280300000000001,1.92824,1.92777,1.92823,1036,8,0
2024-02-22 09:15:00,1.9282,1.92876,1.92816,1.92845,1077,8,0
2024-02-22 09:20:00,1.9284400000000002,1.92855,1.92813,1.92834,1159,8,0
2024-02-22 09:25:00,1.92835,1.92855,1.9279600000000001,1.92798,1108,8,0
2024-02-22 09:30:00,1.92798,1.92924,1.9262899999999998,1.9262899999999998,1656,8,0
2024-02-22 09:35:00,1.9262899999999998,1.92679,1.92606,1.92621,1166,8,0
2024-02-22 09:40:00,1.92617,1.9262299999999999,1.9245700000000001,1.92511,1112,8,0
2024-02-22 09:45:00,1.92511,1.92547,1.9246699999999999,1.92473,914,8,0
2024-02-22 09:50:00,1.92472,1.92531,1.9245999999999999,1.92527,760,8,0
2024-02-22 09:55:00,1.92527,1.9256,1.92511,1.92558,582,8,0
2024-02-22 10:00:00,1.9255900000000001,1.92605,1.92547,1.92601,575,8,0
2024-02-22 10:05:00,1.92601,1.9261300000000001,1.9255900000000001,1.92561,777,8,0
2024-02-22 10:10:00,1.92561,1.92594,1.9254099999999998,1.92549,752,8,0
2024-02-22 10:15:00,1.92549,1.92577,1.92513,1.92515,598,8,0
2024-02-22 10:20:00,1.9251399999999999,1.92569,1.92513,1.92551,626,8,0
2024-02-22 10:25:00,1.92551,1.9257499999999999,1.92509,1.9256799999999998,596,8,0
2024-02-22 10:30:00,1.9256799999999998,1.92632,1.92549,1.9261300000000001,642,8,0
2024-02-22 10:35:00,1.9261300000000001,1.92659,1.9260199999999998,1.92624,716,8,0
2024-02-22 10:40:00,1.92624,1.92638,1.92583,1.92584,643,8,0
2024-02-22 10:45:00,1.92584,1.9258600000000001,1.9251,1.92517,786,8,0
2024-02-22 10:50:00,1.9251800000000001,1.92564,1.92511,1.92522,606,8,0
2024-02-22 10:55:00,1.92522,1.92577,1.92522,1.9256,606,8,0
2024-02-22 11:00:00,1.9256,1.92597,1.9253,1.9258,668,8,0
2024-02-22 11:05:00,1.9257900000000001,1.92614,1.92554,1.9255499999999999,600,8,0
2024-02-22 11:10:00,1.9255499999999999,1.92587,1.9252799999999999,1.92564,807,8,0
2024-02-22 11:15:00,1.92564,1.9258199999999999,1.9249100000000001,1.92502,653,8,0
2024-02-22 11:20:00,1.92502,1.9253200000000001,1.92495,1.92499,631,8,0
2024-02-22 11:25:00,1.92499,1.9255900000000001,1.92497,1.92551,791,8,0
2024-02-22 11:30:00,1.92551,1.9257499999999999,1.92493,1.92495,784,8,0
2024-02-22 11:35:00,1.92495,1.92524,1.92484,1.9252099999999999,607,8,0
2024-02-22 11:40:00,1.92522,1.92544,1.92509,1.9252799999999999,758,8,0
2024-02-22 11:45:00,1.9252799999999999,1.92551,1.92503,1.92538,639,8,0
2024-02-22 11:50:00,1.92538,1.92622,1.9253,1.92618,541,8,0
2024-02-22 11:55:00,1.92617,1.9270100000000001,1.92604,1.92696,764,8,0
2024-02-22 12:00:00,1.9269500000000002,1.92729,1.9265400000000001,1.92656,839,8,0
2024-02-22 12:05:00,1.92657,1.9268,1.92631,1.92631,637,8,0
2024-02-22 12:10:00,1.92631,1.92655,1.9260899999999999,1.92645,574,8,0
2024-02-22 12:15:00,1.9264700000000001,1.9266299999999998,1.92615,1.92617,625,8,0
2024-02-22 12:20:00,1.92615,1.92617,1.92563,1.9257,615,8,0
2024-02-22 12:25:00,1.9257,1.92633,1.9255,1.92628,486,8,0
2024-02-22 12:30:00,1.92628,1.92718,1.9262299999999999,1.92699,676,8,0
2024-02-22 12:35:00,1.92699,1.92821,1.92699,1.92813,1033,8,0
2024-02-22 12:40:00,1.92814,1.92866,1.92808,1.92847,907,8,0
2024-02-22 12:45:00,1.92851,1.92872,1.92824,1.92828,905,8,0
2024-02-22 12:50:00,1.92828,1.92854,1.92801,1.92852,646,8,0
2024-02-22 12:55:00,1.9285299999999999,1.9286699999999999,1.92838,1.92865,808,8,0
2024-02-22 13:00:00,1.92866,1.92895,1.9283700000000001,1.9289399999999999,1135,8,0
2024-02-22 13:05:00,1.92892,1.92919,1.92869,1.92875,872,8,0
2024-02-22 13:10:00,1.92875,1.92886,1.9281199999999998,1.9282,929,8,0
2024-02-22 13:15:00,1.92821,1.9285299999999999,1.9281899999999998,1.92832,901,8,0
2024-02-22 13:20:00,1.92832,1.92854,1.92786,1.92797,1274,8,0
2024-02-22 13:25:00,1.9279600000000001,1.92816,1.92729,1.9273799999999999,1005,8,0
2024-02-22 13:30:00,1.9273799999999999,1.92873,1.92693,1.9271099999999999,1802,8,0
2024-02-22 13:35:00,1.92709,1.92761,1.9270100000000001,1.9272399999999998,1893,8,0
2024-02-22 13:40:00,1.92723,1.9273,1.9264700000000001,1.92648,1363,8,0
2024-02-22 13:45:00,1.92648,1.9272200000000002,1.92639,1.92718,1403,8,0
2024-02-22 13:50:00,1.9271500000000001,1.92768,1.92712,1.92746,1219,8,0
2024-02-22 13:55:00,1.92746,1.92757,1.9269500000000002,1.9271,1336,8,0
2024-02-22 14:00:00,1.9271099999999999,1.9272399999999998,1.92653,1.92653,1387,8,0
2024-02-22 14:05:00,1.9265400000000001,1.92789,1.9264999999999999,1.92781,1250,8,0
2024-02-22 14:10:00,1.92782,1.92782,1.9270100000000001,1.92717,1061,8,0
2024-02-22 14:15:00,1.92717,1.92737,1.9263400000000002,1.92642,1138,8,0
2024-02-22 14:20:00,1.92642,1.92658,1.92596,1.92608,1087,8,0
2024-02-22 14:25:00,1.92608,1.9261599999999999,1.92546,1.9259300000000001,964,8,0
2024-02-22 14:30:00,1.9259300000000001,1.92637,1.92558,1.9256600000000001,1448,8,0
2024-02-22 14:35:00,1.9256600000000001,1.92567,1.92506,1.92537,1288,8,0
2024-02-22 14:40:00,1.92537,1.9259,1.92496,1.92499,1488,8,0
2024-02-22 14:45:00,1.92497,1.92553,1.9243700000000001,1.92452,2413,8,0
2024-02-22 14:50:00,1.92452,1.92619,1.92411,1.92581,1891,8,0
2024-02-22 14:55:00,1.92581,1.9263,1.92565,1.92587,1457,8,0
2024-02-22 15:00:00,1.92585,1.92648,1.9257499999999999,1.92606,2089,8,0
2024-02-22 15:05:00,1.92606,1.92692,1.92588,1.92685,1826,8,0
2024-02-22 15:10:00,1.9268399999999999,1.92752,1.9266,1.92743,1664,8,0
2024-02-22 15:15:00,1.92744,1.92801,1.92741,1.92795,1576,8,0
2024-02-22 15:20:00,1.92797,1.92842,1.92784,1.9279199999999999,1453,8,0
2024-02-22 15:25:00,1.9279199999999999,1.92824,1.92779,1.92795,1417,8,0
2024-02-22 15:30:00,1.92794,1.9282599999999999,1.92771,1.9279,1467,8,0
2024-02-22 15:35:00,1.92791,1.92829,1.92747,1.92752,1191,8,0
2024-02-22 15:40:00,1.92752,1.92786,1.92729,1.92764,1420,8,0
2024-02-22 15:45:00,1.9276499999999999,1.92842,1.92759,1.92835,1150,8,0
2024-02-22 15:50:00,1.92835,1.9286699999999999,1.92804,1.92851,1100,8,0
2024-02-22 15:55:00,1.92851,1.9287,1.92782,1.9281899999999998,1551,8,0
2024-02-22 16:00:00,1.92816,1.93038,1.92816,1.93037,1544,8,0
2024-02-22 16:05:00,1.93037,1.93098,1.93014,1.93079,1260,8,0
2024-02-22 16:10:00,1.93079,1.9314200000000001,1.9306,1.9314,1197,8,0
2024-02-22 16:15:00,1.9314,1.93154,1.93092,1.9309500000000002,1125,8,0
2024-02-22 16:20:00,1.9309500000000002,1.9317600000000001,1.93092,1.9315099999999998,1039,8,0
2024-02-22 16:25:00,1.93152,1.93201,1.93144,1.93201,987,8,0
2024-02-22 16:30:00,1.9320300000000001,1.9320300000000001,1.93113,1.93152,977,8,0
2024-02-22 16:35:00,1.93152,1.93265,1.93152,1.93252,915,8,0
2024-02-22 16:40:00,1.93254,1.93289,1.93241,1.93272,910,8,0
2024-02-22 16:45:00,1.93272,1.93293,1.93229,1.93258,1122,8,0
2024-02-22 16:50:00,1.93258,1.93289,1.93218,1.93228,891,8,0
2024-02-22 16:55:00,1.93228,1.93252,1.93197,1.932,844,8,0
2024-02-22 17:00:00,1.932,1.93225,1.9319,1.93204,826,8,0
2024-02-22 17:05:00,1.93204,1.93204,1.9314900000000002,1.9318499999999998,864,8,0
2024-02-22 17:10:00,1.93186,1.9326400000000001,1.93179,1.93262,669,8,0
2024-02-22 17:15:00,1.93262,1.93306,1.93254,1.9327999999999999,743,8,0
2024-02-22 17:20:00,1.9327999999999999,1.9328699999999999,1.93243,1.9324599999999998,748,8,0
2024-02-22 17:25:00,1.9324599999999998,1.93301,1.93225,1.9322599999999999,658,8,0
2024-02-22 17:30:00,1.9322599999999999,1.93247,1.93191,1.93209,892,8,0
2024-02-22 17:35:00,1.93209,1.93227,1.932,1.9322300000000001,654,8,0
2024-02-22 17:40:00,1.9322300000000001,1.9324599999999998,1.93195,1.93208,671,8,0
2024-02-22 17:45:00,1.93208,1.93227,1.9318300000000002,1.93205,631,8,0
2024-02-22 17:50:00,1.93205,1.93205,1.93175,1.9319600000000001,652,8,0
2024-02-22 17:55:00,1.9319600000000001,1.93224,1.93181,1.9319199999999999,653,8,0
2024-02-22 18:00:00,1.9319,1.93213,1.93175,1.93186,663,8,0
2024-02-22 18:05:00,1.93186,1.93205,1.9317,1.93194,614,8,0
2024-02-22 18:10:00,1.93194,1.93205,1.93147,1.93152,960,8,0
2024-02-22 18:15:00,1.93152,1.93161,1.93128,1.93129,540,8,0
2024-02-22 18:20:00,1.93129,1.93184,1.9311099999999999,1.9316499999999999,685,8,0
2024-02-22 18:25:00,1.9316499999999999,1.93214,1.93153,1.93208,963,8,0
2024-02-22 18:30:00,1.93209,1.93211,1.93159,1.93167,868,8,0
2024-02-22 18:35:00,1.93166,1.93189,1.93164,1.9318,683,8,0
2024-02-22 18:40:00,1.9318,1.93184,1.93139,1.93166,647,8,0
2024-02-22 18:45:00,1.93166,1.9320599999999999,1.93163,1.9320300000000001,488,8,0
2024-02-22 18:50:00,1.9320300000000001,1.93227,1.93191,1.93194,714,8,0
2024-02-22 18:55:00,1.93194,1.93204,1.93177,1.93181,709,8,0
2024-02-22 19:00:00,1.93181,1.9319600000000001,1.9317600000000001,1.9318499999999998,794,8,0
2024-02-22 19:05:00,1.9318499999999998,1.93222,1.93155,1.9321700000000002,816,8,0
2024-02-22 19:10:00,1.9321700000000002,1.93232,1.9319899999999999,1.93202,629,8,0
2024-02-22 19:15:00,1.93202,1.93218,1.93194,1.93205,629,8,0
2024-02-22 19:20:00,1.93205,1.9321199999999998,1.93194,1.932,424,8,0
2024-02-22 19:25:00,1.932,1.93209,1.93187,1.93195,722,8,0
2024-02-22 19:30:00,1.93195,1.93204,1.9317199999999999,1.93181,851,8,0
2024-02-22 19:35:00,1.93181,1.93218,1.9317600000000001,1.93198,568,8,0
2024-02-22 19:40:00,1.93198,1.93204,1.93144,1.93147,677,8,0
2024-02-22 19:45:00,1.93147,1.9318,1.9312399999999998,1.93179,617,8,0
2024-02-22 19:50:00,1.93179,1.9319,1.9314,1.9314,576,8,0
2024-02-22 19:55:00,1.93139,1.9316200000000001,1.9312,1.93126,975,8,0
2024-02-22 20:00:00,1.93126,1.9313,1.9309500000000002,1.93109,783,8,0
2024-02-22 20:05:00,1.9310800000000001,1.93125,1.93098,1.9311500000000001,676,8,0
2024-02-22 20:10:00,1.9311500000000001,1.93133,1.93107,1.93127,928,8,0
2024-02-22 20:15:00,1.93127,1.9313099999999999,1.93087,1.9309699999999999,735,8,0
2024-02-22 20:20:00,1.9309500000000002,1.93106,1.93075,1.931,600,8,0
2024-02-22 20:25:00,1.931,1.93121,1.9308999999999998,1.9310800000000001,615,8,0
2024-02-22 20:30:00,1.9310800000000001,1.93139,1.9309500000000002,1.93132,797,8,0
2024-02-22 20:35:00,1.93132,1.93144,1.93107,1.93117,702,8,0
2024-02-22 20:40:00,1.93117,1.9314200000000001,1.9311099999999999,1.9313799999999999,609,8,0
2024-02-22 20:45:00,1.93139,1.93148,1.9311500000000001,1.9313,587,8,0
2024-02-22 20:50:00,1.9313,1.9313500000000001,1.93087,1.9308800000000002,723,8,0
2024-02-22 20:55:00,1.9308800000000002,1.93133,1.9308,1.93132,1029,8,0
2024-02-22 21:00:00,1.93132,1.9313500000000001,1.93079,1.93085,361,8,0
2024-02-22 21:05:00,1.93085,1.93106,1.9308100000000001,1.93091,229,8,0
2024-02-22 21:10:00,1.93091,1.93091,1.93072,1.9307400000000001,122,8,0
2024-02-22 21:15:00,1.9307400000000001,1.9307400000000001,1.9306100000000002,1.93069,162,8,0
2024-02-22 21:20:00,1.93069,1.93084,1.93058,1.9308,178,8,0
2024-02-22 21:25:00,1.9308,1.9308,1.9306299999999998,1.93076,236,8,0
2024-02-22 21:30:00,1.93076,1.93099,1.93073,1.93096,135,8,0
2024-02-22 21:35:00,1.9309500000000002,1.9309699999999999,1.93076,1.93093,206,8,0
2024-02-22 21:40:00,1.93093,1.9310100000000001,1.93079,1.93091,154,8,0
2024-02-22 21:45:00,1.9308999999999998,1.93106,1.9306100000000002,1.93062,297,8,0
2024-02-22 21:50:00,1.93062,1.93099,1.93062,1.9307400000000001,258,8,0
2024-02-22 21:55:00,1.9307400000000001,1.93092,1.93066,1.9306999999999999,658,8,0
2024-02-22 22:00:00,1.93071,1.93103,1.92958,1.9302899999999998,38,13,0
2024-02-22 22:05:00,1.9302899999999998,1.93041,1.92997,1.93025,24,59,0
2024-02-22 22:10:00,1.93025,1.93049,1.92995,1.93042,24,62,0
2024-02-22 22:15:00,1.93042,1.93053,1.9302700000000002,1.9304000000000001,35,90,0
2024-02-22 22:20:00,1.9304000000000001,1.93042,1.93021,1.93025,22,92,0
2024-02-22 22:25:00,1.93025,1.93035,1.92998,1.92998,44,59,0
2024-02-22 22:30:00,1.92998,1.93017,1.92998,1.93011,31,73,0
2024-02-22 22:35:00,1.93017,1.93017,1.92995,1.93005,46,58,0
2024-02-22 22:40:00,1.93005,1.93014,1.92995,1.9300899999999999,123,25,0
2024-02-22 22:45:00,1.9300899999999999,1.93022,1.92995,1.92998,48,50,0
2024-02-22 22:50:00,1.92998,1.92998,1.92995,1.92995,6,43,0
2024-02-22 22:55:00,1.92995,1.9301,1.92995,1.92995,17,26,0
2024-02-22 23:00:00,1.92995,1.9304000000000001,1.9297499999999999,1.9304000000000001,209,8,0
2024-02-22 23:05:00,1.9304000000000001,1.93059,1.9304000000000001,1.93055,95,10,0
2024-02-22 23:10:00,1.93053,1.93067,1.92998,1.93006,137,8,0
2024-02-22 23:15:00,1.93007,1.93041,1.93007,1.93038,120,8,0
2024-02-22 23:20:00,1.93038,1.93046,1.93025,1.9303,129,8,0
2024-02-22 23:25:00,1.9303,1.93033,1.92985,1.92985,169,8,0
2024-02-22 23:30:00,1.92985,1.9300899999999999,1.92985,1.92998,195,8,0
2024-02-22 23:35:00,1.92998,1.9303,1.92997,1.9302899999999998,200,8,0
2024-02-22 23:40:00,1.9302899999999998,1.93073,1.93026,1.93073,160,8,0
2024-02-22 23:45:00,1.93073,1.9307699999999999,1.93026,1.93041,252,8,0
2024-02-22 23:50:00,1.93041,1.93065,1.93041,1.93051,147,8,0
2024-02-22 23:55:00,1.93051,1.9306999999999999,1.93039,1.93044,208,8,0
2024-02-23 00:00:00,1.93044,1.93049,1.92987,1.93038,402,8,0
2024-02-23 00:05:00,1.93038,1.93045,1.92967,1.9297499999999999,410,8,0
2024-02-23 00:10:00,1.9297499999999999,1.92976,1.92945,1.92976,375,8,0
2024-02-23 00:15:00,1.92976,1.92991,1.92943,1.92969,297,8,0
2024-02-23 00:20:00,1.92969,1.93022,1.92961,1.93019,256,8,0
2024-02-23 00:25:00,1.93019,1.93019,1.9300000000000002,1.93008,208,8,0
2024-02-23 00:30:00,1.93008,1.9302700000000002,1.92987,1.9300199999999998,386,8,0
2024-02-23 00:35:00,1.93003,1.9312200000000002,1.92999,1.93084,1400,8,0
2024-02-23 00:40:00,1.93084,1.93086,1.9301,1.93034,909,8,0
2024-02-23 00:45:00,1.93034,1.93051,1.9301599999999999,1.93034,745,8,0
2024-02-23 00:50:00,1.93033,1.93056,1.92997,1.93003,655,8,0
2024-02-23 00:55:00,1.93003,1.93035,1.92991,1.9302700000000002,495,8,0
2024-02-23 01:00:00,1.9302700000000002,1.93037,1.9298199999999999,1.93004,733,8,0
2024-02-23 01:05:00,1.93004,1.93045,1.9293200000000001,1.92954,726,8,0
2024-02-23 01:10:00,1.92954,1.92965,1.9291,1.92916,700,8,0
2024-02-23 01:15:00,1.92916,1.92953,1.92908,1.9293200000000001,580,8,0
2024-02-23 01:20:00,1.9293200000000001,1.92938,1.92881,1.9288699999999999,537,8,0
2024-02-23 01:25:00,1.92888,1.92929,1.92842,1.92852,634,8,0
2024-02-23 01:30:00,1.92852,1.92854,1.92798,1.92804,734,8,0
2024-02-23 01:35:00,1.92805,1.92805,1.9276499999999999,1.9278,718,8,0
2024-02-23 01:40:00,1.9278,1.9279600000000001,1.92653,1.92665,706,8,0
2024-02-23 01:45:00,1.92667,1.9273500000000001,1.9266299999999998,1.92734,703,8,0
2024-02-23 01:50:00,1.92734,1.9279199999999999,1.9273099999999999,1.9273500000000001,754,8,0
2024-02-23 01:55:00,1.9273500000000001,1.92739,1.92691,1.927,660,8,0
2024-02-23 02:00:00,1.927,1.9271500000000001,1.92641,1.9266,606,8,0
2024-02-23 02:05:00,1.9266,1.92717,1.9264700000000001,1.92713,466,8,0
2024-02-23 02:10:00,1.92713,1.9274,1.92693,1.9274,410,8,0
2024-02-23 02:15:00,1.9274,1.92788,1.9274,1.92774,314,8,0
2024-02-23 02:20:00,1.92774,1.9279,1.92734,1.92746,224,8,0
2024-02-23 02:25:00,1.92746,1.92797,1.92746,1.92782,418,8,0
2024-02-23 02:30:00,1.92782,1.9286400000000001,1.92781,1.92815,509,8,0
2024-02-23 02:35:00,1.92815,1.92815,1.92739,1.92752,425,8,0
2024-02-23 02:40:00,1.92752,1.9275600000000002,1.9266299999999998,1.9266999999999999,406,8,0
2024-02-23 02:45:00,1.9266999999999999,1.9270800000000001,1.92669,1.92691,470,8,0
2024-02-23 02:50:00,1.92691,1.9278499999999998,1.9268800000000001,1.9278300000000002,470,8,0
2024-02-23 02:55:00,1.9278300000000002,1.92816,1.9274499999999999,1.92764,588,8,0
2024-02-23 03:00:00,1.92766,1.92773,1.9274200000000001,1.9275600000000002,606,8,0
2024-02-23 03:05:00,1.9275600000000002,1.92757,1.9272200000000002,1.92737,545,8,0
2024-02-23 03:10:00,1.92737,1.92746,1.9270100000000001,1.9272200000000002,370,8,0
2024-02-23 03:15:00,1.92721,1.92723,1.9266299999999998,1.92678,272,8,0
2024-02-23 03:20:00,1.92678,1.92726,1.92653,1.92721,253,8,0
2024-02-23 03:25:00,1.9272,1.9273,1.9270399999999999,1.92712,417,8,0
2024-02-23 03:30:00,1.92712,1.92733,1.9270800000000001,1.92721,352,8,0
2024-02-23 03:35:00,1.92721,1.92723,1.9268,1.92703,241,8,0
2024-02-23 03:40:00,1.92702,1.92712,1.92676,1.92712,267,8,0
2024-02-23 03:45:00,1.92712,1.9273799999999999,1.92706,1.92737,313,8,0
2024-02-23 03:50:00,1.92737,1.92768,1.92729,1.9276499999999999,357,8,0
2024-02-23 03:55:00,1.9276499999999999,1.92786,1.9276499999999999,1.9277600000000001,413,8,0
2024-02-23 04:00:00,1.9277600000000001,1.92788,1.92744,1.92757,337,8,0
2024-02-23 04:05:00,1.92757,1.9276499999999999,1.92739,1.9275099999999998,299,8,0
2024-02-23 04:10:00,1.9275099999999998,1.9276200000000001,1.92744,1.9276,205,8,0
2024-02-23 04:15:00,1.9276,1.92767,1.92734,1.92748,235,8,0
2024-02-23 04:20:00,1.92748,1.92754,1.92705,1.92706,227,8,0
2024-02-23 04:25:00,1.92706,1.92752,1.92702,1.92706,228,8,0
2024-02-23 04:30:00,1.92707,1.92732,1.92656,1.92656,245,8,0
2024-02-23 04:35:00,1.92656,1.92678,1.92653,1.92656,157,8,0
2024-02-23 04:40:00,1.92656,1.92685,1.9265400000000001,1.92673,162,8,0
2024-02-23 04:45:00,1.92673,1.9267699999999999,1.92656,1.9266,154,8,0
2024-02-23 04:50:00,1.9266,1.92689,1.92658,1.92672,222,8,0
2024-02-23 04:55:00,1.92672,1.92705,1.9266299999999998,1.92702,243,8,0
2024-02-23 05:00:00,1.92702,1.9275099999999998,1.92698,1.92721,357,8,0
2024-02-23 05:05:00,1.92721,1.92766,1.9271500000000001,1.92746,291,8,0
2024-02-23 05:10:00,1.92747,1.92789,1.92739,1.9277600000000001,257,8,0
2024-02-23 05:15:00,1.92775,1.92791,1.92767,1.92779,199,8,0
2024-02-23 05:20:00,1.92779,1.92805,1.92778,1.92801,172,8,0
2024-02-23 05:25:00,1.92801,1.92816,1.9279600000000001,1.92809,235,8,0
2024-02-23 05:30:00,1.92809,1.92842,1.9280599999999999,1.9284,259,8,0
2024-02-23 05:35:00,1.92841,1.92872,1.9283000000000001,1.92866,240,8,0
2024-02-23 05:40:00,1.92866,1.9287,1.92839,1.9285,362,8,0
2024-02-23 05:45:00,1.9285,1.92869,1.92838,1.92849,289,8,0
2024-02-23 05:50:00,1.92849,1.92855,1.92779,1.92789,366,8,0
2024-02-23 05:55:00,1.92789,1.9280300000000001,1.92781,1.9278499999999998,353,8,0
2024-02-23 06:00:00,1.9278499999999998,1.92794,1.92712,1.92713,449,8,0
2024-02-23 06:05:00,1.92713,1.92713,1.92676,1.9268800000000001,372,8,0
2024-02-23 06:10:00,1.9268800000000001,1.92725,1.9268100000000001,1.92721,371,8,0
2024-02-23 06:15:00,1.92721,1.9272399999999998,1.92693,1.92693,307,8,0
2024-02-23 06:20:00,1.92694,1.9272,1.92687,1.9270399999999999,343,8,0
2024-02-23 06:25:00,1.9270399999999999,1.92739,1.9270100000000001,1.9271099999999999,410,8,0
2024-02-23 06:30:00,1.9271099999999999,1.92771,1.92683,1.92764,393,8,0
2024-02-23 06:35:00,1.92764,1.9276499999999999,1.92732,1.92748,405,8,0
2024-02-23 06:40:00,1.92748,1.9276,1.9272399999999998,1.9275799999999998,374,8,0
2024-02-23 06:45:00,1.9275799999999998,1.92773,1.92687,1.92692,426,8,0
2024-02-23 06:50:00,1.92692,1.9269500000000002,1.92625,1.92625,409,8,0
2024-02-23 06:55:00,1.92625,1.927,1.92624,1.92657,444,8,0
2024-02-23 07:00:00,1.92656,1.92662,1.92606,1.92621,699,8,0
2024-02-23 07:05:00,1.92621,1.92658,1.92607,1.9263400000000002,745,8,0
2024-02-23 07:10:00,1.9263400000000002,1.92699,1.9262899999999998,1.92652,865,8,0
2024-02-23 07:15:00,1.92652,1.92664,1.92596,1.92655,605,8,0
2024-02-23 07:20:00,1.92655,1.92707,1.92648,1.92702,723,8,0
2024-02-23 07:25:00,1.92702,1.92727,1.9268399999999999,1.92693,681,8,0
2024-02-23 07:30:00,1.92693,1.92752,1.9268999999999998,1.92746,787,8,0
2024-02-23 07:35:00,1.92746,1.9275,1.9272399999999998,1.92739,649,8,0
2024-02-23 07:40:00,1.9274,1.9274200000000001,1.9270399999999999,1.9271500000000001,648,8,0
2024-02-23 07:45:00,1.9271500000000001,1.9273,1.92694,1.9273,642,8,0
2024-02-23 07:50:00,1.9273,1.92787,1.9272,1.9276900000000001,649,8,0
2024-02-23 07:55:00,1.9276900000000001,1.92774,1.9267400000000001,1.927,779,8,0
2024-02-23 08:00:00,1.927,1.9275099999999998,1.9260899999999999,1.9275,1176,8,0
2024-02-23 08:05:00,1.9275099999999998,1.92787,1.9273500000000001,1.92757,995,8,0
2024-02-23 08:10:00,1.9275600000000002,1.92787,1.92732,1.92781,927,8,0
2024-02-23 08:15:00,1.9278300000000002,1.92808,1.92746,1.92782,924,8,0
2024-02-23 08:20:00,1.9278300000000002,1.92809,1.9277600000000001,1.928,626,8,0
2024-02-23 08:25:00,1.928,1.92902,1.928,1.92901,834,8,0
2024-02-23 08:30:00,1.92901,1.92933,1.92849,1.92856,699,8,0
2024-02-23 08:35:00,1.92856,1.92964,1.9283700000000001,1.92942,787,8,0
2024-02-23 08:40:00,1.92942,1.93019,1.9293,1.92978,777,8,0
2024-02-23 08:45:00,1.92978,1.9301300000000001,1.92957,1.93007,786,8,0
2024-02-23 08:50:00,1.93007,1.93042,1.92997,1.9300199999999998,750,8,0
2024-02-23 08:55:00,1.9300199999999998,1.93028,1.9298,1.9301599999999999,626,8,0
2024-02-23 09:00:00,1.93017,1.93033,1.92996,1.93017,896,8,0
2024-02-23 09:05:00,1.93017,1.93037,1.93001,1.93026,804,8,0
2024-02-23 09:10:00,1.93026,1.93091,1.9300199999999998,1.93091,712,8,0
2024-02-23 09:15:00,1.93091,1.9315,1.93075,1.9311099999999999,735,8,0
2024-02-23 09:20:00,1.93114,1.93168,1.93085,1.93092,1046,8,0
2024-02-23 09:25:00,1.9308999999999998,1.93096,1.93031,1.93058,841,8,0
2024-02-23 09:30:00,1.93058,1.93096,1.93038,1.9306999999999999,679,8,0
2024-02-23 09:35:00,1.9306999999999999,1.93123,1.9306999999999999,1.9312200000000002,628,8,0
2024-02-23 09:40:00,1.9312200000000002,1.9317,1.93073,1.93085,766,8,0
2024-02-23 09:45:00,1.93085,1.9310800000000001,1.93039,1.9310800000000001,781,8,0
2024-02-23 09:50:00,1.9310800000000001,1.93112,1.9303,1.93055,765,8,0
2024-02-23 09:55:00,1.93055,1.9313500000000001,1.9304999999999999,1.9311500000000001,838,8,0
2024-02-23 10:00:00,1.9311500000000001,1.93139,1.93102,1.93136,787,8,0
2024-02-23 10:05:00,1.93137,1.93164,1.93103,1.93105,731,8,0
2024-02-23 10:10:00,1.93105,1.93134,1.93089,1.93129,599,8,0
2024-02-23 10:15:00,1.93129,1.9315099999999998,1.9312,1.9312200000000002,620,8,0
2024-02-23 10:20:00,1.9312200000000002,1.93153,1.9311,1.9314200000000001,648,8,0
2024-02-23 10:25:00,1.9314200000000001,1.93144,1.93112,1.93133,623,8,0
2024-02-23 10:30:00,1.93133,1.93177,1.93133,1.9315,585,8,0
2024-02-23 10:35:00,1.9315,1.9316,1.9309500000000002,1.93096,543,8,0
2024-02-23 10:40:00,1.93096,1.9309699999999999,1.93052,1.93079,709,8,0
2024-02-23 10:45:00,1.93078,1.93116,1.9306299999999998,1.93105,588,8,0
2024-02-23 10:50:00,1.93105,1.93148,1.93098,1.9314,628,8,0
2024-02-23 10:55:00,1.9314,1.93194,1.9314,1.93168,660,8,0
2024-02-23 11:00:00,1.93166,1.93216,1.9316200000000001,1.93175,866,8,0
2024-02-23 11:05:00,1.9317199999999999,1.93191,1.93136,1.9318300000000002,587,8,0
2024-02-23 11:10:00,1.9318300000000002,1.93227,1.93182,1.932,616,8,0
2024-02-23 11:15:00,1.932,1.9325700000000001,1.9318,1.93232,830,8,0
2024-02-23 11:20:00,1.93232,1.93245,1.93193,1.93195,881,8,0
2024-02-23 11:25:00,1.93195,1.93195,1.93128,1.9314200000000001,874,8,0
2024-02-23 11:30:00,1.9314200000000001,1.93159,1.9310399999999999,1.93106,933,8,0
2024-02-23 11:35:00,1.93107,1.93114,1.93058,1.93086,862,8,0
2024-02-23 11:40:00,1.93086,1.93144,1.93082,1.93141,821,8,0
2024-02-23 11:45:00,1.9314200000000001,1.9316,1.93119,1.93134,870,8,0
2024-02-23 11:50:00,1.93134,1.93152,1.93105,1.93118,908,8,0
2024-02-23 11:55:00,1.93118,1.93121,1.93094,1.93106,872,8,0
2024-02-23 12:00:00,1.93106,1.93125,1.93087,1.93092,896,8,0
2024-02-23 12:05:00,1.93094,1.93105,1.93055,1.9308800000000002,781,8,0
2024-02-23 12:10:00,1.9308800000000002,1.93121,1.9307699999999999,1.9309699999999999,725,8,0
2024-02-23 12:15:00,1.9309699999999999,1.93099,1.93046,1.93066,834,8,0
2024-02-23 12:20:00,1.9306100000000002,1.9308999999999998,1.93042,1.9306999999999999,859,8,0
2024-02-23 12:25:00,1.9306999999999999,1.93091,1.93056,1.93062,818,8,0
2024-02-23 12:30:00,1.9306,1.9308100000000001,1.93023,1.93033,1037,8,0
2024-02-23 12:35:00,1.93034,1.93041,1.92985,1.92995,956,8,0
2024-02-23 12:40:00,1.92995,1.93035,1.92988,1.93012,1105,8,0
2024-02-23 12:45:00,1.93012,1.93099,1.93004,1.93046,858,8,0
2024-02-23 12:50:00,1.93046,1.93069,1.9301,1.93018,719,8,0
2024-02-23 12:55:00,1.93018,1.93064,1.9300199999999998,1.93046,898,8,0
2024-02-23 13:00:00,1.93045,1.9306,1.92951,1.92974,1175,8,0
2024-02-23 13:05:00,1.92974,1.92984,1.92913,1.92945,929,8,0
2024-02-23 13:10:00,1.92947,1.92964,1.9292,1.92946,825,8,0
2024-02-23 13:15:00,1.92946,1.93005,1.92938,1.92987,1066,8,0
2024-02-23 13:20:00,1.92987,1.92992,1.92944,1.9294799999999999,991,8,0
2024-02-23 13:25:00,1.9294799999999999,1.9299300000000001,1.92944,1.9297900000000001,1047,8,0
2024-02-23 13:30:00,1.9298,1.93001,1.92924,1.9295200000000001,1140,8,0
2024-02-23 13:35:00,1.9295200000000001,1.92963,1.92931,1.9294799999999999,1029,8,0
2024-02-23 13:40:00,1.92949,1.93038,1.92947,1.93026,1082,8,0
2024-02-23 13:45:00,1.93026,1.93065,1.93025,1.93039,947,8,0
2024-02-23 13:50:00,1.9303599999999999,1.93062,1.93007,1.9303599999999999,1098,8,0
2024-02-23 13:55:00,1.93034,1.93086,1.93005,1.93085,1034,8,0
2024-02-23 14:00:00,1.93085,1.9312200000000002,1.9306100000000002,1.93065,1096,8,0
2024-02-23 14:05:00,1.93065,1.93067,1.93018,1.9304000000000001,910,8,0
2024-02-23 14:10:00,1.9304000000000001,1.93091,1.93033,1.93082,677,8,0
2024-02-23 14:15:00,1.93082,1.9311,1.9306299999999998,1.9309699999999999,565,8,0
2024-02-23 14:20:00,1.93098,1.9317199999999999,1.93096,1.9316900000000001,901,8,0
2024-02-23 14:25:00,1.9317,1.93195,1.93148,1.93188,929,8,0
2024-02-23 14:30:00,1.9318499999999998,1.93235,1.9316,1.9321000000000002,1272,8,0
2024-02-23 14:35:00,1.9321199999999998,1.93221,1.93118,1.9312,1082,8,0
2024-02-23 14:40:00,1.9312,1.93164,1.931,1.931,945,8,0
2024-02-23 14:45:00,1.931,1.9313500000000001,1.93072,1.93096,1110,8,0
2024-02-23 14:50:00,1.93096,1.9319,1.93087,1.9312200000000002,1286,8,0
2024-02-23 14:55:00,1.9312200000000002,1.93178,1.93114,1.9314900000000002,1288,8,0
2024-02-23 15:00:00,1.9315,1.9325700000000001,1.9314900000000002,1.93238,1157,8,0
2024-02-23 15:05:00,1.93238,1.93249,1.93187,1.93204,1451,8,0
2024-02-23 15:10:00,1.93204,1.93248,1.93197,1.93238,1379,8,0
2024-02-23 15:15:00,1.93238,1.93266,1.93215,1.9325,1358,8,0
2024-02-23 15:20:00,1.9325,1.93312,1.93245,1.93288,1189,8,0
2024-02-23 15:25:00,1.93288,1.93293,1.93211,1.9323299999999999,1229,8,0
2024-02-23 15:30:00,1.93234,1.9325299999999999,1.93177,1.9319199999999999,1163,8,0
2024-02-23 15:35:00,1.9319199999999999,1.93194,1.9312399999999998,1.93161,1182,8,0
2024-02-23 15:40:00,1.9316200000000001,1.93191,1.9311500000000001,1.9316200000000001,1214,8,0
2024-02-23 15:45:00,1.9316200000000001,1.93216,1.9315099999999998,1.93188,1162,8,0
2024-02-23 15:50:00,1.93188,1.9323299999999999,1.93167,1.9322,990,8,0
2024-02-23 15:55:00,1.93222,1.93286,1.93195,1.9325,1370,8,0
2024-02-23 16:00:00,1.9325,1.9325700000000001,1.932,1.9324599999999998,1282,8,0
2024-02-23 16:05:00,1.9324599999999998,1.93254,1.93215,1.93229,1335,8,0
2024-02-23 16:10:00,1.9323000000000001,1.93249,1.9319899999999999,1.93245,1110,8,0
2024-02-23 16:15:00,1.93241,1.93261,1.93208,1.9322599999999999,1065,8,0
2024-02-23 16:20:00,1.93225,1.9324599999999998,1.93195,1.93224,1061,8,0
2024-02-23 16:25:00,1.93224,1.9324400000000002,1.9320300000000001,1.93215,993,8,0
2024-02-23 16:30:00,1.93215,1.93215,1.9314200000000001,1.93154,1355,8,0
2024-02-23 16:35:00,1.93154,1.93191,1.9313799999999999,1.9314,1041,8,0
2024-02-23 16:40:00,1.93139,1.93198,1.9313099999999999,1.93167,1138,8,0
2024-02-23 16:45:00,1.93167,1.93171,1.93113,1.9311500000000001,982,8,0
2024-02-23 16:50:00,1.9311500000000001,1.93144,1.9311,1.93132,875,8,0
2024-02-23 16:55:00,1.93132,1.93143,1.93096,1.9310800000000001,937,8,0
2024-02-23 17:00:00,1.9310800000000001,1.93116,1.93024,1.93032,709,8,0
2024-02-23 17:05:00,1.93032,1.93075,1.93019,1.93075,773,8,0
2024-02-23 17:10:00,1.93078,1.9309500000000002,1.9304700000000001,1.9308,532,8,0
2024-02-23 17:15:00,1.9308100000000001,1.93109,1.9307699999999999,1.9309699999999999,676,8,0
2024-02-23 17:20:00,1.9309699999999999,1.93129,1.93084,1.9312200000000002,622,8,0
2024-02-23 17:25:00,1.9312200000000002,1.9318300000000002,1.93117,1.93182,524,8,0
2024-02-23 17:30:00,1.93182,1.9321199999999998,1.93166,1.93182,609,8,0
2024-02-23 17:35:00,1.93182,1.9320300000000001,1.9314900000000002,1.9315600000000002,558,8,0
2024-02-23 17:40:00,1.9315600000000002,1.9318,1.9313500000000001,1.9317600000000001,491,8,0
2024-02-23 17:45:00,1.9317600000000001,1.93179,1.93113,1.9311500000000001,562,8,0
2024-02-23 17:50:00,1.93116,1.9314200000000001,1.93084,1.93085,618,8,0
2024-02-23 17:55:00,1.93085,1.93154,1.93078,1.93143,822,8,0
2024-02-23 18:00:00,1.9314200000000001,1.93171,1.9314,1.93171,583,8,0
2024-02-23 18:05:00,1.93171,1.9317600000000001,1.93147,1.9316499999999999,465,8,0
2024-02-23 18:10:00,1.9316499999999999,1.93167,1.93119,1.93125,320,8,0
2024-02-23 18:15:00,1.93125,1.93143,1.9312200000000002,1.9313099999999999,288,8,0
2024-02-23 18:20:00,1.9313099999999999,1.93155,1.9312,1.9314,300,8,0
2024-02-23 18:25:00,1.9314,1.9314200000000001,1.93099,1.93125,451,8,0
2024-02-23 18:30:00,1.93125,1.93157,1.9311099999999999,1.93144,502,8,0
2024-02-23 18:35:00,1.93144,1.93146,1.93107,1.93126,282,8,0
2024-02-23 18:40:00,1.93126,1.93157,1.93123,1.9314,432,8,0
2024-02-23 18:45:00,1.9314,1.93153,1.9313099999999999,1.93134,458,8,0
2024-02-23 18:50:00,1.93134,1.93144,1.93117,1.9312,600,8,0
2024-02-23 18:55:00,1.9312,1.9312,1.9308800000000002,1.93091,458,8,0
2024-02-23 19:00:00,1.93091,1.93126,1.9308,1.93117,460,8,0
2024-02-23 19:05:00,1.93117,1.93118,1.9307699999999999,1.93096,488,8,0
2024-02-23 19:10:00,1.93096,1.93129,1.9309500000000002,1.93127,488,8,0
2024-02-23 19:15:00,1.93127,1.93132,1.93106,1.9311,454,8,0
2024-02-23 19:20:00,1.9311,1.9313,1.9309500000000002,1.93116,544,8,0
2024-02-23 19:25:00,1.93117,1.93129,1.93086,1.93093,484,8,0
2024-02-23 19:30:00,1.93093,1.93112,1.93092,1.93106,479,8,0
2024-02-23 19:35:00,1.93106,1.93117,1.93096,1.9309699999999999,557,8,0
2024-02-23 19:40:00,1.9309699999999999,1.93102,1.93082,1.93094,487,8,0
2024-02-23 19:45:00,1.93096,1.93113,1.9306999999999999,1.93099,606,8,0
2024-02-23 19:50:00,1.93099,1.93125,1.93086,1.93096,415,8,0
2024-02-23 19:55:00,1.9309699999999999,1.93103,1.93055,1.9306,660,8,0
2024-02-23 20:00:00,1.9306100000000002,1.9308800000000002,1.9304999999999999,1.93082,696,8,0
2024-02-23 20:05:00,1.93082,1.9311099999999999,1.93075,1.93107,562,8,0
2024-02-23 20:10:00,1.93107,1.9312399999999998,1.93089,1.9310100000000001,504,8,0
2024-02-23 20:15:00,1.9310100000000001,1.9311,1.93091,1.9310100000000001,555,8,0
2024-02-23 20:20:00,1.9310100000000001,1.93148,1.9309699999999999,1.93146,604,8,0
2024-02-23 20:25:00,1.93146,1.93154,1.93107,1.9311,622,8,0
2024-02-23 20:30:00,1.9311,1.93146,1.9310100000000001,1.93123,528,8,0
2024-02-23 20:35:00,1.93121,1.9314,1.93107,1.93117,455,8,0
2024-02-23 20:40:00,1.93119,1.93121,1.9309500000000002,1.93105,472,8,0
2024-02-23 20:45:00,1.9310399999999999,1.93113,1.93069,1.93076,585,8,0
2024-02-23 20:50:00,1.9307699999999999,1.93091,1.93064,1.93087,593,8,0
2024-02-23 20:55:00,1.93087,1.93087,1.93055,1.93059,592,8,0
2024-02-23 21:00:00,1.9306,1.93062,1.9303,1.93039,396,8,0
2024-02-23 21:05:00,1.93039,1.93051,1.9302000000000001,1.93039,427,8,0
2024-02-23 21:10:00,1.93041,1.9306,1.93035,1.93046,295,8,0
2024-02-23 21:15:00,1.93046,1.93066,1.9304000000000001,1.93066,189,8,0
2024-02-23 21:20:00,1.9306299999999998,1.93064,1.93039,1.93042,145,8,0
2024-02-23 21:25:00,1.93042,1.93065,1.93021,1.93031,279,8,0
2024-02-23 21:30:00,1.93031,1.9304299999999999,1.9300899999999999,1.9303,309,8,0
2024-02-23 21:35:00,1.93033,1.93044,1.9302700000000002,1.93032,213,8,0
2024-02-23 21:40:00,1.93032,1.93041,1.9300199999999998,1.9301,318,9,0
2024-02-23 21:45:00,1.9301,1.93038,1.92992,1.9302000000000001,785,8,0
2024-02-23 21:50:00,1.9302000000000001,1.93022,1.92981,1.92998,234,8,0
2024-02-25 22:05:00,1.9297,1.93051,1.92849,1.92996,41,167,0
2024-02-25 22:10:00,1.92996,1.93091,1.92996,1.9302700000000002,19,86,0
2024-02-25 22:15:00,1.9302700000000002,1.9309500000000002,1.93006,1.93064,23,125,0
2024-02-25 22:20:00,1.93064,1.9308999999999998,1.93044,1.93067,13,204,0
2024-02-25 22:25:00,1.93067,1.93067,1.93039,1.93042,10,124,0
2024-02-25 22:30:00,1.93039,1.93042,1.9292099999999999,1.92945,46,124,0
2024-02-25 22:35:00,1.92945,1.93017,1.92943,1.92995,64,73,0
2024-02-25 22:40:00,1.92995,1.93001,1.92929,1.92963,68,47,0
2024-02-25 22:45:00,1.92963,1.92998,1.92927,1.92977,65,37,0
2024-02-25 22:50:00,1.92977,1.93056,1.92964,1.93056,225,32,0
2024-02-25 22:55:00,1.93056,1.93113,1.93022,1.93045,95,49,0
2024-02-25 23:00:00,1.93045,1.93144,1.92997,1.93102,335,8,0
2024-02-25 23:05:00,1.93102,1.93133,1.93062,1.9306999999999999,97,10,0
2024-02-25 23:10:00,1.9306999999999999,1.93102,1.93048,1.93058,150,8,0
2024-02-25 23:15:00,1.93056,1.93062,1.93023,1.9303,243,8,0
2024-02-25 23:20:00,1.93028,1.93033,1.92995,1.9300899999999999,285,9,0
2024-02-25 23:25:00,1.9300899999999999,1.9306,1.9298600000000001,1.93008,278,8,0
2024-02-25 23:30:00,1.93008,1.9304700000000001,1.92995,1.93021,404,8,0
2024-02-25 23:35:00,1.93019,1.9302899999999998,1.92983,1.93004,391,8,0
2024-02-25 23:40:00,1.93004,1.93015,1.92977,1.93003,266,8,0
2024-02-25 23:45:00,1.93003,1.93038,1.92997,1.93005,288,8,0
2024-02-25 23:50:00,1.93004,1.93015,1.92973,1.92974,200,8,0
2024-02-25 23:55:00,1.92974,1.9304700000000001,1.92973,1.93041,182,8,0
2024-02-26 00:00:00,1.93041,1.93083,1.9300899999999999,1.93065,491,8,0
2024-02-26 00:05:00,1.93065,1.9313799999999999,1.9306,1.93134,430,8,0
2024-02-26 00:10:00,1.93134,1.9313500000000001,1.93089,1.9310800000000001,298,8,0
2024-02-26 00:15:00,1.9310800000000001,1.9310800000000001,1.93055,1.93078,385,8,0
2024-02-26 00:20:00,1.93078,1.93139,1.93069,1.93132,354,8,0
2024-02-26 00:25:00,1.9313,1.9313500000000001,1.93071,1.9307400000000001,474,8,0
2024-02-26 00:30:00,1.9307400000000001,1.93157,1.93067,1.93137,421,8,0
2024-02-26 00:35:00,1.93136,1.93178,1.93132,1.9316200000000001,448,8,0
2024-02-26 00:40:00,1.9316200000000001,1.932,1.93139,1.93157,631,8,0
2024-02-26 00:45:00,1.93157,1.9318,1.9314200000000001,1.93164,591,8,0
2024-02-26 00:50:00,1.93164,1.9325,1.9316,1.93232,730,8,0
2024-02-26 00:55:00,1.9323299999999999,1.9327,1.93205,1.9321199999999998,626,8,0
2024-02-26 01:00:00,1.9321199999999998,1.93263,1.9321000000000002,1.93256,697,8,0
2024-02-26 01:05:00,1.93256,1.93308,1.93245,1.93282,559,8,0
2024-02-26 01:10:00,1.93282,1.93308,1.9327100000000002,1.93283,511,8,0
2024-02-26 01:15:00,1.93283,1.93327,1.9326699999999999,1.933,515,8,0
2024-02-26 01:20:00,1.93299,1.93299,1.9318300000000002,1.9319899999999999,890,8,0
2024-02-26 01:25:00,1.9319899999999999,1.93232,1.9316200000000001,1.93174,583,8,0
2024-02-26 01:30:00,1.9317199999999999,1.93186,1.93085,1.93089,904,8,0
2024-02-26 01:35:00,1.9308999999999998,1.93157,1.9306299999999998,1.931,698,8,0
2024-02-26 01:40:00,1.931,1.93117,1.93056,1.93071,452,8,0
2024-02-26 01:45:00,1.93071,1.93164,1.93066,1.9315,587,8,0
2024-02-26 01:50:00,1.9314900000000002,1.93204,1.93133,1.9316900000000001,640,8,0
2024-02-26 01:55:00,1.9316900000000001,1.93189,1.93112,1.9315,517,8,0
2024-02-26 02:00:00,1.9315,1.93188,1.93132,1.93159,581,8,0
2024-02-26 02:05:00,1.93159,1.93171,1.93128,1.93132,489,8,0
2024-02-26 02:10:00,1.93132,1.93159,1.9311,1.93153,390,8,0
2024-02-26 02:15:00,1.93153,1.93177,1.93132,1.9316499999999999,346,8,0
2024-02-26 02:20:00,1.9316499999999999,1.9319,1.9314900000000002,1.93181,402,8,0
2024-02-26 02:25:00,1.93181,1.93218,1.9316,1.9321199999999998,377,8,0
2024-02-26 02:30:00,1.93215,1.93258,1.93161,1.9316200000000001,581,8,0
2024-02-26 02:35:00,1.9316499999999999,1.9318499999999998,1.9312399999999998,1.93184,464,8,0
2024-02-26 02:40:00,1.93184,1.93191,1.9309500000000002,1.93107,568,8,0
2024-02-26 02:45:00,1.93107,1.93141,1.9309699999999999,1.93119,370,8,0
2024-02-26 02:50:00,1.93119,1.93129,1.93066,1.93073,422,8,0
2024-02-26 02:55:00,1.93073,1.93075,1.9301300000000001,1.93041,672,8,0
2024-02-26 03:00:00,1.93041,1.93091,1.93038,1.93087,317,8,0
2024-02-26 03:05:00,1.93086,1.93121,1.93083,1.93112,347,8,0
2024-02-26 03:10:00,1.93112,1.93129,1.9309699999999999,1.93121,377,8,0
2024-02-26 03:15:00,1.93121,1.93133,1.9307400000000001,1.93126,406,8,0
2024-02-26 03:20:00,1.93126,1.93179,1.9312200000000002,1.93174,338,8,0
2024-02-26 03:25:00,1.93174,1.9319199999999999,1.93139,1.9318,390,8,0
2024-02-26 03:30:00,1.93178,1.9320599999999999,1.9317199999999999,1.9320300000000001,403,8,0
2024-02-26 03:35:00,1.9320300000000001,1.93222,1.9318300000000002,1.93222,271,8,0
2024-02-26 03:40:00,1.93221,1.93231,1.9318499999999998,1.93201,291,8,0
2024-02-26 03:45:00,1.932,1.93205,1.93177,1.93201,234,8,0
2024-02-26 03:50:00,1.93201,1.93204,1.93175,1.93175,248,8,0
2024-02-26 03:55:00,1.9317600000000001,1.9322,1.93171,1.93205,311,8,0
2024-02-26 04:00:00,1.93205,1.93224,1.93191,1.93224,295,8,0
2024-02-26 04:05:00,1.93224,1.93231,1.93205,1.93227,260,8,0
2024-02-26 04:10:00,1.93227,1.93235,1.93193,1.93197,197,8,0
2024-02-26 04:15:00,1.9319600000000001,1.9319600000000001,1.9315,1.93161,267,8,0
2024-02-26 04:20:00,1.93161,1.9317600000000001,1.93144,1.93174,260,8,0
2024-02-26 04:25:00,1.93174,1.9319,1.9316499999999999,1.9318300000000002,250,8,0
2024-02-26 04:30:00,1.93184,1.93213,1.93171,1.9319899999999999,306,8,0
2024-02-26 04:35:00,1.9319899999999999,1.9321199999999998,1.9317,1.9319600000000001,324,8,0
2024-02-26 04:40:00,1.93197,1.93232,1.93194,1.9321000000000002,364,8,0
2024-02-26 04:45:00,1.9321000000000002,1.9321000000000002,1.93188,1.93189,238,8,0
2024-02-26 04:50:00,1.93189,1.9319600000000001,1.93166,1.9317600000000001,152,8,0
2024-02-26 04:55:00,1.9317600000000001,1.93189,1.93166,1.9318300000000002,182,8,0
2024-02-26 05:00:00,1.9318300000000002,1.93207,1.9318,1.93193,308,8,0
2024-02-26 05:05:00,1.9319199999999999,1.93205,1.9316499999999999,1.93168,362,8,0
2024-02-26 05:10:00,1.93167,1.93208,1.93164,1.93208,363,8,0
2024-02-26 05:15:00,1.93207,1.93218,1.9319199999999999,1.93194,344,8,0
2024-02-26 05:20:00,1.93194,1.93209,1.93179,1.9319600000000001,321,8,0
2024-02-26 05:25:00,1.9319600000000001,1.9321199999999998,1.93191,1.93198,233,8,0
2024-02-26 05:30:00,1.93198,1.93225,1.9319199999999999,1.93208,262,8,0
2024-02-26 05:35:00,1.93208,1.9324,1.93208,1.93225,308,8,0
2024-02-26 05:40:00,1.93225,1.93235,1.93189,1.93202,348,8,0
2024-02-26 05:45:00,1.93202,1.9320599999999999,1.93159,1.93177,355,8,0
2024-02-26 05:50:00,1.93179,1.93238,1.93173,1.9323700000000001,478,8,0
2024-02-26 05:55:00,1.9323700000000001,1.93245,1.9321000000000002,1.93216,408,8,0
2024-02-26 06:00:00,1.93218,1.93239,1.93213,1.9323700000000001,311,8,0
2024-02-26 06:05:00,1.93238,1.93255,1.9323299999999999,1.93249,303,8,0
2024-02-26 06:10:00,1.93249,1.9327100000000002,1.9323299999999999,1.93249,351,8,0
2024-02-26 06:15:00,1.93249,1.93277,1.9323700000000001,1.93249,404,8,0
2024-02-26 06:20:00,1.9325,1.93269,1.93232,1.93238,298,8,0
2024-02-26 06:25:00,1.93238,1.93247,1.93207,1.9321700000000002,354,8,0
2024-02-26 06:30:00,1.9321700000000002,1.93234,1.9319600000000001,1.93207,389,8,0
2024-02-26 06:35:00,1.93207,1.93238,1.9320300000000001,1.93231,419,8,0
2024-02-26 06:40:00,1.93231,1.93232,1.93202,1.9321199999999998,338,8,0
2024-02-26 06:45:00,1.9321199999999998,1.9322599999999999,1.9320300000000001,1.93218,325,8,0
2024-02-26 06:50:00,1.93218,1.93242,1.93213,1.9322300000000001,396,8,0
2024-02-26 06:55:00,1.9322300000000001,1.93269,1.9321700000000002,1.93269,381,8,0
2024-02-26 07:00:00,1.93269,1.9329399999999999,1.93245,1.93248,743,8,0
2024-02-26 07:05:00,1.93248,1.93266,1.9323000000000001,1.93258,631,8,0
2024-02-26 07:10:00,1.93258,1.93281,1.93166,1.9316900000000001,715,8,0
2024-02-26 07:15:00,1.9316900000000001,1.9327,1.9316200000000001,1.93259,531,8,0
2024-02-26 07:20:00,1.93259,1.93282,1.93249,1.93276,549,8,0
2024-02-26 07:25:00,1.93276,1.93319,1.93274,1.93309,539,8,0
2024-02-26 07:30:00,1.93309,1.93357,1.93292,1.93353,434,8,0
2024-02-26 07:35:00,1.93353,1.93356,1.93317,1.93327,610,8,0
2024-02-26 07:40:00,1.93327,1.9337900000000001,1.9331800000000001,1.93372,635,8,0
2024-02-26 07:45:00,1.93372,1.93381,1.9332799999999999,1.9335900000000001,632,8,0
2024-02-26 07:50:00,1.9335900000000001,1.93484,1.9335499999999999,1.93457,690,8,0
2024-02-26 07:55:00,1.93457,1.93496,1.93444,1.9348100000000001,814,8,0
2024-02-26 08:00:00,1.9348,1.936,1.93478,1.93512,925,8,0
2024-02-26 08:05:00,1.93509,1.9353,1.93425,1.9342700000000002,684,8,0
2024-02-26 08:10:00,1.93428,1.93455,1.93398,1.93421,808,8,0
2024-02-26 08:15:00,1.93421,1.93457,1.93384,1.93418,817,8,0
2024-02-26 08:20:00,1.93418,1.93459,1.93415,1.93451,573,8,0
2024-02-26 08:25:00,1.93451,1.9348800000000002,1.9343599999999999,1.93471,764,8,0
2024-02-26 08:30:00,1.93469,1.93486,1.93426,1.93434,897,8,0
2024-02-26 08:35:00,1.93434,1.9350399999999999,1.93434,1.93496,617,8,0
2024-02-26 08:40:00,1.93496,1.9351500000000001,1.9346999999999999,1.93495,728,8,0
2024-02-26 08:45:00,1.93495,1.93525,1.93469,1.93512,591,8,0
2024-02-26 08:50:00,1.93512,1.9356499999999999,1.93482,1.93556,803,8,0
2024-02-26 08:55:00,1.93556,1.9355799999999999,1.93502,1.93545,715,8,0
2024-02-26 09:00:00,1.93545,1.9359600000000001,1.93507,1.93588,925,8,0
2024-02-26 09:05:00,1.93589,1.93641,1.93586,1.9364,813,8,0
2024-02-26 09:10:00,1.9364,1.93688,1.93635,1.93686,747,8,0
2024-02-26 09:15:00,1.93686,1.93751,1.93686,1.93751,623,8,0
2024-02-26 09:20:00,1.93751,1.93778,1.9372099999999999,1.9374,790,8,0
2024-02-26 09:25:00,1.9374,1.93772,1.9372099999999999,1.93724,605,8,0
2024-02-26 09:30:00,1.93723,1.93733,1.9367999999999999,1.93686,738,8,0
2024-02-26 09:35:00,1.93686,1.93697,1.9365700000000001,1.9368400000000001,545,8,0
2024-02-26 09:40:00,1.9368400000000001,1.9370699999999998,1.9367,1.93677,465,8,0
2024-02-26 09:45:00,1.93677,1.9367999999999999,1.93607,1.93607,498,8,0
2024-02-26 09:50:00,1.93607,1.93658,1.93601,1.9365700000000001,521,8,0
2024-02-26 09:55:00,1.9365700000000001,1.93699,1.93647,1.9367100000000002,577,8,0
2024-02-26 10:00:00,1.9367100000000002,1.93692,1.93635,1.93638,633,8,0
2024-02-26 10:05:00,1.93638,1.93681,1.93611,1.93669,515,8,0
2024-02-26 10:10:00,1.93669,1.9367299999999998,1.93632,1.9364,639,8,0
2024-02-26 10:15:00,1.9364,1.9364400000000002,1.93598,1.93611,506,8,0
2024-02-26 10:20:00,1.93611,1.93618,1.9357799999999998,1.93595,509,8,0
2024-02-26 10:25:00,1.93595,1.93624,1.9358499999999998,1.93621,480,8,0
2024-02-26 10:30:00,1.93621,1.9365299999999999,1.936,1.9363299999999999,736,8,0
2024-02-26 10:35:00,1.9363299999999999,1.93696,1.93628,1.93659,571,8,0
2024-02-26 10:40:00,1.93655,1.9368699999999999,1.93589,1.93595,581,8,0
2024-02-26 10:45:00,1.93595,1.93631,1.93589,1.93601,580,8,0
2024-02-26 10:50:00,1.93601,1.93628,1.93594,1.93605,439,8,0
2024-02-26 10:55:00,1.93605,1.93617,1.93575,1.93588,331,8,0
2024-02-26 11:00:00,1.93587,1.9360300000000001,1.93561,1.93584,617,8,0
2024-02-26 11:05:00,1.93586,1.9362300000000001,1.9358499999999998,1.93616,549,8,0
2024-02-26 11:10:00,1.93616,1.9368699999999999,1.93606,1.93674,542,8,0
2024-02-26 11:15:00,1.93674,1.93783,1.9367,1.93777,617,8,0
2024-02-26 11:20:00,1.93777,1.9379300000000002,1.93746,1.93746,574,8,0
2024-02-26 11:25:00,1.93746,1.93767,1.9372099999999999,1.93731,607,8,0
2024-02-26 11:30:00,1.93731,1.93736,1.93638,1.93651,612,8,0
2024-02-26 11:35:00,1.93651,1.93696,1.93642,1.9368400000000001,441,8,0
2024-02-26 11:40:00,1.9368400000000001,1.93703,1.93668,1.93668,450,8,0
2024-02-26 11:45:00,1.9367,1.93771,1.9367,1.93758,536,8,0
2024-02-26 11:50:00,1.93758,1.93767,1.93735,1.93743,571,8,0
2024-02-26 11:55:00,1.93743,1.93794,1.93727,1.93781,634,8,0
2024-02-26 12:00:00,1.9378199999999999,1.9378199999999999,1.93723,1.9373,643,8,0
2024-02-26 12:05:00,1.9373,1.93777,1.93715,1.9377499999999999,580,8,0
2024-02-26 12:10:00,1.9377499999999999,1.93803,1.93709,1.93713,604,8,0
2024-02-26 12:15:00,1.93713,1.93757,1.93692,1.93749,586,8,0
2024-02-26 12:20:00,1.93749,1.93754,1.93686,1.93686,592,8,0
2024-02-26 12:25:00,1.93686,1.93715,1.93675,1.93681,552,8,0
2024-02-26 12:30:00,1.93681,1.93697,1.9363299999999999,1.93658,671,8,0
2024-02-26 12:35:00,1.93659,1.93675,1.93641,1.93669,697,8,0
2024-02-26 12:40:00,1.93669,1.9367,1.93587,1.93617,640,8,0
2024-02-26 12:45:00,1.93616,1.9365700000000001,1.93597,1.93649,665,8,0
2024-02-26 12:50:00,1.93649,1.93649,1.936,1.93643,599,8,0
2024-02-26 12:55:00,1.9364400000000002,1.93716,1.93628,1.93651,776,8,0
2024-02-26 13:00:00,1.93652,1.93726,1.9363700000000001,1.9371800000000001,920,8,0
2024-02-26 13:05:00,1.9371800000000001,1.9373399999999998,1.9368400000000001,1.93701,938,8,0
2024-02-26 13:10:00,1.937,1.93719,1.93674,1.93708,783,8,0
2024-02-26 13:15:00,1.93708,1.9374099999999999,1.93676,1.9372500000000001,689,8,0
2024-02-26 13:20:00,1.9372500000000001,1.93756,1.9371,1.93742,876,8,0
2024-02-26 13:25:00,1.93743,1.93776,1.93733,1.93772,781,8,0
2024-02-26 13:30:00,1.93772,1.9379,1.93685,1.9370699999999998,887,8,0
2024-02-26 13:35:00,1.93706,1.9370699999999998,1.9360300000000001,1.93654,1083,8,0
2024-02-26 13:40:00,1.93654,1.9365999999999999,1.93611,1.9363299999999999,905,8,0
2024-02-26 13:45:00,1.93636,1.93693,1.93627,1.93667,813,8,0
2024-02-26 13:50:00,1.93667,1.9369100000000001,1.93647,1.9368699999999999,778,8,0
2024-02-26 13:55:00,1.9368699999999999,1.93701,1.9367100000000002,1.93681,689,8,0
2024-02-26 14:00:00,1.93681,1.93712,1.93659,1.93702,893,8,0
2024-02-26 14:05:00,1.93702,1.9375,1.93681,1.93749,820,8,0
2024-02-26 14:10:00,1.93749,1.9380899999999999,1.93733,1.93791,1140,8,0
2024-02-26 14:15:00,1.93792,1.93842,1.93773,1.9382000000000001,855,8,0
2024-02-26 14:20:00,1.9382000000000001,1.9386299999999999,1.938,1.9383599999999999,968,8,0
2024-02-26 14:25:00,1.93837,1.9390399999999999,1.93837,1.93869,924,8,0
2024-02-26 14:30:00,1.93869,1.93893,1.93848,1.93872,1196,8,0
2024-02-26 14:35:00,1.93873,1.9391500000000002,1.93844,1.93886,1064,8,0
2024-02-26 14:40:00,1.93886,1.93923,1.93885,1.93911,988,8,0
2024-02-26 14:45:00,1.93911,1.9393099999999999,1.93855,1.9388999999999998,1042,8,0
2024-02-26 14:50:00,1.9388999999999998,1.93963,1.93882,1.9394900000000002,1064,8,0
2024-02-26 14:55:00,1.9394900000000002,1.93988,1.93899,1.9390399999999999,639,8,0
2024-02-26 15:00:00,1.9390399999999999,1.93967,1.93886,1.93892,1200,8,0
2024-02-26 15:05:00,1.9388999999999998,1.93923,1.9386700000000001,1.9388100000000001,1297,8,0
2024-02-26 15:10:00,1.9388100000000001,1.93955,1.9385400000000002,1.9394200000000001,1239,8,0
2024-02-26 15:15:00,1.9394200000000001,1.94015,1.93929,1.94014,1162,8,0
2024-02-26 15:20:00,1.94015,1.94018,1.9394,1.93979,998,8,0
2024-02-26 15:25:00,1.93979,1.94043,1.93968,1.9398300000000002,928,8,0
2024-02-26 15:30:00,1.9398499999999999,1.94007,1.93968,1.9398499999999999,954,8,0
2024-02-26 15:35:00,1.9398499999999999,1.93988,1.9392200000000002,1.93929,1002,8,0
2024-02-26 15:40:00,1.9393,1.9394,1.93902,1.93906,1052,8,0
2024-02-26 15:45:00,1.93906,1.9395799999999999,1.9390399999999999,1.9393099999999999,706,8,0
2024-02-26 15:50:00,1.9393099999999999,1.93966,1.93913,1.93937,844,8,0
2024-02-26 15:55:00,1.93937,1.93977,1.93934,1.93959,1126,8,0
2024-02-26 16:00:00,1.93959,1.9398,1.93914,1.93941,1168,8,0
2024-02-26 16:05:00,1.93941,1.94001,1.9394,1.93953,1025,8,0
2024-02-26 16:10:00,1.93954,1.9398900000000001,1.93936,1.9397799999999998,861,8,0
2024-02-26 16:15:00,1.9397799999999998,1.9399,1.9395099999999998,1.93956,848,8,0
2024-02-26 16:20:00,1.93956,1.94009,1.93937,1.93987,724,8,0
2024-02-26 16:25:00,1.93987,1.94008,1.9395,1.93998,804,8,0
2024-02-26 16:30:00,1.94,1.94,1.9394200000000001,1.9398300000000002,810,8,0
2024-02-26 16:35:00,1.93982,1.94006,1.93966,1.9397799999999998,813,8,0
2024-02-26 16:40:00,1.9397799999999998,1.9402,1.9397199999999999,1.94018,770,8,0
2024-02-26 16:45:00,1.94018,1.94021,1.93975,1.93995,530,8,0
2024-02-26 16:50:00,1.93995,1.93998,1.93947,1.93953,771,8,0
2024-02-26 16:55:00,1.93953,1.93977,1.93932,1.93937,673,8,0
2024-02-26 17:00:00,1.93937,1.93975,1.9393099999999999,1.93974,649,8,0
2024-02-26 17:05:00,1.93974,1.94013,1.9396900000000001,1.9400300000000001,571,8,0
2024-02-26 17:10:00,1.94005,1.94005,1.93975,1.94005,580,8,0
2024-02-26 17:15:00,1.94005,1.94005,1.93955,1.93967,514,8,0
2024-02-26 17:20:00,1.93967,1.93968,1.9392800000000001,1.9392800000000001,588,8,0
2024-02-26 17:25:00,1.9392800000000001,1.93956,1.93912,1.93945,494,8,0
2024-02-26 17:30:00,1.93945,1.93973,1.93929,1.93966,437,8,0
2024-02-26 17:35:00,1.93966,1.9399600000000001,1.9396200000000001,1.93984,431,8,0
2024-02-26 17:40:00,1.93984,1.9399,1.9393500000000001,1.93956,477,8,0
2024-02-26 17:45:00,1.93956,1.9397799999999998,1.93947,1.93977,547,8,0
2024-02-26 17:50:00,1.93977,1.93977,1.93946,1.93956,680,8,0
2024-02-26 17:55:00,1.93956,1.93973,1.9392800000000001,1.93967,520,8,0
2024-02-26 18:00:00,1.93967,1.93982,1.93913,1.93925,862,8,0
2024-02-26 18:05:00,1.93925,1.9397199999999999,1.93918,1.9396900000000001,541,8,0
2024-02-26 18:10:00,1.9397,1.9397600000000002,1.93932,1.9393799999999999,560,8,0
2024-02-26 18:15:00,1.9393799999999999,1.93982,1.9393500000000001,1.93982,481,8,0
2024-02-26 18:20:00,1.93982,1.94009,1.93982,1.9398300000000002,542,8,0
2024-02-26 18:25:00,1.9398300000000002,1.94006,1.9397199999999999,1.93987,590,8,0
2024-02-26 18:30:00,1.93987,1.9400300000000001,1.93974,1.94002,349,8,0
2024-02-26 18:35:00,1.94002,1.94013,1.93987,1.94,486,8,0
2024-02-26 18:40:00,1.94,1.9403299999999999,1.9399199999999999,1.94027,423,8,0
2024-02-26 18:45:00,1.94027,1.9407999999999999,1.94025,1.9407299999999998,312,8,0
2024-02-26 18:50:00,1.9407299999999998,1.9407299999999998,1.94031,1.9403299999999999,362,8,0
2024-02-26 18:55:00,1.9403299999999999,1.94035,1.94004,1.94004,417,8,0
2024-02-26 19:00:00,1.94004,1.9402,1.93979,1.94014,465,8,0
2024-02-26 19:05:00,1.94014,1.94025,1.93982,1.94015,405,8,0
2024-02-26 19:10:00,1.94015,1.94015,1.93963,1.93981,506,8,0
2024-02-26 19:15:00,1.93981,1.9399600000000001,1.93968,1.9398,371,8,0
2024-02-26 19:20:00,1.9398,1.9400300000000001,1.9397199999999999,1.93977,322,8,0
2024-02-26 19:25:00,1.93977,1.9398900000000001,1.93957,1.93974,199,8,0
2024-02-26 19:30:00,1.93974,1.93987,1.9394900000000002,1.93968,359,8,0
2024-02-26 19:35:00,1.93968,1.93998,1.9395099999999998,1.9399,432,8,0
2024-02-26 19:40:00,1.9399,1.94017,1.9398300000000002,1.94011,463,8,0
2024-02-26 19:45:00,1.94011,1.9402,1.9398,1.9398300000000002,449,8,0
2024-02-26 19:50:00,1.9398300000000002,1.93987,1.93947,1.93964,416,8,0
2024-02-26 19:55:00,1.9396200000000001,1.93966,1.93932,1.93963,482,8,0
2024-02-26 20:00:00,1.9396200000000001,1.93964,1.9393099999999999,1.9394900000000002,486,8,0
2024-02-26 20:05:00,1.9395,1.93977,1.93939,1.93952,358,8,0
2024-02-26 20:10:00,1.93952,1.93959,1.9393500000000001,1.93954,402,8,0
2024-02-26 20:15:00,1.93954,1.93968,1.93944,1.93954,414,8,0
2024-02-26 20:20:00,1.93954,1.9395799999999999,1.93934,1.93948,407,8,0
2024-02-26 20:25:00,1.93948,1.93953,1.9392399999999999,1.9394900000000002,453,8,0
2024-02-26 20:30:00,1.9394900000000002,1.93955,1.93923,1.93948,574,8,0
2024-02-26 20:35:00,1.93948,1.93952,1.93936,1.93941,344,8,0
2024-02-26 20:40:00,1.93941,1.93943,1.93916,1.93921,316,8,0
2024-02-26 20:45:00,1.93921,1.9393799999999999,1.9391699999999998,1.9392,500,8,0
2024-02-26 20:50:00,1.93918,1.93946,1.93909,1.93936,556,8,0
2024-02-26 20:55:00,1.9393799999999999,1.93957,1.93932,1.93937,469,8,0
2024-02-26 21:00:00,1.9393799999999999,1.9394900000000002,1.93932,1.93934,307,8,0
2024-02-26 21:05:00,1.93934,1.93964,1.93925,1.9396200000000001,324,8,0
2024-02-26 21:10:00,1.9396200000000001,1.9398499999999999,1.9395099999999998,1.93961,235,8,0
2024-02-26 21:15:00,1.93961,1.9398300000000002,1.93961,1.9396900000000001,251,8,0
2024-02-26 21:20:00,1.93971,1.9398,1.93963,1.93964,194,8,0
2024-02-26 21:25:00,1.93964,1.93982,1.93963,1.93966,185,8,0
2024-02-26 21:30:00,1.93966,1.93981,1.9396,1.9397600000000002,124,8,0
2024-02-26 21:35:00,1.9397600000000002,1.93994,1.93971,1.93986,106,8,0
2024-02-26 21:40:00,1.93986,1.93987,1.93952,1.93953,145,8,0
2024-02-26 21:45:00,1.93952,1.9396499999999999,1.93943,1.93955,349,8,0
2024-02-26 21:50:00,1.93955,1.9396900000000001,1.93947,1.9394900000000002,222,8,0
2024-02-26 21:55:00,1.9394900000000002,1.9396900000000001,1.9394200000000001,1.93946,194,8,0
2024-02-26 22:00:00,1.9394,1.9394,1.93669,1.93788,32,16,0
2024-02-26 22:05:00,1.93788,1.93879,1.93769,1.9384000000000001,13,135,0
2024-02-26 22:10:00,1.9384000000000001,1.93875,1.93788,1.93814,64,100,0
2024-02-26 22:15:00,1.93805,1.93857,1.93773,1.93846,23,81,0
2024-02-26 22:20:00,1.93846,1.93911,1.93846,1.93905,10,36,0
2024-02-26 22:25:00,1.93905,1.93943,1.93905,1.93925,51,68,0
2024-02-26 22:30:00,1.93925,1.93953,1.93862,1.93953,36,8,0
2024-02-26 22:35:00,1.93948,1.94005,1.93933,1.93947,310,34,0
2024-02-26 22:40:00,1.93947,1.9399,1.9393500000000001,1.93981,86,25,0
2024-02-26 22:45:00,1.93981,1.94007,1.93973,1.9398,114,8,0
2024-02-26 22:50:00,1.93986,1.93998,1.9395099999999998,1.9396499999999999,113,11,0
2024-02-26 22:55:00,1.9396499999999999,1.94028,1.93954,1.94008,193,27,0
2024-02-26 23:00:00,1.94008,1.94052,1.93973,1.9403299999999999,220,8,0
2024-02-26 23:05:00,1.9403299999999999,1.94049,1.93998,1.94001,119,18,0
2024-02-26 23:10:00,1.9399899999999999,1.94077,1.93993,1.94042,131,12,0
2024-02-26 23:15:00,1.9404400000000002,1.9404400000000002,1.93974,1.93974,163,8,0
2024-02-26 23:20:00,1.93974,1.93977,1.93933,1.93944,254,8,0
2024-02-26 23:25:00,1.93944,1.93944,1.93918,1.93941,88,8,0
2024-02-26 23:30:00,1.9394,1.93974,1.93921,1.93963,294,8,0
2024-02-26 23:35:00,1.93963,1.93977,1.93945,1.9397600000000002,189,8,0
2024-02-26 23:40:00,1.9397600000000002,1.93982,1.93944,1.9397,171,8,0
2024-02-26 23:45:00,1.9397,1.9398499999999999,1.93966,1.9397799999999998,209,8,0
2024-02-26 23:50:00,1.9397799999999998,1.93986,1.93967,1.93981,148,8,0
2024-02-26 23:55:00,1.9398,1.94,1.93952,1.9396499999999999,258,8,0
2024-02-27 00:00:00,1.93963,1.94002,1.93948,1.9399199999999999,411,8,0
2024-02-27 00:05:00,1.9399199999999999,1.94065,1.93984,1.94054,439,8,0
2024-02-27 00:10:00,1.9405299999999999,1.94095,1.94041,1.94092,407,8,0
2024-02-27 00:15:00,1.94092,1.94143,1.94067,1.94123,478,8,0
2024-02-27 00:20:00,1.94123,1.94131,1.94103,1.94117,269,8,0
2024-02-27 00:25:00,1.94117,1.94133,1.9407299999999998,1.94079,346,8,0
2024-02-27 00:30:00,1.94082,1.94099,1.9402599999999999,1.9403899999999998,339,8,0
2024-02-27 00:35:00,1.9403899999999998,1.9411399999999999,1.9403899999999998,1.9408699999999999,320,8,0
2024-02-27 00:40:00,1.9408699999999999,1.9409999999999998,1.94066,1.94069,389,8,0
2024-02-27 00:45:00,1.94069,1.94102,1.94065,1.9409,392,8,0
2024-02-27 00:50:00,1.9409,1.94142,1.94074,1.94112,444,8,0
2024-02-27 00:55:00,1.94112,1.9412099999999999,1.9406400000000001,1.94096,468,8,0
2024-02-27 01:00:00,1.94096,1.9409800000000001,1.94041,1.94052,412,8,0
2024-02-27 01:05:00,1.94052,1.94099,1.94038,1.94067,327,8,0
2024-02-27 01:10:00,1.94067,1.9409399999999999,1.94051,1.94076,452,8,0
2024-02-27 01:15:00,1.94078,1.94097,1.9402,1.9403299999999999,545,8,0
2024-02-27 01:20:00,1.9403299999999999,1.94065,1.94027,1.94058,366,8,0
2024-02-27 01:25:00,1.9405700000000001,1.94079,1.9405000000000001,1.9407100000000002,426,8,0
2024-02-27 01:30:00,1.9407,1.94085,1.9401899999999999,1.9403700000000002,653,8,0
2024-02-27 01:35:00,1.9403700000000002,1.94067,1.9403299999999999,1.9404,424,8,0
2024-02-27 01:40:00,1.9404,1.94076,1.94011,1.94015,535,8,0
2024-02-27 01:45:00,1.94015,1.9407,1.94005,1.94056,413,8,0
2024-02-27 01:50:00,1.94056,1.94089,1.9405000000000001,1.9406400000000001,521,8,0
2024-02-27 01:55:00,1.9406400000000001,1.9407299999999998,1.93987,1.94001,497,8,0
2024-02-27 02:00:00,1.94001,1.9401000000000002,1.93971,1.9397799999999998,540,8,0
2024-02-27 02:05:00,1.9397799999999998,1.93991,1.93961,1.93975,533,8,0
2024-02-27 02:10:00,1.93975,1.94063,1.93975,1.9404599999999999,490,8,0
2024-02-27 02:15:00,1.9404599999999999,1.94102,1.94034,1.94075,592,8,0
2024-02-27 02:20:00,1.94075,1.9415900000000001,1.94065,1.94149,643,8,0
2024-02-27 02:25:00,1.9414799999999999,1.9428100000000001,1.94147,1.94196,825,8,0
2024-02-27 02:30:00,1.94196,1.9424000000000001,1.94164,1.9422000000000001,523,8,0
2024-02-27 02:35:00,1.9422000000000001,1.94251,1.94167,1.94196,464,8,0
2024-02-27 02:40:00,1.94197,1.9424299999999999,1.94192,1.94214,491,8,0
2024-02-27 02:45:00,1.94214,1.94244,1.94198,1.94207,510,8,0
2024-02-27 02:50:00,1.94207,1.9420899999999999,1.94181,1.9418199999999999,344,8,0
2024-02-27 02:55:00,1.9418199999999999,1.94201,1.94163,1.9418,401,8,0
2024-02-27 03:00:00,1.9418,1.94203,1.9415900000000001,1.94163,486,8,0
2024-02-27 03:05:00,1.94163,1.94174,1.94138,1.94146,342,8,0
2024-02-27 03:10:00,1.94146,1.94163,1.9413,1.94154,357,8,0
2024-02-27 03:15:00,1.94154,1.94183,1.9413200000000002,1.9414099999999999,428,8,0
2024-02-27 03:20:00,1.9414099999999999,1.94163,1.94131,1.94143,353,8,0
2024-02-27 03:25:00,1.94143,1.9415,1.94093,1.9410699999999999,307,8,0
2024-02-27 03:30:00,1.9410699999999999,1.94113,1.9405299999999999,1.9408699999999999,409,8,0
2024-02-27 03:35:00,1.94089,1.94116,1.94072,1.9407999999999999,302,8,0
2024-02-27 03:40:00,1.9407999999999999,1.94089,1.9402599999999999,1.94029,394,8,0
2024-02-27 03:45:00,1.94029,1.94029,1.9393,1.9394200000000001,346,8,0
2024-02-27 03:50:00,1.93945,1.9397600000000002,1.9393500000000001,1.9393799999999999,297,8,0
2024-02-27 03:55:00,1.9393799999999999,1.93946,1.93905,1.93918,285,8,0
2024-02-27 04:00:00,1.93918,1.93918,1.9388,1.9388,291,8,0
2024-02-27 04:05:00,1.9388,1.93886,1.9383,1.9385,333,8,0
2024-02-27 04:10:00,1.9385,1.93866,1.93832,1.93838,344,8,0
2024-02-27 04:15:00,1.93838,1.93839,1.93785,1.93805,359,8,0
2024-02-27 04:20:00,1.93805,1.9382899999999998,1.938,1.93819,357,8,0
2024-02-27 04:25:00,1.93819,1.93826,1.9378,1.93784,210,8,0
2024-02-27 04:30:00,1.93784,1.93817,1.93781,1.93812,286,8,0
2024-02-27 04:35:00,1.93812,1.93841,1.93803,1.93838,286,8,0
2024-02-27 04:40:00,1.93838,1.93898,1.93837,1.93894,404,8,0
2024-02-27 04:45:00,1.93892,1.93896,1.93845,1.93859,435,8,0
2024-02-27 04:50:00,1.93858,1.93878,1.93849,1.93853,403,8,0
2024-02-27 04:55:00,1.93853,1.93859,1.93803,1.93844,329,8,0
2024-02-27 05:00:00,1.93844,1.9388800000000002,1.93844,1.93862,444,8,0
2024-02-27 05:05:00,1.93862,1.9386299999999999,1.93791,1.9379300000000002,335,8,0
2024-02-27 05:10:00,1.93791,1.93796,1.93757,1.93765,399,8,0
2024-02-27 05:15:00,1.93764,1.93785,1.9373200000000002,1.9375200000000001,323,8,0
2024-02-27 05:20:00,1.93751,1.9378,1.9375,1.9376,355,8,0
2024-02-27 05:25:00,1.9376,1.9379,1.93753,1.9378,529,8,0
2024-02-27 05:30:00,1.9377900000000001,1.93784,1.9376,1.93772,435,8,0
2024-02-27 05:35:00,1.93772,1.9380199999999999,1.93771,1.9378,415,8,0
2024-02-27 05:40:00,1.9378,1.9382899999999998,1.9377499999999999,1.938,522,8,0
2024-02-27 05:45:00,1.938,1.9380199999999999,1.93754,1.93757,403,8,0
2024-02-27 05:50:00,1.93757,1.93783,1.93742,1.93754,422,8,0
2024-02-27 05:55:00,1.93754,1.93799,1.93742,1.93781,449,8,0
2024-02-27 06:00:00,1.93781,1.9380600000000001,1.93731,1.93733,430,8,0
2024-02-27 06:05:00,1.93733,1.93742,1.9371800000000001,1.9372099999999999,330,8,0
2024-02-27 06:10:00,1.9372099999999999,1.9372099999999999,1.93654,1.9369,397,8,0
2024-02-27 06:15:00,1.93692,1.93693,1.93642,1.93666,398,8,0
2024-02-27 06:20:00,1.93666,1.9368400000000001,1.93654,1.93675,376,8,0
2024-02-27 06:25:00,1.93675,1.93706,1.93662,1.93692,356,8,0
2024-02-27 06:30:00,1.9369100000000001,1.9370500000000002,1.93662,1.93674,341,8,0
2024-02-27 06:35:00,1.9367299999999998,1.93685,1.93631,1.93631,394,8,0
2024-02-27 06:40:00,1.93631,1.93674,1.93628,1.9364599999999998,685,8,0
2024-02-27 06:45:00,1.93647,1.93662,1.93602,1.93658,415,8,0
2024-02-27 06:50:00,1.93658,1.93662,1.9357600000000001,1.93589,277,8,0
2024-02-27 06:55:00,1.93589,1.93622,1.93589,1.93614,254,8,0
2024-02-27 07:00:00,1.93614,1.9363899999999998,1.93602,1.9362300000000001,603,8,0
2024-02-27 07:05:00,1.9362300000000001,1.93625,1.93587,1.9359600000000001,505,8,0
2024-02-27 07:10:00,1.9359600000000001,1.936,1.9356499999999999,1.93579,761,8,0
2024-02-27 07:15:00,1.93579,1.93638,1.93548,1.93638,651,8,0
2024-02-27 07:20:00,1.93638,1.93709,1.93628,1.93701,623,8,0
2024-02-27 07:25:00,1.93702,1.93731,1.93651,1.9365299999999999,565,8,0
2024-02-27 07:30:00,1.93652,1.93685,1.93647,1.9367100000000002,694,8,0
2024-02-27 07:35:00,1.9367100000000002,1.93689,1.93617,1.9362300000000001,785,8,0
2024-02-27 07:40:00,1.93628,1.9365299999999999,1.93607,1.93629,694,8,0
2024-02-27 07:45:00,1.9362599999999999,1.93703,1.9362,1.9367999999999999,632,8,0
2024-02-27 07:50:00,1.9367999999999999,1.9368400000000001,1.9362,1.93627,722,8,0
2024-02-27 07:55:00,1.93625,1.9369800000000001,1.93602,1.93678,684,8,0
2024-02-27 08:00:00,1.93679,1.93679,1.9359,1.93628,1040,8,0
2024-02-27 08:05:00,1.93629,1.93631,1.93566,1.9357,975,8,0
2024-02-27 08:10:00,1.9357,1.93616,1.9357,1.9358300000000002,737,8,0
2024-02-27 08:15:00,1.9358300000000002,1.9358300000000002,1.93554,1.93577,602,8,0
2024-02-27 08:20:00,1.9358,1.9358499999999998,1.93525,1.9355799999999999,671,8,0
2024-02-27 08:25:00,1.9355799999999999,1.93598,1.93545,1.9358499999999998,654,8,0
2024-02-27 08:30:00,1.9358499999999998,1.93615,1.9357799999999998,1.93611,704,8,0
2024-02-27 08:35:00,1.93611,1.9363000000000001,1.93587,1.9360300000000001,781,8,0
2024-02-27 08:40:00,1.9360300000000001,1.93607,1.93561,1.9359600000000001,685,8,0
2024-02-27 08:45:00,1.9359600000000001,1.93672,1.93584,1.93668,723,8,0
2024-02-27 08:50:00,1.93668,1.93696,1.93624,1.93641,765,8,0
2024-02-27 08:55:00,1.93641,1.9369800000000001,1.93627,1.93692,797,8,0
2024-02-27 09:00:00,1.93692,1.93731,1.93681,1.93697,746,8,0
2024-02-27 09:05:00,1.93697,1.93711,1.93662,1.93667,711,8,0
2024-02-27 09:10:00,1.9367100000000002,1.93676,1.9363299999999999,1.9364599999999998,648,8,0
2024-02-27 09:15:00,1.9364599999999998,1.9364599999999998,1.93554,1.93555,606,8,0
2024-02-27 09:20:00,1.93555,1.9357199999999999,1.93494,1.93499,654,8,0
2024-02-27 09:25:00,1.93499,1.93502,1.9344999999999999,1.93476,601,8,0
2024-02-27 09:30:00,1.93476,1.9348800000000002,1.9344000000000001,1.9347400000000001,630,8,0
2024-02-27 09:35:00,1.9347400000000001,1.9352,1.9346299999999998,1.93471,553,8,0
2024-02-27 09:40:00,1.93471,1.93521,1.93468,1.9351099999999999,686,8,0
2024-02-27 09:45:00,1.9351099999999999,1.9353099999999999,1.93492,1.9352399999999998,700,8,0
2024-02-27 09:50:00,1.9352399999999998,1.9362,1.9352200000000002,1.93607,782,8,0
2024-02-27 09:55:00,1.93605,1.93649,1.93598,1.93634,666,8,0
2024-02-27 10:00:00,1.93634,1.93634,1.93503,1.93529,789,8,0
2024-02-27 10:05:00,1.93529,1.93557,1.93487,1.93503,728,8,0
2024-02-27 10:10:00,1.93505,1.93546,1.93466,1.93502,666,8,0
2024-02-27 10:15:00,1.93502,1.93527,1.93493,1.93509,653,8,0
2024-02-27 10:20:00,1.93509,1.93532,1.9348100000000001,1.93487,692,8,0
2024-02-27 10:25:00,1.93487,1.93564,1.93468,1.93561,726,8,0
2024-02-27 10:30:00,1.93561,1.93614,1.93548,1.93588,767,8,0
2024-02-27 10:35:00,1.93587,1.93622,1.9357600000000001,1.9357799999999998,595,8,0
2024-02-27 10:40:00,1.9357799999999998,1.93601,1.9355,1.9357,563,8,0
2024-02-27 10:45:00,1.9357,1.93582,1.93555,1.9356200000000001,547,8,0
2024-02-27 10:50:00,1.9356200000000001,1.93601,1.9356200000000001,1.9358300000000002,505,8,0
2024-02-27 10:55:00,1.9358300000000002,1.93632,1.93574,1.93581,525,8,0
2024-02-27 11:00:00,1.93581,1.93582,1.93548,1.93564,641,8,0
2024-02-27 11:05:00,1.93564,1.9361000000000002,1.9355,1.93607,652,8,0
2024-02-27 11:10:00,1.93607,1.93682,1.93607,1.93677,571,8,0
2024-02-27 11:15:00,1.93679,1.93751,1.93677,1.9374799999999999,472,8,0
2024-02-27 11:20:00,1.9374799999999999,1.93792,1.93746,1.93781,549,8,0
2024-02-27 11:25:00,1.93781,1.93832,1.93773,1.9382000000000001,576,8,0
2024-02-27 11:30:00,1.9382000000000001,1.93859,1.93804,1.9382899999999998,560,8,0
2024-02-27 11:35:00,1.9382899999999998,1.93834,1.9379300000000002,1.93801,506,8,0
2024-02-27 11:40:00,1.93801,1.93815,1.93776,1.9378,499,8,0
2024-02-27 11:45:00,1.9378,1.9379,1.9371800000000001,1.9376,563,8,0
2024-02-27 11:50:00,1.9376,1.9376,1.93674,1.93702,610,8,0
2024-02-27 11:55:00,1.93702,1.93728,1.93688,1.9371399999999999,552,8,0
2024-02-27 12:00:00,1.9371399999999999,1.9372500000000001,1.93648,1.9365700000000001,509,8,0
2024-02-27 12:05:00,1.93656,1.9374500000000001,1.93651,1.9371,597,8,0
2024-02-27 12:10:00,1.9371,1.93717,1.93667,1.93678,625,8,0
2024-02-27 12:15:00,1.93678,1.93688,1.9365700000000001,1.93666,624,8,0
2024-02-27 12:20:00,1.93666,1.9368699999999999,1.93647,1.93656,585,8,0
2024-02-27 12:25:00,1.93656,1.9365700000000001,1.9356,1.93567,689,8,0
2024-02-27 12:30:00,1.93567,1.93618,1.93543,1.93546,802,8,0
2024-02-27 12:35:00,1.93546,1.93557,1.93465,1.93473,946,8,0
2024-02-27 12:40:00,1.93472,1.93486,1.93424,1.9343599999999999,1117,8,0
2024-02-27 12:45:00,1.93437,1.93438,1.9336600000000002,1.93431,955,8,0
2024-02-27 12:50:00,1.93431,1.9347400000000001,1.93411,1.93433,821,8,0
2024-02-27 12:55:00,1.93435,1.93498,1.9340899999999999,1.93498,772,8,0
2024-02-27 13:00:00,1.93499,1.9353500000000001,1.93455,1.93484,996,8,0
2024-02-27 13:05:00,1.93485,1.93493,1.93453,1.93462,1006,8,0
2024-02-27 13:10:00,1.9345599999999998,1.935,1.9345599999999998,1.93486,776,8,0
2024-02-27 13:15:00,1.93486,1.93512,1.93466,1.93506,860,8,0
2024-02-27 13:20:00,1.93509,1.93582,1.93505,1.93547,993,8,0
2024-02-27 13:25:00,1.93547,1.9361000000000002,1.93545,1.93577,585,8,0
2024-02-27 13:30:00,1.93575,1.93597,1.93547,1.93573,1211,8,0
2024-02-27 13:35:00,1.93573,1.93586,1.93519,1.9356900000000001,1310,8,0
2024-02-27 13:40:00,1.9357,1.93609,1.9353099999999999,1.9359,1142,8,0
2024-02-27 13:45:00,1.9359,1.93649,1.93584,1.93628,1038,8,0
2024-02-27 13:50:00,1.93628,1.93652,1.9359600000000001,1.93627,997,8,0
2024-02-27 13:55:00,1.93627,1.9365,1.93586,1.93597,839,8,0
2024-02-27 14:00:00,1.93597,1.9365299999999999,1.93586,1.93645,932,8,0
2024-02-27 14:05:00,1.93645,1.93726,1.93624,1.93716,964,8,0
2024-02-27 14:10:00,1.93716,1.93784,1.937,1.937,1114,8,0
2024-02-27 14:15:00,1.937,1.93746,1.93656,1.9374,904,8,0
2024-02-27 14:20:00,1.9374,1.93756,1.9371399999999999,1.93715,789,8,0
2024-02-27 14:25:00,1.93716,1.9372,1.9365,1.93682,1012,8,0
2024-02-27 14:30:00,1.93682,1.9369,1.93615,1.93635,1062,8,0
2024-02-27 14:35:00,1.93635,1.93679,1.9362599999999999,1.9363299999999999,759,8,0
2024-02-27 14:40:00,1.9363299999999999,1.93769,1.9363000000000001,1.9376600000000002,1110,8,0
2024-02-27 14:45:00,1.9376600000000002,1.93801,1.93736,1.93777,1112,8,0
2024-02-27 14:50:00,1.93778,1.93778,1.937,1.9370699999999998,1228,8,0
2024-02-27 14:55:00,1.93708,1.9373,1.9346,1.9346,680,8,0
2024-02-27 15:00:00,1.9350100000000001,1.93678,1.9350100000000001,1.93666,1524,8,0
2024-02-27 15:05:00,1.93666,1.9370699999999998,1.93642,1.937,1402,8,0
2024-02-27 15:10:00,1.93699,1.93765,1.9369399999999999,1.93735,1207,8,0
2024-02-27 15:15:00,1.93735,1.93807,1.93729,1.9379499999999998,923,8,0
2024-02-27 15:20:00,1.9379499999999998,1.93893,1.93787,1.93876,1049,8,0
2024-02-27 15:25:00,1.93875,1.939,1.9386100000000002,1.9386700000000001,813,8,0
2024-02-27 15:30:00,1.9386700000000001,1.93876,1.9376,1.93776,883,8,0
2024-02-27 15:35:00,1.9377499999999999,1.93842,1.93772,1.9382000000000001,963,8,0
2024-02-27 15:40:00,1.9382000000000001,1.93889,1.93818,1.9388,918,8,0
2024-02-27 15:45:00,1.9388,1.93934,1.93838,1.9393,1109,8,0
2024-02-27 15:50:00,1.9393,1.93946,1.9383599999999999,1.9390100000000001,1279,8,0
2024-02-27 15:55:00,1.9390100000000001,1.93903,1.93717,1.9375,1583,8,0
2024-02-27 16:00:00,1.9375,1.93776,1.93715,1.9372500000000001,1141,8,0
2024-02-27 16:05:00,1.9372500000000001,1.93774,1.9372,1.93763,1193,8,0
2024-02-27 16:10:00,1.93763,1.93808,1.9375499999999999,1.93796,888,8,0
2024-02-27 16:15:00,1.93796,1.9382899999999998,1.9377900000000001,1.93826,875,8,0
2024-02-27 16:20:00,1.93826,1.93826,1.93753,1.93811,1001,8,0
2024-02-27 16:25:00,1.93811,1.93824,1.93715,1.93737,907,8,0
2024-02-27 16:30:00,1.93736,1.93753,1.93697,1.9373,965,8,0
2024-02-27 16:35:00,1.93729,1.93825,1.93708,1.93819,953,8,0
2024-02-27 16:40:00,1.93819,1.93873,1.93798,1.93862,504,8,0
2024-02-27 16:45:00,1.9386100000000002,1.93886,1.9383599999999999,1.9388,704,8,0
2024-02-27 16:50:00,1.9388,1.9391699999999998,1.93865,1.9391,769,8,0
2024-02-27 16:55:00,1.93909,1.93921,1.93872,1.93876,671,8,0
2024-02-27 17:00:00,1.93876,1.9388100000000001,1.93832,1.9385599999999998,802,8,0
2024-02-27 17:05:00,1.9385599999999998,1.93916,1.93848,1.93914,748,8,0
2024-02-27 17:10:00,1.9391500000000002,1.9396,1.93899,1.93954,732,8,0
2024-02-27 17:15:00,1.93954,1.9397199999999999,1.9393,1.93964,759,8,0
2024-02-27 17:20:00,1.9396499999999999,1.9398300000000002,1.9394200000000001,1.9396200000000001,809,8,0
2024-02-27 17:25:00,1.9396,1.9397199999999999,1.9393099999999999,1.93952,693,8,0
2024-02-27 17:30:00,1.9395099999999998,1.93977,1.93943,1.93961,704,8,0
2024-02-27 17:35:00,1.93961,1.9397600000000002,1.93943,1.9396200000000001,524,8,0
2024-02-27 17:40:00,1.9396200000000001,1.93991,1.93912,1.93921,652,8,0
2024-02-27 17:45:00,1.93921,1.93932,1.9390100000000001,1.93927,631,8,0
2024-02-27 17:50:00,1.93927,1.93943,1.9389699999999999,1.93899,706,8,0
2024-02-27 17:55:00,1.93899,1.93913,1.93859,1.93862,885,8,0
2024-02-27 18:00:00,1.93862,1.93876,1.93824,1.93849,1030,8,0
2024-02-27 18:05:00,1.93849,1.93875,1.93835,1.93839,635,8,0
2024-02-27 18:10:00,1.93839,1.93849,1.93771,1.93771,663,8,0
2024-02-27 18:15:00,1.93771,1.9378,1.93749,1.93762,503,8,0
2024-02-27 18:20:00,1.93762,1.93778,1.9373,1.93731,610,8,0
2024-02-27 18:25:00,1.93731,1.9375,1.93726,1.9374799999999999,671,8,0
2024-02-27 18:30:00,1.93749,1.93758,1.93702,1.9371399999999999,679,8,0
2024-02-27 18:35:00,1.9371399999999999,1.93771,1.93713,1.93762,504,8,0
2024-02-27 18:40:00,1.93762,1.93787,1.9375200000000001,1.93778,619,8,0
2024-02-27 18:45:00,1.93778,1.9381599999999999,1.93761,1.93787,536,8,0
2024-02-27 18:50:00,1.93787,1.93787,1.93743,1.93744,603,8,0
2024-02-27 18:55:00,1.93744,1.9376600000000002,1.9373399999999998,1.93763,679,8,0
2024-02-27 19:00:00,1.93763,1.9379,1.93746,1.9377900000000001,610,8,0
2024-02-27 19:05:00,1.9377900000000001,1.938,1.93776,1.938,382,8,0
2024-02-27 19:10:00,1.938,1.93815,1.9378,1.93805,525,8,0
2024-02-27 19:15:00,1.93805,1.93826,1.93789,1.93822,557,8,0
2024-02-27 19:20:00,1.93822,1.93857,1.93791,1.9379300000000002,645,8,0
2024-02-27 19:25:00,1.9379300000000002,1.9381300000000001,1.9378199999999999,1.93783,603,8,0
2024-02-27 19:30:00,1.93783,1.9379300000000002,1.9375900000000001,1.93774,652,8,0
2024-02-27 19:35:00,1.93774,1.9380600000000001,1.93762,1.93803,533,8,0
2024-02-27 19:40:00,1.93803,1.93866,1.93789,1.93849,730,8,0
2024-02-27 19:45:00,1.93849,1.93875,1.9384700000000001,1.93852,398,8,0
2024-02-27 19:50:00,1.93852,1.9386,1.93815,1.9382899999999998,404,8,0
2024-02-27 19:55:00,1.93831,1.93831,1.93788,1.9379300000000002,659,8,0
2024-02-27 20:00:00,1.9379300000000002,1.9380600000000001,1.93774,1.93792,375,8,0
2024-02-27 20:05:00,1.93792,1.9380199999999999,1.93777,1.93783,332,8,0
2024-02-27 20:10:00,1.93783,1.9382000000000001,1.93772,1.9381599999999999,347,8,0
2024-02-27 20:15:00,1.9381599999999999,1.93835,1.93812,1.93828,385,8,0
2024-02-27 20:20:00,1.93828,1.93841,1.93817,1.93822,485,8,0
2024-02-27 20:25:00,1.93823,1.93832,1.93814,1.93819,382,8,0
2024-02-27 20:30:00,1.93819,1.93845,1.9380899999999999,1.93844,412,8,0
2024-02-27 20:35:00,1.93844,1.93853,1.93817,1.93824,525,8,0
2024-02-27 20:40:00,1.93823,1.9382899999999998,1.9380600000000001,1.93815,429,8,0
2024-02-27 20:45:00,1.93815,1.93834,1.93808,1.93812,441,8,0
2024-02-27 20:50:00,1.93812,1.93832,1.9378600000000001,1.93789,454,8,0
2024-02-27 20:55:00,1.93787,1.9381599999999999,1.93787,1.93812,587,8,0
2024-02-27 21:00:00,1.9381300000000001,1.93821,1.938,1.9381,213,8,0
2024-02-27 21:05:00,1.93811,1.93811,1.93778,1.93808,184,8,0
2024-02-27 21:10:00,1.93808,1.93853,1.93808,1.93848,261,8,0
2024-02-27 21:15:00,1.93848,1.93857,1.9384000000000001,1.93857,108,8,0
2024-02-27 21:20:00,1.93857,1.9386100000000002,1.93839,1.9384000000000001,190,8,0
2024-02-27 21:25:00,1.9384000000000001,1.93864,1.93839,1.93853,136,8,0
2024-02-27 21:30:00,1.93852,1.93866,1.93839,1.93865,109,8,0
2024-02-27 21:35:00,1.93865,1.93879,1.93864,1.93868,166,8,0
2024-02-27 21:40:00,1.93868,1.93876,1.9384700000000001,1.9384700000000001,132,8,0
2024-02-27 21:45:00,1.9384700000000001,1.93859,1.93834,1.9385599999999998,171,8,0
2024-02-27 21:50:00,1.9385599999999998,1.93883,1.9385599999999998,1.9386299999999999,241,8,0
2024-02-27 21:55:00,1.9386299999999999,1.93871,1.93846,1.9384700000000001,199,8,0
2024-02-27 22:00:00,1.93846,1.93846,1.93553,1.93773,29,20,0
2024-02-27 22:05:00,1.93773,1.93792,1.93733,1.93789,40,120,0
2024-02-27 22:10:00,1.9379,1.93833,1.93757,1.93805,58,68,0
2024-02-27 22:15:00,1.93805,1.9381599999999999,1.93799,1.93805,12,96,0
2024-02-27 22:20:00,1.93805,1.93805,1.93758,1.9375900000000001,19,88,0
2024-02-27 22:25:00,1.9375900000000001,1.9381,1.93758,1.93772,14,68,0
2024-02-27 22:30:00,1.9377,1.9388800000000002,1.9376600000000002,1.93851,106,9,0
2024-02-27 22:35:00,1.93851,1.93851,1.93794,1.93814,176,46,0
2024-02-27 22:40:00,1.93814,1.93879,1.93807,1.93824,295,25,0
2024-02-27 22:45:00,1.93824,1.9386299999999999,1.93818,1.9383,132,35,0
2024-02-27 22:50:00,1.9383,1.93852,1.93803,1.9382700000000002,253,50,0
2024-02-27 22:55:00,1.9382700000000002,1.9385400000000002,1.9377,1.938,397,37,0
2024-02-27 23:00:00,1.938,1.93805,1.9374,1.93761,269,11,0
2024-02-27 23:05:00,1.93761,1.93776,1.9374099999999999,1.93743,81,14,0
2024-02-27 23:10:00,1.93743,1.93772,1.9373399999999998,1.93742,93,11,0
2024-02-27 23:15:00,1.93742,1.9379,1.9373,1.93787,119,9,0
2024-02-27 23:20:00,1.93787,1.93796,1.93754,1.93781,127,8,0
2024-02-27 23:25:00,1.93781,1.93783,1.93754,1.93754,110,8,0
2024-02-27 23:30:00,1.93754,1.93811,1.93751,1.93792,178,8,0
2024-02-27 23:35:00,1.93792,1.93811,1.9374,1.9374099999999999,218,8,0
2024-02-27 23:40:00,1.93744,1.93798,1.9374,1.9379,146,8,0
2024-02-27 23:45:00,1.9379,1.93796,1.93774,1.93788,215,8,0
2024-02-27 23:50:00,1.93788,1.93791,1.93773,1.93784,140,8,0
2024-02-27 23:55:00,1.93784,1.93789,1.93756,1.93773,208,8,0
2024-02-28 00:00:00,1.93772,1.93772,1.93711,1.93719,423,8,0
2024-02-28 00:05:00,1.93719,1.93724,1.93696,1.93699,309,8,0
2024-02-28 00:10:00,1.937,1.93737,1.93676,1.93729,252,8,0
2024-02-28 00:15:00,1.93727,1.9374500000000001,1.9369100000000001,1.9370500000000002,278,8,0
2024-02-28 00:20:00,1.9370500000000002,1.93716,1.93693,1.93716,260,8,0
2024-02-28 00:25:00,1.93716,1.9373,1.93682,1.93683,253,8,0
2024-02-28 00:30:00,1.93678,1.9393500000000001,1.93678,1.93747,794,8,0
2024-02-28 00:35:00,1.93744,1.93774,1.93717,1.93736,481,8,0
2024-02-28 00:40:00,1.93737,1.93737,1.93649,1.9368400000000001,428,8,0
2024-02-28 00:45:00,1.93685,1.9372,1.93656,1.93708,590,8,0
2024-02-28 00:50:00,1.9370699999999998,1.93712,1.93648,1.93652,560,8,0
2024-02-28 00:55:00,1.93651,1.93692,1.9363899999999998,1.9369,670,8,0
2024-02-28 01:00:00,1.9369100000000001,1.94013,1.93666,1.93967,1932,8,0
2024-02-28 01:05:00,1.93973,1.9407299999999998,1.93919,1.93994,1314,8,0
2024-02-28 01:10:00,1.93994,1.9407,1.9398499999999999,1.9401199999999998,790,8,0
2024-02-28 01:15:00,1.94014,1.94041,1.93927,1.9395799999999999,686,8,0
2024-02-28 01:20:00,1.9395799999999999,1.93995,1.9386999999999999,1.93947,689,8,0
2024-02-28 01:25:00,1.93947,1.93957,1.93916,1.9394,534,8,0
2024-02-28 01:30:00,1.9394,1.94014,1.9391,1.93981,836,8,0
2024-02-28 01:35:00,1.9398,1.93995,1.93926,1.93929,769,8,0
2024-02-28 01:40:00,1.9393,1.93954,1.93838,1.93838,710,8,0
2024-02-28 01:45:00,1.93838,1.93905,1.93826,1.9390399999999999,644,8,0
2024-02-28 01:50:00,1.9390399999999999,1.93932,1.93887,1.93929,575,8,0
2024-02-28 01:55:00,1.93929,1.93929,1.9388100000000001,1.93903,572,8,0
2024-02-28 02:00:00,1.93906,1.93971,1.93893,1.93964,728,8,0
2024-02-28 02:05:00,1.93964,1.9405999999999999,1.93963,1.94048,783,8,0
2024-02-28 02:10:00,1.94048,1.94066,1.9398300000000002,1.9401000000000002,530,8,0
2024-02-28 02:15:00,1.9401000000000002,1.9405000000000001,1.93994,1.94028,651,8,0
2024-02-28 02:20:00,1.94028,1.94056,1.9397600000000002,1.9401199999999998,637,8,0
2024-02-28 02:25:00,1.9401199999999998,1.9402,1.93967,1.93968,492,8,0
2024-02-28 02:30:00,1.93968,1.94029,1.9395799999999999,1.94017,485,8,0
2024-02-28 02:35:00,1.94015,1.9407299999999998,1.94011,1.94059,572,8,0
2024-02-28 02:40:00,1.94059,1.94092,1.94052,1.94075,532,8,0
2024-02-28 02:45:00,1.94075,1.9409100000000001,1.94022,1.94038,565,8,0
2024-02-28 02:50:00,1.9403899999999998,1.94099,1.9403299999999999,1.9409100000000001,498,8,0
2024-02-28 02:55:00,1.9409100000000001,1.94109,1.9403700000000002,1.94067,620,8,0
2024-02-28 03:00:00,1.94067,1.94092,1.9405299999999999,1.94086,471,8,0
2024-02-28 03:05:00,1.94086,1.94178,1.9408400000000001,1.94147,437,8,0
2024-02-28 03:10:00,1.94146,1.94187,1.94081,1.9418600000000001,603,8,0
2024-02-28 03:15:00,1.9418600000000001,1.94264,1.94176,1.94244,912,8,0
2024-02-28 03:20:00,1.94244,1.94252,1.94196,1.94223,707,8,0
2024-02-28 03:25:00,1.94223,1.9427699999999999,1.94214,1.9427400000000001,627,8,0
2024-02-28 03:30:00,1.9427400000000001,1.94275,1.94207,1.9423599999999999,557,8,0
2024-02-28 03:35:00,1.9423599999999999,1.94266,1.9420600000000001,1.94217,499,8,0
2024-02-28 03:40:00,1.94217,1.9425,1.9420199999999999,1.94245,381,8,0
2024-02-28 03:45:00,1.94245,1.94252,1.94205,1.9424000000000001,460,8,0
2024-02-28 03:50:00,1.9424000000000001,1.9426,1.94226,1.94252,330,8,0
2024-02-28 03:55:00,1.94252,1.9426,1.9423,1.94235,343,8,0
2024-02-28 04:00:00,1.94235,1.94266,1.94219,1.94266,416,8,0
2024-02-28 04:05:00,1.94265,1.94339,1.94259,1.94323,437,8,0
2024-02-28 04:10:00,1.9432399999999999,1.94356,1.9428100000000001,1.94352,513,8,0
2024-02-28 04:15:00,1.94352,1.94367,1.94287,1.9429699999999999,401,8,0
2024-02-28 04:20:00,1.94296,1.9429699999999999,1.94235,1.94273,423,8,0
2024-02-28 04:25:00,1.94273,1.94275,1.9422700000000002,1.94228,332,8,0
2024-02-28 04:30:00,1.94228,1.94262,1.94226,1.94257,288,8,0
2024-02-28 04:35:00,1.94258,1.94293,1.94253,1.9427400000000001,284,8,0
2024-02-28 04:40:00,1.9427400000000001,1.9428800000000002,1.9422000000000001,1.9424700000000001,326,8,0
2024-02-28 04:45:00,1.9424700000000001,1.94265,1.94224,1.94259,351,8,0
2024-02-28 04:50:00,1.9426,1.94306,1.94258,1.94299,230,8,0
2024-02-28 04:55:00,1.94298,1.94343,1.94292,1.94322,355,8,0
2024-02-28 05:00:00,1.94323,1.9433099999999999,1.94295,1.94302,468,8,0
2024-02-28 05:05:00,1.94302,1.9434200000000001,1.94291,1.9432800000000001,384,8,0
2024-02-28 05:10:00,1.94329,1.94348,1.94287,1.94313,380,8,0
2024-02-28 05:15:00,1.94313,1.94337,1.94306,1.94307,271,8,0
2024-02-28 05:20:00,1.94307,1.94346,1.94271,1.9427400000000001,400,8,0
2024-02-28 05:25:00,1.94275,1.94316,1.94272,1.9430399999999999,415,8,0
2024-02-28 05:30:00,1.9430399999999999,1.94394,1.9430399999999999,1.94364,558,8,0
2024-02-28 05:35:00,1.94364,1.94402,1.94343,1.94352,465,8,0
2024-02-28 05:40:00,1.94352,1.94357,1.9432800000000001,1.9434,464,8,0
2024-02-28 05:45:00,1.9434,1.9434,1.94285,1.94314,408,8,0
2024-02-28 05:50:00,1.94316,1.94333,1.9430100000000001,1.9430800000000001,397,8,0
2024-02-28 05:55:00,1.9430800000000001,1.94336,1.94291,1.9429400000000001,431,8,0
2024-02-28 06:00:00,1.9429400000000001,1.94326,1.94276,1.94309,357,8,0
2024-02-28 06:05:00,1.94309,1.9432399999999999,1.9429400000000001,1.94314,411,8,0
2024-02-28 06:10:00,1.94314,1.9433,1.94272,1.94278,328,8,0
2024-02-28 06:15:00,1.94278,1.94307,1.94266,1.9428100000000001,449,8,0
2024-02-28 06:20:00,1.94282,1.94302,1.94258,1.94272,344,8,0
2024-02-28 06:25:00,1.94272,1.9428299999999998,1.9425,1.94255,358,8,0
2024-02-28 06:30:00,1.94255,1.94276,1.94244,1.94269,425,8,0
2024-02-28 06:35:00,1.94269,1.943,1.94258,1.94293,384,8,0
2024-02-28 06:40:00,1.9429400000000001,1.94329,1.94279,1.9431699999999998,348,8,0
2024-02-28 06:45:00,1.9431699999999998,1.944,1.94314,1.9439600000000001,454,8,0
2024-02-28 06:50:00,1.94397,1.94469,1.94394,1.94395,511,8,0
2024-02-28 06:55:00,1.9439600000000001,1.94442,1.9437,1.94441,474,8,0
2024-02-28 07:00:00,1.94441,1.94444,1.94356,1.9439600000000001,672,8,0
2024-02-28 07:05:00,1.9439600000000001,1.9440499999999998,1.94339,1.94361,569,8,0
2024-02-28 07:10:00,1.9436,1.9440499999999998,1.94345,1.9439600000000001,405,8,0
2024-02-28 07:15:00,1.9439600000000001,1.94415,1.94356,1.94386,405,8,0
2024-02-28 07:20:00,1.94386,1.94409,1.94363,1.9436499999999999,394,8,0
2024-02-28 07:25:00,1.94366,1.94398,1.94357,1.94398,469,8,0
2024-02-28 07:30:00,1.94398,1.94401,1.94272,1.94293,575,8,0
2024-02-28 07:35:00,1.94293,1.9435099999999998,1.9428299999999998,1.94326,605,8,0
2024-02-28 07:40:00,1.94326,1.94347,1.9431500000000002,1.94337,474,8,0
2024-02-28 07:45:00,1.94337,1.9439,1.94322,1.94379,619,8,0
2024-02-28 07:50:00,1.94379,1.9443899999999998,1.94346,1.9443700000000002,668,8,0
2024-02-28 07:55:00,1.9443700000000002,1.94513,1.94408,1.9450699999999999,819,8,0
2024-02-28 08:00:00,1.9450699999999999,1.9453200000000002,1.94463,1.94479,1070,8,0
2024-02-28 08:05:00,1.94479,1.94515,1.94421,1.94466,999,8,0
2024-02-28 08:10:00,1.94466,1.9449,1.94456,1.94472,762,8,0
2024-02-28 08:15:00,1.94472,1.94472,1.9439199999999999,1.94404,575,8,0
2024-02-28 08:20:00,1.94404,1.94431,1.94383,1.94414,676,8,0
2024-02-28 08:25:00,1.94414,1.94416,1.94303,1.94329,882,8,0
2024-02-28 08:30:00,1.94329,1.9438900000000001,1.94323,1.94371,815,8,0
2024-02-28 08:35:00,1.94371,1.9438900000000001,1.94356,1.94384,536,8,0
2024-02-28 08:40:00,1.94384,1.94398,1.94327,1.94381,659,8,0
2024-02-28 08:45:00,1.94381,1.94393,1.9432399999999999,1.9438900000000001,830,8,0
2024-02-28 08:50:00,1.9438900000000001,1.94391,1.9434399999999998,1.94373,858,8,0
2024-02-28 08:55:00,1.94373,1.9441899999999999,1.9436900000000001,1.944,628,8,0
2024-02-28 09:00:00,1.944,1.94467,1.9439600000000001,1.94467,926,8,0
2024-02-28 09:05:00,1.94467,1.94497,1.94444,1.94485,714,8,0
2024-02-28 09:10:00,1.9449,1.94543,1.94488,1.9453200000000002,712,8,0
2024-02-28 09:15:00,1.9453200000000002,1.94603,1.94522,1.94564,847,8,0
2024-02-28 09:20:00,1.94564,1.9457,1.94512,1.9452500000000001,879,8,0
2024-02-28 09:25:00,1.9452500000000001,1.94538,1.94476,1.94537,767,8,0
2024-02-28 09:30:00,1.94537,1.94544,1.94501,1.94508,664,8,0
2024-02-28 09:35:00,1.94508,1.94519,1.94411,1.94427,916,8,0
2024-02-28 09:40:00,1.94427,1.9450699999999999,1.94414,1.94445,961,8,0
2024-02-28 09:45:00,1.94445,1.94472,1.9442599999999999,1.94466,834,8,0
2024-02-28 09:50:00,1.94466,1.9451,1.94435,1.94497,681,8,0
2024-02-28 09:55:00,1.94497,1.94564,1.94489,1.94506,735,8,0
2024-02-28 10:00:00,1.9450699999999999,1.94512,1.9441199999999998,1.94443,1057,8,0
2024-02-28 10:05:00,1.94443,1.94501,1.94432,1.94497,741,8,0
2024-02-28 10:10:00,1.94497,1.94589,1.94478,1.9457499999999999,816,8,0
2024-02-28 10:15:00,1.9457499999999999,1.9462199999999998,1.94564,1.94619,765,8,0
2024-02-28 10:20:00,1.9462000000000002,1.9464700000000001,1.94605,1.94624,816,8,0
2024-02-28 10:25:00,1.94624,1.94665,1.94614,1.94631,828,8,0
2024-02-28 10:30:00,1.94631,1.94645,1.94598,1.9463300000000001,843,8,0
2024-02-28 10:35:00,1.94634,1.94668,1.94627,1.94659,627,8,0
2024-02-28 10:40:00,1.94659,1.94706,1.94655,1.947,635,8,0
2024-02-28 10:45:00,1.94699,1.94743,1.9468800000000002,1.94732,484,8,0
2024-02-28 10:50:00,1.94732,1.9477600000000002,1.9473099999999999,1.9475,509,8,0
2024-02-28 10:55:00,1.9475,1.94768,1.94678,1.9468,695,8,0
2024-02-28 11:00:00,1.9468,1.94707,1.94673,1.94703,740,8,0
2024-02-28 11:05:00,1.94703,1.9471,1.94664,1.94678,619,8,0
2024-02-28 11:10:00,1.94678,1.94703,1.94658,1.94682,727,8,0
2024-02-28 11:15:00,1.9468100000000002,1.9468299999999998,1.946,1.94653,751,8,0
2024-02-28 11:20:00,1.94653,1.9469400000000001,1.94653,1.94662,591,8,0
2024-02-28 11:25:00,1.94662,1.9466999999999999,1.9460199999999999,1.94605,766,8,0
2024-02-28 11:30:00,1.94604,1.94617,1.9457,1.9458600000000001,657,8,0
2024-02-28 11:35:00,1.9458600000000001,1.94592,1.9455900000000002,1.94576,484,8,0
2024-02-28 11:40:00,1.9457499999999999,1.94618,1.9457499999999999,1.9459300000000002,518,8,0
2024-02-28 11:45:00,1.9459300000000002,1.9462899999999999,1.94573,1.94619,592,8,0
2024-02-28 11:50:00,1.94617,1.9468100000000002,1.94616,1.9468,624,8,0
2024-02-28 11:55:00,1.9468,1.94709,1.94641,1.94641,648,8,0
2024-02-28 12:00:00,1.94637,1.94639,1.9457,1.94614,684,8,0
2024-02-28 12:05:00,1.94612,1.94679,1.94604,1.94666,726,8,0
2024-02-28 12:10:00,1.94666,1.9466700000000001,1.9461300000000001,1.9464000000000001,784,8,0
2024-02-28 12:15:00,1.9464000000000001,1.9464700000000001,1.946,1.9461300000000001,746,8,0
2024-02-28 12:20:00,1.9461300000000001,1.94624,1.94565,1.94569,763,8,0
2024-02-28 12:25:00,1.94569,1.9466999999999999,1.94567,1.94665,860,8,0
2024-02-28 12:30:00,1.94665,1.94673,1.94598,1.946,788,8,0
2024-02-28 12:35:00,1.94601,1.9462199999999998,1.9456099999999998,1.9457900000000001,642,8,0
2024-02-28 12:40:00,1.9457900000000001,1.9460199999999999,1.9457200000000001,1.9459300000000002,674,8,0
2024-02-28 12:45:00,1.94592,1.94597,1.94555,1.94591,740,8,0
2024-02-28 12:50:00,1.94591,1.94601,1.94542,1.94553,711,8,0
2024-02-28 12:55:00,1.94551,1.94603,1.94538,1.94562,1024,8,0
2024-02-28 13:00:00,1.94562,1.94587,1.94526,1.94533,1028,8,0
2024-02-28 13:05:00,1.94533,1.9454500000000001,1.94482,1.94496,920,8,0
2024-02-28 13:10:00,1.94496,1.9454099999999999,1.9447100000000002,1.94519,980,8,0
2024-02-28 13:15:00,1.9451800000000001,1.94522,1.94481,1.9451100000000001,903,8,0
2024-02-28 13:20:00,1.94512,1.9452500000000001,1.94469,1.94488,942,8,0
2024-02-28 13:25:00,1.94488,1.94538,1.94483,1.9449,728,8,0
2024-02-28 13:30:00,1.9449,1.94547,1.94475,1.94515,1677,8,0
2024-02-28 13:35:00,1.94515,1.9457499999999999,1.94496,1.94567,1703,8,0
2024-02-28 13:40:00,1.94567,1.9463300000000001,1.9455200000000001,1.94631,1331,8,0
2024-02-28 13:45:00,1.94631,1.94659,1.946,1.9460899999999999,1383,8,0
2024-02-28 13:50:00,1.9460899999999999,1.9472800000000001,1.94583,1.94692,1625,8,0
2024-02-28 13:55:00,1.9468999999999999,1.94706,1.9464700000000001,1.94661,1520,8,0
2024-02-28 14:00:00,1.94661,1.9468999999999999,1.9458,1.94592,1749,8,0
2024-02-28 14:05:00,1.94592,1.94669,1.9458199999999999,1.94659,1344,8,0
2024-02-28 14:10:00,1.9465599999999998,1.9468100000000002,1.94623,1.94626,1251,8,0
2024-02-28 14:15:00,1.94626,1.9464299999999999,1.9459300000000002,1.9463599999999999,1111,8,0
2024-02-28 14:20:00,1.94637,1.94712,1.9462199999999998,1.9469699999999999,1087,8,0
2024-02-28 14:25:00,1.9469400000000001,1.9472399999999999,1.9468,1.94692,947,8,0
2024-02-28 14:30:00,1.94692,1.9472,1.9465,1.9470100000000001,1418,8,0
2024-02-28 14:35:00,1.9470100000000001,1.9473,1.94673,1.94719,1348,8,0
2024-02-28 14:40:00,1.94719,1.94775,1.94692,1.94743,1264,8,0
2024-02-28 14:45:00,1.9474399999999998,1.94809,1.94741,1.94807,1288,8,0
2024-02-28 14:50:00,1.94807,1.9485700000000001,1.94784,1.94827,1175,8,0
2024-02-28 14:55:00,1.94825,1.94851,1.9476,1.9482300000000001,1367,8,0
2024-02-28 15:00:00,1.94824,1.94832,1.94766,1.94777,1370,8,0
2024-02-28 15:05:00,1.94777,1.94842,1.9476,1.948,1258,8,0
2024-02-28 15:10:00,1.948,1.94806,1.94734,1.94772,1157,8,0
2024-02-28 15:15:00,1.94772,1.94808,1.94754,1.9480499999999998,1071,8,0
2024-02-28 15:20:00,1.94804,1.94859,1.94801,1.94836,1113,8,0
2024-02-28 15:25:00,1.94836,1.9483899999999998,1.94777,1.94807,1042,8,0
2024-02-28 15:30:00,1.94807,1.9485000000000001,1.94787,1.94798,1079,8,0
2024-02-28 15:35:00,1.94798,1.94804,1.94766,1.94771,1036,8,0
2024-02-28 15:40:00,1.94771,1.94784,1.9473799999999999,1.94766,721,8,0
2024-02-28 15:45:00,1.94766,1.94802,1.94752,1.94797,791,8,0
2024-02-28 15:50:00,1.94797,1.94832,1.9479600000000001,1.94815,1002,8,0
2024-02-28 15:55:00,1.94815,1.94862,1.9480300000000002,1.94845,1069,8,0
2024-02-28 16:00:00,1.94845,1.94862,1.94784,1.94784,1219,8,0
2024-02-28 16:05:00,1.94784,1.9488699999999999,1.94784,1.9487299999999999,1076,8,0
2024-02-28 16:10:00,1.94872,1.94929,1.94861,1.94913,772,8,0
2024-02-28 16:15:00,1.94913,1.94974,1.94906,1.94946,843,8,0
2024-02-28 16:20:00,1.94947,1.9497200000000001,1.9493,1.9496799999999999,778,8,0
2024-02-28 16:25:00,1.9496799999999999,1.95011,1.94924,1.9493,688,8,0
2024-02-28 16:30:00,1.94926,1.9499300000000002,1.94924,1.94977,781,8,0
2024-02-28 16:35:00,1.94977,1.95005,1.94951,1.94958,644,8,0
2024-02-28 16:40:00,1.94958,1.9499300000000002,1.94942,1.94976,834,8,0
2024-02-28 16:45:00,1.94976,1.9503300000000001,1.94974,1.95025,675,8,0
2024-02-28 16:50:00,1.95025,1.95039,1.9500600000000001,1.95012,625,8,0
2024-02-28 16:55:00,1.95012,1.95044,1.9499499999999999,1.95028,761,8,0
2024-02-28 17:00:00,1.95028,1.95064,1.9499499999999999,1.95007,875,8,0
2024-02-28 17:05:00,1.95007,1.95045,1.9497900000000001,1.94985,705,8,0
2024-02-28 17:10:00,1.94985,1.9498600000000001,1.9491100000000001,1.94912,790,8,0
2024-02-28 17:15:00,1.9491399999999999,1.94937,1.94892,1.94936,604,8,0
2024-02-28 17:20:00,1.94937,1.94939,1.9489999999999998,1.9491399999999999,617,8,0
2024-02-28 17:25:00,1.9491399999999999,1.94916,1.9488699999999999,1.94894,467,8,0
2024-02-28 17:30:00,1.94894,1.94924,1.9487700000000001,1.9488699999999999,729,8,0
2024-02-28 17:35:00,1.9488699999999999,1.94894,1.9485700000000001,1.94876,705,8,0
2024-02-28 17:40:00,1.94876,1.94935,1.9487100000000002,1.94912,817,8,0
2024-02-28 17:45:00,1.94912,1.94928,1.94886,1.94923,632,8,0
2024-02-28 17:50:00,1.94923,1.94953,1.94913,1.9493399999999999,563,8,0
2024-02-28 17:55:00,1.9493399999999999,1.94935,1.94879,1.9488400000000001,567,8,0
2024-02-28 18:00:00,1.9488400000000001,1.9489999999999998,1.94858,1.94865,843,8,0
2024-02-28 18:05:00,1.94865,1.94902,1.9485700000000001,1.94886,589,8,0
2024-02-28 18:10:00,1.94886,1.94903,1.9484,1.94856,730,8,0
2024-02-28 18:15:00,1.9485700000000001,1.94858,1.9481899999999999,1.94834,667,8,0
2024-02-28 18:20:00,1.94834,1.94847,1.94828,1.94843,616,8,0
2024-02-28 18:25:00,1.94843,1.9486400000000001,1.9479199999999999,1.94795,537,8,0
2024-02-28 18:30:00,1.94795,1.9482300000000001,1.94774,1.9482300000000001,536,8,0
2024-02-28 18:35:00,1.9482300000000001,1.94851,1.94817,1.9482300000000001,560,8,0
2024-02-28 18:40:00,1.94825,1.94835,1.94808,1.94834,593,8,0
2024-02-28 18:45:00,1.94834,1.94862,1.94833,1.9484599999999999,445,8,0
2024-02-28 18:50:00,1.9484599999999999,1.94858,1.94824,1.94856,478,8,0
2024-02-28 18:55:00,1.94856,1.9486400000000001,1.94835,1.94856,368,8,0
2024-02-28 19:00:00,1.94856,1.94876,1.9483899999999998,1.9487100000000002,355,8,0
2024-02-28 19:05:00,1.9487100000000002,1.94876,1.94856,1.94876,486,8,0
2024-02-28 19:10:00,1.94876,1.9490699999999999,1.9485999999999999,1.9489999999999998,718,8,0
2024-02-28 19:15:00,1.9489999999999998,1.94913,1.94859,1.94863,848,8,0
2024-02-28 19:20:00,1.94863,1.9487100000000002,1.94833,1.94847,660,8,0
2024-02-28 19:25:00,1.94847,1.9485700000000001,1.94832,1.94854,608,8,0
2024-02-28 19:30:00,1.94854,1.94899,1.94851,1.9488699999999999,790,8,0
2024-02-28 19:35:00,1.9488699999999999,1.94931,1.9488699999999999,1.9491800000000001,676,8,0
2024-02-28 19:40:00,1.94919,1.94937,1.94896,1.94903,652,8,0
2024-02-28 19:45:00,1.94903,1.94912,1.9486599999999998,1.94868,470,8,0
2024-02-28 19:50:00,1.94868,1.94882,1.9485700000000001,1.94865,603,8,0
2024-02-28 19:55:00,1.94865,1.94881,1.94845,1.9487100000000002,733,8,0
2024-02-28 20:00:00,1.94868,1.94876,1.9482,1.94829,721,8,0
2024-02-28 20:05:00,1.9483000000000001,1.94868,1.9482599999999999,1.94855,643,8,0
2024-02-28 20:10:00,1.94855,1.94861,1.94842,1.94856,426,8,0
2024-02-28 20:15:00,1.9485700000000001,1.94876,1.9483899999999998,1.94842,437,8,0
2024-02-28 20:20:00,1.94842,1.9487299999999999,1.9484,1.94867,423,8,0
2024-02-28 20:25:00,1.94865,1.94916,1.94865,1.9491,434,8,0
2024-02-28 20:30:00,1.9491,1.94922,1.94862,1.94865,742,8,0
2024-02-28 20:35:00,1.94865,1.94888,1.94858,1.94879,612,8,0
2024-02-28 20:40:00,1.94879,1.94916,1.9487700000000001,1.94899,479,8,0
2024-02-28 20:45:00,1.9489999999999998,1.94909,1.9487100000000002,1.94885,528,8,0
2024-02-28 20:50:00,1.94885,1.9491800000000001,1.94885,1.94894,449,8,0
2024-02-28 20:55:00,1.94894,1.94903,1.9487100000000002,1.94897,656,8,0
2024-02-28 21:00:00,1.94897,1.94917,1.94889,1.94913,309,8,0
2024-02-28 21:05:00,1.94913,1.94931,1.94909,1.9491800000000001,251,8,0
2024-02-28 21:10:00,1.9491800000000001,1.9491800000000001,1.94908,1.9491399999999999,124,8,0
2024-02-28 21:15:00,1.9491399999999999,1.94939,1.94913,1.94937,205,8,0
2024-02-28 21:20:00,1.94937,1.94958,1.94937,1.94946,255,8,0
2024-02-28 21:25:00,1.94946,1.94964,1.94942,1.9496099999999998,166,8,0
2024-02-28 21:30:00,1.9496099999999998,1.94977,1.94956,1.94963,189,8,0
2024-02-28 21:35:00,1.94963,1.94978,1.94956,1.94963,181,8,0
2024-02-28 21:40:00,1.94962,1.9497,1.9494,1.9494799999999999,163,8,0
2024-02-28 21:45:00,1.94946,1.94946,1.9492099999999999,1.94935,259,8,0
2024-02-28 21:50:00,1.94935,1.94949,1.9491100000000001,1.94912,137,8,0
2024-02-28 21:55:00,1.9491399999999999,1.94922,1.94905,1.94913,302,8,0
2024-02-28 22:00:00,1.94912,1.94912,1.94671,1.94723,26,19,0
2024-02-28 22:05:00,1.94723,1.94821,1.94723,1.94801,17,186,0
2024-02-28 22:10:00,1.94801,1.94828,1.9475500000000001,1.94811,83,171,0
2024-02-28 22:15:00,1.94811,1.94875,1.94771,1.9487100000000002,143,65,0
2024-02-28 22:20:00,1.9487100000000002,1.94913,1.94827,1.9485700000000001,70,58,0
2024-02-28 22:25:00,1.9485700000000001,1.94894,1.94841,1.94885,65,85,0
2024-02-28 22:30:00,1.94878,1.94935,1.94822,1.9487100000000002,107,63,0
2024-02-28 22:35:00,1.9487100000000002,1.9489999999999998,1.94862,1.94862,495,37,0
2024-02-28 22:40:00,1.94862,1.94883,1.94784,1.94863,323,20,0
2024-02-28 22:45:00,1.94863,1.94935,1.94854,1.9489800000000002,210,19,0
2024-02-28 22:50:00,1.9489800000000002,1.9492500000000001,1.94872,1.94888,251,27,0
2024-02-28 22:55:00,1.94893,1.94963,1.94844,1.94863,457,18,0
2024-02-28 23:00:00,1.94863,1.94897,1.94863,1.94874,271,21,0
2024-02-28 23:05:00,1.94874,1.9491,1.94856,1.94904,109,15,0
2024-02-28 23:10:00,1.94904,1.9491399999999999,1.94875,1.9490699999999999,163,11,0
2024-02-28 23:15:00,1.9490699999999999,1.94913,1.94862,1.9487700000000001,166,8,0
2024-02-28 23:20:00,1.9487700000000001,1.94903,1.9486400000000001,1.94903,125,9,0
2024-02-28 23:25:00,1.94903,1.94906,1.94874,1.94885,137,9,0
2024-02-28 23:30:00,1.94885,1.94956,1.9487999999999999,1.9494500000000001,235,8,0
2024-02-28 23:35:00,1.9494500000000001,1.9498,1.94943,1.94958,165,8,0
2024-02-28 23:40:00,1.94958,1.94963,1.94908,1.9492500000000001,234,8,0
2024-02-28 23:45:00,1.94924,1.94946,1.94919,1.94931,134,8,0
2024-02-28 23:50:00,1.94931,1.94989,1.9492500000000001,1.9497,218,8,0
2024-02-28 23:55:00,1.9497,1.9497,1.9492699999999998,1.94954,298,8,0
2024-02-29 00:00:00,1.94954,1.94985,1.9491800000000001,1.9492099999999999,431,8,0
2024-02-29 00:05:00,1.9492099999999999,1.94953,1.94893,1.9495200000000001,351,8,0
2024-02-29 00:10:00,1.9495200000000001,1.94965,1.94922,1.94923,312,8,0
2024-02-29 00:15:00,1.94923,1.94985,1.94917,1.9497,289,8,0
2024-02-29 00:20:00,1.9497,1.9497900000000001,1.94939,1.94951,261,8,0
2024-02-29 00:25:00,1.94951,1.9497,1.94912,1.94928,224,8,0
2024-02-29 00:30:00,1.94928,1.95011,1.94922,1.94955,453,8,0
2024-02-29 00:35:00,1.94955,1.95007,1.94951,1.94992,343,8,0
2024-02-29 00:40:00,1.94992,1.9500600000000001,1.94965,1.94973,403,8,0
2024-02-29 00:45:00,1.94973,1.95004,1.9495900000000002,1.94963,333,8,0
2024-02-29 00:50:00,1.94963,1.94977,1.94916,1.94919,592,8,0
2024-02-29 00:55:00,1.9492099999999999,1.94954,1.9487700000000001,1.9489100000000001,513,8,0
2024-02-29 01:00:00,1.9489100000000001,1.9490699999999999,1.9485999999999999,1.9487299999999999,672,8,0
2024-02-29 01:05:00,1.9487299999999999,1.9487999999999999,1.94811,1.9481199999999999,713,8,0
2024-02-29 01:10:00,1.9481199999999999,1.94824,1.9478499999999999,1.9478499999999999,592,8,0
2024-02-29 01:15:00,1.9478499999999999,1.94804,1.94757,1.94777,646,8,0
2024-02-29 01:20:00,1.94777,1.94797,1.94764,1.94791,529,8,0
2024-02-29 01:25:00,1.94791,1.94797,1.94733,1.94733,454,8,0
2024-02-29 01:30:00,1.94733,1.94773,1.9471699999999998,1.94732,846,8,0
2024-02-29 01:35:00,1.94732,1.9475099999999999,1.9468,1.9470399999999999,732,8,0
2024-02-29 01:40:00,1.9470399999999999,1.94707,1.9464000000000001,1.94666,754,8,0
2024-02-29 01:45:00,1.94666,1.94698,1.94626,1.9469699999999999,677,8,0
2024-02-29 01:50:00,1.94698,1.9473799999999999,1.94684,1.94702,633,8,0
2024-02-29 01:55:00,1.94703,1.9473099999999999,1.94691,1.94695,820,8,0
2024-02-29 02:00:00,1.9469400000000001,1.94714,1.94601,1.94618,869,8,0
2024-02-29 02:05:00,1.94618,1.94666,1.94616,1.94619,611,8,0
2024-02-29 02:10:00,1.94619,1.9466299999999999,1.9461,1.94661,723,8,0
2024-02-29 02:15:00,1.94661,1.94668,1.94608,1.94612,679,8,0
2024-02-29 02:20:00,1.94612,1.9463300000000001,1.94569,1.94571,700,8,0
2024-02-29 02:25:00,1.94571,1.9459,1.94553,1.9457499999999999,677,8,0
2024-02-29 02:30:00,1.9457499999999999,1.94589,1.94522,1.9455,795,8,0
2024-02-29 02:35:00,1.94549,1.9458600000000001,1.94549,1.9456,623,8,0
2024-02-29 02:40:00,1.9456,1.9458600000000001,1.9454799999999999,1.94557,526,8,0
2024-02-29 02:45:00,1.94557,1.94566,1.94497,1.94512,539,8,0
2024-02-29 02:50:00,1.94512,1.9457499999999999,1.94501,1.94516,627,8,0
2024-02-29 02:55:00,1.94516,1.9453200000000002,1.94492,1.9451,598,8,0
2024-02-29 03:00:00,1.9451,1.94519,1.94482,1.94505,638,8,0
2024-02-29 03:05:00,1.94504,1.94517,1.94463,1.94474,547,8,0
2024-02-29 03:10:00,1.94474,1.94503,1.9445999999999999,1.94496,586,8,0
2024-02-29 03:15:00,1.94496,1.94504,1.9445299999999999,1.94479,659,8,0
2024-02-29 03:20:00,1.94479,1.94492,1.9443000000000001,1.94477,560,8,0
2024-02-29 03:25:00,1.94477,1.94505,1.94459,1.94478,401,8,0
2024-02-29 03:30:00,1.94478,1.9448699999999999,1.94407,1.94427,449,8,0
2024-02-29 03:35:00,1.94427,1.94434,1.9435,1.94368,474,8,0
2024-02-29 03:40:00,1.9436900000000001,1.94374,1.94319,1.9435099999999998,528,8,0
2024-02-29 03:45:00,1.9435099999999998,1.94379,1.9435099999999998,1.94373,464,8,0
2024-02-29 03:50:00,1.94373,1.94424,1.94356,1.94422,406,8,0
2024-02-29 03:55:00,1.9442300000000001,1.94443,1.94407,1.94409,450,8,0
2024-02-29 04:00:00,1.94409,1.94444,1.94394,1.944,329,8,0
2024-02-29 04:05:00,1.944,1.94417,1.94311,1.94323,442,8,0
2024-02-29 04:10:00,1.94323,1.9436499999999999,1.94323,1.94363,323,8,0
2024-02-29 04:15:00,1.94363,1.94375,1.9433,1.9433099999999999,428,8,0
2024-02-29 04:20:00,1.9433099999999999,1.9434,1.94278,1.94279,482,8,0
2024-02-29 04:25:00,1.94279,1.94355,1.94275,1.9435099999999998,450,8,0
2024-02-29 04:30:00,1.9435099999999998,1.9439199999999999,1.94325,1.94326,420,8,0
2024-02-29 04:35:00,1.9432399999999999,1.9435099999999998,1.94319,1.94345,373,8,0
2024-02-29 04:40:00,1.94345,1.94367,1.9431500000000002,1.94319,327,8,0
2024-02-29 04:45:00,1.94319,1.94339,1.9428299999999998,1.94292,391,8,0
2024-02-29 04:50:00,1.94292,1.9434900000000002,1.94292,1.9434399999999998,321,8,0
2024-02-29 04:55:00,1.94345,1.9435099999999998,1.94316,1.9433500000000001,289,8,0
2024-02-29 05:00:00,1.94334,1.94355,1.94302,1.94332,349,8,0
2024-02-29 05:05:00,1.94332,1.94357,1.94322,1.94352,366,8,0
2024-02-29 05:10:00,1.94352,1.94353,1.9427400000000001,1.94279,477,8,0
2024-02-29 05:15:00,1.94279,1.94332,1.94272,1.9433099999999999,330,8,0
2024-02-29 05:20:00,1.9433099999999999,1.94368,1.9432800000000001,1.9435799999999999,287,8,0
2024-02-29 05:25:00,1.9435799999999999,1.94383,1.9434399999999998,1.9436200000000001,520,8,0
2024-02-29 05:30:00,1.9436200000000001,1.94449,1.94361,1.9439199999999999,617,8,0
2024-02-29 05:35:00,1.9439,1.9441199999999998,1.94348,1.9440499999999998,576,8,0
2024-02-29 05:40:00,1.9440499999999998,1.9443000000000001,1.9436499999999999,1.9437,559,8,0
2024-02-29 05:45:00,1.9437,1.9437,1.9430100000000001,1.9431699999999998,524,8,0
2024-02-29 05:50:00,1.9431699999999998,1.9436200000000001,1.9431,1.94325,512,8,0
2024-02-29 05:55:00,1.94325,1.94379,1.94322,1.9437,470,8,0
2024-02-29 06:00:00,1.9437,1.9438499999999999,1.94353,1.94374,506,8,0
2024-02-29 06:05:00,1.94373,1.9439,1.94361,1.9439,361,8,0
2024-02-29 06:10:00,1.9439,1.94401,1.94379,1.94382,497,8,0
2024-02-29 06:15:00,1.94381,1.94386,1.9435799999999999,1.9436499999999999,414,8,0
2024-02-29 06:20:00,1.9436499999999999,1.9437600000000002,1.9434200000000001,1.94348,331,8,0
2024-02-29 06:25:00,1.94348,1.94364,1.9433,1.94332,321,8,0
2024-02-29 06:30:00,1.94332,1.94364,1.94322,1.94363,427,8,0
2024-02-29 06:35:00,1.9436200000000001,1.9437,1.94299,1.94309,406,8,0
2024-02-29 06:40:00,1.94309,1.94329,1.94284,1.94327,406,8,0
2024-02-29 06:45:00,1.94327,1.94329,1.9429400000000001,1.94321,478,8,0
2024-02-29 06:50:00,1.94321,1.9434200000000001,1.94307,1.9433,310,8,0
2024-02-29 06:55:00,1.9433,1.94367,1.9433,1.94363,404,8,0
2024-02-29 07:00:00,1.94363,1.94373,1.94318,1.94354,748,8,0
2024-02-29 07:05:00,1.94354,1.9435799999999999,1.9431,1.94347,794,8,0
2024-02-29 07:10:00,1.94347,1.94366,1.94311,1.94319,549,8,0
2024-02-29 07:15:00,1.94319,1.94395,1.9430100000000001,1.9437799999999998,608,8,0
2024-02-29 07:20:00,1.9437799999999998,1.94398,1.94346,1.94395,626,8,0
2024-02-29 07:25:00,1.94395,1.94397,1.9434,1.94391,707,8,0
2024-02-29 07:30:00,1.9439,1.94488,1.94384,1.94485,763,8,0
2024-02-29 07:35:00,1.94486,1.94519,1.94444,1.94508,844,8,0
2024-02-29 07:40:00,1.94508,1.94509,1.94469,1.9448400000000001,745,8,0
2024-02-29 07:45:00,1.94485,1.94505,1.9428800000000002,1.94316,1425,8,0
2024-02-29 07:50:00,1.94316,1.94341,1.94244,1.9424700000000001,1085,8,0
2024-02-29 07:55:00,1.9424700000000001,1.94291,1.94221,1.9426999999999999,838,8,0
2024-02-29 08:00:00,1.9426999999999999,1.94462,1.94249,1.94444,1143,8,0
2024-02-29 08:05:00,1.94443,1.94546,1.94442,1.94528,1143,8,0
2024-02-29 08:10:00,1.94528,1.94567,1.94492,1.9454500000000001,1230,8,0
2024-02-29 08:15:00,1.9454500000000001,1.94566,1.94517,1.94546,1111,8,0
2024-02-29 08:20:00,1.94546,1.94573,1.9451,1.9452,995,8,0
2024-02-29 08:25:00,1.9452,1.9462000000000002,1.9451800000000001,1.9460899999999999,967,8,0
2024-02-29 08:30:00,1.94603,1.94675,1.94594,1.94641,902,8,0
2024-02-29 08:35:00,1.94641,1.94682,1.94619,1.94668,979,8,0
2024-02-29 08:40:00,1.94669,1.94713,1.94649,1.9468299999999998,914,8,0
2024-02-29 08:45:00,1.9468299999999998,1.94714,1.94665,1.94686,808,8,0
2024-02-29 08:50:00,1.94686,1.94686,1.94566,1.9457200000000001,714,8,0
2024-02-29 08:55:00,1.9457,1.9457,1.9449999999999998,1.9453399999999998,1041,8,0
2024-02-29 09:00:00,1.94533,1.94662,1.94515,1.94657,1596,8,0
2024-02-29 09:05:00,1.94657,1.9478499999999999,1.94645,1.94767,1060,8,0
2024-02-29 09:10:00,1.94767,1.94788,1.94711,1.94761,915,8,0
2024-02-29 09:15:00,1.9476,1.9477,1.94699,1.9476499999999999,987,8,0
2024-02-29 09:20:00,1.94767,1.9478,1.94702,1.94748,767,8,0
2024-02-29 09:25:00,1.94748,1.9474900000000002,1.9466999999999999,1.94741,722,8,0
2024-02-29 09:30:00,1.94741,1.94761,1.94682,1.94705,838,8,0
2024-02-29 09:35:00,1.94705,1.94718,1.94659,1.94699,808,8,0
2024-02-29 09:40:00,1.94699,1.9474399999999998,1.94699,1.94716,904,8,0
2024-02-29 09:45:00,1.94716,1.9475799999999999,1.94703,1.94745,900,8,0
2024-02-29 09:50:00,1.94745,1.94788,1.94725,1.94777,970,8,0
2024-02-29 09:55:00,1.94777,1.9480300000000002,1.9474399999999998,1.94772,1178,8,0
2024-02-29 10:00:00,1.94772,1.9484599999999999,1.94761,1.9482300000000001,851,8,0
2024-02-29 10:05:00,1.9482300000000001,1.9489100000000001,1.94814,1.94845,835,8,0
2024-02-29 10:10:00,1.94845,1.94899,1.9481000000000002,1.9488400000000001,828,8,0
2024-02-29 10:15:00,1.9488400000000001,1.9493200000000002,1.94882,1.94912,842,8,0
2024-02-29 10:20:00,1.94912,1.9496099999999998,1.94904,1.94956,777,8,0
2024-02-29 10:25:00,1.94956,1.94977,1.9494,1.94958,468,8,0
2024-02-29 10:30:00,1.94958,1.94992,1.94916,1.94917,544,8,0
2024-02-29 10:35:00,1.94917,1.9493399999999999,1.9487999999999999,1.9492699999999998,625,8,0
2024-02-29 10:40:00,1.9492699999999998,1.9494500000000001,1.94897,1.9489800000000002,690,8,0
2024-02-29 10:45:00,1.9489800000000002,1.94939,1.9488400000000001,1.94896,717,8,0
2024-02-29 10:50:00,1.94896,1.9492699999999998,1.94859,1.94874,832,8,0
2024-02-29 10:55:00,1.94874,1.94912,1.9485700000000001,1.94895,751,8,0
2024-02-29 11:00:00,1.94894,1.94902,1.9483700000000002,1.94848,708,8,0
2024-02-29 11:05:00,1.94848,1.94882,1.94811,1.9487999999999999,515,8,0
2024-02-29 11:10:00,1.9487999999999999,1.94894,1.94836,1.94882,749,8,0
2024-02-29 11:15:00,1.94882,1.9495900000000002,1.94849,1.94955,829,8,0
2024-02-29 11:20:00,1.94955,1.94969,1.9489800000000002,1.9489800000000002,592,8,0
2024-02-29 11:25:00,1.9489800000000002,1.9491100000000001,1.94777,1.94786,720,8,0
2024-02-29 11:30:00,1.94786,1.94832,1.94786,1.9481199999999999,670,8,0
2024-02-29 11:35:00,1.9481199999999999,1.94813,1.9471699999999998,1.9474200000000002,763,8,0
2024-02-29 11:40:00,1.9474200000000002,1.9477600000000002,1.9474,1.94756,660,8,0
2024-02-29 11:45:00,1.94756,1.9479199999999999,1.9473099999999999,1.9479199999999999,748,8,0
2024-02-29 11:50:00,1.9479199999999999,1.94813,1.94759,1.94809,690,8,0
2024-02-29 11:55:00,1.9481000000000002,1.9481000000000002,1.9466700000000001,1.9466700000000001,956,8,0
2024-02-29 12:00:00,1.94668,1.94703,1.9465,1.94675,895,8,0
2024-02-29 12:05:00,1.94675,1.94706,1.94646,1.94653,753,8,0
2024-02-29 12:10:00,1.94653,1.9468,1.94617,1.9466999999999999,992,8,0
2024-02-29 12:15:00,1.94671,1.9474399999999998,1.94662,1.94726,873,8,0
2024-02-29 12:20:00,1.94725,1.94734,1.94671,1.9470399999999999,845,8,0
2024-02-29 12:25:00,1.9470399999999999,1.9470399999999999,1.94638,1.94665,970,8,0
2024-02-29 12:30:00,1.94666,1.94779,1.94665,1.9477,827,8,0
2024-02-29 12:35:00,1.9477,1.94817,1.9476,1.9479899999999999,675,8,0
2024-02-29 12:40:00,1.9479899999999999,1.9484,1.94798,1.9480499999999998,651,8,0
2024-02-29 12:45:00,1.94806,1.9481000000000002,1.9474900000000002,1.9479600000000001,630,8,0
2024-02-29 12:50:00,1.9479600000000001,1.94813,1.94782,1.94807,647,8,0
2024-02-29 12:55:00,1.94807,1.9487999999999999,1.94784,1.9483700000000002,489,8,0
2024-02-29 13:00:00,1.94835,1.94855,1.94725,1.9475099999999999,1137,8,0
2024-02-29 13:05:00,1.9475,1.94784,1.9471699999999998,1.9476499999999999,1014,8,0
2024-02-29 13:10:00,1.9476499999999999,1.9481600000000001,1.94757,1.94787,759,8,0
2024-02-29 13:15:00,1.94787,1.94795,1.94723,1.94746,915,8,0
2024-02-29 13:20:00,1.94745,1.94807,1.94737,1.94764,966,8,0
2024-02-29 13:25:00,1.94764,1.94774,1.9463,1.94649,919,8,0
2024-02-29 13:30:00,1.94649,1.9468999999999999,1.94474,1.94515,2190,8,0
2024-02-29 13:35:00,1.94515,1.94515,1.94431,1.94456,2266,8,0
2024-02-29 13:40:00,1.94456,1.94468,1.94406,1.9441000000000002,1865,8,0
2024-02-29 13:45:00,1.9441000000000002,1.9441000000000002,1.9427400000000001,1.9427400000000001,1902,8,0
2024-02-29 13:50:00,1.9427400000000001,1.94314,1.94237,1.94314,1683,8,0
2024-02-29 13:55:00,1.94314,1.94336,1.94271,1.9430800000000001,1339,8,0
2024-02-29 14:00:00,1.9431,1.9437799999999998,1.9430100000000001,1.94373,1362,8,0
2024-02-29 14:05:00,1.94373,1.94374,1.94275,1.94289,1248,8,0
2024-02-29 14:10:00,1.94289,1.94332,1.94257,1.94306,1384,8,0
2024-02-29 14:15:00,1.94305,1.94384,1.94295,1.9436,1163,8,0
2024-02-29 14:20:00,1.9436,1.9444599999999999,1.94353,1.94443,1011,8,0
2024-02-29 14:25:00,1.94444,1.94461,1.94371,1.94452,1014,8,0
2024-02-29 14:30:00,1.9445299999999999,1.94506,1.94438,1.94497,1364,8,0
2024-02-29 14:35:00,1.94496,1.94504,1.94408,1.94414,1205,8,0
2024-02-29 14:40:00,1.94414,1.94429,1.94361,1.9436200000000001,1009,8,0
2024-02-29 14:45:00,1.9435,1.94375,1.94268,1.9428999999999998,1489,8,0
2024-02-29 14:50:00,1.9428999999999998,1.9430800000000001,1.94177,1.94188,1364,8,0
2024-02-29 14:55:00,1.9418600000000001,1.9418600000000001,1.94102,1.9416,1203,8,0
2024-02-29 15:00:00,1.94158,1.9425,1.94143,1.94165,1609,8,0
2024-02-29 15:05:00,1.94164,1.9421300000000001,1.94119,1.94187,1620,8,0
2024-02-29 15:10:00,1.94187,1.94268,1.94181,1.94241,1597,8,0
2024-02-29 15:15:00,1.94241,1.94262,1.9422000000000001,1.9423,1221,8,0
2024-02-29 15:20:00,1.9423,1.94237,1.9418600000000001,1.94199,1083,8,0
2024-02-29 15:25:00,1.94198,1.94244,1.94187,1.9423599999999999,1172,8,0
2024-02-29 15:30:00,1.9423599999999999,1.94244,1.94137,1.9415499999999999,1622,8,0
2024-02-29 15:35:00,1.9415499999999999,1.94184,1.94143,1.94158,1166,8,0
2024-02-29 15:40:00,1.94158,1.94231,1.94158,1.94203,1236,8,0
2024-02-29 15:45:00,1.9420199999999999,1.94234,1.94124,1.94131,1432,8,0
2024-02-29 15:50:00,1.9413200000000002,1.94255,1.94115,1.94246,1769,8,0
2024-02-29 15:55:00,1.94246,1.9429699999999999,1.94207,1.94272,2183,8,0
2024-02-29 16:00:00,1.94272,1.9430800000000001,1.9422000000000001,1.9426999999999999,2154,8,0
2024-02-29 16:05:00,1.9426999999999999,1.9428100000000001,1.9419300000000002,1.94214,1455,8,0
2024-02-29 16:10:00,1.94214,1.94238,1.9417900000000001,1.9419,1166,8,0
2024-02-29 16:15:00,1.9419,1.9422000000000001,1.94089,1.94112,1309,8,0
2024-02-29 16:20:00,1.94112,1.9426700000000001,1.94112,1.9424299999999999,1151,8,0
2024-02-29 16:25:00,1.9424299999999999,1.9431500000000002,1.94198,1.94313,1106,8,0
2024-02-29 16:30:00,1.94313,1.94323,1.94255,1.9426,1296,8,0
2024-02-29 16:35:00,1.9426,1.94323,1.9426,1.9428,1276,8,0
2024-02-29 16:40:00,1.9428,1.94323,1.94237,1.94293,1149,8,0
2024-02-29 16:45:00,1.94293,1.94316,1.9428100000000001,1.94293,888,8,0
2024-02-29 16:50:00,1.94293,1.94298,1.94266,1.9427699999999999,748,8,0
2024-02-29 16:55:00,1.9427699999999999,1.94282,1.94249,1.94258,717,8,0
2024-02-29 17:00:00,1.94258,1.94264,1.942,1.94234,982,8,0
2024-02-29 17:05:00,1.94234,1.94318,1.94231,1.94314,847,8,0
2024-02-29 17:10:00,1.94314,1.9436900000000001,1.94287,1.9434200000000001,838,8,0
2024-02-29 17:15:00,1.94343,1.94343,1.9427400000000001,1.9428,815,8,0
2024-02-29 17:20:00,1.9428,1.9430100000000001,1.9426700000000001,1.9427400000000001,734,8,0
2024-02-29 17:25:00,1.9427400000000001,1.94309,1.94271,1.9430800000000001,829,8,0
2024-02-29 17:30:00,1.9430800000000001,1.9436,1.94264,1.9435,843,8,0
2024-02-29 17:35:00,1.9435099999999998,1.94361,1.94313,1.9433099999999999,891,8,0
2024-02-29 17:40:00,1.9433,1.94393,1.94316,1.94383,856,8,0
2024-02-29 17:45:00,1.94383,1.94393,1.94346,1.94356,724,8,0
2024-02-29 17:50:00,1.94355,1.94356,1.94292,1.94307,809,8,0
2024-02-29 17:55:00,1.94307,1.94323,1.9427400000000001,1.94279,839,8,0
2024-02-29 18:00:00,1.94279,1.94302,1.9425,1.94261,867,8,0
2024-02-29 18:05:00,1.94261,1.9428,1.9424700000000001,1.94249,595,8,0
2024-02-29 18:10:00,1.94249,1.94262,1.94165,1.9417200000000001,612,8,0
2024-02-29 18:15:00,1.9417200000000001,1.94205,1.9417,1.94201,530,8,0
2024-02-29 18:20:00,1.94201,1.94204,1.9415200000000001,1.9416600000000002,466,8,0
2024-02-29 18:25:00,1.9416600000000002,1.9419499999999998,1.94154,1.94163,620,8,0
2024-02-29 18:30:00,1.94162,1.94165,1.94139,1.9415900000000001,538,8,0
2024-02-29 18:35:00,1.94158,1.94203,1.9414099999999999,1.94184,553,8,0
2024-02-29 18:40:00,1.94184,1.9421300000000001,1.9415900000000001,1.9416099999999998,722,8,0
2024-02-29 18:45:00,1.9416099999999998,1.9416600000000002,1.9413200000000002,1.9415200000000001,692,8,0
2024-02-29 18:50:00,1.9415200000000001,1.9417,1.9413399999999998,1.9416099999999998,662,8,0
2024-02-29 18:55:00,1.9416099999999998,1.9423300000000001,1.9414799999999999,1.94225,735,8,0
2024-02-29 19:00:00,1.94225,1.94238,1.94187,1.94219,729,8,0
2024-02-29 19:05:00,1.94219,1.9426299999999999,1.94215,1.94255,633,8,0
2024-02-29 19:10:00,1.94255,1.94275,1.9424299999999999,1.94257,506,8,0
2024-02-29 19:15:00,1.94257,1.94291,1.94248,1.94284,711,8,0
2024-02-29 19:20:00,1.94284,1.94286,1.9422899999999998,1.9423599999999999,613,8,0
2024-02-29 19:25:00,1.94235,1.94262,1.94226,1.94238,590,8,0
2024-02-29 19:30:00,1.94238,1.94249,1.94196,1.94207,797,8,0
2024-02-29 19:35:00,1.94208,1.9422000000000001,1.94169,1.94181,596,8,0
2024-02-29 19:40:00,1.9417900000000001,1.94212,1.9416099999999998,1.9420199999999999,784,8,0
2024-02-29 19:45:00,1.94201,1.94214,1.94187,1.9419499999999998,752,8,0
2024-02-29 19:50:00,1.9419300000000002,1.94265,1.9419300000000002,1.9426,619,8,0
2024-02-29 19:55:00,1.9426,1.94276,1.9420199999999999,1.94226,827,8,0
2024-02-29 20:00:00,1.94228,1.9423599999999999,1.94196,1.94205,694,8,0
2024-02-29 20:05:00,1.94205,1.9421300000000001,1.9418,1.94188,487,8,0
2024-02-29 20:10:00,1.94188,1.9420899999999999,1.9416799999999999,1.942,599,8,0
2024-02-29 20:15:00,1.942,1.94212,1.94189,1.94199,402,8,0
2024-02-29 20:20:00,1.94199,1.9423300000000001,1.94198,1.94231,462,8,0
2024-02-29 20:25:00,1.94231,1.94239,1.9419499999999998,1.9419499999999998,582,8,0
2024-02-29 20:30:00,1.9419499999999998,1.9425400000000002,1.9419499999999998,1.94246,545,8,0
2024-02-29 20:35:00,1.94246,1.94269,1.94224,1.9424000000000001,462,8,0
2024-02-29 20:40:00,1.9424000000000001,1.94261,1.94221,1.94242,593,8,0
2024-02-29 20:45:00,1.9424299999999999,1.94245,1.9421,1.94224,684,8,0
2024-02-29 20:50:00,1.94224,1.9425599999999998,1.9421599999999999,1.9425,879,8,0
2024-02-29 20:55:00,1.94248,1.94248,1.942,1.94219,882,8,0
2024-02-29 21:00:00,1.94218,1.9428100000000001,1.9421599999999999,1.9428,866,8,0
2024-02-29 21:05:00,1.9428,1.94299,1.94265,1.94269,608,8,0
2024-02-29 21:10:00,1.94269,1.94278,1.94257,1.9426999999999999,259,8,0
2024-02-29 21:15:00,1.9426999999999999,1.94282,1.94269,1.94273,219,8,0
2024-02-29 21:20:00,1.94273,1.9427400000000001,1.94235,1.94239,190,8,0
2024-02-29 21:25:00,1.94239,1.94265,1.94232,1.94259,221,8,0
2024-02-29 21:30:00,1.94259,1.94276,1.94251,1.9426999999999999,203,8,0
2024-02-29 21:35:00,1.9426999999999999,1.9427400000000001,1.94255,1.9426700000000001,258,8,0
2024-02-29 21:40:00,1.9426700000000001,1.9428800000000002,1.9426700000000001,1.9427699999999999,199,8,0
2024-02-29 21:45:00,1.9427699999999999,1.9429400000000001,1.9425599999999998,1.9427400000000001,229,8,0
2024-02-29 21:50:00,1.9427400000000001,1.94312,1.9427400000000001,1.94289,267,8,0
2024-02-29 21:55:00,1.9428999999999998,1.94313,1.94261,1.94261,415,8,0
2024-02-29 22:00:00,1.94245,1.94245,1.93974,1.9413200000000002,31,114,0
2024-02-29 22:05:00,1.9413200000000002,1.94151,1.9413200000000002,1.9413200000000002,24,200,0
2024-02-29 22:10:00,1.94129,1.9416799999999999,1.94096,1.94126,49,149,0
2024-02-29 22:15:00,1.94126,1.94287,1.94126,1.94207,90,47,0
2024-02-29 22:20:00,1.9420899999999999,1.94273,1.94181,1.94234,88,64,0
2024-02-29 22:25:00,1.94234,1.9427699999999999,1.9422899999999998,1.9426299999999999,54,64,0
2024-02-29 22:30:00,1.94272,1.94282,1.94259,1.94271,81,45,0
2024-02-29 22:35:00,1.9427699999999999,1.94286,1.9423300000000001,1.9423599999999999,260,38,0
2024-02-29 22:40:00,1.94235,1.9429400000000001,1.94235,1.94272,306,30,0
2024-02-29 22:45:00,1.94271,1.9429699999999999,1.94231,1.9423599999999999,362,23,0
2024-02-29 22:50:00,1.9423300000000001,1.94275,1.94228,1.94269,251,43,0
2024-02-29 22:55:00,1.94269,1.94329,1.94238,1.94295,382,37,0
2024-02-29 23:00:00,1.94295,1.9434200000000001,1.9427699999999999,1.94287,206,12,0
2024-02-29 23:05:00,1.94287,1.94287,1.94261,1.94265,103,17,0
2024-02-29 23:10:00,1.9426299999999999,1.9426700000000001,1.94214,1.9423,220,11,0
2024-02-29 23:15:00,1.9423,1.9424700000000001,1.94204,1.94237,206,8,0
2024-02-29 23:20:00,1.94237,1.94258,1.9421300000000001,1.94215,302,8,0
2024-02-29 23:25:00,1.94215,1.94228,1.9421,1.94228,209,8,0
2024-02-29 23:30:00,1.94228,1.94322,1.94224,1.9431,308,8,0
2024-02-29 23:35:00,1.9431,1.94323,1.9429400000000001,1.9431,256,8,0
2024-02-29 23:40:00,1.9431,1.9436900000000001,1.94305,1.94326,308,8,0
2024-02-29 23:45:00,1.9432800000000001,1.94332,1.9429400000000001,1.9430100000000001,248,8,0
2024-02-29 23:50:00,1.9430100000000001,1.9431500000000002,1.94286,1.94293,224,8,0
2024-02-29 23:55:00,1.94293,1.9429699999999999,1.9424299999999999,1.9424299999999999,390,8,0
2024-03-01 00:00:00,1.9424299999999999,1.94245,1.9415200000000001,1.94163,541,8,0
2024-03-01 00:05:00,1.9416,1.94178,1.9413200000000002,1.94147,374,8,0
2024-03-01 00:10:00,1.94147,1.94174,1.94138,1.9415499999999999,423,8,0
2024-03-01 00:15:00,1.9415499999999999,1.9416600000000002,1.94138,1.9416,312,8,0
2024-03-01 00:20:00,1.9416,1.94234,1.94144,1.9422700000000002,640,8,0
2024-03-01 00:25:00,1.9422700000000002,1.9425400000000002,1.94211,1.94238,468,8,0
2024-03-01 00:30:00,1.94238,1.9426700000000001,1.94219,1.94248,387,8,0
2024-03-01 00:35:00,1.9425,1.94309,1.9424700000000001,1.94252,415,8,0
2024-03-01 00:40:00,1.94251,1.94255,1.94174,1.9418600000000001,392,8,0
2024-03-01 00:45:00,1.9418600000000001,1.94219,1.94181,1.94191,287,8,0
2024-03-01 00:50:00,1.9419,1.94203,1.94127,1.94129,410,8,0
2024-03-01 00:55:00,1.94127,1.94208,1.94127,1.9418600000000001,475,8,0
2024-03-01 01:00:00,1.9418600000000001,1.94205,1.9415499999999999,1.9420199999999999,674,8,0
2024-03-01 01:05:00,1.9420199999999999,1.9423,1.94187,1.94204,542,8,0
2024-03-01 01:10:00,1.94204,1.94239,1.942,1.9421300000000001,461,8,0
2024-03-01 01:15:00,1.9421300000000001,1.9424000000000001,1.9419,1.94204,510,8,0
2024-03-01 01:20:00,1.94204,1.9431500000000002,1.94197,1.9431500000000002,667,8,0
2024-03-01 01:25:00,1.9431500000000002,1.94316,1.94259,1.94282,402,8,0
2024-03-01 01:30:00,1.9428100000000001,1.94299,1.94165,1.942,922,8,0
2024-03-01 01:35:00,1.942,1.9421599999999999,1.94162,1.94187,653,8,0
2024-03-01 01:40:00,1.94187,1.9424000000000001,1.9418199999999999,1.94215,528,8,0
2024-03-01 01:45:00,1.94215,1.9423300000000001,1.94162,1.94228,678,8,0
2024-03-01 01:50:00,1.94226,1.94259,1.94174,1.94176,683,8,0
2024-03-01 01:55:00,1.94176,1.94198,1.9414,1.9418,736,8,0
2024-03-01 02:00:00,1.9418,1.94223,1.9416799999999999,1.94208,651,8,0
2024-03-01 02:05:00,1.94208,1.94221,1.94158,1.9418,559,8,0
2024-03-01 02:10:00,1.9418,1.94199,1.94126,1.9413,539,8,0
2024-03-01 02:15:00,1.9413,1.94133,1.9409999999999998,1.9412,415,8,0
2024-03-01 02:20:00,1.9412,1.9413,1.94068,1.9407,440,8,0
2024-03-01 02:25:00,1.9407,1.94089,1.94065,1.9407999999999999,382,8,0
2024-03-01 02:30:00,1.9407999999999999,1.94096,1.94049,1.94051,403,8,0
2024-03-01 02:35:00,1.94051,1.94051,1.9400300000000001,1.9403899999999998,411,8,0
2024-03-01 02:40:00,1.9403899999999998,1.9405299999999999,1.94025,1.94052,401,8,0
2024-03-01 02:45:00,1.94052,1.94086,1.94036,1.94055,426,8,0
2024-03-01 02:50:00,1.94055,1.94074,1.9399600000000001,1.94009,438,8,0
2024-03-01 02:55:00,1.94009,1.94041,1.93988,1.94025,483,8,0
2024-03-01 03:00:00,1.94024,1.94028,1.9396499999999999,1.9397,487,8,0
2024-03-01 03:05:00,1.9397,1.9397199999999999,1.93944,1.9395099999999998,405,8,0
2024-03-01 03:10:00,1.9395099999999998,1.93977,1.93947,1.9395799999999999,465,8,0
2024-03-01 03:15:00,1.9395799999999999,1.9398900000000001,1.93956,1.93987,369,8,0
2024-03-01 03:20:00,1.93987,1.94022,1.9398,1.94014,360,8,0
2024-03-01 03:25:00,1.94014,1.9404,1.9397600000000002,1.94016,418,8,0
2024-03-01 03:30:00,1.94016,1.94043,1.94005,1.94009,324,8,0
2024-03-01 03:35:00,1.94009,1.9402599999999999,1.93979,1.93984,332,8,0
2024-03-01 03:40:00,1.9398300000000002,1.9399600000000001,1.9397,1.93974,331,8,0
2024-03-01 03:45:00,1.93974,1.9398,1.93945,1.93979,298,8,0
2024-03-01 03:50:00,1.93979,1.93982,1.93929,1.93937,364,8,0
2024-03-01 03:55:00,1.93937,1.93946,1.9392200000000002,1.93927,262,8,0
2024-03-01 04:00:00,1.93927,1.93982,1.93927,1.93982,208,8,0
2024-03-01 04:05:00,1.93982,1.9401199999999998,1.93968,1.9401199999999998,224,8,0
2024-03-01 04:10:00,1.9401199999999998,1.94018,1.94002,1.94015,199,8,0
2024-03-01 04:15:00,1.94015,1.94015,1.93997,1.94002,194,8,0
2024-03-01 04:20:00,1.94002,1.94015,1.93994,1.94014,216,8,0
2024-03-01 04:25:00,1.94014,1.94015,1.93977,1.9398300000000002,189,8,0
2024-03-01 04:30:00,1.9398300000000002,1.94028,1.93977,1.94015,255,8,0
2024-03-01 04:35:00,1.94015,1.9404,1.94009,1.94038,196,8,0
2024-03-01 04:40:00,1.94038,1.94045,1.94024,1.9403700000000002,231,8,0
2024-03-01 04:45:00,1.9403700000000002,1.9404599999999999,1.94025,1.9404599999999999,178,8,0
2024-03-01 04:50:00,1.9404599999999999,1.94059,1.9402300000000001,1.94034,247,8,0
2024-03-01 04:55:00,1.94034,1.9407,1.9402300000000001,1.94031,356,8,0
2024-03-01 05:00:00,1.94031,1.94032,1.94009,1.94021,321,8,0
2024-03-01 05:05:00,1.94021,1.94048,1.94017,1.9403899999999998,375,8,0
2024-03-01 05:10:00,1.9403899999999998,1.94069,1.94036,1.94067,333,8,0
2024-03-01 05:15:00,1.94067,1.94078,1.94048,1.94055,358,8,0
2024-03-01 05:20:00,1.94055,1.94056,1.94014,1.94018,350,8,0
2024-03-01 05:25:00,1.94018,1.94025,1.93998,1.94002,279,8,0
2024-03-01 05:30:00,1.94002,1.94017,1.9397600000000002,1.9399,360,8,0
2024-03-01 05:35:00,1.9398900000000001,1.94011,1.9398499999999999,1.9398900000000001,360,8,0
2024-03-01 05:40:00,1.93991,1.9401899999999999,1.9397600000000002,1.94007,325,8,0
2024-03-01 05:45:00,1.94007,1.94009,1.9397,1.93988,367,8,0
2024-03-01 05:50:00,1.93988,1.93995,1.93966,1.93974,400,8,0
2024-03-01 05:55:00,1.93974,1.93982,1.93954,1.93975,310,8,0
2024-03-01 06:00:00,1.93974,1.93979,1.9392399999999999,1.93932,363,8,0
2024-03-01 06:05:00,1.93932,1.9393500000000001,1.93898,1.9392399999999999,285,8,0
2024-03-01 06:10:00,1.9392399999999999,1.9393799999999999,1.93887,1.93887,239,8,0
2024-03-01 06:15:00,1.93887,1.9390399999999999,1.9386700000000001,1.9390399999999999,230,8,0
2024-03-01 06:20:00,1.9390399999999999,1.93926,1.9388,1.93885,247,8,0
2024-03-01 06:25:00,1.93883,1.93934,1.93873,1.93918,206,8,0
2024-03-01 06:30:00,1.9392,1.93952,1.9391699999999998,1.93952,294,8,0
2024-03-01 06:35:00,1.93952,1.93995,1.93933,1.9397799999999998,343,8,0
2024-03-01 06:40:00,1.9397799999999998,1.93998,1.9396900000000001,1.93994,319,8,0
2024-03-01 06:45:00,1.93994,1.94011,1.9397,1.94008,376,8,0
2024-03-01 06:50:00,1.94008,1.9404599999999999,1.9397799999999998,1.9397799999999998,427,8,0
2024-03-01 06:55:00,1.9397799999999998,1.94034,1.93968,1.9397600000000002,392,8,0
2024-03-01 07:00:00,1.93975,1.94006,1.93954,1.9399899999999999,729,8,0
2024-03-01 07:05:00,1.94,1.9402300000000001,1.93932,1.9401000000000002,778,8,0
2024-03-01 07:10:00,1.9401199999999998,1.9404599999999999,1.94,1.94015,533,8,0
2024-03-01 07:15:00,1.94015,1.94041,1.93997,1.94031,454,8,0
2024-03-01 07:20:00,1.94031,1.9409399999999999,1.94016,1.94082,529,8,0
2024-03-01 07:25:00,1.94082,1.9408699999999999,1.94036,1.94086,259,8,0
2024-03-01 07:30:00,1.94086,1.9412500000000001,1.94081,1.94093,477,8,0
2024-03-01 07:35:00,1.94093,1.94127,1.9409100000000001,1.9411800000000001,598,8,0
2024-03-01 07:40:00,1.94119,1.94127,1.94093,1.9409800000000001,587,8,0
2024-03-01 07:45:00,1.9409800000000001,1.94117,1.94075,1.9411399999999999,441,8,0
2024-03-01 07:50:00,1.9411399999999999,1.94234,1.9411399999999999,1.94205,517,8,0
2024-03-01 07:55:00,1.94205,1.94262,1.94204,1.94252,502,8,0
2024-03-01 08:00:00,1.94252,1.9426700000000001,1.94215,1.94251,1057,8,0
2024-03-01 08:05:00,1.94251,1.94337,1.94238,1.9432800000000001,989,8,0
2024-03-01 08:10:00,1.9432800000000001,1.94424,1.94327,1.94424,957,8,0
2024-03-01 08:15:00,1.94424,1.94442,1.94368,1.94433,692,8,0
2024-03-01 08:20:00,1.94433,1.94469,1.94421,1.94422,712,8,0
2024-03-01 08:25:00,1.94422,1.94482,1.9442,1.94459,540,8,0
2024-03-01 08:30:00,1.94459,1.94512,1.94458,1.94477,675,8,0
2024-03-01 08:35:00,1.94477,1.9452500000000001,1.94474,1.94505,750,8,0
2024-03-01 08:40:00,1.94505,1.94547,1.94481,1.94537,683,8,0
2024-03-01 08:45:00,1.94537,1.94614,1.94523,1.94598,648,8,0
2024-03-01 08:50:00,1.94598,1.9464000000000001,1.94581,1.9458199999999999,868,8,0
2024-03-01 08:55:00,1.94583,1.94592,1.94543,1.94555,809,8,0
2024-03-01 09:00:00,1.94555,1.94604,1.9451800000000001,1.94562,1009,8,0
2024-03-01 09:05:00,1.9456099999999998,1.94563,1.9443000000000001,1.9443899999999998,1090,8,0
2024-03-01 09:10:00,1.94438,1.94472,1.94391,1.94468,1021,8,0
2024-03-01 09:15:00,1.94468,1.94479,1.94363,1.9437600000000002,976,8,0
2024-03-01 09:20:00,1.9437600000000002,1.9438,1.94303,1.94337,918,8,0
2024-03-01 09:25:00,1.94337,1.9433799999999999,1.94282,1.94313,582,8,0
2024-03-01 09:30:00,1.94313,1.94345,1.94296,1.94313,722,8,0
2024-03-01 09:35:00,1.94313,1.9431699999999998,1.94249,1.94289,704,8,0
2024-03-01 09:40:00,1.9428800000000002,1.9430399999999999,1.94252,1.94279,785,8,0
2024-03-01 09:45:00,1.94279,1.94307,1.94252,1.94255,855,8,0
2024-03-01 09:50:00,1.94255,1.9428100000000001,1.9423,1.94265,570,8,0
2024-03-01 09:55:00,1.94265,1.94333,1.9426,1.94286,612,8,0
2024-03-01 10:00:00,1.94286,1.9432399999999999,1.94232,1.94238,1154,8,0
2024-03-01 10:05:00,1.94239,1.94244,1.9415200000000001,1.9415200000000001,1143,8,0
2024-03-01 10:10:00,1.94153,1.94169,1.94088,1.94127,1041,8,0
2024-03-01 10:15:00,1.94127,1.9413399999999998,1.94059,1.94066,1052,8,0
2024-03-01 10:20:00,1.94066,1.94142,1.94038,1.94077,1103,8,0
2024-03-01 10:25:00,1.94076,1.9412500000000001,1.94056,1.9411800000000001,1001,8,0
2024-03-01 10:30:00,1.9411800000000001,1.94119,1.94065,1.94065,694,8,0
2024-03-01 10:35:00,1.94065,1.9409,1.94035,1.94066,820,8,0
2024-03-01 10:40:00,1.94066,1.94149,1.94059,1.9414799999999999,831,8,0
2024-03-01 10:45:00,1.9414799999999999,1.94214,1.9414,1.9419300000000002,761,8,0
2024-03-01 10:50:00,1.9419300000000002,1.9420199999999999,1.94115,1.94146,732,8,0
2024-03-01 10:55:00,1.94146,1.9415499999999999,1.94112,1.9414799999999999,690,8,0
2024-03-01 11:00:00,1.9414799999999999,1.94196,1.94131,1.9419300000000002,763,8,0
2024-03-01 11:05:00,1.9419300000000002,1.94231,1.94167,1.94224,706,8,0
2024-03-01 11:10:00,1.94224,1.9422700000000002,1.94167,1.94187,718,8,0
2024-03-01 11:15:00,1.94187,1.94285,1.94185,1.94285,626,8,0
2024-03-01 11:20:00,1.94285,1.9430800000000001,1.9427699999999999,1.9428299999999998,663,8,0
2024-03-01 11:25:00,1.9428299999999998,1.9429699999999999,1.94249,1.9427699999999999,471,8,0
2024-03-01 11:30:00,1.9427699999999999,1.94298,1.94262,1.9428999999999998,717,8,0
2024-03-01 11:35:00,1.9428999999999998,1.9431500000000002,1.94275,1.94292,764,8,0
2024-03-01 11:40:00,1.94291,1.94296,1.94246,1.9425599999999998,713,8,0
2024-03-01 11:45:00,1.9425599999999998,1.94273,1.9423300000000001,1.94262,610,8,0
2024-03-01 11:50:00,1.94262,1.94287,1.9424700000000001,1.94261,665,8,0
2024-03-01 11:55:00,1.94261,1.9430800000000001,1.94249,1.9426999999999999,717,8,0
2024-03-01 12:00:00,1.9426999999999999,1.94319,1.94255,1.94271,746,8,0
2024-03-01 12:05:00,1.94271,1.94305,1.94255,1.94305,666,8,0
2024-03-01 12:10:00,1.94305,1.9433099999999999,1.9429699999999999,1.9431699999999998,676,8,0
2024-03-01 12:15:00,1.9431699999999998,1.94334,1.9423300000000001,1.94313,655,8,0
2024-03-01 12:20:00,1.94313,1.94333,1.94275,1.94298,544,8,0
2024-03-01 12:25:00,1.94298,1.94321,1.94278,1.94287,576,8,0
2024-03-01 12:30:00,1.94287,1.9429400000000001,1.94268,1.94272,528,8,0
2024-03-01 12:35:00,1.94275,1.94318,1.94268,1.9427699999999999,603,8,0
2024-03-01 12:40:00,1.9427699999999999,1.9433799999999999,1.94276,1.9430800000000001,634,8,0
2024-03-01 12:45:00,1.9430800000000001,1.94348,1.94299,1.9434200000000001,663,8,0
2024-03-01 12:50:00,1.9434200000000001,1.94382,1.9428100000000001,1.94286,677,8,0
2024-03-01 12:55:00,1.94286,1.94305,1.9425,1.94305,765,8,0
2024-03-01 13:00:00,1.9431,1.9439199999999999,1.9428999999999998,1.9436,1237,8,0
2024-03-01 13:05:00,1.9436,1.94398,1.94357,1.9438,960,8,0
2024-03-01 13:10:00,1.94381,1.9441199999999998,1.9435099999999998,1.94406,948,8,0
2024-03-01 13:15:00,1.94406,1.94409,1.94289,1.94302,1000,8,0
2024-03-01 13:20:00,1.94302,1.9437600000000002,1.9430100000000001,1.94361,1098,8,0
2024-03-01 13:25:00,1.9436,1.94444,1.94357,1.94435,1087,8,0
2024-03-01 13:30:00,1.94435,1.94454,1.94387,1.94413,921,8,0
2024-03-01 13:35:00,1.94413,1.9449100000000001,1.94375,1.94465,1719,8,0
2024-03-01 13:40:00,1.94465,1.94501,1.94432,1.9445000000000001,1183,8,0
2024-03-01 13:45:00,1.9445000000000001,1.94477,1.94394,1.94394,973,8,0
2024-03-01 13:50:00,1.9439199999999999,1.94417,1.9436,1.94382,1010,8,0
2024-03-01 13:55:00,1.94382,1.94408,1.94353,1.9436200000000001,1176,8,0
2024-03-01 14:00:00,1.9436200000000001,1.94394,1.94334,1.94357,1375,8,0
2024-03-01 14:05:00,1.94357,1.94416,1.94353,1.94383,1093,8,0
2024-03-01 14:10:00,1.94383,1.94384,1.94306,1.94356,1233,8,0
2024-03-01 14:15:00,1.94355,1.94368,1.9429699999999999,1.94326,772,8,0
2024-03-01 14:20:00,1.94326,1.94329,1.94215,1.94218,932,8,0
2024-03-01 14:25:00,1.94218,1.94224,1.94138,1.94139,831,8,0
2024-03-01 14:30:00,1.94139,1.94241,1.94139,1.94224,1451,8,0
2024-03-01 14:35:00,1.94225,1.94268,1.9421300000000001,1.94234,1466,8,0
2024-03-01 14:40:00,1.9423300000000001,1.94245,1.9414500000000001,1.94167,1068,8,0
2024-03-01 14:45:00,1.94171,1.9422899999999998,1.94136,1.94225,2004,8,0
2024-03-01 14:50:00,1.94224,1.94249,1.94153,1.94156,1688,8,0
2024-03-01 14:55:00,1.94156,1.9417,1.94052,1.9405999999999999,934,8,0
2024-03-01 15:00:00,1.9405999999999999,1.9405999999999999,1.9379,1.93858,2430,8,0
2024-03-01 15:05:00,1.93858,1.93864,1.9370500000000002,1.93715,2366,8,0
2024-03-01 15:10:00,1.93717,1.93733,1.93681,1.9372,2135,8,0
2024-03-01 15:15:00,1.9372,1.9375,1.93682,1.93739,1762,8,0
2024-03-01 15:20:00,1.93739,1.93756,1.93686,1.93697,1746,8,0
2024-03-01 15:25:00,1.93697,1.9377900000000001,1.93676,1.9372500000000001,1539,8,0
2024-03-01 15:30:00,1.9372500000000001,1.93772,1.93706,1.93747,1919,8,0
2024-03-01 15:35:00,1.93747,1.93761,1.9367299999999998,1.9373200000000002,1620,8,0
2024-03-01 15:40:00,1.9373200000000002,1.9375900000000001,1.93709,1.9374500000000001,1484,8,0
2024-03-01 15:45:00,1.93747,1.93812,1.9373,1.93771,1544,8,0
2024-03-01 15:50:00,1.93771,1.93822,1.93762,1.93796,1360,8,0
2024-03-01 15:55:00,1.93796,1.9380600000000001,1.9367299999999998,1.93689,1977,8,0
2024-03-01 16:00:00,1.9368699999999999,1.93733,1.9365700000000001,1.93733,1780,8,0
2024-03-01 16:05:00,1.93733,1.9374099999999999,1.93651,1.93665,1286,8,0
2024-03-01 16:10:00,1.93665,1.9369800000000001,1.9363299999999999,1.93647,1160,8,0
2024-03-01 16:15:00,1.9364599999999998,1.93666,1.93606,1.9366400000000001,986,8,0
2024-03-01 16:20:00,1.9366400000000001,1.93678,1.93618,1.9366400000000001,1169,8,0
2024-03-01 16:25:00,1.9366400000000001,1.93692,1.9361899999999999,1.93658,1032,8,0
2024-03-01 16:30:00,1.93658,1.9371,1.93642,1.93697,1140,8,0
2024-03-01 16:35:00,1.9369800000000001,1.93727,1.93679,1.93692,1232,8,0
2024-03-01 16:40:00,1.93692,1.93747,1.9367299999999998,1.9374,1216,8,0
2024-03-01 16:45:00,1.9374,1.93769,1.9372,1.93753,823,8,0
2024-03-01 16:50:00,1.93753,1.93791,1.93747,1.93774,904,8,0
2024-03-01 16:55:00,1.93774,1.93807,1.93757,1.93776,1050,8,0
2024-03-01 17:00:00,1.93776,1.93799,1.93736,1.9376799999999998,1015,8,0
2024-03-01 17:05:00,1.9376799999999998,1.93787,1.93747,1.93773,880,8,0
2024-03-01 17:10:00,1.93773,1.9378,1.9371,1.93733,905,8,0
2024-03-01 17:15:00,1.93733,1.9374799999999999,1.93716,1.9373,1111,8,0
2024-03-01 17:20:00,1.9373,1.93754,1.93719,1.93735,816,8,0
2024-03-01 17:25:00,1.9373399999999998,1.9375900000000001,1.93704,1.9375,703,8,0
2024-03-01 17:30:00,1.93751,1.93801,1.93744,1.9379499999999998,797,8,0
2024-03-01 17:35:00,1.9379499999999998,1.93837,1.93778,1.93826,549,8,0
2024-03-01 17:40:00,1.93825,1.93839,1.938,1.9382000000000001,587,8,0
2024-03-01 17:45:00,1.9382000000000001,1.93822,1.93772,1.93774,685,8,0
2024-03-01 17:50:00,1.93774,1.93792,1.93767,1.93774,625,8,0
2024-03-01 17:55:00,1.93774,1.9381,1.9376600000000002,1.93803,548,8,0
2024-03-01 18:00:00,1.93803,1.9386299999999999,1.9379499999999998,1.9386,561,8,0
2024-03-01 18:05:00,1.9386,1.93872,1.93832,1.93841,763,8,0
2024-03-01 18:10:00,1.93842,1.93893,1.93825,1.93878,702,8,0
2024-03-01 18:15:00,1.93878,1.93898,1.93862,1.9388100000000001,729,8,0
2024-03-01 18:20:00,1.9388100000000001,1.93902,1.9387699999999999,1.93894,620,8,0
2024-03-01 18:25:00,1.93891,1.9389699999999999,1.93871,1.93889,748,8,0
2024-03-01 18:30:00,1.93889,1.93899,1.93864,1.93878,687,8,0
2024-03-01 18:35:00,1.93878,1.93885,1.93846,1.93859,763,8,0
2024-03-01 18:40:00,1.93859,1.93865,1.93812,1.9382700000000002,744,8,0
2024-03-01 18:45:00,1.9382700000000002,1.93846,1.93803,1.93837,667,8,0
2024-03-01 18:50:00,1.93837,1.93859,1.9381300000000001,1.93814,573,8,0
2024-03-01 18:55:00,1.93814,1.9382899999999998,1.9378600000000001,1.93817,685,8,0
2024-03-01 19:00:00,1.93817,1.9383,1.9379499999999998,1.93808,697,8,0
2024-03-01 19:05:00,1.93808,1.93825,1.93796,1.9380199999999999,585,8,0
2024-03-01 19:10:00,1.9380199999999999,1.93835,1.9379499999999998,1.93832,567,8,0
2024-03-01 19:15:00,1.93832,1.93842,1.93811,1.93833,628,8,0
2024-03-01 19:20:00,1.93833,1.93852,1.93824,1.93837,758,8,0
2024-03-01 19:25:00,1.93838,1.93842,1.9381599999999999,1.9382000000000001,801,8,0
2024-03-01 19:30:00,1.93819,1.9386299999999999,1.93818,1.93837,700,8,0
2024-03-01 19:35:00,1.9383599999999999,1.93857,1.93831,1.9384700000000001,744,8,0
2024-03-01 19:40:00,1.9384700000000001,1.93849,1.9381599999999999,1.93819,699,8,0
2024-03-01 19:45:00,1.93819,1.9384700000000001,1.9381300000000001,1.93845,415,8,0
2024-03-01 19:50:00,1.93845,1.9388999999999998,1.93833,1.93887,463,8,0
2024-03-01 19:55:00,1.93887,1.9391,1.9387699999999999,1.93885,660,8,0
2024-03-01 20:00:00,1.93884,1.93899,1.93862,1.93871,577,8,0
2024-03-01 20:05:00,1.93871,1.93883,1.93852,1.93858,536,8,0
2024-03-01 20:10:00,1.93858,1.9388800000000002,1.9385400000000002,1.9386999999999999,397,8,0
2024-03-01 20:15:00,1.9386999999999999,1.93886,1.93855,1.9385599999999998,492,8,0
2024-03-01 20:20:00,1.9385599999999998,1.9386,1.93832,1.93851,582,8,0
2024-03-01 20:25:00,1.93851,1.93853,1.93837,1.93851,274,8,0
2024-03-01 20:30:00,1.93851,1.93872,1.93834,1.93851,544,8,0
2024-03-01 20:35:00,1.93852,1.93868,1.93845,1.93849,428,8,0
2024-03-01 20:40:00,1.93849,1.93852,1.93808,1.9381599999999999,433,8,0
2024-03-01 20:45:00,1.9381599999999999,1.93831,1.93815,1.93821,388,8,0
2024-03-01 20:50:00,1.93821,1.93825,1.9381,1.93814,380,8,0
2024-03-01 20:55:00,1.93814,1.9383599999999999,1.93792,1.93812,636,8,0
2024-03-01 21:00:00,1.93812,1.93825,1.9377900000000001,1.93807,319,8,0
2024-03-01 21:05:00,1.93807,1.93823,1.938,1.93823,237,8,0
2024-03-01 21:10:00,1.93823,1.9384000000000001,1.93821,1.93839,105,8,0
2024-03-01 21:15:00,1.93839,1.93846,1.9382899999999998,1.93837,282,8,0
2024-03-01 21:20:00,1.93837,1.93946,1.93835,1.93941,289,8,0
2024-03-01 21:25:00,1.93941,1.93957,1.93926,1.9393500000000001,276,8,0
2024-03-01 21:30:00,1.9393500000000001,1.93936,1.93923,1.9392800000000001,152,8,0
2024-03-01 21:35:00,1.93925,1.93926,1.93907,1.93911,122,8,0
2024-03-01 21:40:00,1.93911,1.9392,1.93875,1.93905,282,8,0
2024-03-01 21:45:00,1.93905,1.9390800000000001,1.93868,1.93875,161,8,0
2024-03-01 21:50:00,1.93875,1.9391500000000002,1.93873,1.93914,282,13,0
2024-03-03 22:05:00,1.93672,1.93763,1.9367100000000002,1.93761,30,155,0
2024-03-03 22:10:00,1.93761,1.93805,1.93737,1.93737,74,95,0
2024-03-03 22:15:00,1.9376,1.93818,1.93749,1.9377499999999999,65,95,0
2024-03-03 22:20:00,1.9377499999999999,1.9384000000000001,1.93767,1.93772,76,78,0
2024-03-03 22:25:00,1.93772,1.93797,1.93751,1.9375200000000001,49,104,0
2024-03-03 22:30:00,1.9375200000000001,1.93815,1.9375200000000001,1.9380199999999999,66,88,0
2024-03-03 22:35:00,1.9380199999999999,1.93866,1.93801,1.9385,85,52,0
2024-03-03 22:40:00,1.9385,1.9385599999999998,1.9381300000000001,1.93839,65,48,0
2024-03-03 22:45:00,1.93839,1.93884,1.93838,1.93884,60,52,0
2024-03-03 22:50:00,1.93884,1.9395,1.9386100000000002,1.9393,260,28,0
2024-03-03 22:55:00,1.9393,1.94011,1.9385,1.9392399999999999,257,44,0
2024-03-03 23:00:00,1.9392399999999999,1.93929,1.93825,1.93865,288,8,0
2024-03-03 23:05:00,1.93862,1.93916,1.9386,1.9388800000000002,310,10,0
2024-03-03 23:10:00,1.93886,1.9391,1.93875,1.93887,126,15,0
2024-03-03 23:15:00,1.93887,1.93906,1.9387400000000001,1.93899,217,8,0
2024-03-03 23:20:00,1.9390100000000001,1.93957,1.939,1.93941,269,8,0
2024-03-03 23:25:00,1.93941,1.9396900000000001,1.9391699999999998,1.93926,534,8,0
2024-03-03 23:30:00,1.9392800000000001,1.93954,1.93914,1.93934,451,8,0
2024-03-03 23:35:00,1.93934,1.93959,1.9392,1.93955,531,8,0
2024-03-03 23:40:00,1.93955,1.9397600000000002,1.9394,1.9396499999999999,302,8,0
2024-03-03 23:45:00,1.9396499999999999,1.9396499999999999,1.9393799999999999,1.93948,289,8,0
2024-03-03 23:50:00,1.93948,1.9396,1.9393799999999999,1.93943,234,8,0
2024-03-03 23:55:00,1.93943,1.93963,1.93934,1.93956,379,8,0
2024-03-04 00:00:00,1.93956,1.9398499999999999,1.93943,1.9398,603,8,0
2024-03-04 00:05:00,1.93981,1.9398900000000001,1.93933,1.9393500000000001,500,8,0
2024-03-04 00:10:00,1.9393500000000001,1.9395099999999998,1.93911,1.9392,323,8,0
2024-03-04 00:15:00,1.9392,1.9392,1.9388,1.93885,542,8,0
2024-03-04 00:20:00,1.93885,1.93886,1.938,1.9380199999999999,563,8,0
2024-03-04 00:25:00,1.9380199999999999,1.9386299999999999,1.93798,1.93848,405,8,0
2024-03-04 00:30:00,1.9384700000000001,1.93866,1.93804,1.93819,480,8,0
2024-03-04 00:35:00,1.9382000000000001,1.93833,1.9378199999999999,1.93799,334,8,0
2024-03-04 00:40:00,1.93794,1.93825,1.93794,1.9382000000000001,382,8,0
2024-03-04 00:45:00,1.93821,1.93837,1.93796,1.93834,415,8,0
2024-03-04 00:50:00,1.93834,1.93885,1.93828,1.93866,525,8,0
2024-03-04 00:55:00,1.9386700000000001,1.9393799999999999,1.93858,1.93926,494,8,0
2024-03-04 01:00:00,1.93926,1.93957,1.93916,1.93955,521,8,0
2024-03-04 01:05:00,1.93955,1.94032,1.93943,1.94018,546,8,0
2024-03-04 01:10:00,1.94018,1.94047,1.94017,1.94031,451,8,0
2024-03-04 01:15:00,1.94031,1.94041,1.9396900000000001,1.94006,538,8,0
2024-03-04 01:20:00,1.94005,1.94005,1.93953,1.9399199999999999,551,8,0
2024-03-04 01:25:00,1.9399199999999999,1.94017,1.93945,1.93955,524,8,0
2024-03-04 01:30:00,1.93955,1.9403299999999999,1.9393799999999999,1.9399,801,8,0
2024-03-04 01:35:00,1.9399,1.94024,1.93956,1.94004,693,8,0
2024-03-04 01:40:00,1.94004,1.94024,1.9398499999999999,1.9401899999999999,553,8,0
2024-03-04 01:45:00,1.9401899999999999,1.94031,1.93993,1.9399600000000001,540,8,0
2024-03-04 01:50:00,1.93993,1.94101,1.93993,1.94097,464,8,0
2024-03-04 01:55:00,1.94096,1.94103,1.94066,1.94083,478,8,0
2024-03-04 02:00:00,1.94083,1.94115,1.94068,1.94074,408,8,0
2024-03-04 02:05:00,1.94074,1.94135,1.94074,1.94129,516,8,0
2024-03-04 02:10:00,1.94129,1.94139,1.94075,1.94137,629,8,0
2024-03-04 02:15:00,1.94137,1.9416799999999999,1.94112,1.94112,388,8,0
2024-03-04 02:20:00,1.9411399999999999,1.9413399999999998,1.9410699999999999,1.94119,351,8,0
2024-03-04 02:25:00,1.94119,1.94142,1.9410500000000002,1.94119,334,8,0
2024-03-04 02:30:00,1.94119,1.9415,1.94106,1.94139,431,8,0
2024-03-04 02:35:00,1.94139,1.94151,1.94095,1.94104,473,8,0
2024-03-04 02:40:00,1.94104,1.9412099999999999,1.94069,1.94072,471,8,0
2024-03-04 02:45:00,1.9407100000000002,1.94074,1.93975,1.93987,504,8,0
2024-03-04 02:50:00,1.93987,1.9405000000000001,1.9398499999999999,1.94043,417,8,0
2024-03-04 02:55:00,1.94043,1.94051,1.94014,1.94041,319,8,0
2024-03-04 03:00:00,1.9404,1.94066,1.94035,1.94048,376,8,0
2024-03-04 03:05:00,1.94048,1.9407100000000002,1.9403899999999998,1.94058,429,8,0
2024-03-04 03:10:00,1.94058,1.94099,1.94052,1.9407100000000002,459,8,0
2024-03-04 03:15:00,1.9407100000000002,1.9407999999999999,1.94059,1.9407299999999998,318,8,0
2024-03-04 03:20:00,1.9407299999999998,1.94097,1.94058,1.9409,375,8,0
2024-03-04 03:25:00,1.94089,1.94104,1.94036,1.94038,292,8,0
2024-03-04 03:30:00,1.94038,1.94096,1.94038,1.94093,384,8,0
2024-03-04 03:35:00,1.94093,1.9414,1.94081,1.94129,321,8,0
2024-03-04 03:40:00,1.94129,1.9414,1.9411399999999999,1.94123,334,8,0
2024-03-04 03:45:00,1.94122,1.94138,1.94097,1.94126,240,8,0
2024-03-04 03:50:00,1.94126,1.9416099999999998,1.94126,1.94149,225,8,0
2024-03-04 03:55:00,1.94149,1.94165,1.94144,1.9415900000000001,169,8,0
2024-03-04 04:00:00,1.9415900000000001,1.94188,1.94158,1.94184,250,8,0
2024-03-04 04:05:00,1.94184,1.94208,1.94178,1.94199,168,8,0
2024-03-04 04:10:00,1.94199,1.94226,1.94194,1.94217,169,8,0
2024-03-04 04:15:00,1.94217,1.94231,1.9420899999999999,1.94224,209,8,0
2024-03-04 04:20:00,1.94224,1.94228,1.9419499999999998,1.942,178,8,0
2024-03-04 04:25:00,1.942,1.94231,1.9419499999999998,1.9423,179,8,0
2024-03-04 04:30:00,1.9423,1.9425599999999998,1.9423,1.9423599999999999,136,8,0
2024-03-04 04:35:00,1.9423599999999999,1.94269,1.94221,1.9422899999999998,208,8,0
2024-03-04 04:40:00,1.9422899999999998,1.9424700000000001,1.94212,1.94218,206,8,0
2024-03-04 04:45:00,1.94218,1.94234,1.94198,1.94224,211,8,0
2024-03-04 04:50:00,1.94224,1.9425599999999998,1.94211,1.94252,277,8,0
2024-03-04 04:55:00,1.94252,1.94265,1.94226,1.94226,365,8,0
2024-03-04 05:00:00,1.94226,1.9424000000000001,1.94219,1.94228,331,8,0
2024-03-04 05:05:00,1.9422700000000002,1.94292,1.9422700000000002,1.9427699999999999,218,8,0
2024-03-04 05:10:00,1.9427699999999999,1.94305,1.94268,1.94298,254,8,0
2024-03-04 05:15:00,1.9429699999999999,1.94327,1.9429699999999999,1.9431500000000002,228,8,0
2024-03-04 05:20:00,1.9431500000000002,1.94316,1.94286,1.9431500000000002,220,8,0
2024-03-04 05:25:00,1.9431500000000002,1.9431500000000002,1.94266,1.9426999999999999,248,8,0
2024-03-04 05:30:00,1.94271,1.94282,1.94238,1.94266,352,8,0
2024-03-04 05:35:00,1.94266,1.94287,1.9425599999999998,1.9427400000000001,316,8,0
2024-03-04 05:40:00,1.9427400000000001,1.9429400000000001,1.94252,1.9428999999999998,259,8,0
2024-03-04 05:45:00,1.94291,1.94307,1.94282,1.9428299999999998,249,8,0
2024-03-04 05:50:00,1.9428299999999998,1.94318,1.94278,1.94318,246,8,0
2024-03-04 05:55:00,1.94318,1.9433,1.94282,1.9430100000000001,358,8,0
2024-03-04 06:00:00,1.9430100000000001,1.94311,1.9423,1.94285,295,8,0
2024-03-04 06:05:00,1.94285,1.94321,1.94279,1.94291,263,8,0
2024-03-04 06:10:00,1.94295,1.9430100000000001,1.94269,1.94271,278,8,0
2024-03-04 06:15:00,1.94271,1.94296,1.9426999999999999,1.9428299999999998,293,8,0
2024-03-04 06:20:00,1.9428299999999998,1.9430399999999999,1.94279,1.94293,397,8,0
2024-03-04 06:25:00,1.94293,1.94293,1.9423599999999999,1.94244,567,8,0
2024-03-04 06:30:00,1.94244,1.9425599999999998,1.94188,1.94191,527,8,0
2024-03-04 06:35:00,1.94191,1.94191,1.94156,1.94174,617,8,0
2024-03-04 06:40:00,1.94174,1.94189,1.9414099999999999,1.94187,494,8,0
2024-03-04 06:45:00,1.94187,1.94191,1.94156,1.9416099999999998,467,8,0
2024-03-04 06:50:00,1.9416099999999998,1.94162,1.9407299999999998,1.94097,502,8,0
2024-03-04 06:55:00,1.94097,1.94127,1.94076,1.94109,460,8,0
2024-03-04 07:00:00,1.94109,1.94174,1.94082,1.9416799999999999,869,8,0
2024-03-04 07:05:00,1.9416799999999999,1.94181,1.94144,1.94164,682,8,0
2024-03-04 07:10:00,1.94164,1.94189,1.9414500000000001,1.9418600000000001,580,8,0
2024-03-04 07:15:00,1.94187,1.94292,1.94187,1.94282,454,8,0
2024-03-04 07:20:00,1.94282,1.9431,1.9423300000000001,1.94251,405,8,0
2024-03-04 07:25:00,1.94251,1.9425599999999998,1.94208,1.94208,254,8,0
2024-03-04 07:30:00,1.94208,1.9428800000000002,1.94203,1.9426999999999999,576,8,0
2024-03-04 07:35:00,1.9426999999999999,1.94306,1.94257,1.94282,696,8,0
2024-03-04 07:40:00,1.9428299999999998,1.94309,1.94258,1.94258,838,8,0
2024-03-04 07:45:00,1.94258,1.9428800000000002,1.94244,1.94268,801,8,0
2024-03-04 07:50:00,1.94268,1.943,1.9425,1.94275,566,8,0
2024-03-04 07:55:00,1.94275,1.94292,1.94252,1.94286,735,8,0
2024-03-04 08:00:00,1.9428299999999998,1.94306,1.94252,1.94268,866,8,0
2024-03-04 08:05:00,1.94268,1.9430800000000001,1.9426,1.94273,612,8,0
2024-03-04 08:10:00,1.94275,1.94279,1.94214,1.94215,690,8,0
2024-03-04 08:15:00,1.94215,1.94312,1.94198,1.9426700000000001,679,8,0
2024-03-04 08:20:00,1.9426700000000001,1.9426999999999999,1.94197,1.94234,565,8,0
2024-03-04 08:25:00,1.94237,1.94303,1.94226,1.94289,835,8,0
2024-03-04 08:30:00,1.94289,1.94319,1.94265,1.94279,713,8,0
2024-03-04 08:35:00,1.94278,1.94359,1.94278,1.9434900000000002,610,8,0
2024-03-04 08:40:00,1.9434900000000002,1.9438,1.94348,1.9436,533,8,0
2024-03-04 08:45:00,1.9436,1.94418,1.94348,1.94404,673,8,0
2024-03-04 08:50:00,1.94406,1.94454,1.94386,1.94435,465,8,0
2024-03-04 08:55:00,1.94435,1.9446400000000001,1.94432,1.94436,662,8,0
2024-03-04 09:00:00,1.94436,1.9445700000000001,1.9436200000000001,1.94375,590,8,0
2024-03-04 09:05:00,1.94375,1.94386,1.9433500000000001,1.94343,589,8,0
2024-03-04 09:10:00,1.94343,1.94381,1.9428,1.94293,603,8,0
2024-03-04 09:15:00,1.94293,1.94303,1.94253,1.94253,661,8,0
2024-03-04 09:20:00,1.94253,1.9432,1.9424700000000001,1.94318,505,8,0
2024-03-04 09:25:00,1.94318,1.9435,1.94299,1.94323,565,8,0
2024-03-04 09:30:00,1.94323,1.94347,1.94265,1.94269,768,8,0
2024-03-04 09:35:00,1.94269,1.94319,1.9426700000000001,1.94303,699,8,0
2024-03-04 09:40:00,1.94303,1.94303,1.9424299999999999,1.9427699999999999,837,8,0
2024-03-04 09:45:00,1.94276,1.9432399999999999,1.94269,1.94322,642,8,0
2024-03-04 09:50:00,1.94322,1.9432800000000001,1.9429400000000001,1.94306,513,8,0
2024-03-04 09:55:00,1.94306,1.94346,1.94305,1.94341,574,8,0
2024-03-04 10:00:00,1.9434200000000001,1.94395,1.9434200000000001,1.94373,512,8,0
2024-03-04 10:05:00,1.94373,1.94382,1.9429400000000001,1.94329,653,8,0
2024-03-04 10:10:00,1.9432800000000001,1.9432800000000001,1.94296,1.94305,680,8,0
2024-03-04 10:15:00,1.94305,1.94333,1.9429699999999999,1.94326,647,8,0
2024-03-04 10:20:00,1.94326,1.9436200000000001,1.94305,1.9432800000000001,447,8,0
2024-03-04 10:25:00,1.94325,1.9436900000000001,1.94318,1.94366,399,8,0
2024-03-04 10:30:00,1.94366,1.94411,1.9433500000000001,1.94353,668,8,0
2024-03-04 10:35:00,1.94353,1.9436499999999999,1.94332,1.94355,697,8,0
2024-03-04 10:40:00,1.94355,1.94394,1.9432800000000001,1.9438,676,8,0
2024-03-04 10:45:00,1.94381,1.9440499999999998,1.9436,1.94375,446,8,0
2024-03-04 10:50:00,1.94374,1.94394,1.94339,1.94379,647,8,0
2024-03-04 10:55:00,1.94379,1.9439,1.94298,1.94325,621,8,0
2024-03-04 11:00:00,1.94327,1.9433500000000001,1.9430100000000001,1.94321,456,8,0
2024-03-04 11:05:00,1.94321,1.94364,1.94318,1.94361,452,8,0
2024-03-04 11:10:00,1.94361,1.94401,1.94353,1.94391,428,8,0
2024-03-04 11:15:00,1.94391,1.9440499999999998,1.94352,1.94355,379,8,0
2024-03-04 11:20:00,1.94355,1.9435799999999999,1.94286,1.94287,585,8,0
2024-03-04 11:25:00,1.9428800000000002,1.9434399999999998,1.94279,1.94327,614,8,0
2024-03-04 11:30:00,1.94327,1.94391,1.94326,1.94387,513,8,0
2024-03-04 11:35:00,1.94387,1.94393,1.94375,1.94383,360,8,0
2024-03-04 11:40:00,1.94383,1.9445000000000001,1.94382,1.94443,556,8,0
2024-03-04 11:45:00,1.94444,1.94444,1.94397,1.94409,413,8,0
2024-03-04 11:50:00,1.94408,1.94411,1.9437600000000002,1.94382,400,8,0
2024-03-04 11:55:00,1.94382,1.9439600000000001,1.9435799999999999,1.94359,243,8,0
2024-03-04 12:00:00,1.94359,1.94411,1.94332,1.94402,476,8,0
2024-03-04 12:05:00,1.94402,1.94444,1.94394,1.94432,410,8,0
2024-03-04 12:10:00,1.94432,1.94462,1.94427,1.94447,587,8,0
2024-03-04 12:15:00,1.94447,1.94463,1.94427,1.94436,505,8,0
2024-03-04 12:20:00,1.94436,1.9444,1.9439,1.94398,447,8,0
2024-03-04 12:25:00,1.94397,1.94414,1.94348,1.94356,571,8,0
2024-03-04 12:30:00,1.94356,1.94367,1.94327,1.9435099999999998,715,8,0
2024-03-04 12:35:00,1.94352,1.94421,1.94352,1.94421,788,8,0
2024-03-04 12:40:00,1.94421,1.94452,1.94407,1.9441899999999999,381,8,0
2024-03-04 12:45:00,1.9441899999999999,1.9443899999999998,1.94397,1.94425,484,8,0
2024-03-04 12:50:00,1.94425,1.9445000000000001,1.9438900000000001,1.9439,487,8,0
2024-03-04 12:55:00,1.9439,1.9443899999999998,1.9434200000000001,1.94424,600,8,0
2024-03-04 13:00:00,1.94424,1.9446400000000001,1.94411,1.94445,869,8,0
2024-03-04 13:05:00,1.94445,1.9446400000000001,1.9442300000000001,1.94424,568,8,0
2024-03-04 13:10:00,1.94424,1.94539,1.94424,1.94524,755,8,0
2024-03-04 13:15:00,1.94524,1.94549,1.9449999999999998,1.94539,614,8,0
2024-03-04 13:20:00,1.9454,1.9460600000000001,1.9453,1.94567,991,8,0
2024-03-04 13:25:00,1.9456799999999999,1.94589,1.94529,1.9454799999999999,636,8,0
2024-03-04 13:30:00,1.9454799999999999,1.94583,1.94542,1.94542,766,8,0
2024-03-04 13:35:00,1.94542,1.94569,1.94516,1.9452500000000001,992,8,0
2024-03-04 13:40:00,1.9452500000000001,1.9457900000000001,1.9452500000000001,1.94567,719,8,0
2024-03-04 13:45:00,1.94567,1.94574,1.9451,1.9453399999999998,736,8,0
2024-03-04 13:50:00,1.9453399999999998,1.94544,1.9450699999999999,1.94513,639,8,0
2024-03-04 13:55:00,1.9451399999999999,1.94536,1.94486,1.94528,695,8,0
2024-03-04 14:00:00,1.94528,1.94563,1.94524,1.94537,792,8,0
2024-03-04 14:05:00,1.94537,1.9459300000000002,1.9452,1.94578,856,8,0
2024-03-04 14:10:00,1.94577,1.94631,1.9455900000000002,1.94621,730,8,0
2024-03-04 14:15:00,1.94621,1.94669,1.946,1.94645,908,8,0
2024-03-04 14:20:00,1.94645,1.9466700000000001,1.94604,1.94615,627,8,0
2024-03-04 14:25:00,1.94615,1.94617,1.94536,1.9455200000000001,762,8,0
2024-03-04 14:30:00,1.9455200000000001,1.9461300000000001,1.94523,1.9461300000000001,1263,8,0
2024-03-04 14:35:00,1.9461300000000001,1.94648,1.94596,1.94641,1031,8,0
2024-03-04 14:40:00,1.94642,1.94709,1.94623,1.94703,1068,8,0
2024-03-04 14:45:00,1.94702,1.94763,1.94698,1.94712,1045,8,0
2024-03-04 14:50:00,1.94712,1.9475799999999999,1.94693,1.94702,1202,8,0
2024-03-04 14:55:00,1.94702,1.9470800000000001,1.94624,1.94634,1104,8,0
2024-03-04 15:00:00,1.94634,1.9466700000000001,1.94604,1.94662,1412,8,0
2024-03-04 15:05:00,1.9466299999999999,1.94764,1.94649,1.94748,971,8,0
2024-03-04 15:10:00,1.94748,1.9479,1.94746,1.94786,956,8,0
2024-03-04 15:15:00,1.94786,1.94893,1.94767,1.94869,882,8,0
2024-03-04 15:20:00,1.94869,1.94883,1.94829,1.94829,865,8,0
2024-03-04 15:25:00,1.9483000000000001,1.94922,1.94821,1.94875,902,8,0
2024-03-04 15:30:00,1.94876,1.94878,1.9478900000000001,1.94794,825,8,0
2024-03-04 15:35:00,1.94794,1.94811,1.94771,1.94788,616,8,0
2024-03-04 15:40:00,1.94787,1.94868,1.94787,1.9485299999999999,695,8,0
2024-03-04 15:45:00,1.9485299999999999,1.94854,1.9478900000000001,1.94808,1288,8,0
2024-03-04 15:50:00,1.94808,1.94876,1.94793,1.94835,938,8,0
2024-03-04 15:55:00,1.94835,1.94844,1.9477799999999998,1.94787,1043,8,0
2024-03-04 16:00:00,1.94787,1.94818,1.94764,1.94814,1074,8,0
2024-03-04 16:05:00,1.94813,1.94834,1.94783,1.94807,955,8,0
2024-03-04 16:10:00,1.94807,1.94828,1.94759,1.94774,967,8,0
2024-03-04 16:15:00,1.94774,1.9480300000000002,1.9475,1.94752,684,8,0
2024-03-04 16:20:00,1.9475099999999999,1.94777,1.9471500000000002,1.94767,944,8,0
2024-03-04 16:25:00,1.94767,1.94786,1.9473099999999999,1.94746,682,8,0
2024-03-04 16:30:00,1.94746,1.94764,1.9472399999999999,1.94757,802,8,0
2024-03-04 16:35:00,1.94756,1.94763,1.9470800000000001,1.9472800000000001,879,8,0
2024-03-04 16:40:00,1.9472800000000001,1.94754,1.94719,1.94748,510,8,0
2024-03-04 16:45:00,1.94748,1.9475,1.94699,1.947,621,8,0
2024-03-04 16:50:00,1.94699,1.94729,1.94684,1.94725,645,8,0
2024-03-04 16:55:00,1.94725,1.94775,1.9472399999999999,1.94759,592,8,0
2024-03-04 17:00:00,1.94759,1.94782,1.94743,1.94767,790,8,0
2024-03-04 17:05:00,1.94767,1.948,1.9476,1.94791,749,8,0
2024-03-04 17:10:00,1.94791,1.94797,1.94773,1.94774,600,8,0
2024-03-04 17:15:00,1.94774,1.94831,1.94772,1.9482599999999999,670,8,0
2024-03-04 17:20:00,1.9482599999999999,1.94875,1.94818,1.94865,429,8,0
2024-03-04 17:25:00,1.94865,1.94893,1.94865,1.94876,492,8,0
2024-03-04 17:30:00,1.94878,1.94882,1.9485000000000001,1.94869,591,8,0
2024-03-04 17:35:00,1.94869,1.9487700000000001,1.94835,1.9485700000000001,436,8,0
2024-03-04 17:40:00,1.9485700000000001,1.94876,1.94852,1.94875,384,8,0
2024-03-04 17:45:00,1.94875,1.94893,1.9485700000000001,1.94869,442,8,0
2024-03-04 17:50:00,1.94868,1.94885,1.9485299999999999,1.94874,462,8,0
2024-03-04 17:55:00,1.94874,1.9487999999999999,1.9484599999999999,1.94878,664,8,0
2024-03-04 18:00:00,1.94878,1.94882,1.94838,1.9484599999999999,610,8,0
2024-03-04 18:05:00,1.9484599999999999,1.94883,1.94834,1.94881,467,8,0
2024-03-04 18:10:00,1.94881,1.94916,1.94878,1.94913,382,8,0
2024-03-04 18:15:00,1.94913,1.94946,1.94912,1.9493,479,8,0
2024-03-04 18:20:00,1.9493,1.94944,1.9491800000000001,1.94933,510,8,0
2024-03-04 18:25:00,1.94933,1.94939,1.94897,1.94904,542,8,0
2024-03-04 18:30:00,1.94904,1.94919,1.9487700000000001,1.9487999999999999,347,8,0
2024-03-04 18:35:00,1.94879,1.94931,1.9487100000000002,1.9493,362,8,0
2024-03-04 18:40:00,1.9493,1.94933,1.94905,1.9490699999999999,252,8,0
2024-03-04 18:45:00,1.9490699999999999,1.94931,1.94899,1.9491399999999999,341,8,0
2024-03-04 18:50:00,1.9491399999999999,1.9492699999999998,1.94904,1.9491800000000001,363,8,0
2024-03-04 18:55:00,1.9491800000000001,1.9492099999999999,1.94888,1.94888,272,8,0
2024-03-04 19:00:00,1.94889,1.94904,1.94882,1.9489999999999998,418,8,0
2024-03-04 19:05:00,1.9489999999999998,1.94916,1.9489100000000001,1.94915,346,8,0
2024-03-04 19:10:00,1.94915,1.94931,1.94902,1.94919,345,8,0
2024-03-04 19:15:00,1.94919,1.94956,1.94919,1.94953,333,8,0
2024-03-04 19:20:00,1.94953,1.94967,1.9494099999999999,1.94967,369,8,0
2024-03-04 19:25:00,1.94967,1.9498799999999998,1.94955,1.9498199999999999,367,8,0
2024-03-04 19:30:00,1.9498199999999999,1.9499499999999999,1.94963,1.9497,317,8,0
2024-03-04 19:35:00,1.9497,1.9497200000000001,1.9493399999999999,1.94935,399,8,0
2024-03-04 19:40:00,1.94935,1.94949,1.94928,1.9494500000000001,542,8,0
2024-03-04 19:45:00,1.9494500000000001,1.94966,1.94929,1.9494799999999999,363,8,0
2024-03-04 19:50:00,1.9494799999999999,1.9497,1.9493399999999999,1.94955,337,8,0
2024-03-04 19:55:00,1.94955,1.9496,1.9493200000000002,1.9493800000000001,594,8,0
2024-03-04 20:00:00,1.9493800000000001,1.94947,1.94926,1.94929,502,8,0
2024-03-04 20:05:00,1.94929,1.94944,1.94924,1.9493,545,8,0
2024-03-04 20:10:00,1.9493,1.9493800000000001,1.94916,1.94928,363,8,0
2024-03-04 20:15:00,1.94928,1.9494500000000001,1.94917,1.94923,731,8,0
2024-03-04 20:20:00,1.94923,1.9493399999999999,1.9491399999999999,1.9491399999999999,484,8,0
2024-03-04 20:25:00,1.9491399999999999,1.94928,1.9490699999999999,1.94917,587,8,0
2024-03-04 20:30:00,1.94917,1.9493399999999999,1.9491399999999999,1.9493200000000002,723,8,0
2024-03-04 20:35:00,1.9493200000000002,1.94944,1.9491100000000001,1.9492099999999999,939,8,0
2024-03-04 20:40:00,1.9492099999999999,1.9493800000000001,1.94908,1.94936,753,8,0
2024-03-04 20:45:00,1.94936,1.9495900000000002,1.9493399999999999,1.9494099999999999,836,8,0
2024-03-04 20:50:00,1.9494099999999999,1.94957,1.94933,1.94947,829,8,0
2024-03-04 20:55:00,1.94947,1.94966,1.94947,1.94951,959,8,0
2024-03-04 21:00:00,1.94951,1.9497,1.94944,1.94957,498,8,0
2024-03-04 21:05:00,1.94957,1.94969,1.9493200000000002,1.94943,422,8,0
2024-03-04 21:10:00,1.94943,1.9495,1.94923,1.9494099999999999,426,8,0
2024-03-04 21:15:00,1.9494099999999999,1.94946,1.94928,1.94943,337,8,0
2024-03-04 21:20:00,1.94943,1.9494500000000001,1.94924,1.9494099999999999,353,8,0
2024-03-04 21:25:00,1.9494099999999999,1.94953,1.9494,1.9494799999999999,321,8,0
2024-03-04 21:30:00,1.9494799999999999,1.94955,1.9492500000000001,1.9493800000000001,220,8,0
2024-03-04 21:35:00,1.9493800000000001,1.94958,1.94935,1.9495200000000001,133,8,0
2024-03-04 21:40:00,1.94951,1.94973,1.9494099999999999,1.94951,267,8,0
2024-03-04 21:45:00,1.94951,1.94962,1.9494,1.9495200000000001,197,8,0
2024-03-04 21:50:00,1.94954,1.94963,1.94942,1.9494799999999999,200,8,0
2024-03-04 21:55:00,1.9494799999999999,1.94974,1.9480499999999998,1.9480499999999998,154,8,0
2024-03-04 22:00:00,1.9481600000000001,1.94896,1.94637,1.9479600000000001,36,117,0
2024-03-04 22:05:00,1.9479600000000001,1.9493200000000002,1.9479600000000001,1.94886,53,48,0
2024-03-04 22:10:00,1.94886,1.9495,1.94886,1.94946,24,48,0
2024-03-04 22:15:00,1.94944,1.94946,1.9492500000000001,1.94946,27,56,0
2024-03-04 22:20:00,1.94944,1.94949,1.94922,1.9493,17,71,0
2024-03-04 22:25:00,1.9493,1.94951,1.94924,1.9493,21,71,0
2024-03-04 22:30:00,1.9493,1.9494,1.94929,1.94929,33,35,0
2024-03-04 22:35:00,1.94929,1.9494500000000001,1.94902,1.9493200000000002,197,46,0
2024-03-04 22:40:00,1.9493200000000002,1.9497200000000001,1.94901,1.9496099999999998,299,22,0
2024-03-04 22:45:00,1.94962,1.94962,1.94916,1.94916,124,27,0
2024-03-04 22:50:00,1.94916,1.94933,1.94872,1.9490699999999999,232,34,0
2024-03-04 22:55:00,1.9490699999999999,1.94957,1.94902,1.94939,340,41,0
2024-03-04 23:00:00,1.9494,1.94973,1.9491100000000001,1.94964,302,15,0
2024-03-04 23:05:00,1.94967,1.94998,1.94967,1.9498,95,17,0
2024-03-04 23:10:00,1.9498,1.95028,1.94974,1.9501300000000001,140,8,0
2024-03-04 23:15:00,1.9501300000000001,1.95031,1.94994,1.9499499999999999,96,8,0
2024-03-04 23:20:00,1.9499499999999999,1.95028,1.9498600000000001,1.95028,144,8,0
2024-03-04 23:25:00,1.95028,1.95028,1.94998,1.95003,100,8,0
2024-03-04 23:30:00,1.95003,1.95003,1.94974,1.95,145,8,0
2024-03-04 23:35:00,1.95,1.95021,1.94977,1.9498199999999999,122,8,0
2024-03-04 23:40:00,1.9498199999999999,1.95017,1.9498199999999999,1.9500600000000001,133,10,0
2024-03-04 23:45:00,1.95005,1.95053,1.95001,1.95053,111,8,0
2024-03-04 23:50:00,1.95053,1.9510100000000001,1.9503599999999999,1.9503599999999999,231,8,0
2024-03-04 23:55:00,1.9503599999999999,1.95065,1.94996,1.9501300000000001,166,8,0
2024-03-05 00:00:00,1.95014,1.95059,1.9497499999999999,1.94977,430,8,0
2024-03-05 00:05:00,1.94977,1.9500600000000001,1.94967,1.95,314,8,0
2024-03-05 00:10:00,1.9499900000000001,1.9502199999999998,1.9497200000000001,1.9498799999999998,312,8,0
2024-03-05 00:15:00,1.9498799999999998,1.95041,1.9496099999999998,1.95039,264,8,0
2024-03-05 00:20:00,1.95039,1.9508100000000002,1.95037,1.95069,192,8,0
2024-03-05 00:25:00,1.95069,1.9509699999999999,1.95041,1.9506700000000001,341,8,0
2024-03-05 00:30:00,1.9506700000000001,1.95068,1.95011,1.95046,362,8,0
2024-03-05 00:35:00,1.95046,1.95061,1.95021,1.95027,184,8,0
2024-03-05 00:40:00,1.95028,1.95028,1.9499499999999999,1.95008,322,8,0
2024-03-05 00:45:00,1.95008,1.95042,1.95005,1.9502000000000002,264,8,0
2024-03-05 00:50:00,1.9502000000000002,1.95032,1.94969,1.9499900000000001,415,8,0
2024-03-05 00:55:00,1.9499300000000002,1.95045,1.9499,1.95027,403,8,0
2024-03-05 01:00:00,1.95027,1.95055,1.94991,1.95012,537,8,0
2024-03-05 01:05:00,1.95012,1.95039,1.94937,1.94939,484,8,0
2024-03-05 01:10:00,1.94939,1.94984,1.94933,1.9498,374,8,0
2024-03-05 01:15:00,1.9498,1.95011,1.94963,1.95008,364,8,0
2024-03-05 01:20:00,1.95008,1.95055,1.95003,1.95042,670,8,0
2024-03-05 01:25:00,1.95042,1.95044,1.95014,1.95041,413,8,0
2024-03-05 01:30:00,1.95039,1.95075,1.95003,1.95057,664,8,0
2024-03-05 01:35:00,1.95057,1.9506000000000001,1.95012,1.95014,454,8,0
2024-03-05 01:40:00,1.95011,1.95011,1.94944,1.94953,513,8,0
2024-03-05 01:45:00,1.94951,1.95034,1.9495,1.95019,540,8,0
2024-03-05 01:50:00,1.95019,1.95079,1.95,1.9501,615,8,0
2024-03-05 01:55:00,1.9501,1.9504700000000001,1.94967,1.94974,585,8,0
2024-03-05 02:00:00,1.9497499999999999,1.95038,1.94955,1.9500199999999999,597,8,0
2024-03-05 02:05:00,1.9500199999999999,1.9501,1.94976,1.9498199999999999,427,8,0
2024-03-05 02:10:00,1.9498199999999999,1.9502199999999998,1.9498199999999999,1.94997,447,8,0
2024-03-05 02:15:00,1.94997,1.9505,1.9499300000000002,1.95034,463,8,0
2024-03-05 02:20:00,1.95034,1.9503599999999999,1.95007,1.95018,294,8,0
2024-03-05 02:25:00,1.95018,1.95039,1.9500199999999999,1.95035,409,8,0
2024-03-05 02:30:00,1.95035,1.9504700000000001,1.94992,1.9500899999999999,425,8,0
2024-03-05 02:35:00,1.9500899999999999,1.95037,1.9497900000000001,1.95023,351,8,0
2024-03-05 02:40:00,1.95024,1.9511699999999998,1.9501300000000001,1.9508999999999999,463,8,0
2024-03-05 02:45:00,1.95091,1.9515799999999999,1.9507400000000001,1.9514,543,8,0
2024-03-05 02:50:00,1.95143,1.95183,1.95133,1.95136,589,8,0
2024-03-05 02:55:00,1.9513500000000001,1.95153,1.95103,1.95139,458,8,0
2024-03-05 03:00:00,1.95138,1.9517799999999998,1.95129,1.95132,419,8,0
2024-03-05 03:05:00,1.95132,1.9514,1.95085,1.9511500000000002,380,8,0
2024-03-05 03:10:00,1.9511500000000002,1.9512,1.95093,1.9511699999999998,311,8,0
2024-03-05 03:15:00,1.9511699999999998,1.95141,1.9506700000000001,1.95073,438,8,0
2024-03-05 03:20:00,1.95073,1.95106,1.95069,1.951,315,8,0
2024-03-05 03:25:00,1.951,1.95106,1.95072,1.9507400000000001,310,8,0
2024-03-05 03:30:00,1.9507400000000001,1.95077,1.9505,1.95059,242,8,0
2024-03-05 03:35:00,1.95059,1.95089,1.95051,1.95077,244,8,0
2024-03-05 03:40:00,1.95077,1.95112,1.95072,1.95105,295,8,0
2024-03-05 03:45:00,1.95105,1.95137,1.95093,1.95122,250,8,0
2024-03-05 03:50:00,1.95122,1.95137,1.95113,1.95116,269,8,0
2024-03-05 03:55:00,1.95116,1.9515099999999999,1.951,1.95145,299,8,0
2024-03-05 04:00:00,1.95145,1.95173,1.95136,1.9516900000000001,236,8,0
2024-03-05 04:05:00,1.9516900000000001,1.95175,1.95148,1.9515799999999999,283,8,0
2024-03-05 04:10:00,1.9515799999999999,1.95163,1.95125,1.95139,183,8,0
2024-03-05 04:15:00,1.95139,1.95145,1.95121,1.95123,135,8,0
2024-03-05 04:20:00,1.95123,1.9516200000000001,1.95118,1.95146,275,8,0
2024-03-05 04:25:00,1.95146,1.95172,1.95145,1.9516,201,8,0
2024-03-05 04:30:00,1.9516,1.9516,1.95095,1.95103,337,8,0
2024-03-05 04:35:00,1.95105,1.9511699999999998,1.95087,1.95105,216,8,0
2024-03-05 04:40:00,1.95105,1.95119,1.95089,1.95091,174,8,0
2024-03-05 04:45:00,1.9508999999999999,1.95103,1.9507400000000001,1.9508,262,8,0
2024-03-05 04:50:00,1.9508,1.95087,1.95069,1.95077,170,8,0
2024-03-05 04:55:00,1.95077,1.95096,1.95073,1.95095,190,8,0
2024-03-05 05:00:00,1.95095,1.95145,1.95088,1.95138,299,8,0
2024-03-05 05:05:00,1.95138,1.95156,1.95134,1.95147,329,8,0
2024-03-05 05:10:00,1.95146,1.95156,1.95122,1.95123,253,8,0
2024-03-05 05:15:00,1.9512399999999999,1.95139,1.9511500000000002,1.95125,237,8,0
2024-03-05 05:20:00,1.95125,1.95137,1.9510800000000001,1.95133,293,8,0
2024-03-05 05:25:00,1.95133,1.95186,1.9513099999999999,1.95174,350,8,0
2024-03-05 05:30:00,1.95174,1.95254,1.9516900000000001,1.95252,506,8,0
2024-03-05 05:35:00,1.95252,1.95269,1.9524,1.9526400000000002,381,8,0
2024-03-05 05:40:00,1.9526400000000002,1.95282,1.95252,1.95254,299,8,0
2024-03-05 05:45:00,1.95254,1.9531399999999999,1.95254,1.95296,408,8,0
2024-03-05 05:50:00,1.95296,1.95303,1.95265,1.95289,460,8,0
2024-03-05 05:55:00,1.95288,1.95428,1.9527,1.95423,700,8,0
2024-03-05 06:00:00,1.95423,1.95425,1.95378,1.95392,397,8,0
2024-03-05 06:05:00,1.95392,1.95393,1.95344,1.9535,288,8,0
2024-03-05 06:10:00,1.9535,1.95382,1.9534799999999999,1.95366,423,8,0
2024-03-05 06:15:00,1.95366,1.95546,1.95362,1.95546,405,8,0
2024-03-05 06:20:00,1.9554399999999998,1.95644,1.95525,1.95584,812,8,0
2024-03-05 06:25:00,1.95584,1.95591,1.9551500000000002,1.9556,531,8,0
2024-03-05 06:30:00,1.95561,1.95611,1.95559,1.95588,508,8,0
2024-03-05 06:35:00,1.95588,1.95642,1.95581,1.9563700000000002,433,8,0
2024-03-05 06:40:00,1.9563700000000002,1.95696,1.95615,1.9562,426,8,0
2024-03-05 06:45:00,1.9562,1.95668,1.9561199999999999,1.95656,567,8,0
2024-03-05 06:50:00,1.9565700000000001,1.9565700000000001,1.9557600000000002,1.9557799999999999,443,8,0
2024-03-05 06:55:00,1.9557600000000002,1.9562599999999999,1.95533,1.956,582,8,0
2024-03-05 07:00:00,1.956,1.95667,1.956,1.95617,620,8,0
2024-03-05 07:05:00,1.95617,1.9565000000000001,1.9559600000000001,1.95602,497,8,0
2024-03-05 07:10:00,1.95597,1.95621,1.95579,1.95614,560,8,0
2024-03-05 07:15:00,1.95614,1.9566,1.9559600000000001,1.95651,453,8,0
2024-03-05 07:20:00,1.95651,1.95654,1.9557099999999998,1.95583,488,8,0
2024-03-05 07:25:00,1.95584,1.9562300000000001,1.95546,1.95573,608,8,0
2024-03-05 07:30:00,1.95573,1.95573,1.95533,1.95561,503,8,0
2024-03-05 07:35:00,1.95561,1.95591,1.95554,1.9557799999999999,404,8,0
2024-03-05 07:40:00,1.9557799999999999,1.95587,1.95513,1.95523,510,8,0
2024-03-05 07:45:00,1.9552100000000001,1.95534,1.9546299999999999,1.95475,636,8,0
2024-03-05 07:50:00,1.95475,1.95498,1.95457,1.95471,444,8,0
2024-03-05 07:55:00,1.95471,1.95499,1.95439,1.95496,515,8,0
2024-03-05 08:00:00,1.95496,1.95543,1.95486,1.955,1078,8,0
2024-03-05 08:05:00,1.955,1.95526,1.9546299999999999,1.9546999999999999,790,8,0
2024-03-05 08:10:00,1.95469,1.95509,1.95453,1.9546000000000001,768,8,0
2024-03-05 08:15:00,1.95461,1.95519,1.95457,1.9550800000000002,708,8,0
2024-03-05 08:20:00,1.9550800000000002,1.9553,1.9549699999999999,1.95512,731,8,0
2024-03-05 08:25:00,1.95512,1.9557600000000002,1.95499,1.95522,744,8,0
2024-03-05 08:30:00,1.95522,1.9557799999999999,1.95503,1.95577,580,8,0
2024-03-05 08:35:00,1.95577,1.95622,1.9557099999999998,1.95621,626,8,0
2024-03-05 08:40:00,1.9562,1.9562,1.9553,1.9553500000000001,680,8,0
2024-03-05 08:45:00,1.9553500000000001,1.9555099999999999,1.95441,1.95479,715,8,0
2024-03-05 08:50:00,1.95479,1.95513,1.95457,1.9550999999999998,587,8,0
2024-03-05 08:55:00,1.9550999999999998,1.95598,1.95507,1.95583,596,8,0
2024-03-05 09:00:00,1.95584,1.9561899999999999,1.95563,1.9559,621,8,0
2024-03-05 09:05:00,1.9559,1.9562599999999999,1.9558200000000001,1.95614,453,8,0
2024-03-05 09:10:00,1.95614,1.9564599999999999,1.9559199999999999,1.95604,533,8,0
2024-03-05 09:15:00,1.95604,1.95618,1.95539,1.95547,570,8,0
2024-03-05 09:20:00,1.95547,1.95557,1.95488,1.95522,629,8,0
2024-03-05 09:25:00,1.95522,1.95549,1.955,1.95513,478,8,0
2024-03-05 09:30:00,1.95513,1.95513,1.95451,1.95502,771,8,0
2024-03-05 09:35:00,1.95502,1.9555500000000001,1.95489,1.95529,720,8,0
2024-03-05 09:40:00,1.9552800000000001,1.9557,1.9551500000000002,1.95568,460,8,0
2024-03-05 09:45:00,1.95568,1.9559,1.95546,1.95579,596,8,0
2024-03-05 09:50:00,1.95579,1.95609,1.9556,1.9556499999999999,609,8,0
2024-03-05 09:55:00,1.95567,1.95608,1.95557,1.95564,680,8,0
2024-03-05 10:00:00,1.9556,1.95561,1.95507,1.95511,814,8,0
2024-03-05 10:05:00,1.95512,1.95526,1.95458,1.95486,638,8,0
2024-03-05 10:10:00,1.95486,1.9550100000000001,1.95439,1.9544899999999998,594,8,0
2024-03-05 10:15:00,1.9544899999999998,1.9545400000000002,1.95392,1.9539900000000001,540,8,0
2024-03-05 10:20:00,1.9539900000000001,1.95407,1.9536099999999998,1.95366,498,8,0
2024-03-05 10:25:00,1.95366,1.95411,1.95343,1.9540600000000001,453,8,0
2024-03-05 10:30:00,1.9540600000000001,1.95418,1.95362,1.9536799999999999,529,8,0
2024-03-05 10:35:00,1.9536799999999999,1.95414,1.9534099999999999,1.95353,336,8,0
2024-03-05 10:40:00,1.95353,1.95373,1.9532699999999998,1.9534,431,8,0
2024-03-05 10:45:00,1.9534,1.9534500000000001,1.95274,1.9531,408,8,0
2024-03-05 10:50:00,1.9531,1.9533800000000001,1.95281,1.9532699999999998,502,8,0
2024-03-05 10:55:00,1.9532699999999998,1.9533800000000001,1.95306,1.95337,350,8,0
2024-03-05 11:00:00,1.95337,1.95387,1.9528400000000001,1.9529999999999998,706,8,0
2024-03-05 11:05:00,1.9529999999999998,1.95331,1.9527700000000001,1.95302,453,8,0
2024-03-05 11:10:00,1.95302,1.95302,1.9526400000000002,1.95278,504,8,0
2024-03-05 11:15:00,1.95279,1.9528400000000001,1.9523700000000002,1.9524599999999999,511,8,0
2024-03-05 11:20:00,1.9524599999999999,1.95323,1.95238,1.95283,540,8,0
2024-03-05 11:25:00,1.95283,1.95302,1.9525000000000001,1.95288,516,8,0
2024-03-05 11:30:00,1.95288,1.9529100000000001,1.95201,1.9520499999999998,458,8,0
2024-03-05 11:35:00,1.9520499999999998,1.95293,1.95195,1.95278,480,8,0
2024-03-05 11:40:00,1.95278,1.95363,1.95278,1.95355,521,8,0
2024-03-05 11:45:00,1.95356,1.95364,1.95319,1.9532699999999998,387,8,0
2024-03-05 11:50:00,1.9532699999999998,1.9535200000000001,1.95315,1.95317,464,8,0
2024-03-05 11:55:00,1.95317,1.95336,1.95249,1.95262,556,8,0
2024-03-05 12:00:00,1.95262,1.95344,1.9524,1.95339,691,8,0
2024-03-05 12:05:00,1.95339,1.95346,1.95306,1.95336,433,8,0
2024-03-05 12:10:00,1.95336,1.95347,1.95305,1.95342,486,8,0
2024-03-05 12:15:00,1.9534099999999999,1.9538,1.95339,1.95369,431,8,0
2024-03-05 12:20:00,1.95369,1.95374,1.95337,1.95355,457,8,0
2024-03-05 12:25:00,1.95355,1.95396,1.9534099999999999,1.9534099999999999,466,8,0
2024-03-05 12:30:00,1.9534099999999999,1.9536,1.95278,1.95349,678,8,0
2024-03-05 12:35:00,1.9534799999999999,1.95377,1.95333,1.95343,484,8,0
2024-03-05 12:40:00,1.95343,1.95365,1.95328,1.95362,440,8,0
2024-03-05 12:45:00,1.95362,1.9538,1.9533800000000001,1.9536799999999999,602,8,0
2024-03-05 12:50:00,1.9536799999999999,1.9541300000000001,1.95362,1.9540199999999999,551,8,0
2024-03-05 12:55:00,1.9540199999999999,1.9542899999999999,1.95397,1.95403,546,8,0
2024-03-05 13:00:00,1.95403,1.95434,1.9537499999999999,1.9538600000000002,1027,8,0
2024-03-05 13:05:00,1.9538600000000002,1.95392,1.95313,1.9533,868,8,0
2024-03-05 13:10:00,1.9533,1.95418,1.95313,1.9540899999999999,735,8,0
2024-03-05 13:15:00,1.9540899999999999,1.95442,1.95404,1.9543599999999999,687,8,0
2024-03-05 13:20:00,1.9543599999999999,1.9548299999999998,1.9542899999999999,1.95445,908,8,0
2024-03-05 13:25:00,1.95445,1.9544700000000002,1.95403,1.95408,933,8,0
2024-03-05 13:30:00,1.9540199999999999,1.9540899999999999,1.95301,1.95329,1380,8,0
2024-03-05 13:35:00,1.9532699999999998,1.95354,1.9529999999999998,1.95347,1220,8,0
2024-03-05 13:40:00,1.95347,1.95369,1.9531800000000001,1.95329,1573,8,0
2024-03-05 13:45:00,1.95329,1.9537,1.9532500000000002,1.95365,1195,8,0
2024-03-05 13:50:00,1.95365,1.95378,1.95317,1.9534099999999999,1176,8,0
2024-03-05 13:55:00,1.95342,1.95432,1.9533399999999999,1.95416,1056,8,0
2024-03-05 14:00:00,1.95416,1.9542000000000002,1.9531800000000001,1.95333,1125,8,0
2024-03-05 14:05:00,1.95333,1.9533800000000001,1.95306,1.95326,1035,8,0
2024-03-05 14:10:00,1.95326,1.95389,1.9532500000000002,1.95389,887,8,0
2024-03-05 14:15:00,1.95389,1.95457,1.9538799999999998,1.95431,865,8,0
2024-03-05 14:20:00,1.95431,1.9543300000000001,1.95293,1.95317,919,8,0
2024-03-05 14:25:00,1.95317,1.95328,1.95283,1.95305,940,8,0
2024-03-05 14:30:00,1.95305,1.95356,1.9529800000000002,1.9534500000000001,1430,8,0
2024-03-05 14:35:00,1.9534500000000001,1.9540199999999999,1.95336,1.95401,1264,8,0
2024-03-05 14:40:00,1.95401,1.95455,1.9537900000000001,1.95452,1084,8,0
2024-03-05 14:45:00,1.95452,1.95532,1.95408,1.95485,1607,8,0
2024-03-05 14:50:00,1.95485,1.95545,1.95482,1.95518,1228,8,0
2024-03-05 14:55:00,1.95518,1.95545,1.95439,1.9548999999999999,1064,8,0
2024-03-05 15:00:00,1.95484,1.9563700000000002,1.95288,1.95397,2740,8,0
2024-03-05 15:05:00,1.9539900000000001,1.95411,1.9532,1.95357,2233,8,0
2024-03-05 15:10:00,1.95357,1.95431,1.9531,1.9531100000000001,1848,8,0
2024-03-05 15:15:00,1.9531100000000001,1.95317,1.95242,1.95313,1517,8,0
2024-03-05 15:20:00,1.95313,1.9541,1.95309,1.9538799999999998,1599,8,0
2024-03-05 15:25:00,1.9538799999999998,1.9540199999999999,1.95336,1.95349,1066,8,0
2024-03-05 15:30:00,1.95346,1.95378,1.9525700000000001,1.9526599999999998,1072,8,0
2024-03-05 15:35:00,1.95267,1.9532699999999998,1.95251,1.95265,1043,8,0
2024-03-05 15:40:00,1.95265,1.9529999999999998,1.95221,1.95283,1213,8,0
2024-03-05 15:45:00,1.9528400000000001,1.9533,1.95242,1.9532699999999998,1130,8,0
2024-03-05 15:50:00,1.9532500000000002,1.95407,1.9532,1.9536099999999998,1181,8,0
2024-03-05 15:55:00,1.9536099999999998,1.95391,1.95249,1.9525299999999999,1323,8,0
2024-03-05 16:00:00,1.9525299999999999,1.95333,1.95243,1.95319,1263,8,0
2024-03-05 16:05:00,1.95319,1.95337,1.9524599999999999,1.9527299999999999,961,8,0
2024-03-05 16:10:00,1.9527299999999999,1.9534500000000001,1.9525000000000001,1.95329,1143,8,0
2024-03-05 16:15:00,1.95329,1.9537499999999999,1.95304,1.95308,973,8,0
2024-03-05 16:20:00,1.95308,1.9534500000000001,1.95301,1.95333,1037,8,0
2024-03-05 16:25:00,1.95333,1.95387,1.9532699999999998,1.95365,977,8,0
2024-03-05 16:30:00,1.95364,1.9540199999999999,1.95354,1.9539,901,8,0
2024-03-05 16:35:00,1.9539,1.95415,1.95364,1.9539499999999999,1020,8,0
2024-03-05 16:40:00,1.9539499999999999,1.95475,1.95393,1.95453,1285,8,0
2024-03-05 16:45:00,1.95453,1.95476,1.95387,1.9539,1147,8,0
2024-03-05 16:50:00,1.9539,1.9542000000000002,1.9537900000000001,1.95407,714,8,0
2024-03-05 16:55:00,1.95407,1.9542199999999998,1.9534500000000001,1.95355,918,8,0
2024-03-05 17:00:00,1.95355,1.95404,1.95319,1.95322,1016,8,0
2024-03-05 17:05:00,1.95322,1.9533399999999999,1.9526599999999998,1.9529,682,8,0
2024-03-05 17:10:00,1.9529,1.95313,1.95262,1.9529800000000002,624,8,0
2024-03-05 17:15:00,1.9529800000000002,1.9534500000000001,1.95288,1.95321,652,8,0
2024-03-05 17:20:00,1.95321,1.95322,1.95282,1.95305,745,8,0
2024-03-05 17:25:00,1.95305,1.9531,1.95281,1.9530699999999999,649,8,0
2024-03-05 17:30:00,1.9530699999999999,1.95313,1.9527999999999999,1.95282,692,8,0
2024-03-05 17:35:00,1.95282,1.95285,1.95244,1.95251,547,8,0
2024-03-05 17:40:00,1.95251,1.95274,1.95235,1.95258,759,8,0
2024-03-05 17:45:00,1.95258,1.95268,1.95233,1.95248,591,8,0
2024-03-05 17:50:00,1.95248,1.95268,1.95243,1.95251,596,8,0
2024-03-05 17:55:00,1.9525000000000001,1.95252,1.95229,1.95241,675,8,0
2024-03-05 18:00:00,1.95241,1.95241,1.9515,1.9516900000000001,800,8,0
2024-03-05 18:05:00,1.9516900000000001,1.95188,1.95148,1.95164,642,8,0
2024-03-05 18:10:00,1.95164,1.9517600000000002,1.9514,1.95156,601,8,0
2024-03-05 18:15:00,1.95156,1.95238,1.95138,1.95233,670,8,0
2024-03-05 18:20:00,1.95233,1.9524,1.95201,1.95208,515,8,0
2024-03-05 18:25:00,1.95208,1.95233,1.95193,1.95207,688,8,0
2024-03-05 18:30:00,1.95207,1.95211,1.9516200000000001,1.95191,754,8,0
2024-03-05 18:35:00,1.9519,1.9523899999999998,1.95181,1.95224,594,8,0
2024-03-05 18:40:00,1.95224,1.95299,1.95224,1.95294,814,8,0
2024-03-05 18:45:00,1.95294,1.95302,1.95258,1.95275,683,8,0
2024-03-05 18:50:00,1.95275,1.95292,1.95261,1.95261,663,8,0
2024-03-05 18:55:00,1.95261,1.95276,1.95245,1.95248,682,8,0
2024-03-05 19:00:00,1.95247,1.95296,1.95244,1.95296,761,8,0
2024-03-05 19:05:00,1.95297,1.95304,1.95261,1.95269,648,8,0
2024-03-05 19:10:00,1.95269,1.95295,1.9526400000000002,1.95269,683,8,0
2024-03-05 19:15:00,1.95269,1.95281,1.95248,1.95279,757,8,0
2024-03-05 19:20:00,1.95279,1.95286,1.95248,1.9525000000000001,429,8,0
2024-03-05 19:25:00,1.9525000000000001,1.9526,1.9521199999999999,1.95238,538,8,0
2024-03-05 19:30:00,1.95238,1.95254,1.9522599999999999,1.95244,482,8,0
2024-03-05 19:35:00,1.95247,1.95263,1.95234,1.95252,635,8,0
2024-03-05 19:40:00,1.95251,1.95294,1.95251,1.9527299999999999,607,8,0
2024-03-05 19:45:00,1.9527299999999999,1.95296,1.95258,1.9527700000000001,569,8,0
2024-03-05 19:50:00,1.95276,1.95313,1.95255,1.95313,636,8,0
2024-03-05 19:55:00,1.95313,1.95337,1.95288,1.95312,787,8,0
2024-03-05 20:00:00,1.95313,1.95329,1.95288,1.95303,700,8,0
2024-03-05 20:05:00,1.95303,1.95321,1.95285,1.9531800000000001,493,8,0
2024-03-05 20:10:00,1.9531800000000001,1.95319,1.95288,1.95304,697,8,0
2024-03-05 20:15:00,1.95305,1.95319,1.9527,1.95297,640,8,0
2024-03-05 20:20:00,1.95294,1.95342,1.9528699999999999,1.95319,580,8,0
2024-03-05 20:25:00,1.95319,1.9533399999999999,1.95296,1.9533,790,8,0
2024-03-05 20:30:00,1.95331,1.9534099999999999,1.9531100000000001,1.95321,638,8,0
2024-03-05 20:35:00,1.95321,1.95331,1.95303,1.95324,675,8,0
2024-03-05 20:40:00,1.95323,1.95336,1.9529999999999998,1.95302,763,8,0
2024-03-05 20:45:00,1.95302,1.95319,1.95296,1.95302,689,8,0
2024-03-05 20:50:00,1.95303,1.9533800000000001,1.95289,1.95335,678,8,0
2024-03-05 20:55:00,1.95335,1.95343,1.95295,1.9529800000000002,950,8,0
2024-03-05 21:00:00,1.9529800000000002,1.95313,1.95283,1.95312,421,8,0
2024-03-05 21:05:00,1.95312,1.95331,1.95305,1.9533,297,8,0
2024-03-05 21:10:00,1.9533,1.9535,1.95326,1.95339,438,8,0
2024-03-05 21:15:00,1.95339,1.95346,1.95331,1.95339,161,8,0
2024-03-05 21:20:00,1.95339,1.95344,1.95301,1.9530699999999999,150,8,0
2024-03-05 21:25:00,1.9530699999999999,1.9533800000000001,1.9530699999999999,1.95324,214,8,0
2024-03-05 21:30:00,1.95324,1.95335,1.95288,1.9529800000000002,197,8,0
2024-03-05 21:35:00,1.9529800000000002,1.95304,1.95283,1.9529800000000002,144,8,0
2024-03-05 21:40:00,1.9529800000000002,1.95304,1.95278,1.9528400000000001,1321,8,0
2024-03-05 21:45:00,1.9528400000000001,1.95331,1.95278,1.9533,1304,8,0
2024-03-05 21:50:00,1.9533,1.95351,1.9532699999999998,1.95333,1129,8,0
2024-03-05 21:55:00,1.9533399999999999,1.95362,1.95329,1.95362,482,8,0
2024-03-05 22:00:00,1.9536,1.95377,1.9510999999999998,1.9517,36,111,0
2024-03-05 22:05:00,1.9517,1.95258,1.9505,1.95248,61,158,0
2024-03-05 22:10:00,1.95233,1.95265,1.95156,1.9521899999999999,33,137,0
2024-03-05 22:15:00,1.9520300000000002,1.95351,1.9519600000000001,1.9533800000000001,67,106,0
2024-03-05 22:20:00,1.9533800000000001,1.9535900000000002,1.95326,1.95328,26,71,0
2024-03-05 22:25:00,1.95328,1.95328,1.95254,1.95282,13,93,0
2024-03-05 22:30:00,1.95282,1.9531800000000001,1.95221,1.9529800000000002,154,40,0
2024-03-05 22:35:00,1.9529800000000002,1.95369,1.95282,1.9535,541,38,0
2024-03-05 22:40:00,1.9535,1.95363,1.95328,1.95349,443,35,0
2024-03-05 22:45:00,1.95349,1.95367,1.9530699999999999,1.9535,606,29,0
2024-03-05 22:50:00,1.9535200000000001,1.9536799999999999,1.9532,1.95346,206,23,0
2024-03-05 22:55:00,1.95346,1.95418,1.95335,1.9537,1302,15,0
2024-03-05 23:00:00,1.9537200000000001,1.95403,1.95308,1.95309,447,8,0
2024-03-05 23:05:00,1.95309,1.9532699999999998,1.9528400000000001,1.95299,107,16,0
2024-03-05 23:10:00,1.95297,1.9531399999999999,1.95275,1.95304,175,9,0
2024-03-05 23:15:00,1.95304,1.95343,1.95292,1.95295,166,12,0
2024-03-05 23:20:00,1.95295,1.9529800000000002,1.95263,1.95269,164,13,0
2024-03-05 23:25:00,1.95269,1.95295,1.9526599999999998,1.9528699999999999,125,10,0
2024-03-05 23:30:00,1.9528699999999999,1.9531399999999999,1.95279,1.95305,130,9,0
2024-03-05 23:35:00,1.95305,1.9533800000000001,1.95286,1.95332,157,8,0
2024-03-05 23:40:00,1.95332,1.9533800000000001,1.95317,1.9532699999999998,160,10,0
2024-03-05 23:45:00,1.9532699999999998,1.95344,1.95322,1.95332,186,8,0
2024-03-05 23:50:00,1.95332,1.95336,1.95309,1.9532,136,8,0
2024-03-05 23:55:00,1.9532,1.95332,1.9529,1.95329,207,10,0
2024-03-06 00:00:00,1.95331,1.95419,1.95331,1.95362,440,8,0
2024-03-06 00:05:00,1.9536099999999998,1.9539900000000001,1.95354,1.95392,448,8,0
2024-03-06 00:10:00,1.95392,1.95398,1.95336,1.95343,570,8,0
2024-03-06 00:15:00,1.9534500000000001,1.9541,1.9534500000000001,1.9540199999999999,352,8,0
2024-03-06 00:20:00,1.9540199999999999,1.9545,1.95397,1.95441,518,8,0
2024-03-06 00:25:00,1.95441,1.95464,1.95382,1.9538600000000002,276,8,0
2024-03-06 00:30:00,1.95382,1.9543,1.95369,1.95401,356,8,0
2024-03-06 00:35:00,1.95401,1.95428,1.95377,1.9539499999999999,412,8,0
2024-03-06 00:40:00,1.9539499999999999,1.95428,1.95387,1.9539900000000001,445,8,0
2024-03-06 00:45:00,1.9539900000000001,1.95419,1.95369,1.95416,509,8,0
2024-03-06 00:50:00,1.95417,1.95457,1.95405,1.95457,422,8,0
2024-03-06 00:55:00,1.95457,1.9552100000000001,1.95451,1.95512,451,8,0
2024-03-06 01:00:00,1.95512,1.95536,1.9548100000000002,1.95492,620,8,0
2024-03-06 01:05:00,1.95492,1.95522,1.9547400000000001,1.95487,475,8,0
2024-03-06 01:10:00,1.95487,1.95496,1.9546000000000001,1.9547400000000001,388,8,0
2024-03-06 01:15:00,1.9547400000000001,1.95475,1.9542899999999999,1.95439,541,8,0
2024-03-06 01:20:00,1.95439,1.9546000000000001,1.95404,1.9544000000000001,491,8,0
2024-03-06 01:25:00,1.9544000000000001,1.95465,1.95414,1.95451,515,8,0
2024-03-06 01:30:00,1.9545,1.95464,1.9541300000000001,1.95437,444,8,0
2024-03-06 01:35:00,1.95435,1.95453,1.95411,1.95439,388,8,0
2024-03-06 01:40:00,1.95439,1.95461,1.95417,1.95428,510,8,0
2024-03-06 01:45:00,1.95428,1.95432,1.9539499999999999,1.95403,445,8,0
2024-03-06 01:50:00,1.95403,1.95414,1.95357,1.95387,575,8,0
2024-03-06 01:55:00,1.95387,1.9539499999999999,1.95293,1.9532,518,8,0
2024-03-06 02:00:00,1.95319,1.95356,1.9527999999999999,1.9527999999999999,478,8,0
2024-03-06 02:05:00,1.95282,1.9528400000000001,1.95206,1.95235,541,8,0
2024-03-06 02:10:00,1.95235,1.95254,1.9514200000000002,1.9514399999999998,475,8,0
2024-03-06 02:15:00,1.9514399999999998,1.9519,1.95134,1.95154,481,8,0
2024-03-06 02:20:00,1.95154,1.95156,1.95113,1.9512800000000001,432,8,0
2024-03-06 02:25:00,1.9512399999999999,1.9514200000000002,1.9510800000000001,1.95123,274,8,0
2024-03-06 02:30:00,1.95123,1.9517099999999998,1.95121,1.95145,352,8,0
2024-03-06 02:35:00,1.95145,1.95161,1.9513,1.95134,251,8,0
2024-03-06 02:40:00,1.95134,1.95139,1.95055,1.9506999999999999,311,8,0
2024-03-06 02:45:00,1.9506999999999999,1.95102,1.9504299999999999,1.9505400000000002,321,8,0
2024-03-06 02:50:00,1.9505400000000002,1.95096,1.95048,1.95068,469,8,0
2024-03-06 02:55:00,1.95068,1.95072,1.95024,1.95038,500,8,0
2024-03-06 03:00:00,1.95038,1.95073,1.9503300000000001,1.9505,449,8,0
2024-03-06 03:05:00,1.95051,1.9508,1.9505,1.9505599999999998,334,8,0
2024-03-06 03:10:00,1.9505599999999998,1.95066,1.95024,1.95051,335,8,0
2024-03-06 03:15:00,1.95051,1.9506999999999999,1.95014,1.95014,395,8,0
2024-03-06 03:20:00,1.95014,1.95051,1.9498,1.94992,290,8,0
2024-03-06 03:25:00,1.94992,1.95,1.94951,1.94965,415,8,0
2024-03-06 03:30:00,1.94965,1.9497499999999999,1.9493399999999999,1.94942,392,8,0
2024-03-06 03:35:00,1.9494099999999999,1.94967,1.94939,1.9494,261,8,0
2024-03-06 03:40:00,1.9494,1.9498,1.94937,1.9497900000000001,221,8,0
2024-03-06 03:45:00,1.9497900000000001,1.9499300000000002,1.94964,1.9498199999999999,246,8,0
2024-03-06 03:50:00,1.9498199999999999,1.94994,1.9496,1.94965,319,8,0
2024-03-06 03:55:00,1.94965,1.9496799999999999,1.94931,1.94935,334,8,0
2024-03-06 04:00:00,1.94935,1.9496799999999999,1.94931,1.94954,317,8,0
2024-03-06 04:05:00,1.94954,1.94985,1.9494799999999999,1.94954,278,8,0
2024-03-06 04:10:00,1.94954,1.94983,1.94943,1.94956,270,8,0
2024-03-06 04:15:00,1.94958,1.94971,1.9494500000000001,1.9496,231,8,0
2024-03-06 04:20:00,1.9496,1.9499,1.94956,1.94981,257,8,0
2024-03-06 04:25:00,1.94981,1.95014,1.94978,1.95003,229,8,0
2024-03-06 04:30:00,1.9500199999999999,1.9500199999999999,1.94957,1.94963,192,8,0
2024-03-06 04:35:00,1.94963,1.94991,1.94963,1.9498600000000001,214,8,0
2024-03-06 04:40:00,1.9498600000000001,1.94994,1.94964,1.94981,243,8,0
2024-03-06 04:45:00,1.9497900000000001,1.94994,1.94966,1.9497,170,8,0
2024-03-06 04:50:00,1.9497,1.94974,1.94889,1.9491100000000001,421,8,0
2024-03-06 04:55:00,1.9491100000000001,1.9499,1.9491100000000001,1.9498799999999998,266,8,0
2024-03-06 05:00:00,1.9498799999999998,1.95017,1.94978,1.94987,306,8,0
2024-03-06 05:05:00,1.94987,1.94996,1.94962,1.94967,244,8,0
2024-03-06 05:10:00,1.9496799999999999,1.9497200000000001,1.94904,1.94929,390,8,0
2024-03-06 05:15:00,1.94929,1.9494799999999999,1.94896,1.94919,342,8,0
2024-03-06 05:20:00,1.94919,1.9492500000000001,1.94885,1.94886,220,8,0
2024-03-06 05:25:00,1.94886,1.94937,1.94886,1.94937,201,8,0
2024-03-06 05:30:00,1.94937,1.9494099999999999,1.94894,1.94904,352,8,0
2024-03-06 05:35:00,1.94904,1.94928,1.94896,1.94924,318,8,0
2024-03-06 05:40:00,1.94924,1.94939,1.94888,1.9491399999999999,266,8,0
2024-03-06 05:45:00,1.9491399999999999,1.9492699999999998,1.9488699999999999,1.94888,237,8,0
2024-03-06 05:50:00,1.94888,1.94888,1.94876,1.94882,130,8,0
2024-03-06 05:55:00,1.94883,1.9493800000000001,1.9486599999999998,1.9493200000000002,350,8,0
2024-03-06 06:00:00,1.9493200000000002,1.94943,1.9488699999999999,1.9491100000000001,423,8,0
2024-03-06 06:05:00,1.9491100000000001,1.94944,1.94899,1.94901,280,8,0
2024-03-06 06:10:00,1.94901,1.9493800000000001,1.94901,1.9491399999999999,326,8,0
2024-03-06 06:15:00,1.9491399999999999,1.94924,1.94863,1.9488400000000001,469,8,0
2024-03-06 06:20:00,1.9488400000000001,1.9494099999999999,1.9487299999999999,1.9491399999999999,333,8,0
2024-03-06 06:25:00,1.94913,1.94919,1.9488400000000001,1.94896,310,8,0
2024-03-06 06:30:00,1.94896,1.94933,1.94893,1.94916,342,8,0
2024-03-06 06:35:00,1.94915,1.9498,1.94905,1.94977,405,8,0
2024-03-06 06:40:00,1.94977,1.94992,1.9493,1.9495200000000001,287,8,0
2024-03-06 06:45:00,1.9495200000000001,1.94957,1.9493200000000002,1.94947,325,8,0
2024-03-06 06:50:00,1.94947,1.94962,1.9493,1.94936,393,8,0
2024-03-06 06:55:00,1.94936,1.9497,1.94936,1.94939,414,8,0
2024-03-06 07:00:00,1.9494,1.9495,1.9490699999999999,1.9492,566,8,0
2024-03-06 07:05:00,1.94919,1.9494,1.94818,1.94835,796,8,0
2024-03-06 07:10:00,1.94835,1.94878,1.94791,1.9487299999999999,1004,8,0
2024-03-06 07:15:00,1.9487299999999999,1.9489800000000002,1.94811,1.94822,716,8,0
2024-03-06 07:20:00,1.94822,1.94888,1.94822,1.94865,694,8,0
2024-03-06 07:25:00,1.94863,1.94931,1.94856,1.9491399999999999,571,8,0
2024-03-06 07:30:00,1.94912,1.94949,1.9486400000000001,1.94878,656,8,0
2024-03-06 07:35:00,1.94878,1.9492500000000001,1.94869,1.9489999999999998,926,8,0
2024-03-06 07:40:00,1.9489999999999998,1.94942,1.94889,1.94889,482,8,0
2024-03-06 07:45:00,1.94889,1.94966,1.9488699999999999,1.9494799999999999,907,8,0
2024-03-06 07:50:00,1.9494799999999999,1.95028,1.94947,1.94985,921,8,0
2024-03-06 07:55:00,1.94985,1.95018,1.9497,1.9499300000000002,739,8,0
2024-03-06 08:00:00,1.9499300000000002,1.9516200000000001,1.9499300000000002,1.95102,996,8,0
2024-03-06 08:05:00,1.95102,1.95141,1.95096,1.95125,765,8,0
2024-03-06 08:10:00,1.9512399999999999,1.95159,1.9510800000000001,1.95126,729,8,0
2024-03-06 08:15:00,1.95126,1.95225,1.9512,1.9522300000000001,691,8,0
2024-03-06 08:20:00,1.9522300000000001,1.95248,1.9519,1.9521,599,8,0
2024-03-06 08:25:00,1.9521,1.9525299999999999,1.9519600000000001,1.95215,529,8,0
2024-03-06 08:30:00,1.95215,1.9525000000000001,1.9517600000000002,1.9519600000000001,587,8,0
2024-03-06 08:35:00,1.9519600000000001,1.9522,1.95152,1.95156,711,8,0
2024-03-06 08:40:00,1.9515500000000001,1.95195,1.95133,1.95145,664,8,0
2024-03-06 08:45:00,1.95146,1.95213,1.95143,1.9520300000000002,739,8,0
2024-03-06 08:50:00,1.9520300000000002,1.9520300000000002,1.95114,1.95123,808,8,0
2024-03-06 08:55:00,1.95123,1.95163,1.95106,1.95125,610,8,0
2024-03-06 09:00:00,1.95125,1.95217,1.9511699999999998,1.95202,755,8,0
2024-03-06 09:05:00,1.95201,1.95259,1.95184,1.95238,558,8,0
2024-03-06 09:10:00,1.9523700000000002,1.95265,1.9520300000000002,1.95235,637,8,0
2024-03-06 09:15:00,1.95235,1.95288,1.95229,1.95231,648,8,0
2024-03-06 09:20:00,1.95231,1.95236,1.95182,1.952,649,8,0
2024-03-06 09:25:00,1.952,1.9521899999999999,1.95168,1.95179,462,8,0
2024-03-06 09:30:00,1.95179,1.9524,1.95179,1.95182,686,8,0
2024-03-06 09:35:00,1.95182,1.95187,1.95125,1.95147,1016,8,0
2024-03-06 09:40:00,1.95147,1.95152,1.95112,1.95145,836,8,0
2024-03-06 09:45:00,1.9514399999999998,1.95164,1.95107,1.95143,719,8,0
2024-03-06 09:50:00,1.95143,1.95157,1.9510800000000001,1.95122,677,8,0
2024-03-06 09:55:00,1.95122,1.9515500000000001,1.95112,1.95125,451,8,0
2024-03-06 10:00:00,1.95122,1.95159,1.95095,1.95095,796,8,0
2024-03-06 10:05:00,1.9509400000000001,1.9510100000000001,1.95062,1.95065,695,8,0
2024-03-06 10:10:00,1.95065,1.9508999999999999,1.9503300000000001,1.95071,660,8,0
2024-03-06 10:15:00,1.95071,1.95079,1.9501,1.95015,907,8,0
2024-03-06 10:20:00,1.95015,1.95057,1.95007,1.95051,755,8,0
2024-03-06 10:25:00,1.95051,1.95058,1.95021,1.95041,357,8,0
2024-03-06 10:30:00,1.95041,1.95061,1.95019,1.95024,514,8,0
2024-03-06 10:35:00,1.95024,1.95031,1.94957,1.94964,509,8,0
2024-03-06 10:40:00,1.94964,1.95025,1.94956,1.95012,776,8,0
2024-03-06 10:45:00,1.95012,1.95046,1.9499900000000001,1.95017,498,8,0
2024-03-06 10:50:00,1.95017,1.9508999999999999,1.95011,1.9508100000000002,586,8,0
2024-03-06 10:55:00,1.9508100000000002,1.95134,1.9505599999999998,1.95065,558,8,0
2024-03-06 11:00:00,1.95065,1.9508999999999999,1.9502199999999998,1.95039,601,8,0
2024-03-06 11:05:00,1.9504000000000001,1.95051,1.94964,1.94987,592,8,0
2024-03-06 11:10:00,1.94987,1.95069,1.94983,1.9504299999999999,551,8,0
2024-03-06 11:15:00,1.95042,1.9504700000000001,1.94977,1.9498,596,8,0
2024-03-06 11:20:00,1.9498,1.95051,1.94977,1.9504700000000001,514,8,0
2024-03-06 11:25:00,1.9504700000000001,1.95066,1.95026,1.95034,408,8,0
2024-03-06 11:30:00,1.95035,1.95077,1.95032,1.9506700000000001,447,8,0
2024-03-06 11:35:00,1.9506700000000001,1.95068,1.9500600000000001,1.95025,473,8,0
2024-03-06 11:40:00,1.95025,1.95037,1.94992,1.95014,563,8,0
2024-03-06 11:45:00,1.9501300000000001,1.95018,1.94964,1.9498,398,8,0
2024-03-06 11:50:00,1.9498,1.95015,1.94962,1.94996,437,8,0
2024-03-06 11:55:00,1.9499300000000002,1.9503,1.94953,1.94954,560,8,0
2024-03-06 12:00:00,1.94954,1.9498799999999998,1.94875,1.9495900000000002,577,8,0
2024-03-06 12:05:00,1.94957,1.9497499999999999,1.94929,1.94947,716,8,0
2024-03-06 12:10:00,1.94947,1.94957,1.9491399999999999,1.9492099999999999,481,8,0
2024-03-06 12:15:00,1.9492099999999999,1.94943,1.94906,1.94908,553,8,0
2024-03-06 12:20:00,1.94908,1.94933,1.9489,1.9493,568,8,0
2024-03-06 12:25:00,1.9493,1.94931,1.94801,1.9480499999999998,818,8,0
2024-03-06 12:30:00,1.94807,1.94885,1.9480499999999998,1.9486599999999998,904,8,0
2024-03-06 12:35:00,1.94865,1.94882,1.94831,1.94881,692,8,0
2024-03-06 12:40:00,1.94881,1.94923,1.94872,1.9491800000000001,734,8,0
2024-03-06 12:45:00,1.9491800000000001,1.9492500000000001,1.94862,1.9488699999999999,804,8,0
2024-03-06 12:50:00,1.94886,1.9492500000000001,1.94783,1.94804,857,8,0
2024-03-06 12:55:00,1.94804,1.94908,1.9478,1.94885,777,8,0
2024-03-06 13:00:00,1.94885,1.94915,1.9487100000000002,1.9490699999999999,968,8,0
2024-03-06 13:05:00,1.9490699999999999,1.94964,1.9489999999999998,1.94947,822,8,0
2024-03-06 13:10:00,1.94947,1.94996,1.94942,1.94996,715,8,0
2024-03-06 13:15:00,1.9499499999999999,1.9501,1.94875,1.94875,1243,8,0
2024-03-06 13:20:00,1.9487700000000001,1.94895,1.94848,1.9487299999999999,1466,8,0
2024-03-06 13:25:00,1.94876,1.94902,1.94851,1.94881,1092,8,0
2024-03-06 13:30:00,1.94881,1.9491800000000001,1.94848,1.94852,2608,8,0
2024-03-06 13:35:00,1.94852,1.9485700000000001,1.94771,1.9481899999999999,1850,8,0
2024-03-06 13:40:00,1.9481899999999999,1.9481899999999999,1.94747,1.9476900000000001,1620,8,0
2024-03-06 13:45:00,1.9476900000000001,1.9477799999999998,1.94585,1.9459300000000002,1363,8,0
2024-03-06 13:50:00,1.9459300000000002,1.9463300000000001,1.94551,1.94578,1035,8,0
2024-03-06 13:55:00,1.9457900000000001,1.94587,1.94488,1.94539,1146,8,0
2024-03-06 14:00:00,1.94539,1.9454099999999999,1.94496,1.94508,1150,8,0
2024-03-06 14:05:00,1.9450699999999999,1.9452,1.94394,1.9441000000000002,1175,8,0
2024-03-06 14:10:00,1.94409,1.94441,1.94397,1.94408,1157,8,0
2024-03-06 14:15:00,1.94408,1.94483,1.94401,1.94459,805,8,0
2024-03-06 14:20:00,1.9445700000000001,1.94496,1.94449,1.94465,1060,8,0
2024-03-06 14:25:00,1.94466,1.94475,1.94384,1.9440499999999998,1078,8,0
2024-03-06 14:30:00,1.9440499999999998,1.94416,1.94298,1.94321,1531,8,0
2024-03-06 14:35:00,1.94321,1.94356,1.9428999999999998,1.94348,1181,8,0
2024-03-06 14:40:00,1.94348,1.9436900000000001,1.94323,1.9433099999999999,766,8,0
2024-03-06 14:45:00,1.94333,1.9433799999999999,1.94207,1.94246,1142,8,0
2024-03-06 14:50:00,1.94246,1.94266,1.9418199999999999,1.94197,1573,8,0
2024-03-06 14:55:00,1.94196,1.94275,1.9417499999999999,1.9422899999999998,1094,8,0
2024-03-06 15:00:00,1.94232,1.9427400000000001,1.94151,1.94255,1485,8,0
2024-03-06 15:05:00,1.94255,1.94332,1.9422199999999998,1.9430800000000001,2026,8,0
2024-03-06 15:10:00,1.9430800000000001,1.94325,1.94169,1.94191,1628,8,0
2024-03-06 15:15:00,1.94191,1.9423,1.94169,1.9422000000000001,1682,8,0
2024-03-06 15:20:00,1.9422000000000001,1.9424000000000001,1.94189,1.94219,1382,8,0
2024-03-06 15:25:00,1.94219,1.94275,1.94211,1.94239,1410,8,0
2024-03-06 15:30:00,1.94239,1.94273,1.94215,1.94248,1524,8,0
2024-03-06 15:35:00,1.94248,1.94269,1.94188,1.9419,1462,8,0
2024-03-06 15:40:00,1.94191,1.9420600000000001,1.94146,1.94147,1425,8,0
2024-03-06 15:45:00,1.94149,1.9415499999999999,1.9405000000000001,1.94052,1089,8,0
2024-03-06 15:50:00,1.94052,1.9411399999999999,1.94004,1.9403299999999999,1472,8,0
2024-03-06 15:55:00,1.9403299999999999,1.9409100000000001,1.9401199999999998,1.94076,1510,8,0
2024-03-06 16:00:00,1.94076,1.9414500000000001,1.94035,1.94129,1454,8,0
2024-03-06 16:05:00,1.94129,1.9416099999999998,1.94088,1.94106,1346,8,0
2024-03-06 16:10:00,1.94106,1.94138,1.9403899999999998,1.94042,1069,8,0
2024-03-06 16:15:00,1.94042,1.94096,1.94034,1.94069,945,8,0
2024-03-06 16:20:00,1.94069,1.94079,1.9401899999999999,1.94029,967,8,0
2024-03-06 16:25:00,1.94029,1.9403299999999999,1.93929,1.9393,855,8,0
2024-03-06 16:30:00,1.93932,1.93943,1.93892,1.9392,1031,8,0
2024-03-06 16:35:00,1.9391699999999998,1.9392399999999999,1.9384700000000001,1.93887,1433,8,0
2024-03-06 16:40:00,1.93886,1.93925,1.9386700000000001,1.93923,944,8,0
2024-03-06 16:45:00,1.93923,1.93945,1.93895,1.93929,745,8,0
2024-03-06 16:50:00,1.93929,1.93977,1.93909,1.9397,738,8,0
2024-03-06 16:55:00,1.9397199999999999,1.93982,1.93886,1.9397199999999999,1695,8,0
2024-03-06 17:00:00,1.9397,1.94028,1.93953,1.93968,1412,8,0
2024-03-06 17:05:00,1.93966,1.9401199999999998,1.93956,1.93975,1275,8,0
2024-03-06 17:10:00,1.93975,1.93986,1.93934,1.93946,1074,8,0
2024-03-06 17:15:00,1.93946,1.93994,1.93918,1.93993,962,8,0
2024-03-06 17:20:00,1.93993,1.93993,1.93925,1.93943,799,8,0
2024-03-06 17:25:00,1.93943,1.93956,1.93907,1.93907,702,8,0
2024-03-06 17:30:00,1.93907,1.93932,1.93898,1.93918,831,8,0
2024-03-06 17:35:00,1.9392,1.93926,1.93875,1.93891,764,8,0
2024-03-06 17:40:00,1.93891,1.9390100000000001,1.93864,1.93868,739,8,0
2024-03-06 17:45:00,1.93868,1.93883,1.93798,1.9381599999999999,1125,8,0
2024-03-06 17:50:00,1.93819,1.93885,1.9381300000000001,1.9387699999999999,1042,8,0
2024-03-06 17:55:00,1.9387699999999999,1.9391699999999998,1.93859,1.9390800000000001,693,8,0
2024-03-06 18:00:00,1.9390800000000001,1.9392200000000002,1.9385400000000002,1.93898,743,8,0
2024-03-06 18:05:00,1.93898,1.93912,1.9388100000000001,1.93885,610,8,0
2024-03-06 18:10:00,1.93885,1.93893,1.93859,1.93876,719,8,0
2024-03-06 18:15:00,1.93876,1.93891,1.9386100000000002,1.93871,757,8,0
2024-03-06 18:20:00,1.93871,1.9391500000000002,1.9386999999999999,1.93899,482,8,0
2024-03-06 18:25:00,1.93899,1.93899,1.9386,1.93871,694,8,0
2024-03-06 18:30:00,1.93871,1.93961,1.93869,1.9393799999999999,1159,8,0
2024-03-06 18:35:00,1.9393799999999999,1.94024,1.93937,1.93975,1410,8,0
2024-03-06 18:40:00,1.93971,1.9398,1.93911,1.93912,1156,8,0
2024-03-06 18:45:00,1.93912,1.93982,1.93892,1.93973,1200,8,0
2024-03-06 18:50:00,1.93974,1.93993,1.93948,1.9397799999999998,1151,8,0
2024-03-06 18:55:00,1.9397799999999998,1.94004,1.93974,1.93979,831,8,0
2024-03-06 19:00:00,1.93979,1.94034,1.9397,1.94009,1068,8,0
2024-03-06 19:05:00,1.9401199999999998,1.9402,1.93979,1.94007,1560,8,0
2024-03-06 19:10:00,1.94007,1.94059,1.93981,1.94042,1128,8,0
2024-03-06 19:15:00,1.9404,1.9406400000000001,1.94001,1.94027,1324,8,0
2024-03-06 19:20:00,1.94027,1.94043,1.94,1.9401899999999999,1060,8,0
2024-03-06 19:25:00,1.9401899999999999,1.94055,1.94006,1.9403000000000001,989,8,0
2024-03-06 19:30:00,1.9403000000000001,1.9403000000000001,1.93991,1.94005,998,8,0
2024-03-06 19:35:00,1.94005,1.94027,1.93995,1.9402,814,8,0
2024-03-06 19:40:00,1.9402,1.94042,1.93998,1.9403700000000002,765,8,0
2024-03-06 19:45:00,1.9403700000000002,1.9406400000000001,1.9402599999999999,1.94045,675,8,0
2024-03-06 19:50:00,1.94045,1.94051,1.94002,1.9401899999999999,562,8,0
2024-03-06 19:55:00,1.9401899999999999,1.94049,1.94005,1.94031,906,8,0
2024-03-06 20:00:00,1.94035,1.9404599999999999,1.94013,1.94014,835,8,0
2024-03-06 20:05:00,1.94014,1.94043,1.9401000000000002,1.9403899999999998,668,8,0
2024-03-06 20:10:00,1.9403899999999998,1.94047,1.94014,1.94027,886,8,0
2024-03-06 20:15:00,1.94027,1.9404400000000002,1.9401000000000002,1.94038,669,8,0
2024-03-06 20:20:00,1.94038,1.94075,1.94036,1.94061,696,8,0
2024-03-06 20:25:00,1.94061,1.9407,1.94045,1.9405700000000001,591,8,0
2024-03-06 20:30:00,1.94058,1.9407,1.94043,1.94068,691,8,0
2024-03-06 20:35:00,1.94068,1.9407999999999999,1.94024,1.9403299999999999,726,8,0
2024-03-06 20:40:00,1.9403299999999999,1.94035,1.94011,1.94025,619,8,0
2024-03-06 20:45:00,1.94025,1.94034,1.93997,1.94029,645,8,0
2024-03-06 20:50:00,1.94029,1.94058,1.94027,1.94032,602,8,0
2024-03-06 20:55:00,1.94032,1.94049,1.94005,1.9402599999999999,576,8,0
2024-03-06 21:00:00,1.94025,1.94062,1.94025,1.9403000000000001,305,8,0
2024-03-06 21:05:00,1.9403000000000001,1.94049,1.94018,1.94045,153,8,0
2024-03-06 21:10:00,1.94045,1.94069,1.9403000000000001,1.9405700000000001,304,8,0
2024-03-06 21:15:00,1.94059,1.94078,1.94009,1.94016,238,8,0
2024-03-06 21:20:00,1.94016,1.94017,1.9398900000000001,1.9399199999999999,152,8,0
2024-03-06 21:25:00,1.93993,1.94002,1.93973,1.93986,308,8,0
2024-03-06 21:30:00,1.93986,1.9398900000000001,1.9394900000000002,1.9395099999999998,234,8,0
2024-03-06 21:35:00,1.9395099999999998,1.93967,1.93926,1.9393500000000001,258,8,0
2024-03-06 21:40:00,1.9393500000000001,1.93937,1.9388100000000001,1.9388800000000002,250,8,0
2024-03-06 21:45:00,1.9388800000000002,1.939,1.93862,1.93887,216,8,0
2024-03-06 21:50:00,1.93887,1.9391500000000002,1.9387400000000001,1.93912,234,8,0
2024-03-06 21:55:00,1.93912,1.93954,1.9391,1.93943,284,8,0
2024-03-06 22:00:00,1.93943,1.93943,1.93896,1.93898,22,31,0
2024-03-06 22:05:00,1.93812,1.93916,1.9380899999999999,1.93889,43,56,0
2024-03-06 22:10:00,1.93889,1.939,1.9383599999999999,1.9383599999999999,25,82,0
2024-03-06 22:15:00,1.93892,1.9395799999999999,1.9385599999999998,1.93909,45,87,0
2024-03-06 22:20:00,1.93909,1.9393799999999999,1.93883,1.9393799999999999,47,95,0
2024-03-06 22:25:00,1.9393799999999999,1.93941,1.939,1.93907,53,92,0
2024-03-06 22:30:00,1.9392200000000002,1.93971,1.9390399999999999,1.9395099999999998,140,79,0
2024-03-06 22:35:00,1.9395099999999998,1.9400300000000001,1.93902,1.93984,375,70,0
2024-03-06 22:40:00,1.93988,1.9401000000000002,1.93954,1.93977,256,38,0
2024-03-06 22:45:00,1.93977,1.94014,1.9395,1.9395,210,15,0
2024-03-06 22:50:00,1.9395,1.93955,1.93859,1.93914,272,25,0
2024-03-06 22:55:00,1.93914,1.94024,1.93899,1.93987,789,21,0
2024-03-06 23:00:00,1.93987,1.93987,1.9388100000000001,1.93933,215,8,0
2024-03-06 23:05:00,1.93933,1.9393799999999999,1.93885,1.93916,121,8,0
2024-03-06 23:10:00,1.93918,1.93948,1.93906,1.93945,128,8,0
2024-03-06 23:15:00,1.93945,1.93945,1.9390100000000001,1.93921,177,8,0
2024-03-06 23:20:00,1.93921,1.9392399999999999,1.93907,1.93918,129,8,0
2024-03-06 23:25:00,1.93918,1.9395799999999999,1.939,1.93916,234,8,0
2024-03-06 23:30:00,1.93916,1.93943,1.93899,1.93943,170,8,0
2024-03-06 23:35:00,1.93943,1.93986,1.9393500000000001,1.93971,155,8,0
2024-03-06 23:40:00,1.93971,1.93986,1.93959,1.9396499999999999,128,8,0
2024-03-06 23:45:00,1.93967,1.9397,1.93916,1.93932,430,8,0
2024-03-06 23:50:00,1.93932,1.93967,1.9392200000000002,1.93945,296,8,0
2024-03-06 23:55:00,1.93947,1.93955,1.9392800000000001,1.93952,279,8,0
2024-03-07 00:00:00,1.93952,1.9396900000000001,1.9386299999999999,1.93869,527,8,0
2024-03-07 00:05:00,1.93869,1.9391,1.93852,1.93873,527,8,0
2024-03-07 00:10:00,1.93873,1.93889,1.9386100000000002,1.93873,517,8,0
2024-03-07 00:15:00,1.93873,1.9392200000000002,1.93868,1.9390399999999999,450,8,0
2024-03-07 00:20:00,1.9390399999999999,1.93914,1.93869,1.9389699999999999,458,8,0
2024-03-07 00:25:00,1.9389699999999999,1.9392,1.9386999999999999,1.9388999999999998,445,8,0
2024-03-07 00:30:00,1.9388999999999998,1.93899,1.9382899999999998,1.93838,567,8,0
2024-03-07 00:35:00,1.93838,1.9385,1.9380600000000001,1.9380899999999999,467,8,0
2024-03-07 00:40:00,1.9380899999999999,1.93872,1.93804,1.93858,507,8,0
2024-03-07 00:45:00,1.93858,1.93858,1.93767,1.9379499999999998,664,8,0
2024-03-07 00:50:00,1.9379499999999998,1.93817,1.93773,1.9379499999999998,675,8,0
2024-03-07 00:55:00,1.9379499999999998,1.93832,1.93777,1.93825,634,8,0
2024-03-07 01:00:00,1.93825,1.93884,1.93797,1.9387400000000001,800,8,0
2024-03-07 01:05:00,1.93873,1.9388100000000001,1.93814,1.93825,762,8,0
2024-03-07 01:10:00,1.93826,1.93834,1.93742,1.93756,745,8,0
2024-03-07 01:15:00,1.93756,1.9377900000000001,1.9373200000000002,1.9375900000000001,939,8,0
2024-03-07 01:20:00,1.93764,1.9384000000000001,1.9375,1.9382700000000002,865,8,0
2024-03-07 01:25:00,1.9382700000000002,1.93842,1.93762,1.9378,821,8,0
2024-03-07 01:30:00,1.93781,1.93781,1.93702,1.9374799999999999,1010,8,0
2024-03-07 01:35:00,1.9375,1.93858,1.93749,1.93801,1142,8,0
2024-03-07 01:40:00,1.93801,1.9382000000000001,1.93749,1.9375,777,8,0
2024-03-07 01:45:00,1.9375,1.9377900000000001,1.93735,1.9377900000000001,636,8,0
2024-03-07 01:50:00,1.9377900000000001,1.93799,1.9372500000000001,1.93781,707,8,0
2024-03-07 01:55:00,1.93781,1.93814,1.93749,1.9378199999999999,754,8,0
2024-03-07 02:00:00,1.9378199999999999,1.9379499999999998,1.93724,1.9377,678,8,0
2024-03-07 02:05:00,1.9377,1.93857,1.93769,1.9385400000000002,655,8,0
2024-03-07 02:10:00,1.9385400000000002,1.9393099999999999,1.9385400000000002,1.9392200000000002,592,8,0
2024-03-07 02:15:00,1.9392200000000002,1.93939,1.9382899999999998,1.9384000000000001,633,8,0
2024-03-07 02:20:00,1.9384000000000001,1.93858,1.9382000000000001,1.93833,609,8,0
2024-03-07 02:25:00,1.93833,1.93849,1.9381599999999999,1.93819,490,8,0
2024-03-07 02:30:00,1.93819,1.9382899999999998,1.93749,1.93749,585,8,0
2024-03-07 02:35:00,1.93749,1.93762,1.93706,1.93719,418,8,0
2024-03-07 02:40:00,1.93719,1.9375,1.93709,1.93715,343,8,0
2024-03-07 02:45:00,1.93715,1.93716,1.9367999999999999,1.93681,473,8,0
2024-03-07 02:50:00,1.93681,1.9368699999999999,1.93606,1.93649,478,8,0
2024-03-07 02:55:00,1.93649,1.93659,1.93613,1.93625,429,8,0
2024-03-07 03:00:00,1.93625,1.9364599999999998,1.93608,1.93631,469,8,0
2024-03-07 03:05:00,1.9363000000000001,1.93635,1.9355799999999999,1.93563,408,8,0
2024-03-07 03:10:00,1.93563,1.93618,1.93547,1.93609,365,8,0
2024-03-07 03:15:00,1.93609,1.93618,1.93586,1.93607,321,8,0
2024-03-07 03:20:00,1.93607,1.93701,1.93607,1.93688,423,8,0
2024-03-07 03:25:00,1.93688,1.93688,1.93638,1.93648,390,8,0
2024-03-07 03:30:00,1.9365,1.9365,1.9361199999999998,1.9363299999999999,372,8,0
2024-03-07 03:35:00,1.9363299999999999,1.9368400000000001,1.9363000000000001,1.9364400000000002,428,8,0
2024-03-07 03:40:00,1.9364400000000002,1.9364400000000002,1.93608,1.9361199999999998,302,8,0
2024-03-07 03:45:00,1.9361199999999998,1.93629,1.93557,1.9355799999999999,299,8,0
2024-03-07 03:50:00,1.9355799999999999,1.9356200000000001,1.93453,1.93453,490,8,0
2024-03-07 03:55:00,1.93453,1.93482,1.93426,1.93464,473,8,0
2024-03-07 04:00:00,1.93464,1.93479,1.93435,1.93453,530,8,0
2024-03-07 04:05:00,1.9345400000000001,1.93485,1.93439,1.93482,729,8,0
2024-03-07 04:10:00,1.9348100000000001,1.93496,1.93432,1.93434,428,8,0
2024-03-07 04:15:00,1.93434,1.93438,1.93399,1.93401,573,8,0
2024-03-07 04:20:00,1.93401,1.93442,1.93391,1.93425,492,8,0
2024-03-07 04:25:00,1.93425,1.93435,1.9338199999999999,1.93394,474,8,0
2024-03-07 04:30:00,1.93394,1.9342000000000001,1.9335,1.9340600000000001,569,8,0
2024-03-07 04:35:00,1.93407,1.93441,1.93403,1.93411,359,8,0
2024-03-07 04:40:00,1.93411,1.9342000000000001,1.93363,1.93377,436,8,0
2024-03-07 04:45:00,1.93376,1.93414,1.93353,1.93377,331,8,0
2024-03-07 04:50:00,1.93378,1.93412,1.93378,1.9340199999999999,306,8,0
2024-03-07 04:55:00,1.9340199999999999,1.9347699999999999,1.93398,1.93475,420,8,0
2024-03-07 05:00:00,1.93475,1.9352,1.93465,1.93496,474,8,0
2024-03-07 05:05:00,1.93496,1.93513,1.9347400000000001,1.93507,303,8,0
2024-03-07 05:10:00,1.93507,1.93541,1.93499,1.9352,381,8,0
2024-03-07 05:15:00,1.9352,1.9354200000000001,1.93476,1.93489,511,8,0
2024-03-07 05:20:00,1.93489,1.93507,1.93469,1.93487,361,8,0
2024-03-07 05:25:00,1.93487,1.93516,1.9347699999999999,1.9351099999999999,417,8,0
2024-03-07 05:30:00,1.93513,1.93564,1.93509,1.93564,453,8,0
2024-03-07 05:35:00,1.93564,1.93594,1.93564,1.9359,420,8,0
2024-03-07 05:40:00,1.9359,1.9360300000000001,1.93563,1.9359,446,8,0
2024-03-07 05:45:00,1.93589,1.9362,1.93573,1.93608,493,8,0
2024-03-07 05:50:00,1.93608,1.93634,1.93597,1.9363000000000001,400,8,0
2024-03-07 05:55:00,1.9363000000000001,1.93648,1.9360300000000001,1.9363899999999998,515,8,0
2024-03-07 06:00:00,1.93641,1.93666,1.93628,1.93628,501,8,0
2024-03-07 06:05:00,1.93629,1.93647,1.93601,1.93607,442,8,0
2024-03-07 06:10:00,1.93607,1.93642,1.9359600000000001,1.93605,470,8,0
2024-03-07 06:15:00,1.93605,1.93615,1.93552,1.93556,375,8,0
2024-03-07 06:20:00,1.93555,1.93568,1.9350800000000001,1.9353500000000001,597,8,0
2024-03-07 06:25:00,1.9353500000000001,1.9355799999999999,1.93492,1.93499,622,8,0
2024-03-07 06:30:00,1.93499,1.93525,1.93479,1.93498,446,8,0
2024-03-07 06:35:00,1.9349699999999999,1.9352200000000002,1.9346299999999998,1.93464,466,8,0
2024-03-07 06:40:00,1.93464,1.93483,1.9344299999999999,1.93478,458,8,0
2024-03-07 06:45:00,1.9347699999999999,1.9352399999999998,1.93466,1.93476,429,8,0
2024-03-07 06:50:00,1.93476,1.93487,1.93433,1.93445,581,8,0
2024-03-07 06:55:00,1.9344700000000001,1.93457,1.93417,1.93438,452,8,0
2024-03-07 07:00:00,1.93438,1.9350800000000001,1.93387,1.93489,871,8,0
2024-03-07 07:05:00,1.93489,1.935,1.93445,1.93475,852,8,0
2024-03-07 07:10:00,1.9347400000000001,1.93506,1.93464,1.9347699999999999,529,8,0
2024-03-07 07:15:00,1.9347699999999999,1.9348999999999998,1.93426,1.93432,639,8,0
2024-03-07 07:20:00,1.93432,1.9351,1.9342000000000001,1.93493,638,8,0
2024-03-07 07:25:00,1.93493,1.9354,1.93491,1.9351,697,8,0
2024-03-07 07:30:00,1.93509,1.9351,1.9338199999999999,1.9340899999999999,867,8,0
2024-03-07 07:35:00,1.9340899999999999,1.93452,1.93392,1.93433,796,8,0
2024-03-07 07:40:00,1.93433,1.9344999999999999,1.93403,1.93437,679,8,0
2024-03-07 07:45:00,1.93438,1.93448,1.9341300000000001,1.93426,740,8,0
2024-03-07 07:50:00,1.93426,1.9342899999999998,1.9330500000000002,1.93315,677,8,0
2024-03-07 07:55:00,1.93315,1.9335,1.93277,1.93285,981,8,0
2024-03-07 08:00:00,1.93285,1.9328699999999999,1.9321000000000002,1.93213,1065,8,0
2024-03-07 08:05:00,1.93213,1.9333900000000002,1.93213,1.93335,1099,8,0
2024-03-07 08:10:00,1.93335,1.93421,1.9331399999999999,1.9340899999999999,1053,8,0
2024-03-07 08:15:00,1.9340899999999999,1.93414,1.93269,1.9327800000000002,938,8,0
2024-03-07 08:20:00,1.93276,1.93302,1.93221,1.93245,996,8,0
2024-03-07 08:25:00,1.9324400000000002,1.93265,1.9320599999999999,1.93238,969,8,0
2024-03-07 08:30:00,1.93238,1.93281,1.93194,1.93216,809,8,0
2024-03-07 08:35:00,1.93214,1.9323700000000001,1.93164,1.93191,924,8,0
2024-03-07 08:40:00,1.93191,1.93213,1.93174,1.93182,867,8,0
2024-03-07 08:45:00,1.93182,1.9322300000000001,1.93182,1.93207,892,8,0
2024-03-07 08:50:00,1.93207,1.93251,1.93202,1.9321700000000002,713,8,0
2024-03-07 08:55:00,1.9321700000000002,1.93259,1.93163,1.9316900000000001,707,8,0
2024-03-07 09:00:00,1.9317,1.93211,1.9315,1.93204,910,8,0
2024-03-07 09:05:00,1.9321000000000002,1.9327,1.93189,1.9327,729,8,0
2024-03-07 09:10:00,1.9327,1.93282,1.9323700000000001,1.93241,633,8,0
2024-03-07 09:15:00,1.93241,1.93249,1.93205,1.93239,829,8,0
2024-03-07 09:20:00,1.93239,1.93245,1.93175,1.93205,725,8,0
2024-03-07 09:25:00,1.93205,1.93316,1.93195,1.93308,709,8,0
2024-03-07 09:30:00,1.93308,1.9335900000000001,1.93263,1.9327100000000002,773,8,0
2024-03-07 09:35:00,1.9327,1.93358,1.93214,1.93302,669,8,0
2024-03-07 09:40:00,1.93303,1.93315,1.93229,1.9324,730,8,0
2024-03-07 09:45:00,1.9324,1.93289,1.93229,1.9327999999999999,644,8,0
2024-03-07 09:50:00,1.9327999999999999,1.93316,1.93245,1.93254,563,8,0
2024-03-07 09:55:00,1.93254,1.9329399999999999,1.93243,1.9327,650,8,0
2024-03-07 10:00:00,1.93269,1.93269,1.9322599999999999,1.9324599999999998,702,8,0
2024-03-07 10:05:00,1.9324599999999998,1.93269,1.9320300000000001,1.93269,712,8,0
2024-03-07 10:10:00,1.93269,1.93276,1.93204,1.93204,658,8,0
2024-03-07 10:15:00,1.93204,1.93228,1.93175,1.93216,614,8,0
2024-03-07 10:20:00,1.93215,1.9321700000000002,1.93159,1.9316200000000001,618,8,0
2024-03-07 10:25:00,1.9316200000000001,1.9318499999999998,1.93147,1.93153,460,8,0
2024-03-07 10:30:00,1.93153,1.93154,1.93085,1.93139,487,8,0
2024-03-07 10:35:00,1.93139,1.93208,1.93119,1.93188,747,8,0
2024-03-07 10:40:00,1.93188,1.93205,1.93143,1.93146,633,8,0
2024-03-07 10:45:00,1.93146,1.93181,1.93134,1.93154,813,8,0
2024-03-07 10:50:00,1.93154,1.93175,1.93129,1.93157,677,8,0
2024-03-07 10:55:00,1.93157,1.9315799999999999,1.9306100000000002,1.93133,887,8,0
2024-03-07 11:00:00,1.93133,1.9318499999999998,1.9312,1.93161,854,8,0
2024-03-07 11:05:00,1.93161,1.93166,1.9308800000000002,1.9313,598,8,0
2024-03-07 11:10:00,1.93128,1.93145,1.93089,1.9311500000000001,699,8,0
2024-03-07 11:15:00,1.9311500000000001,1.9315799999999999,1.93092,1.9315799999999999,576,8,0
2024-03-07 11:20:00,1.9315799999999999,1.9319,1.93136,1.93136,624,8,0
2024-03-07 11:25:00,1.93136,1.93144,1.93092,1.9314200000000001,678,8,0
2024-03-07 11:30:00,1.9314200000000001,1.9318,1.9314200000000001,1.93157,514,8,0
2024-03-07 11:35:00,1.93157,1.9317,1.93132,1.93137,445,8,0
2024-03-07 11:40:00,1.93137,1.9314900000000002,1.93107,1.93128,614,8,0
2024-03-07 11:45:00,1.93128,1.93129,1.9307400000000001,1.93109,668,8,0
2024-03-07 11:50:00,1.93109,1.93132,1.93078,1.93119,622,8,0
2024-03-07 11:55:00,1.93119,1.93141,1.9308800000000002,1.9313099999999999,530,8,0
2024-03-07 12:00:00,1.9313,1.9313799999999999,1.93058,1.9308800000000002,760,8,0
2024-03-07 12:05:00,1.93087,1.93116,1.93075,1.93094,468,8,0
2024-03-07 12:10:00,1.93094,1.9309500000000002,1.93035,1.9307400000000001,516,8,0
2024-03-07 12:15:00,1.9307400000000001,1.9311,1.93068,1.9309699999999999,486,8,0
2024-03-07 12:20:00,1.9309699999999999,1.93103,1.9306299999999998,1.93064,747,8,0
2024-03-07 12:25:00,1.93064,1.93093,1.93059,1.9308,564,8,0
2024-03-07 12:30:00,1.93076,1.9313099999999999,1.93076,1.93094,681,8,0
2024-03-07 12:35:00,1.93094,1.93137,1.93078,1.93128,569,8,0
2024-03-07 12:40:00,1.93128,1.93148,1.93083,1.93106,493,8,0
2024-03-07 12:45:00,1.93106,1.93117,1.93044,1.9304999999999999,459,8,0
2024-03-07 12:50:00,1.9304999999999999,1.93072,1.93026,1.93034,661,8,0
2024-03-07 12:55:00,1.93034,1.93075,1.9301599999999999,1.9307400000000001,886,8,0
2024-03-07 13:00:00,1.93075,1.9314200000000001,1.93038,1.9312399999999998,1032,8,0
2024-03-07 13:05:00,1.9312399999999998,1.9313,1.93067,1.93113,825,8,0
2024-03-07 13:10:00,1.93113,1.93134,1.9308800000000002,1.93123,493,8,0
2024-03-07 13:15:00,1.9312399999999998,1.93126,1.9298600000000001,1.9299300000000001,1993,8,0
2024-03-07 13:20:00,1.92991,1.93003,1.92879,1.9291,1922,8,0
2024-03-07 13:25:00,1.92911,1.92926,1.92865,1.92899,1294,8,0
2024-03-07 13:30:00,1.92901,1.92933,1.92814,1.9281700000000002,1745,8,0
2024-03-07 13:35:00,1.9281700000000002,1.92848,1.9276200000000001,1.92821,1676,8,0
2024-03-07 13:40:00,1.92821,1.9286699999999999,1.92797,1.9285999999999999,1482,8,0
2024-03-07 13:45:00,1.9285999999999999,1.9292099999999999,1.92856,1.92885,1479,8,0
2024-03-07 13:50:00,1.92885,1.92978,1.92883,1.9295,1642,8,0
2024-03-07 13:55:00,1.9294799999999999,1.9298600000000001,1.92924,1.92943,1401,8,0
2024-03-07 14:00:00,1.92945,1.9308100000000001,1.92938,1.9306999999999999,1726,8,0
2024-03-07 14:05:00,1.93068,1.9310800000000001,1.93041,1.93064,1515,8,0
2024-03-07 14:10:00,1.93064,1.93106,1.9297,1.9297,1399,8,0
2024-03-07 14:15:00,1.9297,1.9298199999999999,1.92911,1.92958,1022,8,0
2024-03-07 14:20:00,1.92957,1.93039,1.92934,1.93001,1196,8,0
2024-03-07 14:25:00,1.9300199999999998,1.9302700000000002,1.92961,1.92994,1442,8,0
2024-03-07 14:30:00,1.92996,1.93087,1.92988,1.93014,1575,8,0
2024-03-07 14:35:00,1.93015,1.93112,1.92972,1.93093,1632,8,0
2024-03-07 14:40:00,1.93094,1.93105,1.93034,1.93072,1418,8,0
2024-03-07 14:45:00,1.93072,1.93166,1.93072,1.9315,1326,8,0
2024-03-07 14:50:00,1.9314900000000002,1.93175,1.93092,1.931,1519,8,0
2024-03-07 14:55:00,1.931,1.93155,1.93094,1.93127,1142,8,0
2024-03-07 15:00:00,1.93127,1.9321700000000002,1.9312399999999998,1.9321700000000002,977,8,0
2024-03-07 15:05:00,1.93218,1.9334099999999999,1.93215,1.93337,1367,8,0
2024-03-07 15:10:00,1.93337,1.93351,1.9327100000000002,1.9332799999999999,1481,8,0
2024-03-07 15:15:00,1.9332799999999999,1.93333,1.93222,1.93247,1153,8,0
2024-03-07 15:20:00,1.93247,1.9325299999999999,1.93164,1.93179,1323,8,0
2024-03-07 15:25:00,1.93179,1.9321000000000002,1.93134,1.93134,1318,8,0
2024-03-07 15:30:00,1.93134,1.93177,1.93121,1.9312399999999998,1197,8,0
2024-03-07 15:35:00,1.9312399999999998,1.93231,1.93121,1.9323000000000001,1325,8,0
2024-03-07 15:40:00,1.9323000000000001,1.93269,1.9320300000000001,1.9323700000000001,1225,8,0
2024-03-07 15:45:00,1.9323700000000001,1.93293,1.93224,1.93275,1153,8,0
2024-03-07 15:50:00,1.9327299999999998,1.93358,1.93251,1.93329,1112,8,0
2024-03-07 15:55:00,1.93329,1.93398,1.93281,1.93286,1498,8,0
2024-03-07 16:00:00,1.93286,1.9329,1.93229,1.93274,1361,8,0
2024-03-07 16:05:00,1.93274,1.93317,1.93262,1.93315,1100,8,0
2024-03-07 16:10:00,1.93315,1.93329,1.93289,1.93308,797,8,0
2024-03-07 16:15:00,1.93308,1.93351,1.93272,1.93308,787,8,0
2024-03-07 16:20:00,1.93308,1.9331800000000001,1.9324,1.93243,815,8,0
2024-03-07 16:25:00,1.93242,1.9324400000000002,1.9318,1.93197,1232,8,0
2024-03-07 16:30:00,1.93197,1.9329399999999999,1.9319199999999999,1.93274,1552,8,0
2024-03-07 16:35:00,1.93275,1.93295,1.93208,1.93228,1433,8,0
2024-03-07 16:40:00,1.93228,1.93279,1.9321199999999998,1.93266,1072,8,0
2024-03-07 16:45:00,1.93266,1.93295,1.9324599999999998,1.9325999999999999,1069,8,0
2024-03-07 16:50:00,1.9325999999999999,1.93303,1.9325,1.93295,1035,8,0
2024-03-07 16:55:00,1.93293,1.9335200000000001,1.93285,1.93326,1127,8,0
2024-03-07 17:00:00,1.9332500000000001,1.93346,1.93301,1.93316,973,8,0
2024-03-07 17:05:00,1.93313,1.93313,1.93263,1.9328699999999999,664,8,0
2024-03-07 17:10:00,1.9328699999999999,1.93289,1.93243,1.9326400000000001,743,8,0
2024-03-07 17:15:00,1.93266,1.93299,1.93242,1.93263,590,8,0
2024-03-07 17:20:00,1.93263,1.93308,1.93255,1.93292,654,8,0
2024-03-07 17:25:00,1.93292,1.93326,1.93283,1.9331399999999999,771,8,0
2024-03-07 17:30:00,1.9331399999999999,1.93336,1.93299,1.93322,797,8,0
2024-03-07 17:35:00,1.93322,1.93331,1.93303,1.93324,578,8,0
2024-03-07 17:40:00,1.93326,1.93344,1.93297,1.93304,716,8,0
2024-03-07 17:45:00,1.93304,1.93317,1.9327299999999998,1.9328699999999999,603,8,0
2024-03-07 17:50:00,1.9328699999999999,1.93303,1.93263,1.93299,520,8,0
2024-03-07 17:55:00,1.93299,1.93324,1.93296,1.93317,752,8,0
2024-03-07 18:00:00,1.9331800000000001,1.93333,1.9329,1.93331,768,8,0
2024-03-07 18:05:00,1.93331,1.93358,1.93319,1.9332099999999999,667,8,0
2024-03-07 18:10:00,1.9332099999999999,1.9334099999999999,1.93299,1.93338,497,8,0
2024-03-07 18:15:00,1.93338,1.9333900000000002,1.9331,1.93322,542,8,0
2024-03-07 18:20:00,1.93322,1.9337499999999999,1.93315,1.93369,683,8,0
2024-03-07 18:25:00,1.9336799999999998,1.93383,1.93351,1.93376,497,8,0
2024-03-07 18:30:00,1.93376,1.93404,1.9336799999999998,1.9339,588,8,0
2024-03-07 18:35:00,1.9339,1.9342000000000001,1.93377,1.9340199999999999,561,8,0
2024-03-07 18:40:00,1.9340199999999999,1.93419,1.9339300000000001,1.93394,433,8,0
2024-03-07 18:45:00,1.93394,1.93449,1.9338,1.9342000000000001,597,8,0
2024-03-07 18:50:00,1.9342000000000001,1.9343,1.93399,1.9341300000000001,594,8,0
2024-03-07 18:55:00,1.9341300000000001,1.93438,1.9340199999999999,1.93414,454,8,0
2024-03-07 19:00:00,1.93414,1.93435,1.93404,1.93432,668,8,0
2024-03-07 19:05:00,1.93432,1.9346700000000001,1.93425,1.9345599999999998,500,8,0
2024-03-07 19:10:00,1.9345599999999998,1.9346100000000002,1.93381,1.93422,743,8,0
2024-03-07 19:15:00,1.93422,1.93426,1.93405,1.93417,799,8,0
2024-03-07 19:20:00,1.9341599999999999,1.93433,1.9339,1.9342899999999998,795,8,0
2024-03-07 19:25:00,1.93426,1.9342700000000002,1.9340000000000002,1.9341,460,8,0
2024-03-07 19:30:00,1.93408,1.93415,1.9338199999999999,1.93392,399,8,0
2024-03-07 19:35:00,1.93392,1.93414,1.93384,1.93385,415,8,0
2024-03-07 19:40:00,1.93385,1.93424,1.93377,1.9341599999999999,507,8,0
2024-03-07 19:45:00,1.9341599999999999,1.93422,1.9339499999999998,1.93411,484,8,0
2024-03-07 19:50:00,1.93411,1.9342000000000001,1.9335200000000001,1.9336600000000002,484,8,0
2024-03-07 19:55:00,1.9336799999999998,1.93403,1.9335900000000001,1.9337900000000001,548,8,0
2024-03-07 20:00:00,1.93378,1.93418,1.93378,1.93405,641,8,0
2024-03-07 20:05:00,1.93405,1.93432,1.93403,1.93425,618,8,0
2024-03-07 20:10:00,1.93426,1.93444,1.93421,1.93434,464,8,0
2024-03-07 20:15:00,1.93434,1.93464,1.9343,1.9346,588,8,0
2024-03-07 20:20:00,1.9346,1.9348999999999998,1.9345599999999998,1.93483,593,8,0
2024-03-07 20:25:00,1.93484,1.9348800000000002,1.93451,1.93466,531,8,0
2024-03-07 20:30:00,1.93466,1.93489,1.93455,1.93457,535,8,0
2024-03-07 20:35:00,1.93457,1.935,1.93455,1.93494,366,8,0
2024-03-07 20:40:00,1.93494,1.93525,1.9348,1.9352200000000002,411,8,0
2024-03-07 20:45:00,1.9352200000000002,1.93539,1.9351,1.9352,338,8,0
2024-03-07 20:50:00,1.9352,1.9352,1.93473,1.93478,537,8,0
2024-03-07 20:55:00,1.9347699999999999,1.93525,1.93472,1.93521,798,8,0
2024-03-07 21:00:00,1.9352200000000002,1.93539,1.93521,1.93533,301,8,0
2024-03-07 21:05:00,1.93534,1.93545,1.9352200000000002,1.93537,262,8,0
2024-03-07 21:10:00,1.93537,1.93556,1.93536,1.93548,213,8,0
2024-03-07 21:15:00,1.93548,1.93571,1.93512,1.93518,443,8,0
2024-03-07 21:20:00,1.93518,1.93521,1.93485,1.93495,179,8,0
2024-03-07 21:25:00,1.93495,1.93499,1.93469,1.93471,216,8,0
2024-03-07 21:30:00,1.93471,1.9350100000000001,1.9345599999999998,1.9348800000000002,289,8,0
2024-03-07 21:35:00,1.9348800000000002,1.93498,1.93471,1.93482,214,8,0
2024-03-07 21:40:00,1.93483,1.93487,1.93476,1.93479,112,8,0
2024-03-07 21:45:00,1.93478,1.9349699999999999,1.93472,1.9348100000000001,229,8,0
2024-03-07 21:50:00,1.9348100000000001,1.93492,1.93469,1.93476,220,8,0
2024-03-07 21:55:00,1.93476,1.93487,1.93465,1.93472,283,8,0
2024-03-07 22:00:00,1.93469,1.93472,1.93362,1.93433,21,11,0
2024-03-07 22:05:00,1.93433,1.9346299999999998,1.93407,1.9346299999999998,38,71,0
2024-03-07 22:10:00,1.9346299999999998,1.9351099999999999,1.9342000000000001,1.93445,40,59,0
2024-03-07 22:15:00,1.9343599999999999,1.93453,1.93405,1.93426,45,40,0
2024-03-07 22:20:00,1.93426,1.93483,1.93424,1.93482,30,58,0
2024-03-07 22:25:00,1.93484,1.9351699999999998,1.9342000000000001,1.9348800000000002,96,12,0
2024-03-07 22:30:00,1.9348800000000002,1.93539,1.9348800000000002,1.93498,128,32,0
2024-03-07 22:35:00,1.93498,1.9354,1.93495,1.93523,272,24,0
2024-03-07 22:40:00,1.9352399999999998,1.93543,1.93514,1.9352,399,26,0
2024-03-07 22:45:00,1.9352,1.93544,1.9351500000000001,1.93541,124,29,0
2024-03-07 22:50:00,1.9354200000000001,1.93548,1.9351699999999998,1.93527,227,20,0
2024-03-07 22:55:00,1.9352800000000001,1.9356,1.93521,1.93552,232,17,0
2024-03-07 23:00:00,1.9356200000000001,1.9359899999999999,1.93544,1.93579,184,11,0
2024-03-07 23:05:00,1.93579,1.9359,1.93573,1.93574,108,9,0
2024-03-07 23:10:00,1.9357600000000001,1.9357600000000001,1.93548,1.93552,140,11,0
2024-03-07 23:15:00,1.93552,1.9357,1.93529,1.9355799999999999,210,8,0
2024-03-07 23:20:00,1.93559,1.9356900000000001,1.93529,1.93543,185,8,0
2024-03-07 23:25:00,1.93543,1.93554,1.9353500000000001,1.93544,135,8,0
2024-03-07 23:30:00,1.93544,1.9355,1.9353,1.93537,134,8,0
2024-03-07 23:35:00,1.93537,1.9354900000000002,1.93533,1.93543,241,8,0
2024-03-07 23:40:00,1.93543,1.93547,1.93519,1.93546,185,8,0
2024-03-07 23:45:00,1.93546,1.93568,1.93529,1.93564,137,8,0
2024-03-07 23:50:00,1.93564,1.9356499999999999,1.93525,1.9352800000000001,112,8,0
2024-03-07 23:55:00,1.9352800000000001,1.9353,1.93513,1.93516,105,8,0
2024-03-08 00:00:00,1.93516,1.93546,1.9347699999999999,1.93496,388,8,0
2024-03-08 00:05:00,1.93496,1.9351500000000001,1.93478,1.9350399999999999,353,8,0
2024-03-08 00:10:00,1.9350399999999999,1.9350399999999999,1.93435,1.9343599999999999,398,8,0
2024-03-08 00:15:00,1.93435,1.93453,1.93414,1.93438,412,8,0
2024-03-08 00:20:00,1.93438,1.93498,1.93437,1.93472,313,8,0
2024-03-08 00:25:00,1.93472,1.9348,1.93428,1.9345400000000001,260,8,0
2024-03-08 00:30:00,1.9345400000000001,1.93455,1.93376,1.93391,484,8,0
2024-03-08 00:35:00,1.93391,1.93391,1.93363,1.93372,375,8,0
2024-03-08 00:40:00,1.93372,1.93423,1.9336799999999998,1.93415,365,8,0
2024-03-08 00:45:00,1.93415,1.93451,1.9341,1.93428,481,8,0
2024-03-08 00:50:00,1.93428,1.93433,1.93371,1.93373,569,8,0
2024-03-08 00:55:00,1.93373,1.93431,1.9336600000000002,1.93426,456,8,0
2024-03-08 01:00:00,1.93426,1.93455,1.93392,1.9345400000000001,504,8,0
2024-03-08 01:05:00,1.9345400000000001,1.93559,1.93448,1.93557,594,8,0
2024-03-08 01:10:00,1.93555,1.9357799999999998,1.9352800000000001,1.9353,510,8,0
2024-03-08 01:15:00,1.93533,1.93617,1.9352800000000001,1.93606,608,8,0
2024-03-08 01:20:00,1.93606,1.93661,1.9355099999999998,1.9358499999999998,703,8,0
2024-03-08 01:25:00,1.9358499999999998,1.93622,1.93574,1.93602,478,8,0
2024-03-08 01:30:00,1.93602,1.93611,1.93518,1.93536,698,8,0
2024-03-08 01:35:00,1.93536,1.93575,1.9347400000000001,1.9352,689,8,0
2024-03-08 01:40:00,1.9352,1.9359600000000001,1.9351,1.93559,568,8,0
2024-03-08 01:45:00,1.93559,1.93593,1.9354200000000001,1.93575,636,8,0
2024-03-08 01:50:00,1.93575,1.93581,1.9346999999999999,1.9348,637,8,0
2024-03-08 01:55:00,1.9348100000000001,1.9351,1.93476,1.9350399999999999,561,8,0
2024-03-08 02:00:00,1.9350399999999999,1.93598,1.9348999999999998,1.93598,545,8,0
2024-03-08 02:05:00,1.93598,1.9363000000000001,1.9358,1.93607,475,8,0
2024-03-08 02:10:00,1.93607,1.9361899999999999,1.93543,1.9356,536,8,0
2024-03-08 02:15:00,1.93561,1.9357199999999999,1.93521,1.93547,520,8,0
2024-03-08 02:20:00,1.93547,1.9354900000000002,1.93475,1.9348100000000001,482,8,0
2024-03-08 02:25:00,1.9348100000000001,1.9350100000000001,1.93459,1.93466,410,8,0
2024-03-08 02:30:00,1.93466,1.93476,1.93423,1.9346999999999999,440,8,0
2024-03-08 02:35:00,1.9346999999999999,1.93475,1.93417,1.93433,437,8,0
2024-03-08 02:40:00,1.93434,1.93438,1.9338600000000001,1.93405,462,8,0
2024-03-08 02:45:00,1.9340600000000001,1.93502,1.93404,1.9347699999999999,483,8,0
2024-03-08 02:50:00,1.9347699999999999,1.93507,1.93469,1.93476,373,8,0
2024-03-08 02:55:00,1.93476,1.9348100000000001,1.9343599999999999,1.93451,454,8,0
2024-03-08 03:00:00,1.93451,1.93476,1.9344000000000001,1.93466,428,8,0
2024-03-08 03:05:00,1.9346700000000001,1.9346999999999999,1.93372,1.93397,426,8,0
2024-03-08 03:10:00,1.93397,1.93408,1.93311,1.93333,438,8,0
2024-03-08 03:15:00,1.9333200000000001,1.9335900000000001,1.93327,1.93335,499,8,0
2024-03-08 03:20:00,1.93335,1.93351,1.93322,1.9334500000000001,373,8,0
2024-03-08 03:25:00,1.9334500000000001,1.93347,1.93311,1.93319,284,8,0
2024-03-08 03:30:00,1.93319,1.93329,1.93279,1.9330699999999998,422,8,0
2024-03-08 03:35:00,1.93303,1.93335,1.93286,1.9333,411,8,0
2024-03-08 03:40:00,1.9333,1.93343,1.93312,1.93316,273,8,0
2024-03-08 03:45:00,1.93316,1.93344,1.93316,1.9333399999999998,316,8,0
2024-03-08 03:50:00,1.9333399999999998,1.9333399999999998,1.93281,1.93283,338,8,0
2024-03-08 03:55:00,1.93283,1.9329,1.93254,1.93261,304,8,0
2024-03-08 04:00:00,1.93261,1.93285,1.9322599999999999,1.93261,507,8,0
2024-03-08 04:05:00,1.93261,1.93302,1.93249,1.93255,402,8,0
2024-03-08 04:10:00,1.93255,1.9325700000000001,1.93231,1.9324,344,8,0
2024-03-08 04:15:00,1.9324,1.9328400000000001,1.93216,1.9327800000000002,382,8,0
2024-03-08 04:20:00,1.93281,1.93281,1.93256,1.93276,335,8,0
2024-03-08 04:25:00,1.93276,1.93286,1.9325299999999999,1.93261,301,8,0
2024-03-08 04:30:00,1.93261,1.9327299999999998,1.93238,1.93272,291,8,0
2024-03-08 04:35:00,1.93272,1.93288,1.93265,1.93281,310,8,0
2024-03-08 04:40:00,1.93281,1.93283,1.93256,1.93256,307,8,0
2024-03-08 04:45:00,1.9325700000000001,1.9331800000000001,1.9325299999999999,1.93315,319,8,0
2024-03-08 04:50:00,1.93315,1.9333200000000001,1.93302,1.9331399999999999,289,8,0
2024-03-08 04:55:00,1.9331399999999999,1.93337,1.93311,1.93317,320,8,0
2024-03-08 05:00:00,1.93317,1.9332099999999999,1.93269,1.9327800000000002,397,8,0
2024-03-08 05:05:00,1.9327800000000002,1.9327800000000002,1.93252,1.93272,339,8,0
2024-03-08 05:10:00,1.93272,1.933,1.93256,1.93274,379,8,0
2024-03-08 05:15:00,1.93274,1.93286,1.9323000000000001,1.9323299999999999,326,8,0
2024-03-08 05:20:00,1.9323299999999999,1.93255,1.93216,1.9323299999999999,485,8,0
2024-03-08 05:25:00,1.9323299999999999,1.93243,1.93209,1.9324,351,8,0
2024-03-08 05:30:00,1.9324,1.93245,1.9321000000000002,1.93225,302,8,0
2024-03-08 05:35:00,1.93225,1.9325,1.9321899999999999,1.93248,290,8,0
2024-03-08 05:40:00,1.93248,1.93251,1.9320599999999999,1.93214,333,8,0
2024-03-08 05:45:00,1.93214,1.93234,1.93205,1.9320599999999999,351,8,0
2024-03-08 05:50:00,1.93208,1.9323299999999999,1.93141,1.93147,485,8,0
2024-03-08 05:55:00,1.93147,1.9314900000000002,1.93092,1.93106,499,8,0
2024-03-08 06:00:00,1.93106,1.93152,1.93092,1.93137,503,8,0
2024-03-08 06:05:00,1.93137,1.9318499999999998,1.9312399999999998,1.93161,496,8,0
2024-03-08 06:10:00,1.93161,1.93227,1.93159,1.9317199999999999,455,8,0
2024-03-08 06:15:00,1.93171,1.9318,1.9314900000000002,1.9317,463,8,0
2024-03-08 06:20:00,1.9317,1.93187,1.93163,1.9317600000000001,226,8,0
2024-03-08 06:25:00,1.9317600000000001,1.93184,1.9316,1.9316900000000001,324,8,0
2024-03-08 06:30:00,1.9316900000000001,1.9316900000000001,1.9308100000000001,1.93117,468,8,0
2024-03-08 06:35:00,1.93117,1.93143,1.9308800000000002,1.9313799999999999,440,8,0
2024-03-08 06:40:00,1.9313799999999999,1.93154,1.9313099999999999,1.9314200000000001,382,8,0
2024-03-08 06:45:00,1.9314200000000001,1.93157,1.93129,1.93137,335,8,0
2024-03-08 06:50:00,1.9313799999999999,1.93145,1.93119,1.93136,365,8,0
2024-03-08 06:55:00,1.93136,1.93145,1.93093,1.9309699999999999,393,8,0
2024-03-08 07:00:00,1.9309699999999999,1.93159,1.9308100000000001,1.93127,598,8,0
2024-03-08 07:05:00,1.93127,1.93224,1.93127,1.93211,747,8,0
2024-03-08 07:10:00,1.93209,1.9322,1.9316200000000001,1.9321199999999998,701,8,0
2024-03-08 07:15:00,1.9321199999999998,1.93259,1.9320599999999999,1.93255,627,8,0
2024-03-08 07:20:00,1.93255,1.93258,1.93187,1.932,693,8,0
2024-03-08 07:25:00,1.9319899999999999,1.93209,1.93144,1.93193,844,8,0
2024-03-08 07:30:00,1.93193,1.93193,1.93117,1.93126,636,8,0
2024-03-08 07:35:00,1.93127,1.93134,1.93015,1.93018,658,8,0
2024-03-08 07:40:00,1.93018,1.93019,1.92965,1.9298199999999999,911,8,0
2024-03-08 07:45:00,1.92981,1.93052,1.92951,1.92991,961,8,0
2024-03-08 07:50:00,1.92991,1.93049,1.92977,1.92983,696,8,0
2024-03-08 07:55:00,1.92983,1.93005,1.92934,1.92935,695,8,0
2024-03-08 08:00:00,1.92935,1.93039,1.92915,1.93039,1055,8,0
2024-03-08 08:05:00,1.93039,1.9316499999999999,1.93039,1.93155,959,8,0
2024-03-08 08:10:00,1.93155,1.93155,1.9305400000000001,1.9306299999999998,836,8,0
2024-03-08 08:15:00,1.9306299999999998,1.9310800000000001,1.93039,1.93093,635,8,0
2024-03-08 08:20:00,1.93093,1.93129,1.93059,1.93129,553,8,0
2024-03-08 08:25:00,1.93129,1.9319899999999999,1.93098,1.93161,693,8,0
2024-03-08 08:30:00,1.9316200000000001,1.93215,1.93137,1.93153,885,8,0
2024-03-08 08:35:00,1.9315099999999998,1.9318499999999998,1.93129,1.93174,659,8,0
2024-03-08 08:40:00,1.93174,1.93174,1.9311500000000001,1.93163,592,8,0
2024-03-08 08:45:00,1.93163,1.93163,1.93121,1.93147,573,8,0
2024-03-08 08:50:00,1.93147,1.93189,1.9314,1.93187,496,8,0
2024-03-08 08:55:00,1.93187,1.9321700000000002,1.9315600000000002,1.93215,865,8,0
2024-03-08 09:00:00,1.93215,1.93247,1.93198,1.93213,851,8,0
2024-03-08 09:05:00,1.93213,1.9324400000000002,1.93198,1.93202,586,8,0
2024-03-08 09:10:00,1.93202,1.93213,1.93133,1.9314,601,8,0
2024-03-08 09:15:00,1.9314,1.93166,1.93035,1.93044,891,8,0
2024-03-08 09:20:00,1.93045,1.93069,1.93012,1.9306100000000002,941,8,0
2024-03-08 09:25:00,1.9306,1.9313,1.93056,1.93113,804,8,0
2024-03-08 09:30:00,1.93114,1.93123,1.9299,1.93022,1104,8,0
2024-03-08 09:35:00,1.93022,1.93086,1.9300000000000002,1.9307400000000001,1227,8,0
2024-03-08 09:40:00,1.9307400000000001,1.9308800000000002,1.9300199999999998,1.9304299999999999,828,8,0
2024-03-08 09:45:00,1.9304299999999999,1.9307400000000001,1.92976,1.9307400000000001,936,8,0
2024-03-08 09:50:00,1.9307400000000001,1.9311,1.93062,1.93076,760,8,0
2024-03-08 09:55:00,1.93076,1.93079,1.9302899999999998,1.93055,565,8,0
2024-03-08 10:00:00,1.9305400000000001,1.93091,1.9304299999999999,1.93071,595,8,0
2024-03-08 10:05:00,1.93071,1.93139,1.93032,1.9312,1010,8,0
2024-03-08 10:10:00,1.93121,1.93121,1.93071,1.93109,814,8,0
2024-03-08 10:15:00,1.9311,1.9312399999999998,1.93023,1.93026,590,8,0
2024-03-08 10:20:00,1.93026,1.93028,1.92971,1.9298600000000001,660,8,0
2024-03-08 10:25:00,1.9298600000000001,1.93034,1.92953,1.9301599999999999,603,8,0
2024-03-08 10:30:00,1.9301599999999999,1.93026,1.92963,1.93003,507,8,0
2024-03-08 10:35:00,1.93003,1.9303599999999999,1.92981,1.92981,652,8,0
2024-03-08 10:40:00,1.92981,1.93048,1.92981,1.92994,489,8,0
2024-03-08 10:45:00,1.92994,1.93086,1.92992,1.93052,591,8,0
2024-03-08 10:50:00,1.93052,1.9307400000000001,1.93033,1.93073,624,8,0
2024-03-08 10:55:00,1.93073,1.9315099999999998,1.93064,1.93137,813,8,0
2024-03-08 11:00:00,1.93137,1.9314200000000001,1.93059,1.93066,676,8,0
2024-03-08 11:05:00,1.93066,1.93078,1.9304000000000001,1.93062,485,8,0
2024-03-08 11:10:00,1.93062,1.93117,1.93042,1.93057,655,8,0
2024-03-08 11:15:00,1.93057,1.93059,1.93008,1.9300899999999999,539,8,0
2024-03-08 11:20:00,1.9301,1.9302000000000001,1.92957,1.92994,540,8,0
2024-03-08 11:25:00,1.92994,1.9304299999999999,1.9298,1.9301300000000001,516,8,0
2024-03-08 11:30:00,1.9301300000000001,1.93028,1.92958,1.92964,531,8,0
2024-03-08 11:35:00,1.92964,1.93028,1.9295,1.93023,700,8,0
2024-03-08 11:40:00,1.93023,1.93023,1.92992,1.92995,575,8,0
2024-03-08 11:45:00,1.92995,1.93033,1.92994,1.93031,522,8,0
2024-03-08 11:50:00,1.93031,1.93062,1.93024,1.93059,458,8,0
2024-03-08 11:55:00,1.93059,1.9306100000000002,1.9302000000000001,1.93038,527,8,0
2024-03-08 12:00:00,1.93038,1.93092,1.93035,1.93076,643,8,0
2024-03-08 12:05:00,1.93076,1.9316499999999999,1.93066,1.93154,512,8,0
2024-03-08 12:10:00,1.93154,1.9319199999999999,1.9312399999999998,1.9319,428,8,0
2024-03-08 12:15:00,1.93189,1.9321700000000002,1.93174,1.93201,444,8,0
2024-03-08 12:20:00,1.93201,1.9327299999999998,1.93198,1.93268,483,8,0
2024-03-08 12:25:00,1.93268,1.93297,1.93258,1.93276,463,8,0
2024-03-08 12:30:00,1.93276,1.93353,1.93276,1.9335200000000001,577,8,0
2024-03-08 12:35:00,1.9335200000000001,1.93384,1.93335,1.93371,630,8,0
2024-03-08 12:40:00,1.93371,1.9338,1.93331,1.93346,540,8,0
2024-03-08 12:45:00,1.93347,1.93371,1.93311,1.93317,628,8,0
2024-03-08 12:50:00,1.93317,1.93344,1.93301,1.93335,773,8,0
2024-03-08 12:55:00,1.93335,1.93388,1.93326,1.9338199999999999,653,8,0
2024-03-08 13:00:00,1.93383,1.9338899999999999,1.93324,1.9333200000000001,893,8,0
2024-03-08 13:05:00,1.9333200000000001,1.93411,1.93331,1.93367,728,8,0
2024-03-08 13:10:00,1.93367,1.9344299999999999,1.93365,1.93433,881,8,0
2024-03-08 13:15:00,1.93431,1.93451,1.93394,1.93417,670,8,0
2024-03-08 13:20:00,1.93417,1.9352800000000001,1.93417,1.93509,781,8,0
2024-03-08 13:25:00,1.93509,1.93509,1.9339,1.9346299999999998,789,8,0
2024-03-08 13:30:00,1.9346299999999998,1.9371399999999999,1.93326,1.93486,3250,8,0
2024-03-08 13:35:00,1.9348,1.9351,1.93302,1.93309,2699,8,0
2024-03-08 13:40:00,1.9331,1.93439,1.93238,1.93388,2493,8,0
2024-03-08 13:45:00,1.93388,1.93607,1.93388,1.93566,2162,8,0
2024-03-08 13:50:00,1.93567,1.93645,1.93533,1.93557,2028,8,0
2024-03-08 13:55:00,1.93557,1.9360300000000001,1.93512,1.9359899999999999,2012,8,0
2024-03-08 14:00:00,1.936,1.93635,1.93563,1.93588,1968,8,0
2024-03-08 14:05:00,1.9358499999999998,1.9374,1.93581,1.9371800000000001,2003,8,0
2024-03-08 14:10:00,1.9371399999999999,1.93738,1.93635,1.9370500000000002,1786,8,0
2024-03-08 14:15:00,1.9370500000000002,1.93717,1.93625,1.93636,1701,8,0
2024-03-08 14:20:00,1.9363700000000001,1.9365299999999999,1.9356,1.93575,1436,8,0
2024-03-08 14:25:00,1.93575,1.93688,1.93561,1.9364,1493,8,0
2024-03-08 14:30:00,1.9363899999999998,1.93668,1.93588,1.93632,2004,8,0
2024-03-08 14:35:00,1.93632,1.9374500000000001,1.9363000000000001,1.93701,1870,8,0
2024-03-08 14:40:00,1.937,1.93743,1.93693,1.93735,1258,8,0
2024-03-08 14:45:00,1.93735,1.93784,1.93662,1.9376799999999998,1401,8,0
2024-03-08 14:50:00,1.9376799999999998,1.9379499999999998,1.93717,1.93763,1341,8,0
2024-03-08 14:55:00,1.93763,1.9381599999999999,1.9375,1.93796,1184,8,0
2024-03-08 15:00:00,1.93794,1.9386,1.93757,1.93858,1423,8,0
2024-03-08 15:05:00,1.93858,1.93906,1.9384000000000001,1.93883,1233,8,0
2024-03-08 15:10:00,1.93883,1.9394,1.9387400000000001,1.93907,1009,8,0
2024-03-08 15:15:00,1.93907,1.93982,1.93884,1.9396499999999999,1158,8,0
2024-03-08 15:20:00,1.9396499999999999,1.94,1.93941,1.9397199999999999,1107,8,0
2024-03-08 15:25:00,1.9397199999999999,1.93994,1.9393,1.9397199999999999,1132,8,0
2024-03-08 15:30:00,1.9397199999999999,1.9398900000000001,1.93879,1.93886,1378,8,0
2024-03-08 15:35:00,1.93886,1.93933,1.9388100000000001,1.93916,1241,8,0
2024-03-08 15:40:00,1.9391500000000002,1.9402300000000001,1.9390800000000001,1.9402,1358,8,0
2024-03-08 15:45:00,1.94022,1.9407,1.94016,1.9404599999999999,1174,8,0
2024-03-08 15:50:00,1.9404599999999999,1.94047,1.9396499999999999,1.9399,1236,8,0
2024-03-08 15:55:00,1.9399,1.9402599999999999,1.93947,1.9395099999999998,1273,8,0
2024-03-08 16:00:00,1.93952,1.94022,1.9395,1.94022,1477,8,0
2024-03-08 16:05:00,1.94022,1.94052,1.93957,1.94,1386,8,0
2024-03-08 16:10:00,1.9399899999999999,1.9404,1.9398,1.93982,1331,8,0
2024-03-08 16:15:00,1.93982,1.94062,1.9396499999999999,1.94043,1268,8,0
2024-03-08 16:20:00,1.94042,1.94102,1.94029,1.94092,1047,8,0
2024-03-08 16:25:00,1.94092,1.94104,1.9404400000000002,1.9407299999999998,965,8,0
2024-03-08 16:30:00,1.9407299999999998,1.94106,1.9402300000000001,1.9403299999999999,1075,8,0
2024-03-08 16:35:00,1.9403299999999999,1.94042,1.93944,1.9396200000000001,999,8,0
2024-03-08 16:40:00,1.9396200000000001,1.93975,1.93918,1.93921,1213,8,0
2024-03-08 16:45:00,1.93921,1.93957,1.9390100000000001,1.93913,1203,8,0
2024-03-08 16:50:00,1.93913,1.93947,1.93869,1.93934,1272,8,0
2024-03-08 16:55:00,1.93934,1.93953,1.93907,1.93937,1245,8,0
2024-03-08 17:00:00,1.93937,1.93955,1.93852,1.93875,1183,8,0
2024-03-08 17:05:00,1.93875,1.93886,1.93815,1.93851,1440,8,0
2024-03-08 17:10:00,1.93851,1.93893,1.93831,1.93849,1248,8,0
2024-03-08 17:15:00,1.93851,1.93859,1.93812,1.93841,1338,8,0
2024-03-08 17:20:00,1.93841,1.93883,1.93818,1.93853,1208,8,0
2024-03-08 17:25:00,1.93853,1.9385400000000002,1.93791,1.93805,1240,8,0
2024-03-08 17:30:00,1.93805,1.93858,1.93794,1.9385,987,8,0
2024-03-08 17:35:00,1.93848,1.9387699999999999,1.93823,1.93833,1032,8,0
2024-03-08 17:40:00,1.93833,1.93923,1.93833,1.93913,1073,8,0
2024-03-08 17:45:00,1.93913,1.9395099999999998,1.93911,1.93943,773,8,0
2024-03-08 17:50:00,1.93943,1.94017,1.93929,1.94006,857,8,0
2024-03-08 17:55:00,1.94006,1.94016,1.9396200000000001,1.93986,733,8,0
2024-03-08 18:00:00,1.93986,1.94034,1.93971,1.94028,942,8,0
2024-03-08 18:05:00,1.94027,1.94052,1.94017,1.9403700000000002,876,8,0
2024-03-08 18:10:00,1.9403700000000002,1.94058,1.94006,1.94038,748,8,0
2024-03-08 18:15:00,1.94038,1.9404400000000002,1.94007,1.94042,721,8,0
2024-03-08 18:20:00,1.94042,1.9405000000000001,1.94006,1.94034,1030,8,0
2024-03-08 18:25:00,1.94034,1.9404,1.9399899999999999,1.94011,628,8,0
2024-03-08 18:30:00,1.94011,1.94027,1.9398300000000002,1.94017,904,8,0
2024-03-08 18:35:00,1.94018,1.94066,1.94008,1.9403899999999998,754,8,0
2024-03-08 18:40:00,1.9403899999999998,1.94085,1.94036,1.9406400000000001,514,8,0
2024-03-08 18:45:00,1.94062,1.9407100000000002,1.94002,1.9403899999999998,456,8,0
2024-03-08 18:50:00,1.9403899999999998,1.94058,1.94013,1.94049,644,8,0
2024-03-08 18:55:00,1.94049,1.94056,1.94021,1.94028,432,8,0
2024-03-08 19:00:00,1.94028,1.94052,1.94015,1.94036,627,8,0
2024-03-08 19:05:00,1.94036,1.94078,1.94031,1.94049,567,8,0
2024-03-08 19:10:00,1.94049,1.94085,1.9403899999999998,1.9408400000000001,546,8,0
2024-03-08 19:15:00,1.9408400000000001,1.94103,1.94066,1.94068,598,8,0
2024-03-08 19:20:00,1.94068,1.9407,1.9402599999999999,1.9405299999999999,684,8,0
2024-03-08 19:25:00,1.94052,1.94109,1.9405000000000001,1.9409800000000001,676,8,0
2024-03-08 19:30:00,1.9409800000000001,1.94101,1.94065,1.94081,680,8,0
2024-03-08 19:35:00,1.94081,1.94086,1.9405700000000001,1.94062,449,8,0
2024-03-08 19:40:00,1.94062,1.94072,1.94027,1.94029,683,8,0
2024-03-08 19:45:00,1.94028,1.94061,1.94017,1.9404400000000002,566,8,0
2024-03-08 19:50:00,1.9404400000000002,1.94054,1.94021,1.94048,481,8,0
2024-03-08 19:55:00,1.94048,1.94066,1.9403899999999998,1.94052,530,8,0
2024-03-08 20:00:00,1.9405299999999999,1.94063,1.9404,1.9405299999999999,460,8,0
2024-03-08 20:05:00,1.94049,1.94066,1.9404,1.94065,574,8,0
2024-03-08 20:10:00,1.94065,1.94082,1.94048,1.94066,963,8,0
2024-03-08 20:15:00,1.9406400000000001,1.9408400000000001,1.94052,1.9407,693,8,0
2024-03-08 20:20:00,1.9407,1.94103,1.9407,1.94101,652,8,0
2024-03-08 20:25:00,1.94101,1.94169,1.94092,1.9416,842,8,0
2024-03-08 20:30:00,1.9415900000000001,1.9416600000000002,1.9414,1.94158,714,8,0
2024-03-08 20:35:00,1.94158,1.9416600000000002,1.94143,1.94149,554,8,0
2024-03-08 20:40:00,1.94149,1.94151,1.94116,1.9412099999999999,525,8,0
2024-03-08 20:45:00,1.9412099999999999,1.94144,1.94115,1.94133,407,8,0
2024-03-08 20:50:00,1.94133,1.94136,1.94095,1.94095,441,8,0
2024-03-08 20:55:00,1.94088,1.94109,1.94077,1.94085,549,8,0
2024-03-08 21:00:00,1.94083,1.94088,1.94028,1.94072,291,8,0
2024-03-08 21:05:00,1.94072,1.9409,1.94055,1.94067,411,8,0
2024-03-08 21:10:00,1.94067,1.94097,1.94062,1.9409,433,8,0
2024-03-08 21:15:00,1.9409,1.9410699999999999,1.94082,1.94096,433,8,0
2024-03-08 21:20:00,1.94096,1.94096,1.9404599999999999,1.94058,339,8,0
2024-03-08 21:25:00,1.94059,1.94066,1.94032,1.9405299999999999,561,8,0
2024-03-08 21:30:00,1.94055,1.9407299999999998,1.94043,1.9405700000000001,311,10,0
2024-03-08 21:35:00,1.9405700000000001,1.94062,1.94032,1.9404,286,8,0
2024-03-08 21:40:00,1.9404,1.94062,1.94038,1.9404599999999999,288,10,0
2024-03-08 21:45:00,1.94045,1.94066,1.94028,1.9405999999999999,195,10,0
2024-03-08 21:50:00,1.9405999999999999,1.94061,1.94,1.9402,138,13,0
2024-03-10 21:05:00,1.9392200000000002,1.93997,1.9392200000000002,1.9394900000000002,38,205,0
2024-03-10 21:10:00,1.9394900000000002,1.9398,1.93906,1.93955,23,210,0
2024-03-10 21:15:00,1.93937,1.94018,1.93923,1.93923,15,339,0
2024-03-10 21:20:00,1.93923,1.93937,1.93923,1.93937,7,338,0
2024-03-10 21:25:00,1.93937,1.93937,1.93937,1.93937,5,399,0
2024-03-10 21:30:00,1.93937,1.94027,1.93937,1.94021,43,161,0
2024-03-10 21:35:00,1.94021,1.94038,1.93914,1.93968,89,140,0
2024-03-10 21:40:00,1.93968,1.9405700000000001,1.93956,1.94036,64,99,0
2024-03-10 21:45:00,1.94036,1.9405999999999999,1.94027,1.94027,30,95,0
2024-03-10 21:50:00,1.94027,1.94075,1.9402599999999999,1.94075,52,86,0
2024-03-10 21:55:00,1.9407999999999999,1.9407999999999999,1.94009,1.9401199999999998,135,56,0
2024-03-10 22:00:00,1.94015,1.94058,1.93971,1.9405700000000001,652,15,0
2024-03-10 22:05:00,1.94055,1.94067,1.94042,1.94045,81,32,0
2024-03-10 22:10:00,1.94045,1.94074,1.94025,1.94059,174,21,0
2024-03-10 22:15:00,1.94059,1.9411800000000001,1.94059,1.9409999999999998,209,12,0
2024-03-10 22:20:00,1.94099,1.9411,1.94072,1.94074,157,9,0
2024-03-10 22:25:00,1.94074,1.94085,1.94069,1.94074,86,8,0
2024-03-10 22:30:00,1.94074,1.94074,1.94013,1.94027,83,8,0
2024-03-10 22:35:00,1.94027,1.9403299999999999,1.93994,1.94015,85,8,0
2024-03-10 22:40:00,1.94015,1.94036,1.9400300000000001,1.9403299999999999,92,8,0
2024-03-10 22:45:00,1.9403299999999999,1.9405000000000001,1.94015,1.94016,90,11,0
2024-03-10 22:50:00,1.94016,1.94056,1.94016,1.94048,82,8,0
2024-03-10 22:55:00,1.94048,1.94085,1.94048,1.94066,94,11,0
2024-03-10 23:00:00,1.94066,1.9412,1.94032,1.9410699999999999,294,8,0
2024-03-10 23:05:00,1.9410699999999999,1.9413,1.94089,1.94109,384,13,0
2024-03-10 23:10:00,1.94109,1.9416,1.94103,1.94135,361,12,0
2024-03-10 23:15:00,1.94137,1.94204,1.9413399999999998,1.94138,270,8,0
2024-03-10 23:20:00,1.94138,1.94146,1.9411100000000001,1.94144,363,8,0
2024-03-10 23:25:00,1.94142,1.94151,1.94077,1.94103,331,8,0
2024-03-10 23:30:00,1.94103,1.9413200000000002,1.94088,1.94103,374,8,0
2024-03-10 23:35:00,1.94103,1.94131,1.94096,1.94119,391,8,0
2024-03-10 23:40:00,1.94119,1.94119,1.94062,1.9407999999999999,374,8,0
2024-03-10 23:45:00,1.9407999999999999,1.94083,1.9405000000000001,1.94063,272,8,0
2024-03-10 23:50:00,1.94062,1.9407299999999998,1.9403000000000001,1.9404400000000002,276,8,0
2024-03-10 23:55:00,1.9404400000000002,1.94066,1.94029,1.94047,378,8,0
2024-03-11 00:00:00,1.94047,1.94143,1.94031,1.9411399999999999,598,8,0
2024-03-11 00:05:00,1.9411399999999999,1.94154,1.9408699999999999,1.9409,603,8,0
2024-03-11 00:10:00,1.94089,1.94116,1.94055,1.94074,607,8,0
2024-03-11 00:15:00,1.94074,1.9407999999999999,1.9399899999999999,1.94029,621,8,0
2024-03-11 00:20:00,1.94029,1.94063,1.94011,1.94041,643,8,0
2024-03-11 00:25:00,1.94041,1.94067,1.94017,1.94043,584,8,0
2024-03-11 00:30:00,1.94043,1.94158,1.9404,1.9414099999999999,534,8,0
2024-03-11 00:35:00,1.9414099999999999,1.94154,1.94124,1.94143,384,8,0
2024-03-11 00:40:00,1.94143,1.9417900000000001,1.94138,1.9416600000000002,323,8,0
2024-03-11 00:45:00,1.9416600000000002,1.9419499999999998,1.9409100000000001,1.94117,368,8,0
2024-03-11 00:50:00,1.94117,1.9413,1.94072,1.94088,518,8,0
2024-03-11 00:55:00,1.9409,1.94169,1.94081,1.94156,669,8,0
2024-03-11 01:00:00,1.9415499999999999,1.94181,1.9412,1.9413,805,8,0
2024-03-11 01:05:00,1.9413,1.94174,1.94101,1.9417,625,8,0
2024-03-11 01:10:00,1.9417,1.9417200000000001,1.94106,1.9410699999999999,635,8,0
2024-03-11 01:15:00,1.9411,1.9415200000000001,1.94092,1.9415200000000001,674,8,0
2024-03-11 01:20:00,1.9415200000000001,1.94207,1.94117,1.94129,665,8,0
2024-03-11 01:25:00,1.94128,1.94129,1.94076,1.9410699999999999,486,8,0
2024-03-11 01:30:00,1.94106,1.94113,1.9405999999999999,1.94081,759,8,0
2024-03-11 01:35:00,1.94081,1.94157,1.94054,1.94137,567,8,0
2024-03-11 01:40:00,1.94137,1.94151,1.94089,1.94147,632,8,0
2024-03-11 01:45:00,1.94147,1.94197,1.9411399999999999,1.94192,639,8,0
2024-03-11 01:50:00,1.94192,1.9428999999999998,1.94187,1.9427400000000001,696,8,0
2024-03-11 01:55:00,1.9427400000000001,1.94285,1.9422700000000002,1.9425599999999998,514,8,0
2024-03-11 02:00:00,1.9425599999999998,1.94383,1.9425400000000002,1.9434399999999998,891,8,0
2024-03-11 02:05:00,1.9434399999999998,1.94382,1.94337,1.94354,580,8,0
2024-03-11 02:10:00,1.94354,1.94436,1.94354,1.94416,584,8,0
2024-03-11 02:15:00,1.94416,1.94416,1.94341,1.9438,436,8,0
2024-03-11 02:20:00,1.9438,1.944,1.9436,1.9436,448,8,0
2024-03-11 02:25:00,1.9436,1.94373,1.94343,1.94347,363,8,0
2024-03-11 02:30:00,1.94347,1.9435,1.9428999999999998,1.94339,516,8,0
2024-03-11 02:35:00,1.94339,1.94352,1.94327,1.9433799999999999,374,8,0
2024-03-11 02:40:00,1.94336,1.94354,1.9431500000000002,1.94327,415,8,0
2024-03-11 02:45:00,1.94327,1.9439,1.94311,1.94381,428,8,0
2024-03-11 02:50:00,1.94381,1.94413,1.94354,1.94397,494,8,0
2024-03-11 02:55:00,1.94397,1.9441000000000002,1.94356,1.9438900000000001,408,8,0
2024-03-11 03:00:00,1.9438900000000001,1.9439199999999999,1.94312,1.94375,378,8,0
2024-03-11 03:05:00,1.94375,1.9441000000000002,1.94348,1.9434900000000002,377,8,0
2024-03-11 03:10:00,1.9434900000000002,1.94353,1.94319,1.94332,347,8,0
2024-03-11 03:15:00,1.9433,1.94343,1.94313,1.9431699999999998,305,8,0
2024-03-11 03:20:00,1.9431699999999998,1.9434399999999998,1.94287,1.9429400000000001,360,8,0
2024-03-11 03:25:00,1.9429400000000001,1.9430399999999999,1.94239,1.94252,459,8,0
2024-03-11 03:30:00,1.94252,1.9429400000000001,1.94246,1.94286,335,8,0
2024-03-11 03:35:00,1.94286,1.9432399999999999,1.94275,1.94307,322,8,0
2024-03-11 03:40:00,1.94306,1.94345,1.94306,1.94334,326,8,0
2024-03-11 03:45:00,1.94334,1.9437,1.94318,1.94367,298,8,0
2024-03-11 03:50:00,1.94367,1.94382,1.94321,1.94323,290,8,0
2024-03-11 03:55:00,1.94323,1.94383,1.94322,1.94352,388,8,0
2024-03-11 04:00:00,1.94352,1.94393,1.94329,1.94384,458,8,0
2024-03-11 04:05:00,1.9438499999999999,1.9443000000000001,1.94364,1.94381,294,8,0
2024-03-11 04:10:00,1.94382,1.9439600000000001,1.94368,1.9437,211,8,0
2024-03-11 04:15:00,1.9437,1.9438,1.9434200000000001,1.94345,276,8,0
2024-03-11 04:20:00,1.94345,1.9436900000000001,1.94341,1.9436200000000001,213,8,0
2024-03-11 04:25:00,1.9436200000000001,1.9437,1.94337,1.9436900000000001,183,8,0
2024-03-11 04:30:00,1.9436900000000001,1.944,1.94364,1.94383,277,8,0
2024-03-11 04:35:00,1.94382,1.94402,1.94366,1.94398,268,8,0
2024-03-11 04:40:00,1.94398,1.94411,1.94379,1.94401,193,8,0
2024-03-11 04:45:00,1.94401,1.94454,1.94394,1.9439600000000001,258,8,0
2024-03-11 04:50:00,1.9439600000000001,1.94431,1.94388,1.9441199999999998,158,8,0
2024-03-11 04:55:00,1.9441199999999998,1.94415,1.94388,1.94391,158,8,0
2024-03-11 05:00:00,1.94391,1.94432,1.94364,1.94377,376,8,0
2024-03-11 05:05:00,1.94377,1.94401,1.94368,1.94373,314,8,0
2024-03-11 05:10:00,1.94373,1.94377,1.94332,1.9434200000000001,318,8,0
2024-03-11 05:15:00,1.9434200000000001,1.94384,1.94339,1.9434900000000002,323,8,0
2024-03-11 05:20:00,1.9435,1.94363,1.9433500000000001,1.94339,297,8,0
2024-03-11 05:25:00,1.9434,1.9436900000000001,1.9432,1.94352,337,8,0
2024-03-11 05:30:00,1.94352,1.9438900000000001,1.94348,1.94388,351,8,0
2024-03-11 05:35:00,1.94388,1.9439600000000001,1.94347,1.94356,383,8,0
2024-03-11 05:40:00,1.94356,1.94357,1.94311,1.9431699999999998,370,8,0
2024-03-11 05:45:00,1.94319,1.9433500000000001,1.94306,1.94334,303,8,0
2024-03-11 05:50:00,1.94334,1.9434900000000002,1.94306,1.9432800000000001,401,8,0
2024-03-11 05:55:00,1.9432800000000001,1.9433099999999999,1.94255,1.94276,530,8,0
2024-03-11 06:00:00,1.94276,1.9433099999999999,1.9425599999999998,1.9428100000000001,615,8,0
2024-03-11 06:05:00,1.9428100000000001,1.94327,1.9427699999999999,1.94291,550,8,0
2024-03-11 06:10:00,1.94291,1.9431,1.9426999999999999,1.94275,547,8,0
2024-03-11 06:15:00,1.94275,1.94291,1.94235,1.94239,473,8,0
2024-03-11 06:20:00,1.94239,1.94259,1.9421300000000001,1.94225,272,8,0
2024-03-11 06:25:00,1.94225,1.94275,1.94224,1.94269,348,8,0
2024-03-11 06:30:00,1.94269,1.94316,1.94265,1.94296,353,8,0
2024-03-11 06:35:00,1.94296,1.94299,1.94269,1.94298,256,8,0
2024-03-11 06:40:00,1.94298,1.9432399999999999,1.94286,1.94286,280,8,0
2024-03-11 06:45:00,1.94286,1.943,1.9427400000000001,1.9428999999999998,262,8,0
2024-03-11 06:50:00,1.9428999999999998,1.94293,1.94259,1.94287,193,8,0
2024-03-11 06:55:00,1.94287,1.9431699999999998,1.9426999999999999,1.94278,207,8,0
2024-03-11 07:00:00,1.94278,1.94309,1.9425599999999998,1.94259,770,8,0
2024-03-11 07:05:00,1.94259,1.94293,1.94248,1.94284,657,8,0
2024-03-11 07:10:00,1.94284,1.94444,1.94282,1.94436,711,8,0
2024-03-11 07:15:00,1.94436,1.9445999999999999,1.9437600000000002,1.944,562,8,0
2024-03-11 07:20:00,1.944,1.9445700000000001,1.9438499999999999,1.94414,608,8,0
2024-03-11 07:25:00,1.94416,1.94421,1.94371,1.94381,606,8,0
2024-03-11 07:30:00,1.94381,1.94381,1.9430800000000001,1.9432399999999999,638,8,0
2024-03-11 07:35:00,1.9432399999999999,1.94352,1.9428,1.9428,533,8,0
2024-03-11 07:40:00,1.9428,1.94286,1.9422700000000002,1.94261,645,8,0
2024-03-11 07:45:00,1.94261,1.94279,1.94192,1.9419499999999998,934,8,0
2024-03-11 07:50:00,1.9419499999999998,1.9419499999999998,1.94139,1.94163,783,8,0
2024-03-11 07:55:00,1.94163,1.94165,1.94075,1.94102,474,8,0
2024-03-11 08:00:00,1.94102,1.94131,1.9405999999999999,1.9409399999999999,859,8,0
2024-03-11 08:05:00,1.9409399999999999,1.9409399999999999,1.94009,1.9403000000000001,982,8,0
2024-03-11 08:10:00,1.94029,1.94135,1.94025,1.94129,1039,8,0
2024-03-11 08:15:00,1.94129,1.942,1.94129,1.9419300000000002,716,8,0
2024-03-11 08:20:00,1.9419499999999998,1.94197,1.94102,1.9412099999999999,758,8,0
2024-03-11 08:25:00,1.9412099999999999,1.94156,1.94112,1.9414099999999999,776,8,0
2024-03-11 08:30:00,1.9414099999999999,1.9417200000000001,1.94096,1.94126,998,8,0
2024-03-11 08:35:00,1.94126,1.9415200000000001,1.94109,1.94127,901,8,0
2024-03-11 08:40:00,1.94127,1.94138,1.94109,1.9412,853,8,0
2024-03-11 08:45:00,1.9412,1.94154,1.94095,1.94116,913,8,0
2024-03-11 08:50:00,1.94116,1.9422700000000002,1.94088,1.94165,993,8,0
2024-03-11 08:55:00,1.9416600000000002,1.9420600000000001,1.94135,1.94181,976,8,0
2024-03-11 09:00:00,1.94181,1.94189,1.9411100000000001,1.9414500000000001,884,8,0
2024-03-11 09:05:00,1.9414500000000001,1.9416,1.9411399999999999,1.94153,825,8,0
2024-03-11 09:10:00,1.94153,1.94165,1.94109,1.94136,858,8,0
2024-03-11 09:15:00,1.94137,1.9415900000000001,1.94113,1.94115,753,8,0
2024-03-11 09:20:00,1.94115,1.9413200000000002,1.94097,1.94115,799,8,0
2024-03-11 09:25:00,1.9411399999999999,1.94137,1.94093,1.9411399999999999,543,8,0
2024-03-11 09:30:00,1.9411399999999999,1.94122,1.94079,1.94102,509,8,0
2024-03-11 09:35:00,1.94102,1.94135,1.94086,1.94129,359,8,0
2024-03-11 09:40:00,1.94129,1.94146,1.94106,1.94109,347,8,0
2024-03-11 09:45:00,1.94109,1.94116,1.94,1.94025,563,8,0
2024-03-11 09:50:00,1.94025,1.9403299999999999,1.93991,1.94025,626,8,0
2024-03-11 09:55:00,1.94025,1.9403899999999998,1.94007,1.9403700000000002,557,8,0
2024-03-11 10:00:00,1.9403700000000002,1.9406400000000001,1.9402,1.94036,740,8,0
2024-03-11 10:05:00,1.94036,1.94062,1.9401199999999998,1.94041,594,8,0
2024-03-11 10:10:00,1.94041,1.9405999999999999,1.9400300000000001,1.94006,547,8,0
2024-03-11 10:15:00,1.94007,1.94025,1.93994,1.94011,597,8,0
2024-03-11 10:20:00,1.94011,1.94063,1.93984,1.94062,546,8,0
2024-03-11 10:25:00,1.94062,1.94085,1.9404599999999999,1.94075,548,8,0
2024-03-11 10:30:00,1.94076,1.94173,1.94074,1.9416,545,8,0
2024-03-11 10:35:00,1.9416,1.94173,1.94101,1.94115,565,8,0
2024-03-11 10:40:00,1.94115,1.94154,1.94096,1.9415200000000001,513,8,0
2024-03-11 10:45:00,1.94153,1.94153,1.94097,1.94115,482,8,0
2024-03-11 10:50:00,1.94115,1.9424000000000001,1.9411399999999999,1.9418199999999999,680,8,0
2024-03-11 10:55:00,1.94181,1.94214,1.94163,1.94188,550,8,0
2024-03-11 11:00:00,1.94188,1.9419300000000002,1.94158,1.9416099999999998,659,8,0
2024-03-11 11:05:00,1.9416099999999998,1.94198,1.9414,1.9419300000000002,579,8,0
2024-03-11 11:10:00,1.94192,1.94246,1.94192,1.94231,445,8,0
2024-03-11 11:15:00,1.94231,1.94249,1.94201,1.94244,570,8,0
2024-03-11 11:20:00,1.94244,1.94249,1.94198,1.94214,533,8,0
2024-03-11 11:25:00,1.94214,1.9422199999999998,1.94194,1.94199,532,8,0
2024-03-11 11:30:00,1.94199,1.94235,1.9419300000000002,1.94219,424,8,0
2024-03-11 11:35:00,1.94219,1.94244,1.9420600000000001,1.94244,429,8,0
2024-03-11 11:40:00,1.94244,1.94251,1.9422199999999998,1.9423300000000001,307,8,0
2024-03-11 11:45:00,1.9423300000000001,1.9424299999999999,1.94205,1.9421,443,8,0
2024-03-11 11:50:00,1.94208,1.94238,1.94208,1.94212,395,8,0
2024-03-11 11:55:00,1.94212,1.94252,1.942,1.9425,560,8,0
2024-03-11 12:00:00,1.9425,1.94276,1.9423599999999999,1.94265,830,8,0
2024-03-11 12:05:00,1.94265,1.9428,1.94224,1.9427400000000001,666,8,0
2024-03-11 12:10:00,1.9427400000000001,1.94383,1.94272,1.94382,813,8,0
2024-03-11 12:15:00,1.94382,1.94432,1.9438,1.9442,803,8,0
2024-03-11 12:20:00,1.9442,1.94444,1.94366,1.94373,1184,8,0
2024-03-11 12:25:00,1.94372,1.9438,1.94323,1.94327,903,8,0
2024-03-11 12:30:00,1.9433,1.94352,1.94314,1.94326,811,8,0
2024-03-11 12:35:00,1.94326,1.94383,1.94316,1.94381,705,8,0
2024-03-11 12:40:00,1.94383,1.94383,1.9434900000000002,1.9436900000000001,839,8,0
2024-03-11 12:45:00,1.94363,1.94407,1.9434399999999998,1.94407,802,8,0
2024-03-11 12:50:00,1.94407,1.94428,1.94299,1.94299,978,8,0
2024-03-11 12:55:00,1.94299,1.9432399999999999,1.9428,1.9428999999999998,1429,8,0
2024-03-11 13:00:00,1.94291,1.9435,1.94235,1.9424700000000001,899,8,0
2024-03-11 13:05:00,1.9424700000000001,1.94258,1.9416600000000002,1.94188,622,8,0
2024-03-11 13:10:00,1.94191,1.94192,1.94144,1.9415200000000001,873,8,0
2024-03-11 13:15:00,1.9415200000000001,1.94156,1.94103,1.94113,761,8,0
2024-03-11 13:20:00,1.94113,1.94135,1.94092,1.9413,638,8,0
2024-03-11 13:25:00,1.9413,1.94196,1.94116,1.94154,746,8,0
2024-03-11 13:30:00,1.94154,1.94173,1.94099,1.9410500000000002,1257,8,0
2024-03-11 13:35:00,1.94106,1.94126,1.9406400000000001,1.9411100000000001,1229,8,0
2024-03-11 13:40:00,1.9411100000000001,1.9414,1.94104,1.94133,1129,8,0
2024-03-11 13:45:00,1.94133,1.94215,1.9411100000000001,1.94204,919,8,0
2024-03-11 13:50:00,1.94204,1.9423599999999999,1.9418,1.94226,865,8,0
2024-03-11 13:55:00,1.94226,1.94271,1.9421,1.9426,856,8,0
2024-03-11 14:00:00,1.94261,1.94298,1.94239,1.94289,1278,8,0
2024-03-11 14:05:00,1.94289,1.9433799999999999,1.94262,1.94262,1299,8,0
2024-03-11 14:10:00,1.94262,1.94306,1.94244,1.94269,1077,8,0
2024-03-11 14:15:00,1.9426999999999999,1.94271,1.9419499999999998,1.942,954,8,0
2024-03-11 14:20:00,1.942,1.9420899999999999,1.9417,1.94201,1035,8,0
2024-03-11 14:25:00,1.94197,1.9421599999999999,1.9414500000000001,1.9416600000000002,877,8,0
2024-03-11 14:30:00,1.9416600000000002,1.9416600000000002,1.94054,1.94079,909,8,0
2024-03-11 14:35:00,1.94079,1.94102,1.9403299999999999,1.9403700000000002,1045,8,0
2024-03-11 14:40:00,1.9403700000000002,1.9404,1.93975,1.94017,1146,8,0
2024-03-11 14:45:00,1.94017,1.94052,1.94004,1.94038,928,8,0
2024-03-11 14:50:00,1.94038,1.94085,1.94027,1.9403000000000001,1072,8,0
2024-03-11 14:55:00,1.94031,1.94031,1.9398499999999999,1.9398499999999999,785,8,0
2024-03-11 15:00:00,1.9398499999999999,1.94002,1.93953,1.93953,1083,8,0
2024-03-11 15:05:00,1.93954,1.93961,1.9391500000000002,1.93921,799,8,0
2024-03-11 15:10:00,1.93921,1.9393799999999999,1.93903,1.93916,833,8,0
2024-03-11 15:15:00,1.9391500000000002,1.93944,1.93892,1.93895,1058,8,0
2024-03-11 15:20:00,1.93895,1.93959,1.93887,1.9393799999999999,1053,8,0
2024-03-11 15:25:00,1.9393799999999999,1.93948,1.93913,1.93945,831,8,0
2024-03-11 15:30:00,1.93945,1.93968,1.93909,1.9392200000000002,1139,8,0
2024-03-11 15:35:00,1.9392200000000002,1.93929,1.93873,1.93891,977,8,0
2024-03-11 15:40:00,1.9388999999999998,1.9391,1.93864,1.9388100000000001,1069,8,0
2024-03-11 15:45:00,1.9388100000000001,1.93934,1.93851,1.93929,1024,8,0
2024-03-11 15:50:00,1.93929,1.93933,1.93801,1.9382899999999998,957,8,0
2024-03-11 15:55:00,1.9382700000000002,1.93846,1.9378,1.9379,1431,8,0
2024-03-11 16:00:00,1.9379,1.9382000000000001,1.93758,1.93788,1111,8,0
2024-03-11 16:05:00,1.93788,1.9383,1.93763,1.93826,929,8,0
2024-03-11 16:10:00,1.93826,1.9386999999999999,1.93817,1.9384299999999999,709,8,0
2024-03-11 16:15:00,1.9384299999999999,1.93852,1.93822,1.93842,482,8,0
2024-03-11 16:20:00,1.93842,1.93848,1.9377499999999999,1.9378199999999999,560,8,0
2024-03-11 16:25:00,1.9378199999999999,1.9380199999999999,1.93767,1.9377499999999999,608,8,0
2024-03-11 16:30:00,1.93776,1.93783,1.9374500000000001,1.93767,809,8,0
2024-03-11 16:35:00,1.93767,1.93785,1.9375499999999999,1.9377499999999999,636,8,0
2024-03-11 16:40:00,1.9377499999999999,1.9379,1.93744,1.9379,466,8,0
2024-03-11 16:45:00,1.9379,1.938,1.9375,1.9377,551,8,0
2024-03-11 16:50:00,1.93771,1.93774,1.93738,1.93746,456,8,0
2024-03-11 16:55:00,1.93746,1.93758,1.9372099999999999,1.93749,560,8,0
2024-03-11 17:00:00,1.93749,1.93764,1.93722,1.9376,789,8,0
2024-03-11 17:05:00,1.9376,1.93807,1.9374799999999999,1.93799,756,8,0
2024-03-11 17:10:00,1.93801,1.93895,1.9379300000000002,1.93887,658,8,0
2024-03-11 17:15:00,1.9388800000000002,1.93911,1.93858,1.93873,699,8,0
2024-03-11 17:20:00,1.93873,1.939,1.93849,1.93866,632,8,0
2024-03-11 17:25:00,1.93866,1.93879,1.93852,1.93859,517,8,0
2024-03-11 17:30:00,1.93859,1.93894,1.9385599999999998,1.93887,463,8,0
2024-03-11 17:35:00,1.93887,1.9390800000000001,1.93869,1.93903,439,8,0
2024-03-11 17:40:00,1.93903,1.9390800000000001,1.93872,1.9387699999999999,511,8,0
2024-03-11 17:45:00,1.9387699999999999,1.93905,1.93869,1.939,470,8,0
2024-03-11 17:50:00,1.939,1.93932,1.9388999999999998,1.93926,551,8,0
2024-03-11 17:55:00,1.93926,1.9393,1.9388,1.93894,512,8,0
2024-03-11 18:00:00,1.93893,1.93893,1.93849,1.93852,547,8,0
2024-03-11 18:05:00,1.93852,1.93857,1.93828,1.93848,417,8,0
2024-03-11 18:10:00,1.93848,1.93864,1.93839,1.9386100000000002,442,8,0
2024-03-11 18:15:00,1.9386100000000002,1.93879,1.93841,1.93848,434,8,0
2024-03-11 18:20:00,1.93848,1.9386,1.93835,1.93849,328,8,0
2024-03-11 18:25:00,1.93849,1.9386100000000002,1.9383,1.93833,471,8,0
2024-03-11 18:30:00,1.93833,1.9385400000000002,1.9381599999999999,1.93846,438,8,0
2024-03-11 18:35:00,1.93846,1.9384700000000001,1.93814,1.93815,464,8,0
2024-03-11 18:40:00,1.93815,1.93828,1.9380199999999999,1.93818,434,8,0
2024-03-11 18:45:00,1.93818,1.93825,1.93767,1.9377499999999999,864,8,0
2024-03-11 18:50:00,1.9377499999999999,1.9378,1.93746,1.9374799999999999,685,8,0
2024-03-11 18:55:00,1.9374799999999999,1.9375,1.93723,1.93733,516,8,0
2024-03-11 19:00:00,1.93733,1.93774,1.9373,1.93757,511,8,0
2024-03-11 19:05:00,1.93757,1.93796,1.9374099999999999,1.9379300000000002,456,8,0
2024-03-11 19:10:00,1.9379300000000002,1.9380199999999999,1.9377900000000001,1.9379499999999998,376,8,0
2024-03-11 19:15:00,1.9379499999999998,1.93801,1.9378199999999999,1.93796,437,8,0
2024-03-11 19:20:00,1.93796,1.93796,1.9375200000000001,1.93753,492,8,0
2024-03-11 19:25:00,1.93753,1.93763,1.93727,1.93746,560,8,0
2024-03-11 19:30:00,1.93746,1.9377900000000001,1.93731,1.9377900000000001,385,8,0
2024-03-11 19:35:00,1.9377900000000001,1.93801,1.9377,1.93781,520,8,0
2024-03-11 19:40:00,1.9378199999999999,1.93784,1.93757,1.93763,355,8,0
2024-03-11 19:45:00,1.93763,1.93776,1.93739,1.9375499999999999,642,8,0
2024-03-11 19:50:00,1.9375499999999999,1.9378199999999999,1.9375,1.93763,748,8,0
2024-03-11 19:55:00,1.93763,1.93776,1.9374099999999999,1.93764,641,8,0
2024-03-11 20:00:00,1.93764,1.93773,1.9374099999999999,1.93749,382,8,0
2024-03-11 20:05:00,1.93749,1.9376,1.9372099999999999,1.9372099999999999,209,8,0
2024-03-11 20:10:00,1.9372099999999999,1.93733,1.93704,1.9373,215,8,0
2024-03-11 20:15:00,1.9373,1.93751,1.93727,1.93744,209,8,0
2024-03-11 20:20:00,1.93744,1.9374500000000001,1.93717,1.93719,138,8,0
2024-03-11 20:25:00,1.9371800000000001,1.9374099999999999,1.9370699999999998,1.93711,141,8,0
2024-03-11 20:30:00,1.93711,1.93735,1.9370699999999998,1.93731,132,8,0
2024-03-11 20:35:00,1.93731,1.9373200000000002,1.9371,1.93724,104,8,0
2024-03-11 20:40:00,1.93724,1.93736,1.9371399999999999,1.93731,89,8,0
2024-03-11 20:45:00,1.93731,1.93742,1.93719,1.9372500000000001,221,8,0
2024-03-11 20:50:00,1.9372500000000001,1.9374099999999999,1.9371800000000001,1.93733,211,8,0
2024-03-11 20:55:00,1.93733,1.93749,1.93723,1.93723,341,8,0
2024-03-11 21:00:00,1.9372099999999999,1.9372099999999999,1.93555,1.9365700000000001,15,26,0
2024-03-11 21:05:00,1.9365700000000001,1.93778,1.9364599999999998,1.93665,145,104,0
2024-03-11 21:10:00,1.93665,1.93716,1.93622,1.93711,47,34,0
2024-03-11 21:15:00,1.9371399999999999,1.9371399999999999,1.93624,1.9367299999999998,22,37,0
2024-03-11 21:20:00,1.9367299999999998,1.9372500000000001,1.9367299999999998,1.9371399999999999,55,54,0
2024-03-11 21:25:00,1.9371399999999999,1.93783,1.9371399999999999,1.93781,138,91,0
2024-03-11 21:30:00,1.93787,1.93787,1.93693,1.9375200000000001,246,35,0
2024-03-11 21:35:00,1.9375200000000001,1.9378,1.9372,1.93756,234,43,0
2024-03-11 21:40:00,1.93756,1.9377900000000001,1.93746,1.93776,101,30,0
2024-03-11 21:45:00,1.93776,1.93776,1.93738,1.93738,79,62,0
2024-03-11 21:50:00,1.93738,1.93762,1.93701,1.9371800000000001,187,13,0
2024-03-11 21:55:00,1.9371800000000001,1.9377900000000001,1.93702,1.93757,192,22,0
2024-03-11 22:00:00,1.93757,1.93757,1.9370699999999998,1.9373200000000002,170,8,0
2024-03-11 22:05:00,1.9373200000000002,1.9374,1.9371399999999999,1.9371399999999999,38,11,0
2024-03-11 22:10:00,1.93716,1.93737,1.9370500000000002,1.93737,139,15,0
2024-03-11 22:15:00,1.93735,1.93749,1.9373,1.93744,102,8,0
2024-03-11 22:20:00,1.93744,1.93747,1.93724,1.93728,100,8,0
2024-03-11 22:25:00,1.93728,1.93731,1.9370500000000002,1.93727,99,8,0
2024-03-11 22:30:00,1.93726,1.93767,1.93723,1.93751,183,8,0
2024-03-11 22:35:00,1.93751,1.93753,1.93733,1.9374099999999999,140,8,0
2024-03-11 22:40:00,1.9374099999999999,1.9376799999999998,1.93735,1.93763,148,8,0
2024-03-11 22:45:00,1.93762,1.93785,1.9374,1.9376,226,8,0
2024-03-11 22:50:00,1.9376,1.9377499999999999,1.93749,1.93771,95,8,0
2024-03-11 22:55:00,1.93773,1.93796,1.93769,1.93772,132,12,0
2024-03-11 23:00:00,1.9377,1.9378,1.93742,1.9375,152,9,0
2024-03-11 23:05:00,1.93749,1.93764,1.9374500000000001,1.93757,156,8,0
2024-03-11 23:10:00,1.93757,1.93777,1.93737,1.93756,179,8,0
2024-03-11 23:15:00,1.93756,1.93756,1.93716,1.93729,203,8,0
2024-03-11 23:20:00,1.93729,1.93776,1.93724,1.93769,172,8,0
2024-03-11 23:25:00,1.93769,1.9381599999999999,1.93753,1.93798,236,8,0
2024-03-11 23:30:00,1.93798,1.93828,1.93797,1.93817,296,8,0
2024-03-11 23:35:00,1.93817,1.93833,1.93807,1.93828,198,8,0
2024-03-11 23:40:00,1.9382899999999998,1.93833,1.93803,1.93826,248,8,0
2024-03-11 23:45:00,1.9382700000000002,1.93834,1.93818,1.93818,153,8,0
2024-03-11 23:50:00,1.93818,1.93837,1.9377499999999999,1.93781,220,8,0
2024-03-11 23:55:00,1.93781,1.93804,1.93772,1.9379300000000002,268,8,0
2024-03-12 00:00:00,1.9379300000000002,1.93798,1.93749,1.93778,573,8,0
2024-03-12 00:05:00,1.93778,1.93794,1.93711,1.93722,572,8,0
2024-03-12 00:10:00,1.9372099999999999,1.93763,1.93696,1.93712,508,8,0
2024-03-12 00:15:00,1.93712,1.93719,1.93676,1.9368699999999999,422,8,0
2024-03-12 00:20:00,1.9368699999999999,1.9370500000000002,1.9366400000000001,1.93679,473,8,0
2024-03-12 00:25:00,1.93679,1.9369399999999999,1.9365700000000001,1.9367100000000002,479,8,0
2024-03-12 00:30:00,1.93669,1.9375499999999999,1.9366400000000001,1.93742,424,8,0
2024-03-12 00:35:00,1.93742,1.93774,1.93696,1.93756,442,8,0
2024-03-12 00:40:00,1.93756,1.93763,1.93711,1.9375200000000001,430,8,0
2024-03-12 00:45:00,1.9375200000000001,1.93789,1.93742,1.93765,500,8,0
2024-03-12 00:50:00,1.93765,1.93774,1.93712,1.93722,458,8,0
2024-03-12 00:55:00,1.93723,1.93756,1.93708,1.9374099999999999,408,8,0
2024-03-12 01:00:00,1.9374099999999999,1.9377,1.93713,1.9374799999999999,467,8,0
2024-03-12 01:05:00,1.9374799999999999,1.9375200000000001,1.93702,1.93744,553,8,0
2024-03-12 01:10:00,1.93744,1.93744,1.9369800000000001,1.93711,403,8,0
2024-03-12 01:15:00,1.93711,1.93773,1.93672,1.9376600000000002,585,8,0
2024-03-12 01:20:00,1.9376600000000002,1.93817,1.9373,1.938,549,8,0
2024-03-12 01:25:00,1.938,1.93851,1.93772,1.93803,481,8,0
2024-03-12 01:30:00,1.93803,1.9388800000000002,1.93794,1.93864,818,8,0
2024-03-12 01:35:00,1.93865,1.9387699999999999,1.93822,1.93864,582,8,0
2024-03-12 01:40:00,1.93864,1.93892,1.93754,1.93764,656,8,0
2024-03-12 01:45:00,1.93763,1.93781,1.9369399999999999,1.93703,613,8,0
2024-03-12 01:50:00,1.93703,1.93713,1.9364,1.93663,570,8,0
2024-03-12 01:55:00,1.93667,1.9375200000000001,1.93665,1.93735,565,8,0
2024-03-12 02:00:00,1.9373399999999998,1.93762,1.93712,1.93757,629,8,0
2024-03-12 02:05:00,1.93757,1.9385400000000002,1.93747,1.93846,721,8,0
2024-03-12 02:10:00,1.9384299999999999,1.9390399999999999,1.9383599999999999,1.9386,790,8,0
2024-03-12 02:15:00,1.9386,1.93879,1.9381599999999999,1.93848,723,8,0
2024-03-12 02:20:00,1.93848,1.93858,1.93812,1.9383,595,8,0
2024-03-12 02:25:00,1.93832,1.9384000000000001,1.93756,1.93758,591,8,0
2024-03-12 02:30:00,1.9376,1.93808,1.9375,1.93796,530,8,0
2024-03-12 02:35:00,1.93796,1.93846,1.93784,1.93832,520,8,0
2024-03-12 02:40:00,1.93832,1.93832,1.9378600000000001,1.93805,501,8,0
2024-03-12 02:45:00,1.93805,1.9381300000000001,1.93757,1.93767,452,8,0
2024-03-12 02:50:00,1.9376799999999998,1.93798,1.9374799999999999,1.93762,395,8,0
2024-03-12 02:55:00,1.93762,1.93807,1.9376,1.9379499999999998,466,8,0
2024-03-12 03:00:00,1.9379499999999998,1.93819,1.93764,1.93771,376,8,0
2024-03-12 03:05:00,1.93771,1.93797,1.93717,1.9371800000000001,411,8,0
2024-03-12 03:10:00,1.9371800000000001,1.9375499999999999,1.93716,1.93731,565,8,0
2024-03-12 03:15:00,1.93731,1.93733,1.93685,1.93697,573,8,0
2024-03-12 03:20:00,1.93697,1.9373200000000002,1.93695,1.93724,319,8,0
2024-03-12 03:25:00,1.93724,1.9374,1.93717,1.93728,410,8,0
2024-03-12 03:30:00,1.93728,1.9374099999999999,1.93693,1.93737,417,8,0
2024-03-12 03:35:00,1.93738,1.93747,1.93712,1.9372,324,8,0
2024-03-12 03:40:00,1.93719,1.93743,1.93706,1.93736,353,8,0
2024-03-12 03:45:00,1.93735,1.9374799999999999,1.93724,1.9373200000000002,295,8,0
2024-03-12 03:50:00,1.9373200000000002,1.93747,1.9372500000000001,1.93738,244,8,0
2024-03-12 03:55:00,1.93738,1.9377900000000001,1.93731,1.9374099999999999,298,8,0
2024-03-12 04:00:00,1.9374099999999999,1.9379,1.93726,1.93789,260,8,0
2024-03-12 04:05:00,1.93789,1.93817,1.93785,1.9380199999999999,379,8,0
2024-03-12 04:10:00,1.9380199999999999,1.93815,1.93785,1.93798,330,8,0
2024-03-12 04:15:00,1.93798,1.93844,1.9378600000000001,1.93844,237,8,0
2024-03-12 04:20:00,1.93844,1.93852,1.9383599999999999,1.93846,251,8,0
2024-03-12 04:25:00,1.93846,1.9384700000000001,1.93811,1.93821,262,8,0
2024-03-12 04:30:00,1.93821,1.93821,1.93797,1.9380199999999999,203,8,0
2024-03-12 04:35:00,1.9380199999999999,1.93817,1.93787,1.93787,207,8,0
2024-03-12 04:40:00,1.93787,1.9379300000000002,1.9377,1.93772,279,8,0
2024-03-12 04:45:00,1.93772,1.93788,1.9376,1.93787,232,8,0
2024-03-12 04:50:00,1.93787,1.93787,1.93765,1.93771,253,8,0
2024-03-12 04:55:00,1.93771,1.93804,1.93753,1.93804,259,8,0
2024-03-12 05:00:00,1.93804,1.9382000000000001,1.93765,1.93781,538,8,0
2024-03-12 05:05:00,1.93781,1.9378199999999999,1.9375200000000001,1.93756,337,8,0
2024-03-12 05:10:00,1.93756,1.9376,1.93729,1.93746,459,8,0
2024-03-12 05:15:00,1.93746,1.93778,1.9372500000000001,1.93773,358,8,0
2024-03-12 05:20:00,1.93773,1.93796,1.93764,1.9378600000000001,310,8,0
2024-03-12 05:25:00,1.93787,1.9386299999999999,1.93785,1.93849,418,8,0
2024-03-12 05:30:00,1.93848,1.93878,1.93831,1.93849,352,8,0
2024-03-12 05:35:00,1.93849,1.93891,1.93835,1.93872,441,8,0
2024-03-12 05:40:00,1.93871,1.93899,1.93855,1.9386999999999999,346,8,0
2024-03-12 05:45:00,1.9386999999999999,1.93883,1.93859,1.9388100000000001,383,8,0
2024-03-12 05:50:00,1.9388100000000001,1.93895,1.9386299999999999,1.93889,390,8,0
2024-03-12 05:55:00,1.93889,1.93929,1.9388,1.93895,467,8,0
2024-03-12 06:00:00,1.9389699999999999,1.9393799999999999,1.9388,1.9392,544,8,0
2024-03-12 06:05:00,1.9392,1.9392,1.9381300000000001,1.93848,696,8,0
2024-03-12 06:10:00,1.93848,1.93899,1.9384299999999999,1.93883,413,8,0
2024-03-12 06:15:00,1.93883,1.9391500000000002,1.9386100000000002,1.93876,402,8,0
2024-03-12 06:20:00,1.93876,1.9388100000000001,1.93849,1.9386100000000002,292,8,0
2024-03-12 06:25:00,1.9386100000000002,1.93866,1.93839,1.93851,340,8,0
2024-03-12 06:30:00,1.93851,1.93852,1.93804,1.9380899999999999,367,8,0
2024-03-12 06:35:00,1.9380899999999999,1.93817,1.93757,1.9376799999999998,286,8,0
2024-03-12 06:40:00,1.9376799999999998,1.93776,1.93742,1.93754,284,8,0
2024-03-12 06:45:00,1.93754,1.9376,1.93724,1.93738,300,8,0
2024-03-12 06:50:00,1.93738,1.93746,1.93719,1.93731,386,8,0
2024-03-12 06:55:00,1.93729,1.93747,1.93695,1.93703,410,8,0
2024-03-12 07:00:00,1.93701,1.9375200000000001,1.93575,1.9362,961,8,0
2024-03-12 07:05:00,1.9362,1.9362599999999999,1.93554,1.93606,747,8,0
2024-03-12 07:10:00,1.93606,1.9361199999999998,1.9351,1.93547,699,8,0
2024-03-12 07:15:00,1.93547,1.9357600000000001,1.9353099999999999,1.93571,664,8,0
2024-03-12 07:20:00,1.9357,1.9357199999999999,1.9352399999999998,1.93548,569,8,0
2024-03-12 07:25:00,1.93548,1.9361000000000002,1.93546,1.93608,538,8,0
2024-03-12 07:30:00,1.93608,1.93621,1.93523,1.9353500000000001,783,8,0
2024-03-12 07:35:00,1.9353500000000001,1.93582,1.93485,1.935,680,8,0
2024-03-12 07:40:00,1.935,1.93512,1.93478,1.93493,757,8,0
2024-03-12 07:45:00,1.93493,1.93503,1.93473,1.93491,704,8,0
2024-03-12 07:50:00,1.93491,1.93507,1.93371,1.93377,608,8,0
2024-03-12 07:55:00,1.93376,1.93376,1.93198,1.93234,1099,8,0
2024-03-12 08:00:00,1.93234,1.93381,1.93232,1.93358,1077,8,0
2024-03-12 08:05:00,1.93358,1.93396,1.9333200000000001,1.93388,890,8,0
2024-03-12 08:10:00,1.93388,1.93451,1.93388,1.93407,965,8,0
2024-03-12 08:15:00,1.93407,1.93426,1.9337,1.9340600000000001,756,8,0
2024-03-12 08:20:00,1.9340600000000001,1.9340899999999999,1.93336,1.93351,780,8,0
2024-03-12 08:25:00,1.9335,1.9335499999999999,1.9327100000000002,1.93285,807,8,0
2024-03-12 08:30:00,1.93285,1.9331800000000001,1.9319199999999999,1.93261,913,8,0
2024-03-12 08:35:00,1.93261,1.93276,1.9320599999999999,1.93208,623,8,0
2024-03-12 08:40:00,1.93208,1.93234,1.93187,1.9322300000000001,492,8,0
2024-03-12 08:45:00,1.93222,1.9324599999999998,1.93171,1.93227,663,8,0
2024-03-12 08:50:00,1.93227,1.9327,1.9321199999999998,1.93254,572,8,0
2024-03-12 08:55:00,1.93254,1.93282,1.9324400000000002,1.93276,406,8,0
2024-03-12 09:00:00,1.93276,1.93301,1.93248,1.93289,663,8,0
2024-03-12 09:05:00,1.93289,1.9330500000000002,1.93254,1.93258,592,8,0
2024-03-12 09:10:00,1.9325700000000001,1.9329800000000001,1.93252,1.93297,504,8,0
2024-03-12 09:15:00,1.93297,1.9333200000000001,1.93285,1.93326,486,8,0
2024-03-12 09:20:00,1.93326,1.9336799999999998,1.9332500000000001,1.9332500000000001,425,8,0
2024-03-12 09:25:00,1.9332500000000001,1.93347,1.93309,1.93313,469,8,0
2024-03-12 09:30:00,1.93313,1.9333200000000001,1.93261,1.9328400000000001,345,8,0
2024-03-12 09:35:00,1.9328400000000001,1.93301,1.9323299999999999,1.9324,312,8,0
2024-03-12 09:40:00,1.93239,1.9324599999999998,1.93187,1.93188,591,8,0
2024-03-12 09:45:00,1.93187,1.93222,1.9318300000000002,1.93197,448,8,0
2024-03-12 09:50:00,1.93197,1.9329100000000001,1.93187,1.9329100000000001,423,8,0
2024-03-12 09:55:00,1.9329100000000001,1.93333,1.93274,1.93331,576,8,0
2024-03-12 10:00:00,1.93329,1.93353,1.93306,1.93324,983,8,0
2024-03-12 10:05:00,1.9332500000000001,1.93378,1.93324,1.9336600000000002,632,8,0
2024-03-12 10:10:00,1.93367,1.93383,1.9333900000000002,1.93342,520,8,0
2024-03-12 10:15:00,1.93343,1.9341,1.9334,1.93351,526,8,0
2024-03-12 10:20:00,1.9335200000000001,1.93391,1.93333,1.93342,453,8,0
2024-03-12 10:25:00,1.93342,1.93374,1.93323,1.93364,425,8,0
2024-03-12 10:30:00,1.93363,1.93438,1.93357,1.93433,324,8,0
2024-03-12 10:35:00,1.93433,1.9345400000000001,1.9341300000000001,1.93431,401,8,0
2024-03-12 10:40:00,1.93431,1.93438,1.93388,1.9340000000000002,367,8,0
2024-03-12 10:45:00,1.9340000000000002,1.9346100000000002,1.9339499999999998,1.93435,499,8,0
2024-03-12 10:50:00,1.93434,1.93455,1.93407,1.93407,428,8,0
2024-03-12 10:55:00,1.93411,1.9341599999999999,1.9338899999999999,1.9341599999999999,473,8,0
2024-03-12 11:00:00,1.93414,1.93437,1.9339499999999998,1.93419,488,8,0
2024-03-12 11:05:00,1.93418,1.93464,1.93394,1.9345599999999998,553,8,0
2024-03-12 11:10:00,1.9345599999999998,1.93457,1.9340000000000002,1.93407,612,8,0
2024-03-12 11:15:00,1.93407,1.93411,1.9335900000000001,1.93384,476,8,0
2024-03-12 11:20:00,1.93384,1.93407,1.9337499999999999,1.93377,561,8,0
2024-03-12 11:25:00,1.93377,1.9337900000000001,1.93317,1.9332099999999999,476,8,0
2024-03-12 11:30:00,1.9332099999999999,1.93323,1.93272,1.93293,453,8,0
2024-03-12 11:35:00,1.93293,1.9331399999999999,1.93241,1.93312,725,8,0
2024-03-12 11:40:00,1.93312,1.9336,1.93301,1.93302,600,8,0
2024-03-12 11:45:00,1.93302,1.93411,1.93302,1.93399,625,8,0
2024-03-12 11:50:00,1.93396,1.93421,1.9338600000000001,1.93403,540,8,0
2024-03-12 11:55:00,1.9340199999999999,1.93433,1.9336799999999998,1.93385,630,8,0
2024-03-12 12:00:00,1.93385,1.93423,1.93364,1.93411,989,8,0
2024-03-12 12:05:00,1.93411,1.9341599999999999,1.93337,1.9334,749,8,0
2024-03-12 12:10:00,1.9334,1.93399,1.93337,1.93392,718,8,0
2024-03-12 12:15:00,1.93392,1.935,1.93392,1.9348800000000002,838,8,0
2024-03-12 12:20:00,1.9348800000000002,1.9352399999999998,1.93484,1.93486,948,8,0
2024-03-12 12:25:00,1.93486,1.9352399999999998,1.93365,1.93424,771,8,0
2024-03-12 12:30:00,1.93424,1.93726,1.9310800000000001,1.93316,3610,8,0
2024-03-12 12:35:00,1.9331399999999999,1.9332799999999999,1.93032,1.93066,3226,8,0
2024-03-12 12:40:00,1.93067,1.93079,1.9286699999999999,1.9289399999999999,2844,8,0
2024-03-12 12:45:00,1.92893,1.93032,1.92863,1.93032,2201,8,0
2024-03-12 12:50:00,1.93032,1.93128,1.93011,1.93118,2139,8,0
2024-03-12 12:55:00,1.93116,1.93184,1.93106,1.93147,2355,8,0
2024-03-12 13:00:00,1.93147,1.93336,1.9314,1.9332099999999999,2219,8,0
2024-03-12 13:05:00,1.93323,1.9345599999999998,1.93315,1.93451,2196,8,0
2024-03-12 13:10:00,1.93449,1.93545,1.93401,1.9342000000000001,2024,8,0
2024-03-12 13:15:00,1.9342000000000001,1.93471,1.93353,1.93471,1845,8,0
2024-03-12 13:20:00,1.93473,1.93484,1.9339,1.93391,1728,8,0
2024-03-12 13:25:00,1.93391,1.93414,1.93303,1.9332799999999999,1611,8,0
2024-03-12 13:30:00,1.9333,1.93464,1.93323,1.93431,2240,8,0
2024-03-12 13:35:00,1.93431,1.93606,1.93428,1.93589,2070,8,0
2024-03-12 13:40:00,1.93589,1.93636,1.93526,1.9356900000000001,1913,8,0
2024-03-12 13:45:00,1.9357,1.93589,1.93507,1.93507,1792,8,0
2024-03-12 13:50:00,1.93506,1.93513,1.9344999999999999,1.93475,1363,8,0
2024-03-12 13:55:00,1.93475,1.9348,1.9342899999999998,1.9346,1574,8,0
2024-03-12 14:00:00,1.9346,1.93548,1.9344000000000001,1.9353799999999999,1762,8,0
2024-03-12 14:05:00,1.9353799999999999,1.93557,1.93453,1.93516,1755,8,0
2024-03-12 14:10:00,1.93516,1.9358300000000002,1.93498,1.93564,1502,8,0
2024-03-12 14:15:00,1.9357,1.9358499999999998,1.93498,1.93514,1366,8,0
2024-03-12 14:20:00,1.93514,1.93523,1.9341,1.9342700000000002,1329,8,0
2024-03-12 14:25:00,1.9342700000000002,1.9342700000000002,1.93391,1.93396,1156,8,0
2024-03-12 14:30:00,1.93396,1.93425,1.93367,1.93397,1393,8,0
2024-03-12 14:35:00,1.93397,1.93503,1.93397,1.93471,1138,8,0
2024-03-12 14:40:00,1.93473,1.9356499999999999,1.9344000000000001,1.93561,806,8,0
2024-03-12 14:45:00,1.93561,1.93615,1.93545,1.93557,1015,8,0
2024-03-12 14:50:00,1.93557,1.9358,1.93469,1.9357600000000001,1123,8,0
2024-03-12 14:55:00,1.9357600000000001,1.93648,1.9357,1.93615,1192,8,0
2024-03-12 15:00:00,1.93615,1.9364,1.93566,1.9363700000000001,1184,8,0
2024-03-12 15:05:00,1.93638,1.93642,1.9357799999999998,1.93622,1108,8,0
2024-03-12 15:10:00,1.93622,1.93682,1.9359899999999999,1.93667,824,8,0
2024-03-12 15:15:00,1.93666,1.93678,1.93632,1.9365,859,8,0
2024-03-12 15:20:00,1.9365,1.93681,1.9364,1.93659,767,8,0
2024-03-12 15:25:00,1.93659,1.93688,1.93628,1.93661,871,8,0
2024-03-12 15:30:00,1.93661,1.93681,1.93643,1.93668,1076,8,0
2024-03-12 15:35:00,1.93668,1.93717,1.93666,1.93692,988,8,0
2024-03-12 15:40:00,1.9369100000000001,1.93747,1.93683,1.937,947,8,0
2024-03-12 15:45:00,1.937,1.93792,1.9369800000000001,1.9378600000000001,1127,8,0
2024-03-12 15:50:00,1.9378600000000001,1.9381300000000001,1.93733,1.9373399999999998,989,8,0
2024-03-12 15:55:00,1.93735,1.93737,1.93678,1.93701,1160,8,0
2024-03-12 16:00:00,1.93701,1.93746,1.93696,1.93735,749,8,0
2024-03-12 16:05:00,1.93737,1.93769,1.93708,1.9376799999999998,738,8,0
2024-03-12 16:10:00,1.9376799999999998,1.93771,1.9373399999999998,1.93744,687,8,0
2024-03-12 16:15:00,1.93744,1.93796,1.9373399999999998,1.93777,658,8,0
2024-03-12 16:20:00,1.93778,1.93778,1.93726,1.93747,654,8,0
2024-03-12 16:25:00,1.93747,1.9375499999999999,1.93706,1.9372099999999999,555,8,0
2024-03-12 16:30:00,1.9372099999999999,1.93739,1.93701,1.93709,830,8,0
2024-03-12 16:35:00,1.9371,1.93728,1.9368699999999999,1.93719,923,8,0
2024-03-12 16:40:00,1.93719,1.93728,1.93675,1.93722,706,8,0
2024-03-12 16:45:00,1.93722,1.93747,1.9371399999999999,1.93722,998,8,0
2024-03-12 16:50:00,1.93722,1.93736,1.9370699999999998,1.93715,850,8,0
2024-03-12 16:55:00,1.93715,1.93715,1.9364599999999998,1.9367100000000002,841,8,0
2024-03-12 17:00:00,1.9367299999999998,1.9372099999999999,1.93656,1.9370699999999998,1263,8,0
2024-03-12 17:05:00,1.9370699999999998,1.93767,1.9369800000000001,1.93701,1247,8,0
2024-03-12 17:10:00,1.93701,1.93762,1.93701,1.93713,874,8,0
2024-03-12 17:15:00,1.93713,1.9373,1.93666,1.93672,780,8,0
2024-03-12 17:20:00,1.93672,1.9370500000000002,1.9365999999999999,1.93697,884,8,0
2024-03-12 17:25:00,1.93697,1.9372,1.93678,1.93709,860,8,0
2024-03-12 17:30:00,1.93709,1.93731,1.9369800000000001,1.93701,840,8,0
2024-03-12 17:35:00,1.93701,1.93706,1.93662,1.9369100000000001,654,8,0
2024-03-12 17:40:00,1.9369100000000001,1.93727,1.9367999999999999,1.93699,562,8,0
2024-03-12 17:45:00,1.93699,1.93711,1.93675,1.93683,508,8,0
2024-03-12 17:50:00,1.93683,1.9372099999999999,1.93679,1.93699,491,8,0
2024-03-12 17:55:00,1.93699,1.93726,1.93666,1.9372500000000001,564,8,0
2024-03-12 18:00:00,1.93726,1.9376,1.9372,1.9373399999999998,562,8,0
2024-03-12 18:05:00,1.9373200000000002,1.9377,1.9371399999999999,1.9374099999999999,544,8,0
2024-03-12 18:10:00,1.9374099999999999,1.93742,1.93719,1.93736,548,8,0
2024-03-12 18:15:00,1.93735,1.93744,1.93712,1.93727,562,8,0
2024-03-12 18:20:00,1.93727,1.93738,1.9370699999999998,1.93724,496,8,0
2024-03-12 18:25:00,1.93724,1.93735,1.9370500000000002,1.93712,421,8,0
2024-03-12 18:30:00,1.93712,1.93713,1.93666,1.93669,574,8,0
2024-03-12 18:35:00,1.93669,1.93683,1.93659,1.93663,497,8,0
2024-03-12 18:40:00,1.93663,1.937,1.93656,1.93692,534,8,0
2024-03-12 18:45:00,1.93692,1.93703,1.93679,1.93689,386,8,0
2024-03-12 18:50:00,1.93689,1.93712,1.9367999999999999,1.93697,411,8,0
2024-03-12 18:55:00,1.93697,1.9370500000000002,1.93679,1.93693,541,8,0
2024-03-12 19:00:00,1.93693,1.93699,1.93665,1.9367299999999998,454,8,0
2024-03-12 19:05:00,1.9367299999999998,1.93689,1.9365700000000001,1.93662,427,8,0
2024-03-12 19:10:00,1.93662,1.9369800000000001,1.93654,1.93667,336,8,0
2024-03-12 19:15:00,1.93666,1.93677,1.93654,1.93674,358,8,0
2024-03-12 19:20:00,1.93674,1.9367999999999999,1.9365,1.93654,286,8,0
2024-03-12 19:25:00,1.93654,1.93663,1.9363899999999998,1.9365,371,8,0
2024-03-12 19:30:00,1.93651,1.93662,1.9364,1.93655,402,8,0
2024-03-12 19:35:00,1.93655,1.93696,1.93643,1.93685,334,8,0
2024-03-12 19:40:00,1.93685,1.93695,1.93681,1.93686,360,8,0
2024-03-12 19:45:00,1.9368699999999999,1.9368699999999999,1.9366400000000001,1.9367100000000002,362,8,0
2024-03-12 19:50:00,1.9367100000000002,1.9367999999999999,1.9365299999999999,1.9367,362,8,0
2024-03-12 19:55:00,1.9367,1.93699,1.93642,1.93699,624,8,0
2024-03-12 20:00:00,1.93699,1.93708,1.93668,1.93678,290,8,0
2024-03-12 20:05:00,1.9367999999999999,1.93701,1.9367999999999999,1.9368699999999999,138,8,0
2024-03-12 20:10:00,1.9368699999999999,1.93688,1.93659,1.9367100000000002,198,8,0
2024-03-12 20:15:00,1.9367100000000002,1.9369,1.93666,1.93683,129,8,0
2024-03-12 20:20:00,1.93683,1.9368400000000001,1.9366400000000001,1.93668,100,8,0
2024-03-12 20:25:00,1.93668,1.93669,1.93661,1.93663,141,8,0
2024-03-12 20:30:00,1.93663,1.9368400000000001,1.93661,1.93682,98,8,0
2024-03-12 20:35:00,1.93682,1.93695,1.93672,1.93695,128,8,0
2024-03-12 20:40:00,1.9369800000000001,1.9369800000000001,1.9364599999999998,1.93651,160,8,0
2024-03-12 20:45:00,1.93652,1.9365999999999999,1.93624,1.93624,107,8,0
2024-03-12 20:50:00,1.93624,1.93655,1.9362,1.9365299999999999,172,8,0
2024-03-12 20:55:00,1.9365299999999999,1.93668,1.93632,1.93642,181,8,0
2024-03-12 21:00:00,1.9364400000000002,1.9364400000000002,1.9333200000000001,1.93495,23,21,0
2024-03-12 21:05:00,1.9350399999999999,1.93649,1.9350399999999999,1.93634,165,94,0
2024-03-12 21:10:00,1.9364400000000002,1.93675,1.93597,1.9366400000000001,118,67,0
2024-03-12 21:15:00,1.93661,1.9367,1.93575,1.93654,165,76,0
2024-03-12 21:20:00,1.93661,1.9366400000000001,1.93553,1.93593,101,90,0
2024-03-12 21:25:00,1.93593,1.93642,1.93593,1.93625,8,42,0
2024-03-12 21:30:00,1.93625,1.93627,1.93602,1.93618,51,62,0
2024-03-12 21:35:00,1.93618,1.93627,1.936,1.93615,184,46,0
2024-03-12 21:40:00,1.93615,1.9367100000000002,1.9360300000000001,1.93618,201,31,0
2024-03-12 21:45:00,1.93618,1.9362599999999999,1.93594,1.93606,42,56,0
2024-03-12 21:50:00,1.93606,1.9361199999999998,1.93606,1.93611,40,70,0
2024-03-12 21:55:00,1.93611,1.93627,1.93597,1.93609,33,51,0
2024-03-12 22:00:00,1.93609,1.9365999999999999,1.93591,1.9365999999999999,132,8,0
2024-03-12 22:05:00,1.9365999999999999,1.93683,1.9365999999999999,1.93675,51,15,0
2024-03-12 22:10:00,1.93675,1.93681,1.93667,1.93679,58,8,0
2024-03-12 22:15:00,1.93679,1.93682,1.93654,1.9365999999999999,65,8,0
2024-03-12 22:20:00,1.9365999999999999,1.9365999999999999,1.9363899999999998,1.93649,60,8,0
2024-03-12 22:25:00,1.9365,1.93658,1.9363299999999999,1.93656,55,8,0
2024-03-12 22:30:00,1.93656,1.93672,1.93648,1.93668,76,9,0
2024-03-12 22:35:00,1.93668,1.9368400000000001,1.93663,1.93665,84,8,0
2024-03-12 22:40:00,1.93665,1.9367999999999999,1.9366400000000001,1.93679,99,8,0
2024-03-12 22:45:00,1.93679,1.93679,1.9363000000000001,1.9363700000000001,114,8,0
2024-03-12 22:50:00,1.9363700000000001,1.9364,1.93591,1.93628,291,8,0
2024-03-12 22:55:00,1.9362599999999999,1.9364,1.9357600000000001,1.93611,299,8,0
2024-03-12 23:00:00,1.9361199999999998,1.93643,1.93608,1.93615,293,8,0
2024-03-12 23:05:00,1.93615,1.9362599999999999,1.93601,1.9362,184,8,0
2024-03-12 23:10:00,1.9362,1.93642,1.93605,1.9363000000000001,193,8,0
2024-03-12 23:15:00,1.9363000000000001,1.9363299999999999,1.9361199999999998,1.93632,240,8,0
2024-03-12 23:20:00,1.93632,1.93632,1.93609,1.93618,180,8,0
2024-03-12 23:25:00,1.93618,1.93642,1.93617,1.93642,164,8,0
2024-03-12 23:30:00,1.93642,1.93665,1.9363299999999999,1.93649,183,8,0
2024-03-12 23:35:00,1.93649,1.93668,1.93641,1.93662,126,8,0
2024-03-12 23:40:00,1.93662,1.93668,1.9365299999999999,1.93662,108,8,0
2024-03-12 23:45:00,1.93662,1.93662,1.93629,1.9363899999999998,193,8,0
2024-03-12 23:50:00,1.9363899999999998,1.93647,1.93629,1.9364,139,8,0
2024-03-12 23:55:00,1.9364,1.93654,1.93625,1.93642,259,8,0
2024-03-13 00:00:00,1.93642,1.9365999999999999,1.93617,1.93622,474,8,0
2024-03-13 00:05:00,1.93622,1.93627,1.93575,1.9359600000000001,407,8,0
2024-03-13 00:10:00,1.9359600000000001,1.93624,1.93575,1.93622,346,8,0
2024-03-13 00:15:00,1.93622,1.93638,1.9358499999999998,1.9359,271,8,0
2024-03-13 00:20:00,1.9359,1.93608,1.93547,1.9357600000000001,297,8,0
2024-03-13 00:25:00,1.9357600000000001,1.93611,1.9357600000000001,1.93598,412,8,0
2024-03-13 00:30:00,1.93595,1.93643,1.93586,1.9363700000000001,291,8,0
2024-03-13 00:35:00,1.9363700000000001,1.93645,1.93615,1.93636,315,8,0
2024-03-13 00:40:00,1.93636,1.9369399999999999,1.93634,1.93674,459,8,0
2024-03-13 00:45:00,1.93674,1.93679,1.93649,1.93677,400,8,0
2024-03-13 00:50:00,1.93676,1.93726,1.9366400000000001,1.9371800000000001,559,8,0
2024-03-13 00:55:00,1.93717,1.9373399999999998,1.93701,1.9372,450,8,0
2024-03-13 01:00:00,1.9372,1.9374500000000001,1.9368400000000001,1.93724,660,8,0
2024-03-13 01:05:00,1.93724,1.93736,1.9366400000000001,1.9369399999999999,463,8,0
2024-03-13 01:10:00,1.9369399999999999,1.93764,1.9369399999999999,1.93754,490,8,0
2024-03-13 01:15:00,1.93754,1.93773,1.93724,1.93762,532,8,0
2024-03-13 01:20:00,1.93762,1.93776,1.9374799999999999,1.9375,411,8,0
2024-03-13 01:25:00,1.9375,1.93764,1.9372500000000001,1.9374,531,8,0
2024-03-13 01:30:00,1.9374,1.9374099999999999,1.93706,1.93729,617,8,0
2024-03-13 01:35:00,1.93729,1.93819,1.93717,1.93796,530,8,0
2024-03-13 01:40:00,1.93796,1.93823,1.9377499999999999,1.93791,442,8,0
2024-03-13 01:45:00,1.93791,1.93811,1.93743,1.9374799999999999,475,8,0
2024-03-13 01:50:00,1.9374799999999999,1.9379499999999998,1.93744,1.9376,382,8,0
2024-03-13 01:55:00,1.9376,1.93764,1.93735,1.93738,451,8,0
2024-03-13 02:00:00,1.93738,1.93739,1.93649,1.93682,450,8,0
2024-03-13 02:05:00,1.93682,1.9371800000000001,1.93675,1.93683,525,8,0
2024-03-13 02:10:00,1.93683,1.93686,1.9359,1.93604,454,8,0
2024-03-13 02:15:00,1.93604,1.93613,1.93526,1.93547,405,8,0
2024-03-13 02:20:00,1.93546,1.9359600000000001,1.93544,1.9358,477,8,0
2024-03-13 02:25:00,1.9358,1.93635,1.9358,1.93628,367,8,0
2024-03-13 02:30:00,1.93631,1.93631,1.9358300000000002,1.93591,437,8,0
2024-03-13 02:35:00,1.9359,1.93591,1.93554,1.93581,345,8,0
2024-03-13 02:40:00,1.93581,1.9360300000000001,1.9354200000000001,1.93547,343,8,0
2024-03-13 02:45:00,1.93547,1.9356,1.93532,1.93557,335,8,0
2024-03-13 02:50:00,1.93557,1.9355799999999999,1.93505,1.9351,299,8,0
2024-03-13 02:55:00,1.9351,1.93532,1.93507,1.93513,320,8,0
2024-03-13 03:00:00,1.93513,1.93552,1.93502,1.93514,394,8,0
2024-03-13 03:05:00,1.93514,1.9355,1.93507,1.93539,241,8,0
2024-03-13 03:10:00,1.9353799999999999,1.93544,1.93518,1.93518,210,8,0
2024-03-13 03:15:00,1.93518,1.93539,1.93505,1.93519,298,8,0
2024-03-13 03:20:00,1.93519,1.93521,1.93444,1.93444,318,8,0
2024-03-13 03:25:00,1.93444,1.93507,1.9343599999999999,1.93475,415,8,0
2024-03-13 03:30:00,1.93475,1.93475,1.9343599999999999,1.93462,420,8,0
2024-03-13 03:35:00,1.93462,1.93502,1.93458,1.935,317,8,0
2024-03-13 03:40:00,1.935,1.93514,1.93492,1.93496,233,8,0
2024-03-13 03:45:00,1.93496,1.93502,1.9346299999999998,1.93468,323,8,0
2024-03-13 03:50:00,1.93466,1.93476,1.93451,1.93462,260,8,0
2024-03-13 03:55:00,1.93462,1.93466,1.93419,1.93457,363,8,0
2024-03-13 04:00:00,1.93457,1.93471,1.93398,1.93399,376,8,0
2024-03-13 04:05:00,1.93399,1.93434,1.93384,1.93423,277,8,0
2024-03-13 04:10:00,1.93423,1.93428,1.9338,1.93381,302,8,0
2024-03-13 04:15:00,1.93381,1.93403,1.9337499999999999,1.93397,287,8,0
2024-03-13 04:20:00,1.93397,1.93397,1.93361,1.93367,292,8,0
2024-03-13 04:25:00,1.93367,1.9340000000000002,1.93364,1.93399,313,8,0
2024-03-13 04:30:00,1.93399,1.93446,1.93397,1.9341,267,8,0
2024-03-13 04:35:00,1.9341,1.93448,1.93407,1.93431,251,8,0
2024-03-13 04:40:00,1.93431,1.93438,1.9338899999999999,1.93397,325,8,0
2024-03-13 04:45:00,1.93397,1.93449,1.93391,1.9344700000000001,245,8,0
2024-03-13 04:50:00,1.9344700000000001,1.93449,1.9339,1.93403,290,8,0
2024-03-13 04:55:00,1.93403,1.93415,1.93377,1.93396,334,8,0
2024-03-13 05:00:00,1.93396,1.9346100000000002,1.93394,1.93428,420,8,0
2024-03-13 05:05:00,1.93428,1.93428,1.9339300000000001,1.9340000000000002,287,8,0
2024-03-13 05:10:00,1.9340000000000002,1.93415,1.9339300000000001,1.93403,177,8,0
2024-03-13 05:15:00,1.93403,1.93434,1.93381,1.9342000000000001,256,8,0
2024-03-13 05:20:00,1.9342000000000001,1.9345599999999998,1.9340199999999999,1.9345599999999998,341,8,0
2024-03-13 05:25:00,1.9345599999999998,1.93478,1.9341300000000001,1.93421,321,8,0
2024-03-13 05:30:00,1.93421,1.93435,1.9337499999999999,1.9338600000000001,462,8,0
2024-03-13 05:35:00,1.9338600000000001,1.9339,1.93306,1.93337,518,8,0
2024-03-13 05:40:00,1.93336,1.9336799999999998,1.93326,1.93363,510,8,0
2024-03-13 05:45:00,1.93363,1.9342899999999998,1.93363,1.93403,401,8,0
2024-03-13 05:50:00,1.9340000000000002,1.9340899999999999,1.9337,1.9337900000000001,475,8,0
2024-03-13 05:55:00,1.9337900000000001,1.93396,1.93372,1.93376,427,8,0
2024-03-13 06:00:00,1.93376,1.93378,1.9332099999999999,1.93342,541,8,0
2024-03-13 06:05:00,1.93342,1.9334500000000001,1.93299,1.93303,380,8,0
2024-03-13 06:10:00,1.93304,1.93327,1.9329100000000001,1.9332500000000001,367,8,0
2024-03-13 06:15:00,1.93326,1.93357,1.9332099999999999,1.93344,368,8,0
2024-03-13 06:20:00,1.93344,1.93452,1.93343,1.93422,339,8,0
2024-03-13 06:25:00,1.93422,1.93455,1.93411,1.93452,273,8,0
2024-03-13 06:30:00,1.93453,1.93475,1.93423,1.93455,437,8,0
2024-03-13 06:35:00,1.93455,1.9352200000000002,1.9345400000000001,1.93472,546,8,0
2024-03-13 06:40:00,1.93472,1.93527,1.93444,1.93519,522,8,0
2024-03-13 06:45:00,1.93519,1.9356900000000001,1.9351,1.93544,456,8,0
2024-03-13 06:50:00,1.93544,1.93555,1.9349699999999999,1.9351500000000001,435,8,0
2024-03-13 06:55:00,1.9351500000000001,1.93526,1.93487,1.93487,519,8,0
2024-03-13 07:00:00,1.93487,1.93494,1.9339,1.93392,667,8,0
2024-03-13 07:05:00,1.93392,1.93435,1.93385,1.93387,635,8,0
2024-03-13 07:10:00,1.93387,1.93445,1.93353,1.93437,648,8,0
2024-03-13 07:15:00,1.93437,1.93502,1.9342000000000001,1.9348,678,8,0
2024-03-13 07:20:00,1.93482,1.93491,1.93414,1.93417,610,8,0
2024-03-13 07:25:00,1.93417,1.93438,1.9338899999999999,1.93399,610,8,0
2024-03-13 07:30:00,1.93399,1.93421,1.93356,1.93357,650,8,0
2024-03-13 07:35:00,1.93357,1.9337499999999999,1.93292,1.9329800000000001,715,8,0
2024-03-13 07:40:00,1.933,1.93358,1.93283,1.9335499999999999,820,8,0
2024-03-13 07:45:00,1.9335499999999999,1.93437,1.93342,1.93398,564,8,0
2024-03-13 07:50:00,1.93398,1.93407,1.93335,1.93336,615,8,0
2024-03-13 07:55:00,1.93336,1.9337499999999999,1.93296,1.93301,774,8,0
2024-03-13 08:00:00,1.93299,1.9336600000000002,1.93276,1.93363,1120,8,0
2024-03-13 08:05:00,1.93363,1.93387,1.9334500000000001,1.93365,860,8,0
2024-03-13 08:10:00,1.9337,1.93449,1.93351,1.93441,775,8,0
2024-03-13 08:15:00,1.93442,1.9346,1.93397,1.93428,618,8,0
2024-03-13 08:20:00,1.9342899999999998,1.9350100000000001,1.93425,1.9350100000000001,582,8,0
2024-03-13 08:25:00,1.9350100000000001,1.9359199999999999,1.93496,1.9356,740,8,0
2024-03-13 08:30:00,1.9356,1.93617,1.93534,1.93552,773,8,0
2024-03-13 08:35:00,1.93552,1.9359199999999999,1.9353099999999999,1.93564,713,8,0
2024-03-13 08:40:00,1.93564,1.9359899999999999,1.93544,1.9359899999999999,584,8,0
2024-03-13 08:45:00,1.9359899999999999,1.9365,1.9358499999999998,1.93605,535,8,0
2024-03-13 08:50:00,1.93605,1.93624,1.9353799999999999,1.93548,584,8,0
2024-03-13 08:55:00,1.93548,1.93554,1.93486,1.93529,828,8,0
2024-03-13 09:00:00,1.93529,1.9357799999999998,1.93503,1.93577,1046,8,0
2024-03-13 09:05:00,1.93577,1.93643,1.9357,1.93608,843,8,0
2024-03-13 09:10:00,1.93608,1.93609,1.93552,1.9358,658,8,0
2024-03-13 09:15:00,1.9358,1.93586,1.93503,1.9358300000000002,1004,8,0
2024-03-13 09:20:00,1.9358300000000002,1.93606,1.93566,1.93566,533,8,0
2024-03-13 09:25:00,1.9356499999999999,1.9361000000000002,1.9355,1.93554,765,8,0
2024-03-13 09:30:00,1.93554,1.9358,1.93521,1.93573,728,8,0
2024-03-13 09:35:00,1.93573,1.9357799999999998,1.9351699999999998,1.93526,832,8,0
2024-03-13 09:40:00,1.93526,1.9355799999999999,1.9345599999999998,1.9346,695,8,0
2024-03-13 09:45:00,1.9346,1.9348100000000001,1.93435,1.93451,808,8,0
2024-03-13 09:50:00,1.93451,1.93452,1.93398,1.93411,519,8,0
2024-03-13 09:55:00,1.93411,1.9341300000000001,1.93349,1.93358,386,8,0
2024-03-13 10:00:00,1.93358,1.93453,1.93337,1.93422,630,8,0
2024-03-13 10:05:00,1.93426,1.93471,1.93417,1.93458,716,8,0
2024-03-13 10:10:00,1.93457,1.93529,1.9344000000000001,1.93526,689,8,0
2024-03-13 10:15:00,1.93526,1.93561,1.93505,1.93543,654,8,0
2024-03-13 10:20:00,1.93543,1.93557,1.93521,1.9352399999999998,656,8,0
2024-03-13 10:25:00,1.9352399999999998,1.93582,1.9351699999999998,1.93559,510,8,0
2024-03-13 10:30:00,1.93559,1.93588,1.93536,1.93539,510,8,0
2024-03-13 10:35:00,1.93539,1.93548,1.93489,1.93491,571,8,0
2024-03-13 10:40:00,1.93491,1.93496,1.93453,1.93473,543,8,0
2024-03-13 10:45:00,1.93473,1.93512,1.9346299999999998,1.93494,608,8,0
2024-03-13 10:50:00,1.93494,1.93516,1.93485,1.93506,480,8,0
2024-03-13 10:55:00,1.93506,1.93529,1.93492,1.93525,371,8,0
2024-03-13 11:00:00,1.93525,1.9355099999999998,1.93489,1.93512,470,8,0
2024-03-13 11:05:00,1.93512,1.9353099999999999,1.93486,1.9350399999999999,507,8,0
2024-03-13 11:10:00,1.9350399999999999,1.93527,1.9349699999999999,1.9352200000000002,428,8,0
2024-03-13 11:15:00,1.9352200000000002,1.9352399999999998,1.93417,1.93464,471,8,0
2024-03-13 11:20:00,1.93464,1.9356200000000001,1.93455,1.93533,513,8,0
2024-03-13 11:25:00,1.9353500000000001,1.93613,1.93534,1.93557,636,8,0
2024-03-13 11:30:00,1.93557,1.93601,1.9352800000000001,1.9359600000000001,624,8,0
2024-03-13 11:35:00,1.93594,1.9359600000000001,1.9353099999999999,1.93537,548,8,0
2024-03-13 11:40:00,1.93537,1.93561,1.93513,1.9354,492,8,0
2024-03-13 11:45:00,1.9354,1.93586,1.9352,1.9353099999999999,457,8,0
2024-03-13 11:50:00,1.9353099999999999,1.93597,1.9353,1.93594,619,8,0
2024-03-13 11:55:00,1.93595,1.93693,1.93588,1.93682,901,8,0
2024-03-13 12:00:00,1.93682,1.93699,1.93628,1.93628,992,8,0
2024-03-13 12:05:00,1.93628,1.93641,1.93555,1.9355799999999999,941,8,0
2024-03-13 12:10:00,1.93559,1.9357799999999998,1.93541,1.93559,883,8,0
2024-03-13 12:15:00,1.9356,1.93563,1.93526,1.93543,810,8,0
2024-03-13 12:20:00,1.93543,1.93608,1.9352399999999998,1.9358499999999998,816,8,0
2024-03-13 12:25:00,1.9358499999999998,1.9359,1.9355,1.9357600000000001,755,8,0
2024-03-13 12:30:00,1.9357600000000001,1.9367,1.9354900000000002,1.93669,962,8,0
2024-03-13 12:35:00,1.9367,1.93676,1.9363299999999999,1.93649,726,8,0
2024-03-13 12:40:00,1.9365,1.93658,1.936,1.9361000000000002,786,8,0
2024-03-13 12:45:00,1.93609,1.9361899999999999,1.93506,1.93527,747,8,0
2024-03-13 12:50:00,1.93526,1.93581,1.93507,1.9356,714,8,0
2024-03-13 12:55:00,1.93561,1.93635,1.93557,1.93621,759,8,0
2024-03-13 13:00:00,1.93621,1.9365700000000001,1.93606,1.93627,932,8,0
2024-03-13 13:05:00,1.93627,1.93631,1.93571,1.93586,868,8,0
2024-03-13 13:10:00,1.93586,1.9359899999999999,1.9354200000000001,1.9355099999999998,841,8,0
2024-03-13 13:15:00,1.9355099999999998,1.93577,1.9348,1.93482,846,8,0
2024-03-13 13:20:00,1.93482,1.93503,1.9343,1.93431,739,8,0
2024-03-13 13:25:00,1.93431,1.93435,1.93401,1.93407,739,8,0
2024-03-13 13:30:00,1.9340600000000001,1.9342700000000002,1.93349,1.9338199999999999,1231,8,0
2024-03-13 13:35:00,1.93381,1.93422,1.93351,1.9335499999999999,1067,8,0
2024-03-13 13:40:00,1.9335499999999999,1.93377,1.93317,1.9335,1098,8,0
2024-03-13 13:45:00,1.9335,1.93365,1.93258,1.93322,1190,8,0
2024-03-13 13:50:00,1.93322,1.9333900000000002,1.9329800000000001,1.9331399999999999,1103,8,0
2024-03-13 13:55:00,1.93313,1.9335499999999999,1.9328400000000001,1.9335499999999999,1083,8,0
2024-03-13 14:00:00,1.9335499999999999,1.9341599999999999,1.93342,1.9339499999999998,1186,8,0
2024-03-13 14:05:00,1.93394,1.9351699999999998,1.9339,1.93479,1040,8,0
2024-03-13 14:10:00,1.93479,1.9356200000000001,1.9346700000000001,1.9356200000000001,1084,8,0
2024-03-13 14:15:00,1.9356200000000001,1.9358499999999998,1.93521,1.9354,941,8,0
2024-03-13 14:20:00,1.9354,1.9354,1.93462,1.9346999999999999,1075,8,0
2024-03-13 14:25:00,1.9346999999999999,1.93473,1.93417,1.93457,906,8,0
2024-03-13 14:30:00,1.93457,1.93491,1.93441,1.93446,960,8,0
2024-03-13 14:35:00,1.93446,1.93446,1.93361,1.93374,909,8,0
2024-03-13 14:40:00,1.93374,1.93378,1.93299,1.93306,984,8,0
2024-03-13 14:45:00,1.93306,1.93333,1.93286,1.9331399999999999,822,8,0
2024-03-13 14:50:00,1.9331399999999999,1.93374,1.9329800000000001,1.93371,821,8,0
2024-03-13 14:55:00,1.93371,1.93442,1.93369,1.93392,950,8,0
2024-03-13 15:00:00,1.93392,1.93424,1.9334099999999999,1.93344,1003,8,0
2024-03-13 15:05:00,1.93344,1.93365,1.93312,1.93342,844,8,0
2024-03-13 15:10:00,1.93342,1.9336,1.93265,1.9326699999999999,720,8,0
2024-03-13 15:15:00,1.9326699999999999,1.93299,1.93209,1.9322,742,8,0
2024-03-13 15:20:00,1.9322,1.9327100000000002,1.93202,1.93265,721,8,0
2024-03-13 15:25:00,1.93265,1.93292,1.93249,1.9326699999999999,818,8,0
2024-03-13 15:30:00,1.9326699999999999,1.9329,1.93258,1.93263,959,8,0
2024-03-13 15:35:00,1.93263,1.93304,1.9322300000000001,1.93303,805,8,0
2024-03-13 15:40:00,1.93303,1.93364,1.9324400000000002,1.9325299999999999,891,8,0
2024-03-13 15:45:00,1.9325299999999999,1.93316,1.93243,1.93283,835,8,0
2024-03-13 15:50:00,1.93283,1.93295,1.9323299999999999,1.9324400000000002,930,8,0
2024-03-13 15:55:00,1.9324400000000002,1.9325999999999999,1.9319600000000001,1.93243,1208,8,0
2024-03-13 16:00:00,1.93242,1.93302,1.9323299999999999,1.9325999999999999,1007,8,0
2024-03-13 16:05:00,1.9325999999999999,1.93282,1.93228,1.93242,717,8,0
2024-03-13 16:10:00,1.93242,1.93249,1.9321700000000002,1.93225,764,8,0
2024-03-13 16:15:00,1.93225,1.9324,1.9320599999999999,1.93236,754,8,0
2024-03-13 16:20:00,1.93235,1.93236,1.9318,1.93216,498,8,0
2024-03-13 16:25:00,1.93216,1.9325,1.93204,1.93227,538,8,0
2024-03-13 16:30:00,1.93227,1.9324400000000002,1.93175,1.9323700000000001,741,8,0
2024-03-13 16:35:00,1.9323700000000001,1.93242,1.93171,1.9317600000000001,755,8,0
2024-03-13 16:40:00,1.93177,1.9323000000000001,1.9315799999999999,1.93209,564,8,0
2024-03-13 16:45:00,1.93209,1.9321000000000002,1.93147,1.93179,669,8,0
2024-03-13 16:50:00,1.93179,1.93187,1.9315799999999999,1.93173,671,8,0
2024-03-13 16:55:00,1.93173,1.93197,1.93167,1.93194,677,8,0
2024-03-13 17:00:00,1.93194,1.93208,1.93127,1.93154,1641,8,0
2024-03-13 17:05:00,1.93155,1.93171,1.93132,1.93148,1359,8,0
2024-03-13 17:10:00,1.93148,1.9317,1.93114,1.9312200000000002,1194,8,0
2024-03-13 17:15:00,1.9312200000000002,1.93143,1.93103,1.93117,889,8,0
2024-03-13 17:20:00,1.93117,1.9312399999999998,1.93082,1.93102,582,8,0
2024-03-13 17:25:00,1.93102,1.9310800000000001,1.93071,1.93084,672,8,0
2024-03-13 17:30:00,1.93084,1.9309500000000002,1.93062,1.93086,630,8,0
2024-03-13 17:35:00,1.93086,1.93092,1.93053,1.93073,504,8,0
2024-03-13 17:40:00,1.93073,1.93086,1.93049,1.93055,561,8,0
2024-03-13 17:45:00,1.93055,1.93092,1.93035,1.93091,450,8,0
2024-03-13 17:50:00,1.93091,1.93117,1.93075,1.93083,600,8,0
2024-03-13 17:55:00,1.93083,1.93136,1.93072,1.93134,534,8,0
2024-03-13 18:00:00,1.93134,1.9315799999999999,1.9313099999999999,1.93132,567,8,0
2024-03-13 18:05:00,1.93132,1.93132,1.9310800000000001,1.93109,459,8,0
2024-03-13 18:10:00,1.93109,1.93118,1.93092,1.9310399999999999,413,8,0
2024-03-13 18:15:00,1.9310399999999999,1.93117,1.93091,1.93113,479,8,0
2024-03-13 18:20:00,1.93113,1.93141,1.9309500000000002,1.9312200000000002,365,8,0
2024-03-13 18:25:00,1.9312200000000002,1.9313099999999999,1.9310399999999999,1.93106,647,8,0
2024-03-13 18:30:00,1.93106,1.93117,1.93091,1.93098,474,8,0
2024-03-13 18:35:00,1.93098,1.93109,1.9307400000000001,1.93109,519,8,0
2024-03-13 18:40:00,1.93109,1.93117,1.9307400000000001,1.93113,494,8,0
2024-03-13 18:45:00,1.93113,1.93144,1.9310800000000001,1.93139,424,8,0
2024-03-13 18:50:00,1.93139,1.93141,1.93079,1.9309699999999999,451,8,0
2024-03-13 18:55:00,1.9309699999999999,1.93141,1.9309699999999999,1.93112,629,8,0
2024-03-13 19:00:00,1.93112,1.9314,1.9311,1.9313,436,8,0
2024-03-13 19:05:00,1.9313,1.93152,1.93126,1.93141,347,8,0
2024-03-13 19:10:00,1.93141,1.93145,1.9313099999999999,1.93136,389,8,0
2024-03-13 19:15:00,1.93136,1.9315099999999998,1.93117,1.93141,403,8,0
2024-03-13 19:20:00,1.9314200000000001,1.93159,1.9313099999999999,1.9315799999999999,330,8,0
2024-03-13 19:25:00,1.9315799999999999,1.9320300000000001,1.9315099999999998,1.93189,816,8,0
2024-03-13 19:30:00,1.93189,1.93202,1.93159,1.93194,831,8,0
2024-03-13 19:35:00,1.93194,1.93209,1.93178,1.93193,616,8,0
2024-03-13 19:40:00,1.93193,1.9323000000000001,1.93193,1.9321199999999998,640,8,0
2024-03-13 19:45:00,1.9321199999999998,1.93242,1.9319600000000001,1.93214,661,8,0
2024-03-13 19:50:00,1.93214,1.9325999999999999,1.9321199999999998,1.9324400000000002,675,8,0
2024-03-13 19:55:00,1.9324400000000002,1.9327100000000002,1.93243,1.93269,676,8,0
2024-03-13 20:00:00,1.93269,1.93269,1.93224,1.93251,351,8,0
2024-03-13 20:05:00,1.9325,1.93272,1.93249,1.93256,163,8,0
2024-03-13 20:10:00,1.93256,1.9327299999999998,1.93248,1.93269,211,8,0
2024-03-13 20:15:00,1.93269,1.9327,1.9325999999999999,1.93262,124,8,0
2024-03-13 20:20:00,1.93262,1.93272,1.93252,1.93256,198,8,0
2024-03-13 20:25:00,1.93256,1.93283,1.9325299999999999,1.9327100000000002,249,8,0
2024-03-13 20:30:00,1.93272,1.93309,1.93266,1.93268,283,8,0
2024-03-13 20:35:00,1.93268,1.93272,1.93245,1.93248,260,8,0
2024-03-13 20:40:00,1.93248,1.93261,1.93241,1.93248,178,8,0
2024-03-13 20:45:00,1.93248,1.9327100000000002,1.93238,1.93259,185,8,0
2024-03-13 20:50:00,1.93259,1.9327999999999999,1.93256,1.9326400000000001,248,8,0
2024-03-13 20:55:00,1.9326400000000001,1.93274,1.93245,1.93258,261,8,0
2024-03-13 21:00:00,1.93258,1.93286,1.93123,1.9321000000000002,38,19,0
2024-03-13 21:05:00,1.9321000000000002,1.9321000000000002,1.93015,1.93096,226,120,0
2024-03-13 21:10:00,1.93096,1.9319899999999999,1.9308100000000001,1.93087,57,68,0
2024-03-13 21:15:00,1.9309699999999999,1.9311,1.9306100000000002,1.93082,90,168,0
2024-03-13 21:20:00,1.93082,1.93245,1.93079,1.93207,61,45,0
2024-03-13 21:25:00,1.93207,1.93249,1.93177,1.93209,66,107,0
2024-03-13 21:30:00,1.93221,1.9329,1.93221,1.93282,110,55,0
2024-03-13 21:35:00,1.93282,1.9331399999999999,1.9327299999999998,1.9328400000000001,238,51,0
2024-03-13 21:40:00,1.9328400000000001,1.93299,1.93268,1.9327800000000002,88,37,0
2024-03-13 21:45:00,1.9327800000000002,1.93295,1.93256,1.93274,1089,37,0
2024-03-13 21:50:00,1.93274,1.9327999999999999,1.93248,1.9326699999999999,214,48,0
2024-03-13 21:55:00,1.9325700000000001,1.9327800000000002,1.93207,1.93266,226,44,0
2024-03-13 22:00:00,1.93266,1.93299,1.9323299999999999,1.93282,268,16,0
2024-03-13 22:05:00,1.93282,1.9329399999999999,1.93263,1.93272,267,8,0
2024-03-13 22:10:00,1.93272,1.9329,1.93266,1.93272,298,23,0
2024-03-13 22:15:00,1.93272,1.9327999999999999,1.93249,1.93274,147,8,0
2024-03-13 22:20:00,1.93274,1.93286,1.93256,1.93258,74,13,0
2024-03-13 22:25:00,1.93258,1.93279,1.9324599999999998,1.93248,102,10,0
2024-03-13 22:30:00,1.9324599999999998,1.9326699999999999,1.93232,1.93242,140,11,0
2024-03-13 22:35:00,1.93242,1.93292,1.9323700000000001,1.9326400000000001,168,10,0
2024-03-13 22:40:00,1.93265,1.9327,1.93234,1.93235,56,11,0
2024-03-13 22:45:00,1.93235,1.93239,1.93224,1.9322599999999999,62,8,0
2024-03-13 22:50:00,1.93229,1.93289,1.93229,1.93281,98,8,0
2024-03-13 22:55:00,1.93282,1.9329800000000001,1.93259,1.93289,125,8,0
2024-03-13 23:00:00,1.93289,1.93299,1.9325299999999999,1.9326699999999999,257,8,0
2024-03-13 23:05:00,1.9326699999999999,1.93299,1.93252,1.93276,188,8,0
2024-03-13 23:10:00,1.9327800000000002,1.933,1.9326400000000001,1.93295,175,8,0
2024-03-13 23:15:00,1.93295,1.933,1.93262,1.93262,162,8,0
2024-03-13 23:20:00,1.93262,1.93277,1.93243,1.93251,182,8,0
2024-03-13 23:25:00,1.93251,1.93259,1.93182,1.93198,228,8,0
2024-03-13 23:30:00,1.932,1.932,1.93173,1.93181,160,8,0
2024-03-13 23:35:00,1.93181,1.93181,1.93154,1.93178,169,8,0
2024-03-13 23:40:00,1.93178,1.9320599999999999,1.93136,1.93139,208,8,0
2024-03-13 23:45:00,1.93139,1.93193,1.93136,1.93191,218,8,0
2024-03-13 23:50:00,1.93191,1.93191,1.93128,1.9316,323,8,0
2024-03-13 23:55:00,1.9316,1.9316499999999999,1.93129,1.9314900000000002,312,8,0
2024-03-14 00:00:00,1.9314900000000002,1.9315099999999998,1.93055,1.9308800000000002,678,8,0
2024-03-14 00:05:00,1.9308800000000002,1.9310399999999999,1.93055,1.9310399999999999,277,8,0
2024-03-14 00:10:00,1.9310399999999999,1.93152,1.9310399999999999,1.9314200000000001,389,8,0
2024-03-14 00:15:00,1.9314200000000001,1.9319600000000001,1.9313799999999999,1.93187,257,8,0
2024-03-14 00:20:00,1.93187,1.93197,1.93161,1.93182,202,8,0
2024-03-14 00:25:00,1.93182,1.93211,1.93157,1.93191,303,8,0
2024-03-14 00:30:00,1.93191,1.93191,1.9314900000000002,1.93154,300,8,0
2024-03-14 00:35:00,1.93154,1.9317,1.9312399999999998,1.93168,270,8,0
2024-03-14 00:40:00,1.9316900000000001,1.93251,1.9316200000000001,1.93236,380,8,0
2024-03-14 00:45:00,1.93236,1.93252,1.9319199999999999,1.9319899999999999,409,8,0
2024-03-14 00:50:00,1.9319899999999999,1.93207,1.93154,1.93177,373,8,0
2024-03-14 00:55:00,1.93177,1.93214,1.93147,1.9320300000000001,548,8,0
2024-03-14 01:00:00,1.93204,1.9322599999999999,1.9316499999999999,1.93167,524,8,0
2024-03-14 01:05:00,1.93167,1.93186,1.9313,1.9313799999999999,568,8,0
2024-03-14 01:10:00,1.9313799999999999,1.93164,1.9311500000000001,1.93154,576,8,0
2024-03-14 01:15:00,1.93154,1.93181,1.93141,1.93164,674,8,0
2024-03-14 01:20:00,1.93164,1.93167,1.93139,1.93146,431,8,0
2024-03-14 01:25:00,1.93146,1.93181,1.93141,1.93181,341,8,0
2024-03-14 01:30:00,1.93181,1.93181,1.93141,1.93141,547,8,0
2024-03-14 01:35:00,1.93141,1.9315600000000002,1.9309500000000002,1.9310100000000001,440,8,0
2024-03-14 01:40:00,1.9310100000000001,1.93133,1.93093,1.93105,478,8,0
2024-03-14 01:45:00,1.93105,1.93132,1.9308999999999998,1.93113,456,8,0
2024-03-14 01:50:00,1.93113,1.9312200000000002,1.93094,1.93102,465,8,0
2024-03-14 01:55:00,1.93102,1.93117,1.93057,1.93059,349,8,0
2024-03-14 02:00:00,1.93059,1.9315799999999999,1.93056,1.9315,519,8,0
2024-03-14 02:05:00,1.93153,1.932,1.93153,1.9319,488,8,0
2024-03-14 02:10:00,1.9319,1.93229,1.93182,1.93209,412,8,0
2024-03-14 02:15:00,1.93209,1.93252,1.93202,1.9324400000000002,377,8,0
2024-03-14 02:20:00,1.9324400000000002,1.93299,1.9323299999999999,1.93296,429,8,0
2024-03-14 02:25:00,1.93296,1.933,1.9327100000000002,1.93289,301,8,0
2024-03-14 02:30:00,1.93289,1.9329,1.93251,1.93266,460,8,0
2024-03-14 02:35:00,1.93266,1.93335,1.9324599999999998,1.93324,357,8,0
2024-03-14 02:40:00,1.93324,1.93337,1.93297,1.93327,324,8,0
2024-03-14 02:45:00,1.93327,1.9334099999999999,1.9331399999999999,1.9332099999999999,279,8,0
2024-03-14 02:50:00,1.9332099999999999,1.93365,1.93311,1.93344,321,8,0
2024-03-14 02:55:00,1.93344,1.93407,1.9334099999999999,1.9340000000000002,348,8,0
2024-03-14 03:00:00,1.9340000000000002,1.9342000000000001,1.93383,1.93404,474,8,0
2024-03-14 03:05:00,1.93404,1.9341,1.9337499999999999,1.93403,374,8,0
2024-03-14 03:10:00,1.9340199999999999,1.9341300000000001,1.93381,1.93397,312,8,0
2024-03-14 03:15:00,1.93397,1.93432,1.93385,1.93428,442,8,0
2024-03-14 03:20:00,1.93428,1.93431,1.9339499999999998,1.93399,353,8,0
2024-03-14 03:25:00,1.93399,1.93439,1.9338,1.93432,483,8,0
2024-03-14 03:30:00,1.93432,1.9345599999999998,1.93415,1.93449,418,8,0
2024-03-14 03:35:00,1.93449,1.9346700000000001,1.9342700000000002,1.93448,376,8,0
2024-03-14 03:40:00,1.93448,1.9347400000000001,1.9344000000000001,1.9344700000000001,344,8,0
2024-03-14 03:45:00,1.9344700000000001,1.9346299999999998,1.93415,1.93425,358,8,0
2024-03-14 03:50:00,1.93425,1.93425,1.93407,1.93423,230,8,0
2024-03-14 03:55:00,1.93423,1.93428,1.9339,1.93401,244,8,0
2024-03-14 04:00:00,1.93401,1.93422,1.9338600000000001,1.93411,294,8,0
2024-03-14 04:05:00,1.93411,1.93426,1.9340600000000001,1.93423,225,8,0
2024-03-14 04:10:00,1.93423,1.9346100000000002,1.93423,1.93458,259,8,0
2024-03-14 04:15:00,1.93458,1.93465,1.93418,1.93424,248,8,0
2024-03-14 04:20:00,1.93424,1.93425,1.93397,1.9341,297,8,0
2024-03-14 04:25:00,1.9341,1.93451,1.9340000000000002,1.93411,256,8,0
2024-03-14 04:30:00,1.93411,1.93421,1.93326,1.93335,428,8,0
2024-03-14 04:35:00,1.93335,1.9334799999999999,1.93311,1.93311,274,8,0
2024-03-14 04:40:00,1.93311,1.9332099999999999,1.93288,1.9332,236,8,0
2024-03-14 04:45:00,1.9332,1.93354,1.9331399999999999,1.9334799999999999,183,8,0
2024-03-14 04:50:00,1.93349,1.93349,1.93312,1.93312,177,8,0
2024-03-14 04:55:00,1.93312,1.9336600000000002,1.93311,1.93364,174,8,0
2024-03-14 05:00:00,1.93364,1.93434,1.93362,1.9342000000000001,377,8,0
2024-03-14 05:05:00,1.9342000000000001,1.93432,1.93385,1.93401,346,8,0
2024-03-14 05:10:00,1.93401,1.93425,1.9330500000000002,1.93316,475,8,0
2024-03-14 05:15:00,1.93316,1.93358,1.93309,1.93357,263,8,0
2024-03-14 05:20:00,1.93357,1.9337499999999999,1.9334,1.93364,334,8,0
2024-03-14 05:25:00,1.93364,1.9340000000000002,1.93351,1.93392,335,8,0
2024-03-14 05:30:00,1.93392,1.93449,1.9339,1.93411,475,8,0
2024-03-14 05:35:00,1.93411,1.93417,1.9337,1.93372,444,8,0
2024-03-14 05:40:00,1.93372,1.93414,1.9335200000000001,1.93374,429,8,0
2024-03-14 05:45:00,1.93374,1.9337900000000001,1.93344,1.9334799999999999,327,8,0
2024-03-14 05:50:00,1.9334799999999999,1.93362,1.9327299999999998,1.9328400000000001,436,8,0
2024-03-14 05:55:00,1.9328400000000001,1.9334,1.9327100000000002,1.9330699999999998,440,8,0
2024-03-14 06:00:00,1.93308,1.9336600000000002,1.93299,1.93336,583,8,0
2024-03-14 06:05:00,1.93336,1.93394,1.9332799999999999,1.93394,485,8,0
2024-03-14 06:10:00,1.9339300000000001,1.93419,1.93323,1.93346,488,8,0
2024-03-14 06:15:00,1.93346,1.93351,1.93313,1.93322,395,8,0
2024-03-14 06:20:00,1.93323,1.93336,1.93293,1.93323,362,8,0
2024-03-14 06:25:00,1.93323,1.9335,1.93311,1.9334,367,8,0
2024-03-14 06:30:00,1.9334,1.93351,1.93324,1.93329,413,8,0
2024-03-14 06:35:00,1.93329,1.9333900000000002,1.93313,1.93315,351,8,0
2024-03-14 06:40:00,1.93315,1.93331,1.93303,1.9332,376,8,0
2024-03-14 06:45:00,1.9332,1.9335200000000001,1.93315,1.93351,288,8,0
2024-03-14 06:50:00,1.93351,1.93385,1.9330500000000002,1.93338,421,8,0
2024-03-14 06:55:00,1.93338,1.93349,1.9331,1.9333900000000002,530,8,0
2024-03-14 07:00:00,1.9333900000000002,1.9337,1.9332,1.93335,607,8,0
2024-03-14 07:05:00,1.93335,1.93373,1.9332500000000001,1.9334799999999999,478,8,0
2024-03-14 07:10:00,1.9334799999999999,1.93434,1.93336,1.93428,499,8,0
2024-03-14 07:15:00,1.93428,1.9346999999999999,1.93423,1.93451,522,8,0
2024-03-14 07:20:00,1.9344999999999999,1.9351500000000001,1.93442,1.9350800000000001,421,8,0
2024-03-14 07:25:00,1.9350800000000001,1.9352800000000001,1.93479,1.9348100000000001,445,8,0
2024-03-14 07:30:00,1.9348100000000001,1.93536,1.9346299999999998,1.9351699999999998,1167,8,0
2024-03-14 07:35:00,1.9351699999999998,1.93547,1.93453,1.93475,860,8,0
2024-03-14 07:40:00,1.93475,1.93483,1.9342000000000001,1.93434,650,8,0
2024-03-14 07:45:00,1.93437,1.93445,1.9339300000000001,1.9341599999999999,691,8,0
2024-03-14 07:50:00,1.9341599999999999,1.93445,1.93387,1.93407,512,8,0
2024-03-14 07:55:00,1.93408,1.93446,1.9340000000000002,1.9341599999999999,463,8,0
2024-03-14 08:00:00,1.93417,1.9346,1.93373,1.9343599999999999,869,8,0
2024-03-14 08:05:00,1.9343599999999999,1.93514,1.9343599999999999,1.93484,679,8,0
2024-03-14 08:10:00,1.93484,1.93559,1.93473,1.93496,1026,8,0
2024-03-14 08:15:00,1.9349699999999999,1.9355799999999999,1.9346999999999999,1.93512,843,8,0
2024-03-14 08:20:00,1.93512,1.93526,1.93434,1.93485,753,8,0
2024-03-14 08:25:00,1.93485,1.93506,1.9342700000000002,1.93503,620,8,0
2024-03-14 08:30:00,1.93503,1.93555,1.9348800000000002,1.9348999999999998,529,8,0
2024-03-14 08:35:00,1.9348999999999998,1.93494,1.9346100000000002,1.93475,603,8,0
2024-03-14 08:40:00,1.9347400000000001,1.93534,1.93471,1.93499,628,8,0
2024-03-14 08:45:00,1.93499,1.93499,1.93435,1.93464,650,8,0
2024-03-14 08:50:00,1.93464,1.93513,1.9346,1.93495,657,8,0
2024-03-14 08:55:00,1.93495,1.93523,1.9348100000000001,1.9349699999999999,780,8,0
2024-03-14 09:00:00,1.9349699999999999,1.93544,1.93476,1.9352200000000002,883,8,0
2024-03-14 09:05:00,1.93513,1.93525,1.93484,1.9352200000000002,602,8,0
2024-03-14 09:10:00,1.9352200000000002,1.9354,1.93487,1.93514,536,8,0
2024-03-14 09:15:00,1.93514,1.93559,1.93503,1.93503,562,8,0
2024-03-14 09:20:00,1.93503,1.93513,1.93487,1.9350100000000001,611,8,0
2024-03-14 09:25:00,1.9350100000000001,1.9355,1.93493,1.9354,474,8,0
2024-03-14 09:30:00,1.9354,1.9356200000000001,1.93498,1.93507,572,8,0
2024-03-14 09:35:00,1.9350800000000001,1.93537,1.93472,1.93499,502,8,0
2024-03-14 09:40:00,1.93499,1.9352,1.9346700000000001,1.9350800000000001,496,8,0
2024-03-14 09:45:00,1.93509,1.9352200000000002,1.9348,1.9351,540,8,0
2024-03-14 09:50:00,1.9351,1.93518,1.93466,1.93484,542,8,0
2024-03-14 09:55:00,1.93484,1.93509,1.9344700000000001,1.9346100000000002,600,8,0
2024-03-14 10:00:00,1.93462,1.93534,1.93449,1.9352,708,8,0
2024-03-14 10:05:00,1.9352,1.93523,1.9344999999999999,1.93473,690,8,0
2024-03-14 10:10:00,1.93473,1.9353,1.9346299999999998,1.93519,675,8,0
2024-03-14 10:15:00,1.9352,1.9353099999999999,1.9346999999999999,1.93493,585,8,0
2024-03-14 10:20:00,1.93492,1.93513,1.9347699999999999,1.9348,462,8,0
2024-03-14 10:25:00,1.9348,1.93486,1.93448,1.93453,498,8,0
2024-03-14 10:30:00,1.93453,1.93458,1.93399,1.93451,550,8,0
2024-03-14 10:35:00,1.93451,1.9351099999999999,1.93448,1.9351099999999999,546,8,0
2024-03-14 10:40:00,1.9351099999999999,1.9352,1.93469,1.9347400000000001,548,8,0
2024-03-14 10:45:00,1.9347400000000001,1.9347400000000001,1.93432,1.93451,511,8,0
2024-03-14 10:50:00,1.93451,1.93476,1.93445,1.93473,562,8,0
2024-03-14 10:55:00,1.93473,1.93487,1.93424,1.93435,608,8,0
2024-03-14 11:00:00,1.93435,1.9344000000000001,1.93397,1.9341300000000001,768,8,0
2024-03-14 11:05:00,1.93412,1.93462,1.93412,1.9344999999999999,372,8,0
2024-03-14 11:10:00,1.9344999999999999,1.93473,1.93337,1.93356,490,8,0
2024-03-14 11:15:00,1.93356,1.9337499999999999,1.93297,1.93299,419,8,0
2024-03-14 11:20:00,1.93299,1.93316,1.93283,1.93297,484,8,0
2024-03-14 11:25:00,1.93297,1.93315,1.93283,1.9328699999999999,526,8,0
2024-03-14 11:30:00,1.9328699999999999,1.9333399999999998,1.93286,1.93309,501,8,0
2024-03-14 11:35:00,1.93309,1.93362,1.93304,1.93353,433,8,0
2024-03-14 11:40:00,1.93353,1.9338899999999999,1.93302,1.93302,527,8,0
2024-03-14 11:45:00,1.93302,1.93338,1.93295,1.93301,457,8,0
2024-03-14 11:50:00,1.93301,1.93351,1.93301,1.93312,379,8,0
2024-03-14 11:55:00,1.93312,1.93394,1.9329,1.93381,736,8,0
2024-03-14 12:00:00,1.93381,1.9338899999999999,1.93327,1.9338,901,8,0
2024-03-14 12:05:00,1.9338,1.93398,1.93362,1.93394,841,8,0
2024-03-14 12:10:00,1.93394,1.93394,1.9330500000000002,1.93312,613,8,0
2024-03-14 12:15:00,1.93313,1.93354,1.93302,1.9330500000000002,702,8,0
2024-03-14 12:20:00,1.9330500000000002,1.9333,1.93265,1.9326699999999999,1142,8,0
2024-03-14 12:25:00,1.9326699999999999,1.93357,1.9324400000000002,1.9328400000000001,928,8,0
2024-03-14 12:30:00,1.93326,1.93493,1.9323299999999999,1.93446,2263,8,0
2024-03-14 12:35:00,1.9344700000000001,1.9345400000000001,1.9333,1.9333399999999998,2267,8,0
2024-03-14 12:40:00,1.93336,1.9335200000000001,1.9323000000000001,1.93245,2054,8,0
2024-03-14 12:45:00,1.93245,1.93316,1.9321899999999999,1.93293,1626,8,0
2024-03-14 12:50:00,1.93293,1.93452,1.93293,1.93414,1446,8,0
2024-03-14 12:55:00,1.93414,1.9348100000000001,1.9341300000000001,1.9346100000000002,1623,8,0
2024-03-14 13:00:00,1.93462,1.93502,1.93445,1.93452,1437,8,0
2024-03-14 13:05:00,1.93452,1.93498,1.93403,1.9348100000000001,1417,8,0
2024-03-14 13:10:00,1.9348100000000001,1.9356,1.93468,1.93499,1075,8,0
2024-03-14 13:15:00,1.93498,1.9351699999999998,1.93369,1.93419,1268,8,0
2024-03-14 13:20:00,1.93418,1.93419,1.9333900000000002,1.93347,2069,8,0
2024-03-14 13:25:00,1.9334799999999999,1.93403,1.93327,1.9340000000000002,1356,8,0
2024-03-14 13:30:00,1.93403,1.93607,1.93398,1.9359600000000001,1777,8,0
2024-03-14 13:35:00,1.9359600000000001,1.93621,1.93432,1.93466,1671,8,0
2024-03-14 13:40:00,1.93466,1.9357600000000001,1.9346,1.93555,1495,8,0
2024-03-14 13:45:00,1.93554,1.93628,1.9352399999999998,1.93556,1723,8,0
2024-03-14 13:50:00,1.93556,1.9357199999999999,1.935,1.93534,1876,8,0
2024-03-14 13:55:00,1.93534,1.93563,1.9350800000000001,1.9354,1203,8,0
2024-03-14 14:00:00,1.93541,1.9363700000000001,1.9352200000000002,1.93554,1596,8,0
2024-03-14 14:05:00,1.93553,1.93611,1.93553,1.9357199999999999,1329,8,0
2024-03-14 14:10:00,1.9357199999999999,1.93669,1.93554,1.93638,1170,8,0
2024-03-14 14:15:00,1.9363700000000001,1.93685,1.93607,1.93675,1309,8,0
2024-03-14 14:20:00,1.93677,1.93735,1.9364599999999998,1.93702,1379,8,0
2024-03-14 14:25:00,1.93702,1.9373399999999998,1.93665,1.93674,1004,8,0
2024-03-14 14:30:00,1.93674,1.9367999999999999,1.93575,1.93589,1361,8,0
2024-03-14 14:35:00,1.93589,1.93654,1.93582,1.93613,1162,8,0
2024-03-14 14:40:00,1.9361199999999998,1.9367999999999999,1.93586,1.93617,1132,8,0
2024-03-14 14:45:00,1.93618,1.93624,1.9355,1.93586,1192,8,0
2024-03-14 14:50:00,1.9358499999999998,1.93654,1.9354,1.93643,1290,8,0
2024-03-14 14:55:00,1.93643,1.93654,1.93611,1.93645,1136,8,0
2024-03-14 15:00:00,1.9364400000000002,1.93656,1.93582,1.93597,1086,8,0
2024-03-14 15:05:00,1.936,1.93655,1.93591,1.93645,1058,8,0
2024-03-14 15:10:00,1.93645,1.9372500000000001,1.93609,1.93712,1401,8,0
2024-03-14 15:15:00,1.9371399999999999,1.93716,1.93652,1.93683,1300,8,0
2024-03-14 15:20:00,1.93683,1.9374799999999999,1.9367999999999999,1.93702,1095,8,0
2024-03-14 15:25:00,1.93702,1.93765,1.93683,1.93754,1060,8,0
2024-03-14 15:30:00,1.9375499999999999,1.93763,1.93711,1.9372099999999999,939,8,0
2024-03-14 15:35:00,1.9372,1.93784,1.9371800000000001,1.93762,1022,8,0
2024-03-14 15:40:00,1.93761,1.9379300000000002,1.93746,1.9379,1226,8,0
2024-03-14 15:45:00,1.9379,1.93837,1.9374,1.93815,982,8,0
2024-03-14 15:50:00,1.93814,1.93845,1.93791,1.93833,1116,8,0
2024-03-14 15:55:00,1.93833,1.93833,1.9354200000000001,1.93608,1660,8,0
2024-03-14 16:00:00,1.93609,1.93662,1.9357,1.9365299999999999,1270,8,0
2024-03-14 16:05:00,1.9365299999999999,1.93675,1.936,1.9363000000000001,1051,8,0
2024-03-14 16:10:00,1.93631,1.93674,1.93616,1.93641,1066,8,0
2024-03-14 16:15:00,1.93641,1.93643,1.93577,1.9359899999999999,684,8,0
2024-03-14 16:20:00,1.9359899999999999,1.93601,1.93555,1.93566,831,8,0
2024-03-14 16:25:00,1.93566,1.936,1.93523,1.93598,641,8,0
2024-03-14 16:30:00,1.93598,1.93618,1.93574,1.93607,767,8,0
2024-03-14 16:35:00,1.93607,1.93622,1.9356499999999999,1.9359199999999999,761,8,0
2024-03-14 16:40:00,1.9359199999999999,1.93608,1.9357199999999999,1.93602,780,8,0
2024-03-14 16:45:00,1.93602,1.9363299999999999,1.9357799999999998,1.93615,900,8,0
2024-03-14 16:50:00,1.93614,1.9363000000000001,1.9356200000000001,1.93571,762,8,0
2024-03-14 16:55:00,1.93571,1.93618,1.93571,1.93613,775,8,0
2024-03-14 17:00:00,1.93613,1.93699,1.936,1.93677,893,8,0
2024-03-14 17:05:00,1.93677,1.93703,1.93656,1.93674,701,8,0
2024-03-14 17:10:00,1.93674,1.93679,1.93645,1.93672,473,8,0
2024-03-14 17:15:00,1.93672,1.93728,1.93659,1.9372099999999999,620,8,0
2024-03-14 17:20:00,1.9372099999999999,1.93744,1.9369100000000001,1.9371,568,8,0
2024-03-14 17:25:00,1.9371,1.9373200000000002,1.93699,1.93711,549,8,0
2024-03-14 17:30:00,1.93711,1.93762,1.93701,1.9371,729,8,0
2024-03-14 17:35:00,1.9371,1.93723,1.93677,1.9367999999999999,502,8,0
2024-03-14 17:40:00,1.93682,1.9376799999999998,1.9367999999999999,1.9374500000000001,545,8,0
2024-03-14 17:45:00,1.9374500000000001,1.93789,1.93724,1.93727,563,8,0
2024-03-14 17:50:00,1.93727,1.93731,1.93676,1.9367999999999999,493,8,0
2024-03-14 17:55:00,1.9367999999999999,1.93693,1.93655,1.9367299999999998,411,8,0
2024-03-14 18:00:00,1.9367299999999998,1.93685,1.93659,1.93661,535,8,0
2024-03-14 18:05:00,1.93661,1.93701,1.93655,1.9369100000000001,523,8,0
2024-03-14 18:10:00,1.9369100000000001,1.9372,1.9367100000000002,1.93682,527,8,0
2024-03-14 18:15:00,1.9367999999999999,1.9368400000000001,1.9364400000000002,1.9365,492,8,0
2024-03-14 18:20:00,1.9365,1.9368699999999999,1.93645,1.93682,404,8,0
2024-03-14 18:25:00,1.93682,1.9370500000000002,1.93666,1.9368400000000001,543,8,0
2024-03-14 18:30:00,1.9368400000000001,1.9371800000000001,1.9367,1.93675,654,8,0
2024-03-14 18:35:00,1.93675,1.93708,1.93675,1.9370500000000002,492,8,0
2024-03-14 18:40:00,1.9370500000000002,1.93713,1.93681,1.93685,328,8,0
2024-03-14 18:45:00,1.93685,1.9371,1.93678,1.93697,401,8,0
2024-03-14 18:50:00,1.93697,1.9373,1.93688,1.93723,528,8,0
2024-03-14 18:55:00,1.93723,1.93724,1.93701,1.9370500000000002,558,8,0
2024-03-14 19:00:00,1.9370500000000002,1.93767,1.9370500000000002,1.93765,825,8,0
2024-03-14 19:05:00,1.93765,1.93808,1.93756,1.9379499999999998,627,8,0
2024-03-14 19:10:00,1.9379499999999998,1.93819,1.93776,1.9380899999999999,573,8,0
2024-03-14 19:15:00,1.9380899999999999,1.93835,1.938,1.9382899999999998,714,8,0
2024-03-14 19:20:00,1.9382899999999998,1.93841,1.93807,1.9383599999999999,441,8,0
2024-03-14 19:25:00,1.9383599999999999,1.9386700000000001,1.93835,1.93864,525,8,0
2024-03-14 19:30:00,1.93862,1.93869,1.93841,1.93841,466,8,0
2024-03-14 19:35:00,1.93841,1.9386,1.9381,1.9381599999999999,498,8,0
2024-03-14 19:40:00,1.9381599999999999,1.93826,1.93794,1.93799,584,8,0
2024-03-14 19:45:00,1.93799,1.9381300000000001,1.93772,1.9378199999999999,730,8,0
2024-03-14 19:50:00,1.93783,1.93783,1.93757,1.93764,1088,8,0
2024-03-14 19:55:00,1.93764,1.9379499999999998,1.93758,1.93761,1143,8,0
2024-03-14 20:00:00,1.93761,1.9378,1.9374099999999999,1.93749,536,8,0
2024-03-14 20:05:00,1.93749,1.93769,1.9373399999999998,1.93756,276,8,0
2024-03-14 20:10:00,1.93756,1.93761,1.93713,1.93726,319,8,0
2024-03-14 20:15:00,1.93726,1.93792,1.93696,1.9378600000000001,457,8,0
2024-03-14 20:20:00,1.93785,1.93789,1.93723,1.9374,272,8,0
2024-03-14 20:25:00,1.9374,1.9374099999999999,1.93712,1.93716,203,8,0
2024-03-14 20:30:00,1.93717,1.93728,1.93708,1.93712,144,8,0
2024-03-14 20:35:00,1.93712,1.9374500000000001,1.93712,1.93743,128,8,0
2024-03-14 20:40:00,1.93743,1.93764,1.9373399999999998,1.93764,225,8,0
2024-03-14 20:45:00,1.93764,1.93783,1.9375900000000001,1.9377499999999999,203,8,0
2024-03-14 20:50:00,1.9377499999999999,1.9378199999999999,1.93757,1.93767,219,8,0
2024-03-14 20:55:00,1.93767,1.9379499999999998,1.9375,1.93787,338,8,0
2024-03-14 21:00:00,1.93776,1.93776,1.93717,1.93717,20,27,0
2024-03-14 21:05:00,1.93717,1.9381599999999999,1.93717,1.93737,54,31,0
2024-03-14 21:10:00,1.93737,1.93743,1.93655,1.93708,78,126,0
2024-03-14 21:15:00,1.93708,1.93756,1.93594,1.9373200000000002,67,112,0
2024-03-14 21:20:00,1.9373200000000002,1.9383599999999999,1.93571,1.93715,104,65,0
2024-03-14 21:25:00,1.93715,1.9373,1.93704,1.9372099999999999,54,130,0
2024-03-14 21:30:00,1.93708,1.93723,1.93681,1.93723,62,81,0
2024-03-14 21:35:00,1.93723,1.93785,1.93678,1.93737,48,8,0
2024-03-14 21:40:00,1.9372500000000001,1.93787,1.93712,1.9377499999999999,691,54,0
2024-03-14 21:45:00,1.93777,1.93849,1.93771,1.9378600000000001,313,11,0
2024-03-14 21:50:00,1.9378600000000001,1.93807,1.9371,1.93717,156,51,0
2024-03-14 21:55:00,1.93717,1.9377,1.93708,1.9374500000000001,394,51,0
2024-03-14 22:00:00,1.9374500000000001,1.9382899999999998,1.9374500000000001,1.93804,221,16,0
2024-03-14 22:05:00,1.93804,1.93804,1.93776,1.93787,73,10,0
2024-03-14 22:10:00,1.93787,1.93798,1.9378,1.9379499999999998,77,10,0
2024-03-14 22:15:00,1.9379499999999998,1.93799,1.9378199999999999,1.93784,59,8,0
2024-03-14 22:20:00,1.93784,1.93805,1.9378199999999999,1.93797,59,8,0
2024-03-14 22:25:00,1.93797,1.9380600000000001,1.93788,1.9380199999999999,83,8,0
2024-03-14 22:30:00,1.938,1.938,1.93769,1.93776,106,8,0
2024-03-14 22:35:00,1.93776,1.93798,1.93772,1.93787,76,8,0
2024-03-14 22:40:00,1.93787,1.93823,1.9378600000000001,1.93822,96,8,0
2024-03-14 22:45:00,1.93822,1.93833,1.9380899999999999,1.9381300000000001,120,8,0
2024-03-14 22:50:00,1.93814,1.93833,1.93812,1.9382700000000002,120,8,0
2024-03-14 22:55:00,1.9382700000000002,1.93842,1.93811,1.93839,163,8,0
2024-03-14 23:00:00,1.93839,1.9386700000000001,1.93817,1.9384000000000001,274,8,0
2024-03-14 23:05:00,1.9384000000000001,1.93849,1.9381,1.93823,176,8,0
2024-03-14 23:10:00,1.93823,1.93882,1.93823,1.93849,272,8,0
2024-03-14 23:15:00,1.9385,1.93852,1.93764,1.93777,260,8,0
2024-03-14 23:20:00,1.93777,1.9380600000000001,1.93764,1.9378199999999999,206,8,0
2024-03-14 23:25:00,1.9378199999999999,1.93805,1.93774,1.9380199999999999,101,8,0
2024-03-14 23:30:00,1.9380199999999999,1.93822,1.93747,1.9376799999999998,199,8,0
2024-03-14 23:35:00,1.9376799999999998,1.93852,1.93763,1.93823,227,8,0
2024-03-14 23:40:00,1.93823,1.93845,1.93803,1.93812,236,8,0
2024-03-14 23:45:00,1.93814,1.9382899999999998,1.93783,1.93788,181,8,0
2024-03-14 23:50:00,1.93788,1.93801,1.93719,1.9372,230,8,0
2024-03-14 23:55:00,1.93722,1.93737,1.9371399999999999,1.9373200000000002,237,8,0
2024-03-15 00:00:00,1.9373200000000002,1.93789,1.9371800000000001,1.93719,762,8,0
2024-03-15 00:05:00,1.93719,1.93825,1.93709,1.9380600000000001,618,8,0
2024-03-15 00:10:00,1.9380600000000001,1.93849,1.93791,1.93849,475,8,0
2024-03-15 00:15:00,1.9384700000000001,1.93909,1.9384700000000001,1.9386299999999999,492,8,0
2024-03-15 00:20:00,1.9386299999999999,1.9390800000000001,1.9386299999999999,1.9387699999999999,477,8,0
2024-03-15 00:25:00,1.9387699999999999,1.9393,1.93871,1.93885,493,8,0
2024-03-15 00:30:00,1.93885,1.93914,1.93833,1.93899,435,8,0
2024-03-15 00:35:00,1.93899,1.9390100000000001,1.9386100000000002,1.93878,369,8,0
2024-03-15 00:40:00,1.93878,1.93911,1.93822,1.9382700000000002,457,8,0
2024-03-15 00:45:00,1.93826,1.93844,1.93798,1.93837,330,8,0
2024-03-15 00:50:00,1.93837,1.9388,1.93823,1.9388,758,8,0
2024-03-15 00:55:00,1.9388,1.93953,1.93878,1.93933,501,8,0
2024-03-15 01:00:00,1.93933,1.9394200000000001,1.93891,1.93903,564,8,0
2024-03-15 01:05:00,1.93903,1.9397,1.93882,1.93954,506,8,0
2024-03-15 01:10:00,1.93957,1.93973,1.93944,1.93971,447,8,0
2024-03-15 01:15:00,1.93971,1.9398499999999999,1.9391699999999998,1.9392200000000002,631,8,0
2024-03-15 01:20:00,1.9392200000000002,1.94018,1.9392,1.9399899999999999,706,8,0
2024-03-15 01:25:00,1.93998,1.94021,1.9398499999999999,1.9399,618,8,0
2024-03-15 01:30:00,1.9399,1.93993,1.9391,1.93926,461,8,0
2024-03-15 01:35:00,1.93926,1.93998,1.93925,1.9399600000000001,566,8,0
2024-03-15 01:40:00,1.9399600000000001,1.94056,1.93994,1.9403000000000001,552,8,0
2024-03-15 01:45:00,1.9403000000000001,1.9406400000000001,1.94006,1.94028,507,8,0
2024-03-15 01:50:00,1.9403000000000001,1.9405700000000001,1.93926,1.93945,500,8,0
2024-03-15 01:55:00,1.93945,1.94049,1.9394,1.9404400000000002,544,8,0
2024-03-15 02:00:00,1.9404400000000002,1.94063,1.94021,1.94051,472,8,0
2024-03-15 02:05:00,1.94051,1.94086,1.94014,1.94034,520,8,0
2024-03-15 02:10:00,1.94034,1.94062,1.9401899999999999,1.94045,410,8,0
2024-03-15 02:15:00,1.94045,1.9409,1.94028,1.94085,363,8,0
2024-03-15 02:20:00,1.94085,1.94085,1.94031,1.94047,449,8,0
2024-03-15 02:25:00,1.94047,1.94061,1.94021,1.9405000000000001,342,8,0
2024-03-15 02:30:00,1.9405000000000001,1.9407999999999999,1.94031,1.94055,425,8,0
2024-03-15 02:35:00,1.94055,1.94075,1.94042,1.94058,413,8,0
2024-03-15 02:40:00,1.94058,1.94115,1.94056,1.9409,430,8,0
2024-03-15 02:45:00,1.9409,1.94113,1.94063,1.94095,413,8,0
2024-03-15 02:50:00,1.94095,1.94096,1.9402599999999999,1.94032,423,8,0
2024-03-15 02:55:00,1.94032,1.9407299999999998,1.94025,1.9405000000000001,487,8,0
2024-03-15 03:00:00,1.9405000000000001,1.94079,1.94021,1.94028,372,8,0
2024-03-15 03:05:00,1.94028,1.94093,1.94027,1.9407100000000002,306,8,0
2024-03-15 03:10:00,1.9407100000000002,1.94136,1.9407100000000002,1.94096,403,8,0
2024-03-15 03:15:00,1.94095,1.94123,1.94079,1.9412099999999999,364,8,0
2024-03-15 03:20:00,1.9412099999999999,1.94122,1.9402599999999999,1.9402599999999999,458,8,0
2024-03-15 03:25:00,1.94027,1.94077,1.94024,1.94035,363,8,0
2024-03-15 03:30:00,1.94034,1.94036,1.94,1.94002,476,8,0
2024-03-15 03:35:00,1.94005,1.94031,1.94001,1.94022,207,8,0
2024-03-15 03:40:00,1.94021,1.94022,1.93998,1.94018,284,8,0
2024-03-15 03:45:00,1.94018,1.94043,1.94015,1.9403000000000001,199,8,0
2024-03-15 03:50:00,1.9403000000000001,1.9407299999999998,1.94024,1.9405000000000001,309,8,0
2024-03-15 03:55:00,1.9405000000000001,1.9405000000000001,1.94007,1.9402,300,8,0
2024-03-15 04:00:00,1.9402,1.94063,1.94009,1.94051,295,8,0
2024-03-15 04:05:00,1.9405000000000001,1.94054,1.94025,1.94029,303,8,0
2024-03-15 04:10:00,1.94029,1.94082,1.94027,1.94051,213,8,0
2024-03-15 04:15:00,1.94051,1.94082,1.94048,1.94079,251,8,0
2024-03-15 04:20:00,1.94079,1.9409100000000001,1.9403899999999998,1.94056,340,8,0
2024-03-15 04:25:00,1.94056,1.94092,1.9403700000000002,1.94055,280,8,0
2024-03-15 04:30:00,1.94055,1.9407100000000002,1.94006,1.94007,332,8,0
2024-03-15 04:35:00,1.94007,1.94025,1.94004,1.94015,242,8,0
2024-03-15 04:40:00,1.94015,1.9401899999999999,1.9398900000000001,1.93994,264,8,0
2024-03-15 04:45:00,1.93994,1.94002,1.9397600000000002,1.94001,209,8,0
2024-03-15 04:50:00,1.94001,1.94013,1.9398300000000002,1.9398900000000001,323,8,0
2024-03-15 04:55:00,1.9398900000000001,1.9401000000000002,1.93988,1.94,263,8,0
2024-03-15 05:00:00,1.94,1.9403899999999998,1.93986,1.9399899999999999,300,8,0
2024-03-15 05:05:00,1.9399899999999999,1.9404599999999999,1.93948,1.9396499999999999,376,8,0
2024-03-15 05:10:00,1.9396499999999999,1.93993,1.9394,1.93993,391,8,0
2024-03-15 05:15:00,1.93993,1.93993,1.9394200000000001,1.9394900000000002,304,8,0
2024-03-15 05:20:00,1.9394900000000002,1.9396200000000001,1.93913,1.93927,234,8,0
2024-03-15 05:25:00,1.93927,1.9396200000000001,1.93925,1.93932,281,8,0
2024-03-15 05:30:00,1.9393099999999999,1.93948,1.9392,1.93936,355,8,0
2024-03-15 05:35:00,1.93936,1.9396499999999999,1.93919,1.9396499999999999,305,8,0
2024-03-15 05:40:00,1.93966,1.9399600000000001,1.93944,1.93981,379,8,0
2024-03-15 05:45:00,1.93981,1.93987,1.9392,1.9392,504,8,0
2024-03-15 05:50:00,1.9392,1.93946,1.93886,1.93907,555,8,0
2024-03-15 05:55:00,1.93909,1.93954,1.9390399999999999,1.93954,519,8,0
2024-03-15 06:00:00,1.93954,1.93968,1.93927,1.93948,461,8,0
2024-03-15 06:05:00,1.93948,1.93953,1.93885,1.9388800000000002,420,8,0
2024-03-15 06:10:00,1.9388800000000002,1.9392800000000001,1.9387400000000001,1.93925,407,8,0
2024-03-15 06:15:00,1.93925,1.93939,1.93911,1.93926,466,8,0
2024-03-15 06:20:00,1.93926,1.93963,1.93909,1.93936,547,8,0
2024-03-15 06:25:00,1.93936,1.93971,1.9392800000000001,1.93956,494,8,0
2024-03-15 06:30:00,1.93956,1.94004,1.93945,1.93979,437,8,0
2024-03-15 06:35:00,1.93979,1.93979,1.93936,1.93964,404,8,0
2024-03-15 06:40:00,1.93961,1.9401000000000002,1.93957,1.94007,389,8,0
2024-03-15 06:45:00,1.94007,1.94013,1.93954,1.9396499999999999,427,8,0
2024-03-15 06:50:00,1.9396499999999999,1.9399600000000001,1.9391699999999998,1.93975,655,8,0
2024-03-15 06:55:00,1.93975,1.93979,1.93921,1.9393,576,8,0
2024-03-15 07:00:00,1.93929,1.9394200000000001,1.93852,1.9388,735,8,0
2024-03-15 07:05:00,1.9388,1.93923,1.93866,1.93876,733,8,0
2024-03-15 07:10:00,1.93876,1.93909,1.93858,1.9386700000000001,588,8,0
2024-03-15 07:15:00,1.9386700000000001,1.9392200000000002,1.93842,1.93903,563,8,0
2024-03-15 07:20:00,1.93902,1.9397199999999999,1.93886,1.93959,705,8,0
2024-03-15 07:25:00,1.93959,1.93963,1.9391,1.9392200000000002,623,8,0
2024-03-15 07:30:00,1.9392200000000002,1.9395799999999999,1.93916,1.93936,651,8,0
2024-03-15 07:35:00,1.93937,1.93971,1.9393,1.93953,520,8,0
2024-03-15 07:40:00,1.93954,1.94006,1.93936,1.93952,521,8,0
2024-03-15 07:45:00,1.93952,1.9401000000000002,1.93945,1.93998,551,8,0
2024-03-15 07:50:00,1.93998,1.94048,1.93994,1.9401899999999999,752,8,0
2024-03-15 07:55:00,1.94018,1.94185,1.94016,1.94183,1278,8,0
2024-03-15 08:00:00,1.94183,1.94341,1.9414500000000001,1.9430800000000001,1473,8,0
2024-03-15 08:05:00,1.9430800000000001,1.9434900000000002,1.9430399999999999,1.94329,1085,8,0
2024-03-15 08:10:00,1.94329,1.94329,1.9424299999999999,1.9425400000000002,851,8,0
2024-03-15 08:15:00,1.9425400000000002,1.94302,1.9422899999999998,1.94237,874,8,0
2024-03-15 08:20:00,1.94237,1.94321,1.9423,1.9432,719,8,0
2024-03-15 08:25:00,1.9432,1.9438499999999999,1.9429699999999999,1.9436200000000001,696,8,0
2024-03-15 08:30:00,1.9436200000000001,1.94424,1.94352,1.94408,706,8,0
2024-03-15 08:35:00,1.94408,1.9441899999999999,1.94343,1.94393,718,8,0
2024-03-15 08:40:00,1.94393,1.9442300000000001,1.94377,1.9439,555,8,0
2024-03-15 08:45:00,1.9439,1.94402,1.9431,1.9431,728,8,0
2024-03-15 08:50:00,1.9431,1.94337,1.94279,1.9428999999999998,696,8,0
2024-03-15 08:55:00,1.9428999999999998,1.9433099999999999,1.9427699999999999,1.94286,621,8,0
2024-03-15 09:00:00,1.94286,1.9429400000000001,1.9420600000000001,1.94241,752,8,0
2024-03-15 09:05:00,1.94241,1.94286,1.9422899999999998,1.94278,632,8,0
2024-03-15 09:10:00,1.94278,1.9430100000000001,1.94258,1.94258,712,8,0
2024-03-15 09:15:00,1.94258,1.94318,1.94257,1.94265,568,8,0
2024-03-15 09:20:00,1.94265,1.94292,1.9424299999999999,1.94289,492,8,0
2024-03-15 09:25:00,1.94289,1.94314,1.94217,1.94225,528,8,0
2024-03-15 09:30:00,1.94225,1.94231,1.94156,1.94188,804,8,0
2024-03-15 09:35:00,1.94188,1.94265,1.94188,1.9423,734,8,0
2024-03-15 09:40:00,1.9423,1.94251,1.942,1.94242,629,8,0
2024-03-15 09:45:00,1.94241,1.94261,1.94225,1.9423300000000001,411,8,0
2024-03-15 09:50:00,1.94235,1.94241,1.94188,1.94223,656,8,0
2024-03-15 09:55:00,1.94225,1.94269,1.94207,1.94224,508,8,0
2024-03-15 10:00:00,1.94225,1.943,1.94212,1.94296,499,8,0
2024-03-15 10:05:00,1.94296,1.94313,1.94259,1.9429699999999999,658,8,0
2024-03-15 10:10:00,1.9429699999999999,1.94336,1.94287,1.94322,487,8,0
2024-03-15 10:15:00,1.94322,1.94339,1.9428100000000001,1.9433,601,8,0
2024-03-15 10:20:00,1.94334,1.94347,1.94307,1.94339,553,8,0
2024-03-15 10:25:00,1.94339,1.94341,1.94292,1.94295,478,8,0
2024-03-15 10:30:00,1.94295,1.94327,1.94282,1.94293,547,8,0
2024-03-15 10:35:00,1.94293,1.9431,1.94257,1.94275,525,8,0
2024-03-15 10:40:00,1.94276,1.94287,1.94259,1.94264,324,8,0
2024-03-15 10:45:00,1.94264,1.94292,1.94246,1.9425400000000002,420,8,0
2024-03-15 10:50:00,1.9425400000000002,1.94271,1.9416799999999999,1.94178,437,8,0
2024-03-15 10:55:00,1.94178,1.94231,1.9415900000000001,1.9422700000000002,497,8,0
2024-03-15 11:00:00,1.9422700000000002,1.94265,1.94164,1.9416799999999999,609,8,0
2024-03-15 11:05:00,1.9416799999999999,1.94183,1.94137,1.94143,448,8,0
2024-03-15 11:10:00,1.94143,1.94185,1.9414,1.94169,511,8,0
2024-03-15 11:15:00,1.94169,1.9419,1.9414099999999999,1.94153,522,8,0
2024-03-15 11:20:00,1.94153,1.94177,1.9411800000000001,1.9413,560,8,0
2024-03-15 11:25:00,1.9413,1.9416600000000002,1.94115,1.94157,518,8,0
2024-03-15 11:30:00,1.94157,1.94201,1.94144,1.9419300000000002,575,8,0
2024-03-15 11:35:00,1.9419300000000002,1.9419300000000002,1.94143,1.94153,507,8,0
2024-03-15 11:40:00,1.94153,1.94164,1.94142,1.9415499999999999,789,8,0
2024-03-15 11:45:00,1.9415499999999999,1.9416799999999999,1.94115,1.9412,555,8,0
2024-03-15 11:50:00,1.9412,1.9412,1.94061,1.94104,528,8,0
2024-03-15 11:55:00,1.94104,1.94176,1.94103,1.94174,606,8,0
2024-03-15 12:00:00,1.94174,1.9417900000000001,1.94131,1.94144,853,8,0
2024-03-15 12:05:00,1.94143,1.94201,1.9413399999999998,1.9417900000000001,722,8,0
2024-03-15 12:10:00,1.9417900000000001,1.94219,1.9415499999999999,1.9417900000000001,673,8,0
2024-03-15 12:15:00,1.9417900000000001,1.94184,1.94133,1.9416099999999998,647,8,0
2024-03-15 12:20:00,1.94162,1.94212,1.94156,1.9419,678,8,0
2024-03-15 12:25:00,1.9419,1.94219,1.94146,1.94169,874,8,0
2024-03-15 12:30:00,1.94167,1.94211,1.94117,1.94178,1345,8,0
2024-03-15 12:35:00,1.94178,1.9423599999999999,1.94165,1.94232,705,8,0
2024-03-15 12:40:00,1.94232,1.94261,1.94201,1.9421,902,8,0
2024-03-15 12:45:00,1.9421,1.94251,1.94201,1.94217,753,8,0
2024-03-15 12:50:00,1.94217,1.9422899999999998,1.94167,1.94176,622,8,0
2024-03-15 12:55:00,1.94176,1.94204,1.94162,1.9419300000000002,590,8,0
2024-03-15 13:00:00,1.9419300000000002,1.9421300000000001,1.94113,1.9412,865,8,0
2024-03-15 13:05:00,1.9412,1.94128,1.94072,1.9409800000000001,883,8,0
2024-03-15 13:10:00,1.9409800000000001,1.9409999999999998,1.94061,1.9409100000000001,713,8,0
2024-03-15 13:15:00,1.9409,1.9409399999999999,1.94025,1.9404400000000002,1073,8,0
2024-03-15 13:20:00,1.9404400000000002,1.94149,1.94042,1.94101,1095,8,0
2024-03-15 13:25:00,1.94101,1.94123,1.94068,1.9411100000000001,1175,8,0
2024-03-15 13:30:00,1.9411100000000001,1.94197,1.9411100000000001,1.9417,1588,8,0
2024-03-15 13:35:00,1.9417,1.9421,1.94156,1.9417200000000001,1202,8,0
2024-03-15 13:40:00,1.94173,1.9424000000000001,1.94153,1.94238,1217,8,0
2024-03-15 13:45:00,1.94238,1.94245,1.9413200000000002,1.94137,1341,8,0
2024-03-15 13:50:00,1.94137,1.94142,1.9410699999999999,1.9410699999999999,1144,8,0
2024-03-15 13:55:00,1.9411,1.94201,1.94099,1.94142,794,8,0
2024-03-15 14:00:00,1.94142,1.94196,1.94122,1.9415499999999999,1535,8,0
2024-03-15 14:05:00,1.94158,1.94221,1.94128,1.94129,1421,8,0
2024-03-15 14:10:00,1.94129,1.94136,1.9403000000000001,1.94079,1298,8,0
2024-03-15 14:15:00,1.9407999999999999,1.94086,1.9403000000000001,1.9407,1165,8,0
2024-03-15 14:20:00,1.9407,1.9414099999999999,1.9405700000000001,1.94127,1014,8,0
2024-03-15 14:25:00,1.94128,1.94136,1.94086,1.94096,1219,8,0
2024-03-15 14:30:00,1.94097,1.94108,1.9407100000000002,1.94093,972,8,0
2024-03-15 14:35:00,1.94092,1.9412,1.94063,1.9411399999999999,1014,8,0
2024-03-15 14:40:00,1.9411399999999999,1.94173,1.9411100000000001,1.94154,943,8,0
2024-03-15 14:45:00,1.94154,1.94154,1.94062,1.94063,917,8,0
2024-03-15 14:50:00,1.94063,1.94137,1.94056,1.94106,1131,8,0
2024-03-15 14:55:00,1.94106,1.94136,1.94067,1.94106,1099,8,0
2024-03-15 15:00:00,1.94106,1.94108,1.94031,1.94041,1008,8,0
2024-03-15 15:05:00,1.94041,1.94077,1.94015,1.94077,822,8,0
2024-03-15 15:10:00,1.94077,1.94083,1.94041,1.94069,729,8,0
2024-03-15 15:15:00,1.94069,1.94086,1.9401899999999999,1.94062,809,8,0
2024-03-15 15:20:00,1.94062,1.9409,1.94041,1.94041,690,8,0
2024-03-15 15:25:00,1.94041,1.94063,1.94021,1.94051,740,8,0
2024-03-15 15:30:00,1.9405000000000001,1.94072,1.94038,1.94052,594,8,0
2024-03-15 15:35:00,1.94052,1.94089,1.94049,1.94058,707,8,0
2024-03-15 15:40:00,1.94058,1.9409800000000001,1.94045,1.94085,665,8,0
2024-03-15 15:45:00,1.94085,1.94138,1.94063,1.9413,716,8,0
2024-03-15 15:50:00,1.9413,1.94136,1.94052,1.94052,1130,8,0
2024-03-15 15:55:00,1.94052,1.94056,1.93957,1.93961,1289,8,0
2024-03-15 16:00:00,1.9396,1.93987,1.93876,1.93916,1285,8,0
2024-03-15 16:05:00,1.93916,1.9391699999999998,1.9386999999999999,1.9388800000000002,789,8,0
2024-03-15 16:10:00,1.9388800000000002,1.93921,1.93871,1.93909,589,8,0
2024-03-15 16:15:00,1.9391,1.9392200000000002,1.93868,1.93906,606,8,0
2024-03-15 16:20:00,1.93906,1.93906,1.93864,1.9388100000000001,594,8,0
2024-03-15 16:25:00,1.9388100000000001,1.93925,1.93866,1.93913,533,8,0
2024-03-15 16:30:00,1.93912,1.93927,1.93891,1.9391,826,8,0
2024-03-15 16:35:00,1.9391,1.9393799999999999,1.93872,1.9393099999999999,622,8,0
2024-03-15 16:40:00,1.9393099999999999,1.93977,1.93927,1.93973,625,8,0
2024-03-15 16:45:00,1.93973,1.94061,1.9397199999999999,1.94048,636,8,0
2024-03-15 16:50:00,1.94048,1.9411100000000001,1.94048,1.94101,737,8,0
2024-03-15 16:55:00,1.94101,1.94122,1.9409399999999999,1.9411,612,8,0
2024-03-15 17:00:00,1.94108,1.9411,1.94066,1.94082,779,8,0
2024-03-15 17:05:00,1.94081,1.94092,1.94062,1.94089,583,8,0
2024-03-15 17:10:00,1.94089,1.9415200000000001,1.94065,1.94144,648,8,0
2024-03-15 17:15:00,1.94144,1.94165,1.9413200000000002,1.9415499999999999,563,8,0
2024-03-15 17:20:00,1.9415499999999999,1.94157,1.94097,1.9410699999999999,612,8,0
2024-03-15 17:25:00,1.94106,1.94108,1.94081,1.94095,758,8,0
2024-03-15 17:30:00,1.94095,1.9410699999999999,1.94085,1.9409800000000001,609,8,0
2024-03-15 17:35:00,1.9409800000000001,1.94113,1.94085,1.94092,475,8,0
2024-03-15 17:40:00,1.94092,1.9409800000000001,1.9407,1.94079,360,8,0
2024-03-15 17:45:00,1.94079,1.94088,1.94045,1.94072,404,8,0
2024-03-15 17:50:00,1.94072,1.94077,1.94032,1.94045,375,8,0
2024-03-15 17:55:00,1.94045,1.94106,1.94028,1.9409800000000001,490,8,0
2024-03-15 18:00:00,1.94096,1.94109,1.9407100000000002,1.94083,388,8,0
2024-03-15 18:05:00,1.94083,1.9409100000000001,1.9407299999999998,1.9409,314,8,0
2024-03-15 18:10:00,1.9409,1.9411,1.94074,1.94085,432,8,0
2024-03-15 18:15:00,1.94085,1.94103,1.94076,1.94092,282,8,0
2024-03-15 18:20:00,1.94092,1.94096,1.94067,1.9409,570,8,0
2024-03-15 18:25:00,1.9409,1.9411399999999999,1.94074,1.94112,492,8,0
2024-03-15 18:30:00,1.94112,1.94143,1.94092,1.94136,472,8,0
2024-03-15 18:35:00,1.94136,1.94143,1.94106,1.94108,396,8,0
2024-03-15 18:40:00,1.9410699999999999,1.9411,1.9406400000000001,1.9407299999999998,534,8,0
2024-03-15 18:45:00,1.94072,1.9411100000000001,1.94069,1.9409399999999999,378,8,0
2024-03-15 18:50:00,1.9409399999999999,1.9409800000000001,1.94061,1.9407,429,8,0
2024-03-15 18:55:00,1.94075,1.94097,1.9407,1.9409399999999999,497,8,0
2024-03-15 19:00:00,1.9409399999999999,1.9411399999999999,1.94081,1.94099,491,8,0
2024-03-15 19:05:00,1.94099,1.94123,1.94096,1.94117,466,8,0
2024-03-15 19:10:00,1.94117,1.94123,1.94092,1.9411100000000001,482,8,0
2024-03-15 19:15:00,1.9411100000000001,1.94128,1.9409399999999999,1.94103,513,8,0
2024-03-15 19:20:00,1.94103,1.94138,1.94102,1.9410699999999999,498,8,0
2024-03-15 19:25:00,1.9410699999999999,1.94112,1.94074,1.9409,341,8,0
2024-03-15 19:30:00,1.9409,1.94109,1.94078,1.94101,426,8,0
2024-03-15 19:35:00,1.94101,1.94131,1.9408400000000001,1.94129,421,8,0
2024-03-15 19:40:00,1.94129,1.9416099999999998,1.9412500000000001,1.94151,334,8,0
2024-03-15 19:45:00,1.94151,1.9416,1.94138,1.94139,409,8,0
2024-03-15 19:50:00,1.94139,1.94156,1.9413,1.94137,737,8,0
2024-03-15 19:55:00,1.94137,1.9417900000000001,1.94127,1.94164,437,8,0
2024-03-15 20:00:00,1.94164,1.94164,1.9412099999999999,1.9414799999999999,360,8,0
2024-03-15 20:05:00,1.9414799999999999,1.94158,1.94139,1.94149,209,8,0
2024-03-15 20:10:00,1.94149,1.94151,1.94135,1.94149,197,8,0
2024-03-15 20:15:00,1.94149,1.9415200000000001,1.94108,1.9411800000000001,297,8,0
2024-03-15 20:20:00,1.9411800000000001,1.9411800000000001,1.94088,1.94089,176,8,0
2024-03-15 20:25:00,1.94089,1.94123,1.94088,1.9411399999999999,157,8,0
2024-03-15 20:30:00,1.9411399999999999,1.94133,1.94093,1.9411800000000001,209,8,0
2024-03-15 20:35:00,1.9411800000000001,1.94129,1.9411100000000001,1.94124,164,8,0
2024-03-15 20:40:00,1.9412500000000001,1.9416799999999999,1.9411100000000001,1.94156,187,8,0
2024-03-15 20:45:00,1.9415200000000001,1.9416099999999998,1.94096,1.94133,268,8,0
2024-03-15 20:50:00,1.94135,1.94138,1.94103,1.94117,344,11,0
2024-03-17 21:05:00,1.9385400000000002,1.9394900000000002,1.9385400000000002,1.9394900000000002,24,291,0
2024-03-17 21:10:00,1.9394900000000002,1.94068,1.9391,1.9405999999999999,79,120,0
2024-03-17 21:15:00,1.9405999999999999,1.94099,1.94041,1.9404400000000002,40,120,0
2024-03-17 21:20:00,1.9404400000000002,1.9409999999999998,1.94032,1.94097,27,149,0
2024-03-17 21:25:00,1.94097,1.94097,1.94079,1.94083,10,147,0
2024-03-17 21:30:00,1.94083,1.94102,1.9403700000000002,1.9405999999999999,33,122,0
2024-03-17 21:35:00,1.9405999999999999,1.94139,1.9405999999999999,1.94139,45,64,0
2024-03-17 21:40:00,1.94139,1.94139,1.94072,1.94128,42,50,0
2024-03-17 21:45:00,1.94128,1.94128,1.9412500000000001,1.94127,12,57,0
2024-03-17 21:50:00,1.94127,1.94149,1.94097,1.94149,45,54,0
2024-03-17 21:55:00,1.94149,1.94167,1.94081,1.94081,75,59,0
2024-03-17 22:00:00,1.94085,1.9415200000000001,1.9407299999999998,1.94075,229,11,0
2024-03-17 22:05:00,1.94075,1.94104,1.9407100000000002,1.94079,68,16,0
2024-03-17 22:10:00,1.94079,1.94092,1.9405700000000001,1.94088,153,14,0
2024-03-17 22:15:00,1.94089,1.94115,1.94075,1.94101,91,12,0
2024-03-17 22:20:00,1.94101,1.94108,1.9408699999999999,1.94102,65,10,0
2024-03-17 22:25:00,1.94102,1.94104,1.94079,1.94082,63,11,0
2024-03-17 22:30:00,1.94082,1.94088,1.94048,1.94062,110,8,0
2024-03-17 22:35:00,1.94063,1.94108,1.94062,1.94106,134,8,0
2024-03-17 22:40:00,1.94106,1.94106,1.9405999999999999,1.94075,92,8,0
2024-03-17 22:45:00,1.94075,1.94101,1.9405000000000001,1.94054,144,8,0
2024-03-17 22:50:00,1.94054,1.94072,1.94048,1.94068,203,8,0
2024-03-17 22:55:00,1.94068,1.94123,1.94065,1.9409800000000001,211,8,0
2024-03-17 23:00:00,1.9409800000000001,1.94101,1.94069,1.94076,200,8,0
2024-03-17 23:05:00,1.94076,1.94138,1.94069,1.94116,299,8,0
2024-03-17 23:10:00,1.94116,1.94147,1.94095,1.9410699999999999,261,8,0
2024-03-17 23:15:00,1.9410699999999999,1.94136,1.94103,1.94104,229,8,0
2024-03-17 23:20:00,1.94104,1.94123,1.9408400000000001,1.94112,282,8,0
2024-03-17 23:25:00,1.94112,1.9416,1.94093,1.9412,283,8,0
2024-03-17 23:30:00,1.9412,1.9412500000000001,1.9407999999999999,1.94101,232,8,0
2024-03-17 23:35:00,1.94101,1.9411800000000001,1.9408400000000001,1.94112,207,8,0
2024-03-17 23:40:00,1.94112,1.9414099999999999,1.9410699999999999,1.9414099999999999,188,8,0
2024-03-17 23:45:00,1.9414099999999999,1.94164,1.9414099999999999,1.94156,136,8,0
2024-03-17 23:50:00,1.94156,1.94183,1.94144,1.94174,190,8,0
2024-03-17 23:55:00,1.94174,1.9417499999999999,1.94129,1.9414099999999999,162,8,0
2024-03-18 00:00:00,1.9414099999999999,1.94174,1.94083,1.94129,384,8,0
2024-03-18 00:05:00,1.94131,1.9416099999999998,1.94116,1.94151,461,8,0
2024-03-18 00:10:00,1.94151,1.94158,1.94122,1.9412500000000001,448,8,0
2024-03-18 00:15:00,1.94124,1.9415,1.9411800000000001,1.94135,268,8,0
2024-03-18 00:20:00,1.94136,1.9417,1.94127,1.9414099999999999,268,8,0
2024-03-18 00:25:00,1.9414099999999999,1.94146,1.94085,1.94102,262,8,0
2024-03-18 00:30:00,1.94102,1.94126,1.94077,1.9411,334,8,0
2024-03-18 00:35:00,1.9411,1.9413399999999998,1.94101,1.94123,276,8,0
2024-03-18 00:40:00,1.94123,1.9416,1.9412,1.9412500000000001,298,8,0
2024-03-18 00:45:00,1.9412500000000001,1.94129,1.94083,1.94101,297,8,0
2024-03-18 00:50:00,1.94101,1.9413,1.94072,1.94096,414,8,0
2024-03-18 00:55:00,1.94096,1.94112,1.9404599999999999,1.94065,395,8,0
2024-03-18 01:00:00,1.94065,1.9415200000000001,1.94062,1.94139,555,8,0
2024-03-18 01:05:00,1.94139,1.94151,1.94097,1.94109,467,8,0
2024-03-18 01:10:00,1.94109,1.94138,1.9409100000000001,1.94129,455,8,0
2024-03-18 01:15:00,1.9413200000000002,1.9416600000000002,1.9410500000000002,1.94164,463,8,0
2024-03-18 01:20:00,1.94164,1.94185,1.94104,1.94106,468,8,0
2024-03-18 01:25:00,1.94106,1.94163,1.94104,1.94147,345,8,0
2024-03-18 01:30:00,1.94147,1.94149,1.94061,1.94075,827,8,0
2024-03-18 01:35:00,1.94075,1.94095,1.94021,1.94077,568,8,0
2024-03-18 01:40:00,1.94077,1.9408699999999999,1.93966,1.93968,689,8,0
2024-03-18 01:45:00,1.93968,1.94,1.93954,1.93971,588,8,0
2024-03-18 01:50:00,1.93971,1.94002,1.93946,1.93967,533,8,0
2024-03-18 01:55:00,1.93967,1.9396900000000001,1.9390800000000001,1.93941,513,8,0
2024-03-18 02:00:00,1.93941,1.93943,1.9385400000000002,1.9394200000000001,714,8,0
2024-03-18 02:05:00,1.9394200000000001,1.9394200000000001,1.93889,1.93889,610,8,0
2024-03-18 02:10:00,1.93889,1.93953,1.93889,1.93937,486,8,0
2024-03-18 02:15:00,1.93937,1.9394900000000002,1.93914,1.93941,390,8,0
2024-03-18 02:20:00,1.93941,1.93967,1.9392200000000002,1.93953,388,8,0
2024-03-18 02:25:00,1.93953,1.9397199999999999,1.9393099999999999,1.9395,320,8,0
2024-03-18 02:30:00,1.9395,1.93991,1.9394,1.93954,458,8,0
2024-03-18 02:35:00,1.93954,1.93957,1.9388,1.93919,403,8,0
2024-03-18 02:40:00,1.93919,1.93959,1.9391,1.9395,383,8,0
2024-03-18 02:45:00,1.9394900000000002,1.93957,1.93918,1.9393099999999999,467,8,0
2024-03-18 02:50:00,1.9393099999999999,1.93945,1.93899,1.93929,379,8,0
2024-03-18 02:55:00,1.93929,1.93956,1.93912,1.93921,399,8,0
2024-03-18 03:00:00,1.93921,1.93955,1.93919,1.93947,333,8,0
2024-03-18 03:05:00,1.93947,1.9397,1.9393799999999999,1.9394200000000001,404,8,0
2024-03-18 03:10:00,1.9394200000000001,1.93944,1.9388,1.93894,366,8,0
2024-03-18 03:15:00,1.93894,1.9394200000000001,1.9388800000000002,1.9392800000000001,303,8,0
2024-03-18 03:20:00,1.9392800000000001,1.9396499999999999,1.93925,1.93941,293,8,0
2024-03-18 03:25:00,1.93941,1.93954,1.93923,1.93933,190,8,0
2024-03-18 03:30:00,1.93933,1.93939,1.93906,1.9391699999999998,235,8,0
2024-03-18 03:35:00,1.9391699999999998,1.93948,1.93905,1.93943,203,8,0
2024-03-18 03:40:00,1.93943,1.93984,1.93939,1.9397600000000002,250,8,0
2024-03-18 03:45:00,1.9397600000000002,1.9398499999999999,1.93943,1.93953,264,8,0
2024-03-18 03:50:00,1.93953,1.93975,1.9395,1.93961,239,8,0
2024-03-18 03:55:00,1.9396200000000001,1.93971,1.93918,1.93919,385,8,0
2024-03-18 04:00:00,1.93919,1.93925,1.9389699999999999,1.93902,289,8,0
2024-03-18 04:05:00,1.93902,1.93923,1.93868,1.9386999999999999,206,8,0
2024-03-18 04:10:00,1.9386999999999999,1.9391500000000002,1.9386700000000001,1.93913,192,8,0
2024-03-18 04:15:00,1.93913,1.9392200000000002,1.9388,1.93884,167,8,0
2024-03-18 04:20:00,1.93884,1.93906,1.93866,1.93902,302,8,0
2024-03-18 04:25:00,1.93902,1.93909,1.93868,1.93887,234,8,0
2024-03-18 04:30:00,1.93887,1.9388999999999998,1.93849,1.93857,192,8,0
2024-03-18 04:35:00,1.93857,1.9388800000000002,1.93838,1.93838,132,8,0
2024-03-18 04:40:00,1.93838,1.93902,1.93838,1.93899,184,8,0
2024-03-18 04:45:00,1.93899,1.9390100000000001,1.93872,1.93899,192,8,0
2024-03-18 04:50:00,1.93899,1.93906,1.9387400000000001,1.93889,213,8,0
2024-03-18 04:55:00,1.93889,1.9390800000000001,1.93887,1.93898,244,8,0
2024-03-18 05:00:00,1.93898,1.93966,1.93898,1.9396499999999999,283,8,0
2024-03-18 05:05:00,1.9396499999999999,1.93977,1.93943,1.9397,213,8,0
2024-03-18 05:10:00,1.9397,1.93982,1.9394900000000002,1.9395799999999999,241,8,0
2024-03-18 05:15:00,1.9395799999999999,1.93982,1.9395,1.93967,200,8,0
2024-03-18 05:20:00,1.93967,1.93991,1.93956,1.9398300000000002,329,8,0
2024-03-18 05:25:00,1.9398300000000002,1.93993,1.93948,1.93966,236,8,0
2024-03-18 05:30:00,1.93964,1.9397199999999999,1.9393500000000001,1.93954,339,8,0
2024-03-18 05:35:00,1.93954,1.9396,1.93929,1.93946,355,8,0
2024-03-18 05:40:00,1.93946,1.93974,1.93937,1.93939,356,8,0
2024-03-18 05:45:00,1.93939,1.93959,1.9393,1.93947,318,8,0
2024-03-18 05:50:00,1.93947,1.93955,1.9393099999999999,1.93947,210,8,0
2024-03-18 05:55:00,1.93947,1.93947,1.93911,1.9392200000000002,264,8,0
2024-03-18 06:00:00,1.9392200000000002,1.9394200000000001,1.9390100000000001,1.9393,302,8,0
2024-03-18 06:05:00,1.9393,1.93944,1.93923,1.9393799999999999,231,8,0
2024-03-18 06:10:00,1.93939,1.93961,1.93934,1.93954,246,8,0
2024-03-18 06:15:00,1.93954,1.9397600000000002,1.93946,1.93974,204,8,0
2024-03-18 06:20:00,1.93974,1.93974,1.9394900000000002,1.93959,279,8,0
2024-03-18 06:25:00,1.9396,1.9396,1.93927,1.93955,300,8,0
2024-03-18 06:30:00,1.93955,1.93968,1.9394,1.93964,183,8,0
2024-03-18 06:35:00,1.93964,1.9397799999999998,1.93956,1.93974,215,8,0
2024-03-18 06:40:00,1.93974,1.93986,1.9396200000000001,1.9398499999999999,197,8,0
2024-03-18 06:45:00,1.9398499999999999,1.9398900000000001,1.93957,1.9397600000000002,220,8,0
2024-03-18 06:50:00,1.9397600000000002,1.9402,1.93966,1.93998,285,8,0
2024-03-18 06:55:00,1.93998,1.94022,1.9399199999999999,1.93994,255,8,0
2024-03-18 07:00:00,1.93994,1.9404599999999999,1.93988,1.94007,587,8,0
2024-03-18 07:05:00,1.9401000000000002,1.9405000000000001,1.93993,1.9404400000000002,360,8,0
2024-03-18 07:10:00,1.94045,1.94061,1.9401899999999999,1.9404,360,8,0
2024-03-18 07:15:00,1.9404,1.94097,1.94011,1.94086,426,8,0
2024-03-18 07:20:00,1.94086,1.94086,1.9402599999999999,1.94031,266,8,0
2024-03-18 07:25:00,1.94031,1.94068,1.94015,1.9404599999999999,201,8,0
2024-03-18 07:30:00,1.9404599999999999,1.94069,1.93967,1.9397799999999998,628,8,0
2024-03-18 07:35:00,1.9397799999999998,1.9398,1.9391699999999998,1.9391699999999998,527,8,0
2024-03-18 07:40:00,1.93919,1.93954,1.93914,1.93936,505,8,0
2024-03-18 07:45:00,1.9393500000000001,1.93991,1.93926,1.9396900000000001,579,8,0
2024-03-18 07:50:00,1.9396900000000001,1.94043,1.93968,1.94041,481,8,0
2024-03-18 07:55:00,1.94041,1.94041,1.93971,1.9398499999999999,514,8,0
2024-03-18 08:00:00,1.9398499999999999,1.9404,1.93984,1.94006,946,8,0
2024-03-18 08:05:00,1.94004,1.94028,1.93984,1.94018,592,8,0
2024-03-18 08:10:00,1.94018,1.94018,1.9392,1.9395,561,8,0
2024-03-18 08:15:00,1.9395,1.9395799999999999,1.9392200000000002,1.93933,521,8,0
2024-03-18 08:20:00,1.9393500000000001,1.9396900000000001,1.9392,1.9395099999999998,471,8,0
2024-03-18 08:25:00,1.93952,1.93953,1.93895,1.93911,609,8,0
2024-03-18 08:30:00,1.93913,1.93961,1.93913,1.93952,463,8,0
2024-03-18 08:35:00,1.93952,1.93952,1.9388800000000002,1.9390399999999999,604,8,0
2024-03-18 08:40:00,1.9390399999999999,1.9394200000000001,1.93875,1.9388100000000001,663,8,0
2024-03-18 08:45:00,1.93882,1.93923,1.9388,1.93913,601,8,0
2024-03-18 08:50:00,1.93913,1.93914,1.93853,1.93865,555,8,0
2024-03-18 08:55:00,1.93866,1.93939,1.93865,1.9393,430,8,0
2024-03-18 09:00:00,1.9393,1.9397,1.93883,1.93895,693,8,0
2024-03-18 09:05:00,1.93895,1.9392399999999999,1.93893,1.93913,484,8,0
2024-03-18 09:10:00,1.93913,1.93916,1.93879,1.93892,336,8,0
2024-03-18 09:15:00,1.93892,1.93943,1.93892,1.93937,454,8,0
2024-03-18 09:20:00,1.93937,1.93979,1.93936,1.9397199999999999,508,8,0
2024-03-18 09:25:00,1.93973,1.93973,1.9393099999999999,1.93953,380,8,0
2024-03-18 09:30:00,1.93953,1.93953,1.9391500000000002,1.93918,445,8,0
2024-03-18 09:35:00,1.93918,1.9394900000000002,1.93896,1.93926,467,8,0
2024-03-18 09:40:00,1.93926,1.93926,1.93905,1.9391,337,8,0
2024-03-18 09:45:00,1.9391,1.93933,1.93896,1.93899,444,8,0
2024-03-18 09:50:00,1.93899,1.9396,1.9389699999999999,1.93929,369,8,0
2024-03-18 09:55:00,1.9393,1.9393099999999999,1.93873,1.93878,416,8,0
2024-03-18 10:00:00,1.93878,1.9396499999999999,1.9387400000000001,1.93961,566,8,0
2024-03-18 10:05:00,1.93961,1.93966,1.9391699999999998,1.9392800000000001,338,8,0
2024-03-18 10:10:00,1.93927,1.93943,1.93853,1.93871,237,8,0
2024-03-18 10:15:00,1.93871,1.93907,1.93871,1.93895,338,8,0
2024-03-18 10:20:00,1.93895,1.93895,1.93868,1.9387400000000001,407,8,0
2024-03-18 10:25:00,1.93872,1.9388800000000002,1.93839,1.93839,397,8,0
2024-03-18 10:30:00,1.93839,1.93851,1.93818,1.9382899999999998,449,8,0
2024-03-18 10:35:00,1.9382899999999998,1.93871,1.93826,1.93865,592,8,0
2024-03-18 10:40:00,1.93865,1.93891,1.93858,1.9388999999999998,501,8,0
2024-03-18 10:45:00,1.9388999999999998,1.93936,1.93883,1.93906,298,8,0
2024-03-18 10:50:00,1.93906,1.93941,1.939,1.93941,426,8,0
2024-03-18 10:55:00,1.93941,1.93943,1.9390399999999999,1.9391,409,8,0
2024-03-18 11:00:00,1.9391,1.93937,1.93898,1.9392800000000001,441,8,0
2024-03-18 11:05:00,1.9392800000000001,1.9393,1.9388100000000001,1.9388100000000001,350,8,0
2024-03-18 11:10:00,1.9388100000000001,1.9393500000000001,1.93879,1.9392,425,8,0
2024-03-18 11:15:00,1.9392,1.9392200000000002,1.93875,1.93879,399,8,0
2024-03-18 11:20:00,1.93879,1.93892,1.9386700000000001,1.93886,409,8,0
2024-03-18 11:25:00,1.93886,1.93889,1.93822,1.93823,405,8,0
2024-03-18 11:30:00,1.93823,1.93841,1.93787,1.93833,438,8,0
2024-03-18 11:35:00,1.93833,1.93879,1.93824,1.93878,373,8,0
2024-03-18 11:40:00,1.93878,1.93889,1.9384299999999999,1.93883,386,8,0
2024-03-18 11:45:00,1.93883,1.93909,1.9386100000000002,1.9390100000000001,522,8,0
2024-03-18 11:50:00,1.9390100000000001,1.9391,1.93879,1.93906,372,8,0
2024-03-18 11:55:00,1.93906,1.93925,1.93889,1.93899,468,8,0
2024-03-18 12:00:00,1.93899,1.93927,1.93871,1.93896,729,8,0
2024-03-18 12:05:00,1.93896,1.93923,1.9388100000000001,1.93887,419,8,0
2024-03-18 12:10:00,1.93887,1.93907,1.93873,1.9387400000000001,697,8,0
2024-03-18 12:15:00,1.9387400000000001,1.93889,1.9385599999999998,1.93868,519,8,0
2024-03-18 12:20:00,1.93868,1.9391699999999998,1.93866,1.93899,658,8,0
2024-03-18 12:25:00,1.93899,1.9390399999999999,1.93868,1.93896,620,8,0
2024-03-18 12:30:00,1.93896,1.93909,1.9386100000000002,1.93885,781,8,0
2024-03-18 12:35:00,1.93885,1.93903,1.93855,1.93898,656,8,0
2024-03-18 12:40:00,1.93899,1.93919,1.93846,1.93858,755,8,0
2024-03-18 12:45:00,1.93858,1.93882,1.93832,1.93876,706,8,0
2024-03-18 12:50:00,1.93876,1.9388999999999998,1.93845,1.9386100000000002,613,8,0
2024-03-18 12:55:00,1.9386100000000002,1.93887,1.93857,1.93884,514,8,0
2024-03-18 13:00:00,1.93884,1.9391,1.93865,1.93902,621,8,0
2024-03-18 13:05:00,1.93902,1.93914,1.93882,1.93892,528,8,0
2024-03-18 13:10:00,1.93892,1.93911,1.93857,1.9388999999999998,625,8,0
2024-03-18 13:15:00,1.9388999999999998,1.93902,1.9384700000000001,1.93849,692,8,0
2024-03-18 13:20:00,1.93849,1.93876,1.93835,1.93853,623,8,0
2024-03-18 13:25:00,1.93853,1.9389699999999999,1.93834,1.93851,761,8,0
2024-03-18 13:30:00,1.93851,1.9387400000000001,1.93799,1.93832,1094,8,0
2024-03-18 13:35:00,1.93832,1.93899,1.93812,1.93883,913,8,0
2024-03-18 13:40:00,1.93883,1.93903,1.93831,1.9389699999999999,886,8,0
2024-03-18 13:45:00,1.9389699999999999,1.93955,1.93896,1.93923,895,8,0
2024-03-18 13:50:00,1.9392200000000002,1.94,1.93913,1.93981,757,8,0
2024-03-18 13:55:00,1.93981,1.94005,1.9396200000000001,1.9399199999999999,609,8,0
2024-03-18 14:00:00,1.93993,1.94024,1.93979,1.9400300000000001,676,8,0
2024-03-18 14:05:00,1.9400300000000001,1.9403000000000001,1.93953,1.93977,826,8,0
2024-03-18 14:10:00,1.93977,1.93977,1.93936,1.93966,842,8,0
2024-03-18 14:15:00,1.93966,1.94011,1.93936,1.9395,809,8,0
2024-03-18 14:20:00,1.9394900000000002,1.9398499999999999,1.93944,1.9395799999999999,713,8,0
2024-03-18 14:25:00,1.9395799999999999,1.9399600000000001,1.93932,1.93987,738,8,0
2024-03-18 14:30:00,1.93988,1.94011,1.93974,1.93991,812,8,0
2024-03-18 14:35:00,1.93991,1.94016,1.9397,1.9397199999999999,632,8,0
2024-03-18 14:40:00,1.9397199999999999,1.9403700000000002,1.93941,1.94035,908,8,0
2024-03-18 14:45:00,1.94035,1.94062,1.94027,1.9403899999999998,711,8,0
2024-03-18 14:50:00,1.9403899999999998,1.9405999999999999,1.9403000000000001,1.94054,694,8,0
2024-03-18 14:55:00,1.94054,1.9405999999999999,1.93964,1.93964,748,8,0
2024-03-18 15:00:00,1.93964,1.93986,1.93936,1.9396900000000001,914,8,0
2024-03-18 15:05:00,1.9396900000000001,1.94011,1.93955,1.94008,617,8,0
2024-03-18 15:10:00,1.94008,1.94015,1.9398300000000002,1.93993,710,8,0
2024-03-18 15:15:00,1.9399199999999999,1.9399899999999999,1.93971,1.93984,627,8,0
2024-03-18 15:20:00,1.93984,1.9399600000000001,1.93953,1.9396499999999999,589,8,0
2024-03-18 15:25:00,1.9396499999999999,1.93997,1.93963,1.93981,611,8,0
2024-03-18 15:30:00,1.93981,1.9399899999999999,1.93947,1.93964,512,8,0
2024-03-18 15:35:00,1.93964,1.93987,1.9394900000000002,1.93963,597,8,0
2024-03-18 15:40:00,1.93963,1.94063,1.93956,1.94055,709,8,0
2024-03-18 15:45:00,1.94054,1.94067,1.94007,1.94055,719,8,0
2024-03-18 15:50:00,1.94055,1.94072,1.94017,1.94047,978,8,0
2024-03-18 15:55:00,1.9404599999999999,1.94075,1.94001,1.94061,1142,8,0
2024-03-18 16:00:00,1.94062,1.94127,1.94059,1.9409999999999998,1134,8,0
2024-03-18 16:05:00,1.9409999999999998,1.9410699999999999,1.94042,1.94061,776,8,0
2024-03-18 16:10:00,1.94062,1.94089,1.9405000000000001,1.94085,576,8,0
2024-03-18 16:15:00,1.94085,1.9411,1.94065,1.94099,607,8,0
2024-03-18 16:20:00,1.94099,1.9411,1.94076,1.9409399999999999,661,8,0
2024-03-18 16:25:00,1.94095,1.94097,1.94052,1.9405700000000001,662,8,0
2024-03-18 16:30:00,1.9405700000000001,1.9410500000000002,1.9405299999999999,1.94086,660,8,0
2024-03-18 16:35:00,1.94086,1.94102,1.94072,1.9407299999999998,569,8,0
2024-03-18 16:40:00,1.94072,1.9408699999999999,1.9405700000000001,1.94069,465,8,0
2024-03-18 16:45:00,1.94069,1.94081,1.94045,1.94065,495,8,0
2024-03-18 16:50:00,1.94065,1.9414500000000001,1.94063,1.94138,548,8,0
2024-03-18 16:55:00,1.94139,1.94183,1.94135,1.94169,463,8,0
2024-03-18 17:00:00,1.94169,1.94173,1.94123,1.94136,734,8,0
2024-03-18 17:05:00,1.94136,1.94146,1.9409999999999998,1.94119,753,8,0
2024-03-18 17:10:00,1.94119,1.9415499999999999,1.9411100000000001,1.9415499999999999,487,8,0
2024-03-18 17:15:00,1.9415499999999999,1.94173,1.9413200000000002,1.9413200000000002,601,8,0
2024-03-18 17:20:00,1.9413200000000002,1.9414099999999999,1.94103,1.94131,411,8,0
2024-03-18 17:25:00,1.94131,1.94151,1.94122,1.94143,358,8,0
2024-03-18 17:30:00,1.94143,1.9414500000000001,1.9412,1.94128,229,8,0
2024-03-18 17:35:00,1.94128,1.94189,1.94128,1.94178,446,8,0
2024-03-18 17:40:00,1.94178,1.94188,1.9416,1.94162,576,8,0
2024-03-18 17:45:00,1.94162,1.9417,1.9413399999999998,1.9416,370,8,0
2024-03-18 17:50:00,1.9416,1.94162,1.94115,1.94128,277,8,0
2024-03-18 17:55:00,1.94128,1.9416600000000002,1.94128,1.9415,396,8,0
2024-03-18 18:00:00,1.9415,1.94162,1.94136,1.94139,517,8,0
2024-03-18 18:05:00,1.94139,1.94147,1.94126,1.94139,368,8,0
2024-03-18 18:10:00,1.94139,1.94144,1.9411800000000001,1.9412099999999999,320,8,0
2024-03-18 18:15:00,1.9412099999999999,1.94126,1.94102,1.9411100000000001,260,8,0
2024-03-18 18:20:00,1.9411100000000001,1.94117,1.94089,1.94097,265,8,0
2024-03-18 18:25:00,1.94097,1.94129,1.9408699999999999,1.94129,217,8,0
2024-03-18 18:30:00,1.94129,1.9413,1.94096,1.94102,289,8,0
2024-03-18 18:35:00,1.94102,1.9411800000000001,1.94081,1.9411800000000001,172,8,0
2024-03-18 18:40:00,1.9411800000000001,1.9413399999999998,1.94101,1.9411800000000001,314,8,0
2024-03-18 18:45:00,1.9411800000000001,1.9413200000000002,1.94103,1.94123,537,8,0
2024-03-18 18:50:00,1.94123,1.9413399999999998,1.94113,1.94128,308,8,0
2024-03-18 18:55:00,1.94128,1.94171,1.94119,1.94169,575,8,0
2024-03-18 19:00:00,1.94169,1.9417200000000001,1.9412099999999999,1.94122,372,8,0
2024-03-18 19:05:00,1.94122,1.9413200000000002,1.94101,1.94112,307,8,0
2024-03-18 19:10:00,1.94112,1.94137,1.9410699999999999,1.94136,262,8,0
2024-03-18 19:15:00,1.94135,1.94139,1.94123,1.94128,297,8,0
2024-03-18 19:20:00,1.94129,1.94133,1.94109,1.9412,269,8,0
2024-03-18 19:25:00,1.9412,1.94131,1.94108,1.94115,307,8,0
2024-03-18 19:30:00,1.94117,1.94127,1.94099,1.94115,266,8,0
2024-03-18 19:35:00,1.94115,1.94135,1.9410500000000002,1.94135,246,8,0
2024-03-18 19:40:00,1.94135,1.94136,1.94092,1.94092,440,8,0
2024-03-18 19:45:00,1.94092,1.9409999999999998,1.94083,1.9409,354,8,0
2024-03-18 19:50:00,1.9409,1.94119,1.9409,1.94099,424,8,0
2024-03-18 19:55:00,1.94099,1.94115,1.94092,1.9409999999999998,364,8,0
2024-03-18 20:00:00,1.9409999999999998,1.9412,1.94099,1.9411,210,8,0
2024-03-18 20:05:00,1.9411,1.9411,1.94065,1.94065,196,8,0
2024-03-18 20:10:00,1.94065,1.94072,1.94061,1.94069,109,8,0
2024-03-18 20:15:00,1.94069,1.94078,1.94041,1.9404400000000002,164,8,0
2024-03-18 20:20:00,1.9404400000000002,1.94072,1.9404400000000002,1.94067,190,8,0
2024-03-18 20:25:00,1.94067,1.94072,1.94049,1.94054,138,8,0
2024-03-18 20:30:00,1.9405299999999999,1.94059,1.94049,1.94056,217,8,0
2024-03-18 20:35:00,1.94056,1.94069,1.9403299999999999,1.9403299999999999,163,8,0
2024-03-18 20:40:00,1.9403299999999999,1.94056,1.9403000000000001,1.94035,158,8,0
2024-03-18 20:45:00,1.94035,1.94045,1.94017,1.94024,98,8,0
2024-03-18 20:50:00,1.94024,1.94038,1.93998,1.94029,221,9,0
2024-03-18 20:55:00,1.94029,1.94052,1.9402599999999999,1.94045,254,8,0
2024-03-18 21:00:00,1.94045,1.94047,1.93803,1.9403299999999999,15,27,0
2024-03-18 21:05:00,1.9403299999999999,1.94077,1.9403299999999999,1.94074,37,107,0
2024-03-18 21:10:00,1.94074,1.94083,1.9403899999999998,1.94056,29,70,0
2024-03-18 21:15:00,1.9405299999999999,1.94067,1.9403899999999998,1.94051,38,78,0
2024-03-18 21:20:00,1.94051,1.94058,1.94043,1.94056,31,90,0
2024-03-18 21:25:00,1.94056,1.94059,1.93986,1.9400300000000001,56,56,0
2024-03-18 21:30:00,1.9400300000000001,1.9403299999999999,1.9400300000000001,1.94016,113,71,0
2024-03-18 21:35:00,1.94017,1.9405299999999999,1.9401199999999998,1.9405299999999999,199,37,0
2024-03-18 21:40:00,1.94052,1.94061,1.94028,1.9404400000000002,461,30,0
2024-03-18 21:45:00,1.9404400000000002,1.94058,1.94035,1.94049,357,35,0
2024-03-18 21:50:00,1.9405000000000001,1.94069,1.94035,1.94045,277,37,0
2024-03-18 21:55:00,1.94045,1.94088,1.94028,1.94045,457,33,0
2024-03-18 22:00:00,1.94045,1.9405999999999999,1.9402300000000001,1.9403000000000001,467,15,0
2024-03-18 22:05:00,1.9403000000000001,1.94054,1.9403000000000001,1.9405000000000001,50,20,0
2024-03-18 22:10:00,1.9405000000000001,1.94062,1.9405000000000001,1.9405999999999999,47,20,0
2024-03-18 22:15:00,1.9405999999999999,1.9406400000000001,1.94051,1.94051,34,11,0
2024-03-18 22:20:00,1.94051,1.9406400000000001,1.94048,1.94059,33,14,0
2024-03-18 22:25:00,1.94061,1.94078,1.94048,1.94077,61,13,0
2024-03-18 22:30:00,1.94077,1.9407999999999999,1.94048,1.94079,128,10,0
2024-03-18 22:35:00,1.94079,1.94089,1.94061,1.94062,311,8,0
2024-03-18 22:40:00,1.94062,1.94081,1.94054,1.9405700000000001,145,8,0
2024-03-18 22:45:00,1.9405700000000001,1.94092,1.94043,1.9405000000000001,157,8,0
2024-03-18 22:50:00,1.94049,1.9407100000000002,1.94036,1.9407100000000002,313,8,0
2024-03-18 22:55:00,1.9407100000000002,1.94072,1.94041,1.94069,312,8,0
2024-03-18 23:00:00,1.94069,1.94082,1.94052,1.94079,216,8,0
2024-03-18 23:05:00,1.94079,1.94113,1.9407100000000002,1.94102,182,8,0
2024-03-18 23:10:00,1.94102,1.9410699999999999,1.9408400000000001,1.9409800000000001,182,8,0
2024-03-18 23:15:00,1.9409800000000001,1.94104,1.94088,1.9409100000000001,166,8,0
2024-03-18 23:20:00,1.9409100000000001,1.9409800000000001,1.94067,1.94095,163,8,0
2024-03-18 23:25:00,1.94095,1.94112,1.94083,1.9409100000000001,173,8,0
2024-03-18 23:30:00,1.9409100000000001,1.94103,1.94082,1.94101,138,8,0
2024-03-18 23:35:00,1.94101,1.94139,1.9409999999999998,1.9411399999999999,181,8,0
2024-03-18 23:40:00,1.9411399999999999,1.94123,1.94097,1.9410699999999999,131,8,0
2024-03-18 23:45:00,1.9410699999999999,1.94135,1.9410500000000002,1.94112,141,8,0
2024-03-18 23:50:00,1.94112,1.94112,1.9407999999999999,1.94081,145,8,0
2024-03-18 23:55:00,1.94081,1.9411100000000001,1.94072,1.94083,222,8,0
2024-03-19 00:00:00,1.94083,1.94139,1.94072,1.94074,542,8,0
2024-03-19 00:05:00,1.94074,1.9410500000000002,1.94055,1.9407,371,8,0
2024-03-19 00:10:00,1.9407,1.94115,1.94051,1.94062,477,8,0
2024-03-19 00:15:00,1.94062,1.94077,1.94047,1.94051,363,8,0
2024-03-19 00:20:00,1.94052,1.94072,1.9403700000000002,1.9403700000000002,301,8,0
2024-03-19 00:25:00,1.9403700000000002,1.9412099999999999,1.9403700000000002,1.9411399999999999,236,8,0
2024-03-19 00:30:00,1.9411399999999999,1.94142,1.94083,1.94126,316,8,0
2024-03-19 00:35:00,1.94124,1.9414500000000001,1.9409399999999999,1.94142,276,8,0
2024-03-19 00:40:00,1.94142,1.942,1.94142,1.94188,416,8,0
2024-03-19 00:45:00,1.94188,1.94217,1.9416,1.942,478,8,0
2024-03-19 00:50:00,1.942,1.94201,1.9415,1.9419300000000002,403,8,0
2024-03-19 00:55:00,1.94187,1.94187,1.94151,1.9417900000000001,495,8,0
2024-03-19 01:00:00,1.9417900000000001,1.9419,1.94144,1.9417200000000001,549,8,0
2024-03-19 01:05:00,1.9417200000000001,1.9420199999999999,1.94144,1.9418,471,8,0
2024-03-19 01:10:00,1.9418,1.94252,1.9417900000000001,1.9420899999999999,521,8,0
2024-03-19 01:15:00,1.9420899999999999,1.9425400000000002,1.9417900000000001,1.94192,564,8,0
2024-03-19 01:20:00,1.94192,1.9426999999999999,1.94187,1.94223,547,8,0
2024-03-19 01:25:00,1.94223,1.9426999999999999,1.94214,1.9424299999999999,666,8,0
2024-03-19 01:30:00,1.9424299999999999,1.94327,1.9424299999999999,1.94326,602,8,0
2024-03-19 01:35:00,1.94326,1.9439899999999999,1.9430100000000001,1.94366,585,8,0
2024-03-19 01:40:00,1.94367,1.94379,1.9433099999999999,1.94336,567,8,0
2024-03-19 01:45:00,1.94336,1.9435799999999999,1.94327,1.94336,408,8,0
2024-03-19 01:50:00,1.94336,1.94337,1.94296,1.943,351,8,0
2024-03-19 01:55:00,1.943,1.9430399999999999,1.94238,1.94238,461,8,0
2024-03-19 02:00:00,1.94238,1.9424299999999999,1.94171,1.9418199999999999,421,8,0
2024-03-19 02:05:00,1.94181,1.9419,1.94131,1.94157,495,8,0
2024-03-19 02:10:00,1.94157,1.94163,1.94029,1.94035,696,8,0
2024-03-19 02:15:00,1.94036,1.94063,1.9402300000000001,1.94062,540,8,0
2024-03-19 02:20:00,1.94062,1.9407299999999998,1.94009,1.9407100000000002,421,8,0
2024-03-19 02:25:00,1.9407100000000002,1.94076,1.9403899999999998,1.94045,336,8,0
2024-03-19 02:30:00,1.9404400000000002,1.9404599999999999,1.94004,1.94042,308,8,0
2024-03-19 02:35:00,1.94042,1.9412099999999999,1.9403700000000002,1.94115,433,8,0
2024-03-19 02:40:00,1.94115,1.94147,1.9410699999999999,1.9410699999999999,323,9,0
2024-03-19 02:45:00,1.94106,1.9414,1.94102,1.94137,316,8,0
2024-03-19 02:50:00,1.94137,1.9414,1.9408400000000001,1.9409399999999999,244,9,0
2024-03-19 02:55:00,1.9409399999999999,1.94109,1.9407100000000002,1.9407100000000002,280,8,0
2024-03-19 03:00:00,1.9407100000000002,1.94076,1.94021,1.94066,349,8,0
2024-03-19 03:05:00,1.94066,1.94075,1.9402300000000001,1.94028,415,8,0
2024-03-19 03:10:00,1.94028,1.94029,1.93902,1.93914,744,8,0
2024-03-19 03:15:00,1.93914,1.93944,1.93907,1.93925,531,8,0
2024-03-19 03:20:00,1.93923,1.93994,1.9391,1.9394900000000002,416,8,0
2024-03-19 03:25:00,1.9394900000000002,1.94043,1.9393099999999999,1.9397600000000002,472,8,0
2024-03-19 03:30:00,1.9397600000000002,1.94425,1.93967,1.94418,1307,8,0
2024-03-19 03:35:00,1.94418,1.94558,1.94336,1.94496,1965,8,0
2024-03-19 03:40:00,1.94494,1.94692,1.94485,1.94692,1811,8,0
2024-03-19 03:45:00,1.94693,1.94716,1.9462199999999998,1.94653,1186,8,0
2024-03-19 03:50:00,1.94653,1.94691,1.94632,1.94665,1080,8,0
2024-03-19 03:55:00,1.94665,1.94669,1.9447100000000002,1.94494,996,8,0
2024-03-19 04:00:00,1.94488,1.94591,1.9447299999999998,1.94573,902,8,0
2024-03-19 04:05:00,1.9457200000000001,1.9457200000000001,1.9445000000000001,1.94524,853,8,0
2024-03-19 04:10:00,1.94524,1.9456,1.94458,1.94542,667,8,0
2024-03-19 04:15:00,1.94542,1.94597,1.94502,1.94588,644,8,0
2024-03-19 04:20:00,1.94588,1.94677,1.9458199999999999,1.94659,629,8,0
2024-03-19 04:25:00,1.94659,1.94687,1.94646,1.94682,661,8,0
2024-03-19 04:30:00,1.9468100000000002,1.9475799999999999,1.94668,1.9468299999999998,741,8,0
2024-03-19 04:35:00,1.9468299999999998,1.94768,1.9468100000000002,1.94729,657,8,0
2024-03-19 04:40:00,1.94729,1.948,1.94707,1.94773,919,8,0
2024-03-19 04:45:00,1.94773,1.94807,1.94721,1.94727,585,8,0
2024-03-19 04:50:00,1.94727,1.94759,1.94679,1.94757,582,8,0
2024-03-19 04:55:00,1.94757,1.9481000000000002,1.94754,1.94802,506,8,0
2024-03-19 05:00:00,1.94802,1.94875,1.9479199999999999,1.94859,673,8,0
2024-03-19 05:05:00,1.94859,1.94917,1.94859,1.94878,792,8,0
2024-03-19 05:10:00,1.9487700000000001,1.9489800000000002,1.94835,1.94889,558,8,0
2024-03-19 05:15:00,1.94888,1.9490699999999999,1.9485700000000001,1.94889,545,8,0
2024-03-19 05:20:00,1.9488400000000001,1.94928,1.94865,1.94923,588,8,0
2024-03-19 05:25:00,1.94923,1.9498199999999999,1.9492099999999999,1.94971,478,8,0
2024-03-19 05:30:00,1.9497200000000001,1.94998,1.9492500000000001,1.94964,731,8,0
2024-03-19 05:35:00,1.94964,1.9499,1.9489999999999998,1.9489999999999998,673,8,0
2024-03-19 05:40:00,1.9489999999999998,1.94944,1.9489100000000001,1.9492,460,8,0
2024-03-19 05:45:00,1.9492,1.9498799999999998,1.9489800000000002,1.9495,465,8,0
2024-03-19 05:50:00,1.9495,1.9501,1.94939,1.9500199999999999,564,8,0
2024-03-19 05:55:00,1.9500199999999999,1.9500199999999999,1.94923,1.94978,639,8,0
2024-03-19 06:00:00,1.94978,1.95012,1.9496,1.95005,851,8,0
2024-03-19 06:05:00,1.95005,1.95014,1.94937,1.94955,685,8,0
2024-03-19 06:10:00,1.94955,1.9501300000000001,1.94935,1.94942,551,8,0
2024-03-19 06:15:00,1.94943,1.94958,1.94915,1.9495200000000001,458,8,0
2024-03-19 06:20:00,1.9495200000000001,1.9498,1.94922,1.94969,555,8,0
2024-03-19 06:25:00,1.94969,1.95016,1.9494099999999999,1.94985,512,8,0
2024-03-19 06:30:00,1.94983,1.9503599999999999,1.94943,1.95028,456,8,0
2024-03-19 06:35:00,1.95018,1.95038,1.94943,1.9502000000000002,794,8,0
2024-03-19 06:40:00,1.9502000000000002,1.95061,1.95004,1.95032,571,8,0
2024-03-19 06:45:00,1.95032,1.95032,1.9495,1.9500600000000001,798,8,0
2024-03-19 06:50:00,1.9500600000000001,1.9505400000000002,1.94997,1.95039,723,8,0
2024-03-19 06:55:00,1.95039,1.95075,1.95014,1.9506000000000001,667,8,0
2024-03-19 07:00:00,1.9506000000000001,1.95061,1.94949,1.94958,714,8,0
2024-03-19 07:05:00,1.94958,1.94996,1.94922,1.94974,812,8,0
2024-03-19 07:10:00,1.9497499999999999,1.94998,1.94935,1.94978,680,8,0
2024-03-19 07:15:00,1.94978,1.94985,1.94894,1.94906,764,8,0
2024-03-19 07:20:00,1.94906,1.9492,1.94851,1.9487700000000001,680,8,0
2024-03-19 07:25:00,1.9487700000000001,1.94885,1.9478499999999999,1.94786,837,8,0
2024-03-19 07:30:00,1.94786,1.9481000000000002,1.94741,1.9479899999999999,864,8,0
2024-03-19 07:35:00,1.9479899999999999,1.94868,1.94791,1.94855,565,8,0
2024-03-19 07:40:00,1.94855,1.94888,1.9483000000000001,1.9483899999999998,615,8,0
2024-03-19 07:45:00,1.9483899999999998,1.94844,1.94761,1.94808,692,8,0
2024-03-19 07:50:00,1.94808,1.9484,1.94774,1.9478,847,8,0
2024-03-19 07:55:00,1.9478,1.94841,1.9477,1.94813,754,8,0
2024-03-19 08:00:00,1.94806,1.94881,1.9479199999999999,1.94836,1164,8,0
2024-03-19 08:05:00,1.9483700000000002,1.9494,1.9481199999999999,1.9492500000000001,726,8,0
2024-03-19 08:10:00,1.9492500000000001,1.94966,1.94904,1.9493200000000002,816,8,0
2024-03-19 08:15:00,1.9493200000000002,1.94933,1.94842,1.94849,996,8,0
2024-03-19 08:20:00,1.94849,1.94849,1.9479199999999999,1.94814,544,8,0
2024-03-19 08:25:00,1.94814,1.9487,1.9480499999999998,1.94811,576,8,0
2024-03-19 08:30:00,1.94813,1.9484599999999999,1.94793,1.9481000000000002,647,8,0
2024-03-19 08:35:00,1.94809,1.94833,1.9476200000000001,1.94809,594,8,0
2024-03-19 08:40:00,1.94809,1.9483700000000002,1.9478900000000001,1.9481600000000001,669,8,0
2024-03-19 08:45:00,1.9481600000000001,1.94851,1.94771,1.94821,983,8,0
2024-03-19 08:50:00,1.94821,1.94856,1.9479899999999999,1.9483000000000001,625,8,0
2024-03-19 08:55:00,1.94831,1.94831,1.9472,1.94745,785,8,0
2024-03-19 09:00:00,1.94745,1.94808,1.94734,1.94791,967,8,0
2024-03-19 09:05:00,1.94791,1.94817,1.94772,1.9481199999999999,692,8,0
2024-03-19 09:10:00,1.9481199999999999,1.9491800000000001,1.94807,1.94908,673,8,0
2024-03-19 09:15:00,1.9490699999999999,1.94939,1.94896,1.94931,551,8,0
2024-03-19 09:20:00,1.9493200000000002,1.94965,1.9490699999999999,1.9492,567,8,0
2024-03-19 09:25:00,1.9492,1.9495,1.9489999999999998,1.94902,903,8,0
2024-03-19 09:30:00,1.94902,1.94951,1.94895,1.94923,752,8,0
2024-03-19 09:35:00,1.94923,1.94929,1.94885,1.94886,532,8,0
2024-03-19 09:40:00,1.94886,1.94888,1.94831,1.9485299999999999,816,8,0
2024-03-19 09:45:00,1.9485299999999999,1.94859,1.94781,1.94825,783,8,0
2024-03-19 09:50:00,1.94825,1.94835,1.94761,1.94781,702,8,0
2024-03-19 09:55:00,1.94781,1.94784,1.94722,1.94746,536,8,0
2024-03-19 10:00:00,1.94746,1.94779,1.94725,1.9475099999999999,710,8,0
2024-03-19 10:05:00,1.9475099999999999,1.9476200000000001,1.9469699999999999,1.94745,758,8,0
2024-03-19 10:10:00,1.94745,1.94745,1.94672,1.94702,718,8,0
2024-03-19 10:15:00,1.94702,1.94739,1.94649,1.94661,631,8,0
2024-03-19 10:20:00,1.94661,1.94698,1.94637,1.94673,492,8,0
2024-03-19 10:25:00,1.9467400000000001,1.94748,1.94672,1.9474,727,8,0
2024-03-19 10:30:00,1.94739,1.9480499999999998,1.94721,1.9479,590,8,0
2024-03-19 10:35:00,1.9479,1.94818,1.94764,1.94772,551,8,0
2024-03-19 10:40:00,1.94772,1.9477600000000002,1.9472399999999999,1.9474900000000002,592,8,0
2024-03-19 10:45:00,1.9474900000000002,1.94781,1.9473500000000001,1.94764,427,8,0
2024-03-19 10:50:00,1.94764,1.9481000000000002,1.94737,1.94766,530,8,0
2024-03-19 10:55:00,1.94766,1.94772,1.9473099999999999,1.9477,564,8,0
2024-03-19 11:00:00,1.94768,1.9482,1.94757,1.9481199999999999,542,8,0
2024-03-19 11:05:00,1.9481199999999999,1.94814,1.94737,1.9475500000000001,578,8,0
2024-03-19 11:10:00,1.94757,1.94795,1.94753,1.94768,767,8,0
2024-03-19 11:15:00,1.94768,1.94773,1.94727,1.9474399999999998,676,8,0
2024-03-19 11:20:00,1.9474399999999998,1.94747,1.94707,1.94734,486,8,0
2024-03-19 11:25:00,1.94733,1.9479,1.9473099999999999,1.94786,415,8,0
2024-03-19 11:30:00,1.94786,1.94788,1.9474900000000002,1.94768,385,8,0
2024-03-19 11:35:00,1.9476900000000001,1.9476900000000001,1.94713,1.9471699999999998,506,8,0
2024-03-19 11:40:00,1.9471699999999998,1.94736,1.94692,1.94709,461,8,0
2024-03-19 11:45:00,1.9471,1.94732,1.94687,1.94705,532,8,0
2024-03-19 11:50:00,1.94705,1.94761,1.947,1.94721,440,8,0
2024-03-19 11:55:00,1.9472,1.9473099999999999,1.9467400000000001,1.94695,449,8,0
2024-03-19 12:00:00,1.94695,1.9472399999999999,1.94687,1.94711,570,8,0
2024-03-19 12:05:00,1.94711,1.9475,1.94693,1.94748,486,8,0
2024-03-19 12:10:00,1.94748,1.94748,1.9471699999999998,1.9473799999999999,568,8,0
2024-03-19 12:15:00,1.94737,1.94768,1.94727,1.94766,514,8,0
2024-03-19 12:20:00,1.94766,1.94829,1.9476,1.94814,763,8,0
2024-03-19 12:25:00,1.94814,1.94833,1.94788,1.94797,539,8,0
2024-03-19 12:30:00,1.94797,1.94906,1.94795,1.94867,1313,8,0
2024-03-19 12:35:00,1.94867,1.94957,1.94841,1.94893,1239,8,0
2024-03-19 12:40:00,1.94894,1.9496,1.94878,1.94951,1073,8,0
2024-03-19 12:45:00,1.94951,1.9498799999999998,1.9492500000000001,1.9492500000000001,1048,8,0
2024-03-19 12:50:00,1.9492699999999998,1.9494099999999999,1.9487700000000001,1.94894,804,8,0
2024-03-19 12:55:00,1.94897,1.94908,1.9481199999999999,1.94827,920,8,0
2024-03-19 13:00:00,1.94827,1.9485000000000001,1.9478900000000001,1.94804,1007,8,0
2024-03-19 13:05:00,1.94806,1.9488400000000001,1.94794,1.94883,880,8,0
2024-03-19 13:10:00,1.94883,1.9488400000000001,1.94806,1.94827,788,8,0
2024-03-19 13:15:00,1.9482599999999999,1.94831,1.94791,1.94807,605,8,0
2024-03-19 13:20:00,1.94806,1.94811,1.9475500000000001,1.9476900000000001,520,8,0
2024-03-19 13:25:00,1.9476900000000001,1.94777,1.9474900000000002,1.94766,599,8,0
2024-03-19 13:30:00,1.94767,1.94842,1.9476499999999999,1.9479600000000001,950,8,0
2024-03-19 13:35:00,1.9479600000000001,1.94802,1.94725,1.9475099999999999,1028,8,0
2024-03-19 13:40:00,1.9475,1.9480300000000002,1.94729,1.9479899999999999,796,8,0
2024-03-19 13:45:00,1.948,1.94862,1.9479199999999999,1.94808,794,8,0
2024-03-19 13:50:00,1.94808,1.9483000000000001,1.9474900000000002,1.9475799999999999,658,8,0
2024-03-19 13:55:00,1.9475799999999999,1.94781,1.9472399999999999,1.9478,637,8,0
2024-03-19 14:00:00,1.9478,1.94829,1.94741,1.94775,916,8,0
2024-03-19 14:05:00,1.94774,1.9481000000000002,1.94757,1.94772,692,8,0
2024-03-19 14:10:00,1.94773,1.94794,1.9475099999999999,1.94767,729,8,0
2024-03-19 14:15:00,1.94768,1.94775,1.9468999999999999,1.94725,870,8,0
2024-03-19 14:20:00,1.9472399999999999,1.94772,1.94718,1.94741,678,8,0
2024-03-19 14:25:00,1.94739,1.94746,1.94714,1.94718,738,8,0
2024-03-19 14:30:00,1.94718,1.94719,1.94658,1.94689,777,8,0
2024-03-19 14:35:00,1.94689,1.9468999999999999,1.94627,1.94655,982,8,0
2024-03-19 14:40:00,1.94655,1.94675,1.94616,1.9462000000000002,803,8,0
2024-03-19 14:45:00,1.94621,1.9463300000000001,1.9459499999999998,1.94619,793,8,0
2024-03-19 14:50:00,1.94619,1.94645,1.94597,1.9462000000000002,794,8,0
2024-03-19 14:55:00,1.94619,1.94645,1.9461,1.94623,921,8,0
2024-03-19 15:00:00,1.94625,1.94653,1.94605,1.94618,778,8,0
2024-03-19 15:05:00,1.94618,1.9466299999999999,1.94601,1.94651,579,8,0
2024-03-19 15:10:00,1.94651,1.94666,1.94608,1.9460899999999999,604,8,0
2024-03-19 15:15:00,1.9460899999999999,1.94627,1.94592,1.9460899999999999,531,8,0
2024-03-19 15:20:00,1.9460899999999999,1.94628,1.9458600000000001,1.94623,415,8,0
2024-03-19 15:25:00,1.94623,1.94623,1.94565,1.94578,450,8,0
2024-03-19 15:30:00,1.94578,1.946,1.94544,1.94577,464,8,0
2024-03-19 15:35:00,1.94577,1.9459300000000002,1.94538,1.9455900000000002,552,8,0
2024-03-19 15:40:00,1.9455900000000002,1.94641,1.94556,1.9463,555,8,0
2024-03-19 15:45:00,1.9463,1.94691,1.94624,1.94686,665,8,0
2024-03-19 15:50:00,1.94685,1.94736,1.9466999999999999,1.9471,748,8,0
2024-03-19 15:55:00,1.9471,1.94732,1.94677,1.94709,922,8,0
2024-03-19 16:00:00,1.94709,1.94759,1.94705,1.94722,857,8,0
2024-03-19 16:05:00,1.94722,1.9479899999999999,1.94722,1.94793,777,8,0
2024-03-19 16:10:00,1.94793,1.9482300000000001,1.94773,1.9481199999999999,650,8,0
2024-03-19 16:15:00,1.9481199999999999,1.94813,1.9475500000000001,1.9481199999999999,685,8,0
2024-03-19 16:20:00,1.9481199999999999,1.94842,1.9477600000000002,1.9478900000000001,580,8,0
2024-03-19 16:25:00,1.9478900000000001,1.9482300000000001,1.94759,1.9480300000000002,449,8,0
2024-03-19 16:30:00,1.94804,1.9485000000000001,1.94795,1.94843,516,8,0
2024-03-19 16:35:00,1.94843,1.94847,1.94809,1.94838,493,8,0
2024-03-19 16:40:00,1.94838,1.94854,1.9481199999999999,1.94836,528,8,0
2024-03-19 16:45:00,1.94835,1.9485999999999999,1.9482599999999999,1.9482599999999999,406,8,0
2024-03-19 16:50:00,1.9482599999999999,1.94831,1.94791,1.94814,500,8,0
2024-03-19 16:55:00,1.94814,1.94848,1.94811,1.9482,525,8,0
2024-03-19 17:00:00,1.9481899999999999,1.94825,1.9474200000000002,1.94788,1089,8,0
2024-03-19 17:05:00,1.94787,1.94834,1.94786,1.94828,682,8,0
2024-03-19 17:10:00,1.94828,1.94863,1.94808,1.94843,616,8,0
2024-03-19 17:15:00,1.94843,1.94878,1.94836,1.94868,460,8,0
2024-03-19 17:20:00,1.94863,1.9487,1.94793,1.94797,395,8,0
2024-03-19 17:25:00,1.94797,1.9486400000000001,1.9479600000000001,1.94861,493,8,0
2024-03-19 17:30:00,1.94861,1.94879,1.94849,1.94878,448,8,0
2024-03-19 17:35:00,1.94878,1.94888,1.9485999999999999,1.94862,420,8,0
2024-03-19 17:40:00,1.94862,1.9488400000000001,1.9485299999999999,1.94872,381,8,0
2024-03-19 17:45:00,1.94872,1.94897,1.9486599999999998,1.94885,358,8,0
2024-03-19 17:50:00,1.94885,1.94908,1.9486599999999998,1.9487100000000002,286,8,0
2024-03-19 17:55:00,1.9487100000000002,1.9488699999999999,1.9485999999999999,1.94876,445,8,0
2024-03-19 18:00:00,1.9487700000000001,1.94893,1.94836,1.94845,546,8,0
2024-03-19 18:05:00,1.94845,1.94874,1.94821,1.94874,457,8,0
2024-03-19 18:10:00,1.94874,1.94874,1.9482,1.94827,373,8,0
2024-03-19 18:15:00,1.94827,1.94842,1.9481600000000001,1.94838,305,8,0
2024-03-19 18:20:00,1.94838,1.9486599999999998,1.94822,1.94829,377,8,0
2024-03-19 18:25:00,1.94829,1.9485299999999999,1.94822,1.9484599999999999,425,8,0
2024-03-19 18:30:00,1.9484599999999999,1.94848,1.94813,1.94831,293,8,0
2024-03-19 18:35:00,1.94831,1.9483899999999998,1.94791,1.94809,308,8,0
2024-03-19 18:40:00,1.94809,1.9483000000000001,1.9479199999999999,1.94828,453,8,0
2024-03-19 18:45:00,1.94828,1.9484,1.94804,1.9481600000000001,190,8,0
2024-03-19 18:50:00,1.9481600000000001,1.94827,1.94795,1.94814,267,8,0
2024-03-19 18:55:00,1.94814,1.94842,1.94811,1.9482300000000001,351,8,0
2024-03-19 19:00:00,1.94825,1.94843,1.94815,1.94833,355,8,0
2024-03-19 19:05:00,1.94834,1.94838,1.94808,1.9481199999999999,456,8,0
2024-03-19 19:10:00,1.9481199999999999,1.94815,1.9478900000000001,1.9479600000000001,303,8,0
2024-03-19 19:15:00,1.9479600000000001,1.9483000000000001,1.94794,1.9481899999999999,298,8,0
2024-03-19 19:20:00,1.9481899999999999,1.94829,1.94783,1.9479,406,8,0
2024-03-19 19:25:00,1.9479,1.94795,1.94767,1.94771,280,8,0
2024-03-19 19:30:00,1.94771,1.9477799999999998,1.94754,1.94766,310,8,0
2024-03-19 19:35:00,1.94766,1.94767,1.9474200000000002,1.9474900000000002,292,8,0
2024-03-19 19:40:00,1.94748,1.9476900000000001,1.9473799999999999,1.94759,332,8,0
2024-03-19 19:45:00,1.94759,1.94767,1.94736,1.94757,450,8,0
2024-03-19 19:50:00,1.9475799999999999,1.94768,1.94747,1.94747,453,8,0
2024-03-19 19:55:00,1.94748,1.94761,1.94737,1.9475,451,8,0
2024-03-19 20:00:00,1.9474900000000002,1.94763,1.94734,1.9476,389,8,0
2024-03-19 20:05:00,1.9476,1.94767,1.9472800000000001,1.94748,170,8,0
2024-03-19 20:10:00,1.94748,1.9476499999999999,1.9474,1.9474,115,8,0
2024-03-19 20:15:00,1.9474,1.94754,1.9473799999999999,1.94753,104,8,0
2024-03-19 20:20:00,1.94753,1.9476,1.94741,1.94741,129,8,0
2024-03-19 20:25:00,1.94741,1.94748,1.94733,1.94748,89,8,0
2024-03-19 20:30:00,1.94748,1.94766,1.94748,1.94761,84,8,0
2024-03-19 20:35:00,1.94761,1.9476499999999999,1.94748,1.9475,62,8,0
2024-03-19 20:40:00,1.9475,1.94752,1.9473,1.9475,60,8,0
2024-03-19 20:45:00,1.9475099999999999,1.94763,1.9475,1.94754,51,8,0
2024-03-19 20:50:00,1.94754,1.9476200000000001,1.94753,1.9475500000000001,58,8,0
2024-03-19 20:55:00,1.94756,1.94763,1.9474399999999998,1.94745,214,8,0
2024-03-19 21:00:00,1.94736,1.94754,1.9449999999999998,1.94621,14,35,0
2024-03-19 21:05:00,1.94627,1.94675,1.94623,1.94675,28,94,0
2024-03-19 21:10:00,1.94675,1.9472399999999999,1.9465,1.94659,45,47,0
2024-03-19 21:15:00,1.94659,1.94682,1.94645,1.94672,35,66,0
2024-03-19 21:20:00,1.94672,1.94709,1.94672,1.94709,28,53,0
2024-03-19 21:25:00,1.94709,1.9474399999999998,1.94686,1.9474399999999998,21,42,0
2024-03-19 21:30:00,1.9474399999999998,1.94766,1.94718,1.94725,105,41,0
2024-03-19 21:35:00,1.94723,1.94729,1.94672,1.94692,292,52,0
2024-03-19 21:40:00,1.94692,1.94777,1.94686,1.9474200000000002,611,19,0
2024-03-19 21:45:00,1.9474200000000002,1.94748,1.94693,1.94707,310,28,0
2024-03-19 21:50:00,1.94712,1.94745,1.94693,1.9473099999999999,291,13,0
2024-03-19 21:55:00,1.9473099999999999,1.94752,1.94649,1.9474,765,16,0
2024-03-19 22:00:00,1.9474,1.9476900000000001,1.9472800000000001,1.9475,303,17,0
2024-03-19 22:05:00,1.9475,1.94767,1.94746,1.94754,154,8,0
2024-03-19 22:10:00,1.94754,1.94771,1.94741,1.94746,242,8,0
2024-03-19 22:15:00,1.94747,1.94759,1.94739,1.9474900000000002,65,8,0
2024-03-19 22:20:00,1.9474900000000002,1.9477600000000002,1.94746,1.94772,52,8,0
2024-03-19 22:25:00,1.94772,1.9477799999999998,1.9476200000000001,1.94777,76,8,0
2024-03-19 22:30:00,1.94777,1.94784,1.94764,1.94774,100,8,0
2024-03-19 22:35:00,1.94774,1.94784,1.94766,1.94784,97,8,0
2024-03-19 22:40:00,1.9478499999999999,1.9478900000000001,1.9477600000000002,1.94788,60,8,0
2024-03-19 22:45:00,1.94787,1.94787,1.94746,1.9474900000000002,62,9,0
2024-03-19 22:50:00,1.9474900000000002,1.94756,1.94743,1.94745,51,8,0
2024-03-19 22:55:00,1.94745,1.9474900000000002,1.94722,1.9473,170,8,0
2024-03-19 23:00:00,1.9473,1.9475799999999999,1.94712,1.9475099999999999,375,8,0
2024-03-19 23:05:00,1.9475099999999999,1.9478499999999999,1.9475099999999999,1.9476499999999999,192,8,0
2024-03-19 23:10:00,1.9476499999999999,1.94817,1.94753,1.9479899999999999,224,8,0
2024-03-19 23:15:00,1.9479899999999999,1.94825,1.9479,1.94798,169,8,0
2024-03-19 23:20:00,1.94797,1.94808,1.94775,1.9478900000000001,150,8,0
2024-03-19 23:25:00,1.9478900000000001,1.94802,1.9478,1.94802,63,8,0
2024-03-19 23:30:00,1.94802,1.94832,1.9479600000000001,1.94831,108,8,0
2024-03-19 23:35:00,1.94831,1.9483899999999998,1.9479600000000001,1.94822,189,8,0
2024-03-19 23:40:00,1.94822,1.94856,1.9481899999999999,1.94845,251,8,0
2024-03-19 23:45:00,1.94845,1.9485000000000001,1.94835,1.9484599999999999,171,8,0
2024-03-19 23:50:00,1.9484599999999999,1.9485999999999999,1.9483700000000002,1.94854,214,8,0
2024-03-19 23:55:00,1.94854,1.94917,1.94852,1.94897,278,8,0
2024-03-20 00:00:00,1.94895,1.9495,1.94879,1.94933,512,8,0
2024-03-20 00:05:00,1.94933,1.9496799999999999,1.94913,1.94967,372,8,0
2024-03-20 00:10:00,1.94967,1.95001,1.9495200000000001,1.94956,424,8,0
2024-03-20 00:15:00,1.94956,1.9498199999999999,1.94947,1.9495900000000002,276,8,0
2024-03-20 00:20:00,1.9495900000000002,1.94969,1.94931,1.94951,335,8,0
2024-03-20 00:25:00,1.94951,1.9498,1.9491399999999999,1.9492,279,8,0
2024-03-20 00:30:00,1.9492,1.94931,1.94904,1.94913,293,8,0
2024-03-20 00:35:00,1.94913,1.94924,1.94865,1.9487700000000001,272,8,0
2024-03-20 00:40:00,1.9487700000000001,1.94881,1.94831,1.94852,409,8,0
2024-03-20 00:45:00,1.94852,1.94858,1.9482599999999999,1.94827,333,8,0
2024-03-20 00:50:00,1.94827,1.9483899999999998,1.9473,1.94748,425,8,0
2024-03-20 00:55:00,1.94748,1.94757,1.94703,1.94706,588,8,0
2024-03-20 01:00:00,1.9470399999999999,1.94729,1.94691,1.94695,470,8,0
2024-03-20 01:05:00,1.94695,1.94703,1.94649,1.94696,476,8,0
2024-03-20 01:10:00,1.94696,1.9470399999999999,1.94664,1.94682,399,8,0
2024-03-20 01:15:00,1.94682,1.94698,1.94641,1.94672,496,8,0
2024-03-20 01:20:00,1.94672,1.94699,1.94652,1.9469699999999999,390,8,0
2024-03-20 01:25:00,1.9469699999999999,1.94733,1.94685,1.94702,394,8,0
2024-03-20 01:30:00,1.94702,1.9472,1.94662,1.9470399999999999,548,8,0
2024-03-20 01:35:00,1.94703,1.94734,1.9468100000000002,1.94706,625,8,0
2024-03-20 01:40:00,1.94706,1.94706,1.9462199999999998,1.94631,444,8,0
2024-03-20 01:45:00,1.94631,1.9464700000000001,1.9454799999999999,1.94554,595,8,0
2024-03-20 01:50:00,1.94554,1.94589,1.94535,1.94578,599,8,0
2024-03-20 01:55:00,1.94578,1.9460899999999999,1.94562,1.94596,477,8,0
2024-03-20 02:00:00,1.94596,1.94607,1.94549,1.9456799999999999,493,8,0
2024-03-20 02:05:00,1.9456799999999999,1.94571,1.94528,1.94539,491,8,0
2024-03-20 02:10:00,1.94539,1.94585,1.94537,1.9458199999999999,389,8,0
2024-03-20 02:15:00,1.9458199999999999,1.94598,1.94562,1.94567,338,8,0
2024-03-20 02:20:00,1.94569,1.94573,1.94516,1.9451800000000001,373,8,0
2024-03-20 02:25:00,1.94516,1.9453200000000002,1.94477,1.94489,359,8,0
2024-03-20 02:30:00,1.94489,1.94562,1.94475,1.94558,384,8,0
2024-03-20 02:35:00,1.94558,1.9456,1.94477,1.9450699999999999,421,8,0
2024-03-20 02:40:00,1.9450699999999999,1.9451800000000001,1.94466,1.9448400000000001,324,8,0
2024-03-20 02:45:00,1.9448400000000001,1.94516,1.9447100000000002,1.94485,452,8,0
2024-03-20 02:50:00,1.94485,1.9450699999999999,1.94481,1.94504,312,8,0
2024-03-20 02:55:00,1.94504,1.94519,1.94488,1.94513,267,8,0
2024-03-20 03:00:00,1.94513,1.94565,1.94513,1.9455200000000001,346,8,0
2024-03-20 03:05:00,1.94553,1.94578,1.9454099999999999,1.94549,378,8,0
2024-03-20 03:10:00,1.94549,1.9455900000000002,1.94485,1.94515,374,8,0
2024-03-20 03:15:00,1.94515,1.94556,1.94515,1.94549,381,8,0
2024-03-20 03:20:00,1.94549,1.94566,1.9454,1.9454799999999999,304,8,0
2024-03-20 03:25:00,1.9454799999999999,1.94556,1.94526,1.9453399999999998,278,8,0
2024-03-20 03:30:00,1.9453399999999998,1.9455,1.94513,1.94535,319,8,0
2024-03-20 03:35:00,1.94535,1.9457499999999999,1.94529,1.94569,397,8,0
2024-03-20 03:40:00,1.94569,1.94635,1.9456799999999999,1.94631,269,8,0
2024-03-20 03:45:00,1.94632,1.9465,1.94621,1.9463,246,8,0
2024-03-20 03:50:00,1.9463,1.9465599999999998,1.9463,1.94639,174,8,0
2024-03-20 03:55:00,1.94639,1.94671,1.94639,1.94653,315,8,0
2024-03-20 04:00:00,1.94652,1.94686,1.94651,1.9468299999999998,274,8,0
2024-03-20 04:05:00,1.9468299999999998,1.9470100000000001,1.94679,1.94679,218,8,0
2024-03-20 04:10:00,1.9468,1.9473,1.94679,1.9471500000000002,219,8,0
2024-03-20 04:15:00,1.9471500000000002,1.94746,1.947,1.94739,271,8,0
2024-03-20 04:20:00,1.9474,1.94784,1.94734,1.9474200000000002,250,8,0
2024-03-20 04:25:00,1.9474200000000002,1.94793,1.94733,1.9479199999999999,228,8,0
2024-03-20 04:30:00,1.94791,1.9481199999999999,1.94773,1.94774,274,8,0
2024-03-20 04:35:00,1.94775,1.94788,1.9474900000000002,1.94753,272,8,0
2024-03-20 04:40:00,1.94754,1.94795,1.9475099999999999,1.94793,272,8,0
2024-03-20 04:45:00,1.94794,1.9481899999999999,1.94781,1.94813,241,8,0
2024-03-20 04:50:00,1.94813,1.94905,1.9479899999999999,1.94872,591,8,0
2024-03-20 04:55:00,1.94872,1.9490699999999999,1.94858,1.94904,440,8,0
2024-03-20 05:00:00,1.94904,1.9490699999999999,1.94855,1.9485700000000001,366,8,0
2024-03-20 05:05:00,1.9485700000000001,1.94862,1.9482,1.94836,340,8,0
2024-03-20 05:10:00,1.94836,1.9483899999999998,1.9480300000000002,1.9481000000000002,340,8,0
2024-03-20 05:15:00,1.9481000000000002,1.94858,1.9481000000000002,1.94851,351,8,0
2024-03-20 05:20:00,1.94851,1.9485700000000001,1.94797,1.9480300000000002,390,8,0
2024-03-20 05:25:00,1.9480300000000002,1.9484,1.948,1.94828,306,8,0
2024-03-20 05:30:00,1.94828,1.9484,1.94802,1.94832,373,8,0
2024-03-20 05:35:00,1.94832,1.94845,1.9482300000000001,1.94841,338,8,0
2024-03-20 05:40:00,1.94841,1.94849,1.94811,1.94817,310,8,0
2024-03-20 05:45:00,1.94817,1.94828,1.94804,1.9481899999999999,347,8,0
2024-03-20 05:50:00,1.9482,1.94835,1.9478900000000001,1.94811,283,8,0
2024-03-20 05:55:00,1.94811,1.94811,1.94784,1.94806,393,8,0
2024-03-20 06:00:00,1.94806,1.94845,1.9479600000000001,1.94824,402,8,0
2024-03-20 06:05:00,1.94824,1.94833,1.94807,1.9483000000000001,331,8,0
2024-03-20 06:10:00,1.9483000000000001,1.94863,1.9478499999999999,1.94787,366,8,0
2024-03-20 06:15:00,1.94787,1.9479199999999999,1.94766,1.94777,365,8,0
2024-03-20 06:20:00,1.94777,1.94795,1.9476499999999999,1.94788,429,8,0
2024-03-20 06:25:00,1.94788,1.94838,1.94788,1.94838,280,8,0
2024-03-20 06:30:00,1.94838,1.94865,1.94828,1.94848,350,8,0
2024-03-20 06:35:00,1.94848,1.94881,1.94845,1.94863,296,8,0
2024-03-20 06:40:00,1.9486400000000001,1.94865,1.94831,1.94834,314,8,0
2024-03-20 06:45:00,1.94834,1.94836,1.9476,1.9476499999999999,323,8,0
2024-03-20 06:50:00,1.9476499999999999,1.94777,1.94733,1.9477,320,8,0
2024-03-20 06:55:00,1.9476900000000001,1.94771,1.94645,1.9464700000000001,460,8,0
2024-03-20 07:00:00,1.9464700000000001,1.9475500000000001,1.94472,1.9473099999999999,945,8,0
2024-03-20 07:05:00,1.9473099999999999,1.94811,1.94726,1.9474,661,8,0
2024-03-20 07:10:00,1.9474,1.94802,1.94732,1.94782,691,8,0
2024-03-20 07:15:00,1.94782,1.9478499999999999,1.9470100000000001,1.9470800000000001,701,8,0
2024-03-20 07:20:00,1.9470800000000001,1.9472,1.94696,1.94709,458,8,0
2024-03-20 07:25:00,1.94711,1.9472399999999999,1.9468800000000002,1.94719,342,8,0
2024-03-20 07:30:00,1.94719,1.9474399999999998,1.94664,1.94682,691,8,0
2024-03-20 07:35:00,1.9468100000000002,1.9468999999999999,1.9463599999999999,1.9464700000000001,660,8,0
2024-03-20 07:40:00,1.9464700000000001,1.94729,1.94645,1.94707,532,8,0
2024-03-20 07:45:00,1.94707,1.9471699999999998,1.9468299999999998,1.94685,475,8,0
2024-03-20 07:50:00,1.94685,1.94725,1.94645,1.9468800000000002,582,8,0
2024-03-20 07:55:00,1.9468800000000002,1.94719,1.9468100000000002,1.94713,485,8,0
2024-03-20 08:00:00,1.94713,1.9475799999999999,1.94706,1.9475500000000001,780,8,0
2024-03-20 08:05:00,1.9475500000000001,1.94775,1.94736,1.9476499999999999,668,8,0
2024-03-20 08:10:00,1.9476499999999999,1.94798,1.94736,1.94774,643,8,0
2024-03-20 08:15:00,1.94774,1.94787,1.94727,1.94767,607,8,0
2024-03-20 08:20:00,1.94767,1.94768,1.94737,1.94757,534,8,0
2024-03-20 08:25:00,1.9475799999999999,1.9476200000000001,1.94705,1.94745,445,8,0
2024-03-20 08:30:00,1.94745,1.94756,1.94709,1.94713,533,8,0
2024-03-20 08:35:00,1.94713,1.9472,1.94662,1.9468999999999999,601,8,0
2024-03-20 08:40:00,1.9468999999999999,1.9474200000000002,1.94657,1.94725,587,8,0
2024-03-20 08:45:00,1.94725,1.9480300000000002,1.94714,1.948,663,8,0
2024-03-20 08:50:00,1.948,1.9481000000000002,1.9472399999999999,1.9472800000000001,366,8,0
2024-03-20 08:55:00,1.9472800000000001,1.9476,1.94709,1.9474200000000002,608,3,0
2024-03-20 09:00:00,1.9474200000000002,1.94786,1.94737,1.9477600000000002,715,8,0
2024-03-20 09:05:00,1.9478,1.94793,1.94757,1.94757,468,8,0
2024-03-20 09:10:00,1.94757,1.94783,1.94712,1.94741,650,8,0
2024-03-20 09:15:00,1.94741,1.9475799999999999,1.9468800000000002,1.9471,663,8,0
2024-03-20 09:20:00,1.9471,1.9474399999999998,1.94693,1.9474,701,8,0
2024-03-20 09:25:00,1.9474200000000002,1.94774,1.94732,1.94756,588,8,0
2024-03-20 09:30:00,1.9475500000000001,1.94814,1.94737,1.94807,575,8,0
2024-03-20 09:35:00,1.94807,1.94868,1.94807,1.94827,527,8,0
2024-03-20 09:40:00,1.94828,1.94906,1.94828,1.9484,582,8,0
2024-03-20 09:45:00,1.9483899999999998,1.94878,1.9483899999999998,1.9485700000000001,600,8,0
2024-03-20 09:50:00,1.9485700000000001,1.94892,1.9482,1.9489100000000001,640,8,0
2024-03-20 09:55:00,1.9489100000000001,1.94895,1.94836,1.94838,494,8,0
2024-03-20 10:00:00,1.9484,1.9487999999999999,1.94814,1.94848,539,8,0
2024-03-20 10:05:00,1.94848,1.94852,1.9481000000000002,1.94843,530,8,0
2024-03-20 10:10:00,1.94843,1.94863,1.94806,1.94863,454,8,0
2024-03-20 10:15:00,1.94863,1.94881,1.94849,1.9487700000000001,422,8,0
2024-03-20 10:20:00,1.9487700000000001,1.9490699999999999,1.94858,1.9487299999999999,462,8,0
2024-03-20 10:25:00,1.9487299999999999,1.94902,1.94849,1.94883,488,8,0
2024-03-20 10:30:00,1.94886,1.94886,1.9478,1.94814,493,8,0
2024-03-20 10:35:00,1.94814,1.9485700000000001,1.9480499999999998,1.94855,376,8,0
2024-03-20 10:40:00,1.94855,1.94885,1.94822,1.94824,319,8,0
2024-03-20 10:45:00,1.94825,1.94851,1.94806,1.9484,289,8,0
2024-03-20 10:50:00,1.9484,1.94895,1.9481600000000001,1.9487100000000002,237,8,0
2024-03-20 10:55:00,1.9487100000000002,1.9487700000000001,1.94814,1.94814,402,8,0
2024-03-20 11:00:00,1.94815,1.94834,1.94788,1.94798,483,8,0
2024-03-20 11:05:00,1.94798,1.94798,1.94746,1.9475500000000001,507,8,0
2024-03-20 11:10:00,1.9475500000000001,1.94763,1.9472800000000001,1.9473500000000001,417,8,0
2024-03-20 11:15:00,1.9473500000000001,1.94771,1.94733,1.9476,468,8,0
2024-03-20 11:20:00,1.9476,1.94795,1.94756,1.94787,356,8,0
2024-03-20 11:25:00,1.94788,1.9479600000000001,1.94743,1.9477799999999998,238,8,0
2024-03-20 11:30:00,1.9477799999999998,1.9477799999999998,1.94733,1.9476499999999999,350,8,0
2024-03-20 11:35:00,1.9476499999999999,1.9476900000000001,1.9472800000000001,1.9472800000000001,346,8,0
2024-03-20 11:40:00,1.9472800000000001,1.94736,1.94693,1.9471500000000002,399,8,0
2024-03-20 11:45:00,1.9471500000000002,1.94748,1.94711,1.9474399999999998,480,8,0
2024-03-20 11:50:00,1.94743,1.94761,1.9472,1.9474200000000002,441,8,0
2024-03-20 11:55:00,1.9474200000000002,1.9474399999999998,1.9471,1.94711,392,8,0
2024-03-20 12:00:00,1.94711,1.94711,1.94649,1.94693,556,8,0
2024-03-20 12:05:00,1.94693,1.9470100000000001,1.94677,1.94684,506,8,0
2024-03-20 12:10:00,1.94684,1.9470399999999999,1.94675,1.94679,567,8,0
2024-03-20 12:15:00,1.94679,1.94682,1.94626,1.9464299999999999,515,8,0
2024-03-20 12:20:00,1.94642,1.9466700000000001,1.9460899999999999,1.94658,574,8,0
2024-03-20 12:25:00,1.94658,1.94661,1.9460199999999999,1.94611,515,8,0
2024-03-20 12:30:00,1.94611,1.9464000000000001,1.94583,1.94635,553,8,0
2024-03-20 12:35:00,1.94635,1.94657,1.9460899999999999,1.94646,519,8,0
2024-03-20 12:40:00,1.94645,1.94655,1.94594,1.94618,522,8,0
2024-03-20 12:45:00,1.94618,1.9466999999999999,1.9458600000000001,1.9462199999999998,641,8,0
2024-03-20 12:50:00,1.9462199999999998,1.94668,1.94611,1.94665,768,8,0
2024-03-20 12:55:00,1.94665,1.94682,1.94639,1.94682,811,8,0
2024-03-20 13:00:00,1.94682,1.94734,1.94664,1.94727,813,8,0
2024-03-20 13:05:00,1.94727,1.94736,1.9466700000000001,1.9467400000000001,497,8,0
2024-03-20 13:10:00,1.9467400000000001,1.9468100000000002,1.94642,1.94664,499,8,0
2024-03-20 13:15:00,1.94665,1.94705,1.9464299999999999,1.9469400000000001,515,8,0
2024-03-20 13:20:00,1.9469400000000001,1.94721,1.94685,1.94721,405,8,0
2024-03-20 13:25:00,1.94721,1.94732,1.94684,1.94703,466,8,0
2024-03-20 13:30:00,1.94703,1.94721,1.94644,1.94693,946,8,0
2024-03-20 13:35:00,1.94692,1.9474900000000002,1.94648,1.9474399999999998,840,8,0
2024-03-20 13:40:00,1.9474399999999998,1.9478499999999999,1.94712,1.9477,656,8,0
2024-03-20 13:45:00,1.9477,1.94775,1.9474200000000002,1.94753,557,8,0
2024-03-20 13:50:00,1.94753,1.9479899999999999,1.94737,1.94767,595,8,0
2024-03-20 13:55:00,1.94767,1.9480499999999998,1.94753,1.94772,651,8,0
2024-03-20 14:00:00,1.94772,1.94783,1.9469699999999999,1.94737,1032,8,0
2024-03-20 14:05:00,1.9473799999999999,1.9475799999999999,1.94709,1.9473799999999999,620,8,0
2024-03-20 14:10:00,1.9473799999999999,1.94739,1.9468800000000002,1.9470800000000001,651,8,0
2024-03-20 14:15:00,1.94709,1.9472,1.94691,1.94698,556,8,0
2024-03-20 14:20:00,1.9469699999999999,1.94712,1.9466700000000001,1.9466999999999999,648,8,0
2024-03-20 14:25:00,1.94669,1.94677,1.94642,1.94662,525,8,0
2024-03-20 14:30:00,1.94662,1.94699,1.94624,1.9463300000000001,574,8,0
2024-03-20 14:35:00,1.9463300000000001,1.94678,1.94626,1.94675,606,8,0
2024-03-20 14:40:00,1.94675,1.94741,1.94672,1.9470399999999999,713,8,0
2024-03-20 14:45:00,1.9470399999999999,1.9471500000000002,1.94638,1.94644,536,8,0
2024-03-20 14:50:00,1.94644,1.94662,1.94598,1.94657,832,8,0
2024-03-20 14:55:00,1.94657,1.94675,1.9463,1.9466,728,8,0
2024-03-20 15:00:00,1.9466,1.94666,1.94591,1.94599,749,8,0
2024-03-20 15:05:00,1.94598,1.94634,1.94598,1.94625,603,8,0
2024-03-20 15:10:00,1.94625,1.94632,1.9458199999999999,1.94608,477,8,0
2024-03-20 15:15:00,1.9461,1.9464299999999999,1.94603,1.94614,360,8,0
2024-03-20 15:20:00,1.9461300000000001,1.94639,1.946,1.94638,465,8,0
2024-03-20 15:25:00,1.94638,1.94657,1.94623,1.9465400000000002,571,8,0
2024-03-20 15:30:00,1.9465599999999998,1.94666,1.9464299999999999,1.94648,411,8,0
2024-03-20 15:35:00,1.94645,1.94664,1.94631,1.94632,487,8,0
2024-03-20 15:40:00,1.94631,1.94659,1.94608,1.94625,466,8,0
2024-03-20 15:45:00,1.94625,1.94653,1.94603,1.94641,490,8,0
2024-03-20 15:50:00,1.94641,1.94698,1.94638,1.94678,459,8,0
2024-03-20 15:55:00,1.94678,1.94692,1.9462000000000002,1.94691,1034,8,0
2024-03-20 16:00:00,1.94691,1.94722,1.94679,1.94685,851,8,0
2024-03-20 16:05:00,1.94685,1.9474399999999998,1.9466999999999999,1.94714,489,8,0
2024-03-20 16:10:00,1.94714,1.94746,1.9471,1.94723,438,8,0
2024-03-20 16:15:00,1.94723,1.94732,1.9466700000000001,1.94695,418,8,0
2024-03-20 16:20:00,1.94695,1.9472399999999999,1.94691,1.9469699999999999,538,8,0
2024-03-20 16:25:00,1.9469699999999999,1.9470399999999999,1.94684,1.94695,449,8,0
2024-03-20 16:30:00,1.94695,1.94706,1.94666,1.94705,410,8,0
2024-03-20 16:35:00,1.94705,1.94712,1.94679,1.94685,352,8,0
2024-03-20 16:40:00,1.94684,1.94692,1.94666,1.9468999999999999,581,8,0
2024-03-20 16:45:00,1.9468999999999999,1.947,1.94662,1.9468299999999998,497,8,0
2024-03-20 16:50:00,1.9468299999999998,1.94692,1.94653,1.94677,456,8,0
2024-03-20 16:55:00,1.94677,1.94686,1.94653,1.94668,512,8,0
2024-03-20 17:00:00,1.94668,1.94691,1.9466299999999999,1.94664,425,8,0
2024-03-20 17:05:00,1.94664,1.9466700000000001,1.94635,1.9466,376,8,0
2024-03-20 17:10:00,1.9466,1.94702,1.94651,1.94676,395,8,0
2024-03-20 17:15:00,1.94676,1.94706,1.94658,1.9468999999999999,412,8,0
2024-03-20 17:20:00,1.94691,1.9471500000000002,1.9463,1.94713,517,8,0
2024-03-20 17:25:00,1.94711,1.94713,1.94655,1.94696,478,8,0
2024-03-20 17:30:00,1.94696,1.9470399999999999,1.9465400000000002,1.9467400000000001,401,8,0
2024-03-20 17:35:00,1.9467400000000001,1.9468,1.94644,1.94653,388,8,0
2024-03-20 17:40:00,1.94653,1.94719,1.94652,1.94711,444,8,0
2024-03-20 17:45:00,1.94711,1.9471500000000002,1.94626,1.9463300000000001,454,8,0
2024-03-20 17:50:00,1.9463300000000001,1.9467400000000001,1.94626,1.94642,501,8,0
2024-03-20 17:55:00,1.94642,1.9469699999999999,1.94608,1.9463599999999999,471,8,0
2024-03-20 18:00:00,1.94648,1.94648,1.94311,1.94401,3275,8,0
2024-03-20 18:05:00,1.94401,1.94601,1.94295,1.94565,3053,8,0
2024-03-20 18:10:00,1.94567,1.94567,1.94404,1.9450699999999999,2670,8,0
2024-03-20 18:15:00,1.9450699999999999,1.94607,1.94466,1.9459499999999998,2188,8,0
2024-03-20 18:20:00,1.94594,1.94611,1.9449100000000001,1.94565,1776,8,0
2024-03-20 18:25:00,1.94564,1.94611,1.94468,1.94474,1679,8,0
2024-03-20 18:30:00,1.94474,1.94657,1.9443000000000001,1.94646,2749,8,0
2024-03-20 18:35:00,1.94648,1.94651,1.94467,1.94501,3253,8,0
2024-03-20 18:40:00,1.94503,1.94554,1.94449,1.94493,2815,8,0
2024-03-20 18:45:00,1.94493,1.94493,1.94319,1.94346,2884,8,0
2024-03-20 18:50:00,1.94346,1.94411,1.94198,1.94232,2770,8,0
2024-03-20 18:55:00,1.9423,1.94306,1.94198,1.94299,2393,8,0
2024-03-20 19:00:00,1.9429699999999999,1.9434200000000001,1.9424700000000001,1.94305,2574,8,0
2024-03-20 19:05:00,1.9430399999999999,1.9430800000000001,1.94215,1.94253,2238,8,0
2024-03-20 19:10:00,1.94251,1.94366,1.94231,1.94353,1896,8,0
2024-03-20 19:15:00,1.94352,1.94382,1.9428,1.94286,1848,8,0
2024-03-20 19:20:00,1.94286,1.9430399999999999,1.9424299999999999,1.94268,1646,8,0
2024-03-20 19:25:00,1.94268,1.9429400000000001,1.94139,1.9419300000000002,1479,8,0
2024-03-20 19:30:00,1.9419300000000002,1.94208,1.94131,1.94162,1310,8,0
2024-03-20 19:35:00,1.94165,1.94215,1.94143,1.9415900000000001,1175,8,0
2024-03-20 19:40:00,1.9416099999999998,1.9420899999999999,1.94146,1.94188,956,8,0
2024-03-20 19:45:00,1.94188,1.9423300000000001,1.9417499999999999,1.9422000000000001,1010,8,0
2024-03-20 19:50:00,1.9422000000000001,1.94248,1.94178,1.942,1085,8,0
2024-03-20 19:55:00,1.942,1.942,1.94095,1.94102,1034,8,0
2024-03-20 20:00:00,1.94102,1.9412500000000001,1.94063,1.94097,564,8,0
2024-03-20 20:05:00,1.94097,1.94156,1.94089,1.9415200000000001,372,8,0
2024-03-20 20:10:00,1.9415200000000001,1.94174,1.94128,1.9417,424,8,0
2024-03-20 20:15:00,1.9417,1.94199,1.9416,1.94181,596,8,0
2024-03-20 20:20:00,1.94181,1.942,1.94174,1.94192,521,8,0
2024-03-20 20:25:00,1.9419300000000002,1.94211,1.94181,1.9420199999999999,339,8,0
2024-03-20 20:30:00,1.94201,1.9420600000000001,1.9414099999999999,1.94153,297,8,0
2024-03-20 20:35:00,1.94153,1.94173,1.94147,1.9415200000000001,339,8,0
2024-03-20 20:40:00,1.9415,1.94173,1.94143,1.94157,420,8,0
2024-03-20 20:45:00,1.94157,1.94169,1.94108,1.9412099999999999,491,8,0
2024-03-20 20:50:00,1.94123,1.9413399999999998,1.9409800000000001,1.94115,444,8,0
2024-03-20 20:55:00,1.94115,1.94143,1.9411100000000001,1.9411100000000001,416,8,0
2024-03-20 21:00:00,1.9409999999999998,1.9411,1.94032,1.9411,14,33,0
2024-03-20 21:05:00,1.9411,1.9411,1.94089,1.9411,16,52,0
2024-03-20 21:10:00,1.9411,1.9412099999999999,1.9410500000000002,1.94112,37,19,0
2024-03-20 21:15:00,1.9411399999999999,1.94154,1.94109,1.9415,47,54,0
2024-03-20 21:20:00,1.94154,1.94154,1.94104,1.9411,39,52,0
2024-03-20 21:25:00,1.9411399999999999,1.94126,1.94095,1.94126,32,55,0
2024-03-20 21:30:00,1.94126,1.94128,1.94116,1.94123,62,62,0
2024-03-20 21:35:00,1.94139,1.94177,1.94122,1.94176,128,26,0
2024-03-20 21:40:00,1.94176,1.94181,1.94146,1.94151,341,26,0
2024-03-20 21:45:00,1.94154,1.94234,1.94136,1.9423,860,8,0
2024-03-20 21:50:00,1.9420899999999999,1.9427400000000001,1.94204,1.94272,670,20,0
2024-03-20 21:55:00,1.94272,1.9427699999999999,1.9424700000000001,1.94259,231,34,0
2024-03-20 22:00:00,1.94259,1.94275,1.94177,1.94204,233,8,0
2024-03-20 22:05:00,1.94204,1.94211,1.94167,1.94194,168,8,0
2024-03-20 22:10:00,1.94194,1.94198,1.9414500000000001,1.94146,175,8,0
2024-03-20 22:15:00,1.94146,1.94164,1.94097,1.94119,351,8,0
2024-03-20 22:20:00,1.94119,1.94164,1.94104,1.9414500000000001,312,8,0
2024-03-20 22:25:00,1.9414500000000001,1.9414500000000001,1.94058,1.94059,302,8,0
2024-03-20 22:30:00,1.94059,1.94061,1.93968,1.9400300000000001,367,8,0
2024-03-20 22:35:00,1.94002,1.94004,1.9395099999999998,1.9396,476,8,0
2024-03-20 22:40:00,1.9396,1.9396200000000001,1.9393099999999999,1.93944,303,8,0
2024-03-20 22:45:00,1.93944,1.94015,1.93923,1.9393099999999999,346,8,0
2024-03-20 22:50:00,1.9393099999999999,1.93971,1.93921,1.93947,304,8,0
2024-03-20 22:55:00,1.9394900000000002,1.93974,1.93905,1.93907,350,8,0
2024-03-20 23:00:00,1.93907,1.9395799999999999,1.9390399999999999,1.93914,422,8,0
2024-03-20 23:05:00,1.93914,1.93961,1.93914,1.93952,204,8,0
2024-03-20 23:10:00,1.93952,1.93986,1.9394200000000001,1.93979,335,8,0
2024-03-20 23:15:00,1.93979,1.9403000000000001,1.93977,1.9401899999999999,333,8,0
2024-03-20 23:20:00,1.9401899999999999,1.9404599999999999,1.93988,1.94032,327,8,0
2024-03-20 23:25:00,1.94032,1.9407100000000002,1.94024,1.9405999999999999,217,8,0
2024-03-20 23:30:00,1.9405999999999999,1.94101,1.94051,1.94082,268,8,0
2024-03-20 23:35:00,1.94082,1.9409399999999999,1.94049,1.94049,214,8,0
2024-03-20 23:40:00,1.94049,1.9407299999999998,1.94021,1.94031,324,8,0
2024-03-20 23:45:00,1.94031,1.9404400000000002,1.94008,1.9401899999999999,230,8,0
2024-03-20 23:50:00,1.9401899999999999,1.94038,1.9399899999999999,1.9399899999999999,349,8,0
2024-03-20 23:55:00,1.9399899999999999,1.9400300000000001,1.9393099999999999,1.9393500000000001,508,8,0
2024-03-21 00:00:00,1.9393500000000001,1.9407,1.9393099999999999,1.94017,842,8,0
2024-03-21 00:05:00,1.94017,1.94021,1.93945,1.94001,768,8,0
2024-03-21 00:10:00,1.94001,1.94021,1.9392200000000002,1.9392200000000002,634,8,0
2024-03-21 00:15:00,1.9392200000000002,1.93993,1.93899,1.9398499999999999,451,8,0
2024-03-21 00:20:00,1.9398499999999999,1.94025,1.93966,1.93988,456,8,0
2024-03-21 00:25:00,1.93988,1.94068,1.9397799999999998,1.94016,465,8,0
2024-03-21 00:30:00,1.94016,1.94016,1.93404,1.93526,1350,8,0
2024-03-21 00:35:00,1.9352399999999998,1.9361000000000002,1.93437,1.93529,996,8,0
2024-03-21 00:40:00,1.93529,1.93593,1.9351099999999999,1.93541,715,8,0
2024-03-21 00:45:00,1.93541,1.93614,1.9350800000000001,1.9350800000000001,710,8,0
2024-03-21 00:50:00,1.93505,1.93553,1.9346,1.9348800000000002,797,8,0
2024-03-21 00:55:00,1.9348800000000002,1.9351,1.93459,1.93479,921,8,0
2024-03-21 01:00:00,1.93479,1.93495,1.93309,1.9334,1090,8,0
2024-03-21 01:05:00,1.9334,1.9335,1.93297,1.9332500000000001,1000,8,0
2024-03-21 01:10:00,1.9332500000000001,1.93377,1.9329,1.93346,941,8,0
2024-03-21 01:15:00,1.93346,1.9337499999999999,1.9332,1.9335499999999999,896,8,0
2024-03-21 01:20:00,1.9335499999999999,1.93365,1.93276,1.93306,858,8,0
2024-03-21 01:25:00,1.9330500000000002,1.93364,1.93303,1.93317,657,8,0
2024-03-21 01:30:00,1.93317,1.93337,1.93254,1.93337,791,8,0
2024-03-21 01:35:00,1.93337,1.93356,1.9330500000000002,1.9334500000000001,723,8,0
2024-03-21 01:40:00,1.9334500000000001,1.93419,1.9334,1.9339300000000001,570,8,0
2024-03-21 01:45:00,1.93394,1.93428,1.93372,1.93377,615,8,0
2024-03-21 01:50:00,1.93377,1.93419,1.93361,1.93415,658,8,0
2024-03-21 01:55:00,1.93415,1.93465,1.93365,1.93373,633,8,0
2024-03-21 02:00:00,1.93373,1.9340600000000001,1.93354,1.93396,434,8,0
2024-03-21 02:05:00,1.93397,1.93414,1.93377,1.93381,497,8,0
2024-03-21 02:10:00,1.93381,1.9338199999999999,1.93302,1.93331,544,8,0
2024-03-21 02:15:00,1.93331,1.93349,1.93313,1.93324,537,8,0
2024-03-21 02:20:00,1.93324,1.93361,1.93315,1.9336,480,8,0
2024-03-21 02:25:00,1.9336,1.9340600000000001,1.9335499999999999,1.93365,460,8,0
2024-03-21 02:30:00,1.93365,1.93388,1.93324,1.9333399999999998,477,8,0
2024-03-21 02:35:00,1.93335,1.93354,1.93288,1.933,503,8,0
2024-03-21 02:40:00,1.933,1.93319,1.93277,1.93302,455,8,0
2024-03-21 02:45:00,1.93302,1.93311,1.93258,1.9326699999999999,458,8,0
2024-03-21 02:50:00,1.93266,1.93281,1.93254,1.9327999999999999,429,8,0
2024-03-21 02:55:00,1.9327999999999999,1.9334,1.93272,1.9333399999999998,495,8,0
2024-03-21 03:00:00,1.9333399999999998,1.93365,1.93283,1.9330699999999998,513,8,0
2024-03-21 03:05:00,1.9330699999999998,1.9332,1.9327,1.93285,500,8,0
2024-03-21 03:10:00,1.93285,1.9330500000000002,1.93261,1.933,453,8,0
2024-03-21 03:15:00,1.933,1.93313,1.93256,1.93261,444,8,0
2024-03-21 03:20:00,1.93261,1.9327,1.93214,1.9321700000000002,563,8,0
2024-03-21 03:25:00,1.9321700000000002,1.9322300000000001,1.93177,1.93194,383,8,0
2024-03-21 03:30:00,1.93194,1.93197,1.9313,1.9313099999999999,353,8,0
2024-03-21 03:35:00,1.9313099999999999,1.9314,1.93089,1.93126,409,8,0
2024-03-21 03:40:00,1.93126,1.9319899999999999,1.9312,1.93187,388,8,0
2024-03-21 03:45:00,1.93187,1.93188,1.9315099999999998,1.9317600000000001,404,8,0
2024-03-21 03:50:00,1.9317600000000001,1.9323700000000001,1.9315600000000002,1.93224,460,8,0
2024-03-21 03:55:00,1.93224,1.93228,1.93182,1.93195,330,8,0
2024-03-21 04:00:00,1.93195,1.93215,1.9317,1.93178,403,8,0
2024-03-21 04:05:00,1.93179,1.93213,1.93179,1.9319199999999999,226,8,0
2024-03-21 04:10:00,1.9319199999999999,1.93232,1.9319,1.93232,196,8,0
2024-03-21 04:15:00,1.93232,1.93234,1.93198,1.93211,224,8,0
2024-03-21 04:20:00,1.93211,1.9322,1.93152,1.93153,341,8,0
2024-03-21 04:25:00,1.93153,1.93173,1.93134,1.9315799999999999,304,8,0
2024-03-21 04:30:00,1.93157,1.93201,1.93126,1.93126,349,8,0
2024-03-21 04:35:00,1.93126,1.93166,1.9311,1.9316499999999999,349,8,0
2024-03-21 04:40:00,1.9316499999999999,1.9317199999999999,1.9314,1.9315099999999998,254,8,0
2024-03-21 04:45:00,1.9315099999999998,1.93177,1.93121,1.9314,291,8,0
2024-03-21 04:50:00,1.9314,1.93166,1.93136,1.93161,275,8,0
2024-03-21 04:55:00,1.9316200000000001,1.93163,1.93085,1.93086,313,8,0
2024-03-21 05:00:00,1.93086,1.93139,1.9308100000000001,1.93139,350,8,0
2024-03-21 05:05:00,1.93139,1.9316200000000001,1.93128,1.93145,266,8,0
2024-03-21 05:10:00,1.93144,1.9315099999999998,1.9307699999999999,1.93082,401,8,0
2024-03-21 05:15:00,1.93082,1.93109,1.93064,1.93107,351,8,0
2024-03-21 05:20:00,1.93107,1.93147,1.93098,1.93134,345,8,0
2024-03-21 05:25:00,1.93134,1.93182,1.93134,1.93173,407,8,0
2024-03-21 05:30:00,1.93173,1.9319199999999999,1.93134,1.93137,624,8,0
2024-03-21 05:35:00,1.9313500000000001,1.93145,1.93057,1.93065,556,8,0
2024-03-21 05:40:00,1.93065,1.93087,1.9300899999999999,1.93023,520,8,0
2024-03-21 05:45:00,1.93023,1.93071,1.93008,1.93067,397,8,0
2024-03-21 05:50:00,1.93067,1.9312,1.93064,1.9311,470,8,0
2024-03-21 05:55:00,1.9311,1.93123,1.9307400000000001,1.93083,440,8,0
2024-03-21 06:00:00,1.93083,1.9312,1.93075,1.931,455,8,0
2024-03-21 06:05:00,1.931,1.93117,1.93046,1.9305400000000001,385,8,0
2024-03-21 06:10:00,1.9305400000000001,1.93068,1.93023,1.93035,339,8,0
2024-03-21 06:15:00,1.93035,1.93049,1.92974,1.9297900000000001,416,8,0
2024-03-21 06:20:00,1.9297900000000001,1.92981,1.9296,1.92974,352,8,0
2024-03-21 06:25:00,1.92974,1.9307400000000001,1.92972,1.9307400000000001,425,8,0
2024-03-21 06:30:00,1.9307400000000001,1.9307400000000001,1.93026,1.93034,455,8,0
2024-03-21 06:35:00,1.93034,1.93075,1.9303,1.93067,387,8,0
2024-03-21 06:40:00,1.93067,1.9307400000000001,1.9302000000000001,1.9304999999999999,443,8,0
2024-03-21 06:45:00,1.9304999999999999,1.93052,1.92962,1.92971,551,8,0
2024-03-21 06:50:00,1.92971,1.93026,1.9297,1.9298,409,8,0
2024-03-21 06:55:00,1.9298,1.93059,1.92977,1.93057,316,8,0
2024-03-21 07:00:00,1.9305400000000001,1.93079,1.93011,1.93041,510,8,0
2024-03-21 07:05:00,1.93041,1.93068,1.92987,1.93004,591,8,0
2024-03-21 07:10:00,1.93004,1.93028,1.9297499999999999,1.92988,706,8,0
2024-03-21 07:15:00,1.92988,1.92992,1.92938,1.92964,629,8,0
2024-03-21 07:20:00,1.9296600000000002,1.9301599999999999,1.92909,1.92911,544,8,0
2024-03-21 07:25:00,1.92911,1.92913,1.92818,1.92836,481,8,0
2024-03-21 07:30:00,1.92836,1.92854,1.92791,1.92821,830,8,0
2024-03-21 07:35:00,1.92821,1.92854,1.92767,1.9283299999999999,848,8,0
2024-03-21 07:40:00,1.9283299999999999,1.92881,1.9279600000000001,1.92872,781,8,0
2024-03-21 07:45:00,1.92874,1.92933,1.9286400000000001,1.92879,721,8,0
2024-03-21 07:50:00,1.92879,1.92985,1.92868,1.92969,687,8,0
2024-03-21 07:55:00,1.92969,1.9304000000000001,1.92957,1.9301,653,8,0
2024-03-21 08:00:00,1.9301,1.93173,1.9300000000000002,1.9313500000000001,1034,8,0
2024-03-21 08:05:00,1.9313500000000001,1.9321899999999999,1.93134,1.9321899999999999,808,8,0
2024-03-21 08:10:00,1.9321700000000002,1.93234,1.93182,1.93221,843,8,0
2024-03-21 08:15:00,1.93221,1.9325,1.93132,1.93218,1116,8,0
2024-03-21 08:20:00,1.93218,1.93221,1.93103,1.9313,738,8,0
2024-03-21 08:25:00,1.93129,1.9313799999999999,1.9308100000000001,1.9311099999999999,810,8,0
2024-03-21 08:30:00,1.93113,1.9319,1.93092,1.93125,1978,8,0
2024-03-21 08:35:00,1.93126,1.9314,1.93055,1.9306,1599,8,0
2024-03-21 08:40:00,1.9306,1.93159,1.9305400000000001,1.93132,1501,8,0
2024-03-21 08:45:00,1.93132,1.93174,1.93092,1.93174,1290,8,0
2024-03-21 08:50:00,1.93174,1.93193,1.93116,1.93174,1310,8,0
2024-03-21 08:55:00,1.9317199999999999,1.93241,1.9314900000000002,1.93231,886,8,0
2024-03-21 09:00:00,1.9323000000000001,1.93333,1.93216,1.93288,1029,8,0
2024-03-21 09:05:00,1.93288,1.9333200000000001,1.93268,1.93316,1154,8,0
2024-03-21 09:10:00,1.93312,1.93351,1.93295,1.9335,962,8,0
2024-03-21 09:15:00,1.93347,1.93356,1.93277,1.93324,749,8,0
2024-03-21 09:20:00,1.93324,1.9333900000000002,1.93292,1.9333900000000002,774,8,0
2024-03-21 09:25:00,1.9333900000000002,1.93347,1.93262,1.9332,729,8,0
2024-03-21 09:30:00,1.9330500000000002,1.93431,1.93303,1.93344,1126,8,0
2024-03-21 09:35:00,1.93344,1.93398,1.9331399999999999,1.93371,739,8,0
2024-03-21 09:40:00,1.93371,1.93388,1.9329800000000001,1.93306,653,8,0
2024-03-21 09:45:00,1.93306,1.93331,1.9326400000000001,1.9332,916,8,0
2024-03-21 09:50:00,1.93319,1.9335,1.93261,1.93261,890,8,0
2024-03-21 09:55:00,1.93261,1.9327800000000002,1.93229,1.93232,815,8,0
2024-03-21 10:00:00,1.93232,1.93259,1.9321700000000002,1.9325700000000001,619,8,0
2024-03-21 10:05:00,1.93258,1.93266,1.93201,1.93208,590,8,0
2024-03-21 10:10:00,1.93207,1.9327,1.93187,1.93259,546,8,0
2024-03-21 10:15:00,1.93259,1.93302,1.93218,1.93224,563,8,0
2024-03-21 10:20:00,1.93224,1.93232,1.93153,1.93154,682,8,0
2024-03-21 10:25:00,1.93154,1.93188,1.93143,1.93164,559,8,0
2024-03-21 10:30:00,1.93164,1.93167,1.93069,1.9312200000000002,797,8,0
2024-03-21 10:35:00,1.9312200000000002,1.9321700000000002,1.93096,1.93207,757,8,0
2024-03-21 10:40:00,1.93207,1.93242,1.93187,1.93198,438,8,0
2024-03-21 10:45:00,1.93198,1.93229,1.93184,1.93198,631,8,0
2024-03-21 10:50:00,1.93198,1.93216,1.93147,1.9318300000000002,739,8,0
2024-03-21 10:55:00,1.93184,1.9318499999999998,1.93119,1.93141,771,8,0
2024-03-21 11:00:00,1.93141,1.93175,1.93137,1.93171,704,8,0
2024-03-21 11:05:00,1.93171,1.93216,1.93152,1.93178,602,8,0
2024-03-21 11:10:00,1.93178,1.93216,1.9317600000000001,1.9321000000000002,592,8,0
2024-03-21 11:15:00,1.9321199999999998,1.93236,1.93174,1.9318300000000002,631,8,0
2024-03-21 11:20:00,1.9318300000000002,1.9319899999999999,1.93155,1.93161,556,8,0
2024-03-21 11:25:00,1.93161,1.93205,1.93139,1.93167,865,8,0
2024-03-21 11:30:00,1.93167,1.9319199999999999,1.93121,1.93125,773,8,0
2024-03-21 11:35:00,1.93125,1.9313500000000001,1.93086,1.9311099999999999,631,8,0
2024-03-21 11:40:00,1.93112,1.9315,1.9308800000000002,1.93143,570,8,0
2024-03-21 11:45:00,1.9314200000000001,1.932,1.93141,1.93186,690,8,0
2024-03-21 11:50:00,1.93187,1.93218,1.93143,1.9316900000000001,692,8,0
2024-03-21 11:55:00,1.9316900000000001,1.93198,1.93126,1.9316200000000001,583,8,0
2024-03-21 12:00:00,1.93126,1.9315099999999998,1.928,1.92943,1587,8,0
2024-03-21 12:05:00,1.92942,1.92962,1.92811,1.9281700000000002,1294,8,0
2024-03-21 12:10:00,1.92818,1.93014,1.92818,1.9296799999999998,1009,8,0
2024-03-21 12:15:00,1.9296799999999998,1.92984,1.92899,1.92978,1140,8,0
2024-03-21 12:20:00,1.92977,1.93086,1.92963,1.93056,1095,8,0
2024-03-21 12:25:00,1.93058,1.9306100000000002,1.92978,1.93007,884,8,0
2024-03-21 12:30:00,1.93005,1.9305400000000001,1.9296600000000002,1.93019,1199,8,0
2024-03-21 12:35:00,1.93019,1.93044,1.92981,1.93039,1143,8,0
2024-03-21 12:40:00,1.93038,1.93058,1.92987,1.92998,1034,8,0
2024-03-21 12:45:00,1.92998,1.93046,1.92997,1.9300899999999999,775,8,0
2024-03-21 12:50:00,1.9300899999999999,1.93035,1.9295499999999999,1.92987,1023,8,0
2024-03-21 12:55:00,1.92987,1.9298899999999999,1.92937,1.9295900000000001,931,8,0
2024-03-21 13:00:00,1.92958,1.93039,1.92957,1.93008,1075,8,0
2024-03-21 13:05:00,1.9300899999999999,1.93025,1.92965,1.92978,854,8,0
2024-03-21 13:10:00,1.92978,1.92991,1.9295200000000001,1.92977,626,8,0
2024-03-21 13:15:00,1.92977,1.93023,1.92945,1.92946,793,8,0
2024-03-21 13:20:00,1.9294799999999999,1.92957,1.9285700000000001,1.92899,904,8,0
2024-03-21 13:25:00,1.92899,1.92929,1.92879,1.92899,889,8,0
2024-03-21 13:30:00,1.92899,1.92995,1.92896,1.92945,1322,8,0
2024-03-21 13:35:00,1.92945,1.92976,1.9292099999999999,1.92945,1050,8,0
2024-03-21 13:40:00,1.92945,1.9298899999999999,1.9289800000000001,1.9289800000000001,1241,8,0
2024-03-21 13:45:00,1.92893,1.9306299999999998,1.92893,1.93045,2101,8,0
2024-03-21 13:50:00,1.93045,1.9307699999999999,1.93017,1.93051,1709,8,0
2024-03-21 13:55:00,1.93051,1.93086,1.9302700000000002,1.93031,1121,8,0
2024-03-21 14:00:00,1.9302700000000002,1.93152,1.9298899999999999,1.93136,1631,8,0
2024-03-21 14:05:00,1.9313500000000001,1.93175,1.93103,1.9313500000000001,1446,8,0
2024-03-21 14:10:00,1.93134,1.93202,1.93117,1.93121,1326,8,0
2024-03-21 14:15:00,1.93121,1.9313,1.93042,1.93065,1410,8,0
2024-03-21 14:20:00,1.93065,1.93134,1.9301599999999999,1.9311500000000001,1095,8,0
2024-03-21 14:25:00,1.9311500000000001,1.93157,1.93107,1.93154,1231,8,0
2024-03-21 14:30:00,1.93154,1.93241,1.9313,1.93195,1428,8,0
2024-03-21 14:35:00,1.93195,1.93241,1.93186,1.93216,1104,8,0
2024-03-21 14:40:00,1.93216,1.93238,1.93141,1.93181,1193,8,0
2024-03-21 14:45:00,1.93181,1.93216,1.93137,1.93201,963,8,0
2024-03-21 14:50:00,1.93201,1.9321000000000002,1.93139,1.93181,815,8,0
2024-03-21 14:55:00,1.9318,1.93316,1.93178,1.93283,1016,8,0
2024-03-21 15:00:00,1.93282,1.9329,1.9316,1.93167,1116,8,0
2024-03-21 15:05:00,1.93167,1.93186,1.93126,1.93129,873,8,0
2024-03-21 15:10:00,1.93129,1.93129,1.92942,1.92944,1017,8,0
2024-03-21 15:15:00,1.92944,1.92949,1.92874,1.9289399999999999,1038,8,0
2024-03-21 15:20:00,1.9289399999999999,1.9292799999999999,1.9285999999999999,1.92911,757,8,0
2024-03-21 15:25:00,1.92911,1.9297900000000001,1.9289399999999999,1.92899,1116,8,0
2024-03-21 15:30:00,1.92899,1.92964,1.92862,1.92953,1056,8,0
2024-03-21 15:35:00,1.92953,1.9298600000000001,1.92847,1.92854,893,8,0
2024-03-21 15:40:00,1.92854,1.92906,1.92784,1.92797,867,8,0
2024-03-21 15:45:00,1.92797,1.9285700000000001,1.9279199999999999,1.9284400000000002,797,8,0
2024-03-21 15:50:00,1.9284400000000002,1.92874,1.92773,1.92786,1206,8,0
2024-03-21 15:55:00,1.92786,1.9284400000000002,1.92781,1.92836,1543,8,0
2024-03-21 16:00:00,1.92836,1.9284599999999998,1.92732,1.9283000000000001,1275,8,0
2024-03-21 16:05:00,1.9283000000000001,1.9283000000000001,1.9276499999999999,1.9278300000000002,807,8,0
2024-03-21 16:10:00,1.92782,1.92805,1.9276200000000001,1.9278300000000002,814,8,0
2024-03-21 16:15:00,1.9278300000000002,1.9278499999999998,1.9274499999999999,1.9275099999999998,644,8,0
2024-03-21 16:20:00,1.9275099999999998,1.92789,1.92737,1.92746,589,8,0
2024-03-21 16:25:00,1.92746,1.92766,1.92705,1.92764,643,8,0
2024-03-21 16:30:00,1.92764,1.9281899999999998,1.9274499999999999,1.92788,637,8,0
2024-03-21 16:35:00,1.92786,1.92804,1.92761,1.9277600000000001,439,8,0
2024-03-21 16:40:00,1.9277600000000001,1.92789,1.9273799999999999,1.92771,487,8,0
2024-03-21 16:45:00,1.92771,1.92779,1.9271,1.92732,540,8,0
2024-03-21 16:50:00,1.92733,1.92763,1.92705,1.92757,506,8,0
2024-03-21 16:55:00,1.92757,1.92764,1.9270100000000001,1.92729,678,8,0
2024-03-21 17:00:00,1.92729,1.92794,1.92712,1.92782,746,8,0
2024-03-21 17:05:00,1.92782,1.92782,1.92747,1.92761,571,8,0
2024-03-21 17:10:00,1.92761,1.92773,1.9274499999999999,1.92755,586,8,0
2024-03-21 17:15:00,1.92752,1.9278,1.92743,1.92767,645,8,0
2024-03-21 17:20:00,1.92767,1.92773,1.9273099999999999,1.92741,606,8,0
2024-03-21 17:25:00,1.92741,1.92757,1.92721,1.92732,568,8,0
2024-03-21 17:30:00,1.92732,1.9275099999999998,1.9270399999999999,1.92707,557,8,0
2024-03-21 17:35:00,1.9270800000000001,1.9272,1.92691,1.92691,568,8,0
2024-03-21 17:40:00,1.92691,1.92709,1.9266,1.9266100000000002,545,8,0
2024-03-21 17:45:00,1.9266100000000002,1.9267400000000001,1.92641,1.9264999999999999,542,8,0
2024-03-21 17:50:00,1.9264999999999999,1.9271500000000001,1.92639,1.9271500000000001,540,8,0
2024-03-21 17:55:00,1.9271500000000001,1.92718,1.92668,1.92671,451,8,0
2024-03-21 18:00:00,1.92671,1.92679,1.92641,1.9264999999999999,539,8,0
2024-03-21 18:05:00,1.9264999999999999,1.92705,1.92632,1.9270399999999999,465,8,0
2024-03-21 18:10:00,1.9270399999999999,1.9271099999999999,1.92671,1.92686,468,8,0
2024-03-21 18:15:00,1.92686,1.92693,1.92671,1.92676,332,8,0
2024-03-21 18:20:00,1.92675,1.92707,1.92669,1.927,218,8,0
2024-03-21 18:25:00,1.927,1.92705,1.9266999999999999,1.9268999999999998,331,8,0
2024-03-21 18:30:00,1.9268999999999998,1.92717,1.92683,1.9271500000000001,481,8,0
2024-03-21 18:35:00,1.9271500000000001,1.92763,1.92705,1.92713,518,8,0
2024-03-21 18:40:00,1.92713,1.92721,1.92672,1.92698,443,8,0
2024-03-21 18:45:00,1.92698,1.9270800000000001,1.92652,1.92685,521,8,0
2024-03-21 18:50:00,1.92685,1.9269699999999998,1.92655,1.9268399999999999,341,8,0
2024-03-21 18:55:00,1.9268399999999999,1.92703,1.92662,1.92691,769,8,0
2024-03-21 19:00:00,1.92694,1.92696,1.92641,1.9264299999999999,648,8,0
2024-03-21 19:05:00,1.9264299999999999,1.92662,1.92633,1.92637,349,8,0
2024-03-21 19:10:00,1.92638,1.9266100000000002,1.92635,1.92651,358,8,0
2024-03-21 19:15:00,1.92651,1.92652,1.92624,1.92649,286,8,0
2024-03-21 19:20:00,1.92649,1.92665,1.92624,1.92637,412,8,0
2024-03-21 19:25:00,1.92637,1.92637,1.92608,1.92611,288,8,0
2024-03-21 19:30:00,1.92611,1.92656,1.9260899999999999,1.92649,405,8,0
2024-03-21 19:35:00,1.92649,1.9264999999999999,1.9261599999999999,1.92628,329,8,0
2024-03-21 19:40:00,1.92628,1.9262899999999998,1.92603,1.92617,427,8,0
2024-03-21 19:45:00,1.92617,1.92668,1.9261300000000001,1.9264299999999999,387,8,0
2024-03-21 19:50:00,1.9264299999999999,1.92645,1.9258600000000001,1.92599,444,8,0
2024-03-21 19:55:00,1.92597,1.92605,1.9256799999999998,1.92583,435,8,0
2024-03-21 20:00:00,1.92583,1.92584,1.92557,1.92576,352,8,0
2024-03-21 20:05:00,1.92577,1.9258899999999999,1.92567,1.9257300000000002,235,8,0
2024-03-21 20:10:00,1.9257300000000002,1.92588,1.9256,1.92578,159,8,0
2024-03-21 20:15:00,1.92578,1.92587,1.92569,1.9257300000000002,128,8,0
2024-03-21 20:20:00,1.9257300000000002,1.92584,1.9256799999999998,1.9257300000000002,109,8,0
2024-03-21 20:25:00,1.9257300000000002,1.92592,1.9257300000000002,1.92577,139,8,0
2024-03-21 20:30:00,1.92577,1.92601,1.92576,1.9259300000000001,133,8,0
2024-03-21 20:35:00,1.9259300000000001,1.92605,1.92581,1.9258899999999999,109,8,0
2024-03-21 20:40:00,1.9258899999999999,1.92591,1.92553,1.9257499999999999,128,8,0
2024-03-21 20:45:00,1.9257499999999999,1.92596,1.92564,1.9258899999999999,255,8,0
2024-03-21 20:50:00,1.9258899999999999,1.92626,1.9258899999999999,1.92611,340,8,0
2024-03-21 20:55:00,1.9261300000000001,1.9267699999999999,1.92611,1.9267699999999999,342,8,0
2024-03-21 21:00:00,1.92656,1.92656,1.92515,1.92635,18,102,0
2024-03-21 21:05:00,1.92635,1.92656,1.92585,1.92637,35,52,0
2024-03-21 21:10:00,1.92637,1.92657,1.92608,1.92651,43,47,0
2024-03-21 21:15:00,1.92653,1.92659,1.92595,1.92603,71,31,0
2024-03-21 21:20:00,1.9261,1.92632,1.92455,1.92563,133,25,0
2024-03-21 21:25:00,1.92563,1.9265400000000001,1.9254,1.9262899999999998,101,8,0
2024-03-21 21:30:00,1.92633,1.9264700000000001,1.92574,1.9259,125,40,0
2024-03-21 21:35:00,1.92597,1.92624,1.9256799999999998,1.9256799999999998,411,16,0
2024-03-21 21:40:00,1.9256799999999998,1.92635,1.92549,1.9261300000000001,782,15,0
2024-03-21 21:45:00,1.9261300000000001,1.92646,1.92591,1.92612,512,30,0
2024-03-21 21:50:00,1.92612,1.92639,1.92599,1.9263,371,22,0
2024-03-21 21:55:00,1.92631,1.9264000000000001,1.92598,1.92615,378,31,0
2024-03-21 22:00:00,1.92615,1.92646,1.92597,1.92615,205,8,0
2024-03-21 22:05:00,1.92618,1.92649,1.92607,1.92648,166,8,0
2024-03-21 22:10:00,1.92648,1.92652,1.92618,1.92622,111,9,0
2024-03-21 22:15:00,1.92625,1.92651,1.9262299999999999,1.9264299999999999,83,9,0
2024-03-21 22:20:00,1.9264299999999999,1.92649,1.9262700000000001,1.9262700000000001,77,13,0
2024-03-21 22:25:00,1.9262899999999998,1.9263599999999999,1.9260199999999998,1.92622,68,8,0
2024-03-21 22:30:00,1.92622,1.9266100000000002,1.92622,1.9265400000000001,72,8,0
2024-03-21 22:35:00,1.92655,1.9268100000000001,1.92648,1.92653,122,8,0
2024-03-21 22:40:00,1.92653,1.92653,1.9262299999999999,1.92639,87,9,0
2024-03-21 22:45:00,1.92639,1.92649,1.92626,1.92632,71,8,0
2024-03-21 22:50:00,1.92632,1.92635,1.92596,1.92596,179,8,0
2024-03-21 22:55:00,1.92596,1.92635,1.92596,1.92633,141,8,0
2024-03-21 23:00:00,1.9263400000000002,1.9264999999999999,1.92615,1.92632,222,8,0
2024-03-21 23:05:00,1.92632,1.92642,1.9261300000000001,1.9262000000000001,182,8,0
2024-03-21 23:10:00,1.92621,1.92646,1.92621,1.92624,147,8,0
2024-03-21 23:15:00,1.92624,1.92644,1.92624,1.9263400000000002,161,8,0
2024-03-21 23:20:00,1.9263400000000002,1.92642,1.92611,1.92614,157,8,0
2024-03-21 23:25:00,1.9261599999999999,1.92649,1.92615,1.92644,142,8,0
2024-03-21 23:30:00,1.92641,1.9268,1.9264000000000001,1.92678,160,8,0
2024-03-21 23:35:00,1.92678,1.92687,1.92653,1.92665,163,8,0
2024-03-21 23:40:00,1.92665,1.92665,1.92645,1.92656,147,8,0
2024-03-21 23:45:00,1.92656,1.92693,1.9265400000000001,1.92691,176,8,0
2024-03-21 23:50:00,1.92691,1.92691,1.92664,1.92679,182,8,0
2024-03-21 23:55:00,1.92679,1.9268,1.9264700000000001,1.9265400000000001,175,8,0
2024-03-22 00:00:00,1.9265400000000001,1.9270100000000001,1.92648,1.92664,359,8,0
2024-03-22 00:05:00,1.92664,1.9267699999999999,1.92648,1.92662,295,8,0
2024-03-22 00:10:00,1.92662,1.92692,1.9265400000000001,1.92683,252,8,0
2024-03-22 00:15:00,1.92683,1.9270399999999999,1.92668,1.9268100000000001,415,8,0
2024-03-22 00:20:00,1.9268100000000001,1.92687,1.92656,1.92666,257,8,0
2024-03-22 00:25:00,1.92666,1.92692,1.92662,1.9268800000000001,327,8,0
2024-03-22 00:30:00,1.9268800000000001,1.9271500000000001,1.92678,1.92712,306,8,0
2024-03-22 00:35:00,1.92712,1.92721,1.92679,1.92712,311,8,0
2024-03-22 00:40:00,1.92712,1.92726,1.92703,1.92713,372,8,0
2024-03-22 00:45:00,1.92713,1.9277600000000001,1.9271,1.9274900000000001,389,8,0
2024-03-22 00:50:00,1.9275,1.9276,1.92734,1.9273500000000001,439,8,0
2024-03-22 00:55:00,1.92729,1.92766,1.92721,1.9275600000000002,434,8,0
2024-03-22 01:00:00,1.9275600000000002,1.9279199999999999,1.9275,1.92752,464,8,0
2024-03-22 01:05:00,1.92753,1.92761,1.9271,1.92718,410,8,0
2024-03-22 01:10:00,1.92718,1.92774,1.92712,1.92747,439,8,0
2024-03-22 01:15:00,1.92747,1.92761,1.92723,1.92737,550,8,0
2024-03-22 01:20:00,1.92737,1.9274200000000001,1.9271,1.9273500000000001,371,8,0
2024-03-22 01:25:00,1.9273500000000001,1.9275600000000002,1.9271,1.9273799999999999,535,8,0
2024-03-22 01:30:00,1.92739,1.9277600000000001,1.92736,1.9275799999999998,738,8,0
2024-03-22 01:35:00,1.9275799999999998,1.93049,1.9275799999999998,1.93014,1546,8,0
2024-03-22 01:40:00,1.93014,1.9302899999999998,1.9292,1.9297,1122,8,0
2024-03-22 01:45:00,1.9297,1.9308800000000002,1.92929,1.93084,1098,8,0
2024-03-22 01:50:00,1.93084,1.93171,1.93059,1.93116,1245,8,0
2024-03-22 01:55:00,1.93117,1.93174,1.9308999999999998,1.93164,1059,8,0
2024-03-22 02:00:00,1.93164,1.93272,1.93133,1.9325700000000001,915,8,0
2024-03-22 02:05:00,1.9325700000000001,1.93313,1.93204,1.93245,850,8,0
2024-03-22 02:10:00,1.93245,1.93292,1.93186,1.93274,909,8,0
2024-03-22 02:15:00,1.93274,1.93428,1.93274,1.93401,808,8,0
2024-03-22 02:20:00,1.93401,1.93437,1.93364,1.93428,764,8,0
2024-03-22 02:25:00,1.93428,1.93452,1.93354,1.93419,706,8,0
2024-03-22 02:30:00,1.93419,1.93466,1.93417,1.93437,591,8,0
2024-03-22 02:35:00,1.93437,1.93548,1.93435,1.93547,779,8,0
2024-03-22 02:40:00,1.93547,1.93579,1.93525,1.93567,794,8,0
2024-03-22 02:45:00,1.93566,1.9357199999999999,1.9351,1.93516,751,8,0
2024-03-22 02:50:00,1.93516,1.9354900000000002,1.93506,1.9354200000000001,680,8,0
2024-03-22 02:55:00,1.93543,1.93543,1.93434,1.9344700000000001,723,8,0
2024-03-22 03:00:00,1.9344700000000001,1.93462,1.93415,1.9343599999999999,656,8,0
2024-03-22 03:05:00,1.93437,1.93465,1.9342000000000001,1.93448,389,8,0
2024-03-22 03:10:00,1.93448,1.93493,1.93433,1.93442,466,8,0
2024-03-22 03:15:00,1.93442,1.93446,1.93377,1.93408,381,8,0
2024-03-22 03:20:00,1.9340899999999999,1.93415,1.9333200000000001,1.93337,412,8,0
2024-03-22 03:25:00,1.93337,1.93373,1.93337,1.93356,464,8,0
2024-03-22 03:30:00,1.9335499999999999,1.935,1.9335499999999999,1.93464,746,8,0
2024-03-22 03:35:00,1.93464,1.9348800000000002,1.9345400000000001,1.93471,498,8,0
2024-03-22 03:40:00,1.93471,1.9355799999999999,1.93469,1.93543,477,8,0
2024-03-22 03:45:00,1.93543,1.93591,1.9353500000000001,1.9357,504,8,0
2024-03-22 03:50:00,1.9357,1.9364400000000002,1.9356,1.93636,467,8,0
2024-03-22 03:55:00,1.93636,1.93708,1.9361199999999998,1.93704,691,8,0
2024-03-22 04:00:00,1.93704,1.93751,1.9369800000000001,1.93737,705,8,0
2024-03-22 04:05:00,1.93735,1.93761,1.93713,1.9374799999999999,411,8,0
2024-03-22 04:10:00,1.9374799999999999,1.93803,1.9374,1.9378600000000001,427,8,0
2024-03-22 04:15:00,1.9378600000000001,1.93812,1.93776,1.93784,422,8,0
2024-03-22 04:20:00,1.93784,1.93801,1.93737,1.93751,327,8,0
2024-03-22 04:25:00,1.93751,1.9380600000000001,1.93744,1.9378600000000001,303,8,0
2024-03-22 04:30:00,1.9378600000000001,1.93797,1.9374500000000001,1.9374500000000001,281,8,0
2024-03-22 04:35:00,1.9374500000000001,1.93764,1.93722,1.9372500000000001,276,8,0
2024-03-22 04:40:00,1.9372500000000001,1.9375900000000001,1.93724,1.9374500000000001,320,8,0
2024-03-22 04:45:00,1.9374500000000001,1.93781,1.9374,1.93778,386,8,0
2024-03-22 04:50:00,1.93778,1.9377900000000001,1.9374099999999999,1.93769,337,8,0
2024-03-22 04:55:00,1.93769,1.9378199999999999,1.93746,1.93771,420,8,0
2024-03-22 05:00:00,1.93771,1.93798,1.93716,1.93716,579,8,0
2024-03-22 05:05:00,1.93716,1.9372,1.93688,1.93693,316,8,0
2024-03-22 05:10:00,1.93692,1.937,1.9364599999999998,1.9365,427,8,0
2024-03-22 05:15:00,1.93651,1.93655,1.93568,1.93571,503,8,0
2024-03-22 05:20:00,1.93571,1.93604,1.93566,1.93595,458,8,0
2024-03-22 05:25:00,1.93593,1.93621,1.93587,1.93611,341,8,0
2024-03-22 05:30:00,1.93608,1.93656,1.9358300000000002,1.9359199999999999,571,8,0
2024-03-22 05:35:00,1.9359199999999999,1.93604,1.93525,1.93567,596,8,0
2024-03-22 05:40:00,1.93567,1.93629,1.93553,1.9362599999999999,587,8,0
2024-03-22 05:45:00,1.93629,1.9365,1.93611,1.93629,470,8,0
2024-03-22 05:50:00,1.93629,1.93692,1.93629,1.93689,450,8,0
2024-03-22 05:55:00,1.93689,1.93716,1.93688,1.93693,528,8,0
2024-03-22 06:00:00,1.93693,1.93701,1.93649,1.93681,607,8,0
2024-03-22 06:05:00,1.93682,1.9370500000000002,1.93627,1.93642,459,8,0
2024-03-22 06:10:00,1.93642,1.93652,1.93584,1.93589,548,8,0
2024-03-22 06:15:00,1.93589,1.93597,1.93516,1.93563,475,8,0
2024-03-22 06:20:00,1.93563,1.93586,1.9351500000000001,1.93548,424,8,0
2024-03-22 06:25:00,1.93548,1.93582,1.93525,1.9357799999999998,402,8,0
2024-03-22 06:30:00,1.9357799999999998,1.93647,1.9356200000000001,1.9362300000000001,625,8,0
2024-03-22 06:35:00,1.9362300000000001,1.9363700000000001,1.9356900000000001,1.93598,425,8,0
2024-03-22 06:40:00,1.93598,1.9360300000000001,1.93541,1.93559,491,8,0
2024-03-22 06:45:00,1.93559,1.93629,1.9353,1.9362599999999999,634,8,0
2024-03-22 06:50:00,1.9362599999999999,1.93669,1.93601,1.9361899999999999,590,8,0
2024-03-22 06:55:00,1.9361899999999999,1.93678,1.93581,1.93589,578,8,0
2024-03-22 07:00:00,1.93582,1.9361199999999998,1.93503,1.93556,936,8,0
2024-03-22 07:05:00,1.93556,1.9365,1.9352800000000001,1.93648,747,8,0
2024-03-22 07:10:00,1.9365,1.93693,1.93628,1.93641,653,8,0
2024-03-22 07:15:00,1.93641,1.93659,1.93539,1.93643,727,8,0
2024-03-22 07:20:00,1.9364400000000002,1.93682,1.9362,1.93631,616,8,0
2024-03-22 07:25:00,1.93631,1.93645,1.93574,1.9357799999999998,533,8,0
2024-03-22 07:30:00,1.9357600000000001,1.9359,1.9344000000000001,1.9345599999999998,921,8,0
2024-03-22 07:35:00,1.9345599999999998,1.9348999999999998,1.93384,1.93469,1005,8,0
2024-03-22 07:40:00,1.93469,1.93475,1.93435,1.93465,715,8,0
2024-03-22 07:45:00,1.93465,1.93478,1.93418,1.93464,648,8,0
2024-03-22 07:50:00,1.93464,1.9353099999999999,1.9343,1.9352,869,8,0
2024-03-22 07:55:00,1.9352,1.93521,1.93432,1.9348100000000001,866,8,0
2024-03-22 08:00:00,1.93482,1.93487,1.93324,1.9336,989,8,0
2024-03-22 08:05:00,1.9336,1.9339,1.93312,1.9334099999999999,782,8,0
2024-03-22 08:10:00,1.9334099999999999,1.9335499999999999,1.93228,1.9326400000000001,901,8,0
2024-03-22 08:15:00,1.9326400000000001,1.933,1.93209,1.9326699999999999,770,8,0
2024-03-22 08:20:00,1.9326699999999999,1.93289,1.93214,1.93231,754,8,0
2024-03-22 08:25:00,1.93231,1.9332799999999999,1.93189,1.93327,751,8,0
2024-03-22 08:30:00,1.93327,1.93338,1.93266,1.9328699999999999,693,8,0
2024-03-22 08:35:00,1.93286,1.933,1.9318499999999998,1.93231,747,8,0
2024-03-22 08:40:00,1.93232,1.9330500000000002,1.9319600000000001,1.9329399999999999,695,8,0
2024-03-22 08:45:00,1.93293,1.93362,1.9329,1.93346,421,8,0
2024-03-22 08:50:00,1.93346,1.93346,1.93247,1.93263,474,8,0
2024-03-22 08:55:00,1.93263,1.9327999999999999,1.93204,1.9326699999999999,682,8,0
2024-03-22 09:00:00,1.9327,1.93275,1.9321199999999998,1.9323000000000001,1149,8,0
2024-03-22 09:05:00,1.9323000000000001,1.93297,1.9319,1.9321000000000002,938,8,0
2024-03-22 09:10:00,1.9321000000000002,1.93239,1.93179,1.93202,742,8,0
2024-03-22 09:15:00,1.93202,1.93214,1.9313799999999999,1.9313799999999999,614,8,0
2024-03-22 09:20:00,1.93136,1.93215,1.93112,1.93213,530,8,0
2024-03-22 09:25:00,1.93213,1.93239,1.93168,1.9316900000000001,510,8,0
2024-03-22 09:30:00,1.9316900000000001,1.9316900000000001,1.9312200000000002,1.9313799999999999,558,8,0
2024-03-22 09:35:00,1.9313799999999999,1.93202,1.9312399999999998,1.93195,484,8,0
2024-03-22 09:40:00,1.93195,1.93207,1.93171,1.93188,386,8,0
2024-03-22 09:45:00,1.93188,1.93272,1.93177,1.93272,387,8,0
2024-03-22 09:50:00,1.9327100000000002,1.93282,1.93213,1.93277,619,8,0
2024-03-22 09:55:00,1.93277,1.9329100000000001,1.93243,1.9324400000000002,513,8,0
2024-03-22 10:00:00,1.9324400000000002,1.9324400000000002,1.93146,1.93163,529,8,0
2024-03-22 10:05:00,1.93163,1.9316499999999999,1.93065,1.93099,771,8,0
2024-03-22 10:10:00,1.93098,1.93139,1.93068,1.9311099999999999,621,8,0
2024-03-22 10:15:00,1.9311099999999999,1.9318300000000002,1.93065,1.93174,512,8,0
2024-03-22 10:20:00,1.93173,1.93175,1.93102,1.93109,449,8,0
2024-03-22 10:25:00,1.93109,1.93145,1.93087,1.93114,375,8,0
2024-03-22 10:30:00,1.93114,1.93119,1.93056,1.93079,485,8,0
2024-03-22 10:35:00,1.93079,1.93118,1.93056,1.93086,533,8,0
2024-03-22 10:40:00,1.93084,1.9315099999999998,1.9306299999999998,1.9315,211,8,0
2024-03-22 10:45:00,1.9315,1.93202,1.9315,1.9319,595,8,0
2024-03-22 10:50:00,1.93189,1.93193,1.9314,1.93144,609,8,0
2024-03-22 10:55:00,1.93144,1.93197,1.93126,1.93133,430,8,0
2024-03-22 11:00:00,1.93134,1.9315600000000002,1.93098,1.9315600000000002,416,8,0
2024-03-22 11:05:00,1.93155,1.9316499999999999,1.9310800000000001,1.93125,430,8,0
2024-03-22 11:10:00,1.93125,1.9314200000000001,1.93046,1.9306,682,8,0
2024-03-22 11:15:00,1.9306,1.93066,1.92981,1.93017,897,8,0
2024-03-22 11:20:00,1.93017,1.93094,1.93017,1.9307699999999999,550,8,0
2024-03-22 11:25:00,1.93078,1.93106,1.93066,1.93085,689,8,0
2024-03-22 11:30:00,1.93086,1.9312399999999998,1.93072,1.93107,547,8,0
2024-03-22 11:35:00,1.93107,1.93134,1.93087,1.9310100000000001,508,8,0
2024-03-22 11:40:00,1.931,1.93163,1.93091,1.9313799999999999,513,8,0
2024-03-22 11:45:00,1.9313799999999999,1.93157,1.9310399999999999,1.9315600000000002,580,8,0
2024-03-22 11:50:00,1.9315600000000002,1.93188,1.9313799999999999,1.9317199999999999,678,8,0
2024-03-22 11:55:00,1.93173,1.93232,1.93152,1.93204,549,8,0
2024-03-22 12:00:00,1.93201,1.93241,1.93174,1.93235,777,8,0
2024-03-22 12:05:00,1.93235,1.9333200000000001,1.93231,1.9327100000000002,810,8,0
2024-03-22 12:10:00,1.9327100000000002,1.93323,1.93222,1.93308,1076,8,0
2024-03-22 12:15:00,1.93308,1.93312,1.93255,1.93262,1004,8,0
2024-03-22 12:20:00,1.93262,1.9330699999999998,1.93214,1.93265,1080,8,0
2024-03-22 12:25:00,1.93265,1.9330699999999998,1.93229,1.93297,1061,8,0
2024-03-22 12:30:00,1.93297,1.93398,1.93283,1.93372,905,8,0
2024-03-22 12:35:00,1.93372,1.9338,1.93331,1.93357,769,8,0
2024-03-22 12:40:00,1.93356,1.9339,1.9331800000000001,1.93329,850,8,0
2024-03-22 12:45:00,1.93329,1.9339,1.9332500000000001,1.93381,781,8,0
2024-03-22 12:50:00,1.93384,1.93449,1.93373,1.9341599999999999,987,8,0
2024-03-22 12:55:00,1.9341599999999999,1.93453,1.93407,1.93438,741,8,0
2024-03-22 13:00:00,1.93438,1.93484,1.93418,1.93445,657,8,0
2024-03-22 13:05:00,1.93446,1.93514,1.93446,1.93476,954,8,0
2024-03-22 13:10:00,1.93476,1.935,1.9343599999999999,1.93444,765,8,0
2024-03-22 13:15:00,1.93444,1.9344999999999999,1.93418,1.93444,661,8,0
2024-03-22 13:20:00,1.93444,1.93449,1.9333,1.9333,682,8,0
2024-03-22 13:25:00,1.9333,1.93369,1.93319,1.93358,665,8,0
2024-03-22 13:30:00,1.93358,1.93388,1.93331,1.93381,1108,8,0
2024-03-22 13:35:00,1.93381,1.93381,1.93275,1.93286,1105,8,0
2024-03-22 13:40:00,1.93286,1.93323,1.93239,1.93317,1033,8,0
2024-03-22 13:45:00,1.93317,1.9333399999999998,1.9328400000000001,1.9330500000000002,1083,8,0
2024-03-22 13:50:00,1.9330500000000002,1.9336600000000002,1.93269,1.93364,800,8,0
2024-03-22 13:55:00,1.93364,1.9338199999999999,1.93313,1.93335,733,8,0
2024-03-22 14:00:00,1.93335,1.9333900000000002,1.93232,1.9326400000000001,943,8,0
2024-03-22 14:05:00,1.9326400000000001,1.93308,1.9323700000000001,1.93302,1047,8,0
2024-03-22 14:10:00,1.93302,1.9332500000000001,1.93256,1.9332500000000001,1051,8,0
2024-03-22 14:15:00,1.9332500000000001,1.93337,1.9322,1.93222,909,8,0
2024-03-22 14:20:00,1.9322300000000001,1.93289,1.93204,1.93282,716,8,0
2024-03-22 14:25:00,1.93279,1.9332,1.93245,1.93262,859,8,0
2024-03-22 14:30:00,1.93262,1.93265,1.9321199999999998,1.93221,828,8,0
2024-03-22 14:35:00,1.93221,1.93221,1.9316499999999999,1.93188,809,8,0
2024-03-22 14:40:00,1.93188,1.93263,1.93186,1.93256,866,8,0
2024-03-22 14:45:00,1.93256,1.93324,1.9323299999999999,1.93234,708,8,0
2024-03-22 14:50:00,1.93235,1.93236,1.9316499999999999,1.9319899999999999,723,8,0
2024-03-22 14:55:00,1.932,1.9324599999999998,1.9317,1.93243,724,8,0
2024-03-22 15:00:00,1.9324,1.9328400000000001,1.9320300000000001,1.93207,853,8,0
2024-03-22 15:05:00,1.93207,1.9328699999999999,1.93195,1.93286,804,8,0
2024-03-22 15:10:00,1.93286,1.9328699999999999,1.93224,1.9325299999999999,720,8,0
2024-03-22 15:15:00,1.9325299999999999,1.9329399999999999,1.9324599999999998,1.93283,777,8,0
2024-03-22 15:20:00,1.93283,1.93288,1.93207,1.93214,670,8,0
2024-03-22 15:25:00,1.93214,1.9322599999999999,1.93155,1.9315799999999999,750,8,0
2024-03-22 15:30:00,1.93159,1.93239,1.9315600000000002,1.9322300000000001,673,8,0
2024-03-22 15:35:00,1.9322300000000001,1.93224,1.9316,1.93174,717,8,0
2024-03-22 15:40:00,1.93174,1.93254,1.9316499999999999,1.93229,604,8,0
2024-03-22 15:45:00,1.93228,1.9327299999999998,1.9316499999999999,1.93261,684,8,0
2024-03-22 15:50:00,1.93262,1.9332,1.9321899999999999,1.9329800000000001,817,8,0
2024-03-22 15:55:00,1.9329800000000001,1.9334,1.93263,1.93277,1194,8,0
2024-03-22 16:00:00,1.93272,1.93338,1.93266,1.93319,1200,8,0
2024-03-22 16:05:00,1.93319,1.93374,1.93297,1.9333,700,8,0
2024-03-22 16:10:00,1.93329,1.93353,1.93312,1.9333200000000001,557,8,0
2024-03-22 16:15:00,1.9333200000000001,1.93356,1.93301,1.93323,747,8,0
2024-03-22 16:20:00,1.93323,1.93329,1.9329,1.93296,552,8,0
2024-03-22 16:25:00,1.93296,1.9334,1.93296,1.93331,554,8,0
2024-03-22 16:30:00,1.93331,1.9336600000000002,1.93324,1.93346,483,8,0
2024-03-22 16:35:00,1.93346,1.93351,1.93306,1.93347,589,8,0
2024-03-22 16:40:00,1.93347,1.9335200000000001,1.9329100000000001,1.9329399999999999,614,8,0
2024-03-22 16:45:00,1.9329399999999999,1.93349,1.9327299999999998,1.93335,575,8,0
2024-03-22 16:50:00,1.93333,1.93349,1.9327999999999999,1.93289,648,8,0
2024-03-22 16:55:00,1.93292,1.93302,1.9321899999999999,1.9321899999999999,710,8,0
2024-03-22 17:00:00,1.93216,1.9324599999999998,1.9321000000000002,1.93218,721,8,0
2024-03-22 17:05:00,1.93218,1.93243,1.9317,1.9317199999999999,564,8,0
2024-03-22 17:10:00,1.9317199999999999,1.9318499999999998,1.93147,1.9316200000000001,381,8,0
2024-03-22 17:15:00,1.9316200000000001,1.93174,1.93118,1.93155,420,8,0
2024-03-22 17:20:00,1.93155,1.93194,1.93146,1.9318300000000002,453,8,0
2024-03-22 17:25:00,1.9318300000000002,1.93197,1.93167,1.9317199999999999,398,8,0
2024-03-22 17:30:00,1.9317199999999999,1.93179,1.93129,1.93155,412,8,0
2024-03-22 17:35:00,1.93155,1.93202,1.93139,1.93198,328,8,0
2024-03-22 17:40:00,1.93198,1.93208,1.93174,1.93197,452,8,0
2024-03-22 17:45:00,1.93197,1.93234,1.93186,1.932,416,8,0
2024-03-22 17:50:00,1.932,1.93208,1.93148,1.9316200000000001,290,8,0
2024-03-22 17:55:00,1.93166,1.93182,1.93144,1.93177,354,8,0
2024-03-22 18:00:00,1.93177,1.93182,1.9315600000000002,1.93179,413,8,0
2024-03-22 18:05:00,1.93179,1.93189,1.9315099999999998,1.93163,340,8,0
2024-03-22 18:10:00,1.93163,1.9319600000000001,1.93161,1.9319199999999999,373,8,0
2024-03-22 18:15:00,1.9319199999999999,1.93204,1.93181,1.93194,297,8,0
2024-03-22 18:20:00,1.93194,1.93236,1.9319199999999999,1.93231,333,8,0
2024-03-22 18:25:00,1.9323299999999999,1.93243,1.9321899999999999,1.9323000000000001,294,8,0
2024-03-22 18:30:00,1.9323000000000001,1.9327800000000002,1.93228,1.93258,382,8,0
2024-03-22 18:35:00,1.93258,1.93269,1.9325299999999999,1.93259,329,8,0
2024-03-22 18:40:00,1.93258,1.93276,1.9325700000000001,1.93265,342,8,0
2024-03-22 18:45:00,1.93265,1.93286,1.93262,1.9327800000000002,285,8,0
2024-03-22 18:50:00,1.9327800000000002,1.93296,1.9326699999999999,1.93283,254,8,0
2024-03-22 18:55:00,1.93283,1.93289,1.93251,1.93263,518,8,0
2024-03-22 19:00:00,1.93266,1.93281,1.93258,1.9327800000000002,334,8,0
2024-03-22 19:05:00,1.93277,1.93333,1.93277,1.93301,451,8,0
2024-03-22 19:10:00,1.93301,1.9333,1.93292,1.93329,493,8,0
2024-03-22 19:15:00,1.93329,1.93336,1.93293,1.9330500000000002,459,8,0
2024-03-22 19:20:00,1.9330500000000002,1.9332799999999999,1.93288,1.9332500000000001,404,8,0
2024-03-22 19:25:00,1.9332500000000001,1.93338,1.93308,1.9333200000000001,347,8,0
2024-03-22 19:30:00,1.9333200000000001,1.93351,1.9332,1.93347,327,8,0
2024-03-22 19:35:00,1.93347,1.93354,1.9331399999999999,1.9331399999999999,385,8,0
2024-03-22 19:40:00,1.9331399999999999,1.93333,1.93308,1.9331800000000001,348,8,0
2024-03-22 19:45:00,1.9331800000000001,1.9334,1.9329399999999999,1.93331,363,8,0
2024-03-22 19:50:00,1.93331,1.93364,1.9332500000000001,1.9335900000000001,484,8,0
2024-03-22 19:55:00,1.9335900000000001,1.93391,1.93353,1.9338,487,8,0
2024-03-22 20:00:00,1.93383,1.93391,1.9336600000000002,1.93367,316,8,0
2024-03-22 20:05:00,1.93367,1.9340199999999999,1.93365,1.93394,161,8,0
2024-03-22 20:10:00,1.93394,1.93404,1.93374,1.9339,230,8,0
2024-03-22 20:15:00,1.9339,1.93405,1.9338,1.93394,145,8,0
2024-03-22 20:20:00,1.93394,1.9342000000000001,1.93388,1.93412,203,8,0
2024-03-22 20:25:00,1.93412,1.93419,1.93404,1.93408,258,8,0
2024-03-22 20:30:00,1.93408,1.93459,1.9340199999999999,1.93451,226,8,0
2024-03-22 20:35:00,1.93451,1.93452,1.93431,1.93451,83,8,0
2024-03-22 20:40:00,1.93451,1.93459,1.9342700000000002,1.93438,86,8,0
2024-03-22 20:45:00,1.9343599999999999,1.93444,1.93417,1.93439,232,12,0
2024-03-22 20:50:00,1.93439,1.9344999999999999,1.93376,1.93398,343,13,0
2024-03-24 21:05:00,1.93148,1.9346100000000002,1.93071,1.93408,51,52,0
2024-03-24 21:10:00,1.93408,1.9344999999999999,1.93367,1.93439,50,100,0
2024-03-24 21:15:00,1.93439,1.93464,1.93401,1.9344999999999999,102,81,0
2024-03-24 21:20:00,1.9344999999999999,1.9346299999999998,1.93374,1.93401,99,91,0
2024-03-24 21:25:00,1.93401,1.93405,1.93155,1.93385,66,97,0
2024-03-24 21:30:00,1.93408,1.93469,1.9337900000000001,1.93469,50,52,0
2024-03-24 21:35:00,1.93469,1.93475,1.9343,1.93451,105,63,0
2024-03-24 21:40:00,1.93451,1.93459,1.93326,1.93326,63,46,0
2024-03-24 21:45:00,1.93326,1.9344299999999999,1.93238,1.93412,122,32,0
2024-03-24 21:50:00,1.93412,1.9341599999999999,1.9326400000000001,1.9328400000000001,432,34,0
2024-03-24 21:55:00,1.9327999999999999,1.93392,1.93254,1.93381,295,37,0
2024-03-24 22:00:00,1.93381,1.9341,1.9328400000000001,1.93403,223,8,0
2024-03-24 22:05:00,1.93403,1.93408,1.93377,1.93384,84,12,0
2024-03-24 22:10:00,1.93384,1.93398,1.93381,1.9339499999999998,77,14,0
2024-03-24 22:15:00,1.9339499999999998,1.93398,1.9337900000000001,1.9337900000000001,81,11,0
2024-03-24 22:20:00,1.9337900000000001,1.93381,1.9336600000000002,1.9337,34,14,0
2024-03-24 22:25:00,1.9337,1.9338199999999999,1.93361,1.93361,96,8,0
2024-03-24 22:30:00,1.93358,1.9340899999999999,1.93358,1.93398,141,10,0
2024-03-24 22:35:00,1.93398,1.9340000000000002,1.93363,1.93365,96,8,0
2024-03-24 22:40:00,1.93365,1.93396,1.9336,1.9339300000000001,87,8,0
2024-03-24 22:45:00,1.93392,1.9339300000000001,1.93369,1.9337,118,9,0
2024-03-24 22:50:00,1.93377,1.93378,1.93336,1.93336,191,8,0
2024-03-24 22:55:00,1.9333900000000002,1.93351,1.93302,1.9334099999999999,222,8,0
2024-03-24 23:00:00,1.9334099999999999,1.93377,1.93313,1.93322,361,8,0
2024-03-24 23:05:00,1.9332,1.93327,1.93272,1.93299,254,9,0
2024-03-24 23:10:00,1.93299,1.93329,1.9324400000000002,1.93256,313,8,0
2024-03-24 23:15:00,1.93254,1.93292,1.9325,1.93285,228,8,0
2024-03-24 23:20:00,1.93285,1.9328699999999999,1.93254,1.93275,152,8,0
2024-03-24 23:25:00,1.93275,1.9332500000000001,1.93272,1.93304,165,8,0
2024-03-24 23:30:00,1.93304,1.9332500000000001,1.9327299999999998,1.93303,210,8,0
2024-03-24 23:35:00,1.93303,1.93364,1.93301,1.93356,167,8,0
2024-03-24 23:40:00,1.93356,1.93356,1.9332799999999999,1.93344,180,9,0
2024-03-24 23:45:00,1.93344,1.93347,1.93317,1.9333,180,9,0
2024-03-24 23:50:00,1.93329,1.93336,1.9327999999999999,1.933,214,8,0
2024-03-24 23:55:00,1.933,1.93365,1.933,1.9334099999999999,250,8,0
2024-03-25 00:00:00,1.9334099999999999,1.9334500000000001,1.9326400000000001,1.9326699999999999,501,8,0
2024-03-25 00:05:00,1.9326699999999999,1.93309,1.93235,1.9329399999999999,484,8,0
2024-03-25 00:10:00,1.9329399999999999,1.93322,1.93276,1.9328400000000001,338,8,0
2024-03-25 00:15:00,1.9328400000000001,1.93342,1.9327,1.93323,441,8,0
2024-03-25 00:20:00,1.93323,1.9337,1.93317,1.93354,455,8,0
2024-03-25 00:25:00,1.93353,1.93417,1.9332099999999999,1.9340600000000001,400,8,0
2024-03-25 00:30:00,1.9340600000000001,1.9340899999999999,1.93336,1.9334099999999999,393,8,0
2024-03-25 00:35:00,1.9334099999999999,1.93381,1.93317,1.9334,290,8,0
2024-03-25 00:40:00,1.9334,1.93372,1.93333,1.93342,268,8,0
2024-03-25 00:45:00,1.93335,1.9334799999999999,1.93286,1.93297,474,8,0
2024-03-25 00:50:00,1.93297,1.93315,1.9325999999999999,1.9330500000000002,557,8,0
2024-03-25 00:55:00,1.93303,1.93319,1.93247,1.93247,428,8,0
2024-03-25 01:00:00,1.93247,1.93322,1.9324599999999998,1.93308,645,8,0
2024-03-25 01:05:00,1.93308,1.9332799999999999,1.93265,1.93285,580,8,0
2024-03-25 01:10:00,1.93285,1.93303,1.93239,1.9327100000000002,591,8,0
2024-03-25 01:15:00,1.93268,1.93282,1.92983,1.93238,1566,8,0
2024-03-25 01:20:00,1.93238,1.93238,1.93132,1.93178,1470,8,0
2024-03-25 01:25:00,1.93177,1.93231,1.9310800000000001,1.93117,1113,8,0
2024-03-25 01:30:00,1.93119,1.9319600000000001,1.9310800000000001,1.93187,1588,8,0
2024-03-25 01:35:00,1.9318499999999998,1.93187,1.93064,1.9307699999999999,1422,8,0
2024-03-25 01:40:00,1.9307699999999999,1.93126,1.93044,1.9308100000000001,1236,8,0
2024-03-25 01:45:00,1.9308100000000001,1.93126,1.93062,1.93106,865,8,0
2024-03-25 01:50:00,1.93106,1.93182,1.9310399999999999,1.93139,681,8,0
2024-03-25 01:55:00,1.93139,1.9319600000000001,1.9312399999999998,1.93128,589,8,0
2024-03-25 02:00:00,1.93129,1.93175,1.93066,1.93076,891,8,0
2024-03-25 02:05:00,1.9307400000000001,1.93112,1.9303599999999999,1.93039,824,8,0
2024-03-25 02:10:00,1.9304299999999999,1.93106,1.93042,1.93057,571,8,0
2024-03-25 02:15:00,1.93057,1.93098,1.93055,1.93058,446,8,0
2024-03-25 02:20:00,1.93059,1.9308,1.92974,1.92984,568,8,0
2024-03-25 02:25:00,1.92984,1.9301599999999999,1.92971,1.92981,565,8,0
2024-03-25 02:30:00,1.92981,1.93003,1.9293,1.92931,466,8,0
2024-03-25 02:35:00,1.92931,1.92943,1.92886,1.92908,604,8,0
2024-03-25 02:40:00,1.92908,1.92913,1.92845,1.92859,526,8,0
2024-03-25 02:45:00,1.92858,1.9286400000000001,1.92791,1.92859,761,8,0
2024-03-25 02:50:00,1.92859,1.92879,1.92816,1.92825,659,8,0
2024-03-25 02:55:00,1.92825,1.9287,1.9279899999999999,1.92863,467,8,0
2024-03-25 03:00:00,1.92863,1.9289,1.92856,1.92888,528,8,0
2024-03-25 03:05:00,1.92888,1.92938,1.92886,1.9291800000000001,372,8,0
2024-03-25 03:10:00,1.9291800000000001,1.92958,1.92896,1.92897,374,8,0
2024-03-25 03:15:00,1.92897,1.92923,1.92859,1.92872,380,8,0
2024-03-25 03:20:00,1.92872,1.92904,1.92863,1.92883,380,8,0
2024-03-25 03:25:00,1.92884,1.92999,1.9287999999999998,1.92994,404,8,0
2024-03-25 03:30:00,1.92998,1.9305400000000001,1.92987,1.93042,573,8,0
2024-03-25 03:35:00,1.93042,1.9309500000000002,1.93037,1.93094,518,8,0
2024-03-25 03:40:00,1.93094,1.9317,1.9307699999999999,1.93147,422,8,0
2024-03-25 03:45:00,1.93147,1.93161,1.93058,1.93079,494,8,0
2024-03-25 03:50:00,1.93079,1.93096,1.93066,1.93092,416,8,0
2024-03-25 03:55:00,1.93092,1.93143,1.9308999999999998,1.93126,468,8,0
2024-03-25 04:00:00,1.93126,1.93164,1.93079,1.9308100000000001,436,8,0
2024-03-25 04:05:00,1.9308,1.9309699999999999,1.93049,1.93075,354,8,0
2024-03-25 04:10:00,1.9307400000000001,1.93121,1.93073,1.9311,291,8,0
2024-03-25 04:15:00,1.9311,1.93133,1.9309699999999999,1.93114,260,8,0
2024-03-25 04:20:00,1.93114,1.9313799999999999,1.9310800000000001,1.93123,320,8,0
2024-03-25 04:25:00,1.93123,1.93173,1.93119,1.93128,296,8,0
2024-03-25 04:30:00,1.9313799999999999,1.93173,1.93109,1.93125,279,8,0
2024-03-25 04:35:00,1.93125,1.93143,1.93114,1.93136,162,8,0
2024-03-25 04:40:00,1.93136,1.93146,1.93112,1.93126,230,8,0
2024-03-25 04:45:00,1.93126,1.93136,1.93106,1.93129,199,8,0
2024-03-25 04:50:00,1.93129,1.9316,1.93126,1.9315,247,8,0
2024-03-25 04:55:00,1.9315,1.93153,1.9310399999999999,1.93136,230,8,0
2024-03-25 05:00:00,1.93136,1.93174,1.93121,1.93174,403,8,0
2024-03-25 05:05:00,1.93174,1.93218,1.93163,1.9321700000000002,466,8,0
2024-03-25 05:10:00,1.9321700000000002,1.9323000000000001,1.93167,1.93205,497,8,0
2024-03-25 05:15:00,1.93204,1.93275,1.932,1.93236,374,8,0
2024-03-25 05:20:00,1.93235,1.93258,1.93224,1.93249,362,8,0
2024-03-25 05:25:00,1.93248,1.93275,1.9322599999999999,1.9324599999999998,346,8,0
2024-03-25 05:30:00,1.93243,1.9325700000000001,1.9321700000000002,1.93247,462,8,0
2024-03-25 05:35:00,1.93247,1.93272,1.93245,1.93254,321,8,0
2024-03-25 05:40:00,1.93252,1.9326400000000001,1.93213,1.93238,389,8,0
2024-03-25 05:45:00,1.93239,1.9327,1.93239,1.93249,303,8,0
2024-03-25 05:50:00,1.93249,1.93252,1.93211,1.93228,383,8,0
2024-03-25 05:55:00,1.9323000000000001,1.93297,1.9323000000000001,1.9329399999999999,584,8,0
2024-03-25 06:00:00,1.9329399999999999,1.9330500000000002,1.9325700000000001,1.9329800000000001,574,8,0
2024-03-25 06:05:00,1.93297,1.9333900000000002,1.9326400000000001,1.93338,530,8,0
2024-03-25 06:10:00,1.93338,1.9341300000000001,1.93338,1.93365,385,8,0
2024-03-25 06:15:00,1.93365,1.93392,1.9333200000000001,1.9336,339,8,0
2024-03-25 06:20:00,1.9336,1.93367,1.93337,1.93349,440,8,0
2024-03-25 06:25:00,1.93351,1.93356,1.93288,1.9329399999999999,291,8,0
2024-03-25 06:30:00,1.9329399999999999,1.9331399999999999,1.9327999999999999,1.93308,255,8,0
2024-03-25 06:35:00,1.93308,1.93308,1.9327999999999999,1.93285,155,8,0
2024-03-25 06:40:00,1.93285,1.93315,1.93272,1.93275,260,8,0
2024-03-25 06:45:00,1.93274,1.93292,1.93263,1.93281,190,8,0
2024-03-25 06:50:00,1.93281,1.93323,1.9327299999999998,1.9329100000000001,266,8,0
2024-03-25 06:55:00,1.9329100000000001,1.93319,1.9327999999999999,1.93292,287,8,0
2024-03-25 07:00:00,1.93292,1.9334,1.93275,1.93337,656,8,0
2024-03-25 07:05:00,1.93337,1.93383,1.93306,1.93306,350,8,0
2024-03-25 07:10:00,1.93306,1.93313,1.93259,1.93263,368,8,0
2024-03-25 07:15:00,1.9326400000000001,1.9333,1.93263,1.9327999999999999,430,8,0
2024-03-25 07:20:00,1.9327999999999999,1.93337,1.93256,1.9330500000000002,428,8,0
2024-03-25 07:25:00,1.9330500000000002,1.93312,1.9325700000000001,1.9329,424,8,0
2024-03-25 07:30:00,1.9329,1.93329,1.9325299999999999,1.93266,592,8,0
2024-03-25 07:35:00,1.93266,1.93292,1.93181,1.93194,777,8,0
2024-03-25 07:40:00,1.93193,1.9321000000000002,1.93166,1.93193,673,8,0
2024-03-25 07:45:00,1.93193,1.93198,1.93134,1.93147,529,8,0
2024-03-25 07:50:00,1.93147,1.93259,1.93141,1.93209,688,8,0
2024-03-25 07:55:00,1.93209,1.93245,1.93166,1.9323000000000001,669,8,0
2024-03-25 08:00:00,1.93229,1.93229,1.93152,1.93179,957,8,0
2024-03-25 08:05:00,1.93179,1.93186,1.93069,1.9308800000000002,623,8,0
2024-03-25 08:10:00,1.9308800000000002,1.9314,1.93076,1.9313799999999999,691,8,0
2024-03-25 08:15:00,1.9313799999999999,1.93198,1.93133,1.9315600000000002,561,8,0
2024-03-25 08:20:00,1.9315600000000002,1.9324599999999998,1.93153,1.93241,578,8,0
2024-03-25 08:25:00,1.93241,1.93265,1.93216,1.93225,555,8,0
2024-03-25 08:30:00,1.93225,1.93232,1.93136,1.93145,521,8,0
2024-03-25 08:35:00,1.93145,1.93174,1.9310800000000001,1.93141,667,8,0
2024-03-25 08:40:00,1.9314,1.93152,1.93087,1.93091,607,8,0
2024-03-25 08:45:00,1.93091,1.93133,1.9307699999999999,1.93102,731,8,0
2024-03-25 08:50:00,1.93102,1.93132,1.9310100000000001,1.93132,539,8,0
2024-03-25 08:55:00,1.93132,1.9314200000000001,1.93106,1.93133,748,8,0
2024-03-25 09:00:00,1.93133,1.93182,1.9309699999999999,1.931,791,8,0
2024-03-25 09:05:00,1.93099,1.9315099999999998,1.93094,1.9313799999999999,584,8,0
2024-03-25 09:10:00,1.9313799999999999,1.9316499999999999,1.93114,1.93121,629,8,0
2024-03-25 09:15:00,1.93121,1.9315099999999998,1.93106,1.93123,485,8,0
2024-03-25 09:20:00,1.93123,1.93184,1.93112,1.9317600000000001,388,8,0
2024-03-25 09:25:00,1.9317600000000001,1.9318499999999998,1.9313799999999999,1.9316200000000001,435,8,0
2024-03-25 09:30:00,1.9316200000000001,1.93208,1.93153,1.93198,429,8,0
2024-03-25 09:35:00,1.93198,1.93225,1.93189,1.93197,415,8,0
2024-03-25 09:40:00,1.93197,1.93225,1.93153,1.93181,493,8,0
2024-03-25 09:45:00,1.9318300000000002,1.93186,1.93148,1.93168,498,8,0
2024-03-25 09:50:00,1.93168,1.93228,1.93155,1.93228,505,8,0
2024-03-25 09:55:00,1.93228,1.9327,1.93228,1.93261,409,8,0
2024-03-25 10:00:00,1.93259,1.93293,1.93231,1.93254,519,8,0
2024-03-25 10:05:00,1.93254,1.93255,1.93205,1.93225,395,8,0
2024-03-25 10:10:00,1.93225,1.9329,1.93222,1.93279,393,8,0
2024-03-25 10:15:00,1.93279,1.9328699999999999,1.93197,1.93248,589,8,0
2024-03-25 10:20:00,1.93248,1.93252,1.93178,1.9318499999999998,488,8,0
2024-03-25 10:25:00,1.9318499999999998,1.9322300000000001,1.9318300000000002,1.93207,321,8,0
2024-03-25 10:30:00,1.93209,1.9323700000000001,1.93188,1.93224,533,8,0
2024-03-25 10:35:00,1.93224,1.93249,1.93209,1.93242,342,8,0
2024-03-25 10:40:00,1.93242,1.93252,1.93215,1.93242,333,8,0
2024-03-25 10:45:00,1.93242,1.93312,1.93238,1.93288,397,8,0
2024-03-25 10:50:00,1.93289,1.93292,1.9324,1.9327999999999999,376,8,0
2024-03-25 10:55:00,1.9327999999999999,1.93292,1.93249,1.93274,436,8,0
2024-03-25 11:00:00,1.9327299999999998,1.93283,1.9322599999999999,1.9323700000000001,382,8,0
2024-03-25 11:05:00,1.9323700000000001,1.93335,1.93235,1.93331,378,8,0
2024-03-25 11:10:00,1.93331,1.93344,1.9327100000000002,1.9329,556,8,0
2024-03-25 11:15:00,1.9329,1.93308,1.93252,1.93268,420,8,0
2024-03-25 11:20:00,1.93268,1.93354,1.93265,1.93349,533,8,0
2024-03-25 11:25:00,1.93349,1.93349,1.9326400000000001,1.9329100000000001,588,8,0
2024-03-25 11:30:00,1.9329,1.93367,1.93289,1.93354,450,8,0
2024-03-25 11:35:00,1.93354,1.93374,1.93326,1.93374,584,8,0
2024-03-25 11:40:00,1.93374,1.93374,1.9331800000000001,1.9333900000000002,360,8,0
2024-03-25 11:45:00,1.93342,1.93383,1.9330699999999998,1.93383,486,8,0
2024-03-25 11:50:00,1.93383,1.93479,1.9338,1.9345400000000001,616,8,0
2024-03-25 11:55:00,1.9345400000000001,1.93473,1.93435,1.9344999999999999,451,8,0
2024-03-25 12:00:00,1.9344999999999999,1.93526,1.9344999999999999,1.93491,764,8,0
2024-03-25 12:05:00,1.93491,1.93521,1.93457,1.93472,718,8,0
2024-03-25 12:10:00,1.93472,1.9348,1.93417,1.93441,682,8,0
2024-03-25 12:15:00,1.93441,1.93441,1.93392,1.9342899999999998,568,8,0
2024-03-25 12:20:00,1.93428,1.93441,1.93376,1.93424,522,8,0
2024-03-25 12:25:00,1.93422,1.93452,1.93371,1.93432,521,8,0
2024-03-25 12:30:00,1.9343,1.9343,1.9339,1.93422,591,8,0
2024-03-25 12:35:00,1.93422,1.9343599999999999,1.93399,1.93426,562,8,0
2024-03-25 12:40:00,1.93426,1.93491,1.93401,1.93475,612,8,0
2024-03-25 12:45:00,1.9347400000000001,1.93483,1.93441,1.9344299999999999,536,8,0
2024-03-25 12:50:00,1.9344299999999999,1.93545,1.93438,1.93512,537,8,0
2024-03-25 12:55:00,1.93512,1.93544,1.9346299999999998,1.93469,653,8,0
2024-03-25 13:00:00,1.93469,1.9349699999999999,1.93411,1.93433,828,8,0
2024-03-25 13:05:00,1.93432,1.93486,1.93431,1.93457,517,8,0
2024-03-25 13:10:00,1.93457,1.93483,1.93432,1.93437,482,8,0
2024-03-25 13:15:00,1.93437,1.93438,1.93381,1.9339,426,8,0
2024-03-25 13:20:00,1.9339,1.9339300000000001,1.93347,1.9335200000000001,573,8,0
2024-03-25 13:25:00,1.9335200000000001,1.93417,1.9333399999999998,1.9340899999999999,445,8,0
2024-03-25 13:30:00,1.9340899999999999,1.93412,1.93263,1.93266,973,8,0
2024-03-25 13:35:00,1.93266,1.9327999999999999,1.93225,1.93243,786,8,0
2024-03-25 13:40:00,1.93243,1.93292,1.93232,1.93277,922,8,0
2024-03-25 13:45:00,1.93277,1.9331800000000001,1.93242,1.93277,880,8,0
2024-03-25 13:50:00,1.93276,1.9329100000000001,1.9324400000000002,1.9327,839,8,0
2024-03-25 13:55:00,1.9327,1.93371,1.93243,1.93306,709,8,0
2024-03-25 14:00:00,1.93306,1.9333,1.9325700000000001,1.9327100000000002,958,8,0
2024-03-25 14:05:00,1.93274,1.9332500000000001,1.9327100000000002,1.9332099999999999,991,8,0
2024-03-25 14:10:00,1.9332,1.9332,1.93238,1.9324400000000002,741,8,0
2024-03-25 14:15:00,1.9324400000000002,1.93268,1.93214,1.9323299999999999,572,8,0
2024-03-25 14:20:00,1.9323299999999999,1.93279,1.9321000000000002,1.93243,569,8,0
2024-03-25 14:25:00,1.93243,1.9328400000000001,1.93241,1.93256,643,8,0
2024-03-25 14:30:00,1.93256,1.93336,1.93251,1.93301,746,8,0
2024-03-25 14:35:00,1.93302,1.93367,1.9329399999999999,1.93351,762,8,0
2024-03-25 14:40:00,1.93351,1.93365,1.9332799999999999,1.93338,672,8,0
2024-03-25 14:45:00,1.93336,1.93344,1.93265,1.9327,626,8,0
2024-03-25 14:50:00,1.93269,1.93279,1.93222,1.93245,692,8,0
2024-03-25 14:55:00,1.9324400000000002,1.9329,1.93229,1.93285,638,8,0
2024-03-25 15:00:00,1.93285,1.93358,1.93279,1.9330699999999998,854,8,0
2024-03-25 15:05:00,1.9330699999999998,1.9333900000000002,1.93279,1.9332099999999999,615,8,0
2024-03-25 15:10:00,1.9332099999999999,1.93349,1.9329399999999999,1.9332799999999999,566,8,0
2024-03-25 15:15:00,1.9332799999999999,1.93346,1.93324,1.93336,352,8,0
2024-03-25 15:20:00,1.93336,1.93337,1.9327999999999999,1.9329,600,8,0
2024-03-25 15:25:00,1.9329,1.9332,1.93281,1.93282,504,8,0
2024-03-25 15:30:00,1.93283,1.93327,1.93282,1.93324,474,8,0
2024-03-25 15:35:00,1.93324,1.93344,1.9331800000000001,1.93331,454,8,0
2024-03-25 15:40:00,1.93331,1.9339300000000001,1.93329,1.9339300000000001,337,8,0
2024-03-25 15:45:00,1.93394,1.93432,1.93367,1.93422,401,8,0
2024-03-25 15:50:00,1.93422,1.9343599999999999,1.9338199999999999,1.93407,652,8,0
2024-03-25 15:55:00,1.93407,1.93458,1.93381,1.9343,800,8,0
2024-03-25 16:00:00,1.9343,1.93446,1.9331800000000001,1.93338,859,8,0
2024-03-25 16:05:00,1.9333900000000002,1.93388,1.9332799999999999,1.93387,564,8,0
2024-03-25 16:10:00,1.93387,1.93387,1.9331800000000001,1.9333,542,8,0
2024-03-25 16:15:00,1.9333,1.93353,1.93309,1.93329,470,8,0
2024-03-25 16:20:00,1.93329,1.9334500000000001,1.93299,1.933,446,8,0
2024-03-25 16:25:00,1.933,1.93319,1.9328400000000001,1.93311,556,8,0
2024-03-25 16:30:00,1.93311,1.9335900000000001,1.93311,1.93346,404,8,0
2024-03-25 16:35:00,1.93346,1.93353,1.93313,1.9334,418,8,0
2024-03-25 16:40:00,1.9334,1.9334,1.93319,1.93326,370,8,0
2024-03-25 16:45:00,1.93326,1.93335,1.93313,1.93324,406,8,0
2024-03-25 16:50:00,1.93324,1.93363,1.9332099999999999,1.93329,361,8,0
2024-03-25 16:55:00,1.93329,1.9334099999999999,1.9330500000000002,1.9331399999999999,478,8,0
2024-03-25 17:00:00,1.9331399999999999,1.9336,1.933,1.93329,591,8,0
2024-03-25 17:05:00,1.93329,1.9335499999999999,1.93324,1.9335200000000001,388,8,0
2024-03-25 17:10:00,1.9335200000000001,1.9335200000000001,1.93324,1.93326,492,8,0
2024-03-25 17:15:00,1.93327,1.9334,1.9329800000000001,1.9330699999999998,429,8,0
2024-03-25 17:20:00,1.9330699999999998,1.9333,1.9329399999999999,1.93315,272,8,0
2024-03-25 17:25:00,1.93315,1.93315,1.9327999999999999,1.9329399999999999,304,8,0
2024-03-25 17:30:00,1.9329399999999999,1.93313,1.9328699999999999,1.9330500000000002,247,8,0
2024-03-25 17:35:00,1.9330500000000002,1.93315,1.93288,1.93296,345,8,0
2024-03-25 17:40:00,1.93296,1.93304,1.93283,1.9329800000000001,348,8,0
2024-03-25 17:45:00,1.9329800000000001,1.93303,1.93274,1.93275,347,8,0
2024-03-25 17:50:00,1.93275,1.93292,1.93263,1.93266,357,8,0
2024-03-25 17:55:00,1.93266,1.93301,1.93262,1.9329,391,8,0
2024-03-25 18:00:00,1.9329100000000001,1.93306,1.93261,1.93276,342,8,0
2024-03-25 18:05:00,1.93276,1.9329800000000001,1.93265,1.93268,340,8,0
2024-03-25 18:10:00,1.93268,1.9329,1.93268,1.93279,287,8,0
2024-03-25 18:15:00,1.93279,1.93283,1.93258,1.93269,231,8,0
2024-03-25 18:20:00,1.93269,1.93269,1.93242,1.9325,186,8,0
2024-03-25 18:25:00,1.93249,1.9325999999999999,1.93241,1.93249,322,8,0
2024-03-25 18:30:00,1.93249,1.93283,1.9324400000000002,1.9327100000000002,277,8,0
2024-03-25 18:35:00,1.93272,1.93272,1.9323700000000001,1.9324,330,8,0
2024-03-25 18:40:00,1.9324,1.9325999999999999,1.93239,1.93254,210,8,0
2024-03-25 18:45:00,1.93254,1.93258,1.93235,1.9325700000000001,241,8,0
2024-03-25 18:50:00,1.9325700000000001,1.93277,1.93252,1.93268,221,8,0
2024-03-25 18:55:00,1.93268,1.93286,1.93256,1.9328400000000001,425,8,0
2024-03-25 19:00:00,1.9328400000000001,1.93285,1.9325,1.93259,402,8,0
2024-03-25 19:05:00,1.93259,1.9329800000000001,1.93255,1.9329800000000001,278,8,0
2024-03-25 19:10:00,1.9329800000000001,1.93329,1.93286,1.93326,293,8,0
2024-03-25 19:15:00,1.93326,1.93333,1.93304,1.93323,252,8,0
2024-03-25 19:20:00,1.93323,1.9332799999999999,1.93309,1.9331800000000001,200,8,0
2024-03-25 19:25:00,1.9331800000000001,1.9332,1.93301,1.93316,279,8,0
2024-03-25 19:30:00,1.93317,1.93317,1.93274,1.93274,411,8,0
2024-03-25 19:35:00,1.93275,1.93292,1.9327299999999998,1.9328400000000001,236,8,0
2024-03-25 19:40:00,1.93283,1.9328400000000001,1.9326400000000001,1.9326400000000001,207,8,0
2024-03-25 19:45:00,1.9326400000000001,1.9328699999999999,1.9325999999999999,1.9327999999999999,154,8,0
2024-03-25 19:50:00,1.9327999999999999,1.93309,1.93277,1.93302,211,8,0
2024-03-25 19:55:00,1.93302,1.93317,1.93297,1.9330699999999998,348,8,0
2024-03-25 20:00:00,1.9330699999999998,1.93308,1.9329100000000001,1.9329100000000001,181,8,0
2024-03-25 20:05:00,1.9329100000000001,1.93306,1.93283,1.93288,55,8,0
2024-03-25 20:10:00,1.93288,1.93293,1.93285,1.93292,34,8,0
2024-03-25 20:15:00,1.93292,1.9330500000000002,1.93286,1.93303,92,8,0
2024-03-25 20:20:00,1.93303,1.93304,1.93285,1.93285,73,8,0
2024-03-25 20:25:00,1.93285,1.93288,1.93262,1.93262,112,8,0
2024-03-25 20:30:00,1.93262,1.93262,1.93236,1.93239,134,8,0
2024-03-25 20:35:00,1.93241,1.93248,1.9322599999999999,1.93234,112,8,0
2024-03-25 20:40:00,1.93234,1.93266,1.93232,1.93263,207,8,0
2024-03-25 20:45:00,1.93265,1.93269,1.9323700000000001,1.93241,119,8,0
2024-03-25 20:50:00,1.93241,1.93247,1.9323299999999999,1.93243,154,11,0
2024-03-25 20:55:00,1.93243,1.93259,1.9318499999999998,1.93216,322,8,0
2024-03-25 21:00:00,1.93216,1.93216,1.92938,1.93213,24,29,0
2024-03-25 21:05:00,1.93213,1.93213,1.93173,1.93213,15,68,0
2024-03-25 21:10:00,1.9322,1.93247,1.93207,1.93216,64,53,0
2024-03-25 21:15:00,1.93213,1.93275,1.93213,1.93213,97,60,0
2024-03-25 21:20:00,1.93213,1.9327999999999999,1.9319,1.9322300000000001,56,8,0
2024-03-25 21:25:00,1.9322300000000001,1.9329,1.93125,1.93197,133,38,0
2024-03-25 21:30:00,1.93201,1.93249,1.93153,1.9323299999999999,169,48,0
2024-03-25 21:35:00,1.9323000000000001,1.93282,1.93228,1.93254,379,37,0
2024-03-25 21:40:00,1.93254,1.93279,1.93214,1.9324,649,24,0
2024-03-25 21:45:00,1.9324,1.9325999999999999,1.93215,1.93248,330,23,0
2024-03-25 21:50:00,1.93248,1.93258,1.93198,1.9322300000000001,453,22,0
2024-03-25 21:55:00,1.93222,1.93236,1.93204,1.9321199999999998,241,23,0
2024-03-25 22:00:00,1.93215,1.9322599999999999,1.93145,1.93207,137,13,0
2024-03-25 22:05:00,1.93207,1.9325700000000001,1.93201,1.93252,41,8,0
2024-03-25 22:10:00,1.93252,1.93252,1.9321199999999998,1.93215,83,8,0
2024-03-25 22:15:00,1.93215,1.93241,1.93208,1.9324,117,8,0
2024-03-25 22:20:00,1.9324,1.93241,1.9321899999999999,1.9324,145,8,0
2024-03-25 22:25:00,1.9324,1.93245,1.93227,1.93241,65,8,0
2024-03-25 22:30:00,1.93241,1.9325299999999999,1.93238,1.9325,71,8,0
2024-03-25 22:35:00,1.93249,1.93259,1.9324,1.93248,129,8,0
2024-03-25 22:40:00,1.93248,1.9325299999999999,1.93234,1.9324599999999998,117,8,0
2024-03-25 22:45:00,1.9324599999999998,1.9327,1.93241,1.93263,53,8,0
2024-03-25 22:50:00,1.93263,1.9327100000000002,1.93243,1.93245,73,8,0
2024-03-25 22:55:00,1.93243,1.93277,1.9324,1.9325999999999999,139,8,0
2024-03-25 23:00:00,1.9325999999999999,1.93277,1.93249,1.9325999999999999,195,8,0
2024-03-25 23:05:00,1.9325999999999999,1.93266,1.9325299999999999,1.93262,103,8,0
2024-03-25 23:10:00,1.93262,1.9328699999999999,1.9325700000000001,1.93266,206,8,0
2024-03-25 23:15:00,1.9326699999999999,1.93315,1.9326699999999999,1.9329800000000001,112,8,0
2024-03-25 23:20:00,1.9329800000000001,1.93313,1.9327100000000002,1.93312,164,8,0
2024-03-25 23:25:00,1.93312,1.93313,1.93283,1.93285,123,8,0
2024-03-25 23:30:00,1.93283,1.9331399999999999,1.9327800000000002,1.93311,119,8,0
2024-03-25 23:35:00,1.93311,1.93322,1.93306,1.93311,111,8,0
2024-03-25 23:40:00,1.93311,1.9332099999999999,1.93269,1.93275,136,8,0
2024-03-25 23:45:00,1.93274,1.9328699999999999,1.93266,1.93281,92,8,0
2024-03-25 23:50:00,1.93281,1.9329800000000001,1.9326699999999999,1.9327,165,8,0
2024-03-25 23:55:00,1.9327,1.93277,1.93256,1.9327100000000002,135,8,0
2024-03-26 00:00:00,1.9327100000000002,1.9327100000000002,1.93222,1.93239,339,8,0
2024-03-26 00:05:00,1.93239,1.9328400000000001,1.93228,1.93261,329,8,0
2024-03-26 00:10:00,1.9325999999999999,1.93261,1.93232,1.93251,156,8,0
2024-03-26 00:15:00,1.93251,1.93303,1.93241,1.9327999999999999,278,8,0
2024-03-26 00:20:00,1.9327999999999999,1.93289,1.93215,1.9324400000000002,273,8,0
2024-03-26 00:25:00,1.9324400000000002,1.93261,1.9322599999999999,1.93255,322,8,0
2024-03-26 00:30:00,1.93255,1.93293,1.93254,1.93283,218,8,0
2024-03-26 00:35:00,1.93283,1.93306,1.93276,1.9328400000000001,214,8,0
2024-03-26 00:40:00,1.9328400000000001,1.93293,1.93234,1.93268,437,8,0
2024-03-26 00:45:00,1.93268,1.9328699999999999,1.93202,1.93207,379,8,0
2024-03-26 00:50:00,1.93207,1.93238,1.9318499999999998,1.93188,420,8,0
2024-03-26 00:55:00,1.93189,1.9324400000000002,1.93182,1.9320300000000001,431,8,0
2024-03-26 01:00:00,1.9320300000000001,1.93235,1.9315600000000002,1.932,553,8,0
2024-03-26 01:05:00,1.93198,1.9323000000000001,1.93171,1.93178,527,8,0
2024-03-26 01:10:00,1.93178,1.93184,1.93106,1.93117,469,8,0
2024-03-26 01:15:00,1.93117,1.93118,1.92996,1.93006,1291,8,0
2024-03-26 01:20:00,1.93006,1.93049,1.92933,1.9298899999999999,1034,8,0
2024-03-26 01:25:00,1.9298899999999999,1.93024,1.92972,1.9298899999999999,840,8,0
2024-03-26 01:30:00,1.9298899999999999,1.93056,1.92965,1.93021,1255,8,0
2024-03-26 01:35:00,1.93022,1.93049,1.92983,1.93014,866,8,0
2024-03-26 01:40:00,1.93014,1.93062,1.93012,1.93026,666,8,0
2024-03-26 01:45:00,1.93026,1.9308800000000002,1.93017,1.93083,706,8,0
2024-03-26 01:50:00,1.93083,1.9309500000000002,1.93041,1.93044,552,8,0
2024-03-26 01:55:00,1.93044,1.93075,1.93038,1.93069,571,8,0
2024-03-26 02:00:00,1.93069,1.93126,1.93066,1.93089,619,8,0
2024-03-26 02:05:00,1.93089,1.93112,1.93051,1.9306100000000002,475,8,0
2024-03-26 02:10:00,1.9306100000000002,1.9307699999999999,1.93035,1.93049,457,8,0
2024-03-26 02:15:00,1.93049,1.9308100000000001,1.9301300000000001,1.9308,519,8,0
2024-03-26 02:20:00,1.9308,1.93094,1.93003,1.93014,508,8,0
2024-03-26 02:25:00,1.93014,1.93064,1.9301300000000001,1.93034,423,8,0
2024-03-26 02:30:00,1.93034,1.9309699999999999,1.93017,1.9306999999999999,488,8,0
2024-03-26 02:35:00,1.9306999999999999,1.9306999999999999,1.93011,1.9301300000000001,481,8,0
2024-03-26 02:40:00,1.9301300000000001,1.93066,1.9300000000000002,1.93014,436,8,0
2024-03-26 02:45:00,1.93014,1.93039,1.9298899999999999,1.93003,524,8,0
2024-03-26 02:50:00,1.93003,1.93119,1.93001,1.93113,488,8,0
2024-03-26 02:55:00,1.93113,1.93153,1.93106,1.9312200000000002,501,8,0
2024-03-26 03:00:00,1.9312200000000002,1.93143,1.93084,1.93105,504,8,0
2024-03-26 03:05:00,1.93105,1.9313099999999999,1.93064,1.93076,521,8,0
2024-03-26 03:10:00,1.93076,1.9322,1.93066,1.93204,665,8,0
2024-03-26 03:15:00,1.93205,1.93216,1.9316900000000001,1.93189,532,8,0
2024-03-26 03:20:00,1.93189,1.93221,1.93171,1.93221,432,8,0
2024-03-26 03:25:00,1.93222,1.9323700000000001,1.9320300000000001,1.93232,322,8,0
2024-03-26 03:30:00,1.93232,1.93306,1.9322300000000001,1.9330500000000002,480,8,0
2024-03-26 03:35:00,1.9330500000000002,1.93376,1.93292,1.9337499999999999,468,8,0
2024-03-26 03:40:00,1.9337499999999999,1.93392,1.93337,1.93353,531,8,0
2024-03-26 03:45:00,1.93353,1.9338600000000001,1.93335,1.9336600000000002,385,8,0
2024-03-26 03:50:00,1.9336600000000002,1.93411,1.93364,1.9340199999999999,298,8,0
2024-03-26 03:55:00,1.93403,1.9346,1.93385,1.93391,330,8,0
2024-03-26 04:00:00,1.93391,1.93434,1.93385,1.9342000000000001,360,8,0
2024-03-26 04:05:00,1.9342000000000001,1.9342899999999998,1.93384,1.93387,305,8,0
2024-03-26 04:10:00,1.93387,1.9339300000000001,1.93344,1.93347,342,8,0
2024-03-26 04:15:00,1.93347,1.93381,1.93346,1.93358,241,8,0
2024-03-26 04:20:00,1.93358,1.9337499999999999,1.93337,1.9336,296,8,0
2024-03-26 04:25:00,1.93358,1.9336,1.93289,1.93293,323,8,0
2024-03-26 04:30:00,1.93293,1.9331800000000001,1.93274,1.93312,297,8,0
2024-03-26 04:35:00,1.93312,1.93324,1.93296,1.9332099999999999,231,8,0
2024-03-26 04:40:00,1.9331800000000001,1.9335900000000001,1.93313,1.93358,378,8,0
2024-03-26 04:45:00,1.93358,1.93362,1.93346,1.93349,278,8,0
2024-03-26 04:50:00,1.93349,1.93358,1.9333399999999998,1.93344,235,8,0
2024-03-26 04:55:00,1.93344,1.93363,1.9332,1.9335499999999999,305,8,0
2024-03-26 05:00:00,1.9335499999999999,1.9337900000000001,1.93336,1.9335,440,8,0
2024-03-26 05:05:00,1.93349,1.9335,1.93299,1.93326,469,8,0
2024-03-26 05:10:00,1.93326,1.9335900000000001,1.9326400000000001,1.9327100000000002,393,8,0
2024-03-26 05:15:00,1.9327100000000002,1.93304,1.9326699999999999,1.93301,271,8,0
2024-03-26 05:20:00,1.93301,1.9332500000000001,1.93288,1.93313,238,8,0
2024-03-26 05:25:00,1.93313,1.93329,1.9329100000000001,1.93304,394,8,0
2024-03-26 05:30:00,1.93303,1.9334,1.93285,1.93338,660,8,0
2024-03-26 05:35:00,1.93338,1.93361,1.93306,1.9334500000000001,437,8,0
2024-03-26 05:40:00,1.9334500000000001,1.93364,1.9332,1.9334,379,8,0
2024-03-26 05:45:00,1.9334,1.93356,1.93319,1.9333200000000001,398,8,0
2024-03-26 05:50:00,1.9333200000000001,1.9335,1.93286,1.9331399999999999,308,8,0
2024-03-26 05:55:00,1.93315,1.93377,1.93313,1.93373,535,8,0
2024-03-26 06:00:00,1.93373,1.93374,1.93333,1.9335200000000001,307,8,0
2024-03-26 06:05:00,1.9335200000000001,1.9335200000000001,1.9330699999999998,1.93327,330,8,0
2024-03-26 06:10:00,1.93327,1.9337,1.93322,1.93351,361,8,0
2024-03-26 06:15:00,1.93351,1.9338,1.93344,1.93364,382,8,0
2024-03-26 06:20:00,1.93364,1.9338,1.93329,1.93337,353,8,0
2024-03-26 06:25:00,1.93337,1.93343,1.93288,1.9329800000000001,339,8,0
2024-03-26 06:30:00,1.9329800000000001,1.9336600000000002,1.93286,1.93347,602,8,0
2024-03-26 06:35:00,1.93347,1.93365,1.9332500000000001,1.93343,324,8,0
2024-03-26 06:40:00,1.93343,1.93403,1.93342,1.9338899999999999,279,8,0
2024-03-26 06:45:00,1.9338899999999999,1.93397,1.9335,1.93356,350,8,0
2024-03-26 06:50:00,1.93358,1.93391,1.93358,1.93367,420,8,0
2024-03-26 06:55:00,1.93367,1.93374,1.9333,1.93338,421,8,0
2024-03-26 07:00:00,1.9334,1.93347,1.93286,1.9333399999999998,637,8,0
2024-03-26 07:05:00,1.9333399999999998,1.9333900000000002,1.93281,1.93289,377,8,0
2024-03-26 07:10:00,1.93289,1.93331,1.9327,1.93313,342,8,0
2024-03-26 07:15:00,1.93315,1.9335499999999999,1.93297,1.93353,296,8,0
2024-03-26 07:20:00,1.93353,1.9337499999999999,1.93299,1.93329,399,8,0
2024-03-26 07:25:00,1.93329,1.9338600000000001,1.93324,1.9333399999999998,439,8,0
2024-03-26 07:30:00,1.9333399999999998,1.93338,1.93277,1.93338,506,8,0
2024-03-26 07:35:00,1.93338,1.93446,1.93338,1.93437,439,8,0
2024-03-26 07:40:00,1.93437,1.93462,1.93412,1.93423,533,8,0
2024-03-26 07:45:00,1.93424,1.935,1.93424,1.93468,481,8,0
2024-03-26 07:50:00,1.93468,1.93492,1.9343599999999999,1.93448,481,8,0
2024-03-26 07:55:00,1.93448,1.9347400000000001,1.93432,1.93453,703,8,0
2024-03-26 08:00:00,1.93451,1.93484,1.93421,1.9344000000000001,879,8,0
2024-03-26 08:05:00,1.93441,1.93453,1.93351,1.9336,598,8,0
2024-03-26 08:10:00,1.93361,1.93421,1.93361,1.93372,627,8,0
2024-03-26 08:15:00,1.93372,1.93439,1.93354,1.9340899999999999,449,8,0
2024-03-26 08:20:00,1.9340899999999999,1.93432,1.93381,1.93392,439,8,0
2024-03-26 08:25:00,1.93394,1.93401,1.93362,1.93385,577,8,0
2024-03-26 08:30:00,1.93385,1.9341599999999999,1.9336600000000002,1.9341599999999999,762,8,0
2024-03-26 08:35:00,1.9341599999999999,1.93441,1.9339499999999998,1.93399,491,8,0
2024-03-26 08:40:00,1.93397,1.93417,1.9337900000000001,1.93397,612,8,0
2024-03-26 08:45:00,1.93397,1.93397,1.93336,1.93349,408,8,0
2024-03-26 08:50:00,1.93349,1.93374,1.9331,1.93311,515,8,0
2024-03-26 08:55:00,1.93311,1.9339300000000001,1.93311,1.93326,343,8,0
2024-03-26 09:00:00,1.93326,1.9333,1.93249,1.93254,625,8,0
2024-03-26 09:05:00,1.93255,1.93301,1.93184,1.9324400000000002,946,8,0
2024-03-26 09:10:00,1.9324400000000002,1.9329800000000001,1.93201,1.93252,765,8,0
2024-03-26 09:15:00,1.93252,1.9328699999999999,1.9322599999999999,1.93276,467,8,0
2024-03-26 09:20:00,1.93276,1.9327999999999999,1.93234,1.9325299999999999,561,8,0
2024-03-26 09:25:00,1.93252,1.9326699999999999,1.93218,1.93229,550,8,0
2024-03-26 09:30:00,1.93229,1.9323700000000001,1.93136,1.9314900000000002,723,8,0
2024-03-26 09:35:00,1.9314900000000002,1.93157,1.93103,1.93123,550,8,0
2024-03-26 09:40:00,1.93123,1.93145,1.93096,1.93126,681,8,0
2024-03-26 09:45:00,1.93126,1.93144,1.93105,1.9313,607,8,0
2024-03-26 09:50:00,1.9313,1.93152,1.93112,1.93127,547,8,0
2024-03-26 09:55:00,1.93127,1.93164,1.93112,1.93127,680,8,0
2024-03-26 10:00:00,1.93127,1.93163,1.9311,1.93144,606,8,0
2024-03-26 10:05:00,1.93144,1.9321700000000002,1.93144,1.9318300000000002,467,8,0
2024-03-26 10:10:00,1.93184,1.93208,1.93145,1.93197,570,8,0
2024-03-26 10:15:00,1.93198,1.93208,1.93117,1.93121,481,8,0
2024-03-26 10:20:00,1.93121,1.93134,1.93089,1.93117,436,8,0
2024-03-26 10:25:00,1.93117,1.9314,1.93076,1.93098,498,8,0
2024-03-26 10:30:00,1.93096,1.9315,1.93087,1.93134,530,8,0
2024-03-26 10:35:00,1.93134,1.93137,1.93056,1.93062,389,8,0
2024-03-26 10:40:00,1.93062,1.93076,1.93039,1.9305400000000001,498,8,0
2024-03-26 10:45:00,1.9305400000000001,1.9309500000000002,1.93041,1.93055,402,8,0
2024-03-26 10:50:00,1.93055,1.93096,1.93021,1.93096,571,8,0
2024-03-26 10:55:00,1.93096,1.93105,1.93037,1.93037,545,8,0
2024-03-26 11:00:00,1.93037,1.93068,1.93014,1.93064,565,8,0
2024-03-26 11:05:00,1.93064,1.9308999999999998,1.93037,1.93079,464,8,0
2024-03-26 11:10:00,1.93079,1.9308100000000001,1.9300899999999999,1.93018,454,8,0
2024-03-26 11:15:00,1.93018,1.93049,1.9301,1.9301,499,8,0
2024-03-26 11:20:00,1.9301,1.93059,1.9301,1.93057,472,8,0
2024-03-26 11:25:00,1.93057,1.93069,1.93031,1.93052,460,8,0
2024-03-26 11:30:00,1.93052,1.93132,1.93046,1.93125,531,8,0
2024-03-26 11:35:00,1.93125,1.9314900000000002,1.93096,1.93096,424,8,0
2024-03-26 11:40:00,1.93096,1.93133,1.93075,1.93105,435,8,0
2024-03-26 11:45:00,1.93105,1.9318300000000002,1.93105,1.9317,566,8,0
2024-03-26 11:50:00,1.9317,1.9318300000000002,1.93125,1.93127,446,8,0
2024-03-26 11:55:00,1.93127,1.93133,1.9304999999999999,1.9308,760,8,0
2024-03-26 12:00:00,1.9308,1.93102,1.9306100000000002,1.93098,705,8,0
2024-03-26 12:05:00,1.93099,1.93159,1.9308100000000001,1.9315099999999998,403,8,0
2024-03-26 12:10:00,1.93152,1.93157,1.9312,1.93147,453,8,0
2024-03-26 12:15:00,1.93147,1.93148,1.9307400000000001,1.93076,472,8,0
2024-03-26 12:20:00,1.93075,1.93092,1.93053,1.9307699999999999,806,8,0
2024-03-26 12:25:00,1.9307699999999999,1.93096,1.93058,1.93079,586,8,0
2024-03-26 12:30:00,1.93073,1.9313,1.93064,1.9311099999999999,829,8,0
2024-03-26 12:35:00,1.9310800000000001,1.9315099999999998,1.9310800000000001,1.9312399999999998,771,8,0
2024-03-26 12:40:00,1.93125,1.9318,1.93096,1.93106,911,8,0
2024-03-26 12:45:00,1.93106,1.93127,1.9305400000000001,1.93062,735,8,0
2024-03-26 12:50:00,1.93062,1.93067,1.9302899999999998,1.93055,756,8,0
2024-03-26 12:55:00,1.93055,1.9308800000000002,1.93012,1.93012,641,8,0
2024-03-26 13:00:00,1.93012,1.9306,1.9301,1.93046,833,8,0
2024-03-26 13:05:00,1.93045,1.93084,1.93028,1.93067,828,8,0
2024-03-26 13:10:00,1.93067,1.9306999999999999,1.93021,1.9305400000000001,581,8,0
2024-03-26 13:15:00,1.9305400000000001,1.93069,1.9301599999999999,1.93018,682,8,0
2024-03-26 13:20:00,1.93018,1.9304999999999999,1.92987,1.93003,667,8,0
2024-03-26 13:25:00,1.93003,1.93014,1.92963,1.92994,651,8,0
2024-03-26 13:30:00,1.92994,1.93056,1.92988,1.9304700000000001,934,8,0
2024-03-26 13:35:00,1.9304700000000001,1.93132,1.93037,1.9313,767,8,0
2024-03-26 13:40:00,1.9313,1.93207,1.93129,1.93174,979,8,0
2024-03-26 13:45:00,1.93174,1.93182,1.93106,1.93112,998,8,0
2024-03-26 13:50:00,1.93112,1.93137,1.9307699999999999,1.93092,738,8,0
2024-03-26 13:55:00,1.93092,1.93173,1.93087,1.9314900000000002,533,8,0
2024-03-26 14:00:00,1.93154,1.93177,1.93064,1.93066,1015,8,0
2024-03-26 14:05:00,1.93066,1.93105,1.93049,1.9306299999999998,1078,8,0
2024-03-26 14:10:00,1.9306299999999998,1.93137,1.9306,1.93132,823,8,0
2024-03-26 14:15:00,1.93132,1.9317600000000001,1.93128,1.9317,834,8,0
2024-03-26 14:20:00,1.93168,1.93239,1.93118,1.9322300000000001,720,8,0
2024-03-26 14:25:00,1.93222,1.93236,1.93175,1.93201,1050,8,0
2024-03-26 14:30:00,1.93201,1.93266,1.9318,1.9322,1051,8,0
2024-03-26 14:35:00,1.9322,1.93255,1.93188,1.93215,766,8,0
2024-03-26 14:40:00,1.93214,1.93317,1.93214,1.9328400000000001,697,8,0
2024-03-26 14:45:00,1.93286,1.93317,1.9327100000000002,1.9329100000000001,877,8,0
2024-03-26 14:50:00,1.9329100000000001,1.9329100000000001,1.93249,1.93283,577,8,0
2024-03-26 14:55:00,1.9327999999999999,1.93299,1.93236,1.93255,788,8,0
2024-03-26 15:00:00,1.93255,1.93266,1.93201,1.93204,770,8,0
2024-03-26 15:05:00,1.93204,1.9321700000000002,1.93184,1.93184,599,8,0
2024-03-26 15:10:00,1.93184,1.9321700000000002,1.93164,1.93204,491,8,0
2024-03-26 15:15:00,1.93204,1.93228,1.9317600000000001,1.9319199999999999,578,8,0
2024-03-26 15:20:00,1.9319199999999999,1.93239,1.9319199999999999,1.93228,530,8,0
2024-03-26 15:25:00,1.93228,1.93255,1.93207,1.93228,567,8,0
2024-03-26 15:30:00,1.9323000000000001,1.9325700000000001,1.93214,1.9325,615,8,0
2024-03-26 15:35:00,1.9325,1.93263,1.93218,1.93258,685,8,0
2024-03-26 15:40:00,1.93258,1.9334500000000001,1.93258,1.93302,771,8,0
2024-03-26 15:45:00,1.93302,1.9331399999999999,1.9326400000000001,1.93304,905,8,0
2024-03-26 15:50:00,1.9330500000000002,1.9330500000000002,1.93231,1.9325700000000001,1002,8,0
2024-03-26 15:55:00,1.9325700000000001,1.9325700000000001,1.93157,1.93202,1540,8,0
2024-03-26 16:00:00,1.9320300000000001,1.93261,1.93178,1.9323299999999999,1278,8,0
2024-03-26 16:05:00,1.93234,1.9323700000000001,1.93173,1.93188,771,8,0
2024-03-26 16:10:00,1.93188,1.93205,1.93159,1.93188,642,8,0
2024-03-26 16:15:00,1.93188,1.93214,1.9316,1.93205,630,8,0
2024-03-26 16:20:00,1.93205,1.9320599999999999,1.9314,1.9316200000000001,655,8,0
2024-03-26 16:25:00,1.9316200000000001,1.9319899999999999,1.93152,1.93189,527,8,0
2024-03-26 16:30:00,1.93189,1.93216,1.93173,1.93205,549,8,0
2024-03-26 16:35:00,1.93205,1.93243,1.93198,1.93228,430,8,0
2024-03-26 16:40:00,1.93228,1.93241,1.93214,1.9322599999999999,393,8,0
2024-03-26 16:45:00,1.9322599999999999,1.93229,1.93179,1.93195,577,8,0
2024-03-26 16:50:00,1.9319600000000001,1.932,1.9317199999999999,1.93189,679,8,0
2024-03-26 16:55:00,1.93189,1.93209,1.93175,1.9319600000000001,778,8,0
2024-03-26 17:00:00,1.9319600000000001,1.93232,1.9318,1.93197,908,8,0
2024-03-26 17:05:00,1.93197,1.9321199999999998,1.93173,1.9318300000000002,431,8,0
2024-03-26 17:10:00,1.93184,1.93198,1.93159,1.93195,367,8,0
2024-03-26 17:15:00,1.93195,1.93215,1.93179,1.93182,360,8,0
2024-03-26 17:20:00,1.93182,1.93207,1.93177,1.93207,302,8,0
2024-03-26 17:25:00,1.93207,1.9322,1.93197,1.9321899999999999,215,8,0
2024-03-26 17:30:00,1.9321899999999999,1.93231,1.9319,1.93225,286,8,0
2024-03-26 17:35:00,1.93225,1.93229,1.93208,1.93216,250,8,0
2024-03-26 17:40:00,1.93216,1.9323000000000001,1.93211,1.9322,277,8,0
2024-03-26 17:45:00,1.9322,1.93231,1.93211,1.9321899999999999,270,8,0
2024-03-26 17:50:00,1.9321899999999999,1.93241,1.9320300000000001,1.93207,295,8,0
2024-03-26 17:55:00,1.93207,1.9327,1.932,1.93252,430,8,0
2024-03-26 18:00:00,1.93252,1.9327,1.9324,1.93249,298,8,0
2024-03-26 18:05:00,1.93249,1.93288,1.9323299999999999,1.9325,261,8,0
2024-03-26 18:10:00,1.9325,1.9328699999999999,1.93239,1.93283,353,8,0
2024-03-26 18:15:00,1.93283,1.93285,1.93238,1.93247,249,8,0
2024-03-26 18:20:00,1.93247,1.9325700000000001,1.93231,1.93242,187,8,0
2024-03-26 18:25:00,1.93242,1.93251,1.9322599999999999,1.9323299999999999,332,8,0
2024-03-26 18:30:00,1.9323299999999999,1.9324,1.9321000000000002,1.9323299999999999,208,8,0
2024-03-26 18:35:00,1.9323299999999999,1.9324599999999998,1.93225,1.93243,370,8,0
2024-03-26 18:40:00,1.93243,1.9326400000000001,1.93241,1.93259,356,8,0
2024-03-26 18:45:00,1.93259,1.93277,1.93254,1.93268,323,8,0
2024-03-26 18:50:00,1.93268,1.9327999999999999,1.9324400000000002,1.93247,272,8,0
2024-03-26 18:55:00,1.93247,1.93277,1.93247,1.93261,345,8,0
2024-03-26 19:00:00,1.93259,1.93274,1.93249,1.9326400000000001,293,8,0
2024-03-26 19:05:00,1.9326400000000001,1.93285,1.93263,1.9327299999999998,267,8,0
2024-03-26 19:10:00,1.9327299999999998,1.9329399999999999,1.9325999999999999,1.9327999999999999,305,8,0
2024-03-26 19:15:00,1.9327999999999999,1.9329800000000001,1.93258,1.93258,351,8,0
2024-03-26 19:20:00,1.93258,1.93302,1.93255,1.93285,327,8,0
2024-03-26 19:25:00,1.93285,1.93293,1.93251,1.93279,434,8,0
2024-03-26 19:30:00,1.93279,1.9328699999999999,1.93258,1.9327100000000002,415,8,0
2024-03-26 19:35:00,1.9327100000000002,1.93288,1.93259,1.93276,295,8,0
2024-03-26 19:40:00,1.93277,1.93288,1.93251,1.9328400000000001,383,8,0
2024-03-26 19:45:00,1.9328400000000001,1.93299,1.93261,1.93261,370,8,0
2024-03-26 19:50:00,1.93261,1.93286,1.93261,1.93279,462,8,0
2024-03-26 19:55:00,1.93279,1.93308,1.93274,1.93289,470,8,0
2024-03-26 20:00:00,1.93289,1.93303,1.9327100000000002,1.93285,220,8,0
2024-03-26 20:05:00,1.93285,1.93297,1.93281,1.9329100000000001,108,8,0
2024-03-26 20:10:00,1.9329100000000001,1.93296,1.9327800000000002,1.9328699999999999,138,8,0
2024-03-26 20:15:00,1.9328699999999999,1.93289,1.93274,1.93274,86,8,0
2024-03-26 20:20:00,1.93274,1.93289,1.93272,1.93283,120,8,0
2024-03-26 20:25:00,1.9328400000000001,1.93293,1.93272,1.9329,339,8,0
2024-03-26 20:30:00,1.9329,1.93316,1.9328400000000001,1.93311,165,8,0
2024-03-26 20:35:00,1.9331,1.93313,1.9327999999999999,1.93292,88,8,0
2024-03-26 20:40:00,1.93292,1.93304,1.9325700000000001,1.9325999999999999,191,8,0
2024-03-26 20:45:00,1.9325999999999999,1.9327800000000002,1.93258,1.9326400000000001,141,11,0
2024-03-26 20:50:00,1.9326400000000001,1.93269,1.93249,1.9326400000000001,392,8,0
2024-03-26 20:55:00,1.9326400000000001,1.9328699999999999,1.93251,1.9328699999999999,228,8,0
2024-03-26 21:00:00,1.93283,1.93283,1.93254,1.93265,9,21,0
2024-03-26 21:05:00,1.93265,1.9327,1.93245,1.93266,19,66,0
2024-03-26 21:10:00,1.93266,1.93297,1.93261,1.93274,38,19,0
2024-03-26 21:15:00,1.93274,1.93293,1.93263,1.9327999999999999,28,53,0
2024-03-26 21:20:00,1.9327999999999999,1.9327999999999999,1.9322300000000001,1.93275,33,47,0
2024-03-26 21:25:00,1.93275,1.93293,1.93275,1.93277,35,49,0
2024-03-26 21:30:00,1.93277,1.93288,1.9325299999999999,1.9327299999999998,63,47,0
2024-03-26 21:35:00,1.9327299999999998,1.9328400000000001,1.93251,1.9327,121,46,0
2024-03-26 21:40:00,1.9327,1.9328699999999999,1.93261,1.93274,141,36,0
2024-03-26 21:45:00,1.9327,1.93297,1.93265,1.9329399999999999,178,32,0
2024-03-26 21:50:00,1.9329399999999999,1.93297,1.9327299999999998,1.93276,127,33,0
2024-03-26 21:55:00,1.93276,1.93282,1.93262,1.9327800000000002,106,34,0
2024-03-26 22:00:00,1.9327800000000002,1.9332500000000001,1.93269,1.9332,208,16,0
2024-03-26 22:05:00,1.9332,1.93324,1.93309,1.93312,73,17,0
2024-03-26 22:10:00,1.93312,1.93315,1.93293,1.93312,124,9,0
2024-03-26 22:15:00,1.93312,1.93324,1.9331,1.93319,64,13,0
2024-03-26 22:20:00,1.93319,1.93323,1.9330699999999998,1.93316,75,11,0
2024-03-26 22:25:00,1.93316,1.93323,1.93308,1.9331,109,11,0
2024-03-26 22:30:00,1.9331,1.93311,1.93265,1.93268,117,9,0
2024-03-26 22:35:00,1.93268,1.9327999999999999,1.93258,1.9326699999999999,72,15,0
2024-03-26 22:40:00,1.9326699999999999,1.93276,1.93252,1.93255,70,9,0
2024-03-26 22:45:00,1.93255,1.9327100000000002,1.93252,1.93255,64,12,0
2024-03-26 22:50:00,1.93255,1.93282,1.9325299999999999,1.9327100000000002,76,10,0
2024-03-26 22:55:00,1.93269,1.93279,1.93243,1.93243,115,9,0
2024-03-26 23:00:00,1.93243,1.93281,1.93243,1.9324400000000002,266,8,0
2024-03-26 23:05:00,1.9324400000000002,1.9328400000000001,1.93236,1.93279,172,11,0
2024-03-26 23:10:00,1.9327800000000002,1.93283,1.93259,1.9325999999999999,144,8,0
2024-03-26 23:15:00,1.9325999999999999,1.93282,1.9325299999999999,1.93254,133,8,0
2024-03-26 23:20:00,1.93254,1.9327999999999999,1.93251,1.93279,96,8,0
2024-03-26 23:25:00,1.93279,1.93288,1.9325700000000001,1.9326400000000001,108,8,0
2024-03-26 23:30:00,1.9326400000000001,1.93265,1.93189,1.93198,228,8,0
2024-03-26 23:35:00,1.93198,1.9321899999999999,1.9319199999999999,1.9319600000000001,227,8,0
2024-03-26 23:40:00,1.9319600000000001,1.93204,1.93178,1.9318,194,8,0
2024-03-26 23:45:00,1.9318,1.93194,1.93179,1.93193,169,8,0
2024-03-26 23:50:00,1.93193,1.93195,1.9315,1.9315,137,8,0
2024-03-26 23:55:00,1.9315,1.9315099999999998,1.93116,1.93129,245,8,0
2024-03-27 00:00:00,1.93129,1.93168,1.9312200000000002,1.93155,386,8,0
2024-03-27 00:05:00,1.93155,1.9318,1.93129,1.9318,423,8,0
2024-03-27 00:10:00,1.9318,1.93207,1.93153,1.93204,360,8,0
2024-03-27 00:15:00,1.93204,1.93234,1.9319199999999999,1.93225,393,8,0
2024-03-27 00:20:00,1.93225,1.93289,1.93222,1.93283,420,8,0
2024-03-27 00:25:00,1.93283,1.9329800000000001,1.93218,1.93265,313,8,0
2024-03-27 00:30:00,1.93254,1.93523,1.93247,1.9344999999999999,853,8,0
2024-03-27 00:35:00,1.9344999999999999,1.93502,1.93384,1.93455,589,8,0
2024-03-27 00:40:00,1.93455,1.9348100000000001,1.93392,1.9340000000000002,502,8,0
2024-03-27 00:45:00,1.9340000000000002,1.93421,1.93371,1.93385,521,8,0
2024-03-27 00:50:00,1.9338600000000001,1.9346700000000001,1.93374,1.93458,519,8,0
2024-03-27 00:55:00,1.93458,1.93473,1.93385,1.93401,523,8,0
2024-03-27 01:00:00,1.93401,1.93404,1.9333399999999998,1.93344,456,8,0
2024-03-27 01:05:00,1.93343,1.9340600000000001,1.93343,1.93373,449,8,0
2024-03-27 01:10:00,1.93372,1.9338199999999999,1.93333,1.93344,444,8,0
2024-03-27 01:15:00,1.93344,1.93421,1.93322,1.9342000000000001,672,8,0
2024-03-27 01:20:00,1.93419,1.9353099999999999,1.9340899999999999,1.93499,838,8,0
2024-03-27 01:25:00,1.93499,1.93529,1.93453,1.9350100000000001,701,8,0
2024-03-27 01:30:00,1.93506,1.93601,1.93476,1.93597,931,8,0
2024-03-27 01:35:00,1.93597,1.93635,1.93559,1.93602,643,8,0
2024-03-27 01:40:00,1.93602,1.93686,1.93588,1.93588,738,8,0
2024-03-27 01:45:00,1.93586,1.93601,1.93548,1.9354900000000002,654,8,0
2024-03-27 01:50:00,1.9354900000000002,1.93604,1.93529,1.93563,715,8,0
2024-03-27 01:55:00,1.93563,1.93586,1.93532,1.93544,673,8,0
2024-03-27 02:00:00,1.93544,1.9355799999999999,1.93472,1.93478,697,8,0
2024-03-27 02:05:00,1.93478,1.93533,1.93478,1.93533,572,8,0
2024-03-27 02:10:00,1.93534,1.93556,1.9348,1.9349699999999999,566,8,0
2024-03-27 02:15:00,1.9349699999999999,1.93532,1.93471,1.93505,510,8,0
2024-03-27 02:20:00,1.93505,1.93532,1.93483,1.93518,478,8,0
2024-03-27 02:25:00,1.93518,1.93533,1.93442,1.93453,439,8,0
2024-03-27 02:30:00,1.93453,1.93516,1.93424,1.9349699999999999,508,8,0
2024-03-27 02:35:00,1.9349699999999999,1.9352399999999998,1.93442,1.93512,498,8,0
2024-03-27 02:40:00,1.93512,1.9362599999999999,1.93512,1.936,474,8,0
2024-03-27 02:45:00,1.936,1.9363299999999999,1.93594,1.93595,501,8,0
2024-03-27 02:50:00,1.93595,1.93616,1.93574,1.9359,520,8,0
2024-03-27 02:55:00,1.93588,1.9363000000000001,1.93577,1.93587,484,8,0
2024-03-27 03:00:00,1.93588,1.93606,1.93534,1.9356900000000001,625,8,0
2024-03-27 03:05:00,1.9356900000000001,1.93632,1.93555,1.9357199999999999,510,8,0
2024-03-27 03:10:00,1.9357199999999999,1.93581,1.93472,1.9350800000000001,871,8,0
2024-03-27 03:15:00,1.93509,1.93516,1.9348100000000001,1.93507,568,8,0
2024-03-27 03:20:00,1.93507,1.9353099999999999,1.93445,1.9344999999999999,624,8,0
2024-03-27 03:25:00,1.9344999999999999,1.93505,1.9344999999999999,1.93483,470,8,0
2024-03-27 03:30:00,1.93483,1.93539,1.93483,1.93514,511,8,0
2024-03-27 03:35:00,1.93514,1.93529,1.93464,1.93478,451,8,0
2024-03-27 03:40:00,1.93478,1.9350100000000001,1.93472,1.93489,397,8,0
2024-03-27 03:45:00,1.9348800000000002,1.93502,1.93465,1.93482,280,8,0
2024-03-27 03:50:00,1.93482,1.93485,1.93449,1.93458,249,10,0
2024-03-27 03:55:00,1.93458,1.93462,1.93423,1.93428,307,8,0
2024-03-27 04:00:00,1.93428,1.93428,1.9339499999999998,1.93411,307,8,0
2024-03-27 04:05:00,1.93411,1.93428,1.9337499999999999,1.9339,288,8,0
2024-03-27 04:10:00,1.9338899999999999,1.9339,1.9335499999999999,1.93362,459,8,0
2024-03-27 04:15:00,1.93362,1.93439,1.9335499999999999,1.93415,328,8,0
2024-03-27 04:20:00,1.93415,1.9341599999999999,1.93381,1.93384,272,8,0
2024-03-27 04:25:00,1.93384,1.93411,1.9337,1.93403,292,8,0
2024-03-27 04:30:00,1.93403,1.93411,1.93347,1.9336799999999998,379,8,0
2024-03-27 04:35:00,1.9336799999999998,1.9338899999999999,1.93351,1.9335499999999999,436,8,0
2024-03-27 04:40:00,1.9335499999999999,1.93362,1.93326,1.93331,201,8,0
2024-03-27 04:45:00,1.93331,1.9333399999999998,1.93297,1.93297,206,8,0
2024-03-27 04:50:00,1.93297,1.93301,1.9319,1.93221,380,8,0
2024-03-27 04:55:00,1.93221,1.93254,1.93214,1.93247,371,8,0
2024-03-27 05:00:00,1.93247,1.9326699999999999,1.93229,1.93256,362,8,0
2024-03-27 05:05:00,1.93256,1.9327,1.93204,1.93209,378,8,0
2024-03-27 05:10:00,1.93209,1.93255,1.9320300000000001,1.93234,303,8,0
2024-03-27 05:15:00,1.93234,1.9329800000000001,1.93229,1.93279,260,8,0
2024-03-27 05:20:00,1.93279,1.93289,1.93254,1.93261,252,8,0
2024-03-27 05:25:00,1.93261,1.93281,1.93245,1.93272,297,8,0
2024-03-27 05:30:00,1.93272,1.93282,1.93243,1.9325999999999999,387,8,0
2024-03-27 05:35:00,1.93259,1.93266,1.9323000000000001,1.93248,395,8,0
2024-03-27 05:40:00,1.93245,1.9325700000000001,1.93214,1.9325,526,8,0
2024-03-27 05:45:00,1.9325,1.93266,1.9323700000000001,1.93252,445,8,0
2024-03-27 05:50:00,1.93252,1.9329,1.93251,1.93279,584,8,0
2024-03-27 05:55:00,1.93279,1.93289,1.9323000000000001,1.93274,459,8,0
2024-03-27 06:00:00,1.93274,1.93288,1.9322599999999999,1.93232,404,8,0
2024-03-27 06:05:00,1.93232,1.93232,1.93171,1.93202,434,8,0
2024-03-27 06:10:00,1.93202,1.9321199999999998,1.93155,1.93194,527,8,0
2024-03-27 06:15:00,1.93194,1.9325,1.93194,1.93236,401,8,0
2024-03-27 06:20:00,1.93236,1.93272,1.93231,1.93252,478,8,0
2024-03-27 06:25:00,1.93252,1.93301,1.93252,1.93286,353,8,0
2024-03-27 06:30:00,1.93286,1.9329399999999999,1.93248,1.9327,408,8,0
2024-03-27 06:35:00,1.9327,1.9331800000000001,1.9323000000000001,1.93262,400,8,0
2024-03-27 06:40:00,1.93262,1.9329399999999999,1.93252,1.93272,448,8,0
2024-03-27 06:45:00,1.9327299999999998,1.9327800000000002,1.93218,1.93224,523,8,0
2024-03-27 06:50:00,1.93224,1.9330500000000002,1.9322300000000001,1.9329800000000001,467,8,0
2024-03-27 06:55:00,1.9329800000000001,1.9331,1.93266,1.93308,580,8,0
2024-03-27 07:00:00,1.93308,1.93338,1.93286,1.9332799999999999,716,8,0
2024-03-27 07:05:00,1.93327,1.9335499999999999,1.93302,1.9332099999999999,499,8,0
2024-03-27 07:10:00,1.9332099999999999,1.9333200000000001,1.9329399999999999,1.93319,737,8,0
2024-03-27 07:15:00,1.93319,1.9334099999999999,1.933,1.93338,672,8,0
2024-03-27 07:20:00,1.93338,1.9344299999999999,1.93336,1.9341,480,8,0
2024-03-27 07:25:00,1.9341,1.93411,1.9332799999999999,1.93347,493,8,0
2024-03-27 07:30:00,1.9334799999999999,1.9344299999999999,1.93308,1.93442,614,8,0
2024-03-27 07:35:00,1.93442,1.9346299999999998,1.93357,1.9336,445,8,0
2024-03-27 07:40:00,1.93361,1.93444,1.9335200000000001,1.9338,764,8,0
2024-03-27 07:45:00,1.9338,1.93495,1.93377,1.93466,713,8,0
2024-03-27 07:50:00,1.9346700000000001,1.93472,1.9339300000000001,1.9341,719,8,0
2024-03-27 07:55:00,1.9341,1.93495,1.93376,1.9348800000000002,808,8,0
2024-03-27 08:00:00,1.9348800000000002,1.93539,1.9344299999999999,1.93469,689,8,0
2024-03-27 08:05:00,1.93469,1.9351099999999999,1.93458,1.93499,593,8,0
2024-03-27 08:10:00,1.93499,1.9355,1.9348,1.93545,521,8,0
2024-03-27 08:15:00,1.93547,1.9355,1.9351099999999999,1.9351500000000001,388,8,0
2024-03-27 08:20:00,1.9351500000000001,1.9352,1.9348100000000001,1.93496,427,8,0
2024-03-27 08:25:00,1.93496,1.93534,1.93489,1.9352399999999998,525,8,0
2024-03-27 08:30:00,1.93523,1.93557,1.93496,1.93547,401,8,0
2024-03-27 08:35:00,1.93548,1.93638,1.93543,1.9363000000000001,710,8,0
2024-03-27 08:40:00,1.93631,1.93677,1.9361000000000002,1.93676,599,8,0
2024-03-27 08:45:00,1.93677,1.93692,1.9362,1.9369100000000001,609,8,0
2024-03-27 08:50:00,1.9369100000000001,1.93701,1.93632,1.93641,481,8,0
2024-03-27 08:55:00,1.9364,1.9368699999999999,1.93622,1.93668,623,8,0
2024-03-27 09:00:00,1.93667,1.93667,1.93548,1.9356499999999999,1292,8,0
2024-03-27 09:05:00,1.9356499999999999,1.9365,1.93561,1.9359600000000001,1036,8,0
2024-03-27 09:10:00,1.93593,1.93634,1.93577,1.93606,1045,8,0
2024-03-27 09:15:00,1.93606,1.93652,1.93563,1.93575,888,8,0
2024-03-27 09:20:00,1.93575,1.93582,1.93476,1.9348100000000001,1064,8,0
2024-03-27 09:25:00,1.93484,1.93516,1.93449,1.93475,768,8,0
2024-03-27 09:30:00,1.93475,1.9351500000000001,1.9346999999999999,1.9350100000000001,617,8,0
2024-03-27 09:35:00,1.9350399999999999,1.93543,1.93453,1.9346299999999998,637,8,0
2024-03-27 09:40:00,1.9346299999999998,1.93478,1.93401,1.9343,1402,8,0
2024-03-27 09:45:00,1.9342899999999998,1.93532,1.93407,1.9352800000000001,867,8,0
2024-03-27 09:50:00,1.9352800000000001,1.93544,1.9344999999999999,1.93486,895,8,0
2024-03-27 09:55:00,1.93486,1.93516,1.93466,1.9350399999999999,428,8,0
2024-03-27 10:00:00,1.9350399999999999,1.93553,1.93496,1.93527,428,8,0
2024-03-27 10:05:00,1.93527,1.93554,1.9352,1.93525,593,8,0
2024-03-27 10:10:00,1.93525,1.9356,1.93499,1.93507,757,8,0
2024-03-27 10:15:00,1.93507,1.9353799999999999,1.93466,1.93468,602,8,0
2024-03-27 10:20:00,1.93468,1.93483,1.93405,1.93419,663,8,0
2024-03-27 10:25:00,1.93419,1.93487,1.93408,1.93478,636,8,0
2024-03-27 10:30:00,1.93478,1.93494,1.9340199999999999,1.9340199999999999,673,8,0
2024-03-27 10:35:00,1.93403,1.9348800000000002,1.93394,1.9348800000000002,833,8,0
2024-03-27 10:40:00,1.9348800000000002,1.9352200000000002,1.93484,1.93518,603,8,0
2024-03-27 10:45:00,1.93518,1.93563,1.9351699999999998,1.9353099999999999,453,8,0
2024-03-27 10:50:00,1.9353099999999999,1.93545,1.93484,1.93529,408,8,0
2024-03-27 10:55:00,1.93529,1.93529,1.93496,1.9352200000000002,421,8,0
2024-03-27 11:00:00,1.9352200000000002,1.93536,1.93476,1.9352,534,8,0
2024-03-27 11:05:00,1.9352,1.93546,1.93505,1.9353,413,8,0
2024-03-27 11:10:00,1.9353,1.93553,1.9351699999999998,1.93519,537,8,0
2024-03-27 11:15:00,1.93519,1.9358499999999998,1.9348800000000002,1.93574,605,8,0
2024-03-27 11:20:00,1.93574,1.9361000000000002,1.93554,1.9358499999999998,460,8,0
2024-03-27 11:25:00,1.9358499999999998,1.93593,1.93555,1.93568,465,8,0
2024-03-27 11:30:00,1.93568,1.9356900000000001,1.93478,1.9348999999999998,705,8,0
2024-03-27 11:35:00,1.9348999999999998,1.93503,1.93435,1.93502,499,8,0
2024-03-27 11:40:00,1.93502,1.9353799999999999,1.93482,1.93483,695,8,0
2024-03-27 11:45:00,1.93483,1.93483,1.93401,1.93425,753,8,0
2024-03-27 11:50:00,1.93426,1.9344299999999999,1.93373,1.93391,752,8,0
2024-03-27 11:55:00,1.93391,1.93426,1.9336799999999998,1.93419,682,8,0
2024-03-27 12:00:00,1.93415,1.9344000000000001,1.9338199999999999,1.93394,774,8,0
2024-03-27 12:05:00,1.9339499999999998,1.9344700000000001,1.93385,1.93442,871,8,0
2024-03-27 12:10:00,1.93442,1.93472,1.9342700000000002,1.93459,703,8,0
2024-03-27 12:15:00,1.93459,1.93563,1.93451,1.93546,584,8,0
2024-03-27 12:20:00,1.93546,1.93564,1.9352399999999998,1.93527,556,8,0
2024-03-27 12:25:00,1.93529,1.93544,1.93491,1.93534,568,8,0
2024-03-27 12:30:00,1.93534,1.93555,1.9351,1.93543,659,8,0
2024-03-27 12:35:00,1.93543,1.93557,1.9348100000000001,1.9351,538,8,0
2024-03-27 12:40:00,1.9351,1.93615,1.93509,1.93608,469,8,0
2024-03-27 12:45:00,1.93609,1.9364,1.9357199999999999,1.9364,539,8,0
2024-03-27 12:50:00,1.9364,1.9366400000000001,1.93589,1.93605,446,8,0
2024-03-27 12:55:00,1.93605,1.93634,1.9359199999999999,1.93594,706,8,0
2024-03-27 13:00:00,1.93594,1.9360300000000001,1.93553,1.93571,1003,8,0
2024-03-27 13:05:00,1.93571,1.93607,1.93543,1.93545,812,8,0
2024-03-27 13:10:00,1.93545,1.93593,1.9354200000000001,1.93593,616,8,0
2024-03-27 13:15:00,1.93593,1.93616,1.9354,1.93556,580,8,0
2024-03-27 13:20:00,1.93556,1.9356499999999999,1.9353,1.9354200000000001,691,8,0
2024-03-27 13:25:00,1.9354200000000001,1.93573,1.93537,1.9354200000000001,633,8,0
2024-03-27 13:30:00,1.9354200000000001,1.93561,1.9351099999999999,1.93534,1025,8,0
2024-03-27 13:35:00,1.93534,1.93547,1.9348,1.93483,810,8,0
2024-03-27 13:40:00,1.93482,1.9351,1.93441,1.93459,747,8,0
2024-03-27 13:45:00,1.9346,1.93476,1.93417,1.93438,856,8,0
2024-03-27 13:50:00,1.93438,1.93444,1.9340000000000002,1.9343599999999999,870,8,0
2024-03-27 13:55:00,1.9343599999999999,1.93482,1.93424,1.93458,1031,8,0
2024-03-27 14:00:00,1.93458,1.93525,1.9344999999999999,1.93496,1101,8,0
2024-03-27 14:05:00,1.93496,1.93499,1.9344700000000001,1.9345599999999998,789,8,0
2024-03-27 14:10:00,1.93457,1.9348100000000001,1.9339300000000001,1.93407,995,8,0
2024-03-27 14:15:00,1.93407,1.9342899999999998,1.9337,1.9337,765,8,0
2024-03-27 14:20:00,1.9337,1.9339300000000001,1.93337,1.9335200000000001,534,8,0
2024-03-27 14:25:00,1.9335200000000001,1.93356,1.9326699999999999,1.93276,527,8,0
2024-03-27 14:30:00,1.93276,1.9336799999999998,1.9324599999999998,1.93344,890,8,0
2024-03-27 14:35:00,1.93344,1.9341300000000001,1.93316,1.93412,663,8,0
2024-03-27 14:40:00,1.93412,1.93428,1.9335900000000001,1.9337499999999999,686,8,0
2024-03-27 14:45:00,1.9337499999999999,1.93387,1.93353,1.93367,550,8,0
2024-03-27 14:50:00,1.93367,1.93372,1.93312,1.93313,739,8,0
2024-03-27 14:55:00,1.93312,1.93374,1.93306,1.9335200000000001,779,8,0
2024-03-27 15:00:00,1.9335200000000001,1.93399,1.93342,1.93378,708,8,0
2024-03-27 15:05:00,1.93378,1.93399,1.93361,1.93394,583,8,0
2024-03-27 15:10:00,1.93394,1.9340199999999999,1.93358,1.93363,493,8,0
2024-03-27 15:15:00,1.93363,1.93377,1.9335200000000001,1.9337,391,8,0
2024-03-27 15:20:00,1.9337,1.93411,1.93363,1.93371,571,8,0
2024-03-27 15:25:00,1.93371,1.9340000000000002,1.9335,1.93353,524,8,0
2024-03-27 15:30:00,1.93353,1.9343,1.93347,1.93428,606,8,0
2024-03-27 15:35:00,1.93428,1.93437,1.9338899999999999,1.93417,566,8,0
2024-03-27 15:40:00,1.93417,1.93418,1.9333399999999998,1.93378,663,8,0
2024-03-27 15:45:00,1.93378,1.9342700000000002,1.9337499999999999,1.9342000000000001,686,8,0
2024-03-27 15:50:00,1.9342000000000001,1.93545,1.9341599999999999,1.93533,1012,8,0
2024-03-27 15:55:00,1.93533,1.93608,1.93519,1.93564,1123,8,0
2024-03-27 16:00:00,1.93566,1.93591,1.9350100000000001,1.93541,1116,8,0
2024-03-27 16:05:00,1.93543,1.93575,1.93534,1.9355099999999998,647,8,0
2024-03-27 16:10:00,1.93552,1.93563,1.9353500000000001,1.9354900000000002,805,8,0
2024-03-27 16:15:00,1.9354900000000002,1.936,1.93543,1.9358300000000002,890,8,0
2024-03-27 16:20:00,1.9358300000000002,1.93593,1.9356,1.9356200000000001,546,8,0
2024-03-27 16:25:00,1.9356200000000001,1.9356900000000001,1.93519,1.9353500000000001,539,8,0
2024-03-27 16:30:00,1.9353500000000001,1.9354200000000001,1.93505,1.9352800000000001,621,8,0
2024-03-27 16:35:00,1.9352800000000001,1.9354,1.93512,1.93521,430,8,0
2024-03-27 16:40:00,1.93521,1.9353099999999999,1.93485,1.93487,459,8,0
2024-03-27 16:45:00,1.93487,1.93509,1.93458,1.93509,452,8,0
2024-03-27 16:50:00,1.93509,1.93566,1.935,1.9356499999999999,568,8,0
2024-03-27 16:55:00,1.9356499999999999,1.9356499999999999,1.93521,1.93553,546,8,0
2024-03-27 17:00:00,1.93553,1.93579,1.9354200000000001,1.9357,912,8,0
2024-03-27 17:05:00,1.9357,1.93573,1.93536,1.93556,488,8,0
2024-03-27 17:10:00,1.93556,1.93579,1.9352399999999998,1.9353099999999999,610,8,0
2024-03-27 17:15:00,1.93532,1.93552,1.93519,1.93525,439,8,0
2024-03-27 17:20:00,1.93527,1.93547,1.9351,1.93544,454,8,0
2024-03-27 17:25:00,1.93545,1.9355099999999998,1.93525,1.93533,437,8,0
2024-03-27 17:30:00,1.93533,1.9356,1.93509,1.9352,449,8,0
2024-03-27 17:35:00,1.93521,1.9356200000000001,1.93516,1.9356200000000001,424,8,0
2024-03-27 17:40:00,1.9356200000000001,1.93564,1.93529,1.93545,466,8,0
2024-03-27 17:45:00,1.93545,1.93547,1.93512,1.9352200000000002,429,8,0
2024-03-27 17:50:00,1.9352200000000002,1.93532,1.93498,1.93505,425,8,0
2024-03-27 17:55:00,1.93505,1.9353,1.93499,1.93519,437,8,0
2024-03-27 18:00:00,1.93519,1.93544,1.93505,1.93523,408,8,0
2024-03-27 18:05:00,1.93523,1.93534,1.9350800000000001,1.9351,430,8,0
2024-03-27 18:10:00,1.9351,1.93541,1.9351,1.9351699999999998,371,8,0
2024-03-27 18:15:00,1.93516,1.9352,1.93493,1.93495,355,8,0
2024-03-27 18:20:00,1.93495,1.93505,1.9347400000000001,1.93485,384,8,0
2024-03-27 18:25:00,1.93485,1.93499,1.93464,1.93484,436,8,0
2024-03-27 18:30:00,1.93484,1.93484,1.9344999999999999,1.9345400000000001,296,8,0
2024-03-27 18:35:00,1.9345400000000001,1.93475,1.93449,1.93462,164,8,0
2024-03-27 18:40:00,1.93462,1.93486,1.9345400000000001,1.9346700000000001,463,8,0
2024-03-27 18:45:00,1.9346700000000001,1.93485,1.93458,1.9348,304,8,0
2024-03-27 18:50:00,1.93479,1.93491,1.93464,1.93476,358,8,0
2024-03-27 18:55:00,1.93476,1.93482,1.9346,1.93468,345,8,0
2024-03-27 19:00:00,1.9346700000000001,1.93484,1.93446,1.93449,347,8,0
2024-03-27 19:05:00,1.93449,1.9346700000000001,1.93434,1.9344999999999999,247,8,0
2024-03-27 19:10:00,1.9344999999999999,1.93473,1.9344999999999999,1.9346999999999999,358,8,0
2024-03-27 19:15:00,1.9346999999999999,1.93486,1.9344999999999999,1.93473,457,8,0
2024-03-27 19:20:00,1.93473,1.9348,1.9344999999999999,1.9345599999999998,588,8,0
2024-03-27 19:25:00,1.9345599999999998,1.93465,1.9344700000000001,1.93452,272,8,0
2024-03-27 19:30:00,1.93452,1.9346700000000001,1.93439,1.9345400000000001,196,8,0
2024-03-27 19:35:00,1.9345400000000001,1.9345400000000001,1.93407,1.9341300000000001,285,8,0
2024-03-27 19:40:00,1.9341300000000001,1.93458,1.9341300000000001,1.9342899999999998,331,8,0
2024-03-27 19:45:00,1.9342899999999998,1.93451,1.9341599999999999,1.93448,562,8,0
2024-03-27 19:50:00,1.93448,1.93448,1.93414,1.93421,603,8,0
2024-03-27 19:55:00,1.93421,1.9344999999999999,1.93408,1.93423,575,8,0
2024-03-27 20:00:00,1.93422,1.93435,1.93415,1.93422,317,8,0
2024-03-27 20:05:00,1.93422,1.9342899999999998,1.93407,1.93425,144,8,0
2024-03-27 20:10:00,1.93425,1.93433,1.93418,1.9342899999999998,146,8,0
2024-03-27 20:15:00,1.9342899999999998,1.93453,1.93423,1.93452,83,8,0
2024-03-27 20:20:00,1.93452,1.9346,1.9343599999999999,1.93441,74,8,0
2024-03-27 20:25:00,1.93442,1.9344700000000001,1.93434,1.93444,71,8,0
2024-03-27 20:30:00,1.93444,1.93457,1.93424,1.93424,59,8,0
2024-03-27 20:35:00,1.93424,1.93431,1.93418,1.93431,53,8,0
2024-03-27 20:40:00,1.93431,1.9343599999999999,1.93428,1.9343,76,9,0
2024-03-27 20:45:00,1.9343,1.93437,1.9342899999999998,1.93437,80,13,0
2024-03-27 20:50:00,1.9343599999999999,1.93445,1.9342899999999998,1.93438,148,10,0
2024-03-27 20:55:00,1.93435,1.9345599999999998,1.9342700000000002,1.93434,208,8,0
2024-03-27 21:00:00,1.9343,1.9343,1.93129,1.93258,17,23,0
2024-03-27 21:05:00,1.93258,1.93419,1.9314900000000002,1.93378,71,67,0
2024-03-27 21:10:00,1.93378,1.9340899999999999,1.93258,1.9328400000000001,68,51,0
2024-03-27 21:15:00,1.9329100000000001,1.93364,1.93286,1.93362,55,54,0
2024-03-27 21:20:00,1.93362,1.93425,1.93344,1.9339300000000001,50,35,0
2024-03-27 21:25:00,1.9339300000000001,1.93451,1.93385,1.93425,67,54,0
2024-03-27 21:30:00,1.93425,1.93462,1.93419,1.93442,97,51,0
2024-03-27 21:35:00,1.93438,1.9346,1.93426,1.9344700000000001,117,37,0
2024-03-27 21:40:00,1.93449,1.93462,1.9343599999999999,1.9345400000000001,68,33,0
2024-03-27 21:45:00,1.9345400000000001,1.93458,1.93421,1.93425,88,25,0
2024-03-27 21:50:00,1.93425,1.9344299999999999,1.93396,1.9340899999999999,174,33,0
2024-03-27 21:55:00,1.9340899999999999,1.93448,1.93401,1.93448,183,33,0
2024-03-27 22:00:00,1.93441,1.93533,1.93414,1.93446,661,8,0
2024-03-27 22:05:00,1.93446,1.9350800000000001,1.93446,1.93485,150,8,0
2024-03-27 22:10:00,1.93485,1.93567,1.93485,1.9350399999999999,371,8,0
2024-03-27 22:15:00,1.93506,1.9351099999999999,1.9346100000000002,1.93503,313,8,0
2024-03-27 22:20:00,1.93503,1.9351099999999999,1.93483,1.93498,157,8,0
2024-03-27 22:25:00,1.93498,1.93498,1.9342700000000002,1.93439,112,8,0
2024-03-27 22:30:00,1.93439,1.93475,1.93423,1.93432,149,8,0
2024-03-27 22:35:00,1.93432,1.9344299999999999,1.93405,1.93407,158,8,0
2024-03-27 22:40:00,1.93407,1.93417,1.9339300000000001,1.9341,98,8,0
2024-03-27 22:45:00,1.9341,1.9347699999999999,1.9341,1.93465,303,8,0
2024-03-27 22:50:00,1.93465,1.93484,1.9342899999999998,1.93448,279,8,0
2024-03-27 22:55:00,1.93448,1.93525,1.93448,1.93496,683,8,0
2024-03-27 23:00:00,1.93499,1.93499,1.9343,1.9344299999999999,745,8,0
2024-03-27 23:05:00,1.9344299999999999,1.93512,1.9342700000000002,1.9350800000000001,395,8,0
2024-03-27 23:10:00,1.9350800000000001,1.9350800000000001,1.93475,1.93498,462,8,0
2024-03-27 23:15:00,1.93498,1.9350100000000001,1.9347699999999999,1.93482,336,8,0
2024-03-27 23:20:00,1.93482,1.93512,1.93468,1.93478,251,8,0
2024-03-27 23:25:00,1.9347699999999999,1.93491,1.9346999999999999,1.93485,247,8,0
2024-03-27 23:30:00,1.93485,1.93494,1.93462,1.93484,306,8,0
2024-03-27 23:35:00,1.93484,1.9348999999999998,1.9346,1.93466,170,8,0
2024-03-27 23:40:00,1.93466,1.93499,1.93465,1.93475,229,8,0
2024-03-27 23:45:00,1.93475,1.93475,1.9343599999999999,1.93441,259,8,0
2024-03-27 23:50:00,1.93441,1.93465,1.93431,1.9343599999999999,300,8,0
2024-03-27 23:55:00,1.9343599999999999,1.93448,1.93398,1.93405,259,8,0
2024-03-28 00:00:00,1.93405,1.93493,1.93401,1.93452,731,8,0
2024-03-28 00:05:00,1.93451,1.93513,1.93432,1.93499,461,8,0
2024-03-28 00:10:00,1.93499,1.93556,1.9348,1.9351500000000001,399,8,0
2024-03-28 00:15:00,1.9351500000000001,1.9355799999999999,1.93503,1.9350399999999999,302,8,0
2024-03-28 00:20:00,1.9350399999999999,1.9351099999999999,1.93405,1.93425,396,8,0
2024-03-28 00:25:00,1.93425,1.93426,1.9327800000000002,1.9328699999999999,378,8,0
2024-03-28 00:30:00,1.9329800000000001,1.93401,1.93292,1.93391,561,8,0
2024-03-28 00:35:00,1.93391,1.9345400000000001,1.93391,1.9342899999999998,505,8,0
2024-03-28 00:40:00,1.9342899999999998,1.93448,1.93411,1.9343599999999999,473,8,0
2024-03-28 00:45:00,1.9343599999999999,1.93478,1.93424,1.93469,443,8,0
2024-03-28 00:50:00,1.93469,1.93613,1.9344700000000001,1.93609,908,8,0
2024-03-28 00:55:00,1.93609,1.9361000000000002,1.9346299999999998,1.9347400000000001,554,8,0
2024-03-28 01:00:00,1.9347400000000001,1.93514,1.93471,1.9348999999999998,447,8,0
2024-03-28 01:05:00,1.9348999999999998,1.9354,1.93484,1.93518,351,8,0
2024-03-28 01:10:00,1.93518,1.93539,1.93478,1.93507,464,8,0
2024-03-28 01:15:00,1.93507,1.93539,1.93465,1.93536,781,8,0
2024-03-28 01:20:00,1.93536,1.93553,1.93494,1.93495,488,8,0
2024-03-28 01:25:00,1.93495,1.93499,1.93438,1.93451,560,8,0
2024-03-28 01:30:00,1.93448,1.935,1.93419,1.93485,1051,8,0
2024-03-28 01:35:00,1.93485,1.93494,1.9342899999999998,1.9344000000000001,782,8,0
2024-03-28 01:40:00,1.9344000000000001,1.9350399999999999,1.93419,1.9348800000000002,724,8,0
2024-03-28 01:45:00,1.9348800000000002,1.9350399999999999,1.9331800000000001,1.93357,834,8,0
2024-03-28 01:50:00,1.93357,1.9337,1.93308,1.93346,535,8,0
2024-03-28 01:55:00,1.93346,1.93418,1.93346,1.93399,520,8,0
2024-03-28 02:00:00,1.93399,1.93405,1.9335499999999999,1.93363,495,8,0
2024-03-28 02:05:00,1.93362,1.9341,1.93347,1.93381,476,8,0
2024-03-28 02:10:00,1.93381,1.93392,1.93247,1.93259,653,8,0
2024-03-28 02:15:00,1.93259,1.93275,1.93198,1.93201,851,8,0
2024-03-28 02:20:00,1.93201,1.93254,1.93139,1.93227,766,8,0
2024-03-28 02:25:00,1.93228,1.9324,1.93159,1.9322,605,8,0
2024-03-28 02:30:00,1.9322,1.93268,1.93198,1.93248,630,8,0
2024-03-28 02:35:00,1.93248,1.93297,1.93243,1.93248,564,8,0
2024-03-28 02:40:00,1.93248,1.93262,1.93201,1.93261,443,8,0
2024-03-28 02:45:00,1.93261,1.9326699999999999,1.9322599999999999,1.93228,371,8,0
2024-03-28 02:50:00,1.93228,1.93239,1.93195,1.93228,515,8,0
2024-03-28 02:55:00,1.93228,1.93247,1.9318499999999998,1.93241,520,8,0
2024-03-28 03:00:00,1.93241,1.9325,1.93204,1.93213,428,8,0
2024-03-28 03:05:00,1.93213,1.93248,1.9321199999999998,1.93229,398,8,0
2024-03-28 03:10:00,1.93229,1.93235,1.9319600000000001,1.93214,333,8,0
2024-03-28 03:15:00,1.93214,1.9322599999999999,1.93197,1.9322,403,8,0
2024-03-28 03:20:00,1.9322,1.93231,1.93202,1.93213,411,8,0
2024-03-28 03:25:00,1.93214,1.93248,1.9319899999999999,1.93221,532,8,0
2024-03-28 03:30:00,1.93221,1.93242,1.93218,1.93236,493,8,0
2024-03-28 03:35:00,1.93236,1.9324599999999998,1.93207,1.9324599999999998,416,8,0
2024-03-28 03:40:00,1.9324599999999998,1.93301,1.93245,1.93295,428,8,0
2024-03-28 03:45:00,1.9329399999999999,1.933,1.9326699999999999,1.93292,294,8,0
2024-03-28 03:50:00,1.93292,1.93322,1.9329100000000001,1.93303,331,8,0
2024-03-28 03:55:00,1.93303,1.93329,1.93293,1.9331800000000001,442,8,0
2024-03-28 04:00:00,1.9331800000000001,1.93351,1.93288,1.93301,322,8,0
2024-03-28 04:05:00,1.93301,1.93349,1.93301,1.93337,182,8,0
2024-03-28 04:10:00,1.93337,1.9334799999999999,1.93304,1.93317,315,8,0
2024-03-28 04:15:00,1.93317,1.93327,1.9330500000000002,1.93309,244,8,0
2024-03-28 04:20:00,1.93309,1.93338,1.9329,1.9333399999999998,258,8,0
2024-03-28 04:25:00,1.9333399999999998,1.93365,1.93293,1.93301,305,8,0
2024-03-28 04:30:00,1.93301,1.9334500000000001,1.93301,1.93316,304,8,0
2024-03-28 04:35:00,1.93316,1.9333900000000002,1.93315,1.93327,259,8,0
2024-03-28 04:40:00,1.93327,1.93374,1.93327,1.9333900000000002,231,8,0
2024-03-28 04:45:00,1.9333900000000002,1.93351,1.93323,1.9333900000000002,298,8,0
2024-03-28 04:50:00,1.9333900000000002,1.93378,1.93337,1.9336600000000002,226,8,0
2024-03-28 04:55:00,1.9336600000000002,1.93405,1.93338,1.9339499999999998,329,8,0
2024-03-28 05:00:00,1.9339499999999998,1.9340199999999999,1.9337,1.93372,487,8,0
2024-03-28 05:05:00,1.9337,1.93451,1.93362,1.9344000000000001,337,8,0
2024-03-28 05:10:00,1.9344000000000001,1.93458,1.93435,1.93453,365,8,0
2024-03-28 05:15:00,1.93453,1.93502,1.93453,1.93498,306,8,0
2024-03-28 05:20:00,1.93498,1.93527,1.93496,1.93505,403,8,0
2024-03-28 05:25:00,1.93505,1.93534,1.93485,1.9352399999999998,359,8,0
2024-03-28 05:30:00,1.9352399999999998,1.9352800000000001,1.93485,1.9352399999999998,429,8,0
2024-03-28 05:35:00,1.9352399999999998,1.93563,1.93491,1.93563,395,8,0
2024-03-28 05:40:00,1.93563,1.93567,1.93525,1.93534,426,8,0
2024-03-28 05:45:00,1.93534,1.9356900000000001,1.9352399999999998,1.9352800000000001,312,8,0
2024-03-28 05:50:00,1.9352800000000001,1.9363700000000001,1.9352800000000001,1.93635,539,8,0
2024-03-28 05:55:00,1.93635,1.9364400000000002,1.93581,1.93613,599,8,0
2024-03-28 06:00:00,1.93614,1.93634,1.9358,1.9360300000000001,554,8,0
2024-03-28 06:05:00,1.9360300000000001,1.9363299999999999,1.9359,1.93605,408,8,0
2024-03-28 06:10:00,1.93605,1.9363899999999998,1.9359199999999999,1.93632,423,8,0
2024-03-28 06:15:00,1.93632,1.93638,1.93593,1.93598,340,8,0
2024-03-28 06:20:00,1.93598,1.93614,1.93553,1.9355799999999999,307,8,0
2024-03-28 06:25:00,1.9355799999999999,1.93577,1.93534,1.9357199999999999,209,8,0
2024-03-28 06:30:00,1.9357199999999999,1.9369800000000001,1.93571,1.93688,438,8,0
2024-03-28 06:35:00,1.93688,1.93699,1.93622,1.93645,335,8,0
2024-03-28 06:40:00,1.9364400000000002,1.9364599999999998,1.93609,1.93636,203,8,0
2024-03-28 06:45:00,1.93636,1.9364599999999998,1.93609,1.93635,207,8,0
2024-03-28 06:50:00,1.93635,1.93648,1.9357,1.93581,341,8,0
2024-03-28 06:55:00,1.9358,1.93593,1.93471,1.9352200000000002,386,8,0
2024-03-28 07:00:00,1.9352399999999998,1.93577,1.93489,1.9356200000000001,641,8,0
2024-03-28 07:05:00,1.9356200000000001,1.93635,1.9356200000000001,1.93601,434,8,0
2024-03-28 07:10:00,1.93601,1.93668,1.93595,1.9363899999999998,883,8,0
2024-03-28 07:15:00,1.93638,1.93678,1.9361000000000002,1.93655,641,8,0
2024-03-28 07:20:00,1.93655,1.93695,1.9363299999999999,1.9367100000000002,570,8,0
2024-03-28 07:25:00,1.9367100000000002,1.93762,1.9367,1.9374799999999999,477,8,0
2024-03-28 07:30:00,1.9374799999999999,1.93838,1.9374099999999999,1.93781,691,8,0
2024-03-28 07:35:00,1.93781,1.93879,1.93778,1.93858,458,8,0
2024-03-28 07:40:00,1.93858,1.93871,1.9384000000000001,1.9385400000000002,488,8,0
2024-03-28 07:45:00,1.9385400000000002,1.93948,1.9385400000000002,1.9388999999999998,555,8,0
2024-03-28 07:50:00,1.9388999999999998,1.93914,1.93869,1.93893,420,8,0
2024-03-28 07:55:00,1.93893,1.9395,1.93887,1.93926,564,8,0
2024-03-28 08:00:00,1.9392,1.93963,1.9388800000000002,1.9393500000000001,857,8,0
2024-03-28 08:05:00,1.9393500000000001,1.94024,1.9393500000000001,1.94002,784,8,0
2024-03-28 08:10:00,1.94002,1.94058,1.93956,1.93963,743,8,0
2024-03-28 08:15:00,1.93963,1.9401899999999999,1.9395799999999999,1.94006,671,8,0
2024-03-28 08:20:00,1.94005,1.94027,1.9397199999999999,1.93986,493,8,0
2024-03-28 08:25:00,1.93986,1.94059,1.9398499999999999,1.94029,504,8,0
2024-03-28 08:30:00,1.94029,1.94092,1.94028,1.9409,528,8,0
2024-03-28 08:35:00,1.9409,1.94139,1.9401000000000002,1.94138,564,8,0
2024-03-28 08:40:00,1.94138,1.9416600000000002,1.94102,1.9411800000000001,550,8,0
2024-03-28 08:45:00,1.94119,1.94163,1.94119,1.94127,324,8,0
2024-03-28 08:50:00,1.94127,1.9413200000000002,1.94092,1.94095,397,8,0
2024-03-28 08:55:00,1.94095,1.9414799999999999,1.94088,1.9413399999999998,423,8,0
2024-03-28 09:00:00,1.94133,1.9418600000000001,1.94133,1.94171,577,8,0
2024-03-28 09:05:00,1.94171,1.94196,1.94109,1.94115,672,8,0
2024-03-28 09:10:00,1.94115,1.94156,1.9401199999999998,1.94016,625,8,0
2024-03-28 09:15:00,1.94016,1.94055,1.9399,1.94031,698,8,0
2024-03-28 09:20:00,1.94031,1.94063,1.93993,1.94052,598,8,0
2024-03-28 09:25:00,1.94052,1.94082,1.94035,1.94067,619,8,0
2024-03-28 09:30:00,1.94065,1.94106,1.94025,1.9403899999999998,605,8,0
2024-03-28 09:35:00,1.9403899999999998,1.94139,1.9403899999999998,1.94104,479,8,0
2024-03-28 09:40:00,1.94104,1.94158,1.9409800000000001,1.94127,409,8,0
2024-03-28 09:45:00,1.94127,1.94129,1.9409399999999999,1.94099,262,8,0
2024-03-28 09:50:00,1.9409999999999998,1.94124,1.94092,1.9411399999999999,439,8,0
2024-03-28 09:55:00,1.94115,1.94158,1.94069,1.9409100000000001,634,8,0
2024-03-28 10:00:00,1.94092,1.94201,1.94072,1.94184,582,8,0
2024-03-28 10:05:00,1.94184,1.94224,1.94177,1.94197,402,8,0
2024-03-28 10:10:00,1.94197,1.94241,1.94174,1.94205,403,8,0
2024-03-28 10:15:00,1.94205,1.9424299999999999,1.94177,1.94228,483,8,0
2024-03-28 10:20:00,1.94228,1.94251,1.94187,1.94187,714,8,0
2024-03-28 10:25:00,1.94187,1.94219,1.9415499999999999,1.94204,386,8,0
2024-03-28 10:30:00,1.94204,1.94285,1.942,1.9428299999999998,503,8,0
2024-03-28 10:35:00,1.94286,1.94341,1.94275,1.94306,782,8,0
2024-03-28 10:40:00,1.94306,1.94309,1.94245,1.94252,734,8,0
2024-03-28 10:45:00,1.94252,1.94326,1.94244,1.9431500000000002,620,8,0
2024-03-28 10:50:00,1.9431500000000002,1.9436900000000001,1.9430100000000001,1.9432399999999999,608,8,0
2024-03-28 10:55:00,1.9432399999999999,1.9432399999999999,1.9424700000000001,1.9424700000000001,632,8,0
2024-03-28 11:00:00,1.9424700000000001,1.94298,1.94239,1.94293,581,8,0
2024-03-28 11:05:00,1.94293,1.94307,1.9424000000000001,1.9430399999999999,468,8,0
2024-03-28 11:10:00,1.9430399999999999,1.94386,1.9428100000000001,1.94367,459,8,0
2024-03-28 11:15:00,1.94367,1.94383,1.94346,1.94364,408,8,0
2024-03-28 11:20:00,1.94364,1.9438,1.94321,1.9433500000000001,331,8,0
2024-03-28 11:25:00,1.9433500000000001,1.94356,1.9432800000000001,1.9433,509,8,0
2024-03-28 11:30:00,1.9433,1.9437,1.94319,1.9435799999999999,481,8,0
2024-03-28 11:35:00,1.9435799999999999,1.9438900000000001,1.94334,1.94375,565,8,0
2024-03-28 11:40:00,1.94375,1.9439199999999999,1.9436,1.94364,521,8,0
2024-03-28 11:45:00,1.94366,1.94372,1.94327,1.94348,487,8,0
2024-03-28 11:50:00,1.94348,1.94357,1.9432,1.9434399999999998,381,8,0
2024-03-28 11:55:00,1.94345,1.94356,1.94306,1.94356,613,8,0
2024-03-28 12:00:00,1.94356,1.94384,1.94332,1.94373,677,8,0
2024-03-28 12:05:00,1.94373,1.9442,1.94346,1.9441899999999999,511,8,0
2024-03-28 12:10:00,1.94418,1.94429,1.94383,1.9439199999999999,422,8,0
2024-03-28 12:15:00,1.9439199999999999,1.94417,1.94372,1.94411,552,8,0
2024-03-28 12:20:00,1.9441000000000002,1.9447,1.94408,1.94455,572,8,0
2024-03-28 12:25:00,1.94455,1.94485,1.94438,1.9444599999999999,501,8,0
2024-03-28 12:30:00,1.94425,1.94472,1.94337,1.94374,1325,8,0
2024-03-28 12:35:00,1.94375,1.944,1.9434900000000002,1.94359,1510,8,0
2024-03-28 12:40:00,1.94359,1.94395,1.9431500000000002,1.94353,1140,8,0
2024-03-28 12:45:00,1.94353,1.9437,1.94302,1.94311,1126,8,0
2024-03-28 12:50:00,1.94311,1.94311,1.94246,1.94249,986,8,0
2024-03-28 12:55:00,1.94249,1.94302,1.94241,1.94253,1265,8,0
2024-03-28 13:00:00,1.9425400000000002,1.94302,1.94184,1.94184,1480,8,0
2024-03-28 13:05:00,1.94184,1.94219,1.94156,1.94199,982,8,0
2024-03-28 13:10:00,1.94199,1.94221,1.94162,1.9418600000000001,856,8,0
2024-03-28 13:15:00,1.94183,1.94189,1.94102,1.9410500000000002,940,8,0
2024-03-28 13:20:00,1.9410500000000002,1.94253,1.94102,1.94234,896,8,0
2024-03-28 13:25:00,1.94234,1.94246,1.94191,1.9421,1065,8,0
2024-03-28 13:30:00,1.94211,1.94285,1.9417900000000001,1.94189,1325,8,0
2024-03-28 13:35:00,1.94189,1.94205,1.94157,1.94184,811,8,0
2024-03-28 13:40:00,1.94184,1.94191,1.94131,1.9414,825,8,0
2024-03-28 13:45:00,1.94139,1.94157,1.94065,1.94085,1119,8,0
2024-03-28 13:50:00,1.94085,1.9415200000000001,1.9404400000000002,1.94128,1100,8,0
2024-03-28 13:55:00,1.94128,1.9415200000000001,1.9407999999999999,1.9411399999999999,781,8,0
2024-03-28 14:00:00,1.9411100000000001,1.94165,1.94081,1.94149,1246,8,0
2024-03-28 14:05:00,1.94149,1.94162,1.94082,1.94123,1217,8,0
2024-03-28 14:10:00,1.94123,1.94126,1.9403000000000001,1.94042,1233,8,0
2024-03-28 14:15:00,1.94042,1.9407299999999998,1.94024,1.9405299999999999,979,8,0
2024-03-28 14:20:00,1.9405299999999999,1.9407100000000002,1.94004,1.94007,768,8,0
2024-03-28 14:25:00,1.94007,1.94079,1.93997,1.9405000000000001,897,8,0
2024-03-28 14:30:00,1.94048,1.94052,1.9398,1.9399600000000001,734,8,0
2024-03-28 14:35:00,1.9399600000000001,1.94021,1.93966,1.93991,794,8,0
2024-03-28 14:40:00,1.93991,1.94024,1.93921,1.93921,667,8,0
2024-03-28 14:45:00,1.93925,1.9394900000000002,1.9380600000000001,1.93815,968,8,0
2024-03-28 14:50:00,1.93815,1.9382899999999998,1.93777,1.93807,769,8,0
2024-03-28 14:55:00,1.93807,1.93875,1.93807,1.93842,981,8,0
2024-03-28 15:00:00,1.93842,1.9386700000000001,1.9381599999999999,1.93857,983,8,0
2024-03-28 15:05:00,1.93857,1.93865,1.93799,1.93822,698,8,0
2024-03-28 15:10:00,1.93822,1.93845,1.93776,1.93787,856,8,0
2024-03-28 15:15:00,1.93787,1.93825,1.93784,1.93819,620,8,0
2024-03-28 15:20:00,1.93819,1.9384700000000001,1.93764,1.93769,831,8,0
2024-03-28 15:25:00,1.93769,1.938,1.9373399999999998,1.93777,839,8,0
2024-03-28 15:30:00,1.93777,1.93788,1.93713,1.9372099999999999,661,8,0
2024-03-28 15:35:00,1.9372099999999999,1.93746,1.9367999999999999,1.93686,693,8,0
2024-03-28 15:40:00,1.93686,1.93722,1.9367,1.93719,798,8,0
2024-03-28 15:45:00,1.93719,1.93762,1.9356,1.93567,1087,8,0
2024-03-28 15:50:00,1.93567,1.93651,1.9355,1.93628,1200,8,0
2024-03-28 15:55:00,1.93628,1.93695,1.93579,1.9362599999999999,1978,8,0
2024-03-28 16:00:00,1.93627,1.93676,1.93606,1.93661,1662,8,0
2024-03-28 16:05:00,1.93662,1.9375,1.93654,1.9375,1090,8,0
2024-03-28 16:10:00,1.9375,1.9375,1.9370500000000002,1.9373399999999998,617,8,0
2024-03-28 16:15:00,1.93735,1.93763,1.93719,1.9375200000000001,627,8,0
2024-03-28 16:20:00,1.9375200000000001,1.93787,1.9374799999999999,1.9375499999999999,608,8,0
2024-03-28 16:25:00,1.9375499999999999,1.9375900000000001,1.9373,1.9375,765,8,0
2024-03-28 16:30:00,1.9375,1.93773,1.93726,1.9376,711,8,0
2024-03-28 16:35:00,1.9376,1.93783,1.93728,1.93739,698,8,0
2024-03-28 16:40:00,1.93739,1.93771,1.93712,1.93712,750,8,0
2024-03-28 16:45:00,1.93712,1.9372500000000001,1.93677,1.9371399999999999,641,8,0
2024-03-28 16:50:00,1.9371399999999999,1.9374500000000001,1.93699,1.93703,642,8,0
2024-03-28 16:55:00,1.93703,1.93735,1.93696,1.93712,902,8,0
2024-03-28 17:00:00,1.93712,1.93735,1.93686,1.93717,901,8,0
2024-03-28 17:05:00,1.93717,1.9371800000000001,1.93652,1.9367100000000002,415,8,0
2024-03-28 17:10:00,1.9367100000000002,1.9369399999999999,1.93649,1.9367999999999999,657,8,0
2024-03-28 17:15:00,1.9367999999999999,1.93686,1.9364,1.93661,522,8,0
2024-03-28 17:20:00,1.9365999999999999,1.93688,1.93649,1.93669,641,8,0
2024-03-28 17:25:00,1.93669,1.93715,1.93663,1.93701,594,8,0
2024-03-28 17:30:00,1.93701,1.9371800000000001,1.93681,1.93693,494,8,0
2024-03-28 17:35:00,1.93693,1.9371,1.93682,1.93683,450,8,0
2024-03-28 17:40:00,1.93683,1.93708,1.9367299999999998,1.937,412,8,0
2024-03-28 17:45:00,1.937,1.93702,1.93666,1.93675,525,8,0
2024-03-28 17:50:00,1.93676,1.93709,1.9367299999999998,1.93709,371,8,0
2024-03-28 17:55:00,1.93709,1.93709,1.93666,1.93679,488,8,0
2024-03-28 18:00:00,1.9367999999999999,1.93692,1.9364400000000002,1.9365999999999999,586,8,0
2024-03-28 18:05:00,1.9365999999999999,1.93662,1.9358499999999998,1.93588,521,8,0
2024-03-28 18:10:00,1.93588,1.93607,1.93581,1.9360300000000001,489,8,0
2024-03-28 18:15:00,1.9360300000000001,1.93643,1.93598,1.93631,426,8,0
2024-03-28 18:20:00,1.93631,1.9364599999999998,1.93609,1.93618,510,8,0
2024-03-28 18:25:00,1.93618,1.93629,1.93609,1.93611,344,8,0
2024-03-28 18:30:00,1.9361000000000002,1.9366400000000001,1.9359,1.93662,437,8,0
2024-03-28 18:35:00,1.93662,1.93682,1.9365,1.9367,368,8,0
2024-03-28 18:40:00,1.9367,1.93712,1.93665,1.9368699999999999,439,8,0
2024-03-28 18:45:00,1.9368699999999999,1.9371800000000001,1.9363700000000001,1.93638,488,8,0
2024-03-28 18:50:00,1.93638,1.93643,1.93621,1.93635,491,8,0
2024-03-28 18:55:00,1.93635,1.93642,1.93621,1.93632,445,8,0
2024-03-28 19:00:00,1.93631,1.93693,1.93628,1.9368699999999999,457,8,0
2024-03-28 19:05:00,1.9368699999999999,1.9372500000000001,1.93686,1.9371,335,8,0
2024-03-28 19:10:00,1.9371,1.9373,1.9370500000000002,1.9371399999999999,331,8,0
2024-03-28 19:15:00,1.9371399999999999,1.93724,1.93703,1.93708,272,8,0
2024-03-28 19:20:00,1.93708,1.9373,1.93704,1.93716,377,8,0
2024-03-28 19:25:00,1.93716,1.93716,1.9369399999999999,1.93702,387,8,0
2024-03-28 19:30:00,1.93702,1.93727,1.93693,1.93704,377,8,0
2024-03-28 19:35:00,1.93704,1.9371800000000001,1.9368699999999999,1.93709,278,8,0
2024-03-28 19:40:00,1.93709,1.93713,1.93685,1.9368699999999999,218,8,0
2024-03-28 19:45:00,1.93686,1.93693,1.93656,1.93669,379,8,0
2024-03-28 19:50:00,1.93669,1.93695,1.93654,1.93654,537,8,0
2024-03-28 19:55:00,1.93654,1.9367999999999999,1.93638,1.9367299999999998,710,8,0
2024-03-28 20:00:00,1.93675,1.93733,1.93672,1.93715,429,8,0
2024-03-28 20:05:00,1.93715,1.9372500000000001,1.9370699999999998,1.93716,208,8,0
2024-03-28 20:10:00,1.93716,1.93737,1.93704,1.93736,71,8,0
2024-03-28 20:15:00,1.93736,1.93753,1.93729,1.93735,131,8,0
2024-03-28 20:20:00,1.93735,1.93743,1.93719,1.93729,124,8,0
2024-03-28 20:25:00,1.93729,1.93743,1.93722,1.93735,108,8,0
2024-03-28 20:30:00,1.93735,1.93739,1.93716,1.93738,79,8,0
2024-03-28 20:35:00,1.93738,1.93739,1.93726,1.93733,46,8,0
2024-03-28 20:40:00,1.93733,1.93767,1.93731,1.9376600000000002,86,8,0
2024-03-28 20:45:00,1.93764,1.93771,1.93731,1.93738,266,9,0
2024-03-28 20:50:00,1.9374,1.9374500000000001,1.93708,1.9371,508,8,0
2024-03-28 20:55:00,1.93708,1.93737,1.9369100000000001,1.93733,375,8,0
2024-03-28 21:00:00,1.93719,1.93719,1.93392,1.93564,19,38,0
2024-03-28 21:05:00,1.93575,1.9363299999999999,1.9356900000000001,1.93618,40,55,0
2024-03-28 21:10:00,1.93618,1.93709,1.93618,1.9366400000000001,62,51,0
2024-03-28 21:15:00,1.9367,1.9371,1.93668,1.9370699999999998,36,51,0
2024-03-28 21:20:00,1.9370699999999998,1.9377,1.93655,1.93685,66,52,0
2024-03-28 21:25:00,1.93685,1.93701,1.9365,1.93669,60,62,0
2024-03-28 21:30:00,1.9368400000000001,1.93719,1.9368400000000001,1.93701,45,56,0
2024-03-28 21:35:00,1.93701,1.93712,1.9369100000000001,1.93712,55,43,0
2024-03-28 21:40:00,1.93712,1.93715,1.93696,1.9370500000000002,90,24,0
2024-03-28 21:45:00,1.9370500000000002,1.93751,1.9369800000000001,1.93742,253,19,0
2024-03-28 21:50:00,1.93742,1.9374799999999999,1.93652,1.9369399999999999,204,35,0
2024-03-28 21:55:00,1.9369399999999999,1.93702,1.93693,1.93693,16,49,0
2024-03-28 22:00:00,1.93699,1.93737,1.9367100000000002,1.9369399999999999,108,36,0
2024-03-28 22:05:00,1.9369399999999999,1.93731,1.93663,1.93728,27,25,0
2024-03-28 22:10:00,1.93728,1.93728,1.9372,1.93722,19,46,0
2024-03-28 22:15:00,1.93722,1.9378,1.93713,1.9373,149,8,0
2024-03-28 22:20:00,1.9373,1.9373,1.93674,1.9368699999999999,100,41,0
2024-03-28 22:25:00,1.9368699999999999,1.937,1.93674,1.93686,65,57,0
2024-03-28 22:30:00,1.93686,1.9372099999999999,1.9365,1.9370500000000002,238,8,0
2024-03-28 22:35:00,1.9370500000000002,1.93713,1.9370500000000002,1.93708,197,39,0
2024-03-28 22:40:00,1.9371,1.9373399999999998,1.93708,1.93726,133,29,0
2024-03-28 22:45:00,1.93726,1.93736,1.93704,1.93729,198,37,0
2024-03-28 22:50:00,1.93729,1.93737,1.9371800000000001,1.9373399999999998,241,54,0
2024-03-28 22:55:00,1.9373,1.93788,1.93712,1.93744,208,34,0
2024-03-28 23:00:00,1.93744,1.9377900000000001,1.9370699999999998,1.93757,1341,16,0
2024-03-28 23:05:00,1.9375499999999999,1.93785,1.93753,1.9377,941,13,0
2024-03-28 23:10:00,1.93771,1.9378,1.9376600000000002,1.93773,526,15,0
2024-03-28 23:15:00,1.93773,1.9377900000000001,1.93757,1.93772,753,17,0
2024-03-28 23:20:00,1.9377,1.938,1.9375900000000001,1.93777,716,19,0
2024-03-28 23:25:00,1.93777,1.93838,1.93764,1.93811,787,8,0
2024-03-28 23:30:00,1.93817,1.9385400000000002,1.93794,1.9380199999999999,520,8,0
2024-03-28 23:35:00,1.9380199999999999,1.93841,1.93791,1.93801,908,8,0
2024-03-28 23:40:00,1.93801,1.93811,1.9369100000000001,1.93704,765,8,0
2024-03-28 23:45:00,1.93704,1.93772,1.9369800000000001,1.93739,312,17,0
2024-03-28 23:50:00,1.93728,1.93746,1.93689,1.9373399999999998,452,64,0
2024-03-28 23:55:00,1.93739,1.9374,1.93668,1.9369399999999999,115,22,0
2024-03-29 00:00:00,1.93685,1.93713,1.93679,1.93697,223,30,0
2024-03-29 00:05:00,1.93697,1.9374500000000001,1.93683,1.93738,160,14,0
2024-03-29 00:10:00,1.93738,1.9374099999999999,1.93728,1.9373200000000002,275,12,0
2024-03-29 00:15:00,1.9373200000000002,1.9375,1.93666,1.93749,252,8,0
2024-03-29 00:20:00,1.93749,1.93774,1.93743,1.93762,353,16,0
2024-03-29 00:25:00,1.93763,1.93764,1.93743,1.93746,69,16,0
2024-03-29 00:30:00,1.93746,1.93764,1.93744,1.93761,124,13,0
2024-03-29 00:35:00,1.93761,1.9379499999999998,1.9373399999999998,1.93742,138,8,0
2024-03-29 00:40:00,1.93742,1.93746,1.9373200000000002,1.9374500000000001,182,10,0
2024-03-29 00:45:00,1.93744,1.9375499999999999,1.9373,1.93731,301,12,0
2024-03-29 00:50:00,1.93731,1.93842,1.93486,1.93822,793,8,0
2024-03-29 00:55:00,1.93822,1.93825,1.93659,1.93695,262,8,0
2024-03-29 01:00:00,1.93695,1.9386100000000002,1.9369100000000001,1.93857,381,8,0
2024-03-29 01:05:00,1.93857,1.93869,1.93851,1.93862,108,8,0
2024-03-29 01:10:00,1.93862,1.93871,1.9385400000000002,1.93864,91,15,0
2024-03-29 01:15:00,1.93864,1.93984,1.9385599999999998,1.93975,321,8,0
2024-03-29 01:20:00,1.93977,1.93981,1.93882,1.93886,488,8,0
2024-03-29 01:25:00,1.93887,1.9392800000000001,1.93887,1.9392800000000001,313,13,0
2024-03-29 01:30:00,1.9392800000000001,1.93929,1.93837,1.93838,263,9,0
2024-03-29 01:35:00,1.93838,1.93842,1.93788,1.93807,102,8,0
2024-03-29 01:40:00,1.93807,1.93807,1.93777,1.9378600000000001,178,11,0
2024-03-29 01:45:00,1.9378600000000001,1.9380600000000001,1.93754,1.93785,146,8,0
2024-03-29 01:50:00,1.93785,1.93796,1.9378199999999999,1.93794,81,8,0
2024-03-29 01:55:00,1.93794,1.9379499999999998,1.93689,1.93692,123,8,0
2024-03-29 02:00:00,1.93692,1.9370500000000002,1.93651,1.93675,469,8,0
2024-03-29 02:05:00,1.93675,1.93709,1.93598,1.93654,452,8,0
2024-03-29 02:10:00,1.93654,1.93695,1.9365,1.9369100000000001,727,16,0
2024-03-29 02:15:00,1.9369100000000001,1.9370699999999998,1.9360300000000001,1.9364,119,17,0
2024-03-29 02:20:00,1.9364,1.93661,1.9359600000000001,1.93622,606,13,0
2024-03-29 02:25:00,1.93613,1.9365,1.93613,1.93647,186,15,0
2024-03-29 02:30:00,1.93649,1.93659,1.93621,1.93643,687,8,0
2024-03-29 02:35:00,1.93643,1.93656,1.93628,1.9364599999999998,874,12,0
2024-03-29 02:40:00,1.93647,1.9368400000000001,1.93606,1.93658,535,8,0
2024-03-29 02:45:00,1.93658,1.93668,1.93638,1.93652,318,12,0
2024-03-29 02:50:00,1.93651,1.9367299999999998,1.9365,1.93667,319,11,0
2024-03-29 02:55:00,1.93667,1.93689,1.93667,1.93675,198,12,0
2024-03-29 03:00:00,1.93675,1.9374500000000001,1.93665,1.93708,227,8,0
2024-03-29 03:05:00,1.93708,1.93763,1.9369399999999999,1.9376,441,8,0
2024-03-29 03:10:00,1.9376,1.9376600000000002,1.9374500000000001,1.93746,419,16,0
2024-03-29 03:15:00,1.9374500000000001,1.93796,1.9372099999999999,1.93747,488,13,0
2024-03-29 03:20:00,1.93747,1.93792,1.93693,1.93791,358,8,0
2024-03-29 03:25:00,1.93792,1.93792,1.9377499999999999,1.93781,161,17,0
2024-03-29 03:30:00,1.93781,1.93785,1.9377900000000001,1.93783,86,18,0
2024-03-29 03:35:00,1.93783,1.93823,1.9377900000000001,1.93814,116,8,0
2024-03-29 03:40:00,1.93814,1.9386700000000001,1.93812,1.93864,131,8,0
2024-03-29 03:45:00,1.93864,1.93865,1.93834,1.93842,250,8,0
2024-03-29 03:50:00,1.93844,1.93844,1.93833,1.93834,146,15,0
2024-03-29 03:55:00,1.93834,1.93852,1.93818,1.93835,279,10,0
2024-03-29 04:00:00,1.93835,1.93835,1.93765,1.93776,185,13,0
2024-03-29 04:05:00,1.93776,1.9379499999999998,1.93773,1.9379300000000002,280,15,0
2024-03-29 04:10:00,1.9379300000000002,1.93839,1.93783,1.9382700000000002,158,8,0
2024-03-29 04:15:00,1.9382700000000002,1.9382700000000002,1.9379,1.93807,248,13,0
2024-03-29 04:20:00,1.93807,1.93811,1.938,1.93808,403,11,0
2024-03-29 04:25:00,1.93808,1.9386999999999999,1.93803,1.93866,286,8,0
2024-03-29 04:30:00,1.93866,1.9386999999999999,1.9381599999999999,1.93824,215,13,0
2024-03-29 04:35:00,1.93824,1.93834,1.93812,1.93814,411,14,0
2024-03-29 04:40:00,1.93815,1.93859,1.938,1.93857,440,11,0
2024-03-29 04:45:00,1.93857,1.9386,1.938,1.93824,60,9,0
2024-03-29 04:50:00,1.93824,1.93832,1.93801,1.9381,133,9,0
2024-03-29 04:55:00,1.9381,1.9387400000000001,1.93797,1.9387400000000001,283,8,0
2024-03-29 05:00:00,1.93872,1.93872,1.93731,1.9378199999999999,196,8,0
2024-03-29 05:05:00,1.9378199999999999,1.93825,1.9378,1.9380199999999999,136,8,0
2024-03-29 05:10:00,1.9380199999999999,1.93828,1.93765,1.9377,153,9,0
2024-03-29 05:15:00,1.9377,1.93777,1.93757,1.93763,164,16,0
2024-03-29 05:20:00,1.93763,1.9378199999999999,1.93761,1.93778,77,13,0
2024-03-29 05:25:00,1.9378,1.9381599999999999,1.9375200000000001,1.93814,223,8,0
2024-03-29 05:30:00,1.93814,1.93914,1.93771,1.93912,343,8,0
2024-03-29 05:35:00,1.93912,1.9391500000000002,1.93906,1.9391,147,20,0
2024-03-29 05:40:00,1.9391,1.9391500000000002,1.939,1.939,42,9,0
2024-03-29 05:45:00,1.939,1.9390399999999999,1.93896,1.93902,45,8,0
2024-03-29 05:50:00,1.93902,1.93903,1.93815,1.93817,29,8,0
2024-03-29 05:55:00,1.93817,1.9386299999999999,1.938,1.93859,51,8,0
2024-03-29 06:00:00,1.93859,1.93873,1.9385599999999998,1.93871,118,12,0
2024-03-29 06:05:00,1.93871,1.93878,1.93868,1.9387699999999999,57,17,0
2024-03-29 06:10:00,1.9387699999999999,1.93884,1.93862,1.93878,315,10,0
2024-03-29 06:15:00,1.93878,1.9393799999999999,1.9387400000000001,1.9393,56,8,0
2024-03-29 06:20:00,1.9393,1.9395,1.93927,1.93937,48,8,0
2024-03-29 06:25:00,1.93937,1.9396200000000001,1.93937,1.9396200000000001,18,8,0
2024-03-29 06:30:00,1.9396200000000001,1.93993,1.93961,1.93984,147,8,0
2024-03-29 06:35:00,1.93984,1.93984,1.9397799999999998,1.93981,123,10,0
2024-03-29 06:40:00,1.93981,1.9398300000000002,1.93948,1.93953,193,8,0
2024-03-29 06:45:00,1.93953,1.93956,1.9394900000000002,1.93952,314,12,0
2024-03-29 06:50:00,1.93952,1.94027,1.93893,1.94025,97,8,0
2024-03-29 06:55:00,1.94025,1.94025,1.93912,1.9391500000000002,301,8,0
2024-03-29 07:00:00,1.93913,1.93921,1.9391,1.93911,128,10,0
2024-03-29 07:05:00,1.93911,1.9391699999999998,1.9387699999999999,1.93887,126,16,0
2024-03-29 07:10:00,1.93886,1.93892,1.93865,1.93882,46,8,0
2024-03-29 07:15:00,1.93882,1.93892,1.9387699999999999,1.93891,45,16,0
2024-03-29 07:20:00,1.93891,1.9391500000000002,1.93886,1.93891,126,15,0
2024-03-29 07:25:00,1.93891,1.9393799999999999,1.93891,1.93936,88,12,0
2024-03-29 07:30:00,1.93936,1.9396900000000001,1.93936,1.93957,301,8,0
2024-03-29 07:35:00,1.93957,1.93966,1.93919,1.9392,68,8,0
2024-03-29 07:40:00,1.9392,1.93968,1.9392,1.93957,89,8,0
2024-03-29 07:45:00,1.93941,1.93966,1.93906,1.93912,235,12,0
2024-03-29 07:50:00,1.93912,1.93963,1.9390399999999999,1.9392399999999999,267,8,0
2024-03-29 07:55:00,1.9392399999999999,1.9393500000000001,1.9383,1.93834,182,8,0
2024-03-29 08:00:00,1.93834,1.93894,1.93834,1.93882,142,8,0
2024-03-29 08:05:00,1.93882,1.93932,1.93882,1.9392200000000002,28,8,0
2024-03-29 08:10:00,1.9392200000000002,1.9392200000000002,1.9390100000000001,1.93902,21,8,0
2024-03-29 08:15:00,1.93902,1.93902,1.9389699999999999,1.939,31,14,0
2024-03-29 08:20:00,1.939,1.93918,1.93883,1.93883,30,8,0
2024-03-29 08:25:00,1.93883,1.93883,1.9388100000000001,1.9388100000000001,6,18,0
2024-03-29 08:30:00,1.9388100000000001,1.93885,1.9385,1.93857,186,8,0
2024-03-29 08:35:00,1.93857,1.93872,1.9379499999999998,1.93812,130,8,0
2024-03-29 08:40:00,1.93812,1.93815,1.93785,1.9379499999999998,53,8,0
2024-03-29 08:45:00,1.9379499999999998,1.93821,1.93792,1.93821,34,10,0
2024-03-29 08:50:00,1.93821,1.93852,1.9381300000000001,1.93828,173,12,0
2024-03-29 08:55:00,1.93828,1.9387699999999999,1.93825,1.93855,70,8,0
2024-03-29 09:00:00,1.93855,1.9388100000000001,1.93848,1.9386,68,8,0
2024-03-29 09:05:00,1.93859,1.93865,1.93852,1.93855,70,13,0
2024-03-29 09:10:00,1.93855,1.93857,1.93848,1.93849,63,10,0
2024-03-29 09:15:00,1.93849,1.93857,1.93812,1.93826,86,8,0
2024-03-29 09:20:00,1.93826,1.9382899999999998,1.9381300000000001,1.9381300000000001,41,16,0
2024-03-29 09:25:00,1.9381300000000001,1.93821,1.9381300000000001,1.9381599999999999,32,18,0
2024-03-29 09:30:00,1.9381599999999999,1.9386299999999999,1.93805,1.93807,124,8,0
2024-03-29 09:35:00,1.9380899999999999,1.9380899999999999,1.9373399999999998,1.93738,168,10,0
2024-03-29 09:40:00,1.93738,1.93744,1.9373200000000002,1.9373200000000002,38,8,0
2024-03-29 09:45:00,1.9373200000000002,1.93754,1.9372500000000001,1.93729,28,13,0
2024-03-29 09:50:00,1.93729,1.93729,1.93669,1.9367,113,8,0
2024-03-29 09:55:00,1.9367,1.9367999999999999,1.9362599999999999,1.9362599999999999,109,8,0
2024-03-29 10:00:00,1.93635,1.93658,1.93625,1.93648,388,8,0
2024-03-29 10:05:00,1.93648,1.9367100000000002,1.93648,1.9366400000000001,61,8,0
2024-03-29 10:10:00,1.9366400000000001,1.93722,1.9366400000000001,1.93669,140,8,0
2024-03-29 10:15:00,1.93669,1.93719,1.93667,1.93712,149,8,0
2024-03-29 10:20:00,1.93712,1.93715,1.93679,1.93683,299,8,0
2024-03-29 10:25:00,1.93683,1.93689,1.9367299999999998,1.93678,215,8,0
2024-03-29 10:30:00,1.93678,1.9367999999999999,1.9367,1.93677,100,18,0
2024-03-29 10:35:00,1.93677,1.9369100000000001,1.93655,1.93655,122,13,0
2024-03-29 10:40:00,1.93655,1.93679,1.93642,1.93679,75,8,0
2024-03-29 10:45:00,1.93679,1.93679,1.93616,1.9362,85,8,0
2024-03-29 10:50:00,1.9362,1.9362599999999999,1.93608,1.93608,178,8,0
2024-03-29 10:55:00,1.93608,1.93631,1.93605,1.93608,126,8,0
2024-03-29 11:00:00,1.93608,1.93629,1.93577,1.93617,220,8,0
2024-03-29 11:05:00,1.93617,1.93629,1.93601,1.93624,196,8,0
2024-03-29 11:10:00,1.93625,1.9365999999999999,1.93616,1.9362,270,9,0
2024-03-29 11:15:00,1.9362,1.9365999999999999,1.9361899999999999,1.93652,204,14,0
2024-03-29 11:20:00,1.9365,1.93785,1.9365,1.93726,225,8,0
2024-03-29 11:25:00,1.93726,1.93728,1.9364400000000002,1.93647,198,8,0
2024-03-29 11:30:00,1.93647,1.93686,1.93647,1.93674,134,10,0
2024-03-29 11:35:00,1.93674,1.93677,1.93645,1.9364599999999998,146,10,0
2024-03-29 11:40:00,1.9364599999999998,1.93682,1.9363299999999999,1.93679,195,9,0
2024-03-29 11:45:00,1.93677,1.93683,1.93641,1.93645,237,8,0
2024-03-29 11:50:00,1.93645,1.93652,1.93642,1.9364599999999998,301,14,0
2024-03-29 11:55:00,1.93648,1.9367100000000002,1.93642,1.93652,239,8,0
2024-03-29 12:00:00,1.93654,1.93683,1.9364400000000002,1.9367299999999998,93,11,0
2024-03-29 12:05:00,1.9367299999999998,1.9368400000000001,1.93659,1.93669,100,12,0
2024-03-29 12:10:00,1.93678,1.93717,1.93652,1.93696,218,8,0
2024-03-29 12:15:00,1.93697,1.93706,1.93688,1.9369800000000001,104,8,0
2024-03-29 12:20:00,1.9369800000000001,1.9375200000000001,1.93697,1.93751,133,8,0
2024-03-29 12:25:00,1.9374799999999999,1.93825,1.93566,1.93571,170,8,0
2024-03-29 12:30:00,1.93589,1.93678,1.93588,1.93649,319,8,0
2024-03-29 12:35:00,1.93649,1.93666,1.93476,1.93476,316,8,0
2024-03-29 12:40:00,1.93476,1.9378600000000001,1.93335,1.93534,680,8,0
2024-03-29 12:45:00,1.93534,1.93536,1.9346700000000001,1.93486,125,8,0
2024-03-29 12:50:00,1.93486,1.9353500000000001,1.93432,1.93527,167,8,0
2024-03-29 12:55:00,1.93527,1.93548,1.93512,1.93539,66,8,0
2024-03-29 13:00:00,1.93539,1.93563,1.93526,1.9356,104,14,0
2024-03-29 13:05:00,1.9356,1.93605,1.9356,1.936,19,8,0
2024-03-29 13:10:00,1.936,1.9361000000000002,1.93597,1.93607,136,15,0
2024-03-29 13:15:00,1.93607,1.93658,1.93604,1.93654,142,8,0
2024-03-29 13:20:00,1.93654,1.93772,1.93654,1.9371,419,8,0
2024-03-29 13:25:00,1.9371,1.93777,1.93709,1.93762,151,8,0
2024-03-29 13:30:00,1.93762,1.93762,1.93682,1.93686,413,8,0
2024-03-29 13:35:00,1.9368699999999999,1.9370699999999998,1.9368400000000001,1.9370500000000002,163,8,0
2024-03-29 13:40:00,1.9370500000000002,1.93719,1.9370500000000002,1.93716,29,14,0
2024-03-29 13:45:00,1.93717,1.93722,1.9362300000000001,1.9365299999999999,135,8,0
2024-03-29 13:50:00,1.9365299999999999,1.93662,1.93547,1.93567,192,8,0
2024-03-29 13:55:00,1.93567,1.93669,1.93567,1.93666,149,8,0
2024-03-29 14:00:00,1.93666,1.93667,1.9352800000000001,1.93615,289,8,0
2024-03-29 14:05:00,1.93615,1.93621,1.936,1.936,265,12,0
2024-03-29 14:10:00,1.936,1.93602,1.9348,1.93529,126,8,0
2024-03-29 14:15:00,1.93529,1.9356,1.93529,1.93559,49,8,0
2024-03-29 14:20:00,1.93559,1.93604,1.93559,1.93589,16,8,0
2024-03-29 14:25:00,1.93589,1.93648,1.93588,1.93648,157,8,0
2024-03-29 14:30:00,1.93648,1.9365299999999999,1.9363299999999999,1.9363299999999999,20,8,0
2024-03-29 14:35:00,1.9363299999999999,1.93634,1.93625,1.9362599999999999,19,8,0
2024-03-29 14:40:00,1.9362599999999999,1.9362599999999999,1.93579,1.9360300000000001,62,8,0
2024-03-29 14:45:00,1.9360300000000001,1.93758,1.93597,1.93609,303,8,0
2024-03-29 14:50:00,1.93609,1.93625,1.93605,1.93622,172,11,0
2024-03-29 14:55:00,1.93622,1.93642,1.93617,1.93632,213,13,0
2024-03-29 15:00:00,1.93632,1.93649,1.93607,1.93632,241,8,0
2024-03-29 15:05:00,1.93632,1.93636,1.93631,1.93632,20,10,0
2024-03-29 15:10:00,1.93632,1.9363899999999998,1.936,1.93605,78,9,0
2024-03-29 15:15:00,1.93605,1.93609,1.9359899999999999,1.936,170,16,0
2024-03-29 15:20:00,1.936,1.9362300000000001,1.936,1.93622,35,15,0
2024-03-29 15:25:00,1.9362300000000001,1.9363000000000001,1.93577,1.93615,229,19,0
2024-03-29 15:30:00,1.93601,1.9367100000000002,1.93541,1.9365,239,29,0
2024-03-29 15:35:00,1.93652,1.9374500000000001,1.93611,1.93681,373,8,0
2024-03-29 15:40:00,1.93681,1.9373200000000002,1.93674,1.937,969,12,0
2024-03-29 15:45:00,1.93701,1.9372,1.93697,1.93713,333,19,0
2024-03-29 15:50:00,1.93715,1.93716,1.93675,1.93693,317,8,0
2024-03-29 15:55:00,1.93693,1.93742,1.93658,1.93735,64,8,0
2024-03-29 16:00:00,1.93735,1.93758,1.93686,1.93758,119,8,0
2024-03-29 16:05:00,1.93758,1.93758,1.9368699999999999,1.9369100000000001,73,8,0
2024-03-29 16:10:00,1.9369100000000001,1.93693,1.9362,1.93628,150,8,0
2024-03-29 16:15:00,1.93628,1.93636,1.93627,1.93636,46,9,0
2024-03-29 16:20:00,1.93636,1.9363700000000001,1.93631,1.93634,9,16,0
2024-03-29 16:25:00,1.93634,1.9367,1.93622,1.93668,24,8,0
2024-03-29 16:30:00,1.93668,1.9367299999999998,1.93649,1.93656,51,8,0
2024-03-29 16:35:00,1.93656,1.93661,1.93656,1.93656,10,13,0
2024-03-29 16:40:00,1.93656,1.93656,1.9361899999999999,1.93621,60,8,0
2024-03-29 16:45:00,1.93621,1.93621,1.93614,1.93618,114,12,0
2024-03-29 16:50:00,1.93618,1.93668,1.9361199999999998,1.93665,2304,8,0
2024-03-29 16:55:00,1.93665,1.93665,1.9364,1.93648,29,8,0
2024-03-29 17:00:00,1.93648,1.93648,1.9362599999999999,1.93632,36,12,0
2024-03-29 17:05:00,1.93632,1.93642,1.936,1.936,35,8,0
2024-03-29 17:10:00,1.936,1.936,1.9353799999999999,1.9356200000000001,156,8,0
2024-03-29 17:15:00,1.9356200000000001,1.9356200000000001,1.9355099999999998,1.93561,33,10,0
2024-03-29 17:20:00,1.93561,1.9356200000000001,1.93556,1.93556,14,12,0
2024-03-29 17:25:00,1.93556,1.93556,1.93485,1.9350100000000001,45,8,0
2024-03-29 17:30:00,1.9350100000000001,1.9350399999999999,1.93485,1.93492,175,8,0
2024-03-29 17:35:00,1.93493,1.93498,1.9348800000000002,1.93495,84,8,0
2024-03-29 17:40:00,1.93495,1.9350100000000001,1.93492,1.935,46,11,0
2024-03-29 17:45:00,1.935,1.93519,1.93496,1.93513,202,8,0
2024-03-29 17:50:00,1.93513,1.9351500000000001,1.9351099999999999,1.93514,9,13,0
2024-03-29 17:55:00,1.93514,1.93529,1.93513,1.93527,20,8,0
2024-03-29 18:00:00,1.93527,1.93527,1.93485,1.9350399999999999,36,8,0
2024-03-29 18:05:00,1.9350399999999999,1.93509,1.9349699999999999,1.93509,21,8,0
2024-03-29 18:10:00,1.93509,1.93509,1.9349699999999999,1.93502,17,10,0
2024-03-29 18:15:00,1.93502,1.9351500000000001,1.93498,1.9351500000000001,20,8,0
2024-03-29 18:20:00,1.9351500000000001,1.9351500000000001,1.9350800000000001,1.93509,19,9,0
2024-03-29 18:25:00,1.93509,1.93512,1.9349699999999999,1.93509,23,8,0
2024-03-29 18:30:00,1.93509,1.93509,1.9350399999999999,1.93505,11,8,0
2024-03-29 18:35:00,1.93505,1.93505,1.93498,1.9350100000000001,8,8,0
2024-03-29 18:40:00,1.9350100000000001,1.9351,1.9346999999999999,1.9348800000000002,33,8,0
2024-03-29 18:45:00,1.93484,1.93484,1.93468,1.93475,1999,27,0
2024-03-29 18:50:00,1.93475,1.93496,1.93471,1.93493,293,25,0
2024-03-29 18:55:00,1.93493,1.93506,1.93431,1.93503,74,8,0
2024-03-29 19:00:00,1.93503,1.93523,1.93503,1.93516,88,26,0
2024-03-29 19:05:00,1.93516,1.9351699999999998,1.93505,1.93512,34,35,0
2024-03-29 19:10:00,1.93514,1.93526,1.93494,1.9349699999999999,70,29,0
2024-03-29 19:15:00,1.9349699999999999,1.93505,1.93485,1.9348999999999998,62,28,0
2024-03-29 19:20:00,1.9348999999999998,1.93513,1.93465,1.93469,86,22,0
2024-03-29 19:25:00,1.93469,1.93527,1.93469,1.93527,89,29,0
2024-03-29 19:30:00,1.93541,1.93541,1.93507,1.93532,82,15,0
2024-03-29 19:35:00,1.93532,1.93537,1.9352399999999998,1.93537,11,38,0
2024-03-29 19:40:00,1.93537,1.93557,1.93529,1.93529,38,14,0
2024-03-29 19:45:00,1.93529,1.93529,1.9352200000000002,1.9352200000000002,7,32,0
2024-03-29 19:50:00,1.9352200000000002,1.93541,1.93295,1.93442,62,28,0
2024-03-29 19:55:00,1.93442,1.93489,1.93309,1.93365,465,198,0
2024-03-29 20:00:00,1.93365,1.93365,1.93256,1.9326400000000001,22,318,0
2024-03-29 20:05:00,1.9326400000000001,1.9326400000000001,1.93238,1.93252,18,406,0
2024-03-29 20:10:00,1.93252,1.93288,1.93252,1.93288,14,411,0
2024-03-29 20:15:00,1.93288,1.93288,1.93285,1.93288,7,426,0
2024-03-29 20:20:00,1.93288,1.93296,1.93288,1.93288,9,460,0
2024-03-29 20:25:00,1.93288,1.93312,1.93252,1.93302,30,453,0
2024-03-29 20:30:00,1.93302,1.93713,1.93232,1.93428,132,202,0
2024-03-29 20:35:00,1.93428,1.93728,1.9338,1.9370500000000002,164,123,0
2024-03-29 20:40:00,1.9370500000000002,1.93789,1.9348999999999998,1.93764,156,64,0
2024-03-29 20:45:00,1.93764,1.9378199999999999,1.9342700000000002,1.93453,112,80,0
2024-03-29 20:50:00,1.93453,1.9376,1.93432,1.9344700000000001,147,269,0
2024-03-31 21:05:00,1.93401,1.93613,1.93401,1.93613,30,331,0
2024-03-31 21:10:00,1.93548,1.93643,1.9348100000000001,1.93643,33,438,0
2024-03-31 21:15:00,1.93643,1.93679,1.9358499999999998,1.9365,41,401,0
2024-03-31 21:20:00,1.9365,1.93666,1.93555,1.93557,22,414,0
2024-03-31 21:25:00,1.93557,1.9357600000000001,1.93554,1.93554,11,424,0
2024-03-31 21:30:00,1.93554,1.93688,1.93554,1.93595,97,220,0
2024-03-31 21:35:00,1.93595,1.93676,1.93564,1.93676,132,195,0
2024-03-31 21:40:00,1.93676,1.9368400000000001,1.93654,1.93654,18,215,0
2024-03-31 21:45:00,1.93654,1.93668,1.9361000000000002,1.9365,16,219,0
2024-03-31 21:50:00,1.9365,1.93676,1.93617,1.93622,17,197,0
2024-03-31 21:55:00,1.93622,1.93672,1.93575,1.93575,39,182,0
2024-03-31 22:00:00,1.93575,1.93697,1.93356,1.9337499999999999,634,14,0
2024-03-31 22:05:00,1.93373,1.9344000000000001,1.93372,1.93431,320,12,0
2024-03-31 22:10:00,1.93431,1.93495,1.93396,1.93444,351,8,0
2024-03-31 22:15:00,1.93444,1.9345599999999998,1.93423,1.93432,244,8,0
2024-03-31 22:20:00,1.93432,1.93498,1.93428,1.93482,197,8,0
2024-03-31 22:25:00,1.93482,1.93485,1.93435,1.9346,386,8,0
2024-03-31 22:30:00,1.9346,1.93489,1.93428,1.9348,392,8,0
2024-03-31 22:35:00,1.9348,1.935,1.93455,1.9349699999999999,333,8,0
2024-03-31 22:40:00,1.9349699999999999,1.93518,1.93424,1.93439,356,8,0
2024-03-31 22:45:00,1.9344000000000001,1.93466,1.93431,1.93457,275,8,0
2024-03-31 22:50:00,1.93457,1.9346100000000002,1.93426,1.93442,281,8,0
2024-03-31 22:55:00,1.93445,1.93445,1.9341599999999999,1.9343599999999999,271,8,0
2024-03-31 23:00:00,1.93438,1.93485,1.93438,1.93466,343,8,0
2024-03-31 23:05:00,1.93466,1.9346700000000001,1.93425,1.93434,205,8,0
2024-03-31 23:10:00,1.93434,1.93441,1.93421,1.93435,221,8,0
2024-03-31 23:15:00,1.93435,1.9344000000000001,1.93421,1.93426,147,8,0
2024-03-31 23:20:00,1.93426,1.93478,1.93426,1.93471,255,8,0
2024-03-31 23:25:00,1.93471,1.93472,1.93446,1.9346100000000002,400,8,0
2024-03-31 23:30:00,1.9346100000000002,1.9346700000000001,1.93388,1.93419,475,8,0
2024-03-31 23:35:00,1.93419,1.9344999999999999,1.93418,1.93442,442,8,0
2024-03-31 23:40:00,1.93444,1.93455,1.9342000000000001,1.93445,698,8,0
2024-03-31 23:45:00,1.93445,1.9347400000000001,1.93387,1.9339,570,8,0
2024-03-31 23:50:00,1.9339,1.9344000000000001,1.9339,1.9342700000000002,509,8,0
2024-03-31 23:55:00,1.93424,1.93459,1.93407,1.93418,697,8,0
2024-04-01 00:00:00,1.93418,1.93422,1.93311,1.93319,921,8,0
2024-04-01 00:05:00,1.93319,1.93397,1.93282,1.93387,841,8,0
2024-04-01 00:10:00,1.93387,1.93396,1.9335,1.93373,636,8,0
2024-04-01 00:15:00,1.9336799999999998,1.93383,1.9329399999999999,1.9333,694,8,0
2024-04-01 00:20:00,1.9333,1.93361,1.93301,1.9331,553,8,0
2024-04-01 00:25:00,1.9331,1.93354,1.9330500000000002,1.93353,444,8,0
2024-04-01 00:30:00,1.9335499999999999,1.9337499999999999,1.9332799999999999,1.9336799999999998,423,8,0
2024-04-01 00:35:00,1.9336799999999998,1.93428,1.9336799999999998,1.9342000000000001,604,8,0
2024-04-01 00:40:00,1.9342000000000001,1.93434,1.93365,1.9336799999999998,397,8,0
2024-04-01 00:45:00,1.9336799999999998,1.9343,1.9336,1.9336,498,8,0
2024-04-01 00:50:00,1.9336,1.9338199999999999,1.93327,1.93363,592,8,0
2024-04-01 00:55:00,1.93364,1.93438,1.9336,1.93419,570,8,0
2024-04-01 01:00:00,1.93419,1.93424,1.93374,1.93422,733,8,0
2024-04-01 01:05:00,1.93422,1.93458,1.93392,1.93415,703,8,0
2024-04-01 01:10:00,1.93415,1.93433,1.93381,1.93414,452,8,0
2024-04-01 01:15:00,1.93414,1.9344299999999999,1.93361,1.9344299999999999,628,8,0
2024-04-01 01:20:00,1.9344299999999999,1.9353099999999999,1.93438,1.93498,582,8,0
2024-04-01 01:25:00,1.93498,1.93516,1.93471,1.93506,353,8,0
2024-04-01 01:30:00,1.93506,1.9354900000000002,1.93455,1.93519,514,8,0
2024-04-01 01:35:00,1.93519,1.9353799999999999,1.93485,1.9351500000000001,503,8,0
2024-04-01 01:40:00,1.9351500000000001,1.93552,1.93502,1.9352399999999998,268,8,0
2024-04-01 01:45:00,1.9352399999999998,1.93534,1.9350399999999999,1.93527,372,8,0
2024-04-01 01:50:00,1.93527,1.9353099999999999,1.93485,1.93498,432,8,0
2024-04-01 01:55:00,1.93499,1.93537,1.93492,1.93533,419,8,0
2024-04-01 02:00:00,1.93533,1.93605,1.9353099999999999,1.9359,529,8,0
2024-04-01 02:05:00,1.9359,1.9359600000000001,1.9355099999999998,1.9359,396,8,0
2024-04-01 02:10:00,1.9359,1.93594,1.9356,1.93564,349,8,0
2024-04-01 02:15:00,1.93564,1.93571,1.93534,1.9354200000000001,219,8,0
2024-04-01 02:20:00,1.9354200000000001,1.9356499999999999,1.9353799999999999,1.93552,209,8,0
2024-04-01 02:25:00,1.93552,1.93579,1.93545,1.93561,253,8,0
2024-04-01 02:30:00,1.93561,1.9357199999999999,1.93546,1.93561,213,8,0
2024-04-01 02:35:00,1.9356200000000001,1.93584,1.93554,1.93555,199,8,0
2024-04-01 02:40:00,1.93555,1.93559,1.93516,1.93539,229,8,0
2024-04-01 02:45:00,1.93539,1.93556,1.9353099999999999,1.93533,173,8,0
2024-04-01 02:50:00,1.93533,1.93555,1.93532,1.93548,163,8,0
2024-04-01 02:55:00,1.93548,1.93566,1.93534,1.93544,177,8,0
2024-04-01 03:00:00,1.93544,1.93586,1.93543,1.9357799999999998,226,8,0
2024-04-01 03:05:00,1.9357799999999998,1.93649,1.9357600000000001,1.93622,235,8,0
2024-04-01 03:10:00,1.93622,1.93719,1.93622,1.93709,209,8,0
2024-04-01 03:15:00,1.93709,1.93723,1.9367299999999998,1.9367299999999998,269,8,0
2024-04-01 03:20:00,1.9367299999999998,1.9372500000000001,1.9367,1.9371800000000001,168,8,0
2024-04-01 03:25:00,1.93716,1.93746,1.93709,1.93727,431,8,0
2024-04-01 03:30:00,1.93727,1.93727,1.9361199999999998,1.9363000000000001,602,8,0
2024-04-01 03:35:00,1.9363000000000001,1.93662,1.93614,1.9363899999999998,333,8,0
2024-04-01 03:40:00,1.9363899999999998,1.9365299999999999,1.93628,1.9363000000000001,264,8,0
2024-04-01 03:45:00,1.9363000000000001,1.9365,1.93609,1.9362,334,8,0
2024-04-01 03:50:00,1.9362,1.9362,1.93561,1.93571,250,8,0
2024-04-01 03:55:00,1.93571,1.93595,1.93571,1.93588,189,8,0
2024-04-01 04:00:00,1.93588,1.9359199999999999,1.93554,1.9356900000000001,240,8,0
2024-04-01 04:05:00,1.9356900000000001,1.93631,1.9356499999999999,1.93627,399,8,0
2024-04-01 04:10:00,1.93627,1.93628,1.93595,1.93598,281,8,0
2024-04-01 04:15:00,1.93598,1.93615,1.93588,1.93601,406,8,0
2024-04-01 04:20:00,1.93602,1.9361199999999998,1.93594,1.93608,303,8,0
2024-04-01 04:25:00,1.93608,1.9365299999999999,1.93605,1.93647,359,8,0
2024-04-01 04:30:00,1.93647,1.93683,1.93645,1.93669,509,8,0
2024-04-01 04:35:00,1.93669,1.93695,1.93661,1.93692,345,8,0
2024-04-01 04:40:00,1.93692,1.93693,1.93616,1.9363899999999998,402,8,0
2024-04-01 04:45:00,1.9363899999999998,1.93663,1.93624,1.9363899999999998,456,8,0
2024-04-01 04:50:00,1.9363899999999998,1.93643,1.93632,1.93636,203,8,0
2024-04-01 04:55:00,1.93636,1.9364,1.93577,1.93586,437,8,0
2024-04-01 05:00:00,1.93586,1.9363000000000001,1.93586,1.9362599999999999,343,8,0
2024-04-01 05:05:00,1.93627,1.93681,1.93615,1.93636,374,8,0
2024-04-01 05:10:00,1.93636,1.93678,1.93628,1.9367,385,8,0
2024-04-01 05:15:00,1.9367,1.93696,1.9366400000000001,1.9369100000000001,238,8,0
2024-04-01 05:20:00,1.9369100000000001,1.9373,1.93688,1.9372,424,8,0
2024-04-01 05:25:00,1.9372,1.93738,1.9371399999999999,1.93735,334,8,0
2024-04-01 05:30:00,1.93735,1.93744,1.93709,1.93715,333,8,0
2024-04-01 05:35:00,1.93715,1.9375,1.93708,1.93744,298,8,0
2024-04-01 05:40:00,1.93744,1.93772,1.93743,1.9375200000000001,410,8,0
2024-04-01 05:45:00,1.9375200000000001,1.93763,1.9371,1.93723,394,8,0
2024-04-01 05:50:00,1.93723,1.9376,1.9371800000000001,1.93729,343,8,0
2024-04-01 05:55:00,1.9373,1.9374099999999999,1.93695,1.9371399999999999,415,8,0
2024-04-01 06:00:00,1.93716,1.9371800000000001,1.93643,1.93676,457,8,0
2024-04-01 06:05:00,1.93676,1.9369,1.9365700000000001,1.9365999999999999,287,8,0
2024-04-01 06:10:00,1.9365999999999999,1.93679,1.9365700000000001,1.93661,333,8,0
2024-04-01 06:15:00,1.93661,1.93682,1.93605,1.93615,324,8,0
2024-04-01 06:20:00,1.93615,1.93622,1.9354,1.93555,476,8,0
2024-04-01 06:25:00,1.93555,1.93568,1.93536,1.93546,358,8,0
2024-04-01 06:30:00,1.93546,1.9357600000000001,1.93534,1.93567,355,8,0
2024-04-01 06:35:00,1.9356900000000001,1.9359600000000001,1.9355799999999999,1.9359199999999999,486,8,0
2024-04-01 06:40:00,1.93588,1.93589,1.93509,1.9352200000000002,499,8,0
2024-04-01 06:45:00,1.9352200000000002,1.93554,1.9350399999999999,1.9355,305,8,0
2024-04-01 06:50:00,1.9355,1.9359899999999999,1.93548,1.93584,308,8,0
2024-04-01 06:55:00,1.93584,1.9358499999999998,1.93554,1.93573,275,8,0
2024-04-01 07:00:00,1.93573,1.93584,1.93539,1.93545,527,8,0
2024-04-01 07:05:00,1.93545,1.93553,1.93526,1.93552,375,8,0
2024-04-01 07:10:00,1.93552,1.93567,1.93536,1.9354200000000001,383,8,0
2024-04-01 07:15:00,1.9354200000000001,1.93573,1.9353099999999999,1.93543,313,8,0
2024-04-01 07:20:00,1.93543,1.93545,1.93499,1.9350100000000001,349,8,0
2024-04-01 07:25:00,1.9350100000000001,1.9351,1.93465,1.93465,270,8,0
2024-04-01 07:30:00,1.93465,1.93494,1.9344700000000001,1.93465,320,8,0
2024-04-01 07:35:00,1.93465,1.93484,1.93457,1.9346100000000002,292,8,0
2024-04-01 07:40:00,1.9346100000000002,1.93475,1.9344299999999999,1.9344299999999999,302,8,0
2024-04-01 07:45:00,1.9344299999999999,1.9344999999999999,1.93403,1.93418,470,8,0
2024-04-01 07:50:00,1.93417,1.93435,1.9339,1.93435,348,8,0
2024-04-01 07:55:00,1.93434,1.93441,1.93408,1.9341,264,8,0
2024-04-01 08:00:00,1.9341,1.9341599999999999,1.9336,1.93383,416,8,0
2024-04-01 08:05:00,1.9338199999999999,1.9339,1.93361,1.93388,408,8,0
2024-04-01 08:10:00,1.93388,1.9340899999999999,1.93381,1.9339300000000001,411,8,0
2024-04-01 08:15:00,1.9339300000000001,1.93458,1.9339300000000001,1.93439,211,8,0
2024-04-01 08:20:00,1.93439,1.9344700000000001,1.93398,1.93426,209,8,0
2024-04-01 08:25:00,1.93426,1.93434,1.93392,1.93415,262,8,0
2024-04-01 08:30:00,1.93415,1.93435,1.9341,1.93426,199,8,0
2024-04-01 08:35:00,1.93426,1.9346100000000002,1.93421,1.93453,208,8,0
2024-04-01 08:40:00,1.93453,1.93469,1.93444,1.93468,170,8,0
2024-04-01 08:45:00,1.93468,1.9347400000000001,1.93433,1.93446,223,8,0
2024-04-01 08:50:00,1.93446,1.9344700000000001,1.9338199999999999,1.93404,275,8,0
2024-04-01 08:55:00,1.93404,1.93435,1.93404,1.9342000000000001,128,8,0
2024-04-01 09:00:00,1.9342000000000001,1.9343,1.93403,1.93421,216,8,0
2024-04-01 09:05:00,1.93421,1.9342899999999998,1.93404,1.93414,142,9,0
2024-04-01 09:10:00,1.93414,1.9343,1.93392,1.93396,223,8,0
2024-04-01 09:15:00,1.93396,1.93404,1.9338199999999999,1.9340000000000002,169,8,0
2024-04-01 09:20:00,1.9340000000000002,1.93417,1.9338,1.9338899999999999,200,8,0
2024-04-01 09:25:00,1.9338899999999999,1.9343599999999999,1.9338899999999999,1.93405,441,8,0
2024-04-01 09:30:00,1.93405,1.93423,1.93401,1.93401,272,8,0
2024-04-01 09:35:00,1.93401,1.93446,1.93397,1.9342899999999998,219,8,0
2024-04-01 09:40:00,1.9342899999999998,1.93451,1.93418,1.93431,271,8,0
2024-04-01 09:45:00,1.93431,1.93459,1.93431,1.93445,144,8,0
2024-04-01 09:50:00,1.93445,1.93464,1.93432,1.9344700000000001,213,8,0
2024-04-01 09:55:00,1.9344700000000001,1.93496,1.93442,1.93487,206,8,0
2024-04-01 10:00:00,1.93487,1.93499,1.93482,1.93492,278,8,0
2024-04-01 10:05:00,1.93492,1.93492,1.93448,1.93457,290,8,0
2024-04-01 10:10:00,1.93458,1.93464,1.93415,1.93431,259,8,0
2024-04-01 10:15:00,1.93431,1.9346100000000002,1.93421,1.93444,269,8,0
2024-04-01 10:20:00,1.93444,1.93466,1.93423,1.93424,339,8,0
2024-04-01 10:25:00,1.93425,1.9350100000000001,1.93421,1.93493,414,8,0
2024-04-01 10:30:00,1.93493,1.93507,1.9346100000000002,1.93503,382,8,0
2024-04-01 10:35:00,1.93503,1.93512,1.9348,1.9348100000000001,122,8,0
2024-04-01 10:40:00,1.9348100000000001,1.9349699999999999,1.93478,1.9349699999999999,101,8,0
2024-04-01 10:45:00,1.9349699999999999,1.93521,1.9348999999999998,1.93514,165,8,0
2024-04-01 10:50:00,1.93514,1.9352,1.93484,1.93489,305,8,0
2024-04-01 10:55:00,1.93489,1.93513,1.93482,1.93503,219,8,0
2024-04-01 11:00:00,1.93503,1.93513,1.9346700000000001,1.9348999999999998,298,8,0
2024-04-01 11:05:00,1.9348999999999998,1.9353,1.93487,1.9350800000000001,251,8,0
2024-04-01 11:10:00,1.9350800000000001,1.93532,1.93503,1.9353099999999999,234,8,0
2024-04-01 11:15:00,1.9353099999999999,1.9355,1.93506,1.9351099999999999,238,8,0
2024-04-01 11:20:00,1.9351099999999999,1.93536,1.9351,1.9352800000000001,252,8,0
2024-04-01 11:25:00,1.9352800000000001,1.93544,1.93516,1.93543,265,8,0
2024-04-01 11:30:00,1.93543,1.93584,1.93537,1.93564,269,8,0
2024-04-01 11:35:00,1.93564,1.9357199999999999,1.93532,1.93536,348,8,0
2024-04-01 11:40:00,1.93536,1.9356200000000001,1.93519,1.9355099999999998,238,8,0
2024-04-01 11:45:00,1.9355099999999998,1.9356,1.93541,1.93556,200,8,0
2024-04-01 11:50:00,1.93556,1.93593,1.93555,1.9358,150,8,0
2024-04-01 11:55:00,1.9358,1.9361000000000002,1.93575,1.93609,267,8,0
2024-04-01 12:00:00,1.9361000000000002,1.93628,1.93597,1.93611,650,8,0
2024-04-01 12:05:00,1.93611,1.93699,1.93606,1.9368699999999999,597,8,0
2024-04-01 12:10:00,1.9369100000000001,1.93728,1.93689,1.93706,566,8,0
2024-04-01 12:15:00,1.93706,1.93719,1.93677,1.93683,364,8,0
2024-04-01 12:20:00,1.93683,1.93686,1.93647,1.93663,658,8,0
2024-04-01 12:25:00,1.93663,1.93669,1.93642,1.93655,435,8,0
2024-04-01 12:30:00,1.93655,1.93661,1.9362300000000001,1.93627,594,8,0
2024-04-01 12:35:00,1.93627,1.93651,1.93616,1.93625,367,8,0
2024-04-01 12:40:00,1.93628,1.93654,1.9362300000000001,1.9364,439,8,0
2024-04-01 12:45:00,1.9364,1.9364,1.93613,1.93628,478,8,0
2024-04-01 12:50:00,1.93628,1.93628,1.9356499999999999,1.93573,486,8,0
2024-04-01 12:55:00,1.93573,1.93577,1.93529,1.93563,458,8,0
2024-04-01 13:00:00,1.9356200000000001,1.93568,1.93482,1.93502,644,8,0
2024-04-01 13:05:00,1.93502,1.93521,1.93471,1.9348,627,8,0
2024-04-01 13:10:00,1.9348,1.93483,1.93411,1.93412,501,8,0
2024-04-01 13:15:00,1.93412,1.93444,1.9340199999999999,1.9344299999999999,643,8,0
2024-04-01 13:20:00,1.9344299999999999,1.93451,1.93414,1.9342000000000001,623,8,0
2024-04-01 13:25:00,1.9342000000000001,1.93435,1.9341300000000001,1.93432,614,8,0
2024-04-01 13:30:00,1.93432,1.93482,1.93377,1.9345400000000001,1072,8,0
2024-04-01 13:35:00,1.93453,1.93513,1.93451,1.9351,996,8,0
2024-04-01 13:40:00,1.9351,1.93537,1.93475,1.93513,459,8,0
2024-04-01 13:45:00,1.9351500000000001,1.93656,1.93479,1.93635,1184,8,0
2024-04-01 13:50:00,1.93635,1.93665,1.9356,1.9359600000000001,802,8,0
2024-04-01 13:55:00,1.9359600000000001,1.93638,1.9358300000000002,1.93622,670,8,0
2024-04-01 14:00:00,1.93559,1.93716,1.93545,1.9370699999999998,1952,8,0
2024-04-01 14:05:00,1.93706,1.93711,1.93614,1.93645,1570,8,0
2024-04-01 14:10:00,1.93645,1.93659,1.93573,1.93615,1081,8,0
2024-04-01 14:15:00,1.93615,1.9365299999999999,1.93597,1.93645,1083,8,0
2024-04-01 14:20:00,1.93645,1.93676,1.93602,1.93605,1219,8,0
2024-04-01 14:25:00,1.93605,1.93648,1.93601,1.93629,693,8,0
2024-04-01 14:30:00,1.93629,1.93652,1.9359899999999999,1.9364599999999998,836,8,0
2024-04-01 14:35:00,1.9364599999999998,1.93652,1.93555,1.93582,1002,8,0
2024-04-01 14:40:00,1.93582,1.93582,1.9351099999999999,1.93516,905,8,0
2024-04-01 14:45:00,1.93514,1.9354900000000002,1.93486,1.93519,1033,8,0
2024-04-01 14:50:00,1.93523,1.93553,1.93498,1.93507,1038,8,0
2024-04-01 14:55:00,1.93507,1.93534,1.93471,1.93502,944,8,0
2024-04-01 15:00:00,1.9350399999999999,1.9352800000000001,1.9348100000000001,1.93526,757,8,0
2024-04-01 15:05:00,1.93526,1.93591,1.93523,1.93545,945,8,0
2024-04-01 15:10:00,1.93546,1.9355,1.9348999999999998,1.93493,672,8,0
2024-04-01 15:15:00,1.93495,1.9351500000000001,1.9347400000000001,1.9350100000000001,856,8,0
2024-04-01 15:20:00,1.9350100000000001,1.93552,1.93484,1.9354200000000001,719,8,0
2024-04-01 15:25:00,1.9354200000000001,1.93564,1.93523,1.9352399999999998,673,8,0
2024-04-01 15:30:00,1.9352399999999998,1.93556,1.93505,1.93521,677,8,0
2024-04-01 15:35:00,1.93521,1.93532,1.93479,1.93495,526,8,0
2024-04-01 15:40:00,1.93495,1.93505,1.9346,1.93495,411,8,0
2024-04-01 15:45:00,1.93495,1.9350800000000001,1.93457,1.9346100000000002,545,8,0
2024-04-01 15:50:00,1.9346100000000002,1.93502,1.93458,1.9348800000000002,427,8,0
2024-04-01 15:55:00,1.93489,1.93493,1.93457,1.9346299999999998,480,8,0
2024-04-01 16:00:00,1.9346299999999998,1.93478,1.93451,1.93478,657,8,0
2024-04-01 16:05:00,1.93478,1.93491,1.9346,1.93475,476,8,0
2024-04-01 16:10:00,1.93475,1.93499,1.9344299999999999,1.9346100000000002,576,8,0
2024-04-01 16:15:00,1.9346100000000002,1.93479,1.93449,1.9346100000000002,428,8,0
2024-04-01 16:20:00,1.9346100000000002,1.93473,1.93442,1.9344700000000001,339,8,0
2024-04-01 16:25:00,1.93448,1.9346299999999998,1.93433,1.93444,470,8,0
2024-04-01 16:30:00,1.93444,1.93444,1.93398,1.9344000000000001,490,8,0
2024-04-01 16:35:00,1.9344000000000001,1.93452,1.93407,1.9341300000000001,355,8,0
2024-04-01 16:40:00,1.9341300000000001,1.9344000000000001,1.9340000000000002,1.9343,417,9,0
2024-04-01 16:45:00,1.9343,1.9346299999999998,1.9342700000000002,1.9346,450,8,0
2024-04-01 16:50:00,1.9346,1.93476,1.9344299999999999,1.93475,518,8,0
2024-04-01 16:55:00,1.93475,1.93509,1.93473,1.9347400000000001,505,8,0
2024-04-01 17:00:00,1.9347400000000001,1.93503,1.93472,1.93492,362,8,0
2024-04-01 17:05:00,1.93492,1.93493,1.93432,1.9344700000000001,303,8,0
2024-04-01 17:10:00,1.9344700000000001,1.9346299999999998,1.93433,1.93458,246,8,0
2024-04-01 17:15:00,1.93458,1.9352399999999998,1.93455,1.93521,237,8,0
2024-04-01 17:20:00,1.93521,1.93555,1.93491,1.93554,367,8,0
2024-04-01 17:25:00,1.93554,1.93555,1.9351699999999998,1.9353,416,8,0
2024-04-01 17:30:00,1.9353,1.93556,1.93523,1.9353099999999999,215,8,0
2024-04-01 17:35:00,1.9353099999999999,1.93544,1.93512,1.93512,307,8,0
2024-04-01 17:40:00,1.93512,1.93541,1.93512,1.93529,236,8,0
2024-04-01 17:45:00,1.9353,1.93548,1.93526,1.93534,208,8,0
2024-04-01 17:50:00,1.93534,1.9355099999999998,1.93523,1.93529,170,8,0
2024-04-01 17:55:00,1.93529,1.93544,1.93512,1.93512,286,8,0
2024-04-01 18:00:00,1.9351099999999999,1.9353500000000001,1.9350399999999999,1.93534,325,8,0
2024-04-01 18:05:00,1.93534,1.9354900000000002,1.9352200000000002,1.9354900000000002,248,8,0
2024-04-01 18:10:00,1.9354900000000002,1.9356,1.9353,1.93532,266,8,0
2024-04-01 18:15:00,1.93532,1.93536,1.9352200000000002,1.9352800000000001,247,8,0
2024-04-01 18:20:00,1.9352800000000001,1.9353500000000001,1.93507,1.9351,291,8,0
2024-04-01 18:25:00,1.9351,1.9352,1.93496,1.93502,238,8,0
2024-04-01 18:30:00,1.93502,1.93525,1.93493,1.9350100000000001,503,8,0
2024-04-01 18:35:00,1.9350100000000001,1.9351699999999998,1.93498,1.93509,418,9,0
2024-04-01 18:40:00,1.93505,1.9350800000000001,1.9348,1.93483,320,8,0
2024-04-01 18:45:00,1.93483,1.93484,1.93457,1.93464,233,8,0
2024-04-01 18:50:00,1.93464,1.93466,1.93444,1.9345599999999998,198,8,0
2024-04-01 18:55:00,1.9345599999999998,1.9348100000000001,1.93445,1.93449,471,8,0
2024-04-01 19:00:00,1.93449,1.9345599999999998,1.93426,1.9342700000000002,315,8,0
2024-04-01 19:05:00,1.9342700000000002,1.93446,1.9341599999999999,1.93444,315,8,0
2024-04-01 19:10:00,1.93444,1.93455,1.93417,1.93424,223,8,0
2024-04-01 19:15:00,1.93424,1.93437,1.9340600000000001,1.93421,337,8,0
2024-04-01 19:20:00,1.93421,1.93448,1.9342000000000001,1.93421,246,8,0
2024-04-01 19:25:00,1.93422,1.93455,1.93415,1.9344700000000001,258,8,0
2024-04-01 19:30:00,1.9344700000000001,1.93457,1.93418,1.93421,357,8,0
2024-04-01 19:35:00,1.93421,1.93448,1.93418,1.93418,345,8,0
2024-04-01 19:40:00,1.93419,1.93425,1.93392,1.93396,352,8,0
2024-04-01 19:45:00,1.93396,1.93424,1.93388,1.9341300000000001,260,8,0
2024-04-01 19:50:00,1.9341300000000001,1.93435,1.93398,1.93411,429,8,0
2024-04-01 19:55:00,1.93411,1.93419,1.93391,1.93407,492,8,0
2024-04-01 20:00:00,1.93407,1.93423,1.93388,1.93415,409,8,0
2024-04-01 20:05:00,1.93415,1.93432,1.93407,1.9341,176,8,0
2024-04-01 20:10:00,1.9341,1.9341,1.93376,1.93385,193,8,0
2024-04-01 20:15:00,1.93385,1.93405,1.9338199999999999,1.93387,153,8,0
2024-04-01 20:20:00,1.93387,1.9339300000000001,1.9337900000000001,1.93388,104,8,0
2024-04-01 20:25:00,1.93388,1.9341599999999999,1.93383,1.9340000000000002,292,8,0
2024-04-01 20:30:00,1.9340000000000002,1.93425,1.93394,1.93424,217,8,0
2024-04-01 20:35:00,1.93424,1.93425,1.93414,1.9341599999999999,115,8,0
2024-04-01 20:40:00,1.93418,1.93423,1.93412,1.93419,136,12,0
2024-04-01 20:45:00,1.93419,1.93422,1.93399,1.9341300000000001,118,9,0
2024-04-01 20:50:00,1.93414,1.9342000000000001,1.9340199999999999,1.93419,129,11,0
2024-04-01 20:55:00,1.93419,1.93441,1.9338,1.9341,279,8,0
2024-04-01 21:00:00,1.9341,1.9350800000000001,1.9289800000000001,1.93404,38,33,0
2024-04-01 21:05:00,1.93404,1.93455,1.93362,1.93422,52,65,0
2024-04-01 21:10:00,1.93418,1.93423,1.93399,1.9340899999999999,27,20,0
2024-04-01 21:15:00,1.9340899999999999,1.9340899999999999,1.93347,1.93364,60,42,0
2024-04-01 21:20:00,1.93364,1.9341300000000001,1.93353,1.93405,55,33,0
2024-04-01 21:25:00,1.93403,1.9340600000000001,1.93351,1.9336,42,40,0
2024-04-01 21:30:00,1.93362,1.93396,1.9335900000000001,1.93378,65,44,0
2024-04-01 21:35:00,1.93378,1.93392,1.93346,1.93387,460,39,0
2024-04-01 21:40:00,1.93387,1.93401,1.9338199999999999,1.93396,118,29,0
2024-04-01 21:45:00,1.9339499999999998,1.9340199999999999,1.93384,1.93397,239,32,0
2024-04-01 21:50:00,1.93397,1.9341,1.93358,1.93358,134,47,0
2024-04-01 21:55:00,1.93358,1.9339499999999998,1.93358,1.9339300000000001,101,39,0
2024-04-01 22:00:00,1.9338199999999999,1.93414,1.93361,1.9340000000000002,161,13,0
2024-04-01 22:05:00,1.9340000000000002,1.93403,1.9337900000000001,1.93392,121,8,0
2024-04-01 22:10:00,1.93392,1.93392,1.93357,1.93364,79,10,0
2024-04-01 22:15:00,1.93364,1.9338,1.93358,1.93372,62,8,0
2024-04-01 22:20:00,1.93372,1.9338600000000001,1.93365,1.93374,96,8,0
2024-04-01 22:25:00,1.93374,1.9338899999999999,1.93374,1.9337900000000001,61,8,0
2024-04-01 22:30:00,1.9337900000000001,1.93392,1.9336,1.9337,86,8,0
2024-04-01 22:35:00,1.93369,1.9338,1.9336,1.9337499999999999,152,8,0
2024-04-01 22:40:00,1.93374,1.93385,1.93361,1.93385,157,8,0
2024-04-01 22:45:00,1.93385,1.93399,1.93372,1.93399,135,8,0
2024-04-01 22:50:00,1.93399,1.9346999999999999,1.9339499999999998,1.9344299999999999,349,8,0
2024-04-01 22:55:00,1.93444,1.9345400000000001,1.9340899999999999,1.93445,360,8,0
2024-04-01 23:00:00,1.93445,1.9348100000000001,1.93444,1.93473,504,8,0
2024-04-01 23:05:00,1.93473,1.93473,1.93423,1.9342899999999998,310,8,0
2024-04-01 23:10:00,1.9342899999999998,1.9342899999999998,1.9337499999999999,1.93378,327,8,0
2024-04-01 23:15:00,1.93378,1.93392,1.9336,1.93369,263,8,0
2024-04-01 23:20:00,1.93369,1.93372,1.9333900000000002,1.93364,302,8,0
2024-04-01 23:25:00,1.93364,1.9337499999999999,1.93331,1.93335,333,8,0
2024-04-01 23:30:00,1.93335,1.9337499999999999,1.93304,1.93357,318,8,0
2024-04-01 23:35:00,1.93357,1.93362,1.93319,1.93323,240,8,0
2024-04-01 23:40:00,1.93326,1.93363,1.9331399999999999,1.93361,241,8,0
2024-04-01 23:45:00,1.9336,1.9336799999999998,1.9333,1.93347,312,8,0
2024-04-01 23:50:00,1.93347,1.93394,1.93346,1.93381,411,8,0
2024-04-01 23:55:00,1.93381,1.93396,1.9336,1.9337499999999999,299,8,0
2024-04-02 00:00:00,1.9337499999999999,1.93425,1.93306,1.93385,901,8,0
2024-04-02 00:05:00,1.93384,1.93391,1.9333399999999998,1.93362,691,8,0
2024-04-02 00:10:00,1.93362,1.93412,1.93356,1.93401,645,8,0
2024-04-02 00:15:00,1.93401,1.93408,1.93326,1.93331,822,8,0
2024-04-02 00:20:00,1.93331,1.93354,1.93309,1.9333200000000001,597,8,0
2024-04-02 00:25:00,1.9333200000000001,1.93337,1.93272,1.93282,338,8,0
2024-04-02 00:30:00,1.93282,1.93358,1.93279,1.93322,493,8,0
2024-04-02 00:35:00,1.93322,1.93357,1.93313,1.93327,532,8,0
2024-04-02 00:40:00,1.93327,1.93351,1.93319,1.9333399999999998,515,8,0
2024-04-02 00:45:00,1.9333399999999998,1.93343,1.93281,1.93295,669,8,0
2024-04-02 00:50:00,1.93295,1.93316,1.93274,1.9331399999999999,775,8,0
2024-04-02 00:55:00,1.93312,1.93312,1.9325299999999999,1.93279,610,8,0
2024-04-02 01:00:00,1.93279,1.9335900000000001,1.9325999999999999,1.9333399999999998,879,8,0
2024-04-02 01:05:00,1.9333399999999998,1.93356,1.93293,1.93299,577,8,0
2024-04-02 01:10:00,1.93299,1.9333200000000001,1.93295,1.93329,577,8,0
2024-04-02 01:15:00,1.9333,1.93347,1.93261,1.93293,1010,8,0
2024-04-02 01:20:00,1.93293,1.9329800000000001,1.93214,1.93225,977,8,0
2024-04-02 01:25:00,1.93225,1.9325700000000001,1.93204,1.9321700000000002,883,8,0
2024-04-02 01:30:00,1.93216,1.93238,1.93186,1.9319,1134,8,0
2024-04-02 01:35:00,1.9319,1.93204,1.93091,1.93098,1004,8,0
2024-04-02 01:40:00,1.93098,1.93126,1.93067,1.93079,922,8,0
2024-04-02 01:45:00,1.93079,1.9309699999999999,1.93055,1.93091,835,8,0
2024-04-02 01:50:00,1.93091,1.9313099999999999,1.93071,1.93099,762,8,0
2024-04-02 01:55:00,1.93099,1.9313099999999999,1.93069,1.93073,597,8,0
2024-04-02 02:00:00,1.9307400000000001,1.93113,1.93048,1.93086,659,8,0
2024-04-02 02:05:00,1.93086,1.93093,1.9304299999999999,1.93058,538,8,0
2024-04-02 02:10:00,1.93058,1.93141,1.9305400000000001,1.9310800000000001,635,8,0
2024-04-02 02:15:00,1.9310800000000001,1.9313500000000001,1.93067,1.9312200000000002,528,8,0
2024-04-02 02:20:00,1.93121,1.93141,1.93109,1.9312399999999998,470,8,0
2024-04-02 02:25:00,1.9312399999999998,1.93182,1.93118,1.9317600000000001,511,8,0
2024-04-02 02:30:00,1.9317600000000001,1.93181,1.9313099999999999,1.93146,518,8,0
2024-04-02 02:35:00,1.93146,1.93201,1.93141,1.93198,476,8,0
2024-04-02 02:40:00,1.93198,1.9323700000000001,1.93188,1.9322300000000001,519,8,0
2024-04-02 02:45:00,1.93221,1.9326400000000001,1.9321199999999998,1.9323000000000001,424,8,0
2024-04-02 02:50:00,1.9323000000000001,1.9323000000000001,1.9317199999999999,1.93178,476,8,0
2024-04-02 02:55:00,1.93178,1.93178,1.93121,1.93133,508,8,0
2024-04-02 03:00:00,1.93133,1.93133,1.93083,1.93114,445,8,0
2024-04-02 03:05:00,1.93114,1.9315,1.93106,1.93132,381,8,0
2024-04-02 03:10:00,1.93132,1.93174,1.93129,1.93153,366,8,0
2024-04-02 03:15:00,1.93153,1.93168,1.93114,1.9312,361,8,0
2024-04-02 03:20:00,1.9312,1.9313799999999999,1.93113,1.9312399999999998,344,8,0
2024-04-02 03:25:00,1.9312399999999998,1.93191,1.93118,1.93189,505,8,0
2024-04-02 03:30:00,1.93189,1.93193,1.93166,1.93188,469,8,0
2024-04-02 03:35:00,1.93188,1.93207,1.9317,1.93198,355,8,0
2024-04-02 03:40:00,1.93198,1.93255,1.9318300000000002,1.93241,442,8,0
2024-04-02 03:45:00,1.93241,1.93268,1.93232,1.93254,343,8,0
2024-04-02 03:50:00,1.93254,1.93289,1.93239,1.93274,322,8,0
2024-04-02 03:55:00,1.93274,1.93302,1.9326699999999999,1.93302,337,8,0
2024-04-02 04:00:00,1.93302,1.93353,1.93299,1.93337,352,8,0
2024-04-02 04:05:00,1.93337,1.93354,1.9331399999999999,1.93347,239,8,0
2024-04-02 04:10:00,1.93347,1.93367,1.93337,1.93365,261,8,0
2024-04-02 04:15:00,1.93365,1.93383,1.93316,1.93324,279,8,0
2024-04-02 04:20:00,1.93324,1.93324,1.93286,1.93317,306,8,0
2024-04-02 04:25:00,1.93317,1.93326,1.93303,1.93312,197,8,0
2024-04-02 04:30:00,1.93312,1.93317,1.93292,1.93306,287,8,0
2024-04-02 04:35:00,1.9330500000000002,1.93335,1.933,1.93335,225,8,0
2024-04-02 04:40:00,1.93335,1.93337,1.93293,1.93301,245,8,0
2024-04-02 04:45:00,1.93301,1.9330500000000002,1.93266,1.93295,321,8,0
2024-04-02 04:50:00,1.93295,1.93296,1.93277,1.93289,161,8,0
2024-04-02 04:55:00,1.93289,1.93319,1.93277,1.93301,367,8,0
2024-04-02 05:00:00,1.93301,1.93302,1.93258,1.93286,461,8,0
2024-04-02 05:05:00,1.93286,1.93311,1.93277,1.93302,427,8,0
2024-04-02 05:10:00,1.93302,1.93309,1.93263,1.9329,324,8,0
2024-04-02 05:15:00,1.9329,1.93361,1.93283,1.93351,481,8,0
2024-04-02 05:20:00,1.93351,1.93353,1.9326400000000001,1.93289,427,8,0
2024-04-02 05:25:00,1.93289,1.9329,1.9326400000000001,1.93275,295,8,0
2024-04-02 05:30:00,1.93275,1.9331,1.93275,1.93297,383,8,0
2024-04-02 05:35:00,1.93297,1.93313,1.9327800000000002,1.93309,446,8,0
2024-04-02 05:40:00,1.9330699999999998,1.9337499999999999,1.93302,1.93349,489,8,0
2024-04-02 05:45:00,1.93349,1.93356,1.93313,1.93333,437,8,0
2024-04-02 05:50:00,1.93333,1.93353,1.93312,1.93324,542,8,0
2024-04-02 05:55:00,1.93324,1.9334,1.9330500000000002,1.9332099999999999,475,8,0
2024-04-02 06:00:00,1.9332099999999999,1.93344,1.93288,1.93309,845,8,0
2024-04-02 06:05:00,1.93309,1.93309,1.93243,1.93272,858,8,0
2024-04-02 06:10:00,1.93274,1.93286,1.93204,1.93225,599,8,0
2024-04-02 06:15:00,1.93225,1.93234,1.93194,1.9319899999999999,626,8,0
2024-04-02 06:20:00,1.9319899999999999,1.93236,1.93191,1.9323299999999999,495,8,0
2024-04-02 06:25:00,1.9323299999999999,1.9329800000000001,1.93227,1.93281,470,8,0
2024-04-02 06:30:00,1.93281,1.93281,1.93224,1.93263,671,8,0
2024-04-02 06:35:00,1.9326400000000001,1.9328400000000001,1.93243,1.93259,504,8,0
2024-04-02 06:40:00,1.93259,1.93319,1.93259,1.93281,474,8,0
2024-04-02 06:45:00,1.93282,1.93313,1.93261,1.9329399999999999,567,8,0
2024-04-02 06:50:00,1.9329399999999999,1.933,1.93239,1.9327,457,8,0
2024-04-02 06:55:00,1.9327,1.9331399999999999,1.9326400000000001,1.93301,460,8,0
2024-04-02 07:00:00,1.93302,1.93396,1.9329399999999999,1.9336600000000002,1075,8,0
2024-04-02 07:05:00,1.93364,1.9342899999999998,1.93356,1.93411,771,8,0
2024-04-02 07:10:00,1.93411,1.93451,1.93358,1.93371,866,8,0
2024-04-02 07:15:00,1.93372,1.9339499999999998,1.9335,1.93377,664,8,0
2024-04-02 07:20:00,1.93377,1.93387,1.93292,1.93293,807,8,0
2024-04-02 07:25:00,1.93293,1.93337,1.9326400000000001,1.9327800000000002,695,8,0
2024-04-02 07:30:00,1.9327800000000002,1.9329399999999999,1.93234,1.93243,653,8,0
2024-04-02 07:35:00,1.9324400000000002,1.93286,1.93222,1.93228,575,8,0
2024-04-02 07:40:00,1.93228,1.9325,1.93198,1.93207,713,8,0
2024-04-02 07:45:00,1.9320599999999999,1.9322,1.9315600000000002,1.93163,608,8,0
2024-04-02 07:50:00,1.93163,1.93204,1.9315,1.9315600000000002,662,8,0
2024-04-02 07:55:00,1.93157,1.93198,1.93152,1.93194,675,8,0
2024-04-02 08:00:00,1.93191,1.93191,1.9308,1.93132,1355,8,0
2024-04-02 08:05:00,1.93132,1.9315099999999998,1.93053,1.93082,906,8,0
2024-04-02 08:10:00,1.93079,1.93085,1.93008,1.9300899999999999,751,8,0
2024-04-02 08:15:00,1.9300899999999999,1.93025,1.92949,1.92967,805,8,0
2024-04-02 08:20:00,1.92967,1.92999,1.92958,1.9297,526,8,0
2024-04-02 08:25:00,1.9297,1.93055,1.9296799999999998,1.93035,440,8,0
2024-04-02 08:30:00,1.93035,1.93134,1.93035,1.93116,576,8,0
2024-04-02 08:35:00,1.93117,1.93128,1.9307699999999999,1.9308100000000001,588,8,0
2024-04-02 08:40:00,1.9308100000000001,1.9308100000000001,1.93019,1.93032,495,8,0
2024-04-02 08:45:00,1.93032,1.9306,1.93015,1.93051,775,8,0
2024-04-02 08:50:00,1.93051,1.93116,1.93035,1.93083,701,8,0
2024-04-02 08:55:00,1.93083,1.93118,1.9306100000000002,1.93096,665,8,0
2024-04-02 09:00:00,1.93096,1.93166,1.93091,1.9314,612,8,0
2024-04-02 09:05:00,1.9314,1.9318499999999998,1.9314,1.9316,531,8,0
2024-04-02 09:10:00,1.9316,1.93178,1.9313099999999999,1.93132,614,8,0
2024-04-02 09:15:00,1.93132,1.93197,1.93113,1.93178,539,8,0
2024-04-02 09:20:00,1.93177,1.93179,1.9312200000000002,1.93126,584,8,0
2024-04-02 09:25:00,1.93126,1.93129,1.93059,1.9307400000000001,432,8,0
2024-04-02 09:30:00,1.93075,1.9308800000000002,1.93041,1.9304700000000001,437,8,0
2024-04-02 09:35:00,1.9304700000000001,1.93066,1.9303599999999999,1.93045,426,8,0
2024-04-02 09:40:00,1.93045,1.93053,1.93025,1.9304299999999999,398,8,0
2024-04-02 09:45:00,1.9304299999999999,1.93079,1.93032,1.93035,507,8,0
2024-04-02 09:50:00,1.93035,1.9307699999999999,1.93033,1.93075,488,8,0
2024-04-02 09:55:00,1.93076,1.93136,1.93067,1.93129,624,8,0
2024-04-02 10:00:00,1.93129,1.93168,1.93117,1.9316200000000001,503,8,0
2024-04-02 10:05:00,1.9316200000000001,1.93164,1.9312200000000002,1.93163,506,8,0
2024-04-02 10:10:00,1.93163,1.9322,1.9315799999999999,1.93177,656,8,0
2024-04-02 10:15:00,1.93177,1.9322300000000001,1.9317600000000001,1.93215,303,8,0
2024-04-02 10:20:00,1.93215,1.9323299999999999,1.9319600000000001,1.9319600000000001,443,8,0
2024-04-02 10:25:00,1.9319600000000001,1.93197,1.9312,1.93123,588,8,0
2024-04-02 10:30:00,1.9312200000000002,1.93143,1.9309500000000002,1.93106,482,8,0
2024-04-02 10:35:00,1.93107,1.9315,1.93107,1.93148,510,8,0
2024-04-02 10:40:00,1.93148,1.9319,1.9313500000000001,1.9316900000000001,512,8,0
2024-04-02 10:45:00,1.9316900000000001,1.93197,1.9315,1.9318,462,8,0
2024-04-02 10:50:00,1.9318,1.93195,1.9317,1.93175,529,8,0
2024-04-02 10:55:00,1.93175,1.93243,1.93175,1.9324,506,8,0
2024-04-02 11:00:00,1.9324,1.93277,1.93224,1.93277,517,8,0
2024-04-02 11:05:00,1.93277,1.93277,1.93231,1.9325,534,8,0
2024-04-02 11:10:00,1.9325,1.93263,1.93227,1.93251,376,8,0
2024-04-02 11:15:00,1.93252,1.93304,1.93235,1.93292,576,8,0
2024-04-02 11:20:00,1.93292,1.93301,1.93254,1.93254,581,8,0
2024-04-02 11:25:00,1.93254,1.93285,1.93243,1.9327,515,8,0
2024-04-02 11:30:00,1.9327,1.9327999999999999,1.93248,1.93256,538,8,0
2024-04-02 11:35:00,1.9325999999999999,1.93275,1.93235,1.93252,543,8,0
2024-04-02 11:40:00,1.93252,1.93276,1.93247,1.93268,400,8,0
2024-04-02 11:45:00,1.93268,1.9329,1.9324,1.93283,506,8,0
2024-04-02 11:50:00,1.93283,1.93283,1.93209,1.93259,609,8,0
2024-04-02 11:55:00,1.93261,1.9327100000000002,1.93215,1.93247,588,8,0
2024-04-02 12:00:00,1.93247,1.9329800000000001,1.93238,1.93247,756,8,0
2024-04-02 12:05:00,1.93247,1.9325700000000001,1.9320599999999999,1.93215,582,8,0
2024-04-02 12:10:00,1.93215,1.93258,1.9320300000000001,1.93216,771,8,0
2024-04-02 12:15:00,1.93216,1.93227,1.93189,1.93195,641,8,0
2024-04-02 12:20:00,1.93194,1.9319899999999999,1.9315799999999999,1.9316900000000001,944,8,0
2024-04-02 12:25:00,1.93168,1.93179,1.9310399999999999,1.93117,709,8,0
2024-04-02 12:30:00,1.93117,1.93155,1.93089,1.93146,781,8,0
2024-04-02 12:35:00,1.93146,1.9315600000000002,1.93117,1.93129,872,8,0
2024-04-02 12:40:00,1.93129,1.9323299999999999,1.93127,1.9323299999999999,1087,8,0
2024-04-02 12:45:00,1.93232,1.933,1.93232,1.93276,731,8,0
2024-04-02 12:50:00,1.93276,1.9329399999999999,1.93214,1.93224,628,8,0
2024-04-02 12:55:00,1.93224,1.9323000000000001,1.9319,1.93218,760,8,0
2024-04-02 13:00:00,1.93218,1.93241,1.93195,1.93218,999,8,0
2024-04-02 13:05:00,1.93218,1.93251,1.93204,1.93234,859,8,0
2024-04-02 13:10:00,1.93232,1.9325,1.93145,1.93145,1043,8,0
2024-04-02 13:15:00,1.93147,1.93157,1.93073,1.93082,962,8,0
2024-04-02 13:20:00,1.93082,1.93129,1.9306,1.93126,872,8,0
2024-04-02 13:25:00,1.93127,1.93153,1.93103,1.93119,778,8,0
2024-04-02 13:30:00,1.93119,1.93178,1.93086,1.93174,1130,8,0
2024-04-02 13:35:00,1.93174,1.93188,1.93075,1.93107,1314,8,0
2024-04-02 13:40:00,1.93107,1.9317600000000001,1.9309500000000002,1.9316499999999999,1134,8,0
2024-04-02 13:45:00,1.9316499999999999,1.93218,1.9311099999999999,1.9314200000000001,1323,8,0
2024-04-02 13:50:00,1.93141,1.93148,1.93076,1.9308800000000002,1200,8,0
2024-04-02 13:55:00,1.9308800000000002,1.9312399999999998,1.93062,1.93092,917,8,0
2024-04-02 14:00:00,1.93075,1.9317600000000001,1.92973,1.93003,1954,8,0
2024-04-02 14:05:00,1.93003,1.9301,1.92956,1.9298600000000001,1611,8,0
2024-04-02 14:10:00,1.9298600000000001,1.9301599999999999,1.9295900000000001,1.92973,1398,8,0
2024-04-02 14:15:00,1.92974,1.9297900000000001,1.92916,1.9292500000000001,1125,8,0
2024-04-02 14:20:00,1.9292500000000001,1.9292500000000001,1.92836,1.92839,1209,8,0
2024-04-02 14:25:00,1.9283700000000001,1.92861,1.92743,1.92802,1253,8,0
2024-04-02 14:30:00,1.92802,1.9281700000000002,1.92736,1.92746,1132,8,0
2024-04-02 14:35:00,1.92747,1.9279899999999999,1.92747,1.9278300000000002,926,8,0
2024-04-02 14:40:00,1.9278300000000002,1.92829,1.92775,1.92779,1110,8,0
2024-04-02 14:45:00,1.9277600000000001,1.92849,1.92767,1.9284400000000002,1122,8,0
2024-04-02 14:50:00,1.9284400000000002,1.92863,1.92811,1.92845,1329,8,0
2024-04-02 14:55:00,1.9284400000000002,1.9293,1.92822,1.92896,1645,8,0
2024-04-02 15:00:00,1.92893,1.92953,1.92885,1.92943,1559,8,0
2024-04-02 15:05:00,1.92945,1.9296600000000002,1.92902,1.92963,980,8,0
2024-04-02 15:10:00,1.92963,1.93041,1.92937,1.9302899999999998,1240,8,0
2024-04-02 15:15:00,1.9302899999999998,1.9306999999999999,1.93019,1.93035,894,8,0
2024-04-02 15:20:00,1.93037,1.93045,1.92999,1.93044,893,8,0
2024-04-02 15:25:00,1.9304700000000001,1.93086,1.93024,1.93069,840,8,0
2024-04-02 15:30:00,1.9306999999999999,1.93154,1.9306999999999999,1.93154,984,8,0
2024-04-02 15:35:00,1.9315600000000002,1.9316,1.93121,1.9313099999999999,841,8,0
2024-04-02 15:40:00,1.9313099999999999,1.93152,1.93114,1.93141,673,8,0
2024-04-02 15:45:00,1.93141,1.93152,1.93099,1.93123,813,8,0
2024-04-02 15:50:00,1.93123,1.93123,1.93058,1.9308999999999998,656,8,0
2024-04-02 15:55:00,1.9308999999999998,1.93096,1.93052,1.93062,539,8,0
2024-04-02 16:00:00,1.9306100000000002,1.93082,1.9303,1.93035,629,8,0
2024-04-02 16:05:00,1.9303599999999999,1.9310399999999999,1.93034,1.931,753,8,0
2024-04-02 16:10:00,1.931,1.93147,1.93086,1.93147,567,8,0
2024-04-02 16:15:00,1.9314900000000002,1.93201,1.9314200000000001,1.93178,689,8,0
2024-04-02 16:20:00,1.93178,1.9318300000000002,1.93126,1.9315600000000002,731,8,0
2024-04-02 16:25:00,1.9315600000000002,1.9316,1.93126,1.9313500000000001,693,8,0
2024-04-02 16:30:00,1.93133,1.93136,1.93098,1.9311099999999999,510,8,0
2024-04-02 16:35:00,1.9311099999999999,1.9312399999999998,1.93098,1.93113,362,8,0
2024-04-02 16:40:00,1.93113,1.93128,1.93091,1.93121,297,8,0
2024-04-02 16:45:00,1.93121,1.93133,1.93093,1.93105,589,8,0
2024-04-02 16:50:00,1.93105,1.9314200000000001,1.93082,1.93084,651,8,0
2024-04-02 16:55:00,1.93083,1.93113,1.93075,1.9308100000000001,625,8,0
2024-04-02 17:00:00,1.9308100000000001,1.93102,1.9306100000000002,1.9306999999999999,562,8,0
2024-04-02 17:05:00,1.9306999999999999,1.93091,1.93066,1.93068,413,8,0
2024-04-02 17:10:00,1.93068,1.93089,1.93049,1.9306299999999998,435,8,0
2024-04-02 17:15:00,1.9306299999999998,1.93076,1.93046,1.93049,509,8,0
2024-04-02 17:20:00,1.93049,1.9306100000000002,1.9302899999999998,1.9306,380,8,0
2024-04-02 17:25:00,1.9306,1.9307400000000001,1.93048,1.93064,321,8,0
2024-04-02 17:30:00,1.93064,1.93078,1.9304700000000001,1.93051,399,8,0
2024-04-02 17:35:00,1.93051,1.93068,1.93038,1.93059,442,8,0
2024-04-02 17:40:00,1.93059,1.93065,1.9302700000000002,1.93044,389,8,0
2024-04-02 17:45:00,1.93044,1.93052,1.92991,1.92994,447,8,0
2024-04-02 17:50:00,1.92994,1.93011,1.92988,1.93004,310,8,0
2024-04-02 17:55:00,1.93003,1.93033,1.92987,1.9302899999999998,379,8,0
2024-04-02 18:00:00,1.93028,1.93051,1.93015,1.93042,285,8,0
2024-04-02 18:05:00,1.93042,1.93058,1.93005,1.93008,255,8,0
2024-04-02 18:10:00,1.93008,1.93034,1.92998,1.93033,317,8,0
2024-04-02 18:15:00,1.93033,1.93033,1.93003,1.9301300000000001,258,8,0
2024-04-02 18:20:00,1.93014,1.93017,1.92984,1.93014,312,8,0
2024-04-02 18:25:00,1.93014,1.9303599999999999,1.93003,1.93022,301,8,0
2024-04-02 18:30:00,1.93022,1.93035,1.93012,1.93015,245,8,0
2024-04-02 18:35:00,1.93015,1.93056,1.93015,1.9304700000000001,229,8,0
2024-04-02 18:40:00,1.9304700000000001,1.93062,1.93017,1.9302000000000001,445,8,0
2024-04-02 18:45:00,1.9302000000000001,1.9306,1.93017,1.93045,365,8,0
2024-04-02 18:50:00,1.93045,1.9306100000000002,1.93038,1.93055,276,8,0
2024-04-02 18:55:00,1.93055,1.93057,1.93033,1.9304000000000001,346,8,0
2024-04-02 19:00:00,1.93038,1.93042,1.93023,1.9303,275,8,0
2024-04-02 19:05:00,1.93031,1.93052,1.93022,1.93028,484,8,0
2024-04-02 19:10:00,1.93028,1.93032,1.93011,1.93028,308,8,0
2024-04-02 19:15:00,1.93028,1.93035,1.93012,1.93017,314,8,0
2024-04-02 19:20:00,1.93017,1.93038,1.93005,1.93021,303,8,0
2024-04-02 19:25:00,1.93021,1.93023,1.9300000000000002,1.93006,282,8,0
2024-04-02 19:30:00,1.93006,1.93012,1.9298199999999999,1.9298600000000001,318,8,0
2024-04-02 19:35:00,1.9298600000000001,1.93007,1.92984,1.93006,235,8,0
2024-04-02 19:40:00,1.93006,1.93037,1.9300199999999998,1.93037,345,8,0
2024-04-02 19:45:00,1.93037,1.93052,1.93032,1.9304700000000001,373,8,0
2024-04-02 19:50:00,1.9304700000000001,1.93052,1.9302000000000001,1.9302700000000002,448,8,0
2024-04-02 19:55:00,1.93028,1.93031,1.93003,1.93018,425,8,0
2024-04-02 20:00:00,1.93019,1.9303,1.9301300000000001,1.93014,297,8,0
2024-04-02 20:05:00,1.93014,1.93024,1.93006,1.93017,75,8,0
2024-04-02 20:10:00,1.93017,1.9302000000000001,1.92997,1.9300899999999999,87,8,0
2024-04-02 20:15:00,1.9300899999999999,1.9301,1.9296799999999998,1.92987,210,8,0
2024-04-02 20:20:00,1.92987,1.93005,1.92987,1.92997,101,8,0
2024-04-02 20:25:00,1.92997,1.93001,1.92976,1.92994,166,8,0
2024-04-02 20:30:00,1.92995,1.92997,1.92963,1.92977,339,8,0
2024-04-02 20:35:00,1.92977,1.92996,1.92972,1.9298,115,8,0
2024-04-02 20:40:00,1.9298,1.92985,1.92962,1.9298199999999999,125,8,0
2024-04-02 20:45:00,1.92981,1.92984,1.9296600000000002,1.92978,138,8,0
2024-04-02 20:50:00,1.92978,1.92983,1.92953,1.9296600000000002,172,8,0
2024-04-02 20:55:00,1.9296600000000002,1.9297,1.92954,1.92962,195,12,0
2024-04-02 21:00:00,1.92967,1.92967,1.9266299999999998,1.92847,23,44,0
2024-04-02 21:05:00,1.92847,1.92953,1.92847,1.92942,65,29,0
2024-04-02 21:10:00,1.92942,1.9297499999999999,1.92927,1.9296,61,8,0
2024-04-02 21:15:00,1.92964,1.92984,1.9294099999999998,1.92951,42,27,0
2024-04-02 21:20:00,1.92946,1.92985,1.92942,1.92962,55,35,0
2024-04-02 21:25:00,1.9295900000000001,1.92961,1.9293900000000002,1.92943,23,42,0
2024-04-02 21:30:00,1.92943,1.92949,1.92931,1.92933,27,39,0
2024-04-02 21:35:00,1.92929,1.92934,1.92917,1.92929,26,40,0
2024-04-02 21:40:00,1.92931,1.9293900000000002,1.92916,1.92938,76,37,0
2024-04-02 21:45:00,1.92937,1.92944,1.92929,1.92931,37,35,0
2024-04-02 21:50:00,1.92931,1.92937,1.92915,1.92937,66,31,0
2024-04-02 21:55:00,1.92937,1.9296,1.92916,1.92949,157,19,0
2024-04-02 22:00:00,1.92964,1.92964,1.92895,1.92908,192,8,0
2024-04-02 22:05:00,1.92908,1.92936,1.92908,1.92935,53,8,0
2024-04-02 22:10:00,1.92935,1.92935,1.92906,1.92908,97,8,0
2024-04-02 22:15:00,1.92908,1.9293,1.9290500000000002,1.9293,169,8,0
2024-04-02 22:20:00,1.9293,1.9293,1.92896,1.92912,192,8,0
2024-04-02 22:25:00,1.92912,1.9294099999999998,1.92893,1.9290500000000002,193,8,0
2024-04-02 22:30:00,1.9290500000000002,1.9292099999999999,1.92897,1.9291399999999999,263,8,0
2024-04-02 22:35:00,1.9291399999999999,1.92923,1.92906,1.92912,190,8,0
2024-04-02 22:40:00,1.92912,1.92937,1.92911,1.9292799999999999,197,8,0
2024-04-02 22:45:00,1.9292799999999999,1.92983,1.9292799999999999,1.92969,237,8,0
2024-04-02 22:50:00,1.92969,1.9301300000000001,1.92969,1.93012,251,8,0
2024-04-02 22:55:00,1.93012,1.9302700000000002,1.93001,1.93005,241,8,0
2024-04-02 23:00:00,1.93006,1.9302899999999998,1.92973,1.92976,352,8,0
2024-04-02 23:05:00,1.92976,1.93015,1.92973,1.9300199999999998,197,8,0
2024-04-02 23:10:00,1.9300199999999998,1.9303,1.9299300000000001,1.93024,196,8,0
2024-04-02 23:15:00,1.93024,1.9306,1.9299,1.9302000000000001,317,8,0
2024-04-02 23:20:00,1.93021,1.93028,1.92977,1.9302000000000001,396,8,0
2024-04-02 23:25:00,1.9302000000000001,1.93021,1.9297499999999999,1.92978,350,8,0
2024-04-02 23:30:00,1.92978,1.92984,1.92956,1.92976,340,8,0
2024-04-02 23:35:00,1.92977,1.9299,1.92969,1.9298600000000001,249,8,0
2024-04-02 23:40:00,1.9298600000000001,1.9302700000000002,1.92985,1.93006,237,8,0
2024-04-02 23:45:00,1.93006,1.93065,1.92998,1.93055,312,8,0
2024-04-02 23:50:00,1.93055,1.93079,1.93048,1.9304999999999999,300,8,0
2024-04-02 23:55:00,1.93046,1.9308999999999998,1.9303599999999999,1.93079,297,8,0
2024-04-03 00:00:00,1.93079,1.93084,1.93017,1.93079,630,8,0
2024-04-03 00:05:00,1.93079,1.93085,1.93065,1.93072,584,8,0
2024-04-03 00:10:00,1.93073,1.93089,1.9303599999999999,1.93042,513,8,0
2024-04-03 00:15:00,1.93042,1.93069,1.93008,1.9302899999999998,517,8,0
2024-04-03 00:20:00,1.9302899999999998,1.93038,1.92988,1.92998,478,8,0
2024-04-03 00:25:00,1.92998,1.9307699999999999,1.92996,1.93075,505,8,0
2024-04-03 00:30:00,1.93075,1.93118,1.93065,1.93113,455,8,0
2024-04-03 00:35:00,1.93113,1.93118,1.93059,1.93059,468,8,0
2024-04-03 00:40:00,1.93058,1.93114,1.93052,1.9310100000000001,503,8,0
2024-04-03 00:45:00,1.931,1.9310399999999999,1.93055,1.93073,425,8,0
2024-04-03 00:50:00,1.93073,1.9311099999999999,1.93055,1.93091,634,8,0
2024-04-03 00:55:00,1.93091,1.93179,1.9306999999999999,1.93179,629,8,0
2024-04-03 01:00:00,1.93179,1.93193,1.93114,1.93136,849,8,0
2024-04-03 01:05:00,1.93136,1.9319199999999999,1.9313,1.93191,652,8,0
2024-04-03 01:10:00,1.93191,1.93239,1.93177,1.9321000000000002,674,8,0
2024-04-03 01:15:00,1.9321000000000002,1.93228,1.93173,1.93194,744,8,0
2024-04-03 01:20:00,1.93194,1.93194,1.93143,1.93171,677,8,0
2024-04-03 01:25:00,1.93171,1.93177,1.93143,1.9314900000000002,622,8,0
2024-04-03 01:30:00,1.93148,1.9321899999999999,1.93128,1.93216,819,8,0
2024-04-03 01:35:00,1.93215,1.93228,1.9316200000000001,1.93163,547,8,0
2024-04-03 01:40:00,1.93163,1.93173,1.93145,1.9315799999999999,656,8,0
2024-04-03 01:45:00,1.9315799999999999,1.9315799999999999,1.93085,1.9313099999999999,810,8,0
2024-04-03 01:50:00,1.9313,1.9315799999999999,1.93114,1.93153,578,8,0
2024-04-03 01:55:00,1.93153,1.93202,1.93146,1.9315799999999999,682,8,0
2024-04-03 02:00:00,1.9315799999999999,1.9318300000000002,1.9310800000000001,1.93109,744,8,0
2024-04-03 02:05:00,1.93109,1.93144,1.9305400000000001,1.9305400000000001,604,8,0
2024-04-03 02:10:00,1.9305400000000001,1.93117,1.93035,1.93098,623,8,0
2024-04-03 02:15:00,1.93098,1.9314,1.93098,1.93136,561,8,0
2024-04-03 02:20:00,1.93136,1.93181,1.93132,1.9317199999999999,414,8,0
2024-04-03 02:25:00,1.9317199999999999,1.93179,1.9314,1.93177,347,8,0
2024-04-03 02:30:00,1.93177,1.93179,1.9314200000000001,1.93147,405,8,0
2024-04-03 02:35:00,1.93147,1.93178,1.9313799999999999,1.93145,424,8,0
2024-04-03 02:40:00,1.93145,1.93189,1.93137,1.93163,484,8,0
2024-04-03 02:45:00,1.93163,1.93164,1.93128,1.93147,324,8,0
2024-04-03 02:50:00,1.93147,1.93174,1.93139,1.9315099999999998,427,8,0
2024-04-03 02:55:00,1.9315099999999998,1.9316,1.93137,1.93143,312,8,0
2024-04-03 03:00:00,1.93143,1.93144,1.93092,1.93119,452,8,0
2024-04-03 03:05:00,1.93119,1.93137,1.93099,1.9311500000000001,334,8,0
2024-04-03 03:10:00,1.9311500000000001,1.9313500000000001,1.9306100000000002,1.93076,588,8,0
2024-04-03 03:15:00,1.93076,1.93117,1.93062,1.93065,592,8,0
2024-04-03 03:20:00,1.93065,1.9313,1.93064,1.9312200000000002,621,8,0
2024-04-03 03:25:00,1.9312200000000002,1.93134,1.9306299999999998,1.93071,505,8,0
2024-04-03 03:30:00,1.9307400000000001,1.9307400000000001,1.93042,1.93065,439,8,0
2024-04-03 03:35:00,1.93064,1.9307699999999999,1.9301300000000001,1.9304000000000001,407,8,0
2024-04-03 03:40:00,1.9304000000000001,1.93041,1.93006,1.93011,500,8,0
2024-04-03 03:45:00,1.93011,1.9303599999999999,1.92981,1.9298199999999999,408,8,0
2024-04-03 03:50:00,1.9298199999999999,1.92996,1.92954,1.92977,529,8,0
2024-04-03 03:55:00,1.92977,1.92978,1.9293900000000002,1.9294099999999998,411,8,0
2024-04-03 04:00:00,1.9294099999999998,1.92946,1.92927,1.92935,490,8,0
2024-04-03 04:05:00,1.92935,1.92935,1.9280300000000001,1.9285700000000001,747,8,0
2024-04-03 04:10:00,1.9285700000000001,1.9289399999999999,1.92841,1.92893,492,8,0
2024-04-03 04:15:00,1.92893,1.92969,1.92892,1.92931,532,8,0
2024-04-03 04:20:00,1.9293200000000001,1.92936,1.929,1.92903,427,8,0
2024-04-03 04:25:00,1.92903,1.92908,1.92881,1.92901,459,8,0
2024-04-03 04:30:00,1.92901,1.92915,1.9286400000000001,1.92872,440,8,0
2024-04-03 04:35:00,1.92872,1.92888,1.9281899999999998,1.9282,409,8,0
2024-04-03 04:40:00,1.9282,1.92865,1.92818,1.92852,373,8,0
2024-04-03 04:45:00,1.92852,1.9287999999999998,1.92839,1.92879,269,8,0
2024-04-03 04:50:00,1.9287999999999998,1.9290500000000002,1.92875,1.9289,308,8,0
2024-04-03 04:55:00,1.9289,1.9295,1.9289,1.92942,560,8,0
2024-04-03 05:00:00,1.92944,1.92971,1.92933,1.92965,443,8,0
2024-04-03 05:05:00,1.92965,1.9298,1.92942,1.92956,547,8,0
2024-04-03 05:10:00,1.92956,1.9298,1.92927,1.9298,527,8,0
2024-04-03 05:15:00,1.9298,1.92988,1.92936,1.92936,531,8,0
2024-04-03 05:20:00,1.92936,1.92951,1.92924,1.92946,388,8,0
2024-04-03 05:25:00,1.92946,1.92967,1.92924,1.92924,350,8,0
2024-04-03 05:30:00,1.92924,1.92965,1.92912,1.92964,520,8,0
2024-04-03 05:35:00,1.92965,1.9297499999999999,1.92947,1.92956,513,8,0
2024-04-03 05:40:00,1.92956,1.92962,1.9293200000000001,1.92954,486,8,0
2024-04-03 05:45:00,1.92954,1.92996,1.92929,1.92935,568,8,0
2024-04-03 05:50:00,1.92934,1.92967,1.92923,1.92931,504,8,0
2024-04-03 05:55:00,1.92931,1.92949,1.92923,1.92947,478,8,0
2024-04-03 06:00:00,1.92947,1.92999,1.9292,1.92963,847,8,0
2024-04-03 06:05:00,1.92962,1.9301,1.9295900000000001,1.92977,624,8,0
2024-04-03 06:10:00,1.92977,1.92995,1.92964,1.92972,667,8,0
2024-04-03 06:15:00,1.92972,1.9299300000000001,1.92945,1.9298,636,8,0
2024-04-03 06:20:00,1.9298,1.93022,1.92969,1.93022,611,8,0
2024-04-03 06:25:00,1.93022,1.9303,1.92987,1.9298899999999999,609,8,0
2024-04-03 06:30:00,1.9298899999999999,1.9305400000000001,1.92983,1.9300899999999999,555,8,0
2024-04-03 06:35:00,1.9300899999999999,1.93024,1.92978,1.93004,484,8,0
2024-04-03 06:40:00,1.93004,1.9301599999999999,1.9298600000000001,1.93012,481,8,0
2024-04-03 06:45:00,1.93011,1.9303599999999999,1.93003,1.93017,618,8,0
2024-04-03 06:50:00,1.93017,1.93052,1.93008,1.93017,611,8,0
2024-04-03 06:55:00,1.93017,1.93034,1.92996,1.93005,631,8,0
2024-04-03 07:00:00,1.93005,1.93024,1.92964,1.92987,1157,8,0
2024-04-03 07:05:00,1.92987,1.93015,1.92964,1.9299,1125,8,0
2024-04-03 07:10:00,1.9299,1.93028,1.92978,1.9298600000000001,956,8,0
2024-04-03 07:15:00,1.9298600000000001,1.93014,1.92974,1.9300899999999999,774,8,0
2024-04-03 07:20:00,1.9300899999999999,1.93039,1.93004,1.93028,820,8,0
2024-04-03 07:25:00,1.93028,1.93046,1.93005,1.93025,716,8,0
2024-04-03 07:30:00,1.93025,1.9303599999999999,1.92998,1.93014,847,8,0
2024-04-03 07:35:00,1.93014,1.9302000000000001,1.9297,1.92991,970,8,0
2024-04-03 07:40:00,1.92991,1.9305400000000001,1.92976,1.9304999999999999,625,8,0
2024-04-03 07:45:00,1.93049,1.93071,1.9302700000000002,1.93071,671,8,0
2024-04-03 07:50:00,1.9306999999999999,1.93071,1.9301599999999999,1.9304000000000001,752,8,0
2024-04-03 07:55:00,1.93038,1.9308100000000001,1.9302899999999998,1.93034,496,8,0
2024-04-03 08:00:00,1.93034,1.93079,1.93019,1.93069,690,8,0
2024-04-03 08:05:00,1.93069,1.93137,1.9306100000000002,1.9312200000000002,595,8,0
2024-04-03 08:10:00,1.9312200000000002,1.93155,1.93098,1.9314200000000001,394,8,0
2024-04-03 08:15:00,1.93143,1.93207,1.93143,1.93205,583,8,0
2024-04-03 08:20:00,1.93204,1.9329800000000001,1.93195,1.9329800000000001,580,8,0
2024-04-03 08:25:00,1.9329800000000001,1.93329,1.93251,1.93329,584,8,0
2024-04-03 08:30:00,1.93329,1.93346,1.9328400000000001,1.9328699999999999,567,8,0
2024-04-03 08:35:00,1.93288,1.93326,1.9328400000000001,1.93319,589,8,0
2024-04-03 08:40:00,1.93319,1.9332099999999999,1.93255,1.93277,602,8,0
2024-04-03 08:45:00,1.93277,1.93295,1.93231,1.9323700000000001,580,8,0
2024-04-03 08:50:00,1.9323700000000001,1.9329399999999999,1.9323299999999999,1.93266,458,8,0
2024-04-03 08:55:00,1.93266,1.93285,1.93231,1.93247,626,8,0
2024-04-03 09:00:00,1.93247,1.93303,1.9323700000000001,1.9327100000000002,681,8,0
2024-04-03 09:05:00,1.9327100000000002,1.9327800000000002,1.93231,1.93236,520,8,0
2024-04-03 09:10:00,1.9323700000000001,1.93333,1.9323700000000001,1.93295,556,8,0
2024-04-03 09:15:00,1.93295,1.93313,1.9327,1.9328699999999999,592,8,0
2024-04-03 09:20:00,1.9328699999999999,1.93316,1.9328400000000001,1.93299,626,8,0
2024-04-03 09:25:00,1.93299,1.93306,1.9327800000000002,1.93297,576,8,0
2024-04-03 09:30:00,1.93299,1.9332,1.93285,1.93299,783,8,0
2024-04-03 09:35:00,1.93299,1.93326,1.93235,1.9325700000000001,541,8,0
2024-04-03 09:40:00,1.93258,1.93293,1.93243,1.9327100000000002,462,8,0
2024-04-03 09:45:00,1.9327100000000002,1.93319,1.93262,1.93277,676,8,0
2024-04-03 09:50:00,1.93277,1.93289,1.93254,1.93262,790,8,0
2024-04-03 09:55:00,1.93262,1.93266,1.93205,1.93224,638,8,0
2024-04-03 10:00:00,1.93224,1.9322599999999999,1.9315600000000002,1.9317199999999999,667,8,0
2024-04-03 10:05:00,1.9317199999999999,1.932,1.9316,1.93193,517,8,0
2024-04-03 10:10:00,1.93193,1.93211,1.93184,1.93202,535,8,0
2024-04-03 10:15:00,1.9320300000000001,1.93204,1.93152,1.93171,653,8,0
2024-04-03 10:20:00,1.9317199999999999,1.93194,1.93143,1.93157,533,8,0
2024-04-03 10:25:00,1.93159,1.9319600000000001,1.9315,1.93191,473,8,0
2024-04-03 10:30:00,1.9319199999999999,1.93215,1.9318,1.93202,471,8,0
2024-04-03 10:35:00,1.93202,1.93216,1.93173,1.93197,521,8,0
2024-04-03 10:40:00,1.93194,1.9319600000000001,1.93164,1.93179,524,8,0
2024-04-03 10:45:00,1.93179,1.93211,1.93178,1.93191,485,8,0
2024-04-03 10:50:00,1.93191,1.93191,1.93146,1.93153,393,8,0
2024-04-03 10:55:00,1.93152,1.93193,1.93128,1.93146,390,8,0
2024-04-03 11:00:00,1.93146,1.93168,1.93078,1.93091,557,8,0
2024-04-03 11:05:00,1.93091,1.9310800000000001,1.93082,1.93086,411,8,0
2024-04-03 11:10:00,1.93086,1.93143,1.93073,1.93139,687,8,0
2024-04-03 11:15:00,1.93139,1.93143,1.93094,1.93117,481,8,0
2024-04-03 11:20:00,1.93117,1.93145,1.93083,1.93133,556,8,0
2024-04-03 11:25:00,1.93133,1.9317199999999999,1.9311500000000001,1.9312200000000002,735,8,0
2024-04-03 11:30:00,1.93123,1.93126,1.93091,1.9311,590,8,0
2024-04-03 11:35:00,1.9311,1.9311,1.93086,1.93094,599,8,0
2024-04-03 11:40:00,1.93094,1.9310100000000001,1.9305400000000001,1.93058,439,8,0
2024-04-03 11:45:00,1.93058,1.9306100000000002,1.93011,1.9301599999999999,610,8,0
2024-04-03 11:50:00,1.93015,1.93033,1.92976,1.92987,702,8,0
2024-04-03 11:55:00,1.92987,1.9300899999999999,1.92962,1.9297499999999999,560,8,0
2024-04-03 12:00:00,1.9297499999999999,1.93005,1.92965,1.9296799999999998,667,8,0
2024-04-03 12:05:00,1.92969,1.92992,1.92942,1.92947,758,8,0
2024-04-03 12:10:00,1.92949,1.92987,1.92929,1.92931,448,8,0
2024-04-03 12:15:00,1.92901,1.93019,1.92899,1.9296,1263,8,0
2024-04-03 12:20:00,1.92957,1.93066,1.92929,1.9306100000000002,1389,8,0
2024-04-03 12:25:00,1.9306100000000002,1.93114,1.93034,1.93112,1164,8,0
2024-04-03 12:30:00,1.93112,1.93126,1.93008,1.93011,1127,8,0
2024-04-03 12:35:00,1.93011,1.93034,1.92973,1.9298899999999999,1041,8,0
2024-04-03 12:40:00,1.9298899999999999,1.93026,1.92977,1.9301599999999999,1013,8,0
2024-04-03 12:45:00,1.9301599999999999,1.9301599999999999,1.92946,1.92963,905,8,0
2024-04-03 12:50:00,1.92963,1.93026,1.9295,1.92957,1303,8,0
2024-04-03 12:55:00,1.92957,1.92977,1.9293,1.92951,1136,8,0
2024-04-03 13:00:00,1.9295,1.9295900000000001,1.9287100000000001,1.92885,1248,8,0
2024-04-03 13:05:00,1.92885,1.92897,1.9284400000000002,1.9285700000000001,1140,8,0
2024-04-03 13:10:00,1.92858,1.92961,1.92856,1.92947,1270,8,0
2024-04-03 13:15:00,1.92947,1.92996,1.9291800000000001,1.92919,1094,8,0
2024-04-03 13:20:00,1.92919,1.93004,1.929,1.9298,1236,8,0
2024-04-03 13:25:00,1.9298,1.92995,1.92938,1.92983,1038,8,0
2024-04-03 13:30:00,1.92983,1.92985,1.9289800000000001,1.92945,1557,8,0
2024-04-03 13:35:00,1.92945,1.92974,1.9287999999999998,1.9291399999999999,1408,8,0
2024-04-03 13:40:00,1.92913,1.92935,1.92863,1.92892,1359,8,0
2024-04-03 13:45:00,1.92895,1.92917,1.92845,1.92902,1409,8,0
2024-04-03 13:50:00,1.92902,1.92931,1.92872,1.92913,1058,8,0
2024-04-03 13:55:00,1.92913,1.92992,1.92909,1.9293900000000002,950,8,0
2024-04-03 14:00:00,1.9293900000000002,1.9293900000000002,1.92682,1.92829,2747,8,0
2024-04-03 14:05:00,1.92829,1.92886,1.9275799999999998,1.92861,2122,8,0
2024-04-03 14:10:00,1.92861,1.92876,1.92779,1.92801,1975,8,0
2024-04-03 14:15:00,1.92801,1.92839,1.9275,1.92766,1775,8,0
2024-04-03 14:20:00,1.9276499999999999,1.92801,1.9273799999999999,1.92794,1658,8,0
2024-04-03 14:25:00,1.92794,1.92856,1.9278499999999998,1.9284599999999998,1582,8,0
2024-04-03 14:30:00,1.9284400000000002,1.92872,1.92781,1.9283700000000001,1460,8,0
2024-04-03 14:35:00,1.9283700000000001,1.92838,1.9274900000000001,1.92766,1400,8,0
2024-04-03 14:40:00,1.92764,1.9278300000000002,1.92692,1.9275,1490,8,0
2024-04-03 14:45:00,1.9275,1.92795,1.92733,1.92734,1386,8,0
2024-04-03 14:50:00,1.92734,1.92811,1.92705,1.9276499999999999,1286,8,0
2024-04-03 14:55:00,1.9276499999999999,1.9283000000000001,1.92743,1.92764,1563,8,0
2024-04-03 15:00:00,1.9276200000000001,1.92815,1.9274200000000001,1.92782,1121,8,0
2024-04-03 15:05:00,1.92781,1.9281000000000001,1.92721,1.9272200000000002,937,8,0
2024-04-03 15:10:00,1.92721,1.9277600000000001,1.9271099999999999,1.92733,1210,8,0
2024-04-03 15:15:00,1.92733,1.9278,1.92732,1.92764,976,8,0
2024-04-03 15:20:00,1.92764,1.92774,1.92662,1.92694,1083,8,0
2024-04-03 15:25:00,1.92694,1.92743,1.92672,1.92676,914,8,0
2024-04-03 15:30:00,1.9267699999999999,1.9268,1.9262700000000001,1.92638,865,8,0
2024-04-03 15:35:00,1.92638,1.92642,1.9257,1.9257300000000002,1058,8,0
2024-04-03 15:40:00,1.9257300000000002,1.9258199999999999,1.92524,1.9257499999999999,1075,8,0
2024-04-03 15:45:00,1.9257499999999999,1.9262299999999999,1.9256600000000001,1.92621,969,8,0
2024-04-03 15:50:00,1.92622,1.92652,1.92606,1.92631,854,8,0
2024-04-03 15:55:00,1.92631,1.92672,1.92601,1.92653,783,8,0
2024-04-03 16:00:00,1.92657,1.92679,1.9262700000000001,1.92628,909,8,0
2024-04-03 16:05:00,1.92628,1.92726,1.92628,1.92726,604,8,0
2024-04-03 16:10:00,1.92726,1.9275600000000002,1.92672,1.92746,1410,8,0
2024-04-03 16:15:00,1.92746,1.9277199999999999,1.92705,1.9270800000000001,1272,8,0
2024-04-03 16:20:00,1.9270800000000001,1.9272200000000002,1.9257300000000002,1.92648,1315,8,0
2024-04-03 16:25:00,1.92648,1.9267400000000001,1.92591,1.92603,1042,8,0
2024-04-03 16:30:00,1.92603,1.92644,1.9257499999999999,1.92622,1339,8,0
2024-04-03 16:35:00,1.92622,1.92659,1.9261300000000001,1.9262899999999998,1437,8,0
2024-04-03 16:40:00,1.9262899999999998,1.9265400000000001,1.92611,1.92626,1181,8,0
2024-04-03 16:45:00,1.92626,1.92658,1.92621,1.9264700000000001,962,8,0
2024-04-03 16:50:00,1.9264700000000001,1.9265400000000001,1.92615,1.9263599999999999,864,8,0
2024-04-03 16:55:00,1.92638,1.92652,1.9261300000000001,1.92639,794,8,0
2024-04-03 17:00:00,1.92639,1.92689,1.9261599999999999,1.92689,861,8,0
2024-04-03 17:05:00,1.92689,1.92709,1.92632,1.92632,828,8,0
2024-04-03 17:10:00,1.9263400000000002,1.92637,1.92605,1.92622,641,8,0
2024-04-03 17:15:00,1.92622,1.92644,1.92615,1.92617,555,8,0
2024-04-03 17:20:00,1.92617,1.92642,1.92604,1.92612,732,8,0
2024-04-03 17:25:00,1.92612,1.92612,1.92571,1.9258600000000001,793,8,0
2024-04-03 17:30:00,1.9258600000000001,1.92614,1.9257900000000001,1.9259300000000001,585,8,0
2024-04-03 17:35:00,1.9259300000000001,1.92608,1.92564,1.92584,582,8,0
2024-04-03 17:40:00,1.92584,1.9262899999999998,1.92583,1.92606,547,8,0
2024-04-03 17:45:00,1.92606,1.9262299999999999,1.92588,1.92621,440,8,0
2024-04-03 17:50:00,1.92621,1.92626,1.92581,1.92581,513,8,0
2024-04-03 17:55:00,1.92581,1.9258199999999999,1.92547,1.92563,671,8,0
2024-04-03 18:00:00,1.92563,1.9262000000000001,1.92563,1.92612,569,8,0
2024-04-03 18:05:00,1.92612,1.92659,1.9261,1.92658,479,8,0
2024-04-03 18:10:00,1.92659,1.92694,1.92645,1.92689,520,8,0
2024-04-03 18:15:00,1.9268999999999998,1.92723,1.9268,1.92717,419,8,0
2024-04-03 18:20:00,1.92717,1.92719,1.92687,1.9268800000000001,329,8,0
2024-04-03 18:25:00,1.9268800000000001,1.9271,1.92678,1.9271,438,8,0
2024-04-03 18:30:00,1.9271,1.92716,1.9267699999999999,1.92686,574,8,0
2024-04-03 18:35:00,1.92686,1.92706,1.92672,1.9268,465,8,0
2024-04-03 18:40:00,1.9268100000000001,1.92687,1.92651,1.92673,375,8,0
2024-04-03 18:45:00,1.92673,1.9270100000000001,1.92673,1.92689,368,8,0
2024-04-03 18:50:00,1.92689,1.92713,1.92676,1.92694,465,8,0
2024-04-03 18:55:00,1.92694,1.9269500000000002,1.9266999999999999,1.9268,551,8,0
2024-04-03 19:00:00,1.9268,1.927,1.92673,1.92693,481,8,0
2024-04-03 19:05:00,1.92693,1.9270100000000001,1.9266299999999998,1.92669,419,8,0
2024-04-03 19:10:00,1.92669,1.9272,1.92659,1.92717,577,8,0
2024-04-03 19:15:00,1.92718,1.92747,1.92712,1.92723,710,8,0
2024-04-03 19:20:00,1.92723,1.92755,1.9271,1.92746,501,8,0
2024-04-03 19:25:00,1.92746,1.92766,1.92727,1.92741,525,8,0
2024-04-03 19:30:00,1.9274,1.9276,1.9273,1.9274,529,8,0
2024-04-03 19:35:00,1.9274,1.92743,1.92705,1.92721,450,8,0
2024-04-03 19:40:00,1.9272,1.92734,1.92705,1.92732,458,8,0
2024-04-03 19:45:00,1.92732,1.9273799999999999,1.92717,1.92733,459,8,0
2024-04-03 19:50:00,1.92733,1.92746,1.92723,1.9273799999999999,587,8,0
2024-04-03 19:55:00,1.92737,1.9277600000000001,1.9273099999999999,1.9275600000000002,815,8,0
2024-04-03 20:00:00,1.9275600000000002,1.92761,1.92729,1.9273799999999999,376,8,0
2024-04-03 20:05:00,1.9273799999999999,1.92752,1.9273099999999999,1.9273799999999999,142,8,0
2024-04-03 20:10:00,1.9273799999999999,1.92744,1.92728,1.92739,161,8,0
2024-04-03 20:15:00,1.92739,1.9274900000000001,1.9273099999999999,1.92732,134,8,0
2024-04-03 20:20:00,1.92732,1.92741,1.92728,1.92739,168,8,0
2024-04-03 20:25:00,1.92739,1.9275799999999998,1.92734,1.92737,166,8,0
2024-04-03 20:30:00,1.92737,1.92754,1.9273,1.92753,169,8,0
2024-04-03 20:35:00,1.92753,1.9276900000000001,1.9273099999999999,1.9276900000000001,131,8,0
2024-04-03 20:40:00,1.9276900000000001,1.9276900000000001,1.92718,1.92725,228,8,0
2024-04-03 20:45:00,1.92725,1.92748,1.92718,1.92744,215,8,0
2024-04-03 20:50:00,1.92744,1.9276,1.92726,1.92726,145,8,0
2024-04-03 20:55:00,1.92726,1.92748,1.92702,1.92727,254,8,0
2024-04-03 21:00:00,1.92726,1.92726,1.92531,1.9269699999999998,28,31,0
2024-04-03 21:05:00,1.9269699999999998,1.92712,1.92687,1.92702,25,85,0
2024-04-03 21:10:00,1.92702,1.92732,1.92702,1.9271099999999999,57,42,0
2024-04-03 21:15:00,1.9271099999999999,1.92757,1.92703,1.92752,66,42,0
2024-04-03 21:20:00,1.92752,1.92759,1.9274,1.92744,50,51,0
2024-04-03 21:25:00,1.92744,1.92748,1.9272,1.9273099999999999,29,43,0
2024-04-03 21:30:00,1.92734,1.92737,1.92703,1.9271099999999999,68,35,0
2024-04-03 21:35:00,1.9271099999999999,1.9272399999999998,1.9270399999999999,1.9272200000000002,137,29,0
2024-04-03 21:40:00,1.9272200000000002,1.9276900000000001,1.92705,1.92725,139,16,0
2024-04-03 21:45:00,1.92728,1.9274,1.9272399999999998,1.9273,234,22,0
2024-04-03 21:50:00,1.9273,1.92757,1.92726,1.92746,141,29,0
2024-04-03 21:55:00,1.92746,1.92793,1.9273,1.9276200000000001,277,28,0
2024-04-03 22:00:00,1.92753,1.92754,1.9268,1.9272,197,8,0
2024-04-03 22:05:00,1.9272,1.9274200000000001,1.9271500000000001,1.92723,139,8,0
2024-04-03 22:10:00,1.92723,1.9273799999999999,1.92712,1.9272,89,8,0
2024-04-03 22:15:00,1.9272,1.92726,1.9270399999999999,1.9271,200,8,0
2024-04-03 22:20:00,1.92712,1.92723,1.927,1.9270399999999999,127,8,0
2024-04-03 22:25:00,1.92706,1.92713,1.9268999999999998,1.92696,155,8,0
2024-04-03 22:30:00,1.92696,1.92718,1.92689,1.92702,241,8,0
2024-04-03 22:35:00,1.92702,1.92727,1.92698,1.9272399999999998,142,8,0
2024-04-03 22:40:00,1.92725,1.92732,1.92716,1.92718,219,8,0
2024-04-03 22:45:00,1.92718,1.92727,1.9269699999999998,1.92703,187,8,0
2024-04-03 22:50:00,1.9270399999999999,1.9272399999999998,1.927,1.92707,231,8,0
2024-04-03 22:55:00,1.92707,1.92718,1.9268100000000001,1.9270399999999999,280,8,0
2024-04-03 23:00:00,1.9270399999999999,1.9270800000000001,1.9267400000000001,1.92693,272,8,0
2024-04-03 23:05:00,1.92693,1.927,1.92679,1.92687,303,8,0
2024-04-03 23:10:00,1.92687,1.92709,1.92673,1.9269500000000002,237,8,0
2024-04-03 23:15:00,1.9269500000000002,1.92696,1.9267400000000001,1.92692,99,8,0
2024-04-03 23:20:00,1.92692,1.92728,1.9268999999999998,1.92709,165,8,0
2024-04-03 23:25:00,1.9270800000000001,1.9271,1.92666,1.92667,191,8,0
2024-04-03 23:30:00,1.92669,1.92669,1.9260199999999998,1.92655,746,8,0
2024-04-03 23:35:00,1.92655,1.92669,1.9263,1.92648,274,8,0
2024-04-03 23:40:00,1.92648,1.92656,1.9263,1.92632,305,8,0
2024-04-03 23:45:00,1.92632,1.92648,1.92624,1.92639,250,8,0
2024-04-03 23:50:00,1.9263599999999999,1.92653,1.92624,1.92653,174,8,0
2024-04-03 23:55:00,1.92653,1.92656,1.92608,1.92611,305,8,0
2024-04-04 00:00:00,1.9261,1.92666,1.92595,1.92653,611,8,0
2024-04-04 00:05:00,1.92651,1.92658,1.92598,1.92646,459,8,0
2024-04-04 00:10:00,1.92646,1.92649,1.92608,1.92649,484,8,0
2024-04-04 00:15:00,1.92649,1.92649,1.92585,1.9258600000000001,473,8,0
2024-04-04 00:20:00,1.92585,1.92644,1.92585,1.92626,397,8,0
2024-04-04 00:25:00,1.92625,1.9262899999999998,1.92588,1.92592,427,8,0
2024-04-04 00:30:00,1.92592,1.92625,1.92574,1.92584,491,8,0
2024-04-04 00:35:00,1.92585,1.92585,1.9254099999999998,1.92557,414,8,0
2024-04-04 00:40:00,1.92557,1.92571,1.92546,1.9256199999999999,341,8,0
2024-04-04 00:45:00,1.9256199999999999,1.9257,1.92473,1.92481,416,8,0
2024-04-04 00:50:00,1.92482,1.92497,1.92381,1.92408,784,8,0
2024-04-04 00:55:00,1.924,1.92409,1.9234200000000001,1.92346,615,8,0
2024-04-04 01:00:00,1.92346,1.9235600000000002,1.92219,1.92232,1002,8,0
2024-04-04 01:05:00,1.92232,1.92257,1.9220000000000002,1.9224,627,8,0
2024-04-04 01:10:00,1.92241,1.92306,1.92217,1.92286,605,8,0
2024-04-04 01:15:00,1.92286,1.92352,1.92282,1.9233500000000001,531,8,0
2024-04-04 01:20:00,1.9233500000000001,1.9234499999999999,1.92262,1.92262,393,8,0
2024-04-04 01:25:00,1.92262,1.92309,1.92231,1.92305,426,8,0
2024-04-04 01:30:00,1.92305,1.92316,1.92256,1.92257,545,8,0
2024-04-04 01:35:00,1.92257,1.9226,1.9223599999999998,1.92249,359,8,0
2024-04-04 01:40:00,1.92249,1.92249,1.9220899999999999,1.9221,369,8,0
2024-04-04 01:45:00,1.9221,1.92266,1.92206,1.92221,531,8,0
2024-04-04 01:50:00,1.92221,1.92267,1.92197,1.92264,442,8,0
2024-04-04 01:55:00,1.92264,1.9229500000000002,1.9226100000000002,1.92271,440,8,0
2024-04-04 02:00:00,1.92271,1.92364,1.9224700000000001,1.92334,357,8,0
2024-04-04 02:05:00,1.92334,1.9237600000000001,1.92305,1.9237,552,8,0
2024-04-04 02:10:00,1.9237,1.92384,1.9234499999999999,1.9237,420,8,0
2024-04-04 02:15:00,1.92364,1.92401,1.92361,1.9238,478,8,0
2024-04-04 02:20:00,1.92379,1.92394,1.9236,1.92367,517,8,0
2024-04-04 02:25:00,1.92367,1.92393,1.92357,1.92362,561,8,0
2024-04-04 02:30:00,1.92362,1.92381,1.92351,1.9237,387,8,0
2024-04-04 02:35:00,1.9237,1.9237,1.9231500000000001,1.92337,416,8,0
2024-04-04 02:40:00,1.92337,1.9237,1.92334,1.92359,290,8,0
2024-04-04 02:45:00,1.92359,1.92371,1.9229699999999998,1.92366,333,8,0
2024-04-04 02:50:00,1.92366,1.92378,1.92314,1.92348,391,8,0
2024-04-04 02:55:00,1.92348,1.92382,1.92318,1.92325,506,8,0
2024-04-04 03:00:00,1.92325,1.9234,1.92306,1.92319,455,8,0
2024-04-04 03:05:00,1.92319,1.92321,1.92292,1.92307,307,8,0
2024-04-04 03:10:00,1.92309,1.9234499999999999,1.9230800000000001,1.92328,350,8,0
2024-04-04 03:15:00,1.92328,1.92328,1.92293,1.923,344,8,0
2024-04-04 03:20:00,1.923,1.92325,1.9229500000000002,1.92305,264,8,0
2024-04-04 03:25:00,1.92305,1.9231,1.9227699999999999,1.9227699999999999,278,8,0
2024-04-04 03:30:00,1.9227699999999999,1.9235,1.92269,1.92321,359,8,0
2024-04-04 03:35:00,1.92321,1.9232200000000002,1.92276,1.92292,288,8,0
2024-04-04 03:40:00,1.92292,1.92299,1.92233,1.9224299999999999,417,8,0
2024-04-04 03:45:00,1.9224299999999999,1.9228,1.92232,1.92259,334,8,0
2024-04-04 03:50:00,1.92259,1.92267,1.92241,1.92246,216,8,0
2024-04-04 03:55:00,1.92246,1.92268,1.92242,1.92251,369,8,0
2024-04-04 04:00:00,1.92251,1.92268,1.9223599999999998,1.92239,385,8,0
2024-04-04 04:05:00,1.92239,1.92272,1.92231,1.92233,346,8,0
2024-04-04 04:10:00,1.92233,1.92246,1.92204,1.92204,324,8,0
2024-04-04 04:15:00,1.92204,1.92262,1.92203,1.9224299999999999,418,8,0
2024-04-04 04:20:00,1.9224299999999999,1.92251,1.92111,1.9211200000000002,574,8,0
2024-04-04 04:25:00,1.9211200000000002,1.92142,1.92097,1.92102,455,8,0
2024-04-04 04:30:00,1.92102,1.92165,1.92102,1.9215499999999999,341,8,0
2024-04-04 04:35:00,1.9215499999999999,1.9215499999999999,1.92142,1.92144,195,8,0
2024-04-04 04:40:00,1.92144,1.92146,1.9213200000000001,1.92136,265,8,0
2024-04-04 04:45:00,1.92136,1.9215499999999999,1.9213,1.9215200000000001,173,8,0
2024-04-04 04:50:00,1.9215200000000001,1.92153,1.92131,1.92134,203,8,0
2024-04-04 04:55:00,1.92134,1.92164,1.9213,1.92134,307,8,0
2024-04-04 05:00:00,1.92134,1.9213900000000002,1.92103,1.92107,310,8,0
2024-04-04 05:05:00,1.92107,1.92177,1.9209800000000001,1.92151,361,8,0
2024-04-04 05:10:00,1.92151,1.92154,1.92117,1.9215,506,8,0
2024-04-04 05:15:00,1.9215,1.9216,1.92103,1.92122,455,8,0
2024-04-04 05:20:00,1.92122,1.92151,1.9212099999999999,1.92138,326,8,0
2024-04-04 05:25:00,1.92138,1.92161,1.9213200000000001,1.92136,323,8,0
2024-04-04 05:30:00,1.92136,1.92157,1.9209800000000001,1.9215499999999999,487,8,0
2024-04-04 05:35:00,1.9215499999999999,1.92158,1.92076,1.9207800000000002,401,8,0
2024-04-04 05:40:00,1.92077,1.92093,1.9205,1.9207800000000002,250,8,0
2024-04-04 05:45:00,1.9207800000000002,1.9207999999999998,1.9201700000000002,1.92024,377,8,0
2024-04-04 05:50:00,1.92024,1.9208699999999999,1.9200300000000001,1.92077,398,8,0
2024-04-04 05:55:00,1.92077,1.92089,1.92056,1.92065,415,8,0
2024-04-04 06:00:00,1.92065,1.92103,1.9200599999999999,1.92039,685,8,0
2024-04-04 06:05:00,1.92039,1.92063,1.92022,1.92049,435,8,0
2024-04-04 06:10:00,1.92049,1.92075,1.92025,1.92047,495,8,0
2024-04-04 06:15:00,1.92047,1.92081,1.9200300000000001,1.92059,397,8,0
2024-04-04 06:20:00,1.92059,1.9207999999999998,1.9205,1.9207999999999998,250,8,0
2024-04-04 06:25:00,1.9207999999999998,1.92082,1.92024,1.92032,182,8,0
2024-04-04 06:30:00,1.92032,1.92083,1.92009,1.92048,901,8,0
2024-04-04 06:35:00,1.92048,1.92081,1.92043,1.9207999999999998,828,8,0
2024-04-04 06:40:00,1.9207999999999998,1.92147,1.9207100000000001,1.92129,482,8,0
2024-04-04 06:45:00,1.92129,1.9213,1.92076,1.9211399999999998,416,8,0
2024-04-04 06:50:00,1.9211399999999998,1.92127,1.92081,1.92084,631,8,0
2024-04-04 06:55:00,1.92084,1.92099,1.92049,1.92059,551,8,0
2024-04-04 07:00:00,1.9205999999999999,1.92106,1.92008,1.9210500000000001,938,8,0
2024-04-04 07:05:00,1.92106,1.9213,1.92089,1.9211399999999998,739,8,0
2024-04-04 07:10:00,1.9211399999999998,1.9213200000000001,1.9209100000000001,1.92099,760,8,0
2024-04-04 07:15:00,1.92099,1.92111,1.9206699999999999,1.92081,752,8,0
2024-04-04 07:20:00,1.92081,1.92107,1.9205100000000002,1.92073,736,8,0
2024-04-04 07:25:00,1.92072,1.92107,1.92014,1.9203299999999999,552,8,0
2024-04-04 07:30:00,1.9203299999999999,1.92036,1.91977,1.9199000000000002,691,8,0
2024-04-04 07:35:00,1.9199000000000002,1.92035,1.91955,1.92031,650,8,0
2024-04-04 07:40:00,1.92031,1.92065,1.92013,1.92025,664,8,0
2024-04-04 07:45:00,1.92025,1.9209399999999999,1.92023,1.92057,788,8,0
2024-04-04 07:50:00,1.92056,1.9207999999999998,1.92018,1.92073,725,8,0
2024-04-04 07:55:00,1.92073,1.9211399999999998,1.9206400000000001,1.9207,904,8,0
2024-04-04 08:00:00,1.9207,1.92111,1.92036,1.9204599999999998,746,8,0
2024-04-04 08:05:00,1.9204599999999998,1.9205100000000002,1.9199000000000002,1.91995,767,8,0
2024-04-04 08:10:00,1.91995,1.92002,1.9193099999999998,1.91991,579,8,0
2024-04-04 08:15:00,1.91991,1.92018,1.91974,1.91997,516,8,0
2024-04-04 08:20:00,1.91997,1.9199899999999999,1.91932,1.91977,777,8,0
2024-04-04 08:25:00,1.91978,1.91984,1.91907,1.91916,499,8,0
2024-04-04 08:30:00,1.9192,1.91934,1.91893,1.91914,571,8,0
2024-04-04 08:35:00,1.91914,1.9193,1.91898,1.9192900000000002,549,8,0
2024-04-04 08:40:00,1.91928,1.91953,1.91899,1.91927,608,8,0
2024-04-04 08:45:00,1.91927,1.91963,1.91919,1.91921,502,8,0
2024-04-04 08:50:00,1.91921,1.9195799999999998,1.91906,1.91919,613,8,0
2024-04-04 08:55:00,1.91919,1.91977,1.9191500000000001,1.91947,751,8,0
2024-04-04 09:00:00,1.9195,1.9195,1.9185699999999999,1.9188,835,8,0
2024-04-04 09:05:00,1.9188,1.91883,1.91835,1.91838,475,8,0
2024-04-04 09:10:00,1.91838,1.91875,1.9182299999999999,1.91869,448,8,0
2024-04-04 09:15:00,1.91869,1.9187400000000001,1.91835,1.91837,464,8,0
2024-04-04 09:20:00,1.91837,1.91841,1.9180000000000001,1.9182299999999999,431,8,0
2024-04-04 09:25:00,1.9182299999999999,1.9183,1.91769,1.91774,510,8,0
2024-04-04 09:30:00,1.91774,1.9183400000000002,1.91774,1.9183400000000002,400,8,0
2024-04-04 09:35:00,1.9183400000000002,1.91873,1.91832,1.91848,452,8,0
2024-04-04 09:40:00,1.91848,1.9187400000000001,1.91839,1.9186100000000001,454,8,0
2024-04-04 09:45:00,1.9186100000000001,1.9186299999999998,1.9178,1.9178,599,8,0
2024-04-04 09:50:00,1.9178,1.9178199999999999,1.91751,1.91777,408,8,0
2024-04-04 09:55:00,1.91777,1.91788,1.91736,1.91781,476,8,0
2024-04-04 10:00:00,1.91781,1.91787,1.91719,1.91727,497,8,0
2024-04-04 10:05:00,1.91727,1.91737,1.9165299999999998,1.91665,453,8,0
2024-04-04 10:10:00,1.91665,1.91697,1.91647,1.9166400000000001,363,8,0
2024-04-04 10:15:00,1.9166400000000001,1.9166699999999999,1.9162599999999999,1.91642,307,8,0
2024-04-04 10:20:00,1.91642,1.91642,1.9160599999999999,1.9161299999999999,297,8,0
2024-04-04 10:25:00,1.9161299999999999,1.9161299999999999,1.91543,1.91555,273,8,0
2024-04-04 10:30:00,1.91555,1.91609,1.91536,1.9154499999999999,529,8,0
2024-04-04 10:35:00,1.9154499999999999,1.9155799999999998,1.91527,1.9154499999999999,381,8,0
2024-04-04 10:40:00,1.9154499999999999,1.91574,1.91541,1.9157,381,8,0
2024-04-04 10:45:00,1.9157,1.91586,1.91535,1.91535,359,8,0
2024-04-04 10:50:00,1.91535,1.91575,1.91491,1.91546,510,8,0
2024-04-04 10:55:00,1.91546,1.9156900000000001,1.91506,1.9150800000000001,525,8,0
2024-04-04 11:00:00,1.9150800000000001,1.91543,1.9148800000000001,1.91541,549,8,0
2024-04-04 11:05:00,1.91541,1.91553,1.9149500000000002,1.9149500000000002,348,8,0
2024-04-04 11:10:00,1.91493,1.91514,1.9147699999999999,1.9147699999999999,386,8,0
2024-04-04 11:15:00,1.91476,1.91523,1.91474,1.91523,313,8,0
2024-04-04 11:20:00,1.91523,1.91564,1.9152200000000001,1.91528,349,8,0
2024-04-04 11:25:00,1.91527,1.91567,1.91502,1.91502,311,8,0
2024-04-04 11:30:00,1.91502,1.91587,1.91482,1.91584,328,8,0
2024-04-04 11:35:00,1.91584,1.91634,1.9157600000000001,1.91625,501,8,0
2024-04-04 11:40:00,1.91625,1.91635,1.91589,1.9162400000000002,395,8,0
2024-04-04 11:45:00,1.9162400000000002,1.9164400000000001,1.9157899999999999,1.91616,501,8,0
2024-04-04 11:50:00,1.91616,1.91628,1.91591,1.91604,397,8,0
2024-04-04 11:55:00,1.91604,1.91622,1.9157,1.91612,496,8,0
2024-04-04 12:00:00,1.91612,1.91676,1.916,1.91668,695,8,0
2024-04-04 12:05:00,1.91668,1.91737,1.91655,1.91718,466,8,0
2024-04-04 12:10:00,1.91718,1.9173900000000001,1.9169399999999999,1.9172799999999999,429,8,0
2024-04-04 12:15:00,1.9172799999999999,1.9177499999999998,1.9172799999999999,1.91765,517,8,0
2024-04-04 12:20:00,1.91765,1.91765,1.91708,1.91709,619,8,0
2024-04-04 12:25:00,1.91708,1.9173,1.9167800000000002,1.9168699999999999,493,8,0
2024-04-04 12:30:00,1.9167100000000001,1.91737,1.91669,1.91686,1469,8,0
2024-04-04 12:35:00,1.91686,1.91716,1.91675,1.91675,992,8,0
2024-04-04 12:40:00,1.91675,1.91683,1.91623,1.9165299999999998,790,8,0
2024-04-04 12:45:00,1.9165299999999998,1.91654,1.91562,1.9157,824,8,0
2024-04-04 12:50:00,1.9157,1.91589,1.91517,1.91532,838,8,0
2024-04-04 12:55:00,1.9153,1.91534,1.91459,1.91503,874,8,0
2024-04-04 13:00:00,1.91503,1.91507,1.91456,1.9148800000000001,944,8,0
2024-04-04 13:05:00,1.91489,1.9155,1.9145400000000001,1.9154900000000001,655,8,0
2024-04-04 13:10:00,1.9154900000000001,1.91607,1.91546,1.91602,481,8,0
2024-04-04 13:15:00,1.91602,1.91618,1.91567,1.91596,963,8,0
2024-04-04 13:20:00,1.91593,1.91638,1.9159199999999998,1.91622,1017,8,0
2024-04-04 13:25:00,1.91622,1.9162400000000002,1.9154900000000001,1.91551,833,8,0
2024-04-04 13:30:00,1.91551,1.91627,1.91533,1.91623,1200,8,0
2024-04-04 13:35:00,1.91623,1.91697,1.91575,1.91696,1185,8,0
2024-04-04 13:40:00,1.91696,1.91717,1.91629,1.9168699999999999,884,8,0
2024-04-04 13:45:00,1.91689,1.9173499999999999,1.9167800000000002,1.91708,851,8,0
2024-04-04 13:50:00,1.91708,1.91709,1.9163700000000001,1.91643,804,8,0
2024-04-04 13:55:00,1.91643,1.9170500000000001,1.91636,1.91688,824,8,0
2024-04-04 14:00:00,1.91688,1.91716,1.91638,1.91713,1162,8,0
2024-04-04 14:05:00,1.91713,1.91738,1.91683,1.9170099999999999,837,8,0
2024-04-04 14:10:00,1.9170099999999999,1.9170500000000001,1.91666,1.91679,795,8,0
2024-04-04 14:15:00,1.91679,1.91683,1.91649,1.91652,689,8,0
2024-04-04 14:20:00,1.91652,1.91665,1.91607,1.9163299999999999,789,8,0
2024-04-04 14:25:00,1.91634,1.91649,1.91608,1.91639,654,8,0
2024-04-04 14:30:00,1.91642,1.9167999999999998,1.91631,1.91675,679,8,0
2024-04-04 14:35:00,1.91675,1.91684,1.91639,1.9167100000000001,723,8,0
2024-04-04 14:40:00,1.9167100000000001,1.91716,1.91666,1.9167,850,8,0
2024-04-04 14:45:00,1.9167,1.91703,1.9164400000000001,1.91662,787,8,0
2024-04-04 14:50:00,1.91662,1.91663,1.91555,1.91555,955,8,0
2024-04-04 14:55:00,1.91555,1.9155600000000002,1.91431,1.91433,1146,8,0
2024-04-04 15:00:00,1.91431,1.91465,1.9140000000000001,1.9143,972,8,0
2024-04-04 15:05:00,1.9143,1.91445,1.91408,1.91437,726,8,0
2024-04-04 15:10:00,1.9143599999999998,1.91452,1.9133499999999999,1.91357,753,8,0
2024-04-04 15:15:00,1.91358,1.91399,1.91358,1.91399,661,8,0
2024-04-04 15:20:00,1.91399,1.91464,1.9139,1.91464,620,8,0
2024-04-04 15:25:00,1.91463,1.91465,1.9140899999999998,1.91431,478,8,0
2024-04-04 15:30:00,1.91431,1.915,1.9143,1.91492,389,8,0
2024-04-04 15:35:00,1.91492,1.91505,1.91459,1.9148100000000001,595,8,0
2024-04-04 15:40:00,1.9148,1.91503,1.91479,1.91483,425,8,0
2024-04-04 15:45:00,1.91483,1.9149,1.91467,1.91476,409,8,0
2024-04-04 15:50:00,1.91476,1.9148,1.91445,1.91471,510,8,0
2024-04-04 15:55:00,1.91471,1.9149500000000002,1.91458,1.91492,515,8,0
2024-04-04 16:00:00,1.91494,1.9152,1.91467,1.91516,425,8,0
2024-04-04 16:05:00,1.91516,1.91516,1.91474,1.91476,266,8,0
2024-04-04 16:10:00,1.91475,1.91527,1.91475,1.9150800000000001,334,8,0
2024-04-04 16:15:00,1.9150800000000001,1.91521,1.91498,1.91514,253,8,0
2024-04-04 16:20:00,1.91514,1.91525,1.91482,1.91493,296,8,0
2024-04-04 16:25:00,1.91493,1.91512,1.91487,1.9150800000000001,270,8,0
2024-04-04 16:30:00,1.9150800000000001,1.91526,1.91472,1.9152,414,8,0
2024-04-04 16:35:00,1.9152,1.91523,1.9148800000000001,1.9149,409,8,0
2024-04-04 16:40:00,1.9149,1.91498,1.91473,1.9149500000000002,288,8,0
2024-04-04 16:45:00,1.91493,1.91526,1.9149,1.91516,327,8,0
2024-04-04 16:50:00,1.91516,1.9152,1.91478,1.9148100000000001,340,8,0
2024-04-04 16:55:00,1.9148100000000001,1.91493,1.9146800000000002,1.91483,342,8,0
2024-04-04 17:00:00,1.9148399999999999,1.91527,1.91472,1.91523,330,8,0
2024-04-04 17:05:00,1.91523,1.91528,1.9150800000000001,1.9151500000000001,203,8,0
2024-04-04 17:10:00,1.9151500000000001,1.9152200000000001,1.91492,1.91513,340,8,0
2024-04-04 17:15:00,1.91513,1.91513,1.9148800000000001,1.91492,235,8,0
2024-04-04 17:20:00,1.91492,1.91502,1.9146999999999998,1.91494,306,8,0
2024-04-04 17:25:00,1.91494,1.9151,1.91485,1.91492,245,8,0
2024-04-04 17:30:00,1.91492,1.9149500000000002,1.9146,1.9147699999999999,281,8,0
2024-04-04 17:35:00,1.9147699999999999,1.91485,1.9145699999999999,1.91467,229,8,0
2024-04-04 17:40:00,1.91467,1.91502,1.91462,1.91476,243,8,0
2024-04-04 17:45:00,1.91476,1.91483,1.91453,1.9146,270,8,0
2024-04-04 17:50:00,1.9146,1.9146100000000001,1.91425,1.91441,312,8,0
2024-04-04 17:55:00,1.91441,1.91464,1.91419,1.9145699999999999,425,8,0
2024-04-04 18:00:00,1.91458,1.91494,1.91452,1.9148800000000001,506,8,0
2024-04-04 18:05:00,1.9148800000000001,1.91535,1.9148,1.91535,590,8,0
2024-04-04 18:10:00,1.91535,1.9157899999999999,1.9151500000000001,1.91574,856,8,0
2024-04-04 18:15:00,1.91574,1.91666,1.9156499999999999,1.9165999999999999,963,8,0
2024-04-04 18:20:00,1.9165999999999999,1.9169100000000001,1.91623,1.9167399999999999,1012,8,0
2024-04-04 18:25:00,1.91673,1.9167800000000002,1.91625,1.91672,833,8,0
2024-04-04 18:30:00,1.91672,1.91695,1.91641,1.91672,1339,8,0
2024-04-04 18:35:00,1.91672,1.9167399999999999,1.91615,1.9166699999999999,960,8,0
2024-04-04 18:40:00,1.9166699999999999,1.91707,1.91648,1.91702,869,8,0
2024-04-04 18:45:00,1.91702,1.9170500000000001,1.91638,1.91646,1008,8,0
2024-04-04 18:50:00,1.91648,1.9169800000000001,1.9163299999999999,1.9169100000000001,1102,8,0
2024-04-04 18:55:00,1.9169100000000001,1.91713,1.9165999999999999,1.91676,1321,8,0
2024-04-04 19:00:00,1.9167800000000002,1.91822,1.9167800000000002,1.9180199999999998,1596,8,0
2024-04-04 19:05:00,1.9180000000000001,1.91844,1.91745,1.91753,1341,8,0
2024-04-04 19:10:00,1.91753,1.9182700000000001,1.91751,1.91798,1174,8,0
2024-04-04 19:15:00,1.91798,1.9186800000000002,1.91798,1.91853,1043,8,0
2024-04-04 19:20:00,1.91852,1.91902,1.91804,1.91876,1153,8,0
2024-04-04 19:25:00,1.91876,1.9198300000000001,1.91858,1.9196900000000001,958,8,0
2024-04-04 19:30:00,1.9196900000000001,1.92008,1.91936,1.9197,1169,8,0
2024-04-04 19:35:00,1.9197,1.92023,1.91943,1.9201899999999998,1252,8,0
2024-04-04 19:40:00,1.9201899999999998,1.9204400000000001,1.91991,1.91996,1254,8,0
2024-04-04 19:45:00,1.91998,1.92038,1.91987,1.9201899999999998,1326,8,0
2024-04-04 19:50:00,1.9201899999999998,1.9207800000000002,1.92009,1.92042,1248,8,0
2024-04-04 19:55:00,1.92042,1.92082,1.92034,1.9205299999999998,1400,8,0
2024-04-04 20:00:00,1.9205299999999998,1.9205299999999998,1.9196499999999999,1.91986,659,8,0
2024-04-04 20:05:00,1.91986,1.92009,1.9197199999999999,1.91974,381,8,0
2024-04-04 20:10:00,1.91975,1.91998,1.91974,1.91978,324,8,0
2024-04-04 20:15:00,1.91978,1.91997,1.91933,1.91936,275,8,0
2024-04-04 20:20:00,1.91936,1.91948,1.9192900000000002,1.91947,137,8,0
2024-04-04 20:25:00,1.91947,1.91955,1.9192,1.91934,322,8,0
2024-04-04 20:30:00,1.91934,1.9194499999999999,1.9191099999999999,1.9192200000000001,140,8,0
2024-04-04 20:35:00,1.9192200000000001,1.91943,1.91914,1.91933,48,8,0
2024-04-04 20:40:00,1.91933,1.9194900000000001,1.91928,1.91934,107,8,0
2024-04-04 20:45:00,1.91934,1.91953,1.9192,1.9193099999999998,109,8,0
2024-04-04 20:50:00,1.9192900000000002,1.9193500000000001,1.9188800000000001,1.9189500000000002,212,8,0
2024-04-04 20:55:00,1.91896,1.9192399999999998,1.9189500000000002,1.91898,175,8,0
2024-04-04 21:00:00,1.91887,1.91887,1.91681,1.9179599999999999,19,28,0
2024-04-04 21:05:00,1.9179599999999999,1.91817,1.91768,1.9181300000000001,33,88,0
2024-04-04 21:10:00,1.91818,1.9183599999999998,1.91787,1.9180700000000002,39,81,0
2024-04-04 21:15:00,1.9180000000000001,1.91833,1.91779,1.9183,57,85,0
2024-04-04 21:20:00,1.91825,1.91906,1.91821,1.91842,62,47,0
2024-04-04 21:25:00,1.9184299999999999,1.91855,1.91536,1.91848,229,8,0
2024-04-04 21:30:00,1.9184700000000001,1.91907,1.9184700000000001,1.91892,116,42,0
2024-04-04 21:35:00,1.91892,1.91944,1.9184700000000001,1.91864,120,30,0
2024-04-04 21:40:00,1.91864,1.91896,1.9184299999999999,1.9185400000000001,114,27,0
2024-04-04 21:45:00,1.9185400000000001,1.91898,1.91852,1.91898,42,37,0
2024-04-04 21:50:00,1.91898,1.91914,1.9186999999999999,1.91886,133,29,0
2024-04-04 21:55:00,1.91886,1.91893,1.91872,1.91876,111,32,0
2024-04-04 22:00:00,1.91876,1.919,1.9186100000000001,1.9186999999999999,290,14,0
2024-04-04 22:05:00,1.9186999999999999,1.91903,1.9184700000000001,1.91878,144,8,0
2024-04-04 22:10:00,1.91878,1.9194,1.91872,1.91939,182,8,0
2024-04-04 22:15:00,1.91939,1.9195,1.9190800000000001,1.9192399999999998,133,8,0
2024-04-04 22:20:00,1.9192399999999998,1.91964,1.9192200000000001,1.9194,114,8,0
2024-04-04 22:25:00,1.91939,1.92,1.91939,1.91987,284,8,0
2024-04-04 22:30:00,1.91987,1.9199000000000002,1.9194200000000001,1.91944,206,8,0
2024-04-04 22:35:00,1.91944,1.91959,1.9192399999999998,1.9193500000000001,195,8,0
2024-04-04 22:40:00,1.9193500000000001,1.91946,1.91919,1.91932,212,8,0
2024-04-04 22:45:00,1.91932,1.9195,1.9191099999999999,1.91923,157,8,0
2024-04-04 22:50:00,1.91923,1.91981,1.91923,1.91955,273,8,0
2024-04-04 22:55:00,1.91955,1.92001,1.91943,1.9199899999999999,242,8,0
2024-04-04 23:00:00,1.92,1.92016,1.9192900000000002,1.9192900000000002,426,8,0
2024-04-04 23:05:00,1.9192900000000002,1.92005,1.91919,1.91984,308,8,0
2024-04-04 23:10:00,1.91984,1.9199899999999999,1.9196,1.91967,289,8,0
2024-04-04 23:15:00,1.91967,1.92022,1.91928,1.92008,341,8,0
2024-04-04 23:20:00,1.92008,1.92009,1.91966,1.9197,213,8,0
2024-04-04 23:25:00,1.9197,1.91971,1.9192900000000002,1.9193099999999998,179,8,0
2024-04-04 23:30:00,1.9193099999999998,1.9193500000000001,1.91906,1.91919,267,8,0
2024-04-04 23:35:00,1.91919,1.9193099999999998,1.91882,1.91913,286,8,0
2024-04-04 23:40:00,1.91913,1.9192200000000001,1.91872,1.91914,427,8,0
2024-04-04 23:45:00,1.91914,1.91944,1.91905,1.91928,413,8,0
2024-04-04 23:50:00,1.9192900000000002,1.91934,1.9188800000000001,1.91892,354,8,0
2024-04-04 23:55:00,1.91893,1.91903,1.9185699999999999,1.91858,394,8,0
2024-04-05 00:00:00,1.91858,1.91925,1.91852,1.91893,798,8,0
2024-04-05 00:05:00,1.91891,1.9190800000000001,1.91858,1.9187699999999999,572,8,0
2024-04-05 00:10:00,1.9187699999999999,1.91887,1.91828,1.91828,709,8,0
2024-04-05 00:15:00,1.91828,1.9191099999999999,1.91828,1.9188800000000001,1065,8,0
2024-04-05 00:20:00,1.9188800000000001,1.91934,1.91883,1.9193,884,8,0
2024-04-05 00:25:00,1.9193099999999998,1.9194900000000001,1.91902,1.91919,825,8,0
2024-04-05 00:30:00,1.9191500000000001,1.91967,1.9191099999999999,1.91967,662,8,0
2024-04-05 00:35:00,1.91967,1.91994,1.91943,1.91951,919,8,0
2024-04-05 00:40:00,1.91951,1.91961,1.91899,1.91948,825,8,0
2024-04-05 00:45:00,1.91947,1.91961,1.91912,1.9193799999999999,654,8,0
2024-04-05 00:50:00,1.9193799999999999,1.91944,1.91859,1.91875,690,8,0
2024-04-05 00:55:00,1.91878,1.9193,1.91872,1.9192200000000001,610,8,0
2024-04-05 01:00:00,1.91921,1.91939,1.91878,1.91901,775,8,0
2024-04-05 01:05:00,1.91902,1.9190800000000001,1.91858,1.91886,658,8,0
2024-04-05 01:10:00,1.91885,1.9190800000000001,1.9187400000000001,1.919,594,8,0
2024-04-05 01:15:00,1.919,1.9197899999999999,1.91896,1.91955,1009,8,0
2024-04-05 01:20:00,1.91955,1.92035,1.91934,1.92016,1087,8,0
2024-04-05 01:25:00,1.92016,1.92096,1.92005,1.92096,939,8,0
2024-04-05 01:30:00,1.92096,1.92172,1.92075,1.92107,1139,8,0
2024-04-05 01:35:00,1.92107,1.92123,1.92018,1.92041,737,8,0
2024-04-05 01:40:00,1.92041,1.92081,1.92038,1.92077,678,8,0
2024-04-05 01:45:00,1.92077,1.92134,1.9207,1.9211200000000002,806,8,0
2024-04-05 01:50:00,1.9211200000000002,1.92165,1.92096,1.92142,712,8,0
2024-04-05 01:55:00,1.92142,1.9218899999999999,1.9214099999999998,1.92178,986,8,0
2024-04-05 02:00:00,1.92179,1.9219,1.92104,1.9212,715,8,0
2024-04-05 02:05:00,1.9212,1.92178,1.92117,1.92131,619,8,0
2024-04-05 02:10:00,1.92131,1.9218,1.9213,1.92147,656,8,0
2024-04-05 02:15:00,1.92147,1.92257,1.92147,1.92237,799,8,0
2024-04-05 02:20:00,1.92237,1.9226299999999998,1.92198,1.9220000000000002,703,8,0
2024-04-05 02:25:00,1.9220000000000002,1.9223400000000002,1.92172,1.92226,518,8,0
2024-04-05 02:30:00,1.92226,1.9224700000000001,1.9220199999999998,1.9221,451,8,0
2024-04-05 02:35:00,1.9221,1.92276,1.9219300000000001,1.92264,552,8,0
2024-04-05 02:40:00,1.92265,1.92319,1.9222700000000001,1.9231099999999999,587,8,0
2024-04-05 02:45:00,1.92312,1.92332,1.92286,1.92326,546,8,0
2024-04-05 02:50:00,1.92326,1.92341,1.9228100000000001,1.92325,497,8,0
2024-04-05 02:55:00,1.92325,1.9234,1.9230399999999999,1.92313,422,8,0
2024-04-05 03:00:00,1.92313,1.92374,1.9231,1.92344,378,8,0
2024-04-05 03:05:00,1.92344,1.9236,1.92309,1.92312,326,8,0
2024-04-05 03:10:00,1.92312,1.92343,1.92312,1.92334,394,8,0
2024-04-05 03:15:00,1.92334,1.9233799999999999,1.92258,1.92267,467,8,0
2024-04-05 03:20:00,1.92268,1.9229699999999998,1.92231,1.92283,608,8,0
2024-04-05 03:25:00,1.92283,1.92306,1.9228,1.9228399999999999,411,8,0
2024-04-05 03:30:00,1.92282,1.92287,1.92241,1.9225400000000001,381,8,0
2024-04-05 03:35:00,1.9225400000000001,1.92268,1.92238,1.92244,454,8,0
2024-04-05 03:40:00,1.92244,1.92256,1.92231,1.92232,332,8,0
2024-04-05 03:45:00,1.92232,1.92259,1.92232,1.9224299999999999,330,8,0
2024-04-05 03:50:00,1.9224299999999999,1.92248,1.92184,1.92187,353,8,0
2024-04-05 03:55:00,1.9218600000000001,1.92197,1.9214799999999999,1.92149,319,8,0
2024-04-05 04:00:00,1.92149,1.92153,1.92122,1.92142,340,8,0
2024-04-05 04:05:00,1.92142,1.9216600000000001,1.92133,1.9215200000000001,260,8,0
2024-04-05 04:10:00,1.9215200000000001,1.92165,1.9213,1.92137,243,8,0
2024-04-05 04:15:00,1.92137,1.9217300000000002,1.9213,1.92157,258,8,0
2024-04-05 04:20:00,1.92156,1.9221300000000001,1.92153,1.92208,345,8,0
2024-04-05 04:25:00,1.92208,1.92219,1.92195,1.92206,370,8,0
2024-04-05 04:30:00,1.92206,1.92212,1.92164,1.9217300000000002,448,8,0
2024-04-05 04:35:00,1.92168,1.92178,1.9215200000000001,1.92168,366,8,0
2024-04-05 04:40:00,1.92168,1.92181,1.9216199999999999,1.92178,224,8,0
2024-04-05 04:45:00,1.92178,1.92194,1.9215900000000001,1.92168,335,8,0
2024-04-05 04:50:00,1.92167,1.92167,1.92136,1.92146,268,8,0
2024-04-05 04:55:00,1.92146,1.9216,1.92106,1.92118,298,8,0
2024-04-05 05:00:00,1.92118,1.92138,1.9207100000000001,1.92095,501,8,0
2024-04-05 05:05:00,1.92095,1.92095,1.9205999999999999,1.92075,437,8,0
2024-04-05 05:10:00,1.92075,1.9210500000000001,1.92066,1.92083,446,8,0
2024-04-05 05:15:00,1.92083,1.92123,1.92077,1.9212,513,8,0
2024-04-05 05:20:00,1.9212,1.92122,1.92095,1.92109,371,8,0
2024-04-05 05:25:00,1.92109,1.92109,1.9205299999999998,1.92055,390,8,0
2024-04-05 05:30:00,1.92055,1.92088,1.9203999999999999,1.9206400000000001,499,8,0
2024-04-05 05:35:00,1.9206400000000001,1.9206400000000001,1.92008,1.92024,506,8,0
2024-04-05 05:40:00,1.92024,1.92028,1.92001,1.92013,560,8,0
2024-04-05 05:45:00,1.92011,1.9201700000000002,1.91991,1.92011,617,8,0
2024-04-05 05:50:00,1.92011,1.92035,1.91977,1.92034,548,8,0
2024-04-05 05:55:00,1.92034,1.92038,1.9200300000000001,1.92014,573,8,0
2024-04-05 06:00:00,1.92011,1.92023,1.91964,1.91988,474,8,0
2024-04-05 06:05:00,1.91988,1.92014,1.91968,1.91996,423,8,0
2024-04-05 06:10:00,1.91996,1.9205999999999999,1.9199199999999998,1.9201700000000002,610,8,0
2024-04-05 06:15:00,1.9201700000000002,1.92038,1.92001,1.9203000000000001,417,8,0
2024-04-05 06:20:00,1.9203000000000001,1.9203299999999999,1.9200300000000001,1.9201000000000001,401,8,0
2024-04-05 06:25:00,1.9201000000000001,1.92025,1.91957,1.92014,446,8,0
2024-04-05 06:30:00,1.92015,1.92018,1.9187699999999999,1.91917,729,8,0
2024-04-05 06:35:00,1.9191500000000001,1.91952,1.9188800000000001,1.9194,667,8,0
2024-04-05 06:40:00,1.91941,1.91978,1.9193500000000001,1.9196499999999999,513,8,0
2024-04-05 06:45:00,1.91964,1.9197,1.91901,1.9192900000000002,562,8,0
2024-04-05 06:50:00,1.9192900000000002,1.9197,1.91923,1.91963,619,8,0
2024-04-05 06:55:00,1.91963,1.91994,1.91941,1.91966,471,8,0
2024-04-05 07:00:00,1.9196499999999999,1.91978,1.9191500000000001,1.9195799999999998,890,8,0
2024-04-05 07:05:00,1.9195799999999998,1.92012,1.91923,1.92011,674,8,0
2024-04-05 07:10:00,1.92011,1.92011,1.91952,1.91989,571,8,0
2024-04-05 07:15:00,1.91989,1.91998,1.9191500000000001,1.91927,646,8,0
2024-04-05 07:20:00,1.91927,1.91936,1.91885,1.9190800000000001,713,8,0
2024-04-05 07:25:00,1.91907,1.91917,1.9186299999999998,1.9189,537,8,0
2024-04-05 07:30:00,1.91892,1.91903,1.9181,1.91814,754,8,0
2024-04-05 07:35:00,1.9181300000000001,1.91855,1.91808,1.91829,494,8,0
2024-04-05 07:40:00,1.9183,1.91844,1.9176600000000001,1.9181300000000001,601,8,0
2024-04-05 07:45:00,1.9181300000000001,1.91839,1.91788,1.91824,900,8,0
2024-04-05 07:50:00,1.91824,1.91883,1.91824,1.91875,593,8,0
2024-04-05 07:55:00,1.91875,1.91885,1.91842,1.91844,497,8,0
2024-04-05 08:00:00,1.91844,1.91898,1.9183400000000002,1.91896,789,8,0
2024-04-05 08:05:00,1.91896,1.91954,1.91886,1.91944,547,8,0
2024-04-05 08:10:00,1.91944,1.91946,1.9186299999999998,1.91873,471,8,0
2024-04-05 08:15:00,1.91873,1.9191799999999999,1.9186800000000002,1.91893,439,8,0
2024-04-05 08:20:00,1.91893,1.91907,1.91855,1.91873,505,8,0
2024-04-05 08:25:00,1.91873,1.9189699999999998,1.91867,1.91885,353,8,0
2024-04-05 08:30:00,1.91887,1.91901,1.91866,1.91893,705,8,0
2024-04-05 08:35:00,1.91896,1.9195799999999998,1.91896,1.91946,563,8,0
2024-04-05 08:40:00,1.91946,1.9196499999999999,1.9190800000000001,1.9196499999999999,488,8,0
2024-04-05 08:45:00,1.9196499999999999,1.92,1.9195799999999998,1.91994,649,8,0
2024-04-05 08:50:00,1.91994,1.9201000000000001,1.91968,1.9196900000000001,515,8,0
2024-04-05 08:55:00,1.9196900000000001,1.91995,1.9194200000000001,1.9194499999999999,490,8,0
2024-04-05 09:00:00,1.91947,1.9197,1.9192399999999998,1.91939,514,8,0
2024-04-05 09:05:00,1.91939,1.9198499999999998,1.91926,1.91944,489,8,0
2024-04-05 09:10:00,1.91944,1.9195,1.91898,1.9192,485,8,0
2024-04-05 09:15:00,1.9192,1.91962,1.9191500000000001,1.91948,422,8,0
2024-04-05 09:20:00,1.91948,1.91961,1.91898,1.91905,474,8,0
2024-04-05 09:25:00,1.91905,1.91907,1.9186,1.91866,574,8,0
2024-04-05 09:30:00,1.91865,1.91865,1.91817,1.9182000000000001,602,8,0
2024-04-05 09:35:00,1.9182000000000001,1.91826,1.91777,1.91781,477,8,0
2024-04-05 09:40:00,1.91781,1.91788,1.91757,1.91779,387,8,0
2024-04-05 09:45:00,1.91779,1.9185400000000001,1.9177499999999998,1.91849,397,8,0
2024-04-05 09:50:00,1.91849,1.91852,1.9180899999999999,1.91841,444,8,0
2024-04-05 09:55:00,1.9184,1.91865,1.9183400000000002,1.91853,450,8,0
2024-04-05 10:00:00,1.91853,1.91855,1.91819,1.91828,556,8,0
2024-04-05 10:05:00,1.91828,1.91855,1.91818,1.91846,416,8,0
2024-04-05 10:10:00,1.91848,1.9187699999999999,1.91818,1.9184999999999999,560,8,0
2024-04-05 10:15:00,1.9184999999999999,1.91855,1.91819,1.91828,354,8,0
2024-04-05 10:20:00,1.91828,1.91925,1.91819,1.91917,477,8,0
2024-04-05 10:25:00,1.91917,1.91925,1.9188399999999999,1.91898,349,8,0
2024-04-05 10:30:00,1.91898,1.9190800000000001,1.91862,1.91872,375,8,0
2024-04-05 10:35:00,1.91872,1.91878,1.9184999999999999,1.9187400000000001,359,8,0
2024-04-05 10:40:00,1.9187400000000001,1.91907,1.9186999999999999,1.91887,404,8,0
2024-04-05 10:45:00,1.91887,1.919,1.91853,1.9186299999999998,526,8,0
2024-04-05 10:50:00,1.9186299999999998,1.9187699999999999,1.9183,1.91852,537,8,0
2024-04-05 10:55:00,1.91852,1.91864,1.9183599999999998,1.9184700000000001,443,8,0
2024-04-05 11:00:00,1.91846,1.9186,1.9180000000000001,1.91817,574,8,0
2024-04-05 11:05:00,1.9181599999999999,1.91822,1.91765,1.91779,356,8,0
2024-04-05 11:10:00,1.91778,1.91815,1.91771,1.91798,523,8,0
2024-04-05 11:15:00,1.91799,1.91844,1.91795,1.91824,465,8,0
2024-04-05 11:20:00,1.91824,1.91828,1.91803,1.9180700000000002,526,8,0
2024-04-05 11:25:00,1.9180700000000002,1.91815,1.91785,1.9180000000000001,407,8,0
2024-04-05 11:30:00,1.9180000000000001,1.9184299999999999,1.91788,1.91839,374,8,0
2024-04-05 11:35:00,1.91839,1.91841,1.91814,1.9182700000000001,229,8,0
2024-04-05 11:40:00,1.9182700000000001,1.9185699999999999,1.9182299999999999,1.9184,435,8,0
2024-04-05 11:45:00,1.91841,1.91859,1.91828,1.91832,435,8,0
2024-04-05 11:50:00,1.91832,1.91886,1.91828,1.91876,523,8,0
2024-04-05 11:55:00,1.91876,1.91886,1.9183599999999998,1.91856,547,8,0
2024-04-05 12:00:00,1.91856,1.91898,1.9183,1.91853,867,8,0
2024-04-05 12:05:00,1.91853,1.91925,1.91852,1.91925,615,8,0
2024-04-05 12:10:00,1.91925,1.9193500000000001,1.919,1.91901,538,8,0
2024-04-05 12:15:00,1.91901,1.9191099999999999,1.91856,1.91887,485,8,0
2024-04-05 12:20:00,1.91887,1.91887,1.91826,1.91828,660,8,0
2024-04-05 12:25:00,1.91828,1.9193,1.91655,1.91655,851,8,0
2024-04-05 12:30:00,1.91655,1.92161,1.91526,1.91977,2923,8,0
2024-04-05 12:35:00,1.91982,1.92081,1.9188,1.9191500000000001,2650,8,0
2024-04-05 12:40:00,1.9191500000000001,1.91954,1.91803,1.91831,2400,8,0
2024-04-05 12:45:00,1.91831,1.9203299999999999,1.9180899999999999,1.92008,2102,8,0
2024-04-05 12:50:00,1.9200599999999999,1.92058,1.9189699999999998,1.9190399999999999,1735,8,0
2024-04-05 12:55:00,1.91905,1.91968,1.91883,1.91926,1500,8,0
2024-04-05 13:00:00,1.91926,1.91943,1.91856,1.91928,1710,8,0
2024-04-05 13:05:00,1.9192399999999998,1.91977,1.91909,1.9197600000000001,1613,8,0
2024-04-05 13:10:00,1.9197600000000001,1.92027,1.919,1.91928,1375,8,0
2024-04-05 13:15:00,1.91928,1.91943,1.9187699999999999,1.91892,1348,8,0
2024-04-05 13:20:00,1.91892,1.91913,1.91866,1.91885,1128,8,0
2024-04-05 13:25:00,1.91885,1.91896,1.91837,1.91849,1520,8,0
2024-04-05 13:30:00,1.9184999999999999,1.91894,1.91804,1.9187400000000001,1930,8,0
2024-04-05 13:35:00,1.9187400000000001,1.91955,1.9186,1.91946,1600,8,0
2024-04-05 13:40:00,1.91946,1.91998,1.9192200000000001,1.9198499999999998,1337,8,0
2024-04-05 13:45:00,1.9198499999999998,1.92022,1.9194,1.9195,1121,8,0
2024-04-05 13:50:00,1.9195,1.9197600000000001,1.91886,1.91903,1576,8,0
2024-04-05 13:55:00,1.91902,1.91959,1.91894,1.91957,1046,8,0
2024-04-05 14:00:00,1.91957,1.92,1.91916,1.9196900000000001,1192,8,0
2024-04-05 14:05:00,1.9196900000000001,1.92058,1.91961,1.9204400000000001,1194,8,0
2024-04-05 14:10:00,1.9204400000000001,1.92045,1.91948,1.91989,1648,8,0
2024-04-05 14:15:00,1.91988,1.92032,1.9195,1.92032,1283,8,0
2024-04-05 14:20:00,1.92032,1.92068,1.92015,1.92048,1183,8,0
2024-04-05 14:25:00,1.92047,1.92088,1.91996,1.91996,1514,8,0
2024-04-05 14:30:00,1.91998,1.92021,1.91896,1.91906,1299,8,0
2024-04-05 14:35:00,1.91905,1.91978,1.91894,1.9194900000000001,1648,8,0
2024-04-05 14:40:00,1.9194900000000001,1.91993,1.91932,1.91966,1638,8,0
2024-04-05 14:45:00,1.91966,1.9201899999999998,1.91948,1.91954,1521,8,0
2024-04-05 14:50:00,1.91954,1.9196,1.91871,1.91876,1430,8,0
2024-04-05 14:55:00,1.9187400000000001,1.91974,1.91852,1.91971,1371,8,0
2024-04-05 15:00:00,1.91971,1.91981,1.91871,1.91873,1744,8,0
2024-04-05 15:05:00,1.91873,1.91921,1.91841,1.91846,1242,8,0
2024-04-05 15:10:00,1.91845,1.91882,1.91826,1.9187699999999999,1011,8,0
2024-04-05 15:15:00,1.9187699999999999,1.9192,1.91866,1.9188100000000001,1135,8,0
2024-04-05 15:20:00,1.9188100000000001,1.91926,1.91878,1.91907,1374,8,0
2024-04-05 15:25:00,1.91907,1.91944,1.91887,1.91921,789,8,0
2024-04-05 15:30:00,1.91921,1.9195600000000002,1.91896,1.91921,1102,8,0
2024-04-05 15:35:00,1.91921,1.91934,1.91866,1.91866,914,8,0
2024-04-05 15:40:00,1.91867,1.91906,1.91841,1.9188100000000001,807,8,0
2024-04-05 15:45:00,1.9188100000000001,1.9193099999999998,1.9188,1.9191099999999999,919,8,0
2024-04-05 15:50:00,1.9191099999999999,1.9193,1.9188,1.9188100000000001,677,8,0
2024-04-05 15:55:00,1.9188100000000001,1.9191799999999999,1.9186100000000001,1.91862,664,8,0
2024-04-05 16:00:00,1.91862,1.91894,1.91846,1.91846,769,8,0
2024-04-05 16:05:00,1.91846,1.91851,1.9180199999999998,1.91811,525,8,0
2024-04-05 16:10:00,1.91811,1.91831,1.91791,1.91818,516,8,0
2024-04-05 16:15:00,1.91818,1.9184,1.91785,1.9183400000000002,645,8,0
2024-04-05 16:20:00,1.91835,1.91845,1.91803,1.91821,556,8,0
2024-04-05 16:25:00,1.91821,1.91835,1.91806,1.9183400000000002,455,8,0
2024-04-05 16:30:00,1.91832,1.9190399999999999,1.9182700000000001,1.9189500000000002,725,8,0
2024-04-05 16:35:00,1.9189500000000002,1.91912,1.91853,1.9189,615,8,0
2024-04-05 16:40:00,1.9189,1.91919,1.91882,1.91902,414,8,0
2024-04-05 16:45:00,1.91902,1.9191799999999999,1.9188100000000001,1.91903,471,8,0
2024-04-05 16:50:00,1.91903,1.9191,1.91879,1.9189,524,8,0
2024-04-05 16:55:00,1.9189,1.9192200000000001,1.91878,1.91892,639,8,0
2024-04-05 17:00:00,1.91896,1.91899,1.91859,1.91876,778,8,0
2024-04-05 17:05:00,1.9187400000000001,1.91913,1.91855,1.91891,641,8,0
2024-04-05 17:10:00,1.91891,1.91913,1.91879,1.9191,704,8,0
2024-04-05 17:15:00,1.9191099999999999,1.9193099999999998,1.91896,1.91916,584,8,0
2024-04-05 17:20:00,1.91916,1.9192900000000002,1.91892,1.91901,553,8,0
2024-04-05 17:25:00,1.91901,1.91964,1.91894,1.9193799999999999,551,8,0
2024-04-05 17:30:00,1.9193799999999999,1.91953,1.91928,1.91936,474,8,0
2024-04-05 17:35:00,1.91937,1.9194499999999999,1.9192200000000001,1.91939,411,8,0
2024-04-05 17:40:00,1.91939,1.91959,1.91926,1.91953,455,8,0
2024-04-05 17:45:00,1.91953,1.91989,1.9195,1.91978,482,8,0
2024-04-05 17:50:00,1.9197899999999999,1.91995,1.91962,1.91991,486,8,0
2024-04-05 17:55:00,1.91991,1.92011,1.91987,1.91994,421,8,0
2024-04-05 18:00:00,1.91991,1.92045,1.91991,1.92016,774,8,0
2024-04-05 18:05:00,1.92016,1.9202599999999999,1.91984,1.91994,617,8,0
2024-04-05 18:10:00,1.91994,1.9199899999999999,1.91967,1.91987,502,8,0
2024-04-05 18:15:00,1.91987,1.91987,1.9195600000000002,1.91968,489,8,0
2024-04-05 18:20:00,1.9197,1.91987,1.91959,1.91982,578,8,0
2024-04-05 18:25:00,1.91982,1.91994,1.91957,1.91994,590,8,0
2024-04-05 18:30:00,1.91994,1.92005,1.91982,1.9199000000000002,693,8,0
2024-04-05 18:35:00,1.9199000000000002,1.92,1.91975,1.91984,486,8,0
2024-04-05 18:40:00,1.91984,1.92021,1.91977,1.9199899999999999,590,8,0
2024-04-05 18:45:00,1.9199899999999999,1.9202599999999999,1.91994,1.9201000000000001,584,8,0
2024-04-05 18:50:00,1.9201000000000001,1.92032,1.91994,1.9202,619,8,0
2024-04-05 18:55:00,1.9201899999999998,1.92035,1.91987,1.91995,521,8,0
2024-04-05 19:00:00,1.9199000000000002,1.92043,1.9197600000000001,1.92028,499,8,0
2024-04-05 19:05:00,1.92027,1.9204599999999998,1.92008,1.9203299999999999,619,8,0
2024-04-05 19:10:00,1.9203299999999999,1.92055,1.9202,1.9205100000000002,501,8,0
2024-04-05 19:15:00,1.9205100000000002,1.92069,1.92035,1.92063,318,8,0
2024-04-05 19:20:00,1.92063,1.92079,1.92058,1.92062,370,8,0
2024-04-05 19:25:00,1.92061,1.92075,1.92032,1.92036,490,8,0
2024-04-05 19:30:00,1.92034,1.92047,1.91995,1.92,539,8,0
2024-04-05 19:35:00,1.92001,1.9203000000000001,1.92,1.92018,377,8,0
2024-04-05 19:40:00,1.92018,1.92032,1.92009,1.92015,379,8,0
2024-04-05 19:45:00,1.92014,1.92027,1.91995,1.9201000000000001,410,8,0
2024-04-05 19:50:00,1.9201000000000001,1.92015,1.91971,1.91975,461,8,0
2024-04-05 19:55:00,1.91974,1.92016,1.91974,1.92012,579,8,0
2024-04-05 20:00:00,1.92012,1.92029,1.91994,1.9201700000000002,459,8,0
2024-04-05 20:05:00,1.9201700000000002,1.92023,1.9200599999999999,1.92013,290,11,0
2024-04-05 20:10:00,1.92012,1.92032,1.92007,1.92032,337,8,0
2024-04-05 20:15:00,1.92032,1.92059,1.92027,1.9205299999999998,417,8,0
2024-04-05 20:20:00,1.9205299999999998,1.92056,1.92002,1.92018,471,8,0
2024-04-05 20:25:00,1.9201700000000002,1.9203999999999999,1.91995,1.92008,423,8,0
2024-04-05 20:30:00,1.92008,1.92016,1.91982,1.91982,122,8,0
2024-04-05 20:35:00,1.91982,1.92027,1.91982,1.92024,109,8,0
2024-04-05 20:40:00,1.92024,1.9203999999999999,1.92024,1.92031,90,13,0
2024-04-05 20:45:00,1.92031,1.92072,1.92024,1.92043,172,8,0
2024-04-05 20:50:00,1.9204400000000001,1.92088,1.92038,1.92088,238,13,0
2024-04-07 21:05:00,1.91831,1.91996,1.9181,1.91984,44,243,0
2024-04-07 21:10:00,1.91984,1.92069,1.91967,1.92041,57,188,0
2024-04-07 21:15:00,1.92041,1.92113,1.92041,1.92073,55,96,0
2024-04-07 21:20:00,1.92073,1.92131,1.9206699999999999,1.92118,36,112,0
2024-04-07 21:25:00,1.92118,1.92143,1.92107,1.92134,28,123,0
2024-04-07 21:30:00,1.92134,1.92172,1.92084,1.92122,105,117,0
2024-04-07 21:35:00,1.92122,1.92191,1.9210099999999999,1.9215,596,15,0
2024-04-07 21:40:00,1.92151,1.92203,1.92113,1.92191,1739,34,0
2024-04-07 21:45:00,1.92183,1.92195,1.92036,1.92163,758,44,0
2024-04-07 21:50:00,1.92161,1.92195,1.9215900000000001,1.9217499999999998,45,46,0
2024-04-07 21:55:00,1.9217499999999998,1.92185,1.9209,1.92146,198,48,0
2024-04-07 22:00:00,1.92146,1.9220000000000002,1.9209,1.92134,519,8,0
2024-04-07 22:05:00,1.92134,1.92197,1.9210500000000001,1.92138,186,12,0
2024-04-07 22:10:00,1.92138,1.9221599999999999,1.92138,1.92197,183,14,0
2024-04-07 22:15:00,1.92197,1.92208,1.92174,1.9218899999999999,131,12,0
2024-04-07 22:20:00,1.9218899999999999,1.92204,1.9217300000000002,1.9220000000000002,92,9,0
2024-04-07 22:25:00,1.9220000000000002,1.92203,1.9217300000000002,1.92174,121,8,0
2024-04-07 22:30:00,1.92174,1.92174,1.9208699999999999,1.9210099999999999,211,8,0
2024-04-07 22:35:00,1.9210099999999999,1.9213900000000002,1.921,1.9211399999999998,151,8,0
2024-04-07 22:40:00,1.9211399999999998,1.92122,1.92093,1.92108,153,8,0
2024-04-07 22:45:00,1.92108,1.9213,1.92095,1.92109,138,8,0
2024-04-07 22:50:00,1.92109,1.92113,1.92096,1.92111,109,8,0
2024-04-07 22:55:00,1.92111,1.92124,1.92092,1.92097,95,8,0
2024-04-07 23:00:00,1.92097,1.9211200000000002,1.92072,1.92099,218,8,0
2024-04-07 23:05:00,1.92099,1.92103,1.92039,1.92047,251,8,0
2024-04-07 23:10:00,1.92047,1.92049,1.92016,1.92042,231,8,0
2024-04-07 23:15:00,1.92042,1.92065,1.92041,1.92048,181,8,0
2024-04-07 23:20:00,1.92048,1.92079,1.92047,1.9206699999999999,200,8,0
2024-04-07 23:25:00,1.9206699999999999,1.92089,1.92065,1.92083,252,8,0
2024-04-07 23:30:00,1.92083,1.92104,1.9207800000000002,1.9209100000000001,167,8,0
2024-04-07 23:35:00,1.9209100000000001,1.92099,1.92077,1.92092,153,8,0
2024-04-07 23:40:00,1.92092,1.9211,1.92061,1.92063,194,8,0
2024-04-07 23:45:00,1.9206400000000001,1.92107,1.92056,1.92107,428,8,0
2024-04-07 23:50:00,1.92106,1.92169,1.92106,1.92169,585,8,0
2024-04-07 23:55:00,1.9217,1.92179,1.9210099999999999,1.92151,525,8,0
2024-04-08 00:00:00,1.92151,1.92298,1.92146,1.92293,1029,8,0
2024-04-08 00:05:00,1.92294,1.92314,1.92241,1.92241,778,8,0
2024-04-08 00:10:00,1.92241,1.92257,1.9219300000000001,1.92207,520,8,0
2024-04-08 00:15:00,1.92207,1.9223400000000002,1.92197,1.92228,540,8,0
2024-04-08 00:20:00,1.92226,1.92256,1.92177,1.92178,541,8,0
2024-04-08 00:25:00,1.92179,1.92242,1.92179,1.92222,542,8,0
2024-04-08 00:30:00,1.92222,1.9222700000000001,1.92149,1.92151,541,8,0
2024-04-08 00:35:00,1.92151,1.92222,1.92151,1.92217,510,8,0
2024-04-08 00:40:00,1.92217,1.92235,1.9218899999999999,1.92196,280,8,0
2024-04-08 00:45:00,1.92196,1.9226999999999999,1.92147,1.92258,488,8,0
2024-04-08 00:50:00,1.92258,1.92321,1.9223400000000002,1.923,853,8,0
2024-04-08 00:55:00,1.923,1.9232900000000002,1.92283,1.92292,662,8,0
2024-04-08 01:00:00,1.92292,1.92321,1.92235,1.9228100000000001,1617,8,0
2024-04-08 01:05:00,1.92283,1.92301,1.92206,1.92233,1166,8,0
2024-04-08 01:10:00,1.92233,1.92256,1.9212500000000001,1.92133,1010,8,0
2024-04-08 01:15:00,1.92133,1.9222000000000001,1.9211200000000002,1.9221300000000001,1039,8,0
2024-04-08 01:20:00,1.9221300000000001,1.92226,1.92163,1.92201,980,8,0
2024-04-08 01:25:00,1.92206,1.9224999999999999,1.92185,1.9218899999999999,872,8,0
2024-04-08 01:30:00,1.9218899999999999,1.9218899999999999,1.92107,1.92156,1079,8,0
2024-04-08 01:35:00,1.92156,1.9218899999999999,1.92118,1.92122,931,8,0
2024-04-08 01:40:00,1.92122,1.92124,1.92047,1.92063,999,8,0
2024-04-08 01:45:00,1.92063,1.92168,1.92056,1.92147,785,8,0
2024-04-08 01:50:00,1.92146,1.92163,1.92113,1.92131,886,8,0
2024-04-08 01:55:00,1.9213,1.92161,1.92066,1.92077,1113,8,0
2024-04-08 02:00:00,1.92077,1.92142,1.92062,1.92131,917,8,0
2024-04-08 02:05:00,1.9213,1.92147,1.92058,1.9206400000000001,825,8,0
2024-04-08 02:10:00,1.9206400000000001,1.92069,1.9194,1.91946,1056,8,0
2024-04-08 02:15:00,1.91946,1.9201899999999998,1.91944,1.9199199999999998,788,8,0
2024-04-08 02:20:00,1.9199199999999998,1.9201700000000002,1.91941,1.9195,599,8,0
2024-04-08 02:25:00,1.9195,1.92002,1.91913,1.91919,663,8,0
2024-04-08 02:30:00,1.91919,1.91928,1.91866,1.91914,866,8,0
2024-04-08 02:35:00,1.91913,1.91947,1.91871,1.9189500000000002,1026,8,0
2024-04-08 02:40:00,1.9189500000000002,1.91919,1.9187400000000001,1.9191099999999999,912,8,0
2024-04-08 02:45:00,1.9191099999999999,1.9192,1.91838,1.91855,756,8,0
2024-04-08 02:50:00,1.91855,1.9187699999999999,1.91825,1.91837,806,8,0
2024-04-08 02:55:00,1.91838,1.91885,1.91831,1.91871,946,8,0
2024-04-08 03:00:00,1.91871,1.91921,1.91839,1.91917,694,8,0
2024-04-08 03:05:00,1.9191500000000001,1.9195,1.9191099999999999,1.91943,669,8,0
2024-04-08 03:10:00,1.91943,1.92012,1.91941,1.91989,711,8,0
2024-04-08 03:15:00,1.91989,1.92069,1.9198499999999998,1.92055,732,8,0
2024-04-08 03:20:00,1.92055,1.9207,1.9202599999999999,1.9206400000000001,757,8,0
2024-04-08 03:25:00,1.9206400000000001,1.92133,1.9204400000000001,1.9213200000000001,649,8,0
2024-04-08 03:30:00,1.9213200000000001,1.9222000000000001,1.9213200000000001,1.92201,851,8,0
2024-04-08 03:35:00,1.92201,1.92225,1.9215,1.92161,791,8,0
2024-04-08 03:40:00,1.92161,1.92174,1.9212500000000001,1.92143,446,8,0
2024-04-08 03:45:00,1.92143,1.92157,1.92113,1.92131,457,8,0
2024-04-08 03:50:00,1.92131,1.92142,1.92061,1.92069,398,8,0
2024-04-08 03:55:00,1.92069,1.921,1.92036,1.92084,368,8,0
2024-04-08 04:00:00,1.92084,1.92086,1.92027,1.92048,367,8,0
2024-04-08 04:05:00,1.92052,1.92072,1.9203000000000001,1.92043,276,8,0
2024-04-08 04:10:00,1.92043,1.92073,1.92016,1.92042,505,8,0
2024-04-08 04:15:00,1.92042,1.92074,1.92035,1.92049,418,8,0
2024-04-08 04:20:00,1.92048,1.92059,1.92021,1.92031,488,8,0
2024-04-08 04:25:00,1.9203000000000001,1.92063,1.92021,1.92057,603,8,0
2024-04-08 04:30:00,1.92057,1.92073,1.92011,1.92024,455,8,0
2024-04-08 04:35:00,1.92024,1.9209,1.9202,1.92056,492,8,0
2024-04-08 04:40:00,1.92056,1.9208699999999999,1.92035,1.9203700000000001,381,8,0
2024-04-08 04:45:00,1.9203700000000001,1.92041,1.92011,1.92016,339,8,0
2024-04-08 04:50:00,1.92015,1.92038,1.91977,1.9198499999999998,372,8,0
2024-04-08 04:55:00,1.9198499999999998,1.91993,1.91954,1.91957,384,8,0
2024-04-08 05:00:00,1.91955,1.9195600000000002,1.91882,1.9190399999999999,516,8,0
2024-04-08 05:05:00,1.9190399999999999,1.9192900000000002,1.9187400000000001,1.91907,442,8,0
2024-04-08 05:10:00,1.91907,1.9193799999999999,1.91905,1.9191799999999999,420,8,0
2024-04-08 05:15:00,1.9191799999999999,1.9195,1.91902,1.91933,421,8,0
2024-04-08 05:20:00,1.91933,1.9195600000000002,1.9193,1.91941,295,8,0
2024-04-08 05:25:00,1.91941,1.91973,1.9193799999999999,1.91963,415,8,0
2024-04-08 05:30:00,1.91963,1.92032,1.9196,1.91995,931,8,0
2024-04-08 05:35:00,1.91994,1.92013,1.91953,1.91971,806,8,0
2024-04-08 05:40:00,1.91971,1.92008,1.91955,1.92004,601,8,0
2024-04-08 05:45:00,1.92004,1.92034,1.91986,1.9203299999999999,876,8,0
2024-04-08 05:50:00,1.9203299999999999,1.92034,1.91996,1.92,809,8,0
2024-04-08 05:55:00,1.92,1.92022,1.91973,1.9199000000000002,631,8,0
2024-04-08 06:00:00,1.91989,1.92,1.91952,1.9199000000000002,818,8,0
2024-04-08 06:05:00,1.9199000000000002,1.91991,1.91906,1.9192900000000002,713,8,0
2024-04-08 06:10:00,1.9192900000000002,1.91962,1.91907,1.91957,592,8,0
2024-04-08 06:15:00,1.91957,1.91987,1.91914,1.91933,732,8,0
2024-04-08 06:20:00,1.91933,1.9194200000000001,1.9188100000000001,1.919,632,8,0
2024-04-08 06:25:00,1.919,1.91914,1.91851,1.9186999999999999,675,8,0
2024-04-08 06:30:00,1.91869,1.91926,1.9185699999999999,1.91923,734,8,0
2024-04-08 06:35:00,1.91923,1.9197,1.9191500000000001,1.91951,572,8,0
2024-04-08 06:40:00,1.91951,1.92022,1.91951,1.91994,667,8,0
2024-04-08 06:45:00,1.91994,1.92005,1.91973,1.9200300000000001,459,8,0
2024-04-08 06:50:00,1.9200300000000001,1.92009,1.91951,1.9198300000000001,552,8,0
2024-04-08 06:55:00,1.91982,1.91982,1.91869,1.91891,810,8,0
2024-04-08 07:00:00,1.91892,1.91892,1.9183,1.9185699999999999,1037,8,0
2024-04-08 07:05:00,1.91858,1.91864,1.9182700000000001,1.9183,908,8,0
2024-04-08 07:10:00,1.9183,1.9184,1.9177,1.91777,816,8,0
2024-04-08 07:15:00,1.91777,1.9181,1.91757,1.91781,825,8,0
2024-04-08 07:20:00,1.91781,1.91804,1.91763,1.9178,605,8,0
2024-04-08 07:25:00,1.9178,1.91812,1.91749,1.91812,550,8,0
2024-04-08 07:30:00,1.91812,1.9184299999999999,1.9178600000000001,1.9179300000000001,612,8,0
2024-04-08 07:35:00,1.91795,1.9183,1.91771,1.91826,835,8,0
2024-04-08 07:40:00,1.91826,1.91851,1.91804,1.91817,817,8,0
2024-04-08 07:45:00,1.91817,1.91821,1.9178,1.91788,521,8,0
2024-04-08 07:50:00,1.91788,1.91801,1.91722,1.91724,575,8,0
2024-04-08 07:55:00,1.91724,1.91754,1.91695,1.91751,480,8,0
2024-04-08 08:00:00,1.91751,1.91769,1.91692,1.9171399999999998,578,8,0
2024-04-08 08:05:00,1.9171399999999998,1.91761,1.91703,1.91758,692,8,0
2024-04-08 08:10:00,1.91758,1.91797,1.91751,1.91791,614,8,0
2024-04-08 08:15:00,1.91791,1.91814,1.91757,1.9181,704,8,0
2024-04-08 08:20:00,1.91811,1.91925,1.9180899999999999,1.91848,892,8,0
2024-04-08 08:25:00,1.91846,1.91872,1.9182700000000001,1.9186299999999998,612,8,0
2024-04-08 08:30:00,1.91862,1.91867,1.91777,1.9178899999999999,737,8,0
2024-04-08 08:35:00,1.9178899999999999,1.91794,1.9171399999999998,1.91717,765,8,0
2024-04-08 08:40:00,1.91717,1.91744,1.91688,1.91716,840,8,0
2024-04-08 08:45:00,1.91716,1.91774,1.91713,1.91742,625,8,0
2024-04-08 08:50:00,1.91743,1.91838,1.91743,1.9181300000000001,430,8,0
2024-04-08 08:55:00,1.9181300000000001,1.91841,1.9180199999999998,1.9181,629,8,0
2024-04-08 09:00:00,1.9181,1.9184999999999999,1.91776,1.91777,523,8,0
2024-04-08 09:05:00,1.91777,1.9181,1.91761,1.91768,504,8,0
2024-04-08 09:10:00,1.91768,1.9180000000000001,1.91734,1.9174,474,8,0
2024-04-08 09:15:00,1.9174,1.91771,1.91724,1.9174600000000002,602,8,0
2024-04-08 09:20:00,1.9174799999999999,1.9180700000000002,1.9173900000000001,1.9175,611,8,0
2024-04-08 09:25:00,1.9175,1.91818,1.9174,1.91795,566,8,0
2024-04-08 09:30:00,1.91795,1.9180700000000002,1.9175900000000001,1.9177,456,8,0
2024-04-08 09:35:00,1.9177,1.91785,1.91747,1.91749,526,8,0
2024-04-08 09:40:00,1.91749,1.91769,1.91724,1.9173900000000001,544,8,0
2024-04-08 09:45:00,1.9173900000000001,1.9175900000000001,1.9171200000000002,1.91729,417,8,0
2024-04-08 09:50:00,1.91729,1.9179,1.91726,1.91785,489,8,0
2024-04-08 09:55:00,1.91784,1.91797,1.9173499999999999,1.91753,405,8,0
2024-04-08 10:00:00,1.91753,1.91772,1.9173499999999999,1.9173900000000001,456,8,0
2024-04-08 10:05:00,1.91738,1.9177499999999998,1.91729,1.9175900000000001,385,8,0
2024-04-08 10:10:00,1.9175900000000001,1.9178600000000001,1.91729,1.91772,487,8,0
2024-04-08 10:15:00,1.91771,1.91778,1.9172500000000001,1.9173200000000001,284,8,0
2024-04-08 10:20:00,1.91731,1.9175,1.91695,1.91716,333,8,0
2024-04-08 10:25:00,1.91717,1.91726,1.91686,1.9172099999999999,361,8,0
2024-04-08 10:30:00,1.9172099999999999,1.91768,1.9172099999999999,1.91744,401,8,0
2024-04-08 10:35:00,1.91744,1.9175499999999999,1.91717,1.91747,439,8,0
2024-04-08 10:40:00,1.91747,1.91768,1.9173200000000001,1.9173200000000001,386,8,0
2024-04-08 10:45:00,1.9173200000000001,1.91736,1.91688,1.91693,338,8,0
2024-04-08 10:50:00,1.91693,1.91717,1.91675,1.9170500000000001,423,8,0
2024-04-08 10:55:00,1.91704,1.9170500000000001,1.9167100000000001,1.91697,466,8,0
2024-04-08 11:00:00,1.91697,1.91697,1.91669,1.91676,485,8,0
2024-04-08 11:05:00,1.91676,1.9168500000000002,1.91631,1.91641,451,8,0
2024-04-08 11:10:00,1.91641,1.91648,1.91609,1.91636,494,8,0
2024-04-08 11:15:00,1.91636,1.91639,1.91595,1.91602,412,8,0
2024-04-08 11:20:00,1.91602,1.91622,1.9157600000000001,1.91622,400,8,0
2024-04-08 11:25:00,1.91623,1.9165999999999999,1.9161700000000002,1.91632,360,8,0
2024-04-08 11:30:00,1.91632,1.91649,1.9159000000000002,1.91607,610,8,0
2024-04-08 11:35:00,1.91607,1.9163700000000001,1.91596,1.91636,480,8,0
2024-04-08 11:40:00,1.91636,1.91658,1.91631,1.9165,322,8,0
2024-04-08 11:45:00,1.9165,1.91652,1.91591,1.91596,476,8,0
2024-04-08 11:50:00,1.91596,1.91604,1.9156300000000002,1.91597,506,8,0
2024-04-08 11:55:00,1.91597,1.91608,1.91555,1.9158,481,8,0
2024-04-08 12:00:00,1.9158,1.91589,1.9152200000000001,1.91546,580,8,0
2024-04-08 12:05:00,1.91546,1.91561,1.91516,1.91541,519,8,0
2024-04-08 12:10:00,1.91541,1.91551,1.91517,1.91528,494,8,0
2024-04-08 12:15:00,1.9153099999999998,1.9155,1.91507,1.91547,434,8,0
2024-04-08 12:20:00,1.91547,1.9162599999999999,1.91546,1.9161700000000002,855,8,0
2024-04-08 12:25:00,1.9162,1.91652,1.91618,1.91618,697,8,0
2024-04-08 12:30:00,1.9161700000000002,1.91628,1.91587,1.91591,483,8,0
2024-04-08 12:35:00,1.9159000000000002,1.91616,1.91551,1.91573,504,8,0
2024-04-08 12:40:00,1.91573,1.9162400000000002,1.91557,1.91615,593,8,0
2024-04-08 12:45:00,1.91616,1.91621,1.9154499999999999,1.9157199999999999,599,8,0
2024-04-08 12:50:00,1.9157199999999999,1.9157600000000001,1.91523,1.91527,568,8,0
2024-04-08 12:55:00,1.91528,1.9155,1.91507,1.91528,456,8,0
2024-04-08 13:00:00,1.91528,1.9152900000000002,1.9145400000000001,1.91462,964,8,0
2024-04-08 13:05:00,1.91462,1.91514,1.91442,1.9148,776,8,0
2024-04-08 13:10:00,1.9148,1.9149500000000002,1.91453,1.91464,540,8,0
2024-04-08 13:15:00,1.91464,1.91479,1.9142700000000001,1.9144,476,8,0
2024-04-08 13:20:00,1.9144,1.9145699999999999,1.9142299999999999,1.9145400000000001,545,8,0
2024-04-08 13:25:00,1.9145400000000001,1.91469,1.91418,1.91449,761,8,0
2024-04-08 13:30:00,1.91445,1.91487,1.91418,1.91459,1187,8,0
2024-04-08 13:35:00,1.91458,1.91475,1.9140000000000001,1.91422,1111,8,0
2024-04-08 13:40:00,1.91422,1.91456,1.9138,1.91395,1204,8,0
2024-04-08 13:45:00,1.91395,1.9141,1.9132500000000001,1.91337,947,8,0
2024-04-08 13:50:00,1.91337,1.91394,1.91329,1.91394,829,8,0
2024-04-08 13:55:00,1.91394,1.9141599999999999,1.91341,1.9135499999999999,755,8,0
2024-04-08 14:00:00,1.9135499999999999,1.91493,1.9135499999999999,1.91474,1017,8,0
2024-04-08 14:05:00,1.91475,1.91535,1.91444,1.91524,991,8,0
2024-04-08 14:10:00,1.91524,1.9156,1.91476,1.91482,810,8,0
2024-04-08 14:15:00,1.91482,1.9150399999999999,1.9144700000000001,1.91479,822,8,0
2024-04-08 14:20:00,1.9148100000000001,1.9148399999999999,1.9140700000000002,1.91413,667,8,0
2024-04-08 14:25:00,1.9140700000000002,1.91445,1.91392,1.91437,591,8,0
2024-04-08 14:30:00,1.9144,1.91487,1.91425,1.91453,1137,8,0
2024-04-08 14:35:00,1.91453,1.91499,1.91446,1.91496,521,8,0
2024-04-08 14:40:00,1.9149699999999998,1.91566,1.9148399999999999,1.9156300000000002,765,8,0
2024-04-08 14:45:00,1.9156300000000002,1.91588,1.91446,1.9146,883,8,0
2024-04-08 14:50:00,1.9146,1.91597,1.91456,1.91593,976,8,0
2024-04-08 14:55:00,1.91593,1.91654,1.91555,1.9158300000000001,1162,8,0
2024-04-08 15:00:00,1.91581,1.91596,1.91548,1.9157600000000001,1055,8,0
2024-04-08 15:05:00,1.9157600000000001,1.9158,1.91514,1.9152200000000001,485,8,0
2024-04-08 15:10:00,1.91524,1.91547,1.91505,1.91521,426,8,0
2024-04-08 15:15:00,1.91521,1.91568,1.915,1.91564,706,8,0
2024-04-08 15:20:00,1.91564,1.916,1.9154200000000001,1.91588,660,8,0
2024-04-08 15:25:00,1.91588,1.91627,1.9157600000000001,1.9162599999999999,628,8,0
2024-04-08 15:30:00,1.91625,1.91639,1.91601,1.91636,584,8,0
2024-04-08 15:35:00,1.91636,1.91673,1.9162,1.91659,733,8,0
2024-04-08 15:40:00,1.91659,1.91689,1.9165100000000002,1.91684,521,8,0
2024-04-08 15:45:00,1.91684,1.917,1.91662,1.91666,637,8,0
2024-04-08 15:50:00,1.91665,1.91686,1.91635,1.9166400000000001,485,8,0
2024-04-08 15:55:00,1.9166400000000001,1.91707,1.91658,1.91676,546,8,0
2024-04-08 16:00:00,1.91676,1.91686,1.9163299999999999,1.9165299999999998,557,8,0
2024-04-08 16:05:00,1.9165299999999998,1.91666,1.91625,1.91645,528,8,0
2024-04-08 16:10:00,1.91646,1.91702,1.91643,1.91675,581,8,0
2024-04-08 16:15:00,1.91676,1.9168500000000002,1.91635,1.91656,619,8,0
2024-04-08 16:20:00,1.91655,1.91657,1.91621,1.9163299999999999,528,8,0
2024-04-08 16:25:00,1.91634,1.9163700000000001,1.9159899999999999,1.91612,403,8,0
2024-04-08 16:30:00,1.91612,1.91618,1.91571,1.91571,402,8,0
2024-04-08 16:35:00,1.91571,1.9160300000000001,1.91571,1.91602,438,8,0
2024-04-08 16:40:00,1.91604,1.9161700000000002,1.91594,1.9160599999999999,412,8,0
2024-04-08 16:45:00,1.91605,1.9163000000000001,1.91593,1.9162400000000002,433,8,0
2024-04-08 16:50:00,1.91625,1.9163299999999999,1.91594,1.9161299999999999,401,8,0
2024-04-08 16:55:00,1.91614,1.91629,1.9157600000000001,1.91623,528,8,0
2024-04-08 17:00:00,1.91623,1.9163700000000001,1.91607,1.91622,343,8,0
2024-04-08 17:05:00,1.91622,1.91628,1.91586,1.9162,454,8,0
2024-04-08 17:10:00,1.9162,1.9164400000000001,1.9161700000000002,1.9164400000000001,277,8,0
2024-04-08 17:15:00,1.91643,1.91661,1.91636,1.91646,329,8,0
2024-04-08 17:20:00,1.91646,1.9166699999999999,1.9163000000000001,1.91661,468,8,0
2024-04-08 17:25:00,1.91661,1.91688,1.91657,1.91668,425,8,0
2024-04-08 17:30:00,1.91668,1.91677,1.9161700000000002,1.9164400000000001,529,8,0
2024-04-08 17:35:00,1.9164400000000001,1.9165100000000002,1.91611,1.9162,443,8,0
2024-04-08 17:40:00,1.9162,1.91658,1.9159899999999999,1.9163299999999999,611,8,0
2024-04-08 17:45:00,1.9163299999999999,1.91663,1.91622,1.91656,462,8,0
2024-04-08 17:50:00,1.91656,1.91657,1.91627,1.91643,275,8,0
2024-04-08 17:55:00,1.91643,1.9165299999999998,1.91611,1.91649,456,8,0
2024-04-08 18:00:00,1.91646,1.91666,1.91631,1.91656,345,8,0
2024-04-08 18:05:00,1.91656,1.91656,1.91632,1.91639,316,8,0
2024-04-08 18:10:00,1.91639,1.9165,1.91628,1.91635,256,8,0
2024-04-08 18:15:00,1.91635,1.9165,1.91618,1.91647,271,8,0
2024-04-08 18:20:00,1.91647,1.91668,1.91642,1.91662,246,8,0
2024-04-08 18:25:00,1.91658,1.91658,1.91627,1.91631,272,8,0
2024-04-08 18:30:00,1.91631,1.91647,1.9161299999999999,1.9162400000000002,253,8,0
2024-04-08 18:35:00,1.9162400000000002,1.91636,1.9161299999999999,1.91628,256,8,0
2024-04-08 18:40:00,1.91629,1.91645,1.9161299999999999,1.91642,319,8,0
2024-04-08 18:45:00,1.91641,1.91679,1.91634,1.91652,506,8,0
2024-04-08 18:50:00,1.91652,1.91679,1.91639,1.91656,408,8,0
2024-04-08 18:55:00,1.91656,1.9166699999999999,1.91635,1.91641,417,8,0
2024-04-08 19:00:00,1.91641,1.91647,1.9161299999999999,1.91646,455,8,0
2024-04-08 19:05:00,1.91646,1.91652,1.91601,1.9160300000000001,551,8,0
2024-04-08 19:10:00,1.91605,1.9161000000000001,1.91577,1.91582,247,8,0
2024-04-08 19:15:00,1.91581,1.91595,1.9157199999999999,1.91585,440,8,0
2024-04-08 19:20:00,1.91585,1.91604,1.91582,1.916,275,8,0
2024-04-08 19:25:00,1.916,1.91611,1.9159199999999998,1.9160599999999999,316,8,0
2024-04-08 19:30:00,1.9160599999999999,1.9160599999999999,1.91587,1.9159199999999998,341,8,0
2024-04-08 19:35:00,1.9159199999999998,1.91607,1.91578,1.9160300000000001,314,8,0
2024-04-08 19:40:00,1.91605,1.91621,1.91591,1.916,535,8,0
2024-04-08 19:45:00,1.916,1.91622,1.91597,1.91616,312,8,0
2024-04-08 19:50:00,1.91616,1.91632,1.9160599999999999,1.91608,520,8,0
2024-04-08 19:55:00,1.9161000000000001,1.91643,1.91602,1.91625,478,8,0
2024-04-08 20:00:00,1.9162400000000002,1.91632,1.9161000000000001,1.91621,272,8,0
2024-04-08 20:05:00,1.91621,1.9163999999999999,1.91615,1.9163999999999999,173,8,0
2024-04-08 20:10:00,1.91639,1.91646,1.91632,1.91635,146,8,0
2024-04-08 20:15:00,1.91635,1.91654,1.91635,1.9163999999999999,129,8,0
2024-04-08 20:20:00,1.9163999999999999,1.91648,1.9163700000000001,1.91639,64,8,0
2024-04-08 20:25:00,1.91639,1.91642,1.91636,1.9163999999999999,66,8,0
2024-04-08 20:30:00,1.9163999999999999,1.91642,1.91615,1.91641,94,8,0
2024-04-08 20:35:00,1.91641,1.91648,1.91638,1.9163999999999999,65,8,0
2024-04-08 20:40:00,1.91641,1.91641,1.91607,1.91609,160,8,0
2024-04-08 20:45:00,1.91609,1.91616,1.91594,1.91596,119,8,0
2024-04-08 20:50:00,1.91596,1.9162400000000002,1.91593,1.9161700000000002,142,8,0
2024-04-08 20:55:00,1.9161700000000002,1.91627,1.916,1.91605,179,8,0
2024-04-08 21:00:00,1.91605,1.91616,1.91343,1.91548,26,27,0
2024-04-08 21:05:00,1.91492,1.91584,1.91448,1.9157899999999999,96,23,0
2024-04-08 21:10:00,1.9157899999999999,1.91632,1.9156300000000002,1.91632,38,15,0
2024-04-08 21:15:00,1.91632,1.9163700000000001,1.91609,1.91632,36,15,0
2024-04-08 21:20:00,1.91634,1.91634,1.91595,1.9161000000000001,30,14,0
2024-04-08 21:25:00,1.91612,1.9162400000000002,1.9155,1.9161000000000001,88,14,0
2024-04-08 21:30:00,1.9161000000000001,1.9161899999999998,1.91567,1.91604,125,14,0
2024-04-08 21:35:00,1.91616,1.91655,1.9160300000000001,1.91607,237,8,0
2024-04-08 21:40:00,1.91607,1.91625,1.91585,1.91625,194,9,0
2024-04-08 21:45:00,1.91625,1.91625,1.91601,1.91611,152,10,0
2024-04-08 21:50:00,1.91609,1.91625,1.91604,1.91612,255,8,0
2024-04-08 21:55:00,1.91616,1.9167,1.91608,1.91623,194,8,0
2024-04-08 22:00:00,1.91612,1.91639,1.91578,1.91638,165,8,0
2024-04-08 22:05:00,1.91638,1.91654,1.91618,1.91652,60,8,0
2024-04-08 22:10:00,1.91655,1.91656,1.9163000000000001,1.91641,64,8,0
2024-04-08 22:15:00,1.91641,1.91645,1.91631,1.91635,137,8,0
2024-04-08 22:20:00,1.91635,1.9165100000000002,1.91625,1.91638,104,8,0
2024-04-08 22:25:00,1.91638,1.91649,1.91622,1.91648,90,8,0
2024-04-08 22:30:00,1.91648,1.91648,1.9162599999999999,1.91627,96,8,0
2024-04-08 22:35:00,1.9162599999999999,1.91641,1.91612,1.91612,104,8,0
2024-04-08 22:40:00,1.91615,1.9163999999999999,1.9161299999999999,1.9163299999999999,102,8,0
2024-04-08 22:45:00,1.9163299999999999,1.91647,1.91623,1.9164400000000001,135,8,0
2024-04-08 22:50:00,1.91642,1.91643,1.91629,1.9163700000000001,94,8,0
2024-04-08 22:55:00,1.91638,1.9165,1.91632,1.9163999999999999,90,8,0
2024-04-08 23:00:00,1.91638,1.91645,1.9159899999999999,1.9161299999999999,192,8,0
2024-04-08 23:05:00,1.9161299999999999,1.91629,1.91605,1.91614,179,8,0
2024-04-08 23:10:00,1.9161299999999999,1.9161899999999998,1.9160300000000001,1.91609,188,8,0
2024-04-08 23:15:00,1.91609,1.9162,1.91594,1.916,185,8,0
2024-04-08 23:20:00,1.916,1.91627,1.91586,1.9162599999999999,173,8,0
2024-04-08 23:25:00,1.9162599999999999,1.9163700000000001,1.91604,1.91616,140,8,0
2024-04-08 23:30:00,1.91616,1.91616,1.9158300000000001,1.9159199999999998,205,8,0
2024-04-08 23:35:00,1.9159199999999998,1.9161000000000001,1.91586,1.91587,134,8,0
2024-04-08 23:40:00,1.91588,1.91593,1.91577,1.91589,161,8,0
2024-04-08 23:45:00,1.91589,1.9160300000000001,1.91577,1.9158,185,8,0
2024-04-08 23:50:00,1.9158,1.9163000000000001,1.91578,1.91615,250,8,0
2024-04-08 23:55:00,1.91615,1.91647,1.91615,1.91631,290,8,0
2024-04-09 00:00:00,1.91631,1.91632,1.91564,1.9161000000000001,608,8,0
2024-04-09 00:05:00,1.9161000000000001,1.91628,1.91551,1.9157,388,8,0
2024-04-09 00:10:00,1.9157,1.91597,1.91551,1.9156499999999999,354,8,0
2024-04-09 00:15:00,1.91564,1.91608,1.91559,1.91586,477,8,0
2024-04-09 00:20:00,1.91586,1.91631,1.91564,1.91621,395,8,0
2024-04-09 00:25:00,1.91621,1.9168699999999999,1.91612,1.91665,443,8,0
2024-04-09 00:30:00,1.91665,1.91666,1.9159899999999999,1.9162,327,8,0
2024-04-09 00:35:00,1.9161700000000002,1.9161899999999998,1.91535,1.91568,356,8,0
2024-04-09 00:40:00,1.91567,1.9161700000000002,1.9156300000000002,1.9159899999999999,381,8,0
2024-04-09 00:45:00,1.91597,1.91611,1.91589,1.91608,220,8,0
2024-04-09 00:50:00,1.9161000000000001,1.9161700000000002,1.9156499999999999,1.91568,314,8,0
2024-04-09 00:55:00,1.9156900000000001,1.91597,1.91551,1.9157899999999999,361,8,0
2024-04-09 01:00:00,1.9157899999999999,1.91602,1.9154499999999999,1.91596,658,8,0
2024-04-09 01:05:00,1.91598,1.91625,1.9158,1.91596,462,8,0
2024-04-09 01:10:00,1.91596,1.9161299999999999,1.91546,1.9154900000000001,554,8,0
2024-04-09 01:15:00,1.9154900000000001,1.9167,1.91544,1.91658,712,8,0
2024-04-09 01:20:00,1.91658,1.9166400000000001,1.91609,1.91645,492,8,0
2024-04-09 01:25:00,1.9164400000000001,1.91649,1.91581,1.91602,555,8,0
2024-04-09 01:30:00,1.91602,1.91607,1.91437,1.9145400000000001,1041,8,0
2024-04-09 01:35:00,1.9145400000000001,1.91498,1.91439,1.9148800000000001,818,8,0
2024-04-09 01:40:00,1.9148800000000001,1.91527,1.91463,1.9152200000000001,732,8,0
2024-04-09 01:45:00,1.9152200000000001,1.9157199999999999,1.91483,1.9154,988,8,0
2024-04-09 01:50:00,1.9153799999999999,1.9156,1.91492,1.91528,794,8,0
2024-04-09 01:55:00,1.91528,1.9157,1.91525,1.9156300000000002,595,8,0
2024-04-09 02:00:00,1.9156300000000002,1.91597,1.91543,1.9156300000000002,599,8,0
2024-04-09 02:05:00,1.9156300000000002,1.9157899999999999,1.9149699999999998,1.91519,571,8,0
2024-04-09 02:10:00,1.91519,1.91564,1.9150800000000001,1.91552,463,8,0
2024-04-09 02:15:00,1.9155,1.91551,1.9151799999999999,1.91526,456,8,0
2024-04-09 02:20:00,1.91527,1.9155600000000002,1.91501,1.91543,501,8,0
2024-04-09 02:25:00,1.91543,1.9158300000000001,1.91543,1.91566,400,8,0
2024-04-09 02:30:00,1.91566,1.9163700000000001,1.91566,1.91636,568,8,0
2024-04-09 02:35:00,1.91636,1.9165299999999998,1.91614,1.9162400000000002,468,8,0
2024-04-09 02:40:00,1.9162400000000002,1.91634,1.91589,1.91629,384,8,0
2024-04-09 02:45:00,1.91625,1.9163000000000001,1.9159000000000002,1.91601,226,8,0
2024-04-09 02:50:00,1.91601,1.9161299999999999,1.9158,1.91586,315,8,0
2024-04-09 02:55:00,1.91586,1.91627,1.91586,1.9159899999999999,299,8,0
2024-04-09 03:00:00,1.91598,1.91636,1.91587,1.9163299999999999,234,8,0
2024-04-09 03:05:00,1.91631,1.91642,1.9159199999999998,1.91609,361,8,0
2024-04-09 03:10:00,1.91609,1.91659,1.91584,1.91587,455,8,0
2024-04-09 03:15:00,1.91587,1.91622,1.91585,1.91616,274,8,0
2024-04-09 03:20:00,1.91616,1.9167399999999999,1.9161000000000001,1.91649,411,8,0
2024-04-09 03:25:00,1.91649,1.9166699999999999,1.91625,1.9165999999999999,353,8,0
2024-04-09 03:30:00,1.9165999999999999,1.91754,1.91657,1.9171399999999998,354,8,0
2024-04-09 03:35:00,1.9171399999999998,1.91737,1.917,1.9170500000000001,319,8,0
2024-04-09 03:40:00,1.9170500000000001,1.91731,1.9169,1.9173,288,8,0
2024-04-09 03:45:00,1.9173,1.91744,1.91716,1.91716,248,8,0
2024-04-09 03:50:00,1.91716,1.91716,1.91673,1.91673,218,8,0
2024-04-09 03:55:00,1.91675,1.91706,1.91666,1.9168699999999999,218,8,0
2024-04-09 04:00:00,1.9168699999999999,1.9168699999999999,1.91642,1.91655,230,8,0
2024-04-09 04:05:00,1.91656,1.9165999999999999,1.91615,1.91621,221,8,0
2024-04-09 04:10:00,1.91621,1.91627,1.91573,1.91581,284,8,0
2024-04-09 04:15:00,1.91581,1.91582,1.91539,1.91541,234,8,0
2024-04-09 04:20:00,1.9154,1.9154200000000001,1.9148100000000001,1.91485,336,8,0
2024-04-09 04:25:00,1.91486,1.91513,1.91472,1.9148,260,8,0
2024-04-09 04:30:00,1.91482,1.9148399999999999,1.91456,1.91469,254,8,0
2024-04-09 04:35:00,1.9146999999999998,1.91491,1.91452,1.9149,232,8,0
2024-04-09 04:40:00,1.9149,1.91499,1.91474,1.91485,184,8,0
2024-04-09 04:45:00,1.91485,1.91501,1.9144700000000001,1.91499,343,8,0
2024-04-09 04:50:00,1.9149699999999998,1.91547,1.91483,1.91537,361,8,0
2024-04-09 04:55:00,1.91537,1.9154200000000001,1.9150800000000001,1.91516,349,8,0
2024-04-09 05:00:00,1.91517,1.9153799999999999,1.9149500000000002,1.91496,384,8,0
2024-04-09 05:05:00,1.91496,1.91514,1.91469,1.91487,317,8,0
2024-04-09 05:10:00,1.9148800000000001,1.91533,1.91487,1.9150800000000001,274,8,0
2024-04-09 05:15:00,1.9151099999999999,1.9154900000000001,1.91505,1.91541,323,8,0
2024-04-09 05:20:00,1.91541,1.91582,1.91539,1.9157600000000001,296,8,0
2024-04-09 05:25:00,1.9157600000000001,1.91586,1.9156300000000002,1.91566,157,8,0
2024-04-09 05:30:00,1.91566,1.91585,1.9155799999999998,1.91562,343,8,0
2024-04-09 05:35:00,1.91561,1.91577,1.91555,1.91561,306,8,0
2024-04-09 05:40:00,1.91561,1.91581,1.91557,1.9157,267,8,0
2024-04-09 05:45:00,1.9157,1.9159000000000002,1.9155,1.9156499999999999,409,8,0
2024-04-09 05:50:00,1.9156499999999999,1.9156499999999999,1.91523,1.91548,318,8,0
2024-04-09 05:55:00,1.91548,1.91586,1.91541,1.9157,289,8,0
2024-04-09 06:00:00,1.9157,1.91638,1.9157,1.91625,556,8,0
2024-04-09 06:05:00,1.91625,1.91634,1.91574,1.91605,569,8,0
2024-04-09 06:10:00,1.91605,1.9162400000000002,1.9157899999999999,1.91611,392,8,0
2024-04-09 06:15:00,1.9161299999999999,1.91648,1.91598,1.91611,371,8,0
2024-04-09 06:20:00,1.91611,1.91713,1.91611,1.9170099999999999,455,8,0
2024-04-09 06:25:00,1.9170099999999999,1.91719,1.91675,1.91693,505,8,0
2024-04-09 06:30:00,1.91693,1.9170500000000001,1.91656,1.91703,511,8,0
2024-04-09 06:35:00,1.91702,1.91742,1.91693,1.91742,418,8,0
2024-04-09 06:40:00,1.9174099999999998,1.9178199999999999,1.91713,1.91715,459,8,0
2024-04-09 06:45:00,1.91715,1.91781,1.9171399999999998,1.91778,396,8,0
2024-04-09 06:50:00,1.91778,1.9178899999999999,1.9175,1.91754,393,8,0
2024-04-09 06:55:00,1.91754,1.91758,1.91695,1.91745,357,8,0
2024-04-09 07:00:00,1.91743,1.91749,1.91693,1.9173200000000001,633,8,0
2024-04-09 07:05:00,1.91731,1.91768,1.91724,1.9174099999999998,409,8,0
2024-04-09 07:10:00,1.9174,1.9174799999999999,1.91684,1.9170500000000001,478,8,0
2024-04-09 07:15:00,1.91706,1.91734,1.9165,1.91654,558,8,0
2024-04-09 07:20:00,1.91654,1.9167,1.91621,1.91657,518,8,0
2024-04-09 07:25:00,1.91655,1.91675,1.91625,1.9163000000000001,588,8,0
2024-04-09 07:30:00,1.9163000000000001,1.91658,1.9160599999999999,1.91646,511,8,0
2024-04-09 07:35:00,1.91647,1.9165,1.91591,1.91604,574,8,0
2024-04-09 07:40:00,1.91604,1.91629,1.91597,1.9161700000000002,392,8,0
2024-04-09 07:45:00,1.9161700000000002,1.9163999999999999,1.91609,1.91638,421,8,0
2024-04-09 07:50:00,1.91641,1.91646,1.916,1.91602,420,8,0
2024-04-09 07:55:00,1.91602,1.91618,1.91567,1.91574,357,8,0
2024-04-09 08:00:00,1.91575,1.91615,1.91561,1.9159000000000002,830,8,0
2024-04-09 08:05:00,1.91591,1.9160599999999999,1.91557,1.91602,416,8,0
2024-04-09 08:10:00,1.91602,1.91602,1.9157199999999999,1.9158,322,8,0
2024-04-09 08:15:00,1.9158,1.91588,1.9155799999999998,1.9156,415,8,0
2024-04-09 08:20:00,1.9156,1.9156,1.9151799999999999,1.91534,486,8,0
2024-04-09 08:25:00,1.91534,1.91561,1.91516,1.9152200000000001,340,8,0
2024-04-09 08:30:00,1.9152200000000001,1.9154900000000001,1.91503,1.91532,439,8,0
2024-04-09 08:35:00,1.91532,1.9155,1.9151,1.91533,493,8,0
2024-04-09 08:40:00,1.91532,1.91548,1.9150800000000001,1.91525,374,8,0
2024-04-09 08:45:00,1.91524,1.91548,1.91512,1.9153799999999999,279,8,0
2024-04-09 08:50:00,1.91539,1.91555,1.91493,1.9150399999999999,283,8,0
2024-04-09 08:55:00,1.9150399999999999,1.91519,1.9147699999999999,1.9149,414,8,0
2024-04-09 09:00:00,1.9149,1.91506,1.91451,1.91496,435,8,0
2024-04-09 09:05:00,1.91493,1.91516,1.91479,1.91512,371,8,0
2024-04-09 09:10:00,1.9151099999999999,1.9156300000000002,1.9150399999999999,1.91537,469,8,0
2024-04-09 09:15:00,1.91537,1.91539,1.91444,1.91456,450,8,0
2024-04-09 09:20:00,1.91456,1.91459,1.9141599999999999,1.9143,390,8,0
2024-04-09 09:25:00,1.91431,1.91439,1.91358,1.9138600000000001,555,8,0
2024-04-09 09:30:00,1.9138600000000001,1.91451,1.91383,1.91431,683,8,0
2024-04-09 09:35:00,1.91431,1.91435,1.91381,1.91432,528,8,0
2024-04-09 09:40:00,1.9143400000000002,1.9149500000000002,1.91424,1.91483,561,8,0
2024-04-09 09:45:00,1.91483,1.91527,1.91474,1.9151500000000001,599,8,0
2024-04-09 09:50:00,1.91516,1.91534,1.9147699999999999,1.9149,425,8,0
2024-04-09 09:55:00,1.9149,1.9152,1.91466,1.91492,636,8,0
2024-04-09 10:00:00,1.91492,1.91517,1.91448,1.9144999999999999,508,8,0
2024-04-09 10:05:00,1.9144999999999999,1.91509,1.9144999999999999,1.9150800000000001,590,8,0
2024-04-09 10:10:00,1.9150800000000001,1.91546,1.91498,1.91537,501,8,0
2024-04-09 10:15:00,1.91535,1.9153799999999999,1.9151,1.9153,383,8,0
2024-04-09 10:20:00,1.9152900000000002,1.91539,1.915,1.9150399999999999,463,8,0
2024-04-09 10:25:00,1.9150399999999999,1.9151799999999999,1.91467,1.91498,377,8,0
2024-04-09 10:30:00,1.91496,1.9155600000000002,1.9149500000000002,1.9155600000000002,522,8,0
2024-04-09 10:35:00,1.9155600000000002,1.9157899999999999,1.91535,1.91544,416,8,0
2024-04-09 10:40:00,1.91544,1.9155600000000002,1.91526,1.91553,311,8,0
2024-04-09 10:45:00,1.91552,1.91577,1.91541,1.9156,442,8,0
2024-04-09 10:50:00,1.9156,1.91574,1.9153099999999998,1.91535,310,8,0
2024-04-09 10:55:00,1.91535,1.9154900000000001,1.91507,1.9152900000000002,407,8,0
2024-04-09 11:00:00,1.9152900000000002,1.91546,1.91505,1.91525,537,8,0
2024-04-09 11:05:00,1.91525,1.91582,1.91524,1.9157600000000001,437,8,0
2024-04-09 11:10:00,1.91577,1.91586,1.9154200000000001,1.9154499999999999,490,8,0
2024-04-09 11:15:00,1.91543,1.91561,1.9154,1.91544,497,8,0
2024-04-09 11:20:00,1.91544,1.91555,1.91496,1.9153,425,8,0
2024-04-09 11:25:00,1.9153099999999998,1.91554,1.91523,1.9152900000000002,381,8,0
2024-04-09 11:30:00,1.91528,1.91547,1.9150399999999999,1.9152900000000002,517,8,0
2024-04-09 11:35:00,1.91527,1.91543,1.91494,1.91526,526,8,0
2024-04-09 11:40:00,1.91526,1.9154,1.9151500000000001,1.91533,490,8,0
2024-04-09 11:45:00,1.91534,1.9157899999999999,1.91525,1.91566,384,8,0
2024-04-09 11:50:00,1.91566,1.9156900000000001,1.9151799999999999,1.91533,380,8,0
2024-04-09 11:55:00,1.91535,1.9155600000000002,1.91503,1.91555,466,8,0
2024-04-09 12:00:00,1.91555,1.91586,1.91555,1.91571,674,8,0
2024-04-09 12:05:00,1.91571,1.91577,1.9151099999999999,1.91514,497,8,0
2024-04-09 12:10:00,1.91514,1.91519,1.91464,1.915,742,8,0
2024-04-09 12:15:00,1.915,1.9151799999999999,1.91422,1.9142700000000001,437,8,0
2024-04-09 12:20:00,1.91426,1.91462,1.91414,1.91433,860,8,0
2024-04-09 12:25:00,1.91433,1.91472,1.91433,1.9145699999999999,942,8,0
2024-04-09 12:30:00,1.9145699999999999,1.91493,1.9143400000000002,1.91491,679,8,0
2024-04-09 12:35:00,1.91492,1.91516,1.91464,1.91483,525,8,0
2024-04-09 12:40:00,1.9148399999999999,1.91489,1.91421,1.91429,577,8,0
2024-04-09 12:45:00,1.91428,1.91437,1.91371,1.91387,555,8,0
2024-04-09 12:50:00,1.9139,1.9148800000000001,1.91383,1.91486,581,8,0
2024-04-09 12:55:00,1.91487,1.9149699999999998,1.91411,1.91448,552,8,0
2024-04-09 13:00:00,1.91448,1.91455,1.9138899999999999,1.9138899999999999,813,8,0
2024-04-09 13:05:00,1.9138899999999999,1.91439,1.91372,1.9140700000000002,539,8,0
2024-04-09 13:10:00,1.9140899999999998,1.91442,1.91354,1.91439,500,8,0
2024-04-09 13:15:00,1.91439,1.9145400000000001,1.9141,1.91417,803,8,0
2024-04-09 13:20:00,1.91417,1.91458,1.91392,1.91425,816,8,0
2024-04-09 13:25:00,1.91425,1.91433,1.91338,1.9135900000000001,585,8,0
2024-04-09 13:30:00,1.9136,1.91368,1.91284,1.91288,1126,8,0
2024-04-09 13:35:00,1.91288,1.9132500000000001,1.91266,1.91296,924,8,0
2024-04-09 13:40:00,1.91296,1.91297,1.91245,1.91245,815,8,0
2024-04-09 13:45:00,1.91245,1.9129399999999999,1.91221,1.91254,1072,8,0
2024-04-09 13:50:00,1.91255,1.91334,1.9125,1.91327,983,8,0
2024-04-09 13:55:00,1.91327,1.91338,1.91279,1.91296,802,8,0
2024-04-09 14:00:00,1.91295,1.91302,1.91208,1.91209,539,8,0
2024-04-09 14:05:00,1.91209,1.9122,1.91147,1.91147,514,8,0
2024-04-09 14:10:00,1.9114900000000001,1.9122400000000002,1.91143,1.91194,626,8,0
2024-04-09 14:15:00,1.91194,1.9122400000000002,1.9117899999999999,1.91193,580,8,0
2024-04-09 14:20:00,1.91193,1.91204,1.91154,1.9119000000000002,527,8,0
2024-04-09 14:25:00,1.9119199999999998,1.91277,1.91167,1.91256,823,8,0
2024-04-09 14:30:00,1.91257,1.9133200000000001,1.9125299999999998,1.91315,1258,8,0
2024-04-09 14:35:00,1.91315,1.9148,1.9131,1.9148,1169,8,0
2024-04-09 14:40:00,1.9148,1.91628,1.91469,1.91551,1638,8,0
2024-04-09 14:45:00,1.91551,1.91555,1.91485,1.915,1342,8,0
2024-04-09 14:50:00,1.91498,1.9151799999999999,1.9144299999999999,1.9146,1570,8,0
2024-04-09 14:55:00,1.9146,1.91474,1.9135900000000001,1.91372,1480,8,0
2024-04-09 15:00:00,1.91372,1.91387,1.91326,1.91365,1325,8,0
2024-04-09 15:05:00,1.91365,1.91421,1.91342,1.91414,1381,8,0
2024-04-09 15:10:00,1.91415,1.91458,1.91385,1.91452,889,8,0
2024-04-09 15:15:00,1.91452,1.9146100000000001,1.9134799999999998,1.9134799999999998,901,8,0
2024-04-09 15:20:00,1.9134799999999998,1.91363,1.91324,1.91341,809,8,0
2024-04-09 15:25:00,1.91338,1.9139599999999999,1.91331,1.91388,862,8,0
2024-04-09 15:30:00,1.91388,1.91388,1.9133,1.9136600000000001,1094,8,0
2024-04-09 15:35:00,1.9136600000000001,1.91377,1.91317,1.9136199999999999,831,8,0
2024-04-09 15:40:00,1.91361,1.9139599999999999,1.91341,1.91361,789,8,0
2024-04-09 15:45:00,1.91365,1.91387,1.9135,1.91361,772,8,0
2024-04-09 15:50:00,1.91357,1.91421,1.91337,1.91398,686,8,0
2024-04-09 15:55:00,1.91398,1.91438,1.91383,1.91405,616,8,0
2024-04-09 16:00:00,1.91406,1.9141599999999999,1.9136,1.9138,503,8,0
2024-04-09 16:05:00,1.9138,1.91418,1.91372,1.91387,416,8,0
2024-04-09 16:10:00,1.91387,1.9139,1.9133900000000001,1.9134799999999998,488,8,0
2024-04-09 16:15:00,1.9134799999999998,1.91374,1.9133200000000001,1.91354,345,8,0
2024-04-09 16:20:00,1.91354,1.9137,1.9134600000000002,1.91361,331,8,0
2024-04-09 16:25:00,1.91361,1.9137300000000002,1.91324,1.91364,474,8,0
2024-04-09 16:30:00,1.91364,1.91364,1.91309,1.91324,394,8,0
2024-04-09 16:35:00,1.91323,1.91342,1.9130099999999999,1.91319,362,8,0
2024-04-09 16:40:00,1.91319,1.91345,1.91303,1.9134,320,8,0
2024-04-09 16:45:00,1.9134,1.91344,1.91308,1.91318,368,8,0
2024-04-09 16:50:00,1.91318,1.9141599999999999,1.91318,1.91408,447,8,0
2024-04-09 16:55:00,1.91408,1.91437,1.91395,1.91412,608,8,0
2024-04-09 17:00:00,1.91412,1.9143400000000002,1.91387,1.91397,743,8,0
2024-04-09 17:05:00,1.91397,1.91405,1.9137,1.9138600000000001,491,8,0
2024-04-09 17:10:00,1.9138600000000001,1.91417,1.91381,1.91399,461,8,0
2024-04-09 17:15:00,1.91397,1.9141,1.9136,1.91367,733,8,0
2024-04-09 17:20:00,1.91367,1.91387,1.9134,1.91367,541,8,0
2024-04-09 17:25:00,1.91367,1.91404,1.91364,1.91365,395,8,0
2024-04-09 17:30:00,1.91365,1.91379,1.9134,1.91374,414,8,0
2024-04-09 17:35:00,1.91374,1.9139,1.9136199999999999,1.91374,389,8,0
2024-04-09 17:40:00,1.9137300000000002,1.91388,1.9135499999999999,1.91388,539,8,0
2024-04-09 17:45:00,1.9138899999999999,1.91402,1.9137499999999998,1.9139300000000001,401,8,0
2024-04-09 17:50:00,1.9139300000000001,1.91405,1.91377,1.91398,492,8,0
2024-04-09 17:55:00,1.91398,1.91418,1.91383,1.91398,353,8,0
2024-04-09 18:00:00,1.91398,1.9142000000000001,1.9138600000000001,1.9138600000000001,424,8,0
2024-04-09 18:05:00,1.9138600000000001,1.91394,1.9137300000000002,1.91378,419,8,0
2024-04-09 18:10:00,1.91378,1.9139300000000001,1.91363,1.91377,446,8,0
2024-04-09 18:15:00,1.91377,1.91379,1.9134799999999998,1.91349,355,8,0
2024-04-09 18:20:00,1.9135,1.91365,1.91324,1.91347,364,8,0
2024-04-09 18:25:00,1.91347,1.91381,1.91347,1.91372,357,8,0
2024-04-09 18:30:00,1.91372,1.91385,1.91356,1.9136199999999999,372,8,0
2024-04-09 18:35:00,1.9136199999999999,1.9138199999999999,1.91349,1.91372,367,8,0
2024-04-09 18:40:00,1.91372,1.91381,1.9134799999999998,1.91363,359,8,0
2024-04-09 18:45:00,1.91364,1.91374,1.91344,1.91368,340,8,0
2024-04-09 18:50:00,1.91368,1.91374,1.91343,1.9136199999999999,259,8,0
2024-04-09 18:55:00,1.9136199999999999,1.91383,1.91358,1.9135900000000001,475,8,0
2024-04-09 19:00:00,1.91361,1.91387,1.91352,1.9137300000000002,554,8,0
2024-04-09 19:05:00,1.9137300000000002,1.91391,1.91368,1.91387,552,8,0
2024-04-09 19:10:00,1.91387,1.91408,1.91363,1.91376,744,8,0
2024-04-09 19:15:00,1.91376,1.91384,1.91363,1.91368,486,8,0
2024-04-09 19:20:00,1.91369,1.9137499999999998,1.91338,1.91344,354,8,0
2024-04-09 19:25:00,1.91344,1.91347,1.91269,1.91282,448,8,0
2024-04-09 19:30:00,1.91282,1.913,1.91262,1.91262,646,8,0
2024-04-09 19:35:00,1.91262,1.9127999999999998,1.9125,1.9127100000000001,478,8,0
2024-04-09 19:40:00,1.9127100000000001,1.91292,1.9125999999999999,1.91289,480,8,0
2024-04-09 19:45:00,1.91289,1.9132500000000001,1.91284,1.9129,479,8,0
2024-04-09 19:50:00,1.9129,1.91299,1.91275,1.9129,462,8,0
2024-04-09 19:55:00,1.9129,1.91295,1.91262,1.91268,530,8,0
2024-04-09 20:00:00,1.91268,1.91304,1.9126400000000001,1.91276,519,8,0
2024-04-09 20:05:00,1.91275,1.91293,1.9127100000000001,1.91279,228,8,0
2024-04-09 20:10:00,1.9127999999999998,1.9128500000000002,1.91259,1.91275,142,8,0
2024-04-09 20:15:00,1.91275,1.91281,1.9126699999999999,1.91273,59,8,0
2024-04-09 20:20:00,1.91272,1.91272,1.91254,1.9125999999999999,105,8,0
2024-04-09 20:25:00,1.9125999999999999,1.91291,1.9125999999999999,1.91266,232,8,0
2024-04-09 20:30:00,1.91266,1.91286,1.91266,1.91273,111,8,0
2024-04-09 20:35:00,1.91273,1.9129399999999999,1.9126400000000001,1.9127800000000001,81,8,0
2024-04-09 20:40:00,1.91275,1.91277,1.91266,1.9126699999999999,68,8,0
2024-04-09 20:45:00,1.91268,1.91284,1.91265,1.9127100000000001,109,8,0
2024-04-09 20:50:00,1.9127100000000001,1.91281,1.9125299999999998,1.9127100000000001,158,8,0
2024-04-09 20:55:00,1.9127100000000001,1.91275,1.91245,1.91256,147,8,0
2024-04-09 21:00:00,1.91243,1.91243,1.9096600000000001,1.91134,30,34,0
2024-04-09 21:05:00,1.91134,1.91255,1.91134,1.91208,79,14,0
2024-04-09 21:10:00,1.91208,1.91246,1.91168,1.91201,97,15,0
2024-04-09 21:15:00,1.91201,1.9128699999999998,1.9119899999999999,1.91238,131,15,0
2024-04-09 21:20:00,1.91238,1.9126400000000001,1.91194,1.91263,120,53,0
2024-04-09 21:25:00,1.91259,1.91304,1.91209,1.91235,117,92,0
2024-04-09 21:30:00,1.9122,1.91318,1.9121899999999998,1.9125999999999999,135,54,0
2024-04-09 21:35:00,1.91262,1.91299,1.9123999999999999,1.91273,359,33,0
2024-04-09 21:40:00,1.9127399999999999,1.91304,1.91231,1.91289,166,36,0
2024-04-09 21:45:00,1.91289,1.91295,1.91248,1.91265,150,25,0
2024-04-09 21:50:00,1.9126699999999999,1.91276,1.91236,1.91236,234,22,0
2024-04-09 21:55:00,1.91236,1.91261,1.91231,1.9125100000000002,154,13,0
2024-04-09 22:00:00,1.9125,1.91263,1.91235,1.9124400000000001,120,8,0
2024-04-09 22:05:00,1.9124400000000001,1.9125,1.91223,1.91249,59,8,0
2024-04-09 22:10:00,1.91249,1.91276,1.91242,1.9126400000000001,132,8,0
2024-04-09 22:15:00,1.9126400000000001,1.9126400000000001,1.9125299999999998,1.91257,36,8,0
2024-04-09 22:20:00,1.91256,1.91261,1.91248,1.91254,58,8,0
2024-04-09 22:25:00,1.91255,1.91255,1.91243,1.9125,78,8,0
2024-04-09 22:30:00,1.9125,1.91266,1.91249,1.9125299999999998,68,8,0
2024-04-09 22:35:00,1.91252,1.9125999999999999,1.91246,1.91258,113,8,0
2024-04-09 22:40:00,1.91259,1.91259,1.91234,1.9123700000000001,69,8,0
2024-04-09 22:45:00,1.9123700000000001,1.91255,1.9123700000000001,1.9125,45,8,0
2024-04-09 22:50:00,1.91252,1.91255,1.91247,1.9125299999999998,39,8,0
2024-04-09 22:55:00,1.91252,1.91254,1.91236,1.91246,76,8,0
2024-04-09 23:00:00,1.91246,1.91259,1.91234,1.9123700000000001,196,8,0
2024-04-09 23:05:00,1.9123700000000001,1.91246,1.91231,1.9123999999999999,73,8,0
2024-04-09 23:10:00,1.9123999999999999,1.9123999999999999,1.9121700000000001,1.91218,81,8,0
2024-04-09 23:15:00,1.91218,1.91234,1.91214,1.91222,67,8,0
2024-04-09 23:20:00,1.91222,1.91234,1.9122,1.91227,73,8,0
2024-04-09 23:25:00,1.91227,1.91239,1.91225,1.91227,99,8,0
2024-04-09 23:30:00,1.91228,1.91236,1.91215,1.91221,92,8,0
2024-04-09 23:35:00,1.91222,1.9123,1.9121000000000001,1.91214,151,8,0
2024-04-09 23:40:00,1.91214,1.91225,1.9121000000000001,1.91215,127,8,0
2024-04-09 23:45:00,1.91215,1.9122,1.91198,1.91202,167,8,0
2024-04-09 23:50:00,1.9120300000000001,1.91234,1.9120300000000001,1.91228,172,8,0
2024-04-09 23:55:00,1.91229,1.91262,1.9122400000000002,1.91255,174,8,0
2024-04-10 00:00:00,1.91255,1.91256,1.91205,1.9121899999999998,323,8,0
2024-04-10 00:05:00,1.9121899999999998,1.91239,1.9120599999999999,1.9121700000000001,348,8,0
2024-04-10 00:10:00,1.91215,1.91239,1.91173,1.91211,341,8,0
2024-04-10 00:15:00,1.91211,1.91236,1.9119000000000002,1.9119899999999999,375,8,0
2024-04-10 00:20:00,1.9119899999999999,1.91223,1.91191,1.91197,315,8,0
2024-04-10 00:25:00,1.91198,1.9121899999999998,1.9118,1.91201,297,8,0
2024-04-10 00:30:00,1.91201,1.91201,1.91166,1.91187,315,8,0
2024-04-10 00:35:00,1.91187,1.91207,1.9116499999999998,1.912,212,8,0
2024-04-10 00:40:00,1.912,1.9124400000000001,1.91185,1.91235,313,8,0
2024-04-10 00:45:00,1.91235,1.9123700000000001,1.91209,1.91214,252,8,0
2024-04-10 00:50:00,1.91214,1.91236,1.91196,1.9123299999999999,360,8,0
2024-04-10 00:55:00,1.9123299999999999,1.91283,1.91225,1.91262,541,8,0
2024-04-10 01:00:00,1.91262,1.91299,1.91195,1.91268,544,8,0
2024-04-10 01:05:00,1.91266,1.91319,1.91229,1.91318,492,8,0
2024-04-10 01:10:00,1.91317,1.9136199999999999,1.91295,1.91326,543,8,0
2024-04-10 01:15:00,1.91326,1.91344,1.91304,1.91327,544,8,0
2024-04-10 01:20:00,1.91327,1.9135,1.91282,1.91326,470,8,0
2024-04-10 01:25:00,1.91326,1.9138199999999999,1.91319,1.91368,600,8,0
2024-04-10 01:30:00,1.9136600000000001,1.9138199999999999,1.91308,1.91309,692,8,0
2024-04-10 01:35:00,1.91308,1.91437,1.9130099999999999,1.91435,666,8,0
2024-04-10 01:40:00,1.91435,1.9145699999999999,1.91402,1.91406,579,8,0
2024-04-10 01:45:00,1.91406,1.9140899999999998,1.9133200000000001,1.91383,441,8,0
2024-04-10 01:50:00,1.91383,1.91402,1.91354,1.91387,527,8,0
2024-04-10 01:55:00,1.9138600000000001,1.91392,1.91326,1.91345,533,8,0
2024-04-10 02:00:00,1.91345,1.91381,1.9127399999999999,1.91313,1108,8,0
2024-04-10 02:05:00,1.91313,1.91437,1.91311,1.91425,944,8,0
2024-04-10 02:10:00,1.9142700000000001,1.9151099999999999,1.91417,1.91458,814,8,0
2024-04-10 02:15:00,1.91458,1.9146,1.9140700000000002,1.9140700000000002,436,8,0
2024-04-10 02:20:00,1.9140700000000002,1.9142299999999999,1.91372,1.9138899999999999,495,8,0
2024-04-10 02:25:00,1.9138899999999999,1.91432,1.91379,1.9142700000000001,489,8,0
2024-04-10 02:30:00,1.9142700000000001,1.91452,1.91399,1.9140899999999998,576,8,0
2024-04-10 02:35:00,1.9140899999999998,1.91418,1.9132500000000001,1.91345,610,8,0
2024-04-10 02:40:00,1.91345,1.91379,1.9132,1.91324,639,8,0
2024-04-10 02:45:00,1.91324,1.91358,1.9130099999999999,1.9135,577,8,0
2024-04-10 02:50:00,1.9135,1.91404,1.91333,1.9134799999999998,519,8,0
2024-04-10 02:55:00,1.91347,1.91369,1.9131200000000002,1.91352,473,8,0
2024-04-10 03:00:00,1.9135,1.91352,1.91249,1.91255,432,8,0
2024-04-10 03:05:00,1.91258,1.91291,1.9122599999999998,1.91281,454,8,0
2024-04-10 03:10:00,1.91281,1.913,1.9123700000000001,1.91238,392,8,0
2024-04-10 03:15:00,1.91238,1.91297,1.91222,1.91283,382,8,0
2024-04-10 03:20:00,1.91283,1.91345,1.9127800000000001,1.91345,397,8,0
2024-04-10 03:25:00,1.91344,1.91345,1.91245,1.91311,351,8,0
2024-04-10 03:30:00,1.9131200000000002,1.91333,1.91303,1.9132500000000001,259,8,0
2024-04-10 03:35:00,1.9132500000000001,1.91353,1.9130099999999999,1.91344,293,8,0
2024-04-10 03:40:00,1.91345,1.91354,1.91323,1.9135,237,8,0
2024-04-10 03:45:00,1.91351,1.91356,1.9133,1.91331,264,8,0
2024-04-10 03:50:00,1.91331,1.91385,1.91323,1.9137499999999998,323,8,0
2024-04-10 03:55:00,1.91374,1.91405,1.91368,1.91402,336,8,0
2024-04-10 04:00:00,1.91401,1.91433,1.91401,1.91432,313,8,0
2024-04-10 04:05:00,1.91431,1.91432,1.91394,1.9139599999999999,203,8,0
2024-04-10 04:10:00,1.9139599999999999,1.91403,1.9137300000000002,1.91377,258,8,0
2024-04-10 04:15:00,1.91377,1.91387,1.9135499999999999,1.9137300000000002,243,8,0
2024-04-10 04:20:00,1.9137300000000002,1.91413,1.91369,1.91385,236,8,0
2024-04-10 04:25:00,1.91385,1.9141599999999999,1.91379,1.91415,263,8,0
2024-04-10 04:30:00,1.91415,1.91432,1.91402,1.9142000000000001,255,8,0
2024-04-10 04:35:00,1.9142000000000001,1.91464,1.91408,1.91424,325,8,0
2024-04-10 04:40:00,1.91424,1.91446,1.9142000000000001,1.9144299999999999,218,8,0
2024-04-10 04:45:00,1.9144299999999999,1.91478,1.91439,1.91446,311,8,0
2024-04-10 04:50:00,1.91446,1.91462,1.91437,1.91451,287,8,0
2024-04-10 04:55:00,1.91451,1.9148100000000001,1.91448,1.91467,314,8,0
2024-04-10 05:00:00,1.91467,1.91467,1.91405,1.91438,361,8,0
2024-04-10 05:05:00,1.91438,1.91449,1.91372,1.91377,432,8,0
2024-04-10 05:10:00,1.91377,1.9140899999999998,1.91357,1.91385,372,8,0
2024-04-10 05:15:00,1.91385,1.91395,1.91363,1.91381,380,8,0
2024-04-10 05:20:00,1.91381,1.9138899999999999,1.91367,1.91374,301,8,0
2024-04-10 05:25:00,1.91374,1.91383,1.9133499999999999,1.91338,262,8,0
2024-04-10 05:30:00,1.91337,1.9134,1.91299,1.9131399999999998,637,8,0
2024-04-10 05:35:00,1.9131399999999998,1.91343,1.913,1.9133900000000001,470,8,0
2024-04-10 05:40:00,1.9133900000000001,1.91408,1.91338,1.9139,492,8,0
2024-04-10 05:45:00,1.9139,1.91439,1.9138600000000001,1.9142700000000001,586,8,0
2024-04-10 05:50:00,1.9142700000000001,1.9144999999999999,1.9140700000000002,1.9142700000000001,494,8,0
2024-04-10 05:55:00,1.9142700000000001,1.91463,1.91413,1.9143599999999998,526,8,0
2024-04-10 06:00:00,1.9143599999999998,1.91472,1.91422,1.9146100000000001,605,8,0
2024-04-10 06:05:00,1.91462,1.91473,1.91402,1.91419,347,8,0
2024-04-10 06:10:00,1.91418,1.91437,1.91395,1.9141599999999999,418,8,0
2024-04-10 06:15:00,1.91414,1.9144,1.91387,1.91398,345,8,0
2024-04-10 06:20:00,1.91398,1.9144299999999999,1.91384,1.91431,500,8,0
2024-04-10 06:25:00,1.91432,1.91464,1.91417,1.91437,331,8,0
2024-04-10 06:30:00,1.91437,1.91466,1.9138,1.91381,450,8,0
2024-04-10 06:35:00,1.91381,1.91438,1.91377,1.91415,412,8,0
2024-04-10 06:40:00,1.91415,1.9143599999999998,1.91395,1.91404,344,8,0
2024-04-10 06:45:00,1.91405,1.9141,1.91341,1.91377,396,8,0
2024-04-10 06:50:00,1.9137499999999998,1.91399,1.91356,1.91384,508,8,0
2024-04-10 06:55:00,1.91385,1.91404,1.91354,1.9135900000000001,426,8,0
2024-04-10 07:00:00,1.91358,1.9138,1.91311,1.91361,739,8,0
2024-04-10 07:05:00,1.91361,1.91448,1.9132099999999999,1.91432,716,8,0
2024-04-10 07:10:00,1.91432,1.91471,1.91408,1.9141,497,8,0
2024-04-10 07:15:00,1.9141,1.91424,1.91379,1.9141599999999999,546,8,0
2024-04-10 07:20:00,1.9141599999999999,1.91425,1.91401,1.91414,323,8,0
2024-04-10 07:25:00,1.91414,1.91415,1.9136,1.91385,406,8,0
2024-04-10 07:30:00,1.91384,1.91475,1.91383,1.91452,457,8,0
2024-04-10 07:35:00,1.91453,1.91466,1.9144299999999999,1.9145400000000001,358,8,0
2024-04-10 07:40:00,1.9145400000000001,1.91505,1.91451,1.91505,485,8,0
2024-04-10 07:45:00,1.91505,1.91539,1.91491,1.91534,425,8,0
2024-04-10 07:50:00,1.91533,1.9153799999999999,1.9148100000000001,1.91483,459,8,0
2024-04-10 07:55:00,1.9148399999999999,1.9151099999999999,1.91474,1.91498,338,8,0
2024-04-10 08:00:00,1.91498,1.9151099999999999,1.91472,1.91489,469,8,0
2024-04-10 08:05:00,1.91492,1.91541,1.91479,1.91505,364,8,0
2024-04-10 08:10:00,1.91505,1.91551,1.91499,1.9154200000000001,326,8,0
2024-04-10 08:15:00,1.91543,1.91614,1.91535,1.916,401,8,0
2024-04-10 08:20:00,1.916,1.91612,1.9157,1.9157,426,8,0
2024-04-10 08:25:00,1.9157199999999999,1.9158300000000001,1.9153799999999999,1.9157899999999999,452,8,0
2024-04-10 08:30:00,1.9157899999999999,1.91607,1.91552,1.91602,404,8,0
2024-04-10 08:35:00,1.91602,1.91609,1.91552,1.91562,437,8,0
2024-04-10 08:40:00,1.91561,1.91581,1.9154,1.91577,461,8,0
2024-04-10 08:45:00,1.91577,1.91581,1.91535,1.91543,393,8,0
2024-04-10 08:50:00,1.91543,1.91547,1.91498,1.9152900000000002,397,8,0
2024-04-10 08:55:00,1.9152900000000002,1.91573,1.9150399999999999,1.91571,516,8,0
2024-04-10 09:00:00,1.91571,1.9161700000000002,1.91557,1.91571,483,8,0
2024-04-10 09:05:00,1.91571,1.9157600000000001,1.91536,1.9154200000000001,319,8,0
2024-04-10 09:10:00,1.9154200000000001,1.91543,1.91512,1.9154,366,8,0
2024-04-10 09:15:00,1.91541,1.91577,1.91509,1.91513,443,8,0
2024-04-10 09:20:00,1.91512,1.91568,1.91512,1.91559,392,8,0
2024-04-10 09:25:00,1.91559,1.91596,1.91548,1.9156900000000001,315,8,0
2024-04-10 09:30:00,1.9156900000000001,1.9159899999999999,1.9156499999999999,1.91593,324,8,0
2024-04-10 09:35:00,1.91594,1.91635,1.91586,1.91621,413,8,0
2024-04-10 09:40:00,1.91621,1.91657,1.9161299999999999,1.9165,462,8,0
2024-04-10 09:45:00,1.91649,1.91652,1.9162,1.91627,361,8,0
2024-04-10 09:50:00,1.91627,1.91654,1.9161899999999998,1.91645,431,8,0
2024-04-10 09:55:00,1.91647,1.9167100000000001,1.91636,1.91659,524,8,0
2024-04-10 10:00:00,1.9165999999999999,1.9167999999999998,1.91646,1.91655,550,8,0
2024-04-10 10:05:00,1.91656,1.91699,1.91656,1.91693,447,8,0
2024-04-10 10:10:00,1.91693,1.91703,1.9168500000000002,1.91688,339,8,0
2024-04-10 10:15:00,1.91689,1.9172,1.9168699999999999,1.91706,303,8,0
2024-04-10 10:20:00,1.91706,1.9171,1.91689,1.91697,255,8,0
2024-04-10 10:25:00,1.91697,1.91727,1.91689,1.9172099999999999,428,8,0
2024-04-10 10:30:00,1.9172099999999999,1.9174799999999999,1.91709,1.91724,424,8,0
2024-04-10 10:35:00,1.91724,1.91798,1.91723,1.9176199999999999,447,8,0
2024-04-10 10:40:00,1.9176199999999999,1.91788,1.91749,1.91756,450,8,0
2024-04-10 10:45:00,1.9175499999999999,1.91765,1.9173200000000001,1.91742,337,8,0
2024-04-10 10:50:00,1.9174,1.91764,1.91724,1.91737,302,8,0
2024-04-10 10:55:00,1.91738,1.91756,1.91729,1.91731,241,8,0
2024-04-10 11:00:00,1.9173,1.9174,1.9169399999999999,1.91702,376,8,0
2024-04-10 11:05:00,1.91702,1.91763,1.91702,1.91745,416,8,0
2024-04-10 11:10:00,1.91744,1.91799,1.9172799999999999,1.91799,394,8,0
2024-04-10 11:15:00,1.91799,1.91815,1.91788,1.91799,301,8,0
2024-04-10 11:20:00,1.91798,1.9181,1.91783,1.9178600000000001,256,8,0
2024-04-10 11:25:00,1.9178600000000001,1.9178899999999999,1.9175900000000001,1.9177499999999998,427,8,0
2024-04-10 11:30:00,1.9177499999999998,1.91783,1.91758,1.9176600000000001,462,8,0
2024-04-10 11:35:00,1.91765,1.91776,1.91731,1.91731,383,8,0
2024-04-10 11:40:00,1.9173,1.91744,1.9171399999999998,1.9174099999999998,510,8,0
2024-04-10 11:45:00,1.9174099999999998,1.91753,1.91709,1.91734,450,8,0
2024-04-10 11:50:00,1.91734,1.91774,1.9172500000000001,1.91765,386,8,0
2024-04-10 11:55:00,1.91767,1.91797,1.91744,1.9176,575,8,0
2024-04-10 12:00:00,1.9176,1.91776,1.9172099999999999,1.91745,672,8,0
2024-04-10 12:05:00,1.91743,1.91764,1.9170099999999999,1.9175499999999999,728,8,0
2024-04-10 12:10:00,1.91758,1.91825,1.9175200000000001,1.9180199999999998,815,8,0
2024-04-10 12:15:00,1.9180199999999998,1.9181300000000001,1.91757,1.91801,789,8,0
2024-04-10 12:20:00,1.91801,1.91892,1.9179599999999999,1.9188399999999999,696,8,0
2024-04-10 12:25:00,1.9188399999999999,1.91953,1.9182700000000001,1.9187400000000001,989,8,0
2024-04-10 12:30:00,1.91828,1.92431,1.91483,1.92328,3047,8,0
2024-04-10 12:35:00,1.92327,1.92479,1.92301,1.92456,3019,8,0
2024-04-10 12:40:00,1.92454,1.92483,1.92321,1.92377,2668,8,0
2024-04-10 12:45:00,1.92379,1.92389,1.9226,1.9230800000000001,2952,8,0
2024-04-10 12:50:00,1.9230399999999999,1.92361,1.92203,1.9236,2456,8,0
2024-04-10 12:55:00,1.92352,1.92408,1.92299,1.92381,2301,8,0
2024-04-10 13:00:00,1.92381,1.92499,1.92366,1.9247100000000001,2425,8,0
2024-04-10 13:05:00,1.9247100000000001,1.9249100000000001,1.9237600000000001,1.92397,2386,8,0
2024-04-10 13:10:00,1.92397,1.92535,1.92362,1.92523,2114,8,0
2024-04-10 13:15:00,1.92524,1.9262700000000001,1.92469,1.9262299999999999,2104,8,0
2024-04-10 13:20:00,1.9262299999999999,1.92633,1.9255,1.92565,2027,8,0
2024-04-10 13:25:00,1.9257,1.9258199999999999,1.92519,1.92576,1996,8,0
2024-04-10 13:30:00,1.92576,1.9266999999999999,1.9257499999999999,1.92596,2695,8,0
2024-04-10 13:35:00,1.92597,1.92699,1.92577,1.92698,2393,8,0
2024-04-10 13:40:00,1.9269500000000002,1.92739,1.92665,1.92686,1897,8,0
2024-04-10 13:45:00,1.92686,1.92908,1.9264999999999999,1.92811,2070,8,0
2024-04-10 13:50:00,1.92811,1.9282,1.9262299999999999,1.9264299999999999,2096,8,0
2024-04-10 13:55:00,1.9264299999999999,1.92678,1.92522,1.9255,2252,8,0
2024-04-10 14:00:00,1.9255,1.92645,1.9250099999999999,1.9262000000000001,2077,8,0
2024-04-10 14:05:00,1.9262000000000001,1.9265400000000001,1.925,1.92504,2046,8,0
2024-04-10 14:10:00,1.9250500000000001,1.92595,1.92502,1.92527,1756,8,0
2024-04-10 14:15:00,1.92527,1.92564,1.9249399999999999,1.92529,1814,8,0
2024-04-10 14:20:00,1.9252799999999999,1.92529,1.92429,1.92439,1814,8,0
2024-04-10 14:25:00,1.92443,1.92544,1.9240300000000001,1.9252500000000001,1549,8,0
2024-04-10 14:30:00,1.9252500000000001,1.9260899999999999,1.9251200000000002,1.9257900000000001,2075,8,0
2024-04-10 14:35:00,1.9257499999999999,1.92581,1.92489,1.92495,2123,8,0
2024-04-10 14:40:00,1.92495,1.92515,1.92447,1.9248699999999999,1520,8,0
2024-04-10 14:45:00,1.9248699999999999,1.92597,1.9247999999999998,1.9258,1597,8,0
2024-04-10 14:50:00,1.9258,1.9261300000000001,1.92536,1.92588,1677,8,0
2024-04-10 14:55:00,1.92588,1.9261,1.9252799999999999,1.9256799999999998,1569,8,0
2024-04-10 15:00:00,1.9256799999999998,1.92578,1.92529,1.92572,1595,8,0
2024-04-10 15:05:00,1.9257,1.92632,1.9254,1.92596,1216,8,0
2024-04-10 15:10:00,1.92596,1.9268399999999999,1.92592,1.92676,1303,8,0
2024-04-10 15:15:00,1.92676,1.9271099999999999,1.9263,1.92648,1187,8,0
2024-04-10 15:20:00,1.92646,1.9265400000000001,1.92598,1.92608,1289,8,0
2024-04-10 15:25:00,1.92608,1.9261,1.9251800000000001,1.92519,1294,8,0
2024-04-10 15:30:00,1.92522,1.9256600000000001,1.92477,1.9254799999999999,1114,8,0
2024-04-10 15:35:00,1.9254799999999999,1.9271500000000001,1.9253200000000001,1.92608,1055,8,0
2024-04-10 15:40:00,1.92608,1.92723,1.9258899999999999,1.92675,1234,8,0
2024-04-10 15:45:00,1.9267400000000001,1.92679,1.92597,1.9264000000000001,1063,8,0
2024-04-10 15:50:00,1.9264000000000001,1.92655,1.92604,1.92652,812,8,0
2024-04-10 15:55:00,1.92652,1.92748,1.92633,1.9273,1195,8,0
2024-04-10 16:00:00,1.9273099999999999,1.92782,1.92709,1.9276,1442,8,0
2024-04-10 16:05:00,1.92759,1.92771,1.9272399999999998,1.92727,1012,8,0
2024-04-10 16:10:00,1.9273,1.92737,1.92676,1.9268999999999998,958,8,0
2024-04-10 16:15:00,1.9268999999999998,1.9271,1.9262299999999999,1.92641,869,8,0
2024-04-10 16:20:00,1.9264000000000001,1.92642,1.92604,1.92617,718,8,0
2024-04-10 16:25:00,1.92617,1.9264299999999999,1.92601,1.92628,779,8,0
2024-04-10 16:30:00,1.92628,1.92666,1.9262000000000001,1.9262700000000001,851,8,0
2024-04-10 16:35:00,1.9262700000000001,1.9267699999999999,1.92598,1.92673,847,8,0
2024-04-10 16:40:00,1.92673,1.9268399999999999,1.92622,1.9264700000000001,750,8,0
2024-04-10 16:45:00,1.9264999999999999,1.92667,1.9259300000000001,1.9259300000000001,873,8,0
2024-04-10 16:50:00,1.92594,1.92633,1.92526,1.92604,1123,8,0
2024-04-10 16:55:00,1.92604,1.92639,1.92558,1.92617,1197,8,0
2024-04-10 17:00:00,1.92617,1.9266,1.92577,1.92635,1985,8,0
2024-04-10 17:05:00,1.92635,1.92676,1.92631,1.9266299999999998,1366,8,0
2024-04-10 17:10:00,1.9266299999999998,1.927,1.92644,1.92667,1275,8,0
2024-04-10 17:15:00,1.92667,1.9270100000000001,1.92619,1.9264000000000001,1021,8,0
2024-04-10 17:20:00,1.92641,1.9266100000000002,1.92536,1.9256,1428,8,0
2024-04-10 17:25:00,1.92561,1.92591,1.9252099999999999,1.92576,1329,8,0
2024-04-10 17:30:00,1.92574,1.9263599999999999,1.92456,1.9253900000000002,2622,8,0
2024-04-10 17:35:00,1.92538,1.9268800000000001,1.92538,1.92687,1718,8,0
2024-04-10 17:40:00,1.92687,1.9274200000000001,1.92671,1.9271,1757,8,0
2024-04-10 17:45:00,1.9271,1.92719,1.9264000000000001,1.92662,1389,8,0
2024-04-10 17:50:00,1.9266299999999998,1.92702,1.9263,1.92659,1380,8,0
2024-04-10 17:55:00,1.92659,1.92667,1.9258899999999999,1.92625,1378,8,0
2024-04-10 18:00:00,1.92612,1.9265400000000001,1.92556,1.92571,1819,8,0
2024-04-10 18:05:00,1.92571,1.9262000000000001,1.92556,1.92574,1282,8,0
2024-04-10 18:10:00,1.9257499999999999,1.92614,1.9254099999999998,1.9255499999999999,1361,8,0
2024-04-10 18:15:00,1.92554,1.9262700000000001,1.92526,1.92599,1312,8,0
2024-04-10 18:20:00,1.92598,1.92672,1.9258199999999999,1.92669,1496,8,0
2024-04-10 18:25:00,1.92669,1.9268800000000001,1.9262000000000001,1.92672,1466,8,0
2024-04-10 18:30:00,1.92672,1.9273799999999999,1.92649,1.9271500000000001,937,8,0
2024-04-10 18:35:00,1.9271500000000001,1.92733,1.92682,1.92705,1040,8,0
2024-04-10 18:40:00,1.92705,1.92732,1.92679,1.9268,1067,8,0
2024-04-10 18:45:00,1.9268,1.92694,1.9264999999999999,1.92652,983,8,0
2024-04-10 18:50:00,1.92652,1.92683,1.92632,1.9266,914,8,0
2024-04-10 18:55:00,1.9266,1.92747,1.9266,1.92698,1183,8,0
2024-04-10 19:00:00,1.92698,1.9275799999999998,1.92686,1.92725,1292,8,0
2024-04-10 19:05:00,1.92725,1.92725,1.92639,1.92655,1022,8,0
2024-04-10 19:10:00,1.92655,1.92655,1.9260899999999999,1.9260899999999999,901,8,0
2024-04-10 19:15:00,1.9260899999999999,1.9262000000000001,1.92571,1.9257900000000001,941,8,0
2024-04-10 19:20:00,1.9257900000000001,1.9259300000000001,1.9256199999999999,1.92569,985,8,0
2024-04-10 19:25:00,1.92569,1.9257900000000001,1.9253900000000002,1.9256600000000001,958,8,0
2024-04-10 19:30:00,1.9256600000000001,1.92583,1.92543,1.92565,1096,8,0
2024-04-10 19:35:00,1.92565,1.92571,1.92535,1.92546,799,8,0
2024-04-10 19:40:00,1.92546,1.9255900000000001,1.9252099999999999,1.92522,871,8,0
2024-04-10 19:45:00,1.92524,1.9255,1.9250500000000001,1.92527,1005,8,0
2024-04-10 19:50:00,1.9252799999999999,1.9255499999999999,1.92517,1.9251800000000001,935,8,0
2024-04-10 19:55:00,1.92517,1.92567,1.92516,1.92558,950,8,0
2024-04-10 20:00:00,1.92558,1.92576,1.92542,1.9254799999999999,262,8,0
2024-04-10 20:05:00,1.9254799999999999,1.92563,1.92519,1.92527,395,8,0
2024-04-10 20:10:00,1.92526,1.92563,1.9252500000000001,1.92561,393,8,0
2024-04-10 20:15:00,1.92561,1.9257,1.92529,1.92542,300,8,0
2024-04-10 20:20:00,1.92542,1.9255,1.9251200000000002,1.9252799999999999,170,8,0
2024-04-10 20:25:00,1.9252799999999999,1.92542,1.92524,1.92527,165,8,0
2024-04-10 20:30:00,1.92527,1.92574,1.92527,1.92554,160,8,0
2024-04-10 20:35:00,1.92551,1.92581,1.9255,1.92581,211,8,0
2024-04-10 20:40:00,1.9258199999999999,1.9259300000000001,1.92561,1.92569,220,8,0
2024-04-10 20:45:00,1.92569,1.9258,1.92547,1.92572,138,8,0
2024-04-10 20:50:00,1.9257300000000002,1.9258,1.92557,1.9257,212,8,0
2024-04-10 20:55:00,1.9257,1.92587,1.9253900000000002,1.92547,271,8,0
2024-04-10 21:00:00,1.92547,1.92547,1.92253,1.92305,27,35,0
2024-04-10 21:05:00,1.92305,1.92533,1.92249,1.92473,180,18,0
2024-04-10 21:10:00,1.92465,1.92524,1.92425,1.92496,120,36,0
2024-04-10 21:15:00,1.92496,1.9253900000000002,1.92486,1.9249,132,14,0
2024-04-10 21:20:00,1.9249,1.92492,1.9243299999999999,1.92445,111,78,0
2024-04-10 21:25:00,1.92445,1.92486,1.9243299999999999,1.92472,104,41,0
2024-04-10 21:30:00,1.92472,1.92522,1.92441,1.9250699999999998,161,39,0
2024-04-10 21:35:00,1.9250500000000001,1.92523,1.9250099999999999,1.92506,79,19,0
2024-04-10 21:40:00,1.92506,1.92529,1.9249100000000001,1.92509,151,41,0
2024-04-10 21:45:00,1.92509,1.92546,1.92506,1.92535,171,14,0
2024-04-10 21:50:00,1.92538,1.92546,1.92515,1.9252,122,14,0
2024-04-10 21:55:00,1.9252,1.92524,1.92465,1.9249,172,16,0
2024-04-10 22:00:00,1.9248699999999999,1.9257300000000002,1.92479,1.92553,250,8,0
2024-04-10 22:05:00,1.92553,1.9258899999999999,1.92545,1.9258199999999999,136,8,0
2024-04-10 22:10:00,1.92581,1.92588,1.9256199999999999,1.92564,120,8,0
2024-04-10 22:15:00,1.92564,1.92578,1.9255499999999999,1.9256600000000001,154,8,0
2024-04-10 22:20:00,1.9256600000000001,1.9256600000000001,1.92546,1.92556,268,8,0
2024-04-10 22:25:00,1.92557,1.9256799999999998,1.92545,1.92567,90,8,0
2024-04-10 22:30:00,1.92567,1.92574,1.9252099999999999,1.9255200000000001,231,8,0
2024-04-10 22:35:00,1.9255200000000001,1.92569,1.9254099999999998,1.92554,312,8,0
2024-04-10 22:40:00,1.92554,1.92556,1.92524,1.92544,177,8,0
2024-04-10 22:45:00,1.92545,1.92551,1.92516,1.9253,217,8,0
2024-04-10 22:50:00,1.92529,1.9254,1.9251200000000002,1.92529,221,8,0
2024-04-10 22:55:00,1.92529,1.92543,1.9252799999999999,1.92534,99,8,0
2024-04-10 23:00:00,1.92534,1.92561,1.92529,1.92545,343,8,0
2024-04-10 23:05:00,1.92545,1.92554,1.92538,1.92546,211,8,0
2024-04-10 23:10:00,1.92546,1.9254799999999999,1.92526,1.92529,225,8,0
2024-04-10 23:15:00,1.92529,1.9253,1.92492,1.9251399999999999,388,8,0
2024-04-10 23:20:00,1.9251399999999999,1.9252099999999999,1.9249,1.9252,329,8,0
2024-04-10 23:25:00,1.9252,1.9252500000000001,1.92497,1.9251399999999999,253,8,0
2024-04-10 23:30:00,1.92516,1.92537,1.92509,1.92526,322,8,0
2024-04-10 23:35:00,1.92526,1.92558,1.9252500000000001,1.92556,282,8,0
2024-04-10 23:40:00,1.92556,1.92569,1.92554,1.92554,197,8,0
2024-04-10 23:45:00,1.9255499999999999,1.92591,1.9253900000000002,1.92571,223,8,0
2024-04-10 23:50:00,1.92571,1.92692,1.92571,1.92619,545,8,0
2024-04-10 23:55:00,1.92619,1.92664,1.92604,1.92644,482,8,0
2024-04-11 00:00:00,1.92644,1.92714,1.92639,1.92676,1088,8,0
2024-04-11 00:05:00,1.92676,1.92754,1.92664,1.9274499999999999,949,8,0
2024-04-11 00:10:00,1.92744,1.9274499999999999,1.9266100000000002,1.92702,983,8,0
2024-04-11 00:15:00,1.92702,1.92729,1.9266299999999998,1.9266299999999998,818,8,0
2024-04-11 00:20:00,1.9266299999999998,1.92685,1.9258199999999999,1.92611,822,8,0
2024-04-11 00:25:00,1.92611,1.92679,1.92603,1.92653,825,8,0
2024-04-11 00:30:00,1.92653,1.92693,1.92619,1.9262899999999998,737,8,0
2024-04-11 00:35:00,1.9262899999999998,1.92667,1.92625,1.92635,682,8,0
2024-04-11 00:40:00,1.9263400000000002,1.9268100000000001,1.92631,1.92657,629,8,0
2024-04-11 00:45:00,1.92657,1.92691,1.92648,1.92648,610,8,0
2024-04-11 00:50:00,1.92649,1.92676,1.92637,1.92657,655,8,0
2024-04-11 00:55:00,1.92657,1.92675,1.92624,1.92637,795,8,0
2024-04-11 01:00:00,1.9263599999999999,1.9266100000000002,1.9258899999999999,1.9264999999999999,897,8,0
2024-04-11 01:05:00,1.9264999999999999,1.92656,1.9253900000000002,1.9254799999999999,697,8,0
2024-04-11 01:10:00,1.9254799999999999,1.92588,1.92537,1.9255,823,8,0
2024-04-11 01:15:00,1.9255,1.9256199999999999,1.92486,1.92497,1244,8,0
2024-04-11 01:20:00,1.92497,1.92591,1.92477,1.9259,824,8,0
2024-04-11 01:25:00,1.9259,1.9262000000000001,1.9254799999999999,1.9255,613,8,0
2024-04-11 01:30:00,1.9255,1.9263400000000002,1.92523,1.92542,1299,8,0
2024-04-11 01:35:00,1.92542,1.92563,1.9245700000000001,1.92492,1283,8,0
2024-04-11 01:40:00,1.92492,1.9255900000000001,1.92488,1.9252,1036,8,0
2024-04-11 01:45:00,1.9252,1.92544,1.92472,1.9247800000000002,847,8,0
2024-04-11 01:50:00,1.92477,1.92486,1.9242599999999999,1.92462,934,8,0
2024-04-11 01:55:00,1.92462,1.9258600000000001,1.92458,1.92543,836,8,0
2024-04-11 02:00:00,1.92543,1.92578,1.92516,1.92545,804,8,0
2024-04-11 02:05:00,1.92545,1.92588,1.92495,1.9253200000000001,926,8,0
2024-04-11 02:10:00,1.9253200000000001,1.9258899999999999,1.9253200000000001,1.9257900000000001,592,8,0
2024-04-11 02:15:00,1.92578,1.92597,1.92556,1.92557,424,8,0
2024-04-11 02:20:00,1.9256199999999999,1.9257300000000002,1.9253,1.9255499999999999,479,8,0
2024-04-11 02:25:00,1.92556,1.92571,1.92529,1.9254,475,8,0
2024-04-11 02:30:00,1.9254,1.92597,1.92524,1.92574,616,8,0
2024-04-11 02:35:00,1.92574,1.92618,1.92561,1.92596,582,8,0
2024-04-11 02:40:00,1.92595,1.9262899999999998,1.92572,1.92574,646,8,0
2024-04-11 02:45:00,1.92574,1.92585,1.92509,1.9251,506,8,0
2024-04-11 02:50:00,1.9251,1.92522,1.92472,1.9251200000000002,748,8,0
2024-04-11 02:55:00,1.92511,1.92535,1.92502,1.92511,633,8,0
2024-04-11 03:00:00,1.9251200000000002,1.92545,1.92488,1.92513,604,8,0
2024-04-11 03:05:00,1.92513,1.9255499999999999,1.9249399999999999,1.92503,572,8,0
2024-04-11 03:10:00,1.92504,1.92531,1.92497,1.92509,554,8,0
2024-04-11 03:15:00,1.92509,1.92516,1.92411,1.92422,605,8,0
2024-04-11 03:20:00,1.92423,1.92466,1.92415,1.9245,556,8,0
2024-04-11 03:25:00,1.9245,1.925,1.92445,1.92481,474,8,0
2024-04-11 03:30:00,1.92481,1.92499,1.92458,1.92462,444,8,0
2024-04-11 03:35:00,1.92463,1.92485,1.9245100000000002,1.92473,426,8,0
2024-04-11 03:40:00,1.92474,1.92503,1.9246400000000001,1.92466,379,8,0
2024-04-11 03:45:00,1.9246699999999999,1.9250500000000001,1.9245700000000001,1.92495,438,8,0
2024-04-11 03:50:00,1.92495,1.92506,1.92482,1.92484,441,8,0
2024-04-11 03:55:00,1.92485,1.92508,1.92484,1.9249100000000001,385,8,0
2024-04-11 04:00:00,1.9249100000000001,1.92513,1.92481,1.9251200000000002,337,8,0
2024-04-11 04:05:00,1.9251200000000002,1.9255,1.9250099999999999,1.92519,326,8,0
2024-04-11 04:10:00,1.92519,1.92537,1.9250500000000001,1.9250699999999998,339,8,0
2024-04-11 04:15:00,1.9250699999999998,1.92516,1.9247999999999998,1.92492,346,8,0
2024-04-11 04:20:00,1.9249100000000001,1.92506,1.92483,1.9249800000000001,450,8,0
2024-04-11 04:25:00,1.9249800000000001,1.92502,1.92476,1.92493,309,8,0
2024-04-11 04:30:00,1.9249399999999999,1.92516,1.92486,1.92499,372,8,0
2024-04-11 04:35:00,1.92499,1.92523,1.92486,1.92496,332,8,0
2024-04-11 04:40:00,1.92495,1.92522,1.9249399999999999,1.92499,328,8,0
2024-04-11 04:45:00,1.9249800000000001,1.92508,1.92434,1.9245,388,8,0
2024-04-11 04:50:00,1.9245,1.92474,1.92449,1.9245100000000002,387,8,0
2024-04-11 04:55:00,1.9245100000000002,1.92483,1.92447,1.92483,477,8,0
2024-04-11 05:00:00,1.92485,1.92485,1.9239899999999999,1.92427,545,8,0
2024-04-11 05:05:00,1.92427,1.92441,1.9239199999999999,1.92408,409,8,0
2024-04-11 05:10:00,1.92408,1.9241700000000002,1.92359,1.92371,441,8,0
2024-04-11 05:15:00,1.92371,1.9240599999999999,1.9237,1.92401,325,8,0
2024-04-11 05:20:00,1.924,1.92408,1.92348,1.92359,476,8,0
2024-04-11 05:25:00,1.92359,1.9236499999999999,1.9233099999999999,1.92348,441,8,0
2024-04-11 05:30:00,1.92348,1.92348,1.9228100000000001,1.92291,459,8,0
2024-04-11 05:35:00,1.92291,1.92332,1.92283,1.9228800000000001,448,8,0
2024-04-11 05:40:00,1.9228800000000001,1.92319,1.92275,1.923,584,8,0
2024-04-11 05:45:00,1.923,1.92317,1.92273,1.92286,593,8,0
2024-04-11 05:50:00,1.92286,1.9232,1.92279,1.9228800000000001,545,8,0
2024-04-11 05:55:00,1.9228800000000001,1.9232,1.92262,1.9228100000000001,798,8,0
2024-04-11 06:00:00,1.9228100000000001,1.92377,1.9228100000000001,1.9235600000000002,944,8,0
2024-04-11 06:05:00,1.92357,1.92374,1.92285,1.92293,748,8,0
2024-04-11 06:10:00,1.92293,1.92317,1.92257,1.92293,621,8,0
2024-04-11 06:15:00,1.92293,1.9229500000000002,1.92196,1.92206,759,8,0
2024-04-11 06:20:00,1.92207,1.9224,1.9217,1.9220899999999999,866,8,0
2024-04-11 06:25:00,1.9220899999999999,1.92217,1.92165,1.92183,867,8,0
2024-04-11 06:30:00,1.92183,1.92298,1.9218,1.92279,1133,8,0
2024-04-11 06:35:00,1.9228,1.92298,1.9224999999999999,1.92262,869,8,0
2024-04-11 06:40:00,1.92262,1.9233099999999999,1.9225400000000001,1.9232200000000002,749,8,0
2024-04-11 06:45:00,1.9232200000000002,1.92432,1.92321,1.92407,721,8,0
2024-04-11 06:50:00,1.92405,1.92449,1.92397,1.9241899999999998,732,8,0
2024-04-11 06:55:00,1.9241899999999998,1.92432,1.92318,1.9232900000000002,790,8,0
2024-04-11 07:00:00,1.92328,1.92416,1.92323,1.92407,1096,8,0
2024-04-11 07:05:00,1.92407,1.92511,1.92405,1.92436,1190,8,0
2024-04-11 07:10:00,1.9243700000000001,1.9245700000000001,1.9240300000000001,1.92415,1085,8,0
2024-04-11 07:15:00,1.92415,1.9251,1.92413,1.92445,1062,8,0
2024-04-11 07:20:00,1.92445,1.92476,1.9242599999999999,1.92465,985,8,0
2024-04-11 07:25:00,1.92465,1.92489,1.9238300000000002,1.92408,949,8,0
2024-04-11 07:30:00,1.92408,1.92449,1.924,1.92418,931,8,0
2024-04-11 07:35:00,1.92415,1.92482,1.92413,1.92482,1007,8,0
2024-04-11 07:40:00,1.92482,1.92496,1.92429,1.9249100000000001,948,8,0
2024-04-11 07:45:00,1.92492,1.92492,1.9244599999999998,1.92477,831,8,0
2024-04-11 07:50:00,1.92477,1.92519,1.9245299999999999,1.92484,932,8,0
2024-04-11 07:55:00,1.92484,1.9252,1.92407,1.92411,1036,8,0
2024-04-11 08:00:00,1.9241000000000001,1.92482,1.92405,1.92474,1000,8,0
2024-04-11 08:05:00,1.92474,1.9251200000000002,1.92445,1.92496,625,8,0
2024-04-11 08:10:00,1.9249399999999999,1.9256199999999999,1.92489,1.9254099999999998,639,8,0
2024-04-11 08:15:00,1.9254099999999998,1.9257300000000002,1.9253,1.92561,810,8,0
2024-04-11 08:20:00,1.92561,1.92601,1.9255900000000001,1.9256199999999999,741,8,0
2024-04-11 08:25:00,1.9256199999999999,1.92583,1.92545,1.9256600000000001,763,8,0
2024-04-11 08:30:00,1.9256600000000001,1.9257300000000002,1.92503,1.92533,867,8,0
2024-04-11 08:35:00,1.92534,1.92558,1.92503,1.9251,820,8,0
2024-04-11 08:40:00,1.9251,1.92511,1.9247100000000001,1.92473,607,8,0
2024-04-11 08:45:00,1.92475,1.92506,1.92461,1.9247999999999998,676,8,0
2024-04-11 08:50:00,1.92485,1.9251800000000001,1.9247,1.92486,923,8,0
2024-04-11 08:55:00,1.9248699999999999,1.92502,1.92431,1.92442,891,8,0
2024-04-11 09:00:00,1.92442,1.92474,1.92436,1.9246699999999999,954,8,0
2024-04-11 09:05:00,1.9246699999999999,1.92475,1.92408,1.9243999999999999,662,8,0
2024-04-11 09:10:00,1.92439,1.9245,1.92382,1.92389,899,8,0
2024-04-11 09:15:00,1.9239000000000002,1.92415,1.92361,1.92378,750,8,0
2024-04-11 09:20:00,1.92378,1.92428,1.92316,1.92318,697,8,0
2024-04-11 09:25:00,1.92319,1.9234200000000001,1.92252,1.92276,629,8,0
2024-04-11 09:30:00,1.92276,1.92287,1.92174,1.92181,644,8,0
2024-04-11 09:35:00,1.92181,1.92211,1.9217499999999998,1.92204,606,8,0
2024-04-11 09:40:00,1.9220199999999998,1.92256,1.92195,1.92228,734,8,0
2024-04-11 09:45:00,1.92228,1.9224700000000001,1.92206,1.92245,641,8,0
2024-04-11 09:50:00,1.92245,1.92266,1.92235,1.92249,808,8,0
2024-04-11 09:55:00,1.92249,1.9226999999999999,1.92167,1.92187,674,8,0
2024-04-11 10:00:00,1.92187,1.92256,1.9218,1.92241,700,8,0
2024-04-11 10:05:00,1.92242,1.92264,1.92226,1.92251,589,8,0
2024-04-11 10:10:00,1.92251,1.92271,1.92183,1.9219300000000001,802,8,0
2024-04-11 10:15:00,1.9219300000000001,1.92228,1.92179,1.92221,887,8,0
2024-04-11 10:20:00,1.92221,1.92269,1.92215,1.92264,764,8,0
2024-04-11 10:25:00,1.92262,1.92266,1.92199,1.92221,671,8,0
2024-04-11 10:30:00,1.92222,1.92241,1.92195,1.9222299999999999,649,8,0
2024-04-11 10:35:00,1.9222299999999999,1.9222299999999999,1.92147,1.9220899999999999,716,8,0
2024-04-11 10:40:00,1.9220899999999999,1.92212,1.9217300000000002,1.92203,684,8,0
2024-04-11 10:45:00,1.92203,1.9221,1.9213900000000002,1.92167,722,8,0
2024-04-11 10:50:00,1.92167,1.92221,1.92146,1.92221,784,8,0
2024-04-11 10:55:00,1.92221,1.9224,1.92169,1.92179,652,8,0
2024-04-11 11:00:00,1.92179,1.92235,1.9216,1.92228,791,8,0
2024-04-11 11:05:00,1.92228,1.92269,1.92183,1.92211,663,8,0
2024-04-11 11:10:00,1.92211,1.92245,1.92197,1.92237,494,8,0
2024-04-11 11:15:00,1.92237,1.9226,1.92215,1.92225,596,8,0
2024-04-11 11:20:00,1.92225,1.9223,1.92133,1.92157,721,8,0
2024-04-11 11:25:00,1.92157,1.92174,1.9212099999999999,1.9217,852,8,0
2024-04-11 11:30:00,1.92171,1.92206,1.92147,1.92197,836,8,0
2024-04-11 11:35:00,1.92197,1.92197,1.9213900000000002,1.92168,594,8,0
2024-04-11 11:40:00,1.92168,1.92174,1.9215,1.92163,720,8,0
2024-04-11 11:45:00,1.9216199999999999,1.92185,1.9214799999999999,1.92183,656,8,0
2024-04-11 11:50:00,1.92183,1.9224999999999999,1.9218,1.92212,852,8,0
2024-04-11 11:55:00,1.9221300000000001,1.92265,1.92203,1.92262,955,8,0
2024-04-11 12:00:00,1.92262,1.9230399999999999,1.92237,1.92287,1057,8,0
2024-04-11 12:05:00,1.92287,1.9231099999999999,1.92275,1.9231,752,8,0
2024-04-11 12:10:00,1.9231,1.9233099999999999,1.92286,1.92291,532,8,0
2024-04-11 12:15:00,1.92293,1.92319,1.92215,1.92303,1529,8,0
2024-04-11 12:20:00,1.923,1.9241000000000001,1.92283,1.92387,1990,8,0
2024-04-11 12:25:00,1.92387,1.92416,1.92347,1.92389,1270,8,0
2024-04-11 12:30:00,1.92373,1.92486,1.92109,1.92156,2689,8,0
2024-04-11 12:35:00,1.92156,1.9226,1.92066,1.92119,2352,8,0
2024-04-11 12:40:00,1.92119,1.92226,1.92077,1.9220899999999999,2179,8,0
2024-04-11 12:45:00,1.9220899999999999,1.9221,1.91957,1.91996,2509,8,0
2024-04-11 12:50:00,1.91994,1.92084,1.91984,1.9207,1929,8,0
2024-04-11 12:55:00,1.9207,1.92086,1.91998,1.92,2021,8,0
2024-04-11 13:00:00,1.92,1.92072,1.9196900000000001,1.92008,2332,8,0
2024-04-11 13:05:00,1.92008,1.9209399999999999,1.92,1.92043,1925,8,0
2024-04-11 13:10:00,1.92043,1.92045,1.91896,1.92029,1655,8,0
2024-04-11 13:15:00,1.92029,1.92058,1.91871,1.91901,1580,8,0
2024-04-11 13:20:00,1.919,1.91919,1.9186,1.9191,1452,8,0
2024-04-11 13:25:00,1.9191,1.92027,1.9189699999999998,1.91974,1653,8,0
2024-04-11 13:30:00,1.91973,1.9203700000000001,1.9195799999999998,1.9198499999999998,2063,8,0
2024-04-11 13:35:00,1.9198499999999998,1.92032,1.9197,1.92021,1755,8,0
2024-04-11 13:40:00,1.92022,1.9212500000000001,1.92022,1.92108,2056,8,0
2024-04-11 13:45:00,1.92108,1.92109,1.92034,1.9204599999999998,1869,8,0
2024-04-11 13:50:00,1.9204599999999998,1.92077,1.9201899999999998,1.92057,1520,8,0
2024-04-11 13:55:00,1.92058,1.9207999999999998,1.9199199999999998,1.92074,1243,8,0
2024-04-11 14:00:00,1.92074,1.92134,1.92063,1.9212799999999999,1634,8,0
2024-04-11 14:05:00,1.92127,1.92229,1.92109,1.92214,1569,8,0
2024-04-11 14:10:00,1.92214,1.92259,1.92163,1.92184,1807,8,0
2024-04-11 14:15:00,1.92187,1.92285,1.92178,1.92268,1793,8,0
2024-04-11 14:20:00,1.92268,1.92276,1.92196,1.9224299999999999,1637,8,0
2024-04-11 14:25:00,1.9224299999999999,1.9231,1.92228,1.92282,1686,8,0
2024-04-11 14:30:00,1.92282,1.9228399999999999,1.92192,1.92232,1575,8,0
2024-04-11 14:35:00,1.92235,1.9226299999999998,1.9219300000000001,1.9219300000000001,1630,8,0
2024-04-11 14:40:00,1.92192,1.92264,1.92183,1.92204,1484,8,0
2024-04-11 14:45:00,1.92203,1.92203,1.9205,1.9212099999999999,1381,8,0
2024-04-11 14:50:00,1.9212,1.9214099999999998,1.9207,1.92076,1380,8,0
2024-04-11 14:55:00,1.92076,1.92127,1.92068,1.92115,1436,8,0
2024-04-11 15:00:00,1.92115,1.92133,1.92054,1.9213,1474,8,0
2024-04-11 15:05:00,1.9213,1.92187,1.9212500000000001,1.9214799999999999,1044,8,0
2024-04-11 15:10:00,1.92147,1.92153,1.92117,1.92145,1104,8,0
2024-04-11 15:15:00,1.92145,1.92157,1.92111,1.9213200000000001,998,8,0
2024-04-11 15:20:00,1.9213200000000001,1.9215499999999999,1.92122,1.92146,911,8,0
2024-04-11 15:25:00,1.92147,1.9218899999999999,1.92147,1.9218,1152,8,0
2024-04-11 15:30:00,1.92179,1.92194,1.9213900000000002,1.9216199999999999,1111,8,0
2024-04-11 15:35:00,1.92163,1.92163,1.92133,1.92142,1113,8,0
2024-04-11 15:40:00,1.92142,1.92168,1.92107,1.9216,1018,8,0
2024-04-11 15:45:00,1.9216,1.92171,1.92142,1.92158,1032,8,0
2024-04-11 15:50:00,1.92158,1.9217,1.92133,1.92157,1063,8,0
2024-04-11 15:55:00,1.92157,1.9216600000000001,1.92126,1.92135,1212,8,0
2024-04-11 16:00:00,1.92134,1.9214799999999999,1.92108,1.92124,1682,8,0
2024-04-11 16:05:00,1.92124,1.92174,1.921,1.92172,1060,8,0
2024-04-11 16:10:00,1.92172,1.92177,1.92145,1.92163,953,8,0
2024-04-11 16:15:00,1.92163,1.92218,1.92156,1.92185,946,8,0
2024-04-11 16:20:00,1.92185,1.92201,1.92163,1.9218,765,8,0
2024-04-11 16:25:00,1.9218199999999999,1.92225,1.9218,1.9221300000000001,624,8,0
2024-04-11 16:30:00,1.9221300000000001,1.9221300000000001,1.9217499999999998,1.92188,707,8,0
2024-04-11 16:35:00,1.92188,1.92217,1.92169,1.92214,615,8,0
2024-04-11 16:40:00,1.9221300000000001,1.92218,1.92138,1.92157,730,8,0
2024-04-11 16:45:00,1.92158,1.9218600000000001,1.92137,1.92137,745,8,0
2024-04-11 16:50:00,1.92137,1.9215499999999999,1.92111,1.9214,619,8,0
2024-04-11 16:55:00,1.9214099999999998,1.92187,1.92136,1.92154,761,8,0
2024-04-11 17:00:00,1.9215499999999999,1.92203,1.92082,1.9211399999999998,1486,8,0
2024-04-11 17:05:00,1.9211399999999998,1.92127,1.92043,1.92072,1369,8,0
2024-04-11 17:10:00,1.92072,1.92084,1.9202599999999999,1.92042,879,8,0
2024-04-11 17:15:00,1.92042,1.92075,1.92031,1.9203299999999999,841,8,0
2024-04-11 17:20:00,1.9203299999999999,1.92065,1.92021,1.92045,810,8,0
2024-04-11 17:25:00,1.92045,1.9204599999999998,1.92002,1.92024,907,8,0
2024-04-11 17:30:00,1.92024,1.9202599999999999,1.91995,1.92001,674,8,0
2024-04-11 17:35:00,1.9199899999999999,1.9201000000000001,1.9197899999999999,1.92,751,8,0
2024-04-11 17:40:00,1.92,1.92038,1.92,1.92022,503,8,0
2024-04-11 17:45:00,1.92022,1.9203700000000001,1.91993,1.92023,607,8,0
2024-04-11 17:50:00,1.92023,1.92038,1.91998,1.92029,559,8,0
2024-04-11 17:55:00,1.92029,1.92036,1.92,1.92012,566,8,0
2024-04-11 18:00:00,1.92012,1.92022,1.91973,1.91978,675,8,0
2024-04-11 18:05:00,1.9198,1.9198,1.91923,1.91926,988,8,0
2024-04-11 18:10:00,1.91926,1.92001,1.9192200000000001,1.91993,1033,8,0
2024-04-11 18:15:00,1.91993,1.91994,1.91953,1.9196499999999999,729,8,0
2024-04-11 18:20:00,1.9196499999999999,1.91989,1.91941,1.9194200000000001,481,8,0
2024-04-11 18:25:00,1.9194200000000001,1.9196,1.9193099999999998,1.9194900000000001,458,8,0
2024-04-11 18:30:00,1.9195,1.91975,1.9193799999999999,1.91948,523,8,0
2024-04-11 18:35:00,1.91948,1.91974,1.91927,1.9193099999999998,495,8,0
2024-04-11 18:40:00,1.91933,1.91962,1.9192900000000002,1.91943,443,8,0
2024-04-11 18:45:00,1.9194200000000001,1.91993,1.91928,1.9196900000000001,670,8,0
2024-04-11 18:50:00,1.9196900000000001,1.91998,1.91953,1.9197,723,8,0
2024-04-11 18:55:00,1.9197,1.91996,1.9195600000000002,1.91975,601,8,0
2024-04-11 19:00:00,1.91977,1.92002,1.91959,1.91997,574,8,0
2024-04-11 19:05:00,1.91997,1.92,1.9195799999999998,1.91995,381,8,0
2024-04-11 19:10:00,1.91995,1.92004,1.91978,1.92004,421,8,0
2024-04-11 19:15:00,1.9200300000000001,1.92013,1.91973,1.91998,472,8,0
2024-04-11 19:20:00,1.91998,1.92008,1.9197600000000001,1.9200599999999999,396,8,0
2024-04-11 19:25:00,1.9200599999999999,1.92021,1.91991,1.92005,433,8,0
2024-04-11 19:30:00,1.9200599999999999,1.92018,1.9199000000000002,1.92001,489,8,0
2024-04-11 19:35:00,1.92,1.92009,1.91989,1.91996,329,8,0
2024-04-11 19:40:00,1.91996,1.9201700000000002,1.9198499999999998,1.91991,392,8,0
2024-04-11 19:45:00,1.91996,1.92018,1.9198,1.92004,504,8,0
2024-04-11 19:50:00,1.92004,1.9203299999999999,1.92,1.9201000000000001,531,8,0
2024-04-11 19:55:00,1.9201000000000001,1.92023,1.9199199999999998,1.92013,407,8,0
2024-04-11 20:00:00,1.92013,1.9203999999999999,1.92007,1.92024,337,8,0
2024-04-11 20:05:00,1.92024,1.92025,1.9201000000000001,1.92016,196,8,0
2024-04-11 20:10:00,1.92016,1.9203000000000001,1.92014,1.9202599999999999,178,8,0
2024-04-11 20:15:00,1.9202599999999999,1.9204400000000001,1.92018,1.9203299999999999,193,8,0
2024-04-11 20:20:00,1.9203299999999999,1.9203299999999999,1.9199899999999999,1.92008,136,8,0
2024-04-11 20:25:00,1.92008,1.92042,1.9200599999999999,1.9203999999999999,196,8,0
2024-04-11 20:30:00,1.9203999999999999,1.9204400000000001,1.9202599999999999,1.92031,102,8,0
2024-04-11 20:35:00,1.92031,1.92043,1.92012,1.9201899999999998,111,8,0
2024-04-11 20:40:00,1.9201899999999998,1.9202599999999999,1.92012,1.92013,96,8,0
2024-04-11 20:45:00,1.92013,1.92031,1.92001,1.92022,227,8,0
2024-04-11 20:50:00,1.92022,1.9203999999999999,1.92001,1.9203700000000001,272,8,0
2024-04-11 20:55:00,1.9203700000000001,1.9203700000000001,1.9198499999999998,1.9198499999999998,249,8,0
2024-04-11 21:00:00,1.91974,1.9201700000000002,1.91784,1.9201700000000002,43,40,0
2024-04-11 21:05:00,1.91944,1.9201700000000002,1.91937,1.91962,31,21,0
2024-04-11 21:10:00,1.91962,1.91962,1.91898,1.91927,97,13,0
2024-04-11 21:15:00,1.91927,1.91966,1.9191099999999999,1.91959,94,14,0
2024-04-11 21:20:00,1.91959,1.92012,1.91959,1.9198,62,15,0
2024-04-11 21:25:00,1.91971,1.9201700000000002,1.91971,1.92014,49,14,0
2024-04-11 21:30:00,1.92015,1.92018,1.91968,1.91991,98,17,0
2024-04-11 21:35:00,1.91989,1.92014,1.9197,1.9199000000000002,59,14,0
2024-04-11 21:40:00,1.9198499999999998,1.92013,1.91984,1.92008,114,14,0
2024-04-11 21:45:00,1.9201000000000001,1.9202599999999999,1.91987,1.92016,162,8,0
2024-04-11 21:50:00,1.92014,1.92022,1.92014,1.9201899999999998,19,11,0
2024-04-11 21:55:00,1.9201899999999998,1.92032,1.92014,1.92031,70,8,0
2024-04-11 22:00:00,1.9203000000000001,1.92035,1.91952,1.91959,148,8,0
2024-04-11 22:05:00,1.9196,1.91988,1.91959,1.91974,97,8,0
2024-04-11 22:10:00,1.91978,1.9198300000000001,1.9195799999999998,1.91973,159,8,0
2024-04-11 22:15:00,1.91971,1.9198300000000001,1.91967,1.91968,168,8,0
2024-04-11 22:20:00,1.9197,1.91975,1.91927,1.91943,383,8,0
2024-04-11 22:25:00,1.9194200000000001,1.91968,1.9194,1.91955,220,8,0
2024-04-11 22:30:00,1.91955,1.91974,1.91955,1.91968,178,8,0
2024-04-11 22:35:00,1.91968,1.9197,1.91959,1.91963,148,8,0
2024-04-11 22:40:00,1.91962,1.91975,1.9195799999999998,1.9196,136,8,0
2024-04-11 22:45:00,1.9195799999999998,1.91967,1.91953,1.91964,126,8,0
2024-04-11 22:50:00,1.91964,1.91988,1.9195600000000002,1.9197600000000001,160,8,0
2024-04-11 22:55:00,1.9197600000000001,1.91982,1.91963,1.91977,109,8,0
2024-04-11 23:00:00,1.91977,1.9199899999999999,1.91961,1.91977,178,8,0
2024-04-11 23:05:00,1.91977,1.91986,1.91936,1.91943,83,8,0
2024-04-11 23:10:00,1.91943,1.9196499999999999,1.91943,1.91959,119,8,0
2024-04-11 23:15:00,1.91959,1.9197,1.91933,1.91936,167,8,0
2024-04-11 23:20:00,1.91936,1.91954,1.91932,1.91932,137,8,0
2024-04-11 23:25:00,1.9193500000000001,1.91937,1.9191,1.9192399999999998,133,8,0
2024-04-11 23:30:00,1.9192399999999998,1.91927,1.91901,1.91921,189,8,0
2024-04-11 23:35:00,1.91921,1.9192399999999998,1.91905,1.91907,92,8,0
2024-04-11 23:40:00,1.91906,1.91933,1.91905,1.91921,102,8,0
2024-04-11 23:45:00,1.9192,1.91947,1.9189699999999998,1.9189699999999998,276,8,0
2024-04-11 23:50:00,1.9189699999999998,1.91962,1.9189699999999998,1.9195600000000002,537,8,0
2024-04-11 23:55:00,1.9195600000000002,1.91967,1.9193,1.9195,428,8,0
2024-04-12 00:00:00,1.91951,1.92043,1.9194499999999999,1.9203999999999999,836,8,0
2024-04-12 00:05:00,1.9203999999999999,1.9205299999999998,1.92007,1.92041,641,8,0
2024-04-12 00:10:00,1.92041,1.92086,1.92007,1.9205299999999998,613,8,0
2024-04-12 00:15:00,1.9205299999999998,1.92097,1.9205,1.92068,558,8,0
2024-04-12 00:20:00,1.92068,1.92068,1.9203000000000001,1.9204400000000001,461,8,0
2024-04-12 00:25:00,1.9204400000000001,1.9205,1.92013,1.92025,378,8,0
2024-04-12 00:30:00,1.92025,1.92027,1.91995,1.92,485,8,0
2024-04-12 00:35:00,1.92004,1.92004,1.91961,1.9196900000000001,431,8,0
2024-04-12 00:40:00,1.9196900000000001,1.92014,1.91946,1.91947,407,8,0
2024-04-12 00:45:00,1.91946,1.9198300000000001,1.91946,1.91962,389,8,0
2024-04-12 00:50:00,1.91963,1.91997,1.9193500000000001,1.9198,700,8,0
2024-04-12 00:55:00,1.9198499999999998,1.92056,1.9197600000000001,1.92011,659,8,0
2024-04-12 01:00:00,1.92011,1.92031,1.91962,1.92028,955,8,0
2024-04-12 01:05:00,1.92028,1.9207800000000002,1.92001,1.9204599999999998,831,8,0
2024-04-12 01:10:00,1.9204599999999998,1.9205999999999999,1.9199899999999999,1.92025,589,8,0
2024-04-12 01:15:00,1.92025,1.92065,1.91995,1.9200300000000001,969,8,0
2024-04-12 01:20:00,1.9200300000000001,1.9203700000000001,1.91977,1.92011,797,8,0
2024-04-12 01:25:00,1.92011,1.92036,1.91987,1.92025,735,8,0
2024-04-12 01:30:00,1.92025,1.92029,1.91927,1.91932,1042,8,0
2024-04-12 01:35:00,1.91933,1.91997,1.91933,1.91963,703,8,0
2024-04-12 01:40:00,1.91963,1.92034,1.91948,1.92004,850,8,0
2024-04-12 01:45:00,1.92004,1.92015,1.9194900000000001,1.91964,765,8,0
2024-04-12 01:50:00,1.91964,1.91998,1.91941,1.91975,675,8,0
2024-04-12 01:55:00,1.91975,1.9198300000000001,1.91927,1.91975,722,8,0
2024-04-12 02:00:00,1.91975,1.91996,1.91939,1.91963,737,8,0
2024-04-12 02:05:00,1.91962,1.91998,1.91948,1.9199199999999998,579,8,0
2024-04-12 02:10:00,1.9199199999999998,1.92025,1.91968,1.9197199999999999,546,8,0
2024-04-12 02:15:00,1.9197199999999999,1.9203000000000001,1.91971,1.92022,460,8,0
2024-04-12 02:20:00,1.92022,1.92027,1.91966,1.91975,589,8,0
2024-04-12 02:25:00,1.91975,1.92013,1.91967,1.92,492,8,0
2024-04-12 02:30:00,1.92001,1.92025,1.9199000000000002,1.92004,505,8,0
2024-04-12 02:35:00,1.92004,1.92007,1.91955,1.92004,592,8,0
2024-04-12 02:40:00,1.92004,1.92032,1.91991,1.92024,403,8,0
2024-04-12 02:45:00,1.92023,1.92045,1.9201899999999998,1.92038,366,8,0
2024-04-12 02:50:00,1.92038,1.92049,1.92011,1.92022,403,8,0
2024-04-12 02:55:00,1.92022,1.9202599999999999,1.91997,1.92013,464,8,0
2024-04-12 03:00:00,1.92016,1.92031,1.9197899999999999,1.9199899999999999,366,8,0
2024-04-12 03:05:00,1.9199899999999999,1.92022,1.91981,1.92016,438,8,0
2024-04-12 03:10:00,1.92016,1.92025,1.91973,1.92004,484,8,0
2024-04-12 03:15:00,1.92004,1.92022,1.9198,1.92013,402,8,0
2024-04-12 03:20:00,1.92013,1.92061,1.91991,1.9204599999999998,444,8,0
2024-04-12 03:25:00,1.9204599999999998,1.92077,1.9202599999999999,1.92077,408,8,0
2024-04-12 03:30:00,1.92077,1.92138,1.92072,1.92104,483,8,0
2024-04-12 03:35:00,1.92103,1.9213,1.9207800000000002,1.92102,380,8,0
2024-04-12 03:40:00,1.92102,1.92127,1.92092,1.92124,403,8,0
2024-04-12 03:45:00,1.92124,1.9218600000000001,1.92118,1.92178,567,8,0
2024-04-12 03:50:00,1.92178,1.9221,1.92157,1.92164,477,8,0
2024-04-12 03:55:00,1.92164,1.92187,1.92137,1.9215900000000001,392,8,0
2024-04-12 04:00:00,1.9216,1.9217300000000002,1.92107,1.9213900000000002,436,8,0
2024-04-12 04:05:00,1.9213900000000002,1.92145,1.92124,1.92124,376,8,0
2024-04-12 04:10:00,1.9212500000000001,1.92127,1.9207999999999998,1.9210500000000001,310,8,0
2024-04-12 04:15:00,1.9210500000000001,1.92123,1.92081,1.92106,280,8,0
2024-04-12 04:20:00,1.92106,1.92113,1.92073,1.92082,248,8,0
2024-04-12 04:25:00,1.92082,1.9208699999999999,1.92062,1.9207100000000001,233,8,0
2024-04-12 04:30:00,1.92073,1.92073,1.92047,1.92065,228,8,0
2024-04-12 04:35:00,1.92065,1.9206699999999999,1.92029,1.9205100000000002,339,8,0
2024-04-12 04:40:00,1.9205100000000002,1.92089,1.92048,1.92075,406,8,0
2024-04-12 04:45:00,1.92075,1.92108,1.92061,1.92079,434,8,0
2024-04-12 04:50:00,1.92079,1.92083,1.92057,1.92082,256,8,0
2024-04-12 04:55:00,1.92082,1.92107,1.92073,1.92106,345,8,0
2024-04-12 05:00:00,1.92106,1.9213200000000001,1.9209399999999999,1.9212099999999999,414,8,0
2024-04-12 05:05:00,1.9212,1.92145,1.9209399999999999,1.9212799999999999,405,8,0
2024-04-12 05:10:00,1.9212799999999999,1.92195,1.92127,1.9217,407,8,0
2024-04-12 05:15:00,1.92171,1.9218199999999999,1.9212099999999999,1.9213900000000002,470,8,0
2024-04-12 05:20:00,1.9213900000000002,1.9214099999999998,1.9210099999999999,1.9211200000000002,390,8,0
2024-04-12 05:25:00,1.9211200000000002,1.92145,1.92108,1.92124,473,8,0
2024-04-12 05:30:00,1.92123,1.92126,1.92096,1.92119,475,8,0
2024-04-12 05:35:00,1.92119,1.92151,1.9210500000000001,1.92116,545,8,0
2024-04-12 05:40:00,1.92116,1.92117,1.9209100000000001,1.92104,523,8,0
2024-04-12 05:45:00,1.92104,1.92144,1.92088,1.92119,543,8,0
2024-04-12 05:50:00,1.92118,1.92136,1.92092,1.92113,572,8,0
2024-04-12 05:55:00,1.9211399999999998,1.92177,1.92107,1.92157,523,8,0
2024-04-12 06:00:00,1.92157,1.92253,1.92157,1.92228,1073,8,0
2024-04-12 06:05:00,1.92228,1.92237,1.92184,1.9220000000000002,599,8,0
2024-04-12 06:10:00,1.9220199999999998,1.9221300000000001,1.9216600000000001,1.9221300000000001,502,8,0
2024-04-12 06:15:00,1.9221300000000001,1.92214,1.9212500000000001,1.92142,440,8,0
2024-04-12 06:20:00,1.92142,1.92241,1.9213900000000002,1.92229,481,8,0
2024-04-12 06:25:00,1.92229,1.9224700000000001,1.92208,1.9224,507,8,0
2024-04-12 06:30:00,1.9224,1.92257,1.92151,1.9215200000000001,805,8,0
2024-04-12 06:35:00,1.9215200000000001,1.9221599999999999,1.92142,1.92195,978,8,0
2024-04-12 06:40:00,1.92195,1.92231,1.9216,1.9218600000000001,1206,8,0
2024-04-12 06:45:00,1.92187,1.92187,1.92095,1.9214099999999998,1013,8,0
2024-04-12 06:50:00,1.9214099999999998,1.92187,1.92136,1.92169,987,8,0
2024-04-12 06:55:00,1.92169,1.9219,1.9212799999999999,1.92157,1328,8,0
2024-04-12 07:00:00,1.9215900000000001,1.92188,1.92123,1.92137,1231,8,0
2024-04-12 07:05:00,1.92137,1.9217,1.92088,1.92107,1107,8,0
2024-04-12 07:10:00,1.92107,1.92198,1.9209800000000001,1.92109,1488,8,0
2024-04-12 07:15:00,1.92109,1.92131,1.92072,1.92095,1251,8,0
2024-04-12 07:20:00,1.92096,1.92135,1.92083,1.92134,1214,8,0
2024-04-12 07:25:00,1.92131,1.92168,1.92102,1.92103,1013,8,0
2024-04-12 07:30:00,1.9210500000000001,1.92133,1.92072,1.9209100000000001,1045,8,0
2024-04-12 07:35:00,1.9209100000000001,1.92115,1.92059,1.92077,1025,8,0
2024-04-12 07:40:00,1.92076,1.92088,1.9200599999999999,1.92072,841,8,0
2024-04-12 07:45:00,1.92072,1.92082,1.92023,1.92045,811,8,0
2024-04-12 07:50:00,1.92045,1.92072,1.91998,1.92045,882,8,0
2024-04-12 07:55:00,1.92045,1.9205299999999998,1.91998,1.9203700000000001,754,8,0
2024-04-12 08:00:00,1.9203700000000001,1.9204400000000001,1.91981,1.91995,977,8,0
2024-04-12 08:05:00,1.91997,1.92,1.91959,1.91975,757,8,0
2024-04-12 08:10:00,1.91975,1.92029,1.91948,1.92021,817,8,0
2024-04-12 08:15:00,1.92021,1.9204599999999998,1.9200599999999999,1.9203299999999999,497,8,0
2024-04-12 08:20:00,1.92032,1.92054,1.91966,1.91968,540,8,0
2024-04-12 08:25:00,1.91968,1.91973,1.91933,1.9196499999999999,694,8,0
2024-04-12 08:30:00,1.9196499999999999,1.9203299999999999,1.91964,1.9203000000000001,700,8,0
2024-04-12 08:35:00,1.9203000000000001,1.92072,1.92014,1.9203299999999999,633,8,0
2024-04-12 08:40:00,1.9203299999999999,1.9209100000000001,1.9203000000000001,1.92085,570,8,0
2024-04-12 08:45:00,1.92084,1.92084,1.91998,1.92002,492,8,0
2024-04-12 08:50:00,1.92002,1.92021,1.9199000000000002,1.92,497,8,0
2024-04-12 08:55:00,1.92,1.9205,1.9198499999999998,1.9201899999999998,679,8,0
2024-04-12 09:00:00,1.9201700000000002,1.92063,1.92012,1.9204400000000001,864,8,0
2024-04-12 09:05:00,1.92042,1.92054,1.9201700000000002,1.92054,565,8,0
2024-04-12 09:10:00,1.92056,1.92086,1.9205299999999998,1.92074,415,8,0
2024-04-12 09:15:00,1.92074,1.92088,1.92036,1.92081,750,8,0
2024-04-12 09:20:00,1.92081,1.92093,1.92055,1.92083,777,8,0
2024-04-12 09:25:00,1.92082,1.92088,1.91953,1.92,1099,8,0
2024-04-12 09:30:00,1.92,1.92029,1.91975,1.92011,719,8,0
2024-04-12 09:35:00,1.92011,1.92025,1.9197600000000001,1.92008,642,8,0
2024-04-12 09:40:00,1.92007,1.9205,1.91993,1.92008,598,8,0
2024-04-12 09:45:00,1.92008,1.92073,1.92008,1.92045,754,8,0
2024-04-12 09:50:00,1.9204599999999998,1.92058,1.92008,1.92055,550,8,0
2024-04-12 09:55:00,1.92055,1.9212500000000001,1.92049,1.9211399999999998,748,8,0
2024-04-12 10:00:00,1.9211399999999998,1.92131,1.9206400000000001,1.92081,919,8,0
2024-04-12 10:05:00,1.92081,1.9210500000000001,1.92021,1.92063,735,8,0
2024-04-12 10:10:00,1.92063,1.9207800000000002,1.9202599999999999,1.9204599999999998,574,8,0
2024-04-12 10:15:00,1.9204599999999998,1.92073,1.9203000000000001,1.9205,767,8,0
2024-04-12 10:20:00,1.9205,1.92079,1.9203000000000001,1.92073,870,8,0
2024-04-12 10:25:00,1.92073,1.92143,1.92059,1.9213200000000001,431,8,0
2024-04-12 10:30:00,1.92131,1.92239,1.92123,1.92229,631,8,0
2024-04-12 10:35:00,1.92229,1.9227400000000001,1.92219,1.9224,512,8,0
2024-04-12 10:40:00,1.9224,1.92253,1.92179,1.92192,665,8,0
2024-04-12 10:45:00,1.9219300000000001,1.9223,1.92181,1.92188,950,8,0
2024-04-12 10:50:00,1.92187,1.92217,1.9212099999999999,1.9212099999999999,1031,8,0
2024-04-12 10:55:00,1.92119,1.92129,1.92065,1.921,1007,8,0
2024-04-12 11:00:00,1.921,1.92103,1.9201000000000001,1.92016,1067,8,0
2024-04-12 11:05:00,1.92016,1.92036,1.91954,1.9197600000000001,999,8,0
2024-04-12 11:10:00,1.9197600000000001,1.92032,1.9196,1.92032,820,8,0
2024-04-12 11:15:00,1.92032,1.9209800000000001,1.92029,1.9205,777,8,0
2024-04-12 11:20:00,1.9205,1.9210099999999999,1.92049,1.9206400000000001,906,8,0
2024-04-12 11:25:00,1.9206400000000001,1.92092,1.92054,1.92079,884,8,0
2024-04-12 11:30:00,1.92079,1.92116,1.92068,1.92097,770,8,0
2024-04-12 11:35:00,1.92095,1.921,1.9204599999999998,1.92069,709,8,0
2024-04-12 11:40:00,1.92069,1.92079,1.9202,1.92027,692,8,0
2024-04-12 11:45:00,1.9202599999999999,1.92062,1.91991,1.92014,602,8,0
2024-04-12 11:50:00,1.92014,1.92041,1.91998,1.9201700000000002,698,8,0
2024-04-12 11:55:00,1.9201700000000002,1.92069,1.91988,1.92049,749,8,0
2024-04-12 12:00:00,1.9205,1.92058,1.92007,1.9205299999999998,1072,8,0
2024-04-12 12:05:00,1.92052,1.92126,1.9202,1.92119,1046,8,0
2024-04-12 12:10:00,1.92118,1.92197,1.9210500000000001,1.9216600000000001,1090,8,0
2024-04-12 12:15:00,1.9216600000000001,1.92228,1.92156,1.92217,894,8,0
2024-04-12 12:20:00,1.9221599999999999,1.92244,1.92201,1.92211,1069,8,0
2024-04-12 12:25:00,1.92211,1.92305,1.9220199999999998,1.9230399999999999,906,8,0
2024-04-12 12:30:00,1.9230399999999999,1.9232200000000002,1.92199,1.92203,952,8,0
2024-04-12 12:35:00,1.92203,1.9232,1.92172,1.92314,1682,8,0
2024-04-12 12:40:00,1.92313,1.92351,1.92225,1.9223599999999998,1767,8,0
2024-04-12 12:45:00,1.9223599999999998,1.9226999999999999,1.92198,1.92267,1412,8,0
2024-04-12 12:50:00,1.92268,1.9231500000000001,1.9222000000000001,1.9226299999999998,1633,8,0
2024-04-12 12:55:00,1.9226299999999998,1.92312,1.9223400000000002,1.92298,1617,8,0
2024-04-12 13:00:00,1.92298,1.92355,1.92275,1.92355,1895,8,0
2024-04-12 13:05:00,1.92361,1.9237600000000001,1.92269,1.9226999999999999,1654,8,0
2024-04-12 13:10:00,1.92271,1.92375,1.92267,1.9234499999999999,1621,8,0
2024-04-12 13:15:00,1.92348,1.92371,1.92332,1.92355,1405,8,0
2024-04-12 13:20:00,1.92355,1.92382,1.92333,1.92379,1503,8,0
2024-04-12 13:25:00,1.92375,1.92442,1.92348,1.92398,1485,8,0
2024-04-12 13:30:00,1.92401,1.9244599999999998,1.92386,1.92441,2070,8,0
2024-04-12 13:35:00,1.92443,1.925,1.92429,1.92484,1862,8,0
2024-04-12 13:40:00,1.92484,1.92492,1.9240599999999999,1.92421,1711,8,0
2024-04-12 13:45:00,1.92421,1.9245100000000002,1.9239000000000002,1.92407,1775,8,0
2024-04-12 13:50:00,1.92409,1.92443,1.92388,1.92412,1978,8,0
2024-04-12 13:55:00,1.92412,1.9243000000000001,1.92371,1.92388,1219,8,0
2024-04-12 14:00:00,1.92379,1.9249800000000001,1.9235,1.924,2150,8,0
2024-04-12 14:05:00,1.92401,1.92434,1.9234900000000001,1.9241899999999998,2085,8,0
2024-04-12 14:10:00,1.9241899999999998,1.92427,1.92306,1.92307,1816,8,0
2024-04-12 14:15:00,1.9230800000000001,1.92394,1.92233,1.92267,1838,8,0
2024-04-12 14:20:00,1.92269,1.92289,1.92196,1.92208,1697,8,0
2024-04-12 14:25:00,1.9221,1.9228800000000001,1.9217300000000002,1.9223400000000002,1585,8,0
2024-04-12 14:30:00,1.92231,1.92238,1.9212,1.92137,1736,8,0
2024-04-12 14:35:00,1.92136,1.92222,1.9212099999999999,1.9221599999999999,1491,8,0
2024-04-12 14:40:00,1.9221599999999999,1.92262,1.92177,1.9222700000000001,1393,8,0
2024-04-12 14:45:00,1.9222700000000001,1.9224,1.9216600000000001,1.92188,1515,8,0
2024-04-12 14:50:00,1.92188,1.92198,1.92134,1.92167,1531,8,0
2024-04-12 14:55:00,1.92168,1.92222,1.9213200000000001,1.92184,1863,8,0
2024-04-12 15:00:00,1.92185,1.92228,1.92157,1.92183,1563,8,0
2024-04-12 15:05:00,1.9218199999999999,1.9229,1.92168,1.92244,1542,8,0
2024-04-12 15:10:00,1.92244,1.9231099999999999,1.9224,1.92306,1583,8,0
2024-04-12 15:15:00,1.92306,1.9233099999999999,1.9226100000000002,1.92267,1731,8,0
2024-04-12 15:20:00,1.92268,1.9233,1.92264,1.9230399999999999,1261,8,0
2024-04-12 15:25:00,1.92302,1.9232399999999998,1.92229,1.92272,1417,8,0
2024-04-12 15:30:00,1.92272,1.92363,1.9225400000000001,1.92256,1768,8,0
2024-04-12 15:35:00,1.92256,1.92278,1.92211,1.9226999999999999,1609,8,0
2024-04-12 15:40:00,1.9226999999999999,1.9235,1.92265,1.92333,1423,8,0
2024-04-12 15:45:00,1.92333,1.92347,1.92301,1.9231099999999999,1078,8,0
2024-04-12 15:50:00,1.9231099999999999,1.9238300000000002,1.92307,1.92355,1118,8,0
2024-04-12 15:55:00,1.9235600000000002,1.92367,1.9231099999999999,1.92317,976,8,0
2024-04-12 16:00:00,1.92317,1.92326,1.9228100000000001,1.92325,925,8,0
2024-04-12 16:05:00,1.92325,1.92346,1.92283,1.9234200000000001,1021,8,0
2024-04-12 16:10:00,1.9234200000000001,1.92382,1.9232399999999998,1.92348,1041,8,0
2024-04-12 16:15:00,1.92348,1.92416,1.9234,1.92408,1171,8,0
2024-04-12 16:20:00,1.92408,1.92438,1.92381,1.92422,959,8,0
2024-04-12 16:25:00,1.92422,1.9246400000000001,1.9239600000000001,1.92456,1157,8,0
2024-04-12 16:30:00,1.92456,1.92496,1.92448,1.9246400000000001,1213,8,0
2024-04-12 16:35:00,1.92463,1.9252799999999999,1.92459,1.9251399999999999,938,8,0
2024-04-12 16:40:00,1.92515,1.92561,1.92513,1.92544,895,8,0
2024-04-12 16:45:00,1.92544,1.92607,1.92535,1.92605,1045,8,0
2024-04-12 16:50:00,1.92606,1.92626,1.9256,1.9261599999999999,1104,8,0
2024-04-12 16:55:00,1.9261599999999999,1.92642,1.92595,1.92619,1085,8,0
2024-04-12 17:00:00,1.9261599999999999,1.9268100000000001,1.9261300000000001,1.9268100000000001,1124,8,0
2024-04-12 17:05:00,1.9268100000000001,1.92754,1.9268100000000001,1.9274,1034,8,0
2024-04-12 17:10:00,1.9274,1.9276200000000001,1.92713,1.9276,1259,8,0
2024-04-12 17:15:00,1.92759,1.9276,1.9268999999999998,1.92729,1061,8,0
2024-04-12 17:20:00,1.92729,1.92755,1.92712,1.9274900000000001,1126,8,0
2024-04-12 17:25:00,1.92748,1.92757,1.92706,1.92717,1258,8,0
2024-04-12 17:30:00,1.92717,1.9273099999999999,1.9268399999999999,1.92705,885,8,0
2024-04-12 17:35:00,1.92705,1.92736,1.92696,1.9270100000000001,994,8,0
2024-04-12 17:40:00,1.9270100000000001,1.92726,1.92679,1.92725,999,8,0
2024-04-12 17:45:00,1.92725,1.92727,1.92625,1.9266299999999998,932,8,0
2024-04-12 17:50:00,1.92662,1.92683,1.92618,1.92648,1389,8,0
2024-04-12 17:55:00,1.92648,1.92656,1.92595,1.9263400000000002,945,8,0
2024-04-12 18:00:00,1.9263400000000002,1.9271500000000001,1.9263400000000002,1.92706,932,8,0
2024-04-12 18:05:00,1.92707,1.92714,1.9265400000000001,1.92666,1436,8,0
2024-04-12 18:10:00,1.92666,1.92692,1.92652,1.92679,1068,8,0
2024-04-12 18:15:00,1.92678,1.9269500000000002,1.92668,1.92689,1017,8,0
2024-04-12 18:20:00,1.92689,1.92725,1.9268100000000001,1.92723,923,8,0
2024-04-12 18:25:00,1.92723,1.92773,1.9272200000000002,1.92763,1182,8,0
2024-04-12 18:30:00,1.92763,1.92801,1.92753,1.92775,1234,8,0
2024-04-12 18:35:00,1.92774,1.9278499999999998,1.92755,1.92766,1055,8,0
2024-04-12 18:40:00,1.9276499999999999,1.92774,1.92734,1.92759,1047,8,0
2024-04-12 18:45:00,1.92759,1.9276900000000001,1.92732,1.92759,876,8,0
2024-04-12 18:50:00,1.9276,1.9276200000000001,1.9272200000000002,1.9274200000000001,778,8,0
2024-04-12 18:55:00,1.9274200000000001,1.92759,1.92719,1.92725,1111,8,0
2024-04-12 19:00:00,1.92723,1.92741,1.9271500000000001,1.92723,969,8,0
2024-04-12 19:05:00,1.92723,1.92748,1.9268399999999999,1.92689,949,8,0
2024-04-12 19:10:00,1.92689,1.92707,1.9268399999999999,1.9270399999999999,952,8,0
2024-04-12 19:15:00,1.9270399999999999,1.92743,1.92698,1.9272200000000002,985,8,0
2024-04-12 19:20:00,1.92723,1.92726,1.92667,1.9268,973,8,0
2024-04-12 19:25:00,1.9268,1.9271099999999999,1.92669,1.92706,894,8,0
2024-04-12 19:30:00,1.92706,1.92712,1.9266999999999999,1.92692,835,8,0
2024-04-12 19:35:00,1.92692,1.92717,1.92678,1.92713,553,8,0
2024-04-12 19:40:00,1.92713,1.92714,1.9266299999999998,1.92693,699,8,0
2024-04-12 19:45:00,1.92693,1.92713,1.92687,1.92712,666,8,0
2024-04-12 19:50:00,1.92712,1.9272200000000002,1.92689,1.92698,805,8,0
2024-04-12 19:55:00,1.92698,1.9270800000000001,1.9267400000000001,1.9269500000000002,661,8,0
2024-04-12 20:00:00,1.9269500000000002,1.92726,1.92685,1.92717,570,8,0
2024-04-12 20:05:00,1.92717,1.9272399999999998,1.92696,1.927,310,8,0
2024-04-12 20:10:00,1.9270100000000001,1.92717,1.92691,1.92698,430,8,0
2024-04-12 20:15:00,1.92698,1.9271099999999999,1.92686,1.9268999999999998,332,8,0
2024-04-12 20:20:00,1.9268999999999998,1.92716,1.9268999999999998,1.9271,182,8,0
2024-04-12 20:25:00,1.9271,1.92716,1.92673,1.92678,289,8,0
2024-04-12 20:30:00,1.92678,1.92686,1.9266,1.9267400000000001,159,8,0
2024-04-12 20:35:00,1.9267400000000001,1.92682,1.92665,1.9267400000000001,105,8,0
2024-04-12 20:40:00,1.9267400000000001,1.92683,1.92665,1.92669,132,8,0
2024-04-12 20:45:00,1.92669,1.9266999999999999,1.9261,1.9263,368,8,0
2024-04-12 20:50:00,1.9263,1.92662,1.92606,1.92651,199,8,0
2024-04-14 21:05:00,1.92276,1.92563,1.92108,1.92205,83,174,0
2024-04-14 21:10:00,1.92205,1.92336,1.92192,1.92317,25,218,0
2024-04-14 21:15:00,1.92307,1.92354,1.92307,1.92326,15,212,0
2024-04-14 21:20:00,1.92326,1.9234,1.92326,1.9232900000000002,7,217,0
2024-04-14 21:25:00,1.9232900000000002,1.92347,1.92267,1.9229,32,226,0
2024-04-14 21:30:00,1.92303,1.92393,1.9229,1.92393,53,157,0
2024-04-14 21:35:00,1.92393,1.9244400000000002,1.9230800000000001,1.9233099999999999,91,92,0
2024-04-14 21:40:00,1.9233099999999999,1.92571,1.92326,1.92448,246,71,0
2024-04-14 21:45:00,1.9245299999999999,1.92463,1.9240300000000001,1.92412,177,92,0
2024-04-14 21:50:00,1.92412,1.9252,1.9239600000000001,1.92468,179,90,0
2024-04-14 21:55:00,1.92476,1.92492,1.92428,1.92486,146,85,0
2024-04-14 22:00:00,1.92485,1.9261,1.92397,1.92603,887,14,0
2024-04-14 22:05:00,1.9260199999999998,1.9261300000000001,1.92502,1.92517,469,8,0
2024-04-14 22:10:00,1.92515,1.92558,1.9249,1.9252500000000001,405,8,0
2024-04-14 22:15:00,1.92524,1.9257900000000001,1.92524,1.92572,176,8,0
2024-04-14 22:20:00,1.9257,1.92587,1.92497,1.9252,353,8,0
2024-04-14 22:25:00,1.92519,1.9253200000000001,1.92469,1.92473,350,8,0
2024-04-14 22:30:00,1.92474,1.92493,1.92445,1.92463,361,8,0
2024-04-14 22:35:00,1.9246400000000001,1.92504,1.9246400000000001,1.92503,247,8,0
2024-04-14 22:40:00,1.92503,1.9251200000000002,1.92463,1.92481,358,8,0
2024-04-14 22:45:00,1.9247999999999998,1.92496,1.92455,1.92481,243,8,0
2024-04-14 22:50:00,1.92481,1.92503,1.9245700000000001,1.92497,310,8,0
2024-04-14 22:55:00,1.9249800000000001,1.9251800000000001,1.92434,1.9245,230,8,0
2024-04-14 23:00:00,1.92449,1.92506,1.92442,1.9250500000000001,396,8,0
2024-04-14 23:05:00,1.92506,1.92522,1.92463,1.9247100000000001,378,8,0
2024-04-14 23:10:00,1.9247100000000001,1.9249100000000001,1.92438,1.92452,685,8,0
2024-04-14 23:15:00,1.9245299999999999,1.9246400000000001,1.92413,1.92441,698,8,0
2024-04-14 23:20:00,1.92441,1.9245999999999999,1.9241700000000002,1.92421,433,8,0
2024-04-14 23:25:00,1.92421,1.9243700000000001,1.9239199999999999,1.9239199999999999,331,8,0
2024-04-14 23:30:00,1.9239199999999999,1.92405,1.9237600000000001,1.92391,305,8,0
2024-04-14 23:35:00,1.9239199999999999,1.92402,1.92355,1.9239000000000002,326,8,0
2024-04-14 23:40:00,1.9239000000000002,1.92405,1.92354,1.92361,385,8,0
2024-04-14 23:45:00,1.9236,1.92382,1.92336,1.9236,370,8,0
2024-04-14 23:50:00,1.92361,1.92452,1.9235799999999998,1.92429,441,8,0
2024-04-14 23:55:00,1.92428,1.9244599999999998,1.92391,1.92438,468,8,0
2024-04-15 00:00:00,1.92435,1.92438,1.9236499999999999,1.92405,1178,8,0
2024-04-15 00:05:00,1.92404,1.9241000000000001,1.9229,1.92291,964,8,0
2024-04-15 00:10:00,1.92291,1.92346,1.92276,1.92337,874,8,0
2024-04-15 00:15:00,1.9233799999999999,1.92423,1.9233799999999999,1.92412,835,8,0
2024-04-15 00:20:00,1.92414,1.92432,1.9234900000000001,1.92351,900,8,0
2024-04-15 00:25:00,1.92352,1.92373,1.9232200000000002,1.92337,898,8,0
2024-04-15 00:30:00,1.92336,1.92387,1.92321,1.92326,889,8,0
2024-04-15 00:35:00,1.92327,1.92368,1.9230800000000001,1.92347,767,8,0
2024-04-15 00:40:00,1.92348,1.92355,1.92276,1.92351,578,8,0
2024-04-15 00:45:00,1.92353,1.92402,1.92348,1.92402,589,8,0
2024-04-15 00:50:00,1.92401,1.9243299999999999,1.92377,1.924,769,8,0
2024-04-15 00:55:00,1.92402,1.92472,1.9239199999999999,1.92436,865,8,0
2024-04-15 01:00:00,1.9243700000000001,1.9244400000000002,1.92346,1.92352,971,8,0
2024-04-15 01:05:00,1.92352,1.92459,1.9234200000000001,1.92455,924,8,0
2024-04-15 01:10:00,1.9245700000000001,1.92564,1.9245700000000001,1.9255200000000001,1106,8,0
2024-04-15 01:15:00,1.9255200000000001,1.92607,1.9246400000000001,1.92482,1834,8,0
2024-04-15 01:20:00,1.92481,1.9250699999999998,1.92371,1.9238499999999998,1289,8,0
2024-04-15 01:25:00,1.92387,1.92425,1.92367,1.92393,944,8,0
2024-04-15 01:30:00,1.92395,1.9240599999999999,1.92296,1.9232,1370,8,0
2024-04-15 01:35:00,1.92318,1.92362,1.9230399999999999,1.92337,1119,8,0
2024-04-15 01:40:00,1.9233799999999999,1.92388,1.92312,1.9236900000000001,928,8,0
2024-04-15 01:45:00,1.9236900000000001,1.9245100000000002,1.92354,1.9241700000000002,904,8,0
2024-04-15 01:50:00,1.92416,1.92422,1.9228800000000001,1.92313,758,8,0
2024-04-15 01:55:00,1.9231099999999999,1.9234200000000001,1.9228800000000001,1.92332,752,8,0
2024-04-15 02:00:00,1.92333,1.92339,1.9223400000000002,1.92252,1225,8,0
2024-04-15 02:05:00,1.92252,1.92319,1.92233,1.9228399999999999,843,8,0
2024-04-15 02:10:00,1.92287,1.92312,1.92219,1.92239,1092,8,0
2024-04-15 02:15:00,1.92238,1.9227400000000001,1.92208,1.92252,873,8,0
2024-04-15 02:20:00,1.92252,1.9234499999999999,1.92237,1.92305,689,8,0
2024-04-15 02:25:00,1.92305,1.9233500000000001,1.92282,1.92293,751,8,0
2024-04-15 02:30:00,1.92292,1.9238300000000002,1.9228100000000001,1.9235600000000002,854,8,0
2024-04-15 02:35:00,1.9235799999999998,1.9238499999999998,1.92299,1.9230800000000001,670,8,0
2024-04-15 02:40:00,1.92307,1.92386,1.92306,1.92364,784,8,0
2024-04-15 02:45:00,1.9236499999999999,1.92394,1.9231500000000001,1.9232200000000002,821,8,0
2024-04-15 02:50:00,1.92323,1.9237,1.92313,1.9233500000000001,779,8,0
2024-04-15 02:55:00,1.92334,1.92346,1.92294,1.9229500000000002,752,8,0
2024-04-15 03:00:00,1.92293,1.9237,1.9227400000000001,1.92319,667,8,0
2024-04-15 03:05:00,1.9232,1.92328,1.92262,1.9229500000000002,663,8,0
2024-04-15 03:10:00,1.92296,1.92318,1.9228,1.92303,715,8,0
2024-04-15 03:15:00,1.92302,1.9233,1.92286,1.9232,602,8,0
2024-04-15 03:20:00,1.92319,1.9233799999999999,1.92289,1.92296,639,8,0
2024-04-15 03:25:00,1.9229699999999998,1.92307,1.92246,1.9224999999999999,684,8,0
2024-04-15 03:30:00,1.92251,1.92256,1.92151,1.92151,598,8,0
2024-04-15 03:35:00,1.9215,1.92151,1.92115,1.92124,683,8,0
2024-04-15 03:40:00,1.92124,1.9217300000000002,1.9210500000000001,1.92111,372,8,0
2024-04-15 03:45:00,1.9211200000000002,1.92126,1.9209,1.92122,398,8,0
2024-04-15 03:50:00,1.92122,1.9215200000000001,1.92108,1.92145,398,8,0
2024-04-15 03:55:00,1.92144,1.92201,1.92133,1.9215499999999999,445,8,0
2024-04-15 04:00:00,1.92149,1.92179,1.92131,1.92169,381,8,0
2024-04-15 04:05:00,1.92169,1.92176,1.92086,1.92107,358,8,0
2024-04-15 04:10:00,1.9210500000000001,1.9214099999999998,1.92092,1.92126,256,8,0
2024-04-15 04:15:00,1.92126,1.9216600000000001,1.9212500000000001,1.92142,421,8,0
2024-04-15 04:20:00,1.92145,1.92177,1.92138,1.9216199999999999,377,8,0
2024-04-15 04:25:00,1.9216199999999999,1.92191,1.92143,1.9218199999999999,478,8,0
2024-04-15 04:30:00,1.92187,1.92199,1.9215200000000001,1.92183,436,8,0
2024-04-15 04:35:00,1.9218199999999999,1.92191,1.92123,1.92129,457,8,0
2024-04-15 04:40:00,1.9212799999999999,1.92171,1.92126,1.92146,419,8,0
2024-04-15 04:45:00,1.92145,1.92164,1.92126,1.92149,422,8,0
2024-04-15 04:50:00,1.9215,1.92174,1.92099,1.92116,471,8,0
2024-04-15 04:55:00,1.92117,1.92143,1.92084,1.92097,557,8,0
2024-04-15 05:00:00,1.9209800000000001,1.92143,1.92097,1.92115,659,8,0
2024-04-15 05:05:00,1.92117,1.92136,1.92086,1.92107,760,8,0
2024-04-15 05:10:00,1.92108,1.92136,1.9209399999999999,1.9213200000000001,603,8,0
2024-04-15 05:15:00,1.92133,1.92157,1.92108,1.92149,560,8,0
2024-04-15 05:20:00,1.9214799999999999,1.92169,1.92135,1.9213900000000002,523,8,0
2024-04-15 05:25:00,1.9214,1.9220000000000002,1.92104,1.92108,681,8,0
2024-04-15 05:30:00,1.92107,1.92167,1.9209399999999999,1.92124,734,8,0
2024-04-15 05:35:00,1.92127,1.9215200000000001,1.9207999999999998,1.9209100000000001,660,8,0
2024-04-15 05:40:00,1.92092,1.92126,1.92088,1.92123,626,8,0
2024-04-15 05:45:00,1.92119,1.92127,1.92029,1.92059,633,8,0
2024-04-15 05:50:00,1.9205999999999999,1.92104,1.92041,1.92086,713,8,0
2024-04-15 05:55:00,1.92083,1.92092,1.9201899999999998,1.92088,648,8,0
2024-04-15 06:00:00,1.92089,1.9215,1.92089,1.92126,1034,8,0
2024-04-15 06:05:00,1.9212799999999999,1.92177,1.92126,1.92127,1058,8,0
2024-04-15 06:10:00,1.92133,1.92164,1.92111,1.92157,807,8,0
2024-04-15 06:15:00,1.9216,1.9219300000000001,1.92131,1.92147,827,8,0
2024-04-15 06:20:00,1.92147,1.9226100000000002,1.92147,1.92246,784,8,0
2024-04-15 06:25:00,1.92245,1.92255,1.92142,1.92161,909,8,0
2024-04-15 06:30:00,1.9215900000000001,1.92201,1.9213200000000001,1.9214799999999999,1050,8,0
2024-04-15 06:35:00,1.92149,1.92174,1.92106,1.9213,985,8,0
2024-04-15 06:40:00,1.9212799999999999,1.92235,1.92123,1.92205,966,8,0
2024-04-15 06:45:00,1.92206,1.92279,1.92205,1.92272,937,8,0
2024-04-15 06:50:00,1.92271,1.9234900000000001,1.9224700000000001,1.92347,868,8,0
2024-04-15 06:55:00,1.92352,1.9239600000000001,1.9234,1.92373,1029,8,0
2024-04-15 07:00:00,1.9236900000000001,1.9239199999999999,1.92319,1.92364,1275,8,0
2024-04-15 07:05:00,1.92363,1.924,1.92321,1.92347,1073,8,0
2024-04-15 07:10:00,1.92346,1.92397,1.92309,1.92386,1092,8,0
2024-04-15 07:15:00,1.92387,1.9241000000000001,1.92328,1.92355,1031,8,0
2024-04-15 07:20:00,1.9235600000000002,1.9241000000000001,1.9234200000000001,1.9239899999999999,1065,8,0
2024-04-15 07:25:00,1.924,1.9241000000000001,1.92346,1.9240300000000001,916,8,0
2024-04-15 07:30:00,1.92405,1.92438,1.9237199999999999,1.92378,1060,8,0
2024-04-15 07:35:00,1.9237600000000001,1.92441,1.9237,1.92398,860,8,0
2024-04-15 07:40:00,1.92395,1.92405,1.92362,1.92387,1006,8,0
2024-04-15 07:45:00,1.92386,1.9244599999999998,1.92367,1.92422,1009,8,0
2024-04-15 07:50:00,1.92421,1.92431,1.9233500000000001,1.9235,1026,8,0
2024-04-15 07:55:00,1.92352,1.92418,1.9233500000000001,1.924,1098,8,0
2024-04-15 08:00:00,1.92402,1.9249100000000001,1.924,1.92486,1174,8,0
2024-04-15 08:05:00,1.9248699999999999,1.92524,1.92462,1.92516,1123,8,0
2024-04-15 08:10:00,1.9251200000000002,1.92517,1.92412,1.92412,1332,8,0
2024-04-15 08:15:00,1.92411,1.92436,1.9240300000000001,1.92416,1073,8,0
2024-04-15 08:20:00,1.9241700000000002,1.92519,1.9241700000000002,1.92503,831,8,0
2024-04-15 08:25:00,1.92502,1.9254,1.92497,1.9252099999999999,1017,8,0
2024-04-15 08:30:00,1.92524,1.9255200000000001,1.9251,1.92536,1007,8,0
2024-04-15 08:35:00,1.92538,1.92545,1.92461,1.925,1041,8,0
2024-04-15 08:40:00,1.92502,1.9253900000000002,1.9249399999999999,1.9252799999999999,788,8,0
2024-04-15 08:45:00,1.9252799999999999,1.9256799999999998,1.92513,1.9255,896,8,0
2024-04-15 08:50:00,1.9255200000000001,1.92596,1.9255200000000001,1.92577,1119,8,0
2024-04-15 08:55:00,1.92576,1.9260899999999999,1.92545,1.9255,619,8,0
2024-04-15 09:00:00,1.92549,1.92598,1.92545,1.92578,768,8,0
2024-04-15 09:05:00,1.92576,1.92628,1.92569,1.9261,707,8,0
2024-04-15 09:10:00,1.9260899999999999,1.92615,1.92563,1.9258899999999999,921,8,0
2024-04-15 09:15:00,1.9258199999999999,1.9259300000000001,1.92542,1.92567,872,8,0
2024-04-15 09:20:00,1.9256799999999998,1.92633,1.9256,1.9261,918,8,0
2024-04-15 09:25:00,1.9260899999999999,1.9263599999999999,1.9258899999999999,1.92624,989,8,0
2024-04-15 09:30:00,1.92625,1.92633,1.92564,1.92607,871,8,0
2024-04-15 09:35:00,1.92608,1.92655,1.92576,1.92576,883,8,0
2024-04-15 09:40:00,1.9257499999999999,1.92675,1.9257,1.92658,722,8,0
2024-04-15 09:45:00,1.92657,1.9270100000000001,1.92648,1.92672,687,8,0
2024-04-15 09:50:00,1.9266999999999999,1.92686,1.92587,1.9264000000000001,792,8,0
2024-04-15 09:55:00,1.92639,1.92642,1.92567,1.92572,907,8,0
2024-04-15 10:00:00,1.9257300000000002,1.9258,1.92531,1.92549,860,8,0
2024-04-15 10:05:00,1.92547,1.92577,1.92502,1.9256,767,8,0
2024-04-15 10:10:00,1.9256,1.92588,1.92553,1.92588,535,8,0
2024-04-15 10:15:00,1.9258899999999999,1.92637,1.92578,1.9262299999999999,573,8,0
2024-04-15 10:20:00,1.9262299999999999,1.9264299999999999,1.9258600000000001,1.92641,693,8,0
2024-04-15 10:25:00,1.9264000000000001,1.92666,1.92619,1.92626,649,8,0
2024-04-15 10:30:00,1.9262899999999998,1.92633,1.92585,1.92625,641,8,0
2024-04-15 10:35:00,1.92626,1.92678,1.92626,1.92678,612,8,0
2024-04-15 10:40:00,1.9267699999999999,1.92689,1.9262000000000001,1.92655,780,8,0
2024-04-15 10:45:00,1.92653,1.92687,1.92622,1.92664,718,8,0
2024-04-15 10:50:00,1.92665,1.9270100000000001,1.92653,1.92692,758,8,0
2024-04-15 10:55:00,1.92693,1.9271500000000001,1.92672,1.92679,886,8,0
2024-04-15 11:00:00,1.92678,1.92706,1.92662,1.92683,860,8,0
2024-04-15 11:05:00,1.92683,1.92698,1.92641,1.92652,811,8,0
2024-04-15 11:10:00,1.9264999999999999,1.92668,1.9262299999999999,1.92644,852,8,0
2024-04-15 11:15:00,1.9264299999999999,1.92664,1.92618,1.92644,717,8,0
2024-04-15 11:20:00,1.9264299999999999,1.9265400000000001,1.9260199999999998,1.92608,852,8,0
2024-04-15 11:25:00,1.92607,1.9261300000000001,1.92572,1.92572,969,8,0
2024-04-15 11:30:00,1.92574,1.92595,1.92556,1.9258,783,8,0
2024-04-15 11:35:00,1.92581,1.92615,1.92565,1.92576,796,8,0
2024-04-15 11:40:00,1.92577,1.9261,1.92561,1.92564,666,8,0
2024-04-15 11:45:00,1.92564,1.92585,1.9252500000000001,1.92549,899,8,0
2024-04-15 11:50:00,1.92551,1.92563,1.92509,1.92511,752,8,0
2024-04-15 11:55:00,1.9251200000000002,1.9251200000000002,1.92477,1.92477,735,8,0
2024-04-15 12:00:00,1.92479,1.92506,1.9246400000000001,1.92483,1122,8,0
2024-04-15 12:05:00,1.92483,1.9251399999999999,1.92466,1.9250500000000001,691,8,0
2024-04-15 12:10:00,1.92506,1.9254099999999998,1.92503,1.9251399999999999,738,8,0
2024-04-15 12:15:00,1.92515,1.9254099999999998,1.92503,1.92523,740,8,0
2024-04-15 12:20:00,1.92522,1.9256,1.92481,1.92515,769,8,0
2024-04-15 12:25:00,1.9251200000000002,1.92584,1.9250099999999999,1.92524,679,8,0
2024-04-15 12:30:00,1.92583,1.92723,1.9250099999999999,1.92594,2413,8,0
2024-04-15 12:35:00,1.92603,1.92617,1.9251,1.92574,2257,8,0
2024-04-15 12:40:00,1.92576,1.92601,1.9251200000000002,1.9256199999999999,2201,8,0
2024-04-15 12:45:00,1.9256600000000001,1.9257900000000001,1.92488,1.9249,1825,8,0
2024-04-15 12:50:00,1.92489,1.92549,1.92489,1.92519,1744,8,0
2024-04-15 12:55:00,1.9252,1.92607,1.92511,1.92584,1571,8,0
2024-04-15 13:00:00,1.92581,1.92666,1.92536,1.92662,1811,8,0
2024-04-15 13:05:00,1.92658,1.9271,1.92597,1.92671,1507,8,0
2024-04-15 13:10:00,1.92673,1.92685,1.92606,1.92626,1409,8,0
2024-04-15 13:15:00,1.9262700000000001,1.92741,1.92624,1.92714,1230,8,0
2024-04-15 13:20:00,1.92712,1.9275799999999998,1.92686,1.9274499999999999,1032,8,0
2024-04-15 13:25:00,1.92746,1.92757,1.92679,1.9272399999999998,935,8,0
2024-04-15 13:30:00,1.92723,1.92774,1.9272200000000002,1.92755,1578,8,0
2024-04-15 13:35:00,1.92754,1.9280599999999999,1.9274,1.9279899999999999,1315,8,0
2024-04-15 13:40:00,1.928,1.92876,1.92778,1.92866,1531,8,0
2024-04-15 13:45:00,1.9286400000000001,1.92897,1.9284,1.92886,1468,8,0
2024-04-15 13:50:00,1.9288699999999999,1.92927,1.92843,1.9292500000000001,1320,8,0
2024-04-15 13:55:00,1.92927,1.92943,1.9288699999999999,1.9290500000000002,933,8,0
2024-04-15 14:00:00,1.92904,1.92912,1.92848,1.92879,1381,8,0
2024-04-15 14:05:00,1.9287800000000002,1.9296600000000002,1.9287100000000001,1.92927,1223,8,0
2024-04-15 14:10:00,1.92927,1.92981,1.9291,1.92963,1863,8,0
2024-04-15 14:15:00,1.92962,1.92977,1.92838,1.92849,1407,8,0
2024-04-15 14:20:00,1.92849,1.92902,1.9282599999999999,1.9285999999999999,1412,8,0
2024-04-15 14:25:00,1.92859,1.92917,1.92847,1.92896,1328,8,0
2024-04-15 14:30:00,1.92893,1.92893,1.92815,1.9286400000000001,1579,8,0
2024-04-15 14:35:00,1.9286400000000001,1.9287800000000002,1.92721,1.92848,2389,8,0
2024-04-15 14:40:00,1.92847,1.92855,1.92744,1.92754,2276,8,0
2024-04-15 14:45:00,1.92755,1.92827,1.92755,1.9280599999999999,1757,8,0
2024-04-15 14:50:00,1.92805,1.92848,1.9278300000000002,1.9281700000000002,1719,8,0
2024-04-15 14:55:00,1.92818,1.92877,1.92764,1.9282,1677,8,0
2024-04-15 15:00:00,1.92823,1.9284,1.92773,1.92823,1654,8,0
2024-04-15 15:05:00,1.92822,1.92863,1.92809,1.92854,1263,8,0
2024-04-15 15:10:00,1.9285299999999999,1.9285700000000001,1.9277,1.92791,1209,8,0
2024-04-15 15:15:00,1.9279,1.92855,1.92788,1.92852,1031,8,0
2024-04-15 15:20:00,1.92851,1.92875,1.9281899999999998,1.92834,1313,8,0
2024-04-15 15:25:00,1.9283700000000001,1.92854,1.92798,1.9281899999999998,1074,8,0
2024-04-15 15:30:00,1.92818,1.9287100000000001,1.9281000000000001,1.92843,1322,8,0
2024-04-15 15:35:00,1.9284400000000002,1.9285,1.92775,1.92781,1306,8,0
2024-04-15 15:40:00,1.9278300000000002,1.92791,1.92747,1.9275600000000002,1087,8,0
2024-04-15 15:45:00,1.9275799999999998,1.9278,1.92737,1.9278,824,8,0
2024-04-15 15:50:00,1.9278300000000002,1.92788,1.9270399999999999,1.92713,723,8,0
2024-04-15 15:55:00,1.92714,1.92723,1.9268800000000001,1.92703,849,8,0
2024-04-15 16:00:00,1.92702,1.92726,1.92687,1.9268999999999998,691,8,0
2024-04-15 16:05:00,1.9268999999999998,1.92727,1.9267699999999999,1.9270399999999999,669,8,0
2024-04-15 16:10:00,1.92705,1.92728,1.9269699999999998,1.92719,717,8,0
2024-04-15 16:15:00,1.92718,1.92743,1.92706,1.92718,615,8,0
2024-04-15 16:20:00,1.92719,1.92774,1.9270800000000001,1.92764,891,8,0
2024-04-15 16:25:00,1.92764,1.92842,1.92763,1.92834,934,8,0
2024-04-15 16:30:00,1.92835,1.9285700000000001,1.92818,1.9283299999999999,1025,8,0
2024-04-15 16:35:00,1.92834,1.92877,1.92825,1.9285299999999999,884,8,0
2024-04-15 16:40:00,1.92852,1.92916,1.9282599999999999,1.92915,1034,8,0
2024-04-15 16:45:00,1.92916,1.92924,1.92886,1.92901,932,8,0
2024-04-15 16:50:00,1.92897,1.9290699999999998,1.92875,1.92888,833,8,0
2024-04-15 16:55:00,1.9289100000000001,1.9292099999999999,1.92877,1.92889,854,8,0
2024-04-15 17:00:00,1.92888,1.92927,1.9287999999999998,1.92927,991,8,0
2024-04-15 17:05:00,1.9292799999999999,1.92929,1.92872,1.92883,805,8,0
2024-04-15 17:10:00,1.92884,1.92937,1.92877,1.9292500000000001,946,8,0
2024-04-15 17:15:00,1.9292799999999999,1.92967,1.92916,1.92953,949,8,0
2024-04-15 17:20:00,1.9295200000000001,1.9297,1.9294099999999998,1.92951,1177,8,0
2024-04-15 17:25:00,1.9295200000000001,1.92983,1.92947,1.92965,1279,8,0
2024-04-15 17:30:00,1.92967,1.93032,1.92951,1.93005,1478,8,0
2024-04-15 17:35:00,1.93005,1.9303,1.9297499999999999,1.93028,1311,8,0
2024-04-15 17:40:00,1.9302899999999998,1.93035,1.92971,1.93023,1352,8,0
2024-04-15 17:45:00,1.93024,1.93058,1.92988,1.93058,1228,8,0
2024-04-15 17:50:00,1.93057,1.93072,1.93022,1.93041,1343,8,0
2024-04-15 17:55:00,1.93038,1.93059,1.93021,1.93032,1019,8,0
2024-04-15 18:00:00,1.93031,1.9306,1.9301300000000001,1.93045,1292,8,0
2024-04-15 18:05:00,1.93045,1.9305400000000001,1.93014,1.93025,1239,8,0
2024-04-15 18:10:00,1.93024,1.9306,1.93019,1.93056,1325,8,0
2024-04-15 18:15:00,1.93057,1.93076,1.9302700000000002,1.93034,1039,8,0
2024-04-15 18:20:00,1.93035,1.9309500000000002,1.9301300000000001,1.93078,948,8,0
2024-04-15 18:25:00,1.9308,1.93099,1.9304999999999999,1.9309500000000002,1032,8,0
2024-04-15 18:30:00,1.93096,1.9310800000000001,1.9302899999999998,1.93048,1021,8,0
2024-04-15 18:35:00,1.9304700000000001,1.93055,1.93004,1.9304700000000001,710,8,0
2024-04-15 18:40:00,1.93049,1.93076,1.93021,1.9306999999999999,701,8,0
2024-04-15 18:45:00,1.93071,1.9313799999999999,1.93045,1.93107,913,8,0
2024-04-15 18:50:00,1.93106,1.9317,1.93105,1.93145,816,8,0
2024-04-15 18:55:00,1.93146,1.93171,1.93128,1.93153,1101,8,0
2024-04-15 19:00:00,1.93152,1.93173,1.9311,1.93144,1065,8,0
2024-04-15 19:05:00,1.93145,1.93146,1.93116,1.9312200000000002,790,8,0
2024-04-15 19:10:00,1.93121,1.93152,1.93116,1.9314900000000002,1073,8,0
2024-04-15 19:15:00,1.93148,1.93181,1.93144,1.93154,952,8,0
2024-04-15 19:20:00,1.93153,1.93163,1.93092,1.9310100000000001,636,8,0
2024-04-15 19:25:00,1.93102,1.93163,1.93092,1.93157,717,8,0
2024-04-15 19:30:00,1.93157,1.9316900000000001,1.93126,1.93144,973,8,0
2024-04-15 19:35:00,1.93143,1.93155,1.9312200000000002,1.93145,723,8,0
2024-04-15 19:40:00,1.93145,1.93189,1.93139,1.93186,662,8,0
2024-04-15 19:45:00,1.9318499999999998,1.93194,1.9316,1.9316900000000001,877,8,0
2024-04-15 19:50:00,1.93168,1.93188,1.93152,1.93163,752,8,0
2024-04-15 19:55:00,1.9316499999999999,1.932,1.93157,1.93187,608,8,0
2024-04-15 20:00:00,1.93189,1.93197,1.93164,1.93191,335,8,0
2024-04-15 20:05:00,1.9319199999999999,1.93197,1.93164,1.93166,228,8,0
2024-04-15 20:10:00,1.9316499999999999,1.9318300000000002,1.9316499999999999,1.9318,158,8,0
2024-04-15 20:15:00,1.93181,1.9319899999999999,1.93175,1.93195,153,8,0
2024-04-15 20:20:00,1.93194,1.93194,1.93175,1.93194,191,8,0
2024-04-15 20:25:00,1.9319199999999999,1.93227,1.93191,1.9322300000000001,112,8,0
2024-04-15 20:30:00,1.93222,1.93251,1.93221,1.9324599999999998,169,8,0
2024-04-15 20:35:00,1.93248,1.9325,1.93228,1.9323000000000001,179,8,0
2024-04-15 20:40:00,1.9323000000000001,1.93245,1.93227,1.93239,188,8,0
2024-04-15 20:45:00,1.93238,1.93241,1.9319899999999999,1.93202,130,8,0
2024-04-15 20:50:00,1.93201,1.93213,1.93182,1.9318300000000002,247,8,0
2024-04-15 20:55:00,1.9318499999999998,1.93201,1.93106,1.93106,349,8,0
2024-04-15 21:00:00,1.92931,1.9302700000000002,1.92885,1.9301599999999999,28,402,0
2024-04-15 21:05:00,1.9301599999999999,1.93148,1.92947,1.93144,103,73,0
2024-04-15 21:10:00,1.93146,1.9315,1.93075,1.93134,96,72,0
2024-04-15 21:15:00,1.93105,1.9313500000000001,1.92997,1.93039,111,89,0
2024-04-15 21:20:00,1.93019,1.93056,1.92996,1.93042,46,135,0
2024-04-15 21:25:00,1.93035,1.93082,1.93003,1.93004,114,108,0
2024-04-15 21:30:00,1.93001,1.9314200000000001,1.92992,1.9308999999999998,117,48,0
2024-04-15 21:35:00,1.9308999999999998,1.9315099999999998,1.9308800000000002,1.93099,97,55,0
2024-04-15 21:40:00,1.93092,1.93171,1.93092,1.93126,137,22,0
2024-04-15 21:45:00,1.93134,1.93168,1.93112,1.93159,86,15,0
2024-04-15 21:50:00,1.93163,1.9317,1.9311500000000001,1.93144,115,15,0
2024-04-15 21:55:00,1.9314200000000001,1.9320599999999999,1.93126,1.93179,386,31,0
2024-04-15 22:00:00,1.93181,1.9319899999999999,1.93112,1.93184,163,8,0
2024-04-15 22:05:00,1.93184,1.9319,1.9317199999999999,1.9318,87,8,0
2024-04-15 22:10:00,1.9318,1.93202,1.93166,1.93168,196,8,0
2024-04-15 22:15:00,1.9316900000000001,1.93186,1.9316200000000001,1.93173,245,8,0
2024-04-15 22:20:00,1.93174,1.93189,1.9316900000000001,1.93189,201,8,0
2024-04-15 22:25:00,1.93188,1.93194,1.9317,1.9318499999999998,166,8,0
2024-04-15 22:30:00,1.93184,1.93202,1.93171,1.93184,227,8,0
2024-04-15 22:35:00,1.93182,1.93191,1.9317,1.9318499999999998,191,8,0
2024-04-15 22:40:00,1.93184,1.93204,1.93184,1.9319600000000001,208,8,0
2024-04-15 22:45:00,1.93197,1.93197,1.9317,1.93177,182,8,0
2024-04-15 22:50:00,1.9317600000000001,1.93182,1.93163,1.9316900000000001,188,8,0
2024-04-15 22:55:00,1.9316900000000001,1.932,1.9316499999999999,1.93184,219,8,0
2024-04-15 23:00:00,1.9318300000000002,1.93204,1.93166,1.9317600000000001,311,8,0
2024-04-15 23:05:00,1.9317600000000001,1.93208,1.9317600000000001,1.93198,197,8,0
2024-04-15 23:10:00,1.93197,1.9321899999999999,1.9319199999999999,1.9321199999999998,221,8,0
2024-04-15 23:15:00,1.9321000000000002,1.9324,1.93197,1.93224,353,8,0
2024-04-15 23:20:00,1.93224,1.9323000000000001,1.93205,1.93225,320,8,0
2024-04-15 23:25:00,1.93224,1.93228,1.93209,1.9322,244,8,0
2024-04-15 23:30:00,1.93222,1.93236,1.93202,1.93208,213,8,0
2024-04-15 23:35:00,1.9321000000000002,1.9321700000000002,1.93194,1.932,203,8,0
2024-04-15 23:40:00,1.932,1.9322300000000001,1.93193,1.93207,356,8,0
2024-04-15 23:45:00,1.93208,1.9323000000000001,1.9318300000000002,1.93191,357,8,0
2024-04-15 23:50:00,1.9319,1.9324,1.9317600000000001,1.9318499999999998,374,8,0
2024-04-15 23:55:00,1.93184,1.9321000000000002,1.9317,1.9321000000000002,390,8,0
2024-04-16 00:00:00,1.93208,1.9325999999999999,1.932,1.93222,1023,8,0
2024-04-16 00:05:00,1.9322300000000001,1.9325,1.93174,1.93245,827,8,0
2024-04-16 00:10:00,1.9324599999999998,1.9333200000000001,1.93234,1.9332799999999999,745,8,0
2024-04-16 00:15:00,1.93327,1.93327,1.93286,1.93295,641,8,0
2024-04-16 00:20:00,1.93297,1.93376,1.93295,1.9333900000000002,831,8,0
2024-04-16 00:25:00,1.93338,1.93357,1.93315,1.9333200000000001,662,8,0
2024-04-16 00:30:00,1.93331,1.93415,1.93322,1.9339300000000001,774,8,0
2024-04-16 00:35:00,1.93394,1.93452,1.93378,1.9344700000000001,886,8,0
2024-04-16 00:40:00,1.93446,1.9344700000000001,1.9338899999999999,1.93415,777,8,0
2024-04-16 00:45:00,1.93414,1.9349699999999999,1.93398,1.93494,756,8,0
2024-04-16 00:50:00,1.93491,1.93553,1.93491,1.93552,900,8,0
2024-04-16 00:55:00,1.9355099999999998,1.93597,1.93541,1.93593,728,8,0
2024-04-16 01:00:00,1.93594,1.93598,1.93514,1.9359199999999999,872,8,0
2024-04-16 01:05:00,1.93591,1.93686,1.93567,1.93661,1108,8,0
2024-04-16 01:10:00,1.9366400000000001,1.9367100000000002,1.9359199999999999,1.93643,931,8,0
2024-04-16 01:15:00,1.93642,1.9387400000000001,1.93618,1.9381,2077,8,0
2024-04-16 01:20:00,1.9381,1.93876,1.9378199999999999,1.93841,1421,8,0
2024-04-16 01:25:00,1.9384000000000001,1.93909,1.9380199999999999,1.9382700000000002,1168,8,0
2024-04-16 01:30:00,1.9382899999999998,1.93872,1.93805,1.9382000000000001,1242,8,0
2024-04-16 01:35:00,1.93822,1.93862,1.93797,1.93846,1060,8,0
2024-04-16 01:40:00,1.9384700000000001,1.93873,1.9379499999999998,1.9380899999999999,1075,8,0
2024-04-16 01:45:00,1.9381,1.93814,1.93733,1.93803,964,8,0
2024-04-16 01:50:00,1.93804,1.93868,1.9379,1.93821,851,8,0
2024-04-16 01:55:00,1.9382000000000001,1.9382899999999998,1.9369399999999999,1.93703,663,8,0
2024-04-16 02:00:00,1.937,1.93726,1.93611,1.93697,1087,8,0
2024-04-16 02:05:00,1.93703,1.93832,1.93675,1.93815,1392,8,0
2024-04-16 02:10:00,1.9381300000000001,1.93852,1.93764,1.93765,1245,8,0
2024-04-16 02:15:00,1.93772,1.93789,1.93701,1.93713,1056,8,0
2024-04-16 02:20:00,1.93715,1.93717,1.9364599999999998,1.9365299999999999,794,8,0
2024-04-16 02:25:00,1.93651,1.93765,1.93647,1.93746,1003,8,0
2024-04-16 02:30:00,1.93746,1.93801,1.9372500000000001,1.93727,836,8,0
2024-04-16 02:35:00,1.93728,1.93805,1.9367299999999998,1.9378600000000001,1168,8,0
2024-04-16 02:40:00,1.93787,1.93789,1.93719,1.9374099999999999,873,8,0
2024-04-16 02:45:00,1.93742,1.93757,1.93722,1.9374099999999999,759,8,0
2024-04-16 02:50:00,1.93742,1.93753,1.93681,1.9368699999999999,903,8,0
2024-04-16 02:55:00,1.93688,1.93693,1.93635,1.9366400000000001,775,8,0
2024-04-16 03:00:00,1.93666,1.93742,1.93662,1.93727,531,8,0
2024-04-16 03:05:00,1.93726,1.93767,1.9372,1.9373,427,8,0
2024-04-16 03:10:00,1.93728,1.9377499999999999,1.93724,1.93772,410,8,0
2024-04-16 03:15:00,1.9377,1.93815,1.93763,1.93803,697,8,0
2024-04-16 03:20:00,1.93801,1.93818,1.93738,1.9374500000000001,614,8,0
2024-04-16 03:25:00,1.93742,1.93787,1.93742,1.93757,545,8,0
2024-04-16 03:30:00,1.93758,1.93815,1.9375499999999999,1.93807,551,8,0
2024-04-16 03:35:00,1.9380600000000001,1.93808,1.9374799999999999,1.93787,598,8,0
2024-04-16 03:40:00,1.93788,1.93791,1.93731,1.93754,426,8,0
2024-04-16 03:45:00,1.93753,1.93764,1.93709,1.9372500000000001,528,8,0
2024-04-16 03:50:00,1.93726,1.93727,1.93676,1.9369100000000001,496,8,0
2024-04-16 03:55:00,1.93692,1.9370699999999998,1.93635,1.93643,653,8,0
2024-04-16 04:00:00,1.93641,1.93679,1.93608,1.93641,619,8,0
2024-04-16 04:05:00,1.93642,1.93669,1.9362599999999999,1.93666,447,8,0
2024-04-16 04:10:00,1.93663,1.93696,1.9363299999999999,1.93636,483,8,0
2024-04-16 04:15:00,1.9363700000000001,1.93645,1.93622,1.93631,383,8,0
2024-04-16 04:20:00,1.93632,1.93636,1.93606,1.93609,338,8,0
2024-04-16 04:25:00,1.93608,1.93665,1.93607,1.93631,419,8,0
2024-04-16 04:30:00,1.9363000000000001,1.9373399999999998,1.9363000000000001,1.9368400000000001,537,8,0
2024-04-16 04:35:00,1.93682,1.93717,1.93681,1.9370500000000002,442,8,0
2024-04-16 04:40:00,1.93704,1.93719,1.93676,1.93709,494,8,0
2024-04-16 04:45:00,1.9371,1.93727,1.93702,1.93706,356,8,0
2024-04-16 04:50:00,1.9370500000000002,1.93715,1.93666,1.93669,437,8,0
2024-04-16 04:55:00,1.93668,1.93668,1.9356900000000001,1.93593,647,8,0
2024-04-16 05:00:00,1.9359199999999999,1.93609,1.9352,1.93521,811,8,0
2024-04-16 05:05:00,1.9352,1.9353099999999999,1.93458,1.93486,830,8,0
2024-04-16 05:10:00,1.93489,1.93546,1.93483,1.9354200000000001,660,8,0
2024-04-16 05:15:00,1.93543,1.93559,1.93464,1.9347699999999999,696,8,0
2024-04-16 05:20:00,1.93475,1.9351699999999998,1.9346,1.9349699999999999,697,8,0
2024-04-16 05:25:00,1.93495,1.93503,1.93473,1.9348800000000002,632,8,0
2024-04-16 05:30:00,1.93486,1.9353500000000001,1.93475,1.9352800000000001,803,8,0
2024-04-16 05:35:00,1.93526,1.93587,1.93525,1.9357,690,8,0
2024-04-16 05:40:00,1.9357199999999999,1.9363000000000001,1.9356900000000001,1.9361899999999999,780,8,0
2024-04-16 05:45:00,1.93621,1.93648,1.93587,1.9364400000000002,714,8,0
2024-04-16 05:50:00,1.93643,1.9365,1.9358499999999998,1.9358499999999998,718,8,0
2024-04-16 05:55:00,1.93588,1.936,1.93491,1.93575,705,8,0
2024-04-16 06:00:00,1.93575,1.9371,1.93479,1.93494,1150,8,0
2024-04-16 06:05:00,1.93495,1.93518,1.9342000000000001,1.93468,1014,8,0
2024-04-16 06:10:00,1.9346700000000001,1.93529,1.9345400000000001,1.9352800000000001,965,8,0
2024-04-16 06:15:00,1.93527,1.93577,1.93498,1.93555,1005,8,0
2024-04-16 06:20:00,1.93557,1.93628,1.93557,1.93584,1050,8,0
2024-04-16 06:25:00,1.93582,1.93595,1.9351099999999999,1.93519,828,8,0
2024-04-16 06:30:00,1.93518,1.9352399999999998,1.9341300000000001,1.9351500000000001,1341,8,0
2024-04-16 06:35:00,1.9351500000000001,1.93613,1.9351500000000001,1.936,1117,8,0
2024-04-16 06:40:00,1.9359899999999999,1.93722,1.9357600000000001,1.9372099999999999,1165,8,0
2024-04-16 06:45:00,1.93722,1.93726,1.93631,1.9363899999999998,1061,8,0
2024-04-16 06:50:00,1.93638,1.93727,1.93638,1.93695,1050,8,0
2024-04-16 06:55:00,1.93695,1.93708,1.93647,1.93704,1145,8,0
2024-04-16 07:00:00,1.93704,1.9374799999999999,1.9366400000000001,1.9374500000000001,1372,8,0
2024-04-16 07:05:00,1.93746,1.93751,1.93679,1.93702,1188,8,0
2024-04-16 07:10:00,1.93703,1.93803,1.93702,1.93769,1310,8,0
2024-04-16 07:15:00,1.9376799999999998,1.9378,1.93729,1.93754,1285,8,0
2024-04-16 07:20:00,1.93753,1.9379,1.9372099999999999,1.93723,1209,8,0
2024-04-16 07:25:00,1.93722,1.93746,1.93649,1.93658,1072,8,0
2024-04-16 07:30:00,1.93662,1.93677,1.9360300000000001,1.93617,1358,8,0
2024-04-16 07:35:00,1.93616,1.93674,1.93616,1.9365700000000001,1136,8,0
2024-04-16 07:40:00,1.93656,1.93709,1.93648,1.93709,941,8,0
2024-04-16 07:45:00,1.93708,1.9373399999999998,1.9369100000000001,1.9372099999999999,870,8,0
2024-04-16 07:50:00,1.9372,1.93761,1.93695,1.93749,1162,8,0
2024-04-16 07:55:00,1.9374799999999999,1.9386,1.9374500000000001,1.9381,1391,8,0
2024-04-16 08:00:00,1.9380899999999999,1.93832,1.93762,1.93789,1224,8,0
2024-04-16 08:05:00,1.9379,1.93822,1.9376600000000002,1.9377900000000001,1093,8,0
2024-04-16 08:10:00,1.93781,1.93796,1.9373399999999998,1.9378199999999999,875,8,0
2024-04-16 08:15:00,1.93785,1.93805,1.9375499999999999,1.9375900000000001,812,8,0
2024-04-16 08:20:00,1.9376,1.9378600000000001,1.93728,1.93736,749,8,0
2024-04-16 08:25:00,1.93738,1.93857,1.93738,1.93855,769,8,0
2024-04-16 08:30:00,1.93857,1.9388,1.93831,1.9385599999999998,907,8,0
2024-04-16 08:35:00,1.93857,1.939,1.93844,1.93869,786,8,0
2024-04-16 08:40:00,1.9386999999999999,1.93927,1.93858,1.93925,845,8,0
2024-04-16 08:45:00,1.93926,1.9396200000000001,1.9388999999999998,1.93912,1072,8,0
2024-04-16 08:50:00,1.93911,1.93946,1.93895,1.93914,720,8,0
2024-04-16 08:55:00,1.93913,1.9393099999999999,1.93883,1.9391,624,8,0
2024-04-16 09:00:00,1.9391,1.9396,1.93869,1.93876,946,8,0
2024-04-16 09:05:00,1.9387699999999999,1.93911,1.93839,1.9388999999999998,1088,8,0
2024-04-16 09:10:00,1.93893,1.93927,1.9386299999999999,1.9386700000000001,991,8,0
2024-04-16 09:15:00,1.93868,1.93929,1.93858,1.93892,1029,8,0
2024-04-16 09:20:00,1.93891,1.9398,1.93884,1.93963,866,8,0
2024-04-16 09:25:00,1.93961,1.9396499999999999,1.939,1.93926,910,8,0
2024-04-16 09:30:00,1.93925,1.9393,1.93857,1.93859,921,8,0
2024-04-16 09:35:00,1.93858,1.9388,1.93835,1.93851,939,8,0
2024-04-16 09:40:00,1.93853,1.93937,1.9384700000000001,1.93933,784,8,0
2024-04-16 09:45:00,1.93937,1.9399899999999999,1.93921,1.9397799999999998,664,8,0
2024-04-16 09:50:00,1.93975,1.94007,1.93955,1.9399899999999999,807,8,0
2024-04-16 09:55:00,1.93995,1.9400300000000001,1.9396499999999999,1.9399,833,8,0
2024-04-16 10:00:00,1.93991,1.94042,1.93974,1.93991,850,8,0
2024-04-16 10:05:00,1.93987,1.94055,1.93981,1.9401199999999998,760,8,0
2024-04-16 10:10:00,1.9401199999999998,1.94015,1.93941,1.93947,746,8,0
2024-04-16 10:15:00,1.93948,1.9398,1.93933,1.93948,885,8,0
2024-04-16 10:20:00,1.93947,1.94025,1.93945,1.94017,821,8,0
2024-04-16 10:25:00,1.94018,1.94122,1.94017,1.94115,919,8,0
2024-04-16 10:30:00,1.94115,1.9413200000000002,1.94021,1.94022,1061,8,0
2024-04-16 10:35:00,1.94021,1.9409999999999998,1.94018,1.94099,705,8,0
2024-04-16 10:40:00,1.94096,1.9412,1.94078,1.9408400000000001,793,8,0
2024-04-16 10:45:00,1.9408400000000001,1.94092,1.94008,1.94008,784,8,0
2024-04-16 10:50:00,1.94009,1.94067,1.93998,1.94067,601,8,0
2024-04-16 10:55:00,1.94066,1.9409800000000001,1.94054,1.94066,815,8,0
2024-04-16 11:00:00,1.94065,1.94104,1.94027,1.9403700000000002,834,8,0
2024-04-16 11:05:00,1.94038,1.94054,1.9401000000000002,1.94036,802,8,0
2024-04-16 11:10:00,1.94035,1.9411399999999999,1.9402599999999999,1.94086,759,8,0
2024-04-16 11:15:00,1.94089,1.9412500000000001,1.9405000000000001,1.94106,779,8,0
2024-04-16 11:20:00,1.94104,1.94131,1.94001,1.94011,263,8,0
2024-04-16 11:25:00,1.9401000000000002,1.94015,1.93974,1.93988,605,8,0
2024-04-16 11:30:00,1.93988,1.9399,1.93925,1.93955,780,8,0
2024-04-16 11:35:00,1.9395799999999999,1.9398900000000001,1.9392200000000002,1.9392200000000002,671,8,0
2024-04-16 11:40:00,1.93921,1.9395799999999999,1.9388,1.93906,559,8,0
2024-04-16 11:45:00,1.9390800000000001,1.9390800000000001,1.93823,1.93866,514,8,0
2024-04-16 11:50:00,1.93866,1.93895,1.9383599999999999,1.93872,971,8,0
2024-04-16 11:55:00,1.9386999999999999,1.93903,1.93849,1.93889,728,8,0
2024-04-16 12:00:00,1.9388800000000002,1.93979,1.93878,1.9396200000000001,987,8,0
2024-04-16 12:05:00,1.93963,1.94043,1.93946,1.9402300000000001,901,8,0
2024-04-16 12:10:00,1.94022,1.94027,1.9399,1.9402300000000001,794,8,0
2024-04-16 12:15:00,1.94022,1.94088,1.94013,1.94069,771,8,0
2024-04-16 12:20:00,1.94067,1.9410699999999999,1.94049,1.94063,1225,8,0
2024-04-16 12:25:00,1.9406400000000001,1.94108,1.94035,1.94077,815,8,0
2024-04-16 12:30:00,1.94074,1.9411100000000001,1.9403899999999998,1.9408699999999999,1663,8,0
2024-04-16 12:35:00,1.94088,1.9412,1.9404,1.9412,1234,8,0
2024-04-16 12:40:00,1.9411800000000001,1.9413,1.9405999999999999,1.9407,891,8,0
2024-04-16 12:45:00,1.94067,1.94123,1.9403899999999998,1.94097,1020,8,0
2024-04-16 12:50:00,1.94095,1.94196,1.9409,1.94188,1068,8,0
2024-04-16 12:55:00,1.94185,1.94226,1.9415200000000001,1.9416,1065,8,0
2024-04-16 13:00:00,1.9416099999999998,1.94237,1.94129,1.94232,1927,8,0
2024-04-16 13:05:00,1.9423,1.9429400000000001,1.94208,1.94262,1398,8,0
2024-04-16 13:10:00,1.9426299999999999,1.9431699999999998,1.94258,1.94289,969,8,0
2024-04-16 13:15:00,1.9429699999999999,1.94402,1.94293,1.94401,1219,8,0
2024-04-16 13:20:00,1.9440300000000001,1.94425,1.9435,1.9436200000000001,1193,8,0
2024-04-16 13:25:00,1.94363,1.9437799999999998,1.94307,1.9436499999999999,1257,8,0
2024-04-16 13:30:00,1.94375,1.9445700000000001,1.94375,1.94432,1895,8,0
2024-04-16 13:35:00,1.94433,1.94556,1.94417,1.94529,2157,8,0
2024-04-16 13:40:00,1.94533,1.9454099999999999,1.94462,1.94517,2418,8,0
2024-04-16 13:45:00,1.94519,1.94571,1.94501,1.9451399999999999,2029,8,0
2024-04-16 13:50:00,1.94515,1.94574,1.94501,1.94574,1907,8,0
2024-04-16 13:55:00,1.94573,1.94587,1.94506,1.9457,1591,8,0
2024-04-16 14:00:00,1.94569,1.9458600000000001,1.9447299999999998,1.94502,1374,8,0
2024-04-16 14:05:00,1.94506,1.9453399999999998,1.94428,1.94448,1421,8,0
2024-04-16 14:10:00,1.94451,1.94499,1.9433799999999999,1.94421,1753,8,0
2024-04-16 14:15:00,1.94425,1.94445,1.9436499999999999,1.94413,1805,8,0
2024-04-16 14:20:00,1.94411,1.94456,1.94398,1.94424,1612,8,0
2024-04-16 14:25:00,1.9442300000000001,1.94466,1.9439899999999999,1.94421,1680,8,0
2024-04-16 14:30:00,1.9442,1.9443000000000001,1.9436499999999999,1.9436499999999999,1478,8,0
2024-04-16 14:35:00,1.94366,1.94417,1.94319,1.94374,1529,8,0
2024-04-16 14:40:00,1.94373,1.94384,1.9432800000000001,1.94339,1514,8,0
2024-04-16 14:45:00,1.9433799999999999,1.94411,1.94336,1.94398,1406,8,0
2024-04-16 14:50:00,1.94397,1.9446400000000001,1.94383,1.9439,1782,8,0
2024-04-16 14:55:00,1.94388,1.94421,1.94357,1.94383,1588,8,0
2024-04-16 15:00:00,1.94383,1.94393,1.9417200000000001,1.94184,1785,8,0
2024-04-16 15:05:00,1.94183,1.94221,1.94137,1.94143,1439,8,0
2024-04-16 15:10:00,1.94142,1.9418199999999999,1.94136,1.94143,1397,8,0
2024-04-16 15:15:00,1.94143,1.9414500000000001,1.94079,1.94102,1340,8,0
2024-04-16 15:20:00,1.94104,1.94119,1.94036,1.9403899999999998,1334,8,0
2024-04-16 15:25:00,1.9404,1.9407299999999998,1.94004,1.9403700000000002,1292,8,0
2024-04-16 15:30:00,1.94036,1.94061,1.94011,1.94027,1139,8,0
2024-04-16 15:35:00,1.94028,1.94076,1.94016,1.9403000000000001,1025,8,0
2024-04-16 15:40:00,1.94027,1.94038,1.9398,1.94035,915,8,0
2024-04-16 15:45:00,1.94036,1.9407,1.94007,1.94029,1041,8,0
2024-04-16 15:50:00,1.9403000000000001,1.94034,1.9396900000000001,1.93971,1028,8,0
2024-04-16 15:55:00,1.9397199999999999,1.9403700000000002,1.93954,1.9403700000000002,968,8,0
2024-04-16 16:00:00,1.94038,1.94045,1.9399199999999999,1.94008,1223,8,0
2024-04-16 16:05:00,1.94004,1.9402599999999999,1.9397600000000002,1.9399199999999999,917,8,0
2024-04-16 16:10:00,1.93991,1.94008,1.93956,1.94,1002,8,0
2024-04-16 16:15:00,1.93998,1.9401199999999998,1.93952,1.9397199999999999,721,8,0
2024-04-16 16:20:00,1.93973,1.9402599999999999,1.93964,1.94016,703,8,0
2024-04-16 16:25:00,1.94015,1.94069,1.94009,1.9405299999999999,666,8,0
2024-04-16 16:30:00,1.9405299999999999,1.94086,1.94024,1.94085,659,8,0
2024-04-16 16:35:00,1.9408699999999999,1.94122,1.9407999999999999,1.9411399999999999,699,8,0
2024-04-16 16:40:00,1.94115,1.94154,1.94101,1.94146,808,8,0
2024-04-16 16:45:00,1.94143,1.9414500000000001,1.94058,1.94076,1006,8,0
2024-04-16 16:50:00,1.94075,1.9407999999999999,1.94047,1.94068,977,8,0
2024-04-16 16:55:00,1.9407299999999998,1.94079,1.94025,1.9404400000000002,1245,8,0
2024-04-16 17:00:00,1.94043,1.94063,1.94011,1.94022,1178,8,0
2024-04-16 17:05:00,1.94025,1.94036,1.93979,1.93991,860,8,0
2024-04-16 17:10:00,1.9399,1.94025,1.9397199999999999,1.94005,660,8,0
2024-04-16 17:15:00,1.94004,1.9401899999999999,1.9394,1.93991,698,8,0
2024-04-16 17:20:00,1.93991,1.93994,1.93952,1.93974,1089,8,0
2024-04-16 17:25:00,1.9398,1.94029,1.9397199999999999,1.94013,1051,8,0
2024-04-16 17:30:00,1.94011,1.9416099999999998,1.94011,1.9403899999999998,2679,8,0
2024-04-16 17:35:00,1.9403700000000002,1.9403700000000002,1.9394,1.93947,2336,8,0
2024-04-16 17:40:00,1.93947,1.94014,1.93914,1.9398499999999999,2222,8,0
2024-04-16 17:45:00,1.93991,1.94036,1.93939,1.94029,2153,8,0
2024-04-16 17:50:00,1.9403000000000001,1.94058,1.93981,1.93995,2114,8,0
2024-04-16 17:55:00,1.93994,1.9404400000000002,1.93974,1.94013,1610,8,0
2024-04-16 18:00:00,1.94014,1.9409100000000001,1.94009,1.94052,1554,8,0
2024-04-16 18:05:00,1.94054,1.94075,1.9391500000000002,1.9394900000000002,1749,8,0
2024-04-16 18:10:00,1.93945,1.9401899999999999,1.93934,1.94016,1895,8,0
2024-04-16 18:15:00,1.94017,1.94086,1.94006,1.94065,2093,8,0
2024-04-16 18:20:00,1.94066,1.94131,1.94045,1.94082,1666,8,0
2024-04-16 18:25:00,1.94081,1.94082,1.9403000000000001,1.94042,1877,8,0
2024-04-16 18:30:00,1.94041,1.94075,1.93988,1.9401199999999998,1830,8,0
2024-04-16 18:35:00,1.94013,1.9403700000000002,1.93981,1.9402,1751,8,0
2024-04-16 18:40:00,1.9401899999999999,1.94045,1.93981,1.9399199999999999,1686,8,0
2024-04-16 18:45:00,1.93993,1.94015,1.93933,1.9395,1232,8,0
2024-04-16 18:50:00,1.9394900000000002,1.9396,1.93911,1.9395799999999999,1420,8,0
2024-04-16 18:55:00,1.93959,1.93966,1.93921,1.93957,1068,8,0
2024-04-16 19:00:00,1.93959,1.9399199999999999,1.93941,1.93977,1124,8,0
2024-04-16 19:05:00,1.9397600000000002,1.94,1.93953,1.9397,993,8,0
2024-04-16 19:10:00,1.9396900000000001,1.93987,1.93956,1.9397799999999998,814,8,0
2024-04-16 19:15:00,1.93979,1.94009,1.93954,1.9396,779,8,0
2024-04-16 19:20:00,1.9396,1.9398300000000002,1.9393799999999999,1.93947,666,8,0
2024-04-16 19:25:00,1.93945,1.93957,1.93918,1.93934,491,8,0
2024-04-16 19:30:00,1.93933,1.9405700000000001,1.93933,1.94056,1148,8,0
2024-04-16 19:35:00,1.9405700000000001,1.94075,1.94014,1.94017,1039,8,0
2024-04-16 19:40:00,1.94016,1.94041,1.93998,1.94001,837,8,0
2024-04-16 19:45:00,1.94002,1.94043,1.93979,1.94022,834,8,0
2024-04-16 19:50:00,1.9402,1.94028,1.94001,1.94006,918,8,0
2024-04-16 19:55:00,1.94005,1.9407,1.94,1.94051,749,8,0
2024-04-16 20:00:00,1.94049,1.9405299999999999,1.94024,1.94047,544,8,0
2024-04-16 20:05:00,1.94045,1.94072,1.94043,1.94056,218,8,0
2024-04-16 20:10:00,1.94055,1.94083,1.94052,1.9406400000000001,276,8,0
2024-04-16 20:15:00,1.94065,1.94089,1.94059,1.94081,231,8,0
2024-04-16 20:20:00,1.94082,1.94089,1.9404599999999999,1.94056,194,8,0
2024-04-16 20:25:00,1.9405700000000001,1.9405999999999999,1.94035,1.9405700000000001,260,8,0
2024-04-16 20:30:00,1.94056,1.94066,1.94028,1.94058,226,8,0
2024-04-16 20:35:00,1.94059,1.94083,1.94051,1.94079,252,8,0
2024-04-16 20:40:00,1.9407999999999999,1.9409800000000001,1.94067,1.94096,286,8,0
2024-04-16 20:45:00,1.94095,1.9412,1.94082,1.9411800000000001,216,8,0
2024-04-16 20:50:00,1.94117,1.94131,1.9410500000000002,1.94117,328,8,0
2024-04-16 20:55:00,1.94117,1.9412099999999999,1.94036,1.94036,265,8,0
2024-04-16 21:00:00,1.9395,1.94124,1.93919,1.9402,45,168,0
2024-04-16 21:05:00,1.9402300000000001,1.94174,1.9402,1.94102,74,53,0
2024-04-16 21:10:00,1.94104,1.94126,1.94088,1.94126,32,67,0
2024-04-16 21:15:00,1.94126,1.94142,1.9412500000000001,1.94127,14,69,0
2024-04-16 21:20:00,1.94127,1.94136,1.94096,1.94096,29,81,0
2024-04-16 21:25:00,1.94104,1.94144,1.9408699999999999,1.94109,49,15,0
2024-04-16 21:30:00,1.94088,1.94139,1.94088,1.94117,84,14,0
2024-04-16 21:35:00,1.94133,1.94147,1.94106,1.94136,232,8,0
2024-04-16 21:40:00,1.94133,1.94157,1.9411399999999999,1.94149,351,32,0
2024-04-16 21:45:00,1.9414500000000001,1.94183,1.94122,1.9413,526,17,0
2024-04-16 21:50:00,1.9413399999999998,1.94158,1.94117,1.94138,333,13,0
2024-04-16 21:55:00,1.94144,1.9417200000000001,1.9412,1.94139,310,8,0
2024-04-16 22:00:00,1.9414,1.94142,1.94049,1.94058,242,8,0
2024-04-16 22:05:00,1.9405700000000001,1.9408699999999999,1.9405000000000001,1.9405700000000001,118,8,0
2024-04-16 22:10:00,1.94052,1.94066,1.94049,1.9405000000000001,105,8,0
2024-04-16 22:15:00,1.94049,1.94066,1.94045,1.94049,129,8,0
2024-04-16 22:20:00,1.94049,1.94055,1.94041,1.94043,116,8,0
2024-04-16 22:25:00,1.94043,1.94059,1.9403700000000002,1.94038,194,8,0
2024-04-16 22:30:00,1.9404,1.9405700000000001,1.9401199999999998,1.9401199999999998,229,8,0
2024-04-16 22:35:00,1.94013,1.9403899999999998,1.94001,1.9403000000000001,217,8,0
2024-04-16 22:40:00,1.94032,1.94059,1.94024,1.94051,186,8,0
2024-04-16 22:45:00,1.94054,1.94108,1.93927,1.9396,1247,8,0
2024-04-16 22:50:00,1.9396,1.93984,1.9393099999999999,1.93959,664,8,0
2024-04-16 22:55:00,1.9396,1.9396900000000001,1.93936,1.93957,349,8,0
2024-04-16 23:00:00,1.9395099999999998,1.9399,1.9393799999999999,1.93981,528,8,0
2024-04-16 23:05:00,1.9398,1.93984,1.9395,1.93984,332,8,0
2024-04-16 23:10:00,1.93981,1.93994,1.9393500000000001,1.9393500000000001,245,8,0
2024-04-16 23:15:00,1.9393500000000001,1.93963,1.93929,1.93961,330,8,0
2024-04-16 23:20:00,1.9396,1.93977,1.9395,1.93968,182,8,0
2024-04-16 23:25:00,1.9396900000000001,1.93998,1.9396200000000001,1.93982,231,8,0
2024-04-16 23:30:00,1.93979,1.93991,1.93885,1.93927,337,8,0
2024-04-16 23:35:00,1.93926,1.9393500000000001,1.9386299999999999,1.9388100000000001,272,8,0
2024-04-16 23:40:00,1.9388,1.9392200000000002,1.93871,1.93916,290,8,0
2024-04-16 23:45:00,1.9391699999999998,1.93918,1.93882,1.93885,303,8,0
2024-04-16 23:50:00,1.93884,1.93884,1.93801,1.9381300000000001,488,8,0
2024-04-16 23:55:00,1.9381599999999999,1.93862,1.9379499999999998,1.9384700000000001,473,8,0
2024-04-17 00:00:00,1.93848,1.93862,1.93785,1.93822,896,8,0
2024-04-17 00:05:00,1.9382000000000001,1.93821,1.9374799999999999,1.93789,804,8,0
2024-04-17 00:10:00,1.93788,1.93805,1.93719,1.9372500000000001,659,8,0
2024-04-17 00:15:00,1.93728,1.9376799999999998,1.93655,1.93702,868,8,0
2024-04-17 00:20:00,1.93701,1.93736,1.9367999999999999,1.93733,641,8,0
2024-04-17 00:25:00,1.9373399999999998,1.93783,1.93702,1.93772,547,8,0
2024-04-17 00:30:00,1.93771,1.9382899999999998,1.9377,1.93825,675,8,0
2024-04-17 00:35:00,1.93825,1.9384000000000001,1.93791,1.93807,560,8,0
2024-04-17 00:40:00,1.93807,1.93837,1.9375900000000001,1.93822,640,8,0
2024-04-17 00:45:00,1.93821,1.93834,1.9379,1.93815,643,8,0
2024-04-17 00:50:00,1.9381300000000001,1.9381599999999999,1.9376,1.93776,706,8,0
2024-04-17 00:55:00,1.93777,1.93841,1.93769,1.93807,657,8,0
2024-04-17 01:00:00,1.9380600000000001,1.93834,1.93771,1.9380600000000001,819,8,0
2024-04-17 01:05:00,1.93805,1.93892,1.93773,1.93884,766,8,0
2024-04-17 01:10:00,1.93883,1.9390100000000001,1.93812,1.93815,735,8,0
2024-04-17 01:15:00,1.93819,1.93837,1.93758,1.9376600000000002,1240,8,0
2024-04-17 01:20:00,1.93764,1.93771,1.93656,1.9367299999999998,1165,8,0
2024-04-17 01:25:00,1.93675,1.9371,1.93641,1.93662,936,8,0
2024-04-17 01:30:00,1.93663,1.93738,1.93656,1.93716,1236,8,0
2024-04-17 01:35:00,1.93715,1.9375,1.9368699999999999,1.93726,917,8,0
2024-04-17 01:40:00,1.93727,1.93729,1.9367299999999998,1.93709,964,8,0
2024-04-17 01:45:00,1.93708,1.93771,1.9369800000000001,1.93763,945,8,0
2024-04-17 01:50:00,1.93764,1.93798,1.93685,1.93704,1015,8,0
2024-04-17 01:55:00,1.93706,1.9372099999999999,1.93676,1.9372,728,8,0
2024-04-17 02:00:00,1.9372099999999999,1.9374,1.93697,1.9371800000000001,954,8,0
2024-04-17 02:05:00,1.93717,1.93785,1.9371399999999999,1.93776,805,8,0
2024-04-17 02:10:00,1.93774,1.93797,1.9375,1.93764,648,8,0
2024-04-17 02:15:00,1.93763,1.93794,1.93751,1.93778,644,8,0
2024-04-17 02:20:00,1.93777,1.93789,1.9375,1.9375,695,8,0
2024-04-17 02:25:00,1.93749,1.9376600000000002,1.93711,1.9373399999999998,734,8,0
2024-04-17 02:30:00,1.93733,1.93739,1.9369800000000001,1.9371800000000001,611,8,0
2024-04-17 02:35:00,1.93717,1.93729,1.93638,1.93647,518,8,0
2024-04-17 02:40:00,1.93648,1.9368699999999999,1.93638,1.93678,616,8,0
2024-04-17 02:45:00,1.9367999999999999,1.93709,1.93668,1.93697,669,8,0
2024-04-17 02:50:00,1.9369800000000001,1.93727,1.93697,1.93715,670,8,0
2024-04-17 02:55:00,1.93716,1.9372,1.93701,1.9371800000000001,466,8,0
2024-04-17 03:00:00,1.93719,1.93729,1.93678,1.93681,591,8,0
2024-04-17 03:05:00,1.93682,1.93697,1.93651,1.9367299999999998,463,8,0
2024-04-17 03:10:00,1.93674,1.93686,1.9363700000000001,1.93665,497,8,0
2024-04-17 03:15:00,1.93666,1.93717,1.93665,1.93704,431,8,0
2024-04-17 03:20:00,1.9370500000000002,1.93709,1.93676,1.93692,572,8,0
2024-04-17 03:25:00,1.9369100000000001,1.93699,1.9367299999999998,1.9369399999999999,562,8,0
2024-04-17 03:30:00,1.93693,1.93706,1.9367,1.93692,388,8,0
2024-04-17 03:35:00,1.93693,1.93746,1.9368400000000001,1.93723,402,8,0
2024-04-17 03:40:00,1.93726,1.93735,1.93706,1.93709,383,8,0
2024-04-17 03:45:00,1.9371,1.93715,1.9367999999999999,1.937,339,8,0
2024-04-17 03:50:00,1.93699,1.9372500000000001,1.9369399999999999,1.9371399999999999,394,8,0
2024-04-17 03:55:00,1.9371399999999999,1.9374500000000001,1.9371,1.93731,321,8,0
2024-04-17 04:00:00,1.93733,1.9374,1.9369800000000001,1.93724,382,8,0
2024-04-17 04:05:00,1.93726,1.93738,1.93695,1.93715,343,8,0
2024-04-17 04:10:00,1.9371399999999999,1.9373,1.93709,1.9372099999999999,303,8,0
2024-04-17 04:15:00,1.93722,1.93746,1.93722,1.9373399999999998,227,8,0
2024-04-17 04:20:00,1.93735,1.93736,1.9369100000000001,1.93692,359,8,0
2024-04-17 04:25:00,1.9369399999999999,1.93738,1.9369399999999999,1.9373399999999998,336,8,0
2024-04-17 04:30:00,1.93738,1.93838,1.93733,1.93838,382,8,0
2024-04-17 04:35:00,1.93837,1.93852,1.93767,1.93788,405,8,0
2024-04-17 04:40:00,1.93787,1.93798,1.93771,1.9379499999999998,370,8,0
2024-04-17 04:45:00,1.93794,1.9381,1.93777,1.93791,360,8,0
2024-04-17 04:50:00,1.9379,1.938,1.93764,1.93791,293,8,0
2024-04-17 04:55:00,1.9379,1.93805,1.9377,1.93797,314,8,0
2024-04-17 05:00:00,1.93796,1.9381300000000001,1.93781,1.93803,631,8,0
2024-04-17 05:05:00,1.93801,1.93858,1.93798,1.9382700000000002,430,8,0
2024-04-17 05:10:00,1.93831,1.9386299999999999,1.93825,1.9385,323,8,0
2024-04-17 05:15:00,1.93849,1.93903,1.93848,1.93892,398,8,0
2024-04-17 05:20:00,1.93891,1.9392,1.9388100000000001,1.9388100000000001,342,8,0
2024-04-17 05:25:00,1.9388,1.9390100000000001,1.9384700000000001,1.93891,385,8,0
2024-04-17 05:30:00,1.9388999999999998,1.93905,1.9387400000000001,1.93882,505,8,0
2024-04-17 05:35:00,1.93884,1.9392,1.9388100000000001,1.93905,482,8,0
2024-04-17 05:40:00,1.9390399999999999,1.9390399999999999,1.93862,1.93873,613,8,0
2024-04-17 05:45:00,1.9387400000000001,1.93899,1.93825,1.9384299999999999,632,8,0
2024-04-17 05:50:00,1.93844,1.93899,1.9381300000000001,1.93891,700,8,0
2024-04-17 05:55:00,1.9388999999999998,1.9402599999999999,1.93846,1.9402599999999999,950,8,0
2024-04-17 06:00:00,1.9402,1.9419300000000002,1.94005,1.94077,1598,8,0
2024-04-17 06:05:00,1.94076,1.94079,1.9398300000000002,1.94002,1518,8,0
2024-04-17 06:10:00,1.94001,1.94036,1.9392800000000001,1.93956,1347,8,0
2024-04-17 06:15:00,1.93957,1.9401000000000002,1.93955,1.93973,1240,8,0
2024-04-17 06:20:00,1.93974,1.9402599999999999,1.93948,1.9395099999999998,1058,8,0
2024-04-17 06:25:00,1.93952,1.93953,1.9384299999999999,1.93866,902,8,0
2024-04-17 06:30:00,1.9386700000000001,1.94045,1.9385599999999998,1.9404400000000002,1013,8,0
2024-04-17 06:35:00,1.94043,1.94165,1.94002,1.94165,1031,8,0
2024-04-17 06:40:00,1.94163,1.94196,1.9414799999999999,1.94156,1009,8,0
2024-04-17 06:45:00,1.9415499999999999,1.94199,1.94081,1.94147,856,8,0
2024-04-17 06:50:00,1.94144,1.9415900000000001,1.9409,1.94144,1160,8,0
2024-04-17 06:55:00,1.94143,1.94147,1.94043,1.94052,1011,8,0
2024-04-17 07:00:00,1.94052,1.94086,1.94008,1.94035,1685,8,0
2024-04-17 07:05:00,1.94036,1.94038,1.93954,1.93971,1167,8,0
2024-04-17 07:10:00,1.9396900000000001,1.94027,1.9395799999999999,1.93975,1108,8,0
2024-04-17 07:15:00,1.9397600000000002,1.93998,1.9391699999999998,1.93948,1044,8,0
2024-04-17 07:20:00,1.93947,1.94075,1.93944,1.94075,1201,8,0
2024-04-17 07:25:00,1.94074,1.9409399999999999,1.94013,1.9402599999999999,1184,8,0
2024-04-17 07:30:00,1.9403000000000001,1.94092,1.94022,1.9408699999999999,985,8,0
2024-04-17 07:35:00,1.9408400000000001,1.94102,1.94043,1.9405700000000001,817,8,0
2024-04-17 07:40:00,1.94056,1.94058,1.94006,1.94016,745,8,0
2024-04-17 07:45:00,1.94015,1.9402300000000001,1.93953,1.93966,769,8,0
2024-04-17 07:50:00,1.93967,1.94017,1.9395099999999998,1.9399899999999999,812,8,0
2024-04-17 07:55:00,1.9399899999999999,1.9411,1.93997,1.94101,1018,8,0
2024-04-17 08:00:00,1.9409800000000001,1.9415200000000001,1.94038,1.94066,1045,8,0
2024-04-17 08:05:00,1.94067,1.94101,1.94061,1.94088,702,8,0
2024-04-17 08:10:00,1.9408699999999999,1.94089,1.94028,1.94038,813,8,0
2024-04-17 08:15:00,1.9403899999999998,1.94066,1.94,1.94052,1000,8,0
2024-04-17 08:20:00,1.9405299999999999,1.9407,1.94029,1.94047,988,8,0
2024-04-17 08:25:00,1.94048,1.94075,1.9403000000000001,1.9405999999999999,967,8,0
2024-04-17 08:30:00,1.94059,1.94068,1.94027,1.94051,775,8,0
2024-04-17 08:35:00,1.9405000000000001,1.94086,1.9399899999999999,1.94016,824,8,0
2024-04-17 08:40:00,1.94009,1.94065,1.9399,1.9405299999999999,804,8,0
2024-04-17 08:45:00,1.94051,1.94095,1.94035,1.94048,728,8,0
2024-04-17 08:50:00,1.94049,1.94113,1.94047,1.9407,578,8,0
2024-04-17 08:55:00,1.9407,1.94077,1.94015,1.9405299999999999,696,8,0
2024-04-17 09:00:00,1.94052,1.94218,1.94048,1.94183,1582,8,0
2024-04-17 09:05:00,1.94184,1.9420600000000001,1.9412500000000001,1.94144,893,8,0
2024-04-17 09:10:00,1.94146,1.94162,1.94109,1.9412099999999999,854,8,0
2024-04-17 09:15:00,1.94119,1.94126,1.94065,1.94089,642,8,0
2024-04-17 09:20:00,1.94089,1.9411,1.94074,1.94096,809,8,0
2024-04-17 09:25:00,1.94095,1.9409999999999998,1.94035,1.9405299999999999,822,8,0
2024-04-17 09:30:00,1.9405000000000001,1.9412,1.9403899999999998,1.94109,658,8,0
2024-04-17 09:35:00,1.9410699999999999,1.94127,1.9407,1.94102,721,8,0
2024-04-17 09:40:00,1.9410500000000002,1.9411399999999999,1.94072,1.94093,704,8,0
2024-04-17 09:45:00,1.94092,1.94122,1.9408400000000001,1.94106,593,8,0
2024-04-17 09:50:00,1.9410699999999999,1.9413200000000002,1.9405700000000001,1.9406400000000001,686,8,0
2024-04-17 09:55:00,1.94063,1.94074,1.93984,1.94001,754,8,0
2024-04-17 10:00:00,1.94002,1.94021,1.9397199999999999,1.9399,766,8,0
2024-04-17 10:05:00,1.93991,1.94014,1.93955,1.93984,839,8,0
2024-04-17 10:10:00,1.9398499999999999,1.93994,1.93966,1.93987,578,8,0
2024-04-17 10:15:00,1.93988,1.9401899999999999,1.93973,1.94013,446,8,0
2024-04-17 10:20:00,1.94013,1.9403899999999998,1.94006,1.94018,577,8,0
2024-04-17 10:25:00,1.94017,1.94025,1.93984,1.93991,378,8,0
2024-04-17 10:30:00,1.9399,1.94006,1.93954,1.93977,651,8,0
2024-04-17 10:35:00,1.93977,1.9399899999999999,1.93959,1.93963,559,8,0
2024-04-17 10:40:00,1.9396200000000001,1.93993,1.9396,1.93974,575,8,0
2024-04-17 10:45:00,1.93973,1.93998,1.93943,1.93987,509,8,0
2024-04-17 10:50:00,1.93986,1.9401199999999998,1.9398,1.93984,382,8,0
2024-04-17 10:55:00,1.9398300000000002,1.94005,1.93933,1.93945,546,8,0
2024-04-17 11:00:00,1.93946,1.93968,1.93905,1.93921,568,8,0
2024-04-17 11:05:00,1.93923,1.9394900000000002,1.93913,1.93918,679,8,0
2024-04-17 11:10:00,1.93919,1.93921,1.93833,1.93844,756,8,0
2024-04-17 11:15:00,1.93845,1.93869,1.9382000000000001,1.93846,832,8,0
2024-04-17 11:20:00,1.93846,1.93876,1.93811,1.93855,779,8,0
2024-04-17 11:25:00,1.9385599999999998,1.93869,1.9384000000000001,1.93855,550,8,0
2024-04-17 11:30:00,1.9385400000000002,1.9386999999999999,1.93807,1.93825,586,8,0
2024-04-17 11:35:00,1.9382700000000002,1.93853,1.93794,1.93845,531,8,0
2024-04-17 11:40:00,1.9384299999999999,1.9388999999999998,1.93841,1.9388800000000002,494,8,0
2024-04-17 11:45:00,1.93889,1.93899,1.93844,1.93859,576,8,0
2024-04-17 11:50:00,1.9386,1.9386999999999999,1.9383599999999999,1.9384000000000001,459,8,0
2024-04-17 11:55:00,1.93839,1.9386999999999999,1.93814,1.93834,762,8,0
2024-04-17 12:00:00,1.93834,1.9386299999999999,1.9381599999999999,1.93819,985,8,0
2024-04-17 12:05:00,1.9382000000000001,1.93882,1.93814,1.93849,1081,8,0
2024-04-17 12:10:00,1.9385,1.9390399999999999,1.93835,1.9388800000000002,962,8,0
2024-04-17 12:15:00,1.93889,1.9390399999999999,1.93803,1.93826,957,8,0
2024-04-17 12:20:00,1.9382899999999998,1.93833,1.93763,1.93832,1187,8,0
2024-04-17 12:25:00,1.93831,1.9390399999999999,1.93828,1.9390399999999999,690,8,0
2024-04-17 12:30:00,1.93905,1.93905,1.93819,1.93826,876,8,0
2024-04-17 12:35:00,1.9382700000000002,1.93851,1.9379,1.93841,746,8,0
2024-04-17 12:40:00,1.9384000000000001,1.93858,1.9381599999999999,1.9382899999999998,902,8,0
2024-04-17 12:45:00,1.9382899999999998,1.9385599999999998,1.93791,1.9382700000000002,970,8,0
2024-04-17 12:50:00,1.93828,1.93852,1.93807,1.93825,1040,8,0
2024-04-17 12:55:00,1.93824,1.93845,1.93797,1.93812,1029,8,0
2024-04-17 13:00:00,1.9381599999999999,1.93823,1.9376,1.93762,951,8,0
2024-04-17 13:05:00,1.93764,1.93787,1.93749,1.93757,961,8,0
2024-04-17 13:10:00,1.93754,1.93781,1.93703,1.9374,1078,8,0
2024-04-17 13:15:00,1.9374099999999999,1.93757,1.93696,1.93708,1204,8,0
2024-04-17 13:20:00,1.9370699999999998,1.93722,1.93689,1.93697,845,8,0
2024-04-17 13:25:00,1.9369800000000001,1.93708,1.93658,1.93689,848,8,0
2024-04-17 13:30:00,1.9369800000000001,1.93726,1.93659,1.93704,1618,8,0
2024-04-17 13:35:00,1.93704,1.9373,1.9367,1.93724,1211,8,0
2024-04-17 13:40:00,1.93723,1.93801,1.9370699999999998,1.9375,1651,8,0
2024-04-17 13:45:00,1.93751,1.93774,1.9370500000000002,1.9375499999999999,1556,8,0
2024-04-17 13:50:00,1.93754,1.93776,1.93701,1.93713,1354,8,0
2024-04-17 13:55:00,1.9371399999999999,1.9374500000000001,1.9369399999999999,1.9373399999999998,1189,8,0
2024-04-17 14:00:00,1.93735,1.9385,1.93735,1.93844,1166,8,0
2024-04-17 14:05:00,1.93842,1.9386100000000002,1.93814,1.9382899999999998,1154,8,0
2024-04-17 14:10:00,1.9382700000000002,1.93871,1.9381300000000001,1.9386700000000001,1391,8,0
2024-04-17 14:15:00,1.93864,1.9394900000000002,1.93864,1.93943,1186,8,0
2024-04-17 14:20:00,1.93943,1.93955,1.9389699999999999,1.93899,1082,8,0
2024-04-17 14:25:00,1.93898,1.9396200000000001,1.9388800000000002,1.9393,1340,8,0
2024-04-17 14:30:00,1.93929,1.93973,1.93893,1.93954,1282,8,0
2024-04-17 14:35:00,1.93955,1.9398900000000001,1.93944,1.9397600000000002,1340,8,0
2024-04-17 14:40:00,1.9397600000000002,1.94002,1.93957,1.93979,1204,8,0
2024-04-17 14:45:00,1.9397799999999998,1.94009,1.93953,1.93984,1313,8,0
2024-04-17 14:50:00,1.9398499999999999,1.9403000000000001,1.93959,1.9396,1277,8,0
2024-04-17 14:55:00,1.93959,1.9403000000000001,1.93925,1.93927,1186,8,0
2024-04-17 15:00:00,1.93926,1.93927,1.9384700000000001,1.93883,1386,8,0
2024-04-17 15:05:00,1.93885,1.93961,1.93878,1.93952,1378,8,0
2024-04-17 15:10:00,1.93954,1.93956,1.93858,1.9389699999999999,1367,8,0
2024-04-17 15:15:00,1.93899,1.9392200000000002,1.93848,1.93855,1501,8,0
2024-04-17 15:20:00,1.93857,1.93893,1.93844,1.9386999999999999,1226,8,0
2024-04-17 15:25:00,1.93873,1.93948,1.93858,1.93948,983,8,0
2024-04-17 15:30:00,1.9394900000000002,1.94041,1.9393799999999999,1.94027,1423,8,0
2024-04-17 15:35:00,1.94029,1.94032,1.93955,1.94015,1553,8,0
2024-04-17 15:40:00,1.94016,1.9401899999999999,1.93961,1.93986,1091,8,0
2024-04-17 15:45:00,1.9398499999999999,1.9404400000000002,1.93929,1.93932,1279,8,0
2024-04-17 15:50:00,1.93933,1.93936,1.93891,1.93903,1120,8,0
2024-04-17 15:55:00,1.9390399999999999,1.93911,1.9385,1.93882,1086,8,0
2024-04-17 16:00:00,1.93883,1.93899,1.9384000000000001,1.93852,1311,8,0
2024-04-17 16:05:00,1.9385,1.93885,1.93844,1.9386100000000002,1233,8,0
2024-04-17 16:10:00,1.9386100000000002,1.93871,1.93799,1.93834,1248,8,0
2024-04-17 16:15:00,1.9383599999999999,1.93845,1.9375,1.93756,1165,8,0
2024-04-17 16:20:00,1.93756,1.9376600000000002,1.9371399999999999,1.93742,1232,8,0
2024-04-17 16:25:00,1.9374,1.9374500000000001,1.9367100000000002,1.9373200000000002,1767,8,0
2024-04-17 16:30:00,1.9373200000000002,1.9374099999999999,1.93659,1.93676,1641,8,0
2024-04-17 16:35:00,1.93676,1.9369800000000001,1.9364400000000002,1.93659,1613,8,0
2024-04-17 16:40:00,1.93659,1.9375499999999999,1.93645,1.9374099999999999,1529,8,0
2024-04-17 16:45:00,1.93746,1.9377,1.93709,1.9371800000000001,1532,8,0
2024-04-17 16:50:00,1.93719,1.9374099999999999,1.93676,1.93701,1576,8,0
2024-04-17 16:55:00,1.93702,1.93712,1.93642,1.9364599999999998,1203,8,0
2024-04-17 17:00:00,1.93647,1.93652,1.9354900000000002,1.9355799999999999,1932,8,0
2024-04-17 17:05:00,1.93557,1.9357600000000001,1.93466,1.93482,1834,8,0
2024-04-17 17:10:00,1.93484,1.93507,1.93444,1.93479,1557,8,0
2024-04-17 17:15:00,1.93479,1.93487,1.93445,1.93473,1576,8,0
2024-04-17 17:20:00,1.9347400000000001,1.93482,1.93433,1.93468,1364,8,0
2024-04-17 17:25:00,1.9346999999999999,1.93498,1.93453,1.9346100000000002,1176,8,0
2024-04-17 17:30:00,1.9346,1.9346700000000001,1.9342000000000001,1.93445,1170,8,0
2024-04-17 17:35:00,1.9344700000000001,1.93473,1.9341,1.93434,857,8,0
2024-04-17 17:40:00,1.93435,1.93451,1.93407,1.9342000000000001,1163,8,0
2024-04-17 17:45:00,1.9342000000000001,1.93434,1.9337499999999999,1.93381,1122,8,0
2024-04-17 17:50:00,1.9337900000000001,1.93419,1.93364,1.93398,1301,8,0
2024-04-17 17:55:00,1.93397,1.93399,1.93327,1.93364,1006,8,0
2024-04-17 18:00:00,1.93365,1.93391,1.9333200000000001,1.93383,903,8,0
2024-04-17 18:05:00,1.93384,1.9339499999999998,1.93326,1.93346,1213,8,0
2024-04-17 18:10:00,1.93347,1.93405,1.93343,1.9340199999999999,938,8,0
2024-04-17 18:15:00,1.93397,1.9344999999999999,1.9339499999999998,1.93426,952,8,0
2024-04-17 18:20:00,1.9342700000000002,1.93479,1.9342000000000001,1.93459,972,8,0
2024-04-17 18:25:00,1.93458,1.93472,1.93408,1.93431,983,8,0
2024-04-17 18:30:00,1.93431,1.93462,1.93418,1.93431,884,8,0
2024-04-17 18:35:00,1.93432,1.93438,1.93378,1.93394,1159,8,0
2024-04-17 18:40:00,1.9339300000000001,1.9339499999999998,1.93349,1.93363,1317,8,0
2024-04-17 18:45:00,1.93365,1.93396,1.9335499999999999,1.93378,1252,8,0
2024-04-17 18:50:00,1.93378,1.9344299999999999,1.93358,1.93431,1301,8,0
2024-04-17 18:55:00,1.93431,1.93478,1.93421,1.93466,1413,8,0
2024-04-17 19:00:00,1.93466,1.9354,1.93459,1.93521,1400,8,0
2024-04-17 19:05:00,1.9352200000000002,1.93546,1.93512,1.93543,1232,8,0
2024-04-17 19:10:00,1.9354200000000001,1.9356499999999999,1.93526,1.9353799999999999,1207,8,0
2024-04-17 19:15:00,1.93537,1.93545,1.9350800000000001,1.9351099999999999,1124,8,0
2024-04-17 19:20:00,1.93512,1.93544,1.93498,1.93529,1271,8,0
2024-04-17 19:25:00,1.9353099999999999,1.93568,1.93523,1.93559,940,8,0
2024-04-17 19:30:00,1.93561,1.9356200000000001,1.93519,1.93539,983,8,0
2024-04-17 19:35:00,1.9353799999999999,1.93552,1.9352,1.9353799999999999,938,8,0
2024-04-17 19:40:00,1.9353799999999999,1.93561,1.93513,1.93533,1175,8,0
2024-04-17 19:45:00,1.93533,1.93544,1.93499,1.9351,1071,8,0
2024-04-17 19:50:00,1.93506,1.93545,1.93491,1.93495,1123,8,0
2024-04-17 19:55:00,1.93494,1.93523,1.93475,1.93489,1050,8,0
2024-04-17 20:00:00,1.9348800000000002,1.93546,1.93485,1.93503,528,8,0
2024-04-17 20:05:00,1.935,1.9353099999999999,1.93485,1.9353099999999999,232,8,0
2024-04-17 20:10:00,1.9353,1.93534,1.93496,1.935,183,8,0
2024-04-17 20:15:00,1.93499,1.93518,1.93499,1.93512,135,8,0
2024-04-17 20:20:00,1.93513,1.93514,1.9349699999999999,1.93509,122,8,0
2024-04-17 20:25:00,1.93509,1.9352399999999998,1.93498,1.93498,213,8,0
2024-04-17 20:30:00,1.9349699999999999,1.93513,1.93494,1.93499,121,8,0
2024-04-17 20:35:00,1.93498,1.9351099999999999,1.93487,1.9348999999999998,158,8,0
2024-04-17 20:40:00,1.93491,1.93516,1.93483,1.93516,151,8,0
2024-04-17 20:45:00,1.9351699999999998,1.9353,1.93493,1.93505,179,8,0
2024-04-17 20:50:00,1.9350399999999999,1.9355799999999999,1.9350100000000001,1.93541,346,8,0
2024-04-17 20:55:00,1.9353799999999999,1.93564,1.9322,1.93235,285,8,0
2024-04-17 21:00:00,1.93235,1.93493,1.93137,1.9338899999999999,35,164,0
2024-04-17 21:05:00,1.93457,1.93541,1.93265,1.93444,79,115,0
2024-04-17 21:10:00,1.93455,1.93553,1.93407,1.93435,96,8,0
2024-04-17 21:15:00,1.93435,1.93469,1.93408,1.9346,76,68,0
2024-04-17 21:20:00,1.9346,1.93499,1.9346,1.93473,74,38,0
2024-04-17 21:25:00,1.9346,1.93539,1.9346,1.93526,90,8,0
2024-04-17 21:30:00,1.93526,1.9353799999999999,1.93457,1.93525,68,8,0
2024-04-17 21:35:00,1.93519,1.93541,1.93476,1.9352800000000001,136,8,0
2024-04-17 21:40:00,1.93525,1.9353,1.93514,1.93523,79,8,0
2024-04-17 21:45:00,1.9352399999999998,1.93543,1.93502,1.93523,81,8,0
2024-04-17 21:50:00,1.93521,1.9353,1.93503,1.93506,155,8,0
2024-04-17 21:55:00,1.93507,1.93529,1.93469,1.9350399999999999,240,8,0
2024-04-17 22:00:00,1.93506,1.93512,1.9347699999999999,1.9350399999999999,566,8,0
2024-04-17 22:05:00,1.935,1.93523,1.93495,1.9351699999999998,219,11,0
2024-04-17 22:10:00,1.9351500000000001,1.9354200000000001,1.93505,1.9354,175,8,0
2024-04-17 22:15:00,1.9354200000000001,1.93556,1.93521,1.9352200000000002,98,8,0
2024-04-17 22:20:00,1.93523,1.9353,1.93506,1.93513,182,8,0
2024-04-17 22:25:00,1.93512,1.9352,1.93489,1.93489,154,8,0
2024-04-17 22:30:00,1.93489,1.93493,1.93465,1.93465,206,8,0
2024-04-17 22:35:00,1.93466,1.9348100000000001,1.9346100000000002,1.93475,184,8,0
2024-04-17 22:40:00,1.93475,1.93479,1.9346,1.93472,86,8,0
2024-04-17 22:45:00,1.93472,1.93484,1.93466,1.93478,92,8,0
2024-04-17 22:50:00,1.93479,1.9350399999999999,1.9347400000000001,1.93482,124,8,0
2024-04-17 22:55:00,1.9348100000000001,1.93491,1.9346700000000001,1.9347699999999999,112,8,0
2024-04-17 23:00:00,1.93478,1.93484,1.93448,1.9346700000000001,196,8,0
2024-04-17 23:05:00,1.93468,1.93479,1.93459,1.93466,138,8,0
2024-04-17 23:10:00,1.9346700000000001,1.93469,1.93449,1.93466,177,8,0
2024-04-17 23:15:00,1.93464,1.93464,1.93419,1.93444,184,8,0
2024-04-17 23:20:00,1.9344299999999999,1.93455,1.9338600000000001,1.9338899999999999,239,8,0
2024-04-17 23:25:00,1.9338899999999999,1.93419,1.9338899999999999,1.9340899999999999,125,8,0
2024-04-17 23:30:00,1.9341,1.93433,1.93381,1.93428,263,8,0
2024-04-17 23:35:00,1.93428,1.9344700000000001,1.9340199999999999,1.93424,242,8,0
2024-04-17 23:40:00,1.93423,1.93423,1.93373,1.93405,290,8,0
2024-04-17 23:45:00,1.93405,1.9341300000000001,1.93384,1.93385,302,8,0
2024-04-17 23:50:00,1.93388,1.93388,1.93336,1.9336,310,8,0
2024-04-17 23:55:00,1.93361,1.93415,1.93357,1.93415,342,8,0
2024-04-18 00:00:00,1.93414,1.93457,1.93405,1.93457,697,8,0
2024-04-18 00:05:00,1.93458,1.93495,1.93417,1.9347699999999999,717,8,0
2024-04-18 00:10:00,1.93476,1.9351699999999998,1.93466,1.93472,634,8,0
2024-04-18 00:15:00,1.93475,1.9348100000000001,1.93404,1.9343599999999999,544,8,0
2024-04-18 00:20:00,1.93438,1.93439,1.93392,1.93421,533,8,0
2024-04-18 00:25:00,1.9342000000000001,1.93425,1.93394,1.93419,465,8,0
2024-04-18 00:30:00,1.93421,1.9343599999999999,1.93362,1.9337900000000001,455,8,0
2024-04-18 00:35:00,1.9338,1.93407,1.93371,1.93399,477,8,0
2024-04-18 00:40:00,1.9340000000000002,1.9340000000000002,1.9335499999999999,1.9335900000000001,485,8,0
2024-04-18 00:45:00,1.9336,1.93394,1.93354,1.93358,405,8,0
2024-04-18 00:50:00,1.9335900000000001,1.9342899999999998,1.93323,1.9342899999999998,615,8,0
2024-04-18 00:55:00,1.93428,1.93444,1.9335200000000001,1.9336,797,8,0
2024-04-18 01:00:00,1.93361,1.93365,1.93289,1.93324,941,8,0
2024-04-18 01:05:00,1.93323,1.93329,1.93265,1.93295,834,8,0
2024-04-18 01:10:00,1.9329399999999999,1.93296,1.9323000000000001,1.9327,851,8,0
2024-04-18 01:15:00,1.9327,1.93322,1.9325700000000001,1.9329800000000001,1084,8,0
2024-04-18 01:20:00,1.93299,1.9332799999999999,1.9325700000000001,1.9332099999999999,699,8,0
2024-04-18 01:25:00,1.93322,1.9347699999999999,1.93304,1.9347699999999999,576,8,0
2024-04-18 01:30:00,1.9347699999999999,1.93573,1.93275,1.9352399999999998,1429,8,0
2024-04-18 01:35:00,1.93525,1.93568,1.93476,1.93496,1319,8,0
2024-04-18 01:40:00,1.9349699999999999,1.93498,1.9340600000000001,1.9346100000000002,917,8,0
2024-04-18 01:45:00,1.93459,1.93465,1.93407,1.9342899999999998,753,8,0
2024-04-18 01:50:00,1.9343,1.93478,1.93388,1.93421,999,8,0
2024-04-18 01:55:00,1.93422,1.9345599999999998,1.93388,1.93419,1208,8,0
2024-04-18 02:00:00,1.93418,1.93458,1.93391,1.93452,789,8,0
2024-04-18 02:05:00,1.9345400000000001,1.9348999999999998,1.93431,1.93435,536,8,0
2024-04-18 02:10:00,1.93434,1.93441,1.93266,1.93277,1143,8,0
2024-04-18 02:15:00,1.9327800000000002,1.93356,1.93201,1.93282,1018,8,0
2024-04-18 02:20:00,1.9327999999999999,1.93324,1.9325299999999999,1.9329100000000001,611,8,0
2024-04-18 02:25:00,1.9329,1.93338,1.93255,1.93275,832,8,0
2024-04-18 02:30:00,1.93276,1.93299,1.93231,1.9325700000000001,963,8,0
2024-04-18 02:35:00,1.93259,1.9329100000000001,1.93228,1.9326699999999999,804,8,0
2024-04-18 02:40:00,1.93268,1.9327800000000002,1.93208,1.9321700000000002,917,8,0
2024-04-18 02:45:00,1.93218,1.93265,1.93181,1.9319600000000001,864,8,0
2024-04-18 02:50:00,1.93195,1.93242,1.93181,1.9321700000000002,651,8,0
2024-04-18 02:55:00,1.93218,1.93269,1.93204,1.9321000000000002,609,8,0
2024-04-18 03:00:00,1.93211,1.93241,1.93146,1.93148,392,8,0
2024-04-18 03:05:00,1.93146,1.93171,1.93116,1.93167,621,8,0
2024-04-18 03:10:00,1.9316900000000001,1.9327,1.93164,1.93254,661,8,0
2024-04-18 03:15:00,1.93255,1.93303,1.93255,1.9327299999999998,552,8,0
2024-04-18 03:20:00,1.93274,1.93282,1.93227,1.9324,459,8,0
2024-04-18 03:25:00,1.93239,1.93239,1.93178,1.9321700000000002,586,8,0
2024-04-18 03:30:00,1.93214,1.93275,1.93195,1.9326400000000001,608,8,0
2024-04-18 03:35:00,1.93265,1.93312,1.9325,1.9329,602,8,0
2024-04-18 03:40:00,1.9329100000000001,1.9332500000000001,1.93276,1.93293,511,8,0
2024-04-18 03:45:00,1.9329399999999999,1.9329399999999999,1.93248,1.9325299999999999,458,8,0
2024-04-18 03:50:00,1.93254,1.9328400000000001,1.93209,1.93216,496,8,0
2024-04-18 03:55:00,1.93215,1.9321899999999999,1.9316200000000001,1.9319199999999999,342,8,0
2024-04-18 04:00:00,1.93189,1.93222,1.93189,1.93218,292,8,0
2024-04-18 04:05:00,1.9321899999999999,1.9327,1.93214,1.93248,283,8,0
2024-04-18 04:10:00,1.93249,1.93281,1.93225,1.93279,345,8,0
2024-04-18 04:15:00,1.9327800000000002,1.93285,1.93255,1.93268,365,8,0
2024-04-18 04:20:00,1.9327100000000002,1.93299,1.93252,1.93258,389,8,0
2024-04-18 04:25:00,1.93256,1.9329,1.93254,1.93286,289,8,0
2024-04-18 04:30:00,1.9328699999999999,1.9335499999999999,1.93285,1.9331800000000001,403,8,0
2024-04-18 04:35:00,1.93317,1.9333,1.93296,1.93302,306,8,0
2024-04-18 04:40:00,1.93302,1.93326,1.9327999999999999,1.93322,397,8,0
2024-04-18 04:45:00,1.9332099999999999,1.93381,1.93317,1.93381,274,8,0
2024-04-18 04:50:00,1.9338199999999999,1.93394,1.93354,1.9339,409,8,0
2024-04-18 04:55:00,1.9338899999999999,1.9343,1.93369,1.9342000000000001,304,8,0
2024-04-18 05:00:00,1.93421,1.9347400000000001,1.9342000000000001,1.93462,498,8,0
2024-04-18 05:05:00,1.9346299999999998,1.9350100000000001,1.9346100000000002,1.93482,455,8,0
2024-04-18 05:10:00,1.9348,1.93529,1.9344700000000001,1.93523,520,8,0
2024-04-18 05:15:00,1.93527,1.93556,1.93512,1.9351500000000001,459,8,0
2024-04-18 05:20:00,1.93514,1.9352800000000001,1.93505,1.93514,415,8,0
2024-04-18 05:25:00,1.93516,1.9352800000000001,1.93482,1.93526,363,8,0
2024-04-18 05:30:00,1.9352399999999998,1.9352399999999998,1.9348,1.9351099999999999,707,8,0
2024-04-18 05:35:00,1.93512,1.93534,1.93469,1.9349699999999999,574,8,0
2024-04-18 05:40:00,1.93499,1.9352399999999998,1.93434,1.9344700000000001,718,8,0
2024-04-18 05:45:00,1.93449,1.935,1.93414,1.9347699999999999,567,8,0
2024-04-18 05:50:00,1.93475,1.9348800000000002,1.93433,1.93449,574,8,0
2024-04-18 05:55:00,1.93451,1.93462,1.93417,1.9344299999999999,527,8,0
2024-04-18 06:00:00,1.9344299999999999,1.9350100000000001,1.93401,1.93453,791,8,0
2024-04-18 06:05:00,1.93453,1.93462,1.93372,1.93396,881,8,0
2024-04-18 06:10:00,1.93398,1.9344299999999999,1.9339499999999998,1.9343599999999999,681,8,0
2024-04-18 06:15:00,1.9344000000000001,1.93445,1.9337,1.93381,788,8,0
2024-04-18 06:20:00,1.9337900000000001,1.93396,1.93351,1.93392,622,8,0
2024-04-18 06:25:00,1.93392,1.93439,1.93381,1.93418,644,8,0
2024-04-18 06:30:00,1.93419,1.93428,1.93377,1.93408,772,8,0
2024-04-18 06:35:00,1.93407,1.93415,1.93347,1.93369,610,8,0
2024-04-18 06:40:00,1.9336600000000002,1.93383,1.93335,1.9334,746,8,0
2024-04-18 06:45:00,1.9334,1.93381,1.9333399999999998,1.93346,687,8,0
2024-04-18 06:50:00,1.93346,1.93349,1.9331,1.93349,744,8,0
2024-04-18 06:55:00,1.9334799999999999,1.93351,1.9327,1.93293,832,8,0
2024-04-18 07:00:00,1.9329100000000001,1.93361,1.93281,1.9333900000000002,1190,8,0
2024-04-18 07:05:00,1.93337,1.9347400000000001,1.9333,1.93455,1017,8,0
2024-04-18 07:10:00,1.9345400000000001,1.9348800000000002,1.93426,1.93455,995,8,0
2024-04-18 07:15:00,1.9345400000000001,1.93469,1.9342700000000002,1.93431,1117,8,0
2024-04-18 07:20:00,1.93432,1.93459,1.93383,1.93419,974,8,0
2024-04-18 07:25:00,1.93419,1.9343,1.9338,1.93418,1053,8,0
2024-04-18 07:30:00,1.93419,1.93445,1.9338,1.93398,1075,8,0
2024-04-18 07:35:00,1.93398,1.9346700000000001,1.9339300000000001,1.93445,857,8,0
2024-04-18 07:40:00,1.93445,1.9346999999999999,1.93408,1.93432,879,8,0
2024-04-18 07:45:00,1.93434,1.93444,1.9338199999999999,1.93397,674,8,0
2024-04-18 07:50:00,1.93396,1.93412,1.93362,1.93381,660,8,0
2024-04-18 07:55:00,1.9338,1.9338600000000001,1.93323,1.93353,602,8,0
2024-04-18 08:00:00,1.93351,1.93411,1.9334500000000001,1.93392,1203,8,0
2024-04-18 08:05:00,1.9339300000000001,1.93404,1.93329,1.9334799999999999,889,8,0
2024-04-18 08:10:00,1.93347,1.93407,1.93329,1.93384,936,8,0
2024-04-18 08:15:00,1.93383,1.93423,1.9338,1.9339499999999998,739,8,0
2024-04-18 08:20:00,1.93394,1.93432,1.9338199999999999,1.93432,1007,8,0
2024-04-18 08:25:00,1.93431,1.93444,1.93365,1.93387,1032,8,0
2024-04-18 08:30:00,1.9338600000000001,1.93462,1.9338600000000001,1.93459,988,8,0
2024-04-18 08:35:00,1.93462,1.93471,1.93422,1.93444,668,8,0
2024-04-18 08:40:00,1.93444,1.93448,1.93363,1.93387,662,8,0
2024-04-18 08:45:00,1.9338899999999999,1.93455,1.93387,1.93434,911,8,0
2024-04-18 08:50:00,1.93432,1.9345400000000001,1.93408,1.93453,863,8,0
2024-04-18 08:55:00,1.93452,1.93494,1.93444,1.93466,690,8,0
2024-04-18 09:00:00,1.9346700000000001,1.93491,1.93439,1.93479,674,8,0
2024-04-18 09:05:00,1.93478,1.93494,1.93442,1.93469,514,8,0
2024-04-18 09:10:00,1.9346999999999999,1.9350399999999999,1.9346,1.9347699999999999,625,8,0
2024-04-18 09:15:00,1.93478,1.93529,1.93465,1.93498,566,8,0
2024-04-18 09:20:00,1.93499,1.93545,1.9348,1.93539,802,8,0
2024-04-18 09:25:00,1.9354,1.9357199999999999,1.9351500000000001,1.9356499999999999,661,8,0
2024-04-18 09:30:00,1.93566,1.9357199999999999,1.9353,1.93537,714,8,0
2024-04-18 09:35:00,1.9353500000000001,1.9357,1.93518,1.93537,707,8,0
2024-04-18 09:40:00,1.93536,1.9354900000000002,1.93483,1.93493,607,8,0
2024-04-18 09:45:00,1.93493,1.93589,1.93483,1.93575,625,8,0
2024-04-18 09:50:00,1.9357600000000001,1.93613,1.9355099999999998,1.9356200000000001,493,8,0
2024-04-18 09:55:00,1.93563,1.9358499999999998,1.93552,1.93564,645,8,0
2024-04-18 10:00:00,1.93566,1.93613,1.9356200000000001,1.93571,679,8,0
2024-04-18 10:05:00,1.93567,1.93573,1.9352399999999998,1.9353799999999999,583,8,0
2024-04-18 10:10:00,1.93541,1.93568,1.93529,1.93563,661,8,0
2024-04-18 10:15:00,1.93561,1.93584,1.9354200000000001,1.93575,470,8,0
2024-04-18 10:20:00,1.93575,1.93591,1.93529,1.93588,603,8,0
2024-04-18 10:25:00,1.9358499999999998,1.93589,1.9356,1.93577,595,8,0
2024-04-18 10:30:00,1.9357600000000001,1.93577,1.9350100000000001,1.93537,504,8,0
2024-04-18 10:35:00,1.93534,1.93553,1.93518,1.93553,530,8,0
2024-04-18 10:40:00,1.93552,1.93588,1.93536,1.9357199999999999,552,8,0
2024-04-18 10:45:00,1.93571,1.9361199999999998,1.93557,1.9361000000000002,624,8,0
2024-04-18 10:50:00,1.93611,1.9364400000000002,1.9359899999999999,1.9362599999999999,747,8,0
2024-04-18 10:55:00,1.93627,1.93665,1.9362599999999999,1.93643,623,8,0
2024-04-18 11:00:00,1.9364400000000002,1.9364400000000002,1.93601,1.93602,671,8,0
2024-04-18 11:05:00,1.93608,1.9361199999999998,1.93575,1.93597,458,8,0
2024-04-18 11:10:00,1.93597,1.9364599999999998,1.93584,1.93614,595,8,0
2024-04-18 11:15:00,1.9361199999999998,1.93647,1.93586,1.9359600000000001,580,8,0
2024-04-18 11:20:00,1.93595,1.9364,1.93593,1.93635,574,8,0
2024-04-18 11:25:00,1.93634,1.93667,1.9361000000000002,1.9365999999999999,611,8,0
2024-04-18 11:30:00,1.93661,1.93667,1.93595,1.93611,890,8,0
2024-04-18 11:35:00,1.9361199999999998,1.93625,1.93545,1.9355099999999998,721,8,0
2024-04-18 11:40:00,1.9355,1.93553,1.93503,1.93512,640,8,0
2024-04-18 11:45:00,1.93513,1.93553,1.93503,1.9352,767,8,0
2024-04-18 11:50:00,1.9351699999999998,1.93527,1.93421,1.93423,649,8,0
2024-04-18 11:55:00,1.93424,1.93457,1.9340600000000001,1.93448,793,8,0
2024-04-18 12:00:00,1.93449,1.93502,1.93445,1.93491,1114,8,0
2024-04-18 12:05:00,1.9348999999999998,1.93496,1.93448,1.93468,874,8,0
2024-04-18 12:10:00,1.93469,1.9353099999999999,1.9346700000000001,1.9347699999999999,667,8,0
2024-04-18 12:15:00,1.9348,1.93498,1.9344000000000001,1.93445,850,8,0
2024-04-18 12:20:00,1.93446,1.9353799999999999,1.9344299999999999,1.93523,1039,8,0
2024-04-18 12:25:00,1.9352399999999998,1.9354200000000001,1.93381,1.9341300000000001,741,8,0
2024-04-18 12:30:00,1.9341,1.93557,1.93404,1.93494,2072,8,0
2024-04-18 12:35:00,1.93496,1.93553,1.9346,1.93495,1442,8,0
2024-04-18 12:40:00,1.93494,1.9351500000000001,1.9346299999999998,1.93492,1478,8,0
2024-04-18 12:45:00,1.93494,1.93536,1.93462,1.93521,1452,8,0
2024-04-18 12:50:00,1.9352,1.93547,1.93462,1.9346999999999999,1273,8,0
2024-04-18 12:55:00,1.93471,1.9347699999999999,1.93418,1.93422,1570,8,0
2024-04-18 13:00:00,1.93422,1.93479,1.93408,1.93437,1756,8,0
2024-04-18 13:05:00,1.9343599999999999,1.9346100000000002,1.93415,1.93426,1508,8,0
2024-04-18 13:10:00,1.9342700000000002,1.93438,1.9336799999999998,1.9338199999999999,1362,8,0
2024-04-18 13:15:00,1.9337900000000001,1.93453,1.93369,1.9342899999999998,1256,8,0
2024-04-18 13:20:00,1.9343,1.93435,1.9338,1.9341599999999999,1319,8,0
2024-04-18 13:25:00,1.93417,1.9346999999999999,1.93407,1.9345599999999998,1381,8,0
2024-04-18 13:30:00,1.93455,1.9352800000000001,1.93412,1.93523,2102,8,0
2024-04-18 13:35:00,1.9352,1.93681,1.9352,1.93642,2036,8,0
2024-04-18 13:40:00,1.9364,1.9365700000000001,1.93544,1.93563,2032,8,0
2024-04-18 13:45:00,1.93561,1.93586,1.93451,1.93486,1927,8,0
2024-04-18 13:50:00,1.93484,1.93607,1.9347400000000001,1.9360300000000001,1673,8,0
2024-04-18 13:55:00,1.93604,1.93615,1.9352200000000002,1.93552,1503,8,0
2024-04-18 14:00:00,1.9355099999999998,1.93625,1.93483,1.93593,1879,8,0
2024-04-18 14:05:00,1.9359,1.93609,1.93527,1.93567,1810,8,0
2024-04-18 14:10:00,1.93567,1.93608,1.9353,1.93593,1482,8,0
2024-04-18 14:15:00,1.936,1.93608,1.93521,1.9353099999999999,1342,8,0
2024-04-18 14:20:00,1.9353,1.93589,1.93526,1.93568,1412,8,0
2024-04-18 14:25:00,1.93567,1.936,1.9353500000000001,1.9355,1357,8,0
2024-04-18 14:30:00,1.93552,1.9355799999999999,1.9348999999999998,1.9351099999999999,1308,8,0
2024-04-18 14:35:00,1.9351,1.93527,1.93458,1.9348800000000002,1197,8,0
2024-04-18 14:40:00,1.93487,1.9352,1.93458,1.93489,1333,8,0
2024-04-18 14:45:00,1.93489,1.93489,1.9339,1.9341599999999999,1234,8,0
2024-04-18 14:50:00,1.93417,1.93434,1.9337900000000001,1.9340899999999999,1197,8,0
2024-04-18 14:55:00,1.93408,1.93451,1.9339,1.9344000000000001,1261,8,0
2024-04-18 15:00:00,1.93441,1.9348,1.93428,1.9346299999999998,1396,8,0
2024-04-18 15:05:00,1.93465,1.93482,1.93424,1.9344000000000001,992,8,0
2024-04-18 15:10:00,1.93442,1.935,1.93431,1.93487,872,8,0
2024-04-18 15:15:00,1.93486,1.9350800000000001,1.93469,1.9349699999999999,1062,8,0
2024-04-18 15:20:00,1.93498,1.93529,1.93491,1.93507,934,8,0
2024-04-18 15:25:00,1.93506,1.93559,1.93503,1.9355,898,8,0
2024-04-18 15:30:00,1.9355099999999998,1.9359,1.9353799999999999,1.93561,1236,8,0
2024-04-18 15:35:00,1.9356200000000001,1.93616,1.93541,1.9361000000000002,826,8,0
2024-04-18 15:40:00,1.93611,1.93706,1.93601,1.93678,975,8,0
2024-04-18 15:45:00,1.93677,1.93749,1.93677,1.9371800000000001,991,8,0
2024-04-18 15:50:00,1.93715,1.93724,1.9367999999999999,1.9369,959,8,0
2024-04-18 15:55:00,1.93689,1.937,1.9362300000000001,1.93649,988,8,0
2024-04-18 16:00:00,1.93647,1.93672,1.9360300000000001,1.9365,898,8,0
2024-04-18 16:05:00,1.93649,1.9371800000000001,1.93649,1.93676,971,8,0
2024-04-18 16:10:00,1.93678,1.93719,1.93674,1.9371800000000001,804,8,0
2024-04-18 16:15:00,1.93717,1.9373,1.93672,1.93682,713,8,0
2024-04-18 16:20:00,1.93681,1.93697,1.93665,1.93689,711,8,0
2024-04-18 16:25:00,1.9369,1.9369399999999999,1.9364400000000002,1.9365299999999999,695,8,0
2024-04-18 16:30:00,1.93655,1.93711,1.9365299999999999,1.9371,713,8,0
2024-04-18 16:35:00,1.93712,1.93713,1.93659,1.9369399999999999,968,8,0
2024-04-18 16:40:00,1.93693,1.9373,1.93677,1.93681,1040,8,0
2024-04-18 16:45:00,1.93682,1.93724,1.93677,1.93709,990,8,0
2024-04-18 16:50:00,1.9371,1.93727,1.9369100000000001,1.93712,918,8,0
2024-04-18 16:55:00,1.93711,1.93711,1.93636,1.93648,904,8,0
2024-04-18 17:00:00,1.93649,1.9369800000000001,1.93627,1.9369,912,8,0
2024-04-18 17:05:00,1.93692,1.93715,1.93672,1.93674,897,8,0
2024-04-18 17:10:00,1.93674,1.93706,1.93656,1.93679,1013,8,0
2024-04-18 17:15:00,1.93679,1.93726,1.9367,1.93712,918,8,0
2024-04-18 17:20:00,1.93711,1.93783,1.93683,1.93774,1207,8,0
2024-04-18 17:25:00,1.93774,1.93785,1.93722,1.93733,1213,8,0
2024-04-18 17:30:00,1.93733,1.9378,1.93724,1.93765,958,8,0
2024-04-18 17:35:00,1.93765,1.9379300000000002,1.93744,1.93788,938,8,0
2024-04-18 17:40:00,1.93787,1.93818,1.93749,1.9376,1186,8,0
2024-04-18 17:45:00,1.9375900000000001,1.93767,1.9372,1.9376,1140,8,0
2024-04-18 17:50:00,1.9375900000000001,1.93805,1.9375499999999999,1.9378199999999999,1145,8,0
2024-04-18 17:55:00,1.93783,1.93808,1.9376,1.93769,1099,8,0
2024-04-18 18:00:00,1.9377,1.93785,1.9373200000000002,1.93751,1072,8,0
2024-04-18 18:05:00,1.93751,1.9377499999999999,1.93735,1.93757,1017,8,0
2024-04-18 18:10:00,1.93756,1.9377900000000001,1.9372500000000001,1.9373,1146,8,0
2024-04-18 18:15:00,1.93731,1.9373200000000002,1.93693,1.93711,1008,8,0
2024-04-18 18:20:00,1.9371,1.93726,1.93683,1.93704,981,8,0
2024-04-18 18:25:00,1.93704,1.93715,1.9367100000000002,1.93689,901,8,0
2024-04-18 18:30:00,1.93688,1.93761,1.93685,1.9375200000000001,849,8,0
2024-04-18 18:35:00,1.93751,1.93753,1.93722,1.93746,720,8,0
2024-04-18 18:40:00,1.93744,1.93746,1.93702,1.93719,740,8,0
2024-04-18 18:45:00,1.9372099999999999,1.93737,1.93689,1.93716,874,8,0
2024-04-18 18:50:00,1.93713,1.9371800000000001,1.9367999999999999,1.93695,738,8,0
2024-04-18 18:55:00,1.9369399999999999,1.93731,1.93686,1.93717,787,8,0
2024-04-18 19:00:00,1.93717,1.93724,1.93682,1.93688,849,8,0
2024-04-18 19:05:00,1.93689,1.93717,1.93679,1.93693,685,8,0
2024-04-18 19:10:00,1.93693,1.93712,1.9368699999999999,1.93711,877,8,0
2024-04-18 19:15:00,1.93711,1.93716,1.93688,1.93696,980,8,0
2024-04-18 19:20:00,1.93695,1.93727,1.9369399999999999,1.93709,1079,8,0
2024-04-18 19:25:00,1.9371,1.93728,1.93678,1.93708,722,8,0
2024-04-18 19:30:00,1.93709,1.93736,1.93697,1.93712,552,8,0
2024-04-18 19:35:00,1.93713,1.93719,1.9369100000000001,1.93704,603,8,0
2024-04-18 19:40:00,1.9370500000000002,1.93706,1.9367,1.9367100000000002,547,8,0
2024-04-18 19:45:00,1.93674,1.9368699999999999,1.9366400000000001,1.93672,587,8,0
2024-04-18 19:50:00,1.9367100000000002,1.93708,1.93665,1.93692,762,8,0
2024-04-18 19:55:00,1.93692,1.93699,1.9365999999999999,1.93675,668,8,0
2024-04-18 20:00:00,1.93674,1.9369,1.9365700000000001,1.93665,540,8,0
2024-04-18 20:05:00,1.93666,1.93679,1.9366400000000001,1.9367299999999998,219,8,0
2024-04-18 20:10:00,1.9367100000000002,1.9367299999999998,1.93643,1.93647,254,8,0
2024-04-18 20:15:00,1.9364599999999998,1.93661,1.93632,1.93655,198,8,0
2024-04-18 20:20:00,1.93656,1.93677,1.93655,1.93669,126,8,0
2024-04-18 20:25:00,1.9367100000000002,1.9367299999999998,1.93654,1.9367100000000002,121,8,0
2024-04-18 20:30:00,1.9367100000000002,1.93699,1.93658,1.93686,127,8,0
2024-04-18 20:35:00,1.93688,1.93715,1.9368400000000001,1.9371,157,8,0
2024-04-18 20:40:00,1.9371,1.93715,1.9369800000000001,1.9370500000000002,124,8,0
2024-04-18 20:45:00,1.9370699999999998,1.93712,1.9370500000000002,1.93708,115,8,0
2024-04-18 20:50:00,1.9370699999999998,1.93708,1.93679,1.93685,266,8,0
2024-04-18 20:55:00,1.93688,1.93695,1.9354900000000002,1.9354900000000002,228,8,0
2024-04-18 21:00:00,1.9353799999999999,1.93682,1.93492,1.93663,61,75,0
2024-04-18 21:05:00,1.93663,1.93697,1.93636,1.93697,37,16,0
2024-04-18 21:10:00,1.93696,1.9369800000000001,1.9359899999999999,1.93645,70,15,0
2024-04-18 21:15:00,1.9363899999999998,1.9365,1.93588,1.93609,104,43,0
2024-04-18 21:20:00,1.93609,1.93683,1.9358300000000002,1.93635,125,26,0
2024-04-18 21:25:00,1.93635,1.937,1.93635,1.9364400000000002,112,40,0
2024-04-18 21:30:00,1.93652,1.93669,1.93621,1.9365999999999999,98,31,0
2024-04-18 21:35:00,1.93661,1.9368699999999999,1.93645,1.93648,162,15,0
2024-04-18 21:40:00,1.93654,1.9368699999999999,1.9363700000000001,1.9366400000000001,449,30,0
2024-04-18 21:45:00,1.93662,1.93677,1.9364599999999998,1.93666,345,35,0
2024-04-18 21:50:00,1.93667,1.93683,1.9363899999999998,1.93666,333,32,0
2024-04-18 21:55:00,1.93666,1.93726,1.93659,1.9368400000000001,255,24,0
2024-04-18 22:00:00,1.93681,1.93681,1.9363000000000001,1.9363899999999998,96,8,0
2024-04-18 22:05:00,1.93642,1.93647,1.9362300000000001,1.93638,60,8,0
2024-04-18 22:10:00,1.93638,1.93643,1.93635,1.93635,58,8,0
2024-04-18 22:15:00,1.9363299999999999,1.9365299999999999,1.9362300000000001,1.9363700000000001,141,8,0
2024-04-18 22:20:00,1.93634,1.93648,1.93634,1.93648,68,8,0
2024-04-18 22:25:00,1.93645,1.93652,1.9363700000000001,1.93651,92,8,0
2024-04-18 22:30:00,1.93652,1.93682,1.93636,1.93666,111,8,0
2024-04-18 22:35:00,1.93666,1.93674,1.93651,1.93663,302,8,0
2024-04-18 22:40:00,1.93663,1.9369399999999999,1.93663,1.9368699999999999,366,8,0
2024-04-18 22:45:00,1.93686,1.9368699999999999,1.93668,1.93677,179,8,0
2024-04-18 22:50:00,1.93678,1.937,1.93668,1.93697,113,8,0
2024-04-18 22:55:00,1.93696,1.93701,1.9368400000000001,1.9369399999999999,100,8,0
2024-04-18 23:00:00,1.93695,1.93697,1.93665,1.93674,148,8,0
2024-04-18 23:05:00,1.93675,1.9369100000000001,1.93674,1.9369,109,8,0
2024-04-18 23:10:00,1.9369100000000001,1.9369399999999999,1.93652,1.9366400000000001,246,8,0
2024-04-18 23:15:00,1.9366400000000001,1.93667,1.93635,1.93649,179,8,0
2024-04-18 23:20:00,1.9365,1.93651,1.9361000000000002,1.93615,201,8,0
2024-04-18 23:25:00,1.93614,1.93651,1.93604,1.93645,179,8,0
2024-04-18 23:30:00,1.93643,1.93651,1.9361899999999999,1.93635,240,8,0
2024-04-18 23:35:00,1.93634,1.9363899999999998,1.93601,1.93602,220,8,0
2024-04-18 23:40:00,1.93601,1.9362300000000001,1.936,1.9361199999999998,356,8,0
2024-04-18 23:45:00,1.93611,1.93625,1.9358,1.93587,369,8,0
2024-04-18 23:50:00,1.93586,1.93625,1.93567,1.93591,612,8,0
2024-04-18 23:55:00,1.93594,1.93594,1.9355099999999998,1.9358499999999998,466,8,0
2024-04-19 00:00:00,1.93587,1.9361199999999998,1.93566,1.93594,903,8,0
2024-04-19 00:05:00,1.9359600000000001,1.93658,1.9359600000000001,1.9365700000000001,837,8,0
2024-04-19 00:10:00,1.93655,1.93709,1.9363899999999998,1.93682,796,8,0
2024-04-19 00:15:00,1.9368400000000001,1.93833,1.93681,1.93807,964,8,0
2024-04-19 00:20:00,1.93807,1.93826,1.93754,1.9376600000000002,849,8,0
2024-04-19 00:25:00,1.93767,1.9378600000000001,1.9374099999999999,1.93765,581,8,0
2024-04-19 00:30:00,1.9376600000000002,1.93834,1.93764,1.93823,705,8,0
2024-04-19 00:35:00,1.93825,1.93838,1.93801,1.93818,522,8,0
2024-04-19 00:40:00,1.9381599999999999,1.93857,1.9381599999999999,1.9384000000000001,475,8,0
2024-04-19 00:45:00,1.93841,1.93879,1.93823,1.9385400000000002,603,8,0
2024-04-19 00:50:00,1.9385599999999998,1.9391,1.93844,1.9388999999999998,1041,8,0
2024-04-19 00:55:00,1.93891,1.94007,1.9388,1.9398300000000002,1253,8,0
2024-04-19 01:00:00,1.93984,1.94025,1.93914,1.9402300000000001,1569,8,0
2024-04-19 01:05:00,1.9401899999999999,1.94238,1.9397600000000002,1.94224,1803,8,0
2024-04-19 01:10:00,1.94224,1.94278,1.9415900000000001,1.94249,2285,8,0
2024-04-19 01:15:00,1.94249,1.9439600000000001,1.94215,1.9436499999999999,2135,8,0
2024-04-19 01:20:00,1.9436499999999999,1.9436499999999999,1.9424000000000001,1.94258,1632,8,0
2024-04-19 01:25:00,1.9426,1.94329,1.94158,1.94265,1746,8,0
2024-04-19 01:30:00,1.9426299999999999,1.94479,1.94255,1.94436,2312,8,0
2024-04-19 01:35:00,1.94436,1.94726,1.94427,1.94723,2350,8,0
2024-04-19 01:40:00,1.94723,1.94809,1.9454,1.94725,2340,8,0
2024-04-19 01:45:00,1.94725,1.9472800000000001,1.9438900000000001,1.9443700000000002,2212,8,0
2024-04-19 01:50:00,1.94436,1.94456,1.94322,1.94329,2463,8,0
2024-04-19 01:55:00,1.94325,1.94449,1.94271,1.9439600000000001,2310,8,0
2024-04-19 02:00:00,1.94395,1.94539,1.9436200000000001,1.9445000000000001,2329,8,0
2024-04-19 02:05:00,1.94451,1.9461300000000001,1.94418,1.9459,2212,8,0
2024-04-19 02:10:00,1.94589,1.94638,1.94502,1.9455200000000001,2435,8,0
2024-04-19 02:15:00,1.9455200000000001,1.94693,1.94494,1.9468299999999998,2185,8,0
2024-04-19 02:20:00,1.9468299999999998,1.94713,1.94603,1.94702,2171,8,0
2024-04-19 02:25:00,1.94698,1.9476200000000001,1.9452,1.94554,2083,8,0
2024-04-19 02:30:00,1.94555,1.94651,1.9455200000000001,1.9460899999999999,1857,8,0
2024-04-19 02:35:00,1.9461,1.9464000000000001,1.94539,1.94589,1789,8,0
2024-04-19 02:40:00,1.94587,1.9470399999999999,1.9455200000000001,1.94673,1921,8,0
2024-04-19 02:45:00,1.9467400000000001,1.94693,1.9462000000000002,1.94623,2119,8,0
2024-04-19 02:50:00,1.94626,1.9463599999999999,1.9447999999999999,1.94519,1860,8,0
2024-04-19 02:55:00,1.9451800000000001,1.94526,1.94456,1.94519,1933,8,0
2024-04-19 03:00:00,1.94519,1.94519,1.9437600000000002,1.94395,2093,8,0
2024-04-19 03:05:00,1.9439600000000001,1.94431,1.9433099999999999,1.94348,1930,8,0
2024-04-19 03:10:00,1.94347,1.94515,1.94325,1.94506,2020,8,0
2024-04-19 03:15:00,1.9450699999999999,1.94564,1.94462,1.9448699999999999,1915,8,0
2024-04-19 03:20:00,1.94486,1.94499,1.94417,1.94445,1552,8,0
2024-04-19 03:25:00,1.94444,1.94456,1.94136,1.94173,1993,8,0
2024-04-19 03:30:00,1.94174,1.9435799999999999,1.94104,1.9432,2105,8,0
2024-04-19 03:35:00,1.94319,1.94384,1.94268,1.94384,1592,8,0
2024-04-19 03:40:00,1.94383,1.9438900000000001,1.94266,1.9428800000000002,1288,8,0
2024-04-19 03:45:00,1.9428800000000002,1.94381,1.94265,1.94354,1529,8,0
2024-04-19 03:50:00,1.94352,1.94384,1.94326,1.9433500000000001,1305,8,0
2024-04-19 03:55:00,1.9433500000000001,1.94354,1.94306,1.94316,1209,8,0
2024-04-19 04:00:00,1.9431699999999998,1.94321,1.9411,1.94133,1326,8,0
2024-04-19 04:05:00,1.94136,1.9417200000000001,1.9410500000000002,1.94127,1102,8,0
2024-04-19 04:10:00,1.94129,1.94156,1.94051,1.9414099999999999,991,8,0
2024-04-19 04:15:00,1.94136,1.9421599999999999,1.94131,1.9416600000000002,961,8,0
2024-04-19 04:20:00,1.94165,1.94191,1.94108,1.94139,822,8,0
2024-04-19 04:25:00,1.94138,1.94181,1.94122,1.94136,727,8,0
2024-04-19 04:30:00,1.94136,1.94163,1.94117,1.94126,834,8,0
2024-04-19 04:35:00,1.94127,1.9414,1.94041,1.9406400000000001,844,8,0
2024-04-19 04:40:00,1.94065,1.94113,1.94065,1.94099,1001,8,0
2024-04-19 04:45:00,1.9409100000000001,1.94104,1.94001,1.94083,927,8,0
2024-04-19 04:50:00,1.94086,1.9410500000000002,1.94052,1.94061,822,8,0
2024-04-19 04:55:00,1.94061,1.94083,1.94017,1.9405299999999999,627,8,0
2024-04-19 05:00:00,1.94055,1.94076,1.94017,1.9405700000000001,746,8,0
2024-04-19 05:05:00,1.94058,1.94082,1.93993,1.94067,858,8,0
2024-04-19 05:10:00,1.94068,1.94083,1.94028,1.94038,871,8,0
2024-04-19 05:15:00,1.9403700000000002,1.94101,1.9403700000000002,1.94069,902,8,0
2024-04-19 05:20:00,1.9407,1.94088,1.94036,1.94069,909,8,0
2024-04-19 05:25:00,1.9407,1.94081,1.94027,1.94054,729,8,0
2024-04-19 05:30:00,1.94055,1.94102,1.94054,1.9409,929,8,0
2024-04-19 05:35:00,1.9409399999999999,1.9414500000000001,1.94072,1.9413,1048,8,0
2024-04-19 05:40:00,1.94129,1.94129,1.94052,1.94085,607,8,0
2024-04-19 05:45:00,1.94083,1.94116,1.94051,1.94096,831,8,0
2024-04-19 05:50:00,1.94096,1.9411,1.9401899999999999,1.94058,667,8,0
2024-04-19 05:55:00,1.94058,1.94068,1.9398300000000002,1.9398300000000002,528,8,0
2024-04-19 06:00:00,1.93977,1.9401199999999998,1.93883,1.93929,1418,8,0
2024-04-19 06:05:00,1.93929,1.93997,1.93894,1.9390100000000001,1208,8,0
2024-04-19 06:10:00,1.939,1.9393799999999999,1.93889,1.93932,1246,8,0
2024-04-19 06:15:00,1.93933,1.93977,1.9387699999999999,1.93936,1222,8,0
2024-04-19 06:20:00,1.9393799999999999,1.93975,1.9391699999999998,1.93966,1200,8,0
2024-04-19 06:25:00,1.9396499999999999,1.93986,1.93934,1.93968,998,8,0
2024-04-19 06:30:00,1.9396900000000001,1.93971,1.93905,1.9392399999999999,1589,8,0
2024-04-19 06:35:00,1.9392399999999999,1.9392800000000001,1.93797,1.93818,1461,8,0
2024-04-19 06:40:00,1.93819,1.93841,1.93757,1.9380899999999999,1343,8,0
2024-04-19 06:45:00,1.9380899999999999,1.93986,1.93783,1.93977,1272,8,0
2024-04-19 06:50:00,1.9397799999999998,1.94034,1.9396200000000001,1.9399199999999999,1108,8,0
2024-04-19 06:55:00,1.93994,1.94027,1.93921,1.93968,1323,8,0
2024-04-19 07:00:00,1.93968,1.9399600000000001,1.93882,1.93919,1735,8,0
2024-04-19 07:05:00,1.93918,1.9393,1.93781,1.93887,1796,8,0
2024-04-19 07:10:00,1.93891,1.93895,1.93778,1.93837,1340,8,0
2024-04-19 07:15:00,1.93838,1.93878,1.93831,1.93859,1318,8,0
2024-04-19 07:20:00,1.9386,1.93905,1.93855,1.93876,1184,8,0
2024-04-19 07:25:00,1.93871,1.93873,1.93774,1.93798,1382,8,0
2024-04-19 07:30:00,1.93797,1.93832,1.9375900000000001,1.9377499999999999,1454,8,0
2024-04-19 07:35:00,1.93776,1.93791,1.93716,1.93788,1043,8,0
2024-04-19 07:40:00,1.93787,1.93839,1.93753,1.93822,1316,8,0
2024-04-19 07:45:00,1.93819,1.93852,1.93771,1.93824,1224,8,0
2024-04-19 07:50:00,1.93825,1.9384000000000001,1.93784,1.93828,975,8,0
2024-04-19 07:55:00,1.9382899999999998,1.9385400000000002,1.93808,1.93832,1040,8,0
2024-04-19 08:00:00,1.93831,1.93887,1.93817,1.9388,982,8,0
2024-04-19 08:05:00,1.93878,1.9394200000000001,1.93864,1.93933,1153,8,0
2024-04-19 08:10:00,1.9393,1.93945,1.93892,1.93911,1013,8,0
2024-04-19 08:15:00,1.9391500000000002,1.93936,1.93865,1.93876,1020,8,0
2024-04-19 08:20:00,1.93875,1.93907,1.93851,1.93859,1089,8,0
2024-04-19 08:25:00,1.9386,1.93882,1.93831,1.9384000000000001,1167,8,0
2024-04-19 08:30:00,1.9384299999999999,1.9386700000000001,1.93807,1.9386100000000002,848,8,0
2024-04-19 08:35:00,1.9386,1.93882,1.9380199999999999,1.9386100000000002,952,8,0
2024-04-19 08:40:00,1.9386,1.93966,1.93855,1.93964,906,8,0
2024-04-19 08:45:00,1.93963,1.93997,1.9393,1.93941,836,8,0
2024-04-19 08:50:00,1.93939,1.9395099999999998,1.939,1.93946,997,8,0
2024-04-19 08:55:00,1.93947,1.93959,1.93875,1.93913,1051,8,0
2024-04-19 09:00:00,1.93912,1.93937,1.93871,1.9393500000000001,1136,8,0
2024-04-19 09:05:00,1.93936,1.93959,1.93918,1.93947,780,8,0
2024-04-19 09:10:00,1.93946,1.93955,1.93899,1.93919,850,8,0
2024-04-19 09:15:00,1.93921,1.9394,1.93878,1.93878,973,8,0
2024-04-19 09:20:00,1.9388100000000001,1.93903,1.93852,1.9385599999999998,813,8,0
2024-04-19 09:25:00,1.93857,1.93871,1.93834,1.93848,851,8,0
2024-04-19 09:30:00,1.9384700000000001,1.9392200000000002,1.93845,1.9387400000000001,885,8,0
2024-04-19 09:35:00,1.93875,1.9392200000000002,1.9386299999999999,1.93903,804,8,0
2024-04-19 09:40:00,1.93903,1.93927,1.93858,1.93865,781,8,0
2024-04-19 09:45:00,1.93866,1.93905,1.9384299999999999,1.9388800000000002,532,8,0
2024-04-19 09:50:00,1.9388800000000002,1.9392399999999999,1.93883,1.93914,564,8,0
2024-04-19 09:55:00,1.9391500000000002,1.9396200000000001,1.93907,1.9394200000000001,706,8,0
2024-04-19 10:00:00,1.93943,1.94006,1.9393,1.9398499999999999,796,8,0
2024-04-19 10:05:00,1.9398,1.94002,1.9393799999999999,1.9393799999999999,826,8,0
2024-04-19 10:10:00,1.9394200000000001,1.94011,1.93937,1.94001,778,8,0
2024-04-19 10:15:00,1.94001,1.9407299999999998,1.9399600000000001,1.94056,805,8,0
2024-04-19 10:20:00,1.94056,1.94113,1.94054,1.9409800000000001,786,8,0
2024-04-19 10:25:00,1.94099,1.94109,1.9404599999999999,1.9405999999999999,726,8,0
2024-04-19 10:30:00,1.94061,1.94066,1.94034,1.94036,691,8,0
2024-04-19 10:35:00,1.9403700000000002,1.9405999999999999,1.94024,1.9405000000000001,754,8,0
2024-04-19 10:40:00,1.94049,1.94089,1.94036,1.94059,736,8,0
2024-04-19 10:45:00,1.94058,1.94059,1.94006,1.94016,623,8,0
2024-04-19 10:50:00,1.94016,1.9406400000000001,1.94009,1.9404400000000002,705,8,0
2024-04-19 10:55:00,1.94043,1.9404400000000002,1.93995,1.93997,818,8,0
2024-04-19 11:00:00,1.93998,1.94011,1.93963,1.93991,1133,8,0
2024-04-19 11:05:00,1.9399,1.94006,1.93974,1.94,677,8,0
2024-04-19 11:10:00,1.94,1.94043,1.93994,1.94021,939,8,0
2024-04-19 11:15:00,1.9402,1.94031,1.93961,1.9403000000000001,1017,8,0
2024-04-19 11:20:00,1.94029,1.9404400000000002,1.9397199999999999,1.9398499999999999,930,8,0
2024-04-19 11:25:00,1.9398300000000002,1.94015,1.9395099999999998,1.9399199999999999,873,8,0
2024-04-19 11:30:00,1.9399199999999999,1.94051,1.9399,1.94038,826,8,0
2024-04-19 11:35:00,1.9404,1.9406400000000001,1.93954,1.9397600000000002,1037,8,0
2024-04-19 11:40:00,1.9397600000000002,1.94016,1.93967,1.94016,1120,8,0
2024-04-19 11:45:00,1.94014,1.94048,1.94002,1.94048,800,8,0
2024-04-19 11:50:00,1.94049,1.94103,1.94047,1.9407999999999999,720,8,0
2024-04-19 11:55:00,1.94081,1.94081,1.94031,1.9405000000000001,587,8,0
2024-04-19 12:00:00,1.94055,1.94144,1.94054,1.94096,1143,8,0
2024-04-19 12:05:00,1.94095,1.94139,1.9407,1.94127,982,8,0
2024-04-19 12:10:00,1.94126,1.94151,1.94095,1.9409800000000001,897,8,0
2024-04-19 12:15:00,1.9409800000000001,1.9411800000000001,1.94043,1.94063,1018,8,0
2024-04-19 12:20:00,1.94062,1.94072,1.9396900000000001,1.93984,1457,8,0
2024-04-19 12:25:00,1.93982,1.93993,1.93907,1.9391500000000002,965,8,0
2024-04-19 12:30:00,1.93914,1.9397199999999999,1.93896,1.93939,883,8,0
2024-04-19 12:35:00,1.9393799999999999,1.93986,1.93906,1.93963,1042,8,0
2024-04-19 12:40:00,1.9396200000000001,1.9398,1.93882,1.9394200000000001,1121,8,0
2024-04-19 12:45:00,1.93941,1.93947,1.93879,1.93892,1113,8,0
2024-04-19 12:50:00,1.9388999999999998,1.9392399999999999,1.93851,1.93907,1099,8,0
2024-04-19 12:55:00,1.9391,1.9391699999999998,1.93862,1.93873,826,8,0
2024-04-19 13:00:00,1.93871,1.9396499999999999,1.9386,1.93939,1121,8,0
2024-04-19 13:05:00,1.93939,1.93988,1.9393500000000001,1.9397199999999999,900,8,0
2024-04-19 13:10:00,1.93971,1.9399199999999999,1.9394200000000001,1.93991,920,8,0
2024-04-19 13:15:00,1.9399,1.94022,1.9396900000000001,1.93994,1221,8,0
2024-04-19 13:20:00,1.93993,1.94079,1.93973,1.94063,1266,8,0
2024-04-19 13:25:00,1.94062,1.94095,1.94041,1.94089,1332,8,0
2024-04-19 13:30:00,1.9409,1.9411800000000001,1.9403000000000001,1.94063,1918,8,0
2024-04-19 13:35:00,1.9406400000000001,1.94089,1.94015,1.94067,1829,8,0
2024-04-19 13:40:00,1.94069,1.94089,1.93997,1.94018,1845,8,0
2024-04-19 13:45:00,1.9402,1.94089,1.93995,1.9408699999999999,1268,8,0
2024-04-19 13:50:00,1.94088,1.94099,1.94034,1.9405000000000001,1565,8,0
2024-04-19 13:55:00,1.94052,1.94081,1.94005,1.94029,1500,8,0
2024-04-19 14:00:00,1.9403000000000001,1.94069,1.9398900000000001,1.9399600000000001,1465,8,0
2024-04-19 14:05:00,1.9399899999999999,1.9405999999999999,1.93987,1.9403299999999999,1562,8,0
2024-04-19 14:10:00,1.94034,1.94086,1.9402300000000001,1.9406400000000001,1691,8,0
2024-04-19 14:15:00,1.94063,1.94082,1.93882,1.93913,1651,8,0
2024-04-19 14:20:00,1.93913,1.9392399999999999,1.93803,1.93824,1903,8,0
2024-04-19 14:25:00,1.93823,1.9385,1.93739,1.93757,1683,8,0
2024-04-19 14:30:00,1.93757,1.93765,1.93699,1.9370500000000002,1884,8,0
2024-04-19 14:35:00,1.93706,1.93726,1.93606,1.93607,1682,8,0
2024-04-19 14:40:00,1.93606,1.93625,1.9355099999999998,1.9356200000000001,1437,8,0
2024-04-19 14:45:00,1.93563,1.9357,1.9349699999999999,1.93527,1606,8,0
2024-04-19 14:50:00,1.93525,1.93604,1.93513,1.93602,1647,8,0
2024-04-19 14:55:00,1.93602,1.93658,1.93582,1.9363700000000001,1556,8,0
2024-04-19 15:00:00,1.93636,1.9364599999999998,1.9347400000000001,1.93486,1652,8,0
2024-04-19 15:05:00,1.93484,1.93492,1.93365,1.93374,1279,8,0
2024-04-19 15:10:00,1.93376,1.93392,1.93214,1.93214,1462,8,0
2024-04-19 15:15:00,1.93213,1.9322599999999999,1.93139,1.9322300000000001,1444,8,0
2024-04-19 15:20:00,1.93222,1.9322300000000001,1.9314200000000001,1.9321700000000002,1316,8,0
2024-04-19 15:25:00,1.9321899999999999,1.93238,1.93191,1.93222,966,8,0
2024-04-19 15:30:00,1.9322300000000001,1.9324400000000002,1.9319,1.93218,1158,8,0
2024-04-19 15:35:00,1.9321899999999999,1.9323000000000001,1.93154,1.9319199999999999,963,8,0
2024-04-19 15:40:00,1.9319600000000001,1.93269,1.93189,1.93211,1233,8,0
2024-04-19 15:45:00,1.9321000000000002,1.93224,1.9313099999999999,1.93134,731,8,0
2024-04-19 15:50:00,1.93137,1.93137,1.93053,1.93079,1010,8,0
2024-04-19 15:55:00,1.9308100000000001,1.93082,1.9301599999999999,1.93035,1069,8,0
2024-04-19 16:00:00,1.93035,1.9303599999999999,1.92991,1.93026,1167,8,0
2024-04-19 16:05:00,1.93024,1.9308999999999998,1.93024,1.93048,976,8,0
2024-04-19 16:10:00,1.93046,1.93153,1.93041,1.93144,1043,8,0
2024-04-19 16:15:00,1.93143,1.93154,1.93106,1.93133,1239,8,0
2024-04-19 16:20:00,1.93134,1.93137,1.93055,1.93099,1257,8,0
2024-04-19 16:25:00,1.93099,1.93178,1.93079,1.93163,1006,8,0
2024-04-19 16:30:00,1.93163,1.9317,1.9310399999999999,1.9310399999999999,935,8,0
2024-04-19 16:35:00,1.93106,1.93112,1.93048,1.93057,795,8,0
2024-04-19 16:40:00,1.93058,1.9306,1.93007,1.9302700000000002,947,8,0
2024-04-19 16:45:00,1.93026,1.93039,1.92949,1.92967,898,8,0
2024-04-19 16:50:00,1.9296600000000002,1.92967,1.92892,1.9293900000000002,993,8,0
2024-04-19 16:55:00,1.92937,1.92962,1.92911,1.92944,1055,8,0
2024-04-19 17:00:00,1.92943,1.92957,1.92913,1.92935,1129,8,0
2024-04-19 17:05:00,1.92935,1.92943,1.92886,1.92889,886,8,0
2024-04-19 17:10:00,1.92889,1.92923,1.92885,1.929,756,8,0
2024-04-19 17:15:00,1.92899,1.92936,1.92861,1.92889,1071,8,0
2024-04-19 17:20:00,1.9289,1.92913,1.92845,1.92849,938,8,0
2024-04-19 17:25:00,1.92849,1.92875,1.92808,1.92863,1135,8,0
2024-04-19 17:30:00,1.92863,1.9287100000000001,1.92815,1.92838,1046,8,0
2024-04-19 17:35:00,1.9283700000000001,1.92869,1.92802,1.92823,780,8,0
2024-04-19 17:40:00,1.92823,1.92841,1.92773,1.9277600000000001,894,8,0
2024-04-19 17:45:00,1.92777,1.92787,1.92662,1.92671,902,8,0
2024-04-19 17:50:00,1.92672,1.92672,1.92594,1.92633,809,8,0
2024-04-19 17:55:00,1.9263400000000002,1.927,1.92622,1.92692,967,8,0
2024-04-19 18:00:00,1.92696,1.92773,1.92691,1.9277199999999999,1020,8,0
2024-04-19 18:05:00,1.9277199999999999,1.9279600000000001,1.92725,1.92784,1075,8,0
2024-04-19 18:10:00,1.92784,1.9280300000000001,1.92766,1.92782,1146,8,0
2024-04-19 18:15:00,1.9278300000000002,1.92811,1.92778,1.9279199999999999,909,8,0
2024-04-19 18:20:00,1.92791,1.92801,1.9276900000000001,1.92789,1171,8,0
2024-04-19 18:25:00,1.9279,1.92813,1.9275799999999998,1.928,993,8,0
2024-04-19 18:30:00,1.92801,1.9280300000000001,1.9275600000000002,1.92771,1144,8,0
2024-04-19 18:35:00,1.9277,1.92835,1.92768,1.92832,760,8,0
2024-04-19 18:40:00,1.9283299999999999,1.92854,1.9281199999999998,1.92842,905,8,0
2024-04-19 18:45:00,1.92839,1.92879,1.9283299999999999,1.92838,778,8,0
2024-04-19 18:50:00,1.92838,1.92859,1.92805,1.92825,963,8,0
2024-04-19 18:55:00,1.92825,1.92825,1.9275,1.92771,1455,8,0
2024-04-19 19:00:00,1.92773,1.928,1.9275099999999998,1.92787,1056,8,0
2024-04-19 19:05:00,1.92787,1.9279899999999999,1.92744,1.9276,929,8,0
2024-04-19 19:10:00,1.92761,1.92777,1.92739,1.92754,836,8,0
2024-04-19 19:15:00,1.92754,1.9276900000000001,1.92723,1.92725,832,8,0
2024-04-19 19:20:00,1.92725,1.9274499999999999,1.9271,1.92739,980,8,0
2024-04-19 19:25:00,1.9274,1.92771,1.92707,1.92716,909,8,0
2024-04-19 19:30:00,1.92716,1.9273099999999999,1.9268800000000001,1.92725,726,8,0
2024-04-19 19:35:00,1.92725,1.9278,1.92719,1.9273799999999999,1080,8,0
2024-04-19 19:40:00,1.9274,1.92795,1.9273500000000001,1.92789,881,8,0
2024-04-19 19:45:00,1.92789,1.92807,1.92757,1.92764,1243,8,0
2024-04-19 19:50:00,1.92761,1.92773,1.9273099999999999,1.92743,1250,8,0
2024-04-19 19:55:00,1.92744,1.9277199999999999,1.9273500000000001,1.92755,878,8,0
2024-04-19 20:00:00,1.92755,1.9280300000000001,1.92748,1.9278,710,8,0
2024-04-19 20:05:00,1.92781,1.92784,1.92747,1.92763,482,8,0
2024-04-19 20:10:00,1.92766,1.92768,1.9274499999999999,1.92752,601,8,0
2024-04-19 20:15:00,1.92752,1.92768,1.92744,1.92764,377,8,0
2024-04-19 20:20:00,1.92767,1.9279199999999999,1.92763,1.9276900000000001,327,8,0
2024-04-19 20:25:00,1.9276900000000001,1.92775,1.92754,1.92757,260,8,0
2024-04-19 20:30:00,1.92757,1.92763,1.9273500000000001,1.9274900000000001,249,8,0
2024-04-19 20:35:00,1.9274900000000001,1.92766,1.92727,1.92732,164,8,0
2024-04-19 20:40:00,1.9273,1.92759,1.92714,1.92748,238,8,0
2024-04-19 20:45:00,1.92748,1.9277600000000001,1.92747,1.92763,171,8,0
2024-04-19 20:50:00,1.92757,1.92775,1.9272200000000002,1.92737,177,8,0
2024-04-21 21:05:00,1.9275600000000002,1.92766,1.92689,1.92748,101,255,0
2024-04-21 21:10:00,1.92748,1.92842,1.927,1.92786,57,242,0
2024-04-21 21:15:00,1.92801,1.9281700000000002,1.92734,1.9279600000000001,80,155,0
2024-04-21 21:20:00,1.9281000000000001,1.9281000000000001,1.92679,1.92754,127,155,0
2024-04-21 21:25:00,1.9276200000000001,1.92778,1.92689,1.92732,49,59,0
2024-04-21 21:30:00,1.92733,1.92778,1.92733,1.9274900000000001,60,91,0
2024-04-21 21:35:00,1.92757,1.92827,1.9272399999999998,1.92804,883,45,0
2024-04-21 21:40:00,1.9280300000000001,1.9280300000000001,1.92786,1.92786,77,83,0
2024-04-21 21:45:00,1.9278,1.92791,1.9275099999999998,1.9277199999999999,30,80,0
2024-04-21 21:50:00,1.9277199999999999,1.92773,1.9275600000000002,1.9275600000000002,16,45,0
2024-04-21 21:55:00,1.9275600000000002,1.9279600000000001,1.92678,1.92703,95,8,0
2024-04-21 22:00:00,1.92703,1.92774,1.92668,1.92725,359,19,0
2024-04-21 22:05:00,1.92729,1.92766,1.9271099999999999,1.9271099999999999,74,8,0
2024-04-21 22:10:00,1.92717,1.92743,1.9268399999999999,1.92733,107,8,0
2024-04-21 22:15:00,1.92733,1.92747,1.9270800000000001,1.92719,169,8,0
2024-04-21 22:20:00,1.92719,1.92764,1.9271500000000001,1.92759,130,8,0
2024-04-21 22:25:00,1.9275799999999998,1.9277,1.92736,1.92767,236,8,0
2024-04-21 22:30:00,1.9276900000000001,1.92773,1.92719,1.92734,272,8,0
2024-04-21 22:35:00,1.92729,1.92744,1.92672,1.92694,467,8,0
2024-04-21 22:40:00,1.9269500000000002,1.92717,1.92692,1.92705,411,8,0
2024-04-21 22:45:00,1.92706,1.9270800000000001,1.9268399999999999,1.9269500000000002,281,8,0
2024-04-21 22:50:00,1.92692,1.92693,1.92667,1.92675,123,8,0
2024-04-21 22:55:00,1.9267400000000001,1.92691,1.9265400000000001,1.92664,331,8,0
2024-04-21 23:00:00,1.92666,1.9268,1.9265400000000001,1.92678,429,8,0
2024-04-21 23:05:00,1.92679,1.9269699999999998,1.9266100000000002,1.9267699999999999,358,8,0
2024-04-21 23:10:00,1.92675,1.9267699999999999,1.9263,1.92653,307,8,0
2024-04-21 23:15:00,1.92651,1.9267400000000001,1.92618,1.9262299999999999,402,8,0
2024-04-21 23:20:00,1.92621,1.92658,1.92594,1.92595,625,8,0
2024-04-21 23:25:00,1.9259300000000001,1.92601,1.9259300000000001,1.92598,254,8,0
2024-04-21 23:30:00,1.92597,1.9260899999999999,1.92577,1.92596,413,8,0
2024-04-21 23:35:00,1.92594,1.92606,1.9258199999999999,1.92583,295,8,0
2024-04-21 23:40:00,1.9258199999999999,1.9264000000000001,1.92578,1.92632,338,8,0
2024-04-21 23:45:00,1.9263400000000002,1.92656,1.92626,1.9262700000000001,360,8,0
2024-04-21 23:50:00,1.92626,1.92628,1.9257300000000002,1.9258899999999999,426,8,0
2024-04-21 23:55:00,1.9259,1.9262000000000001,1.92564,1.9260199999999998,413,8,0
2024-04-22 00:00:00,1.92603,1.92638,1.9251399999999999,1.9252,825,8,0
2024-04-22 00:05:00,1.9252,1.92527,1.9235799999999998,1.92363,1087,8,0
2024-04-22 00:10:00,1.92362,1.92408,1.9231099999999999,1.92328,1037,8,0
2024-04-22 00:15:00,1.92327,1.92351,1.92276,1.9231500000000001,1099,8,0
2024-04-22 00:20:00,1.92316,1.9232900000000002,1.92253,1.9231,769,8,0
2024-04-22 00:25:00,1.9231099999999999,1.92326,1.92197,1.9220199999999998,773,8,0
2024-04-22 00:30:00,1.92203,1.9222000000000001,1.92168,1.92177,721,8,0
2024-04-22 00:35:00,1.92177,1.92262,1.92169,1.92244,681,8,0
2024-04-22 00:40:00,1.9224299999999999,1.92272,1.92224,1.92231,1054,8,0
2024-04-22 00:45:00,1.92232,1.92267,1.92208,1.92255,801,8,0
2024-04-22 00:50:00,1.9225400000000001,1.9233099999999999,1.92222,1.9228800000000001,985,8,0
2024-04-22 00:55:00,1.92287,1.92355,1.9226100000000002,1.92355,832,8,0
2024-04-22 01:00:00,1.9235799999999998,1.92367,1.92255,1.92319,961,8,0
2024-04-22 01:05:00,1.92317,1.9233500000000001,1.92208,1.9222299999999999,754,8,0
2024-04-22 01:10:00,1.92224,1.92225,1.92161,1.92208,1021,8,0
2024-04-22 01:15:00,1.92207,1.92266,1.92157,1.92214,1330,8,0
2024-04-22 01:20:00,1.9222000000000001,1.92233,1.92185,1.92217,1021,8,0
2024-04-22 01:25:00,1.92215,1.92233,1.92165,1.92203,947,8,0
2024-04-22 01:30:00,1.92204,1.92207,1.92138,1.9215900000000001,1349,8,0
2024-04-22 01:35:00,1.92158,1.92176,1.92109,1.92154,935,8,0
2024-04-22 01:40:00,1.92153,1.92165,1.92126,1.92157,823,8,0
2024-04-22 01:45:00,1.92156,1.9217300000000002,1.92048,1.9207100000000001,1134,8,0
2024-04-22 01:50:00,1.9207,1.92108,1.92043,1.92066,904,8,0
2024-04-22 01:55:00,1.92065,1.92068,1.91995,1.92009,906,8,0
2024-04-22 02:00:00,1.92009,1.92074,1.91993,1.9202,850,8,0
2024-04-22 02:05:00,1.92018,1.9204599999999998,1.91968,1.92025,977,8,0
2024-04-22 02:10:00,1.9202599999999999,1.92059,1.92005,1.92047,684,8,0
2024-04-22 02:15:00,1.9204599999999998,1.9205299999999998,1.9201700000000002,1.92021,512,8,0
2024-04-22 02:20:00,1.9202,1.9203700000000001,1.91989,1.92036,557,8,0
2024-04-22 02:25:00,1.9203700000000001,1.92088,1.92036,1.92077,484,8,0
2024-04-22 02:30:00,1.92076,1.9212500000000001,1.92068,1.92106,476,8,0
2024-04-22 02:35:00,1.92108,1.92127,1.92093,1.9209800000000001,467,8,0
2024-04-22 02:40:00,1.9210099999999999,1.9216,1.92097,1.9213,443,8,0
2024-04-22 02:45:00,1.92129,1.92145,1.92084,1.92095,516,8,0
2024-04-22 02:50:00,1.92096,1.92137,1.9209,1.92116,438,8,0
2024-04-22 02:55:00,1.92117,1.92153,1.9209800000000001,1.92153,436,8,0
2024-04-22 03:00:00,1.9215200000000001,1.92172,1.9213,1.92157,540,8,0
2024-04-22 03:05:00,1.92156,1.92181,1.92137,1.92145,330,8,0
2024-04-22 03:10:00,1.92144,1.92201,1.92138,1.92197,486,8,0
2024-04-22 03:15:00,1.92195,1.92267,1.92183,1.92251,524,8,0
2024-04-22 03:20:00,1.92252,1.9226999999999999,1.9224,1.92267,447,8,0
2024-04-22 03:25:00,1.92266,1.9231099999999999,1.9222299999999999,1.92278,595,8,0
2024-04-22 03:30:00,1.92276,1.92319,1.92264,1.92314,527,8,0
2024-04-22 03:35:00,1.9231500000000001,1.9235,1.92312,1.92312,261,8,0
2024-04-22 03:40:00,1.9231500000000001,1.92332,1.9228399999999999,1.9232,338,8,0
2024-04-22 03:45:00,1.92317,1.9234,1.9230800000000001,1.92328,406,8,0
2024-04-22 03:50:00,1.92327,1.92371,1.92312,1.9234200000000001,703,8,0
2024-04-22 03:55:00,1.9234200000000001,1.92368,1.92327,1.92344,360,8,0
2024-04-22 04:00:00,1.9234200000000001,1.92352,1.92312,1.92343,395,8,0
2024-04-22 04:05:00,1.9234200000000001,1.92362,1.92319,1.92353,457,8,0
2024-04-22 04:10:00,1.92354,1.92374,1.92333,1.92366,517,8,0
2024-04-22 04:15:00,1.92367,1.92389,1.92362,1.92374,355,8,0
2024-04-22 04:20:00,1.92375,1.92402,1.9237,1.92401,268,8,0
2024-04-22 04:25:00,1.92402,1.92415,1.92373,1.92408,321,8,0
2024-04-22 04:30:00,1.92407,1.9243299999999999,1.92389,1.9243299999999999,320,8,0
2024-04-22 04:35:00,1.9243299999999999,1.9245100000000002,1.92423,1.92429,175,8,0
2024-04-22 04:40:00,1.9243000000000001,1.9244400000000002,1.9239899999999999,1.92423,297,8,0
2024-04-22 04:45:00,1.92424,1.92472,1.92422,1.92459,360,8,0
2024-04-22 04:50:00,1.9245700000000001,1.92462,1.92434,1.92449,343,8,0
2024-04-22 04:55:00,1.92448,1.92492,1.92448,1.9247800000000002,356,8,0
2024-04-22 05:00:00,1.92479,1.9251,1.92459,1.9249399999999999,412,8,0
2024-04-22 05:05:00,1.9249399999999999,1.92495,1.92445,1.92458,344,8,0
2024-04-22 05:10:00,1.92459,1.9247800000000002,1.92432,1.92465,489,8,0
2024-04-22 05:15:00,1.92466,1.92536,1.92463,1.9251200000000002,383,8,0
2024-04-22 05:20:00,1.9251200000000002,1.92536,1.92502,1.92519,366,8,0
2024-04-22 05:25:00,1.9251800000000001,1.92522,1.92485,1.92516,380,8,0
2024-04-22 05:30:00,1.92517,1.92574,1.92515,1.92563,587,8,0
2024-04-22 05:35:00,1.9256199999999999,1.9257,1.92538,1.92557,668,8,0
2024-04-22 05:40:00,1.92556,1.92558,1.92511,1.92529,692,8,0
2024-04-22 05:45:00,1.9253,1.92547,1.9251200000000002,1.92516,724,8,0
2024-04-22 05:50:00,1.92516,1.9252099999999999,1.92466,1.9247100000000001,710,8,0
2024-04-22 05:55:00,1.92469,1.9250500000000001,1.92442,1.92502,525,8,0
2024-04-22 06:00:00,1.92503,1.92506,1.92413,1.9244599999999998,965,8,0
2024-04-22 06:05:00,1.92445,1.92462,1.92401,1.92448,941,8,0
2024-04-22 06:10:00,1.92447,1.92463,1.92405,1.92431,766,8,0
2024-04-22 06:15:00,1.9243000000000001,1.92439,1.9241000000000001,1.92434,524,8,0
2024-04-22 06:20:00,1.9243299999999999,1.9249100000000001,1.9243299999999999,1.92463,633,8,0
2024-04-22 06:25:00,1.92462,1.92463,1.92401,1.92432,732,8,0
2024-04-22 06:30:00,1.9243299999999999,1.9250699999999998,1.92412,1.92504,851,8,0
2024-04-22 06:35:00,1.9250500000000001,1.9251800000000001,1.92472,1.92476,683,8,0
2024-04-22 06:40:00,1.92476,1.9247800000000002,1.9236900000000001,1.92391,734,8,0
2024-04-22 06:45:00,1.92391,1.92519,1.9237600000000001,1.9251,907,8,0
2024-04-22 06:50:00,1.92511,1.92547,1.9248699999999999,1.9252500000000001,812,8,0
2024-04-22 06:55:00,1.92526,1.92576,1.92519,1.9255900000000001,927,8,0
2024-04-22 07:00:00,1.9256,1.9257300000000002,1.9242,1.92452,1371,8,0
2024-04-22 07:05:00,1.9245100000000002,1.9249399999999999,1.9241000000000001,1.92445,1189,8,0
2024-04-22 07:10:00,1.92445,1.9252799999999999,1.92404,1.92432,993,8,0
2024-04-22 07:15:00,1.92431,1.9244400000000002,1.92361,1.9237199999999999,929,8,0
2024-04-22 07:20:00,1.92374,1.92387,1.92354,1.92355,755,8,0
2024-04-22 07:25:00,1.92354,1.9235600000000002,1.92224,1.92229,972,8,0
2024-04-22 07:30:00,1.92228,1.9228800000000001,1.92187,1.92199,1020,8,0
2024-04-22 07:35:00,1.92199,1.92206,1.92135,1.9217499999999998,1039,8,0
2024-04-22 07:40:00,1.92174,1.92235,1.92154,1.92219,766,8,0
2024-04-22 07:45:00,1.9222000000000001,1.92302,1.9221599999999999,1.923,784,8,0
2024-04-22 07:50:00,1.92301,1.92391,1.9228800000000001,1.92389,789,8,0
2024-04-22 07:55:00,1.92388,1.9241899999999998,1.92364,1.9237199999999999,788,8,0
2024-04-22 08:00:00,1.92375,1.9241700000000002,1.92334,1.92336,915,8,0
2024-04-22 08:05:00,1.92337,1.92355,1.9228800000000001,1.9233500000000001,754,8,0
2024-04-22 08:10:00,1.9233500000000001,1.92343,1.92255,1.9230800000000001,735,8,0
2024-04-22 08:15:00,1.92309,1.92339,1.92266,1.9228399999999999,730,8,0
2024-04-22 08:20:00,1.92286,1.92305,1.92265,1.923,718,8,0
2024-04-22 08:25:00,1.92298,1.92334,1.92279,1.92289,710,8,0
2024-04-22 08:30:00,1.9229,1.9229699999999998,1.9218199999999999,1.9218899999999999,656,8,0
2024-04-22 08:35:00,1.92188,1.92206,1.92163,1.92169,591,8,0
2024-04-22 08:40:00,1.92167,1.92221,1.92167,1.92205,631,8,0
2024-04-22 08:45:00,1.92204,1.92218,1.92171,1.92183,666,8,0
2024-04-22 08:50:00,1.9218199999999999,1.9219300000000001,1.92144,1.92163,784,8,0
2024-04-22 08:55:00,1.9216199999999999,1.92165,1.92118,1.92147,752,8,0
2024-04-22 09:00:00,1.9214799999999999,1.92158,1.92001,1.92005,734,8,0
2024-04-22 09:05:00,1.9200599999999999,1.92009,1.9196499999999999,1.9196499999999999,551,8,0
2024-04-22 09:10:00,1.91964,1.91981,1.91866,1.91875,799,8,0
2024-04-22 09:15:00,1.91875,1.91892,1.91842,1.91849,749,8,0
2024-04-22 09:20:00,1.9184999999999999,1.91878,1.9179,1.9186800000000002,1028,8,0
2024-04-22 09:25:00,1.91869,1.9189,1.91828,1.91879,843,8,0
2024-04-22 09:30:00,1.9188,1.91883,1.91795,1.9180899999999999,752,8,0
2024-04-22 09:35:00,1.91808,1.91851,1.91795,1.91805,619,8,0
2024-04-22 09:40:00,1.91804,1.91835,1.91788,1.91831,616,8,0
2024-04-22 09:45:00,1.91832,1.91879,1.91804,1.9185699999999999,708,8,0
2024-04-22 09:50:00,1.91856,1.91871,1.91805,1.91811,772,8,0
2024-04-22 09:55:00,1.91812,1.91862,1.91794,1.9185699999999999,557,8,0
2024-04-22 10:00:00,1.91856,1.91856,1.91716,1.91716,768,8,0
2024-04-22 10:05:00,1.91716,1.91744,1.91706,1.91731,536,8,0
2024-04-22 10:10:00,1.9173,1.91747,1.9170500000000001,1.9173900000000001,462,8,0
2024-04-22 10:15:00,1.9173900000000001,1.9173900000000001,1.9163299999999999,1.91639,595,8,0
2024-04-22 10:20:00,1.91638,1.91666,1.9161299999999999,1.91616,614,8,0
2024-04-22 10:25:00,1.91615,1.9163700000000001,1.9159000000000002,1.91595,636,8,0
2024-04-22 10:30:00,1.91597,1.91629,1.9159000000000002,1.91627,703,8,0
2024-04-22 10:35:00,1.91629,1.91736,1.91621,1.9171,747,8,0
2024-04-22 10:40:00,1.9171,1.91731,1.91628,1.91634,860,8,0
2024-04-22 10:45:00,1.9163299999999999,1.9167100000000001,1.91595,1.91596,745,8,0
2024-04-22 10:50:00,1.91595,1.91595,1.9151,1.9151500000000001,805,8,0
2024-04-22 10:55:00,1.91514,1.9151500000000001,1.91404,1.9142700000000001,1093,8,0
2024-04-22 11:00:00,1.91425,1.9148,1.9142299999999999,1.9144299999999999,756,8,0
2024-04-22 11:05:00,1.9144299999999999,1.91444,1.91379,1.91397,690,8,0
2024-04-22 11:10:00,1.91399,1.91422,1.9136199999999999,1.91367,877,8,0
2024-04-22 11:15:00,1.91367,1.91429,1.9136600000000001,1.9138199999999999,879,8,0
2024-04-22 11:20:00,1.9138199999999999,1.9143,1.91379,1.91388,789,8,0
2024-04-22 11:25:00,1.91387,1.91403,1.91327,1.91399,933,8,0
2024-04-22 11:30:00,1.91397,1.91425,1.91357,1.91399,807,8,0
2024-04-22 11:35:00,1.9140000000000001,1.91414,1.91351,1.91354,720,8,0
2024-04-22 11:40:00,1.91353,1.9135499999999999,1.91289,1.9130500000000001,744,8,0
2024-04-22 11:45:00,1.91304,1.91309,1.91257,1.9127,774,8,0
2024-04-22 11:50:00,1.9126699999999999,1.9129,1.91241,1.91288,750,8,0
2024-04-22 11:55:00,1.91286,1.91311,1.91263,1.9130500000000001,795,8,0
2024-04-22 12:00:00,1.91303,1.91317,1.91252,1.91257,954,8,0
2024-04-22 12:05:00,1.91258,1.91326,1.91252,1.9132099999999999,743,8,0
2024-04-22 12:10:00,1.91322,1.91394,1.91299,1.91394,998,8,0
2024-04-22 12:15:00,1.91395,1.91397,1.91319,1.91337,814,8,0
2024-04-22 12:20:00,1.91336,1.9134,1.9127,1.9132500000000001,1295,8,0
2024-04-22 12:25:00,1.9132500000000001,1.91349,1.9126699999999999,1.91284,622,8,0
2024-04-22 12:30:00,1.91286,1.91371,1.9125999999999999,1.9132799999999999,681,8,0
2024-04-22 12:35:00,1.91327,1.9135,1.91272,1.91275,723,8,0
2024-04-22 12:40:00,1.9127399999999999,1.91282,1.91234,1.91235,673,8,0
2024-04-22 12:45:00,1.91234,1.9126400000000001,1.91225,1.91245,685,8,0
2024-04-22 12:50:00,1.9124400000000001,1.91283,1.9123999999999999,1.9127399999999999,775,8,0
2024-04-22 12:55:00,1.91273,1.91281,1.91211,1.91245,814,8,0
2024-04-22 13:00:00,1.91243,1.91299,1.9122400000000002,1.9123700000000001,841,8,0
2024-04-22 13:05:00,1.91235,1.9133,1.9122,1.9132799999999999,788,8,0
2024-04-22 13:10:00,1.91327,1.9141,1.91322,1.9140700000000002,1059,8,0
2024-04-22 13:15:00,1.91406,1.9141599999999999,1.9137499999999998,1.91397,868,8,0
2024-04-22 13:20:00,1.91398,1.91399,1.91309,1.9132099999999999,821,8,0
2024-04-22 13:25:00,1.91319,1.91383,1.91315,1.9134799999999998,928,8,0
2024-04-22 13:30:00,1.9135,1.9145699999999999,1.91318,1.91441,1565,8,0
2024-04-22 13:35:00,1.91442,1.9146800000000002,1.91402,1.9145400000000001,1289,8,0
2024-04-22 13:40:00,1.91452,1.91462,1.9138,1.91391,1053,8,0
2024-04-22 13:45:00,1.9139,1.9142700000000001,1.9136600000000001,1.91402,1026,8,0
2024-04-22 13:50:00,1.91401,1.91418,1.9132799999999999,1.91401,1127,8,0
2024-04-22 13:55:00,1.91402,1.9141,1.9135,1.91369,897,8,0
2024-04-22 14:00:00,1.91368,1.91413,1.91365,1.91403,752,8,0
2024-04-22 14:05:00,1.91398,1.91462,1.9139599999999999,1.91417,978,8,0
2024-04-22 14:10:00,1.91418,1.91451,1.91401,1.91445,1198,8,0
2024-04-22 14:15:00,1.91445,1.91501,1.91439,1.91469,889,8,0
2024-04-22 14:20:00,1.9146800000000002,1.91491,1.9144999999999999,1.91478,872,8,0
2024-04-22 14:25:00,1.91479,1.9151099999999999,1.91456,1.91507,865,8,0
2024-04-22 14:30:00,1.91506,1.91546,1.91498,1.915,1118,8,0
2024-04-22 14:35:00,1.91499,1.9150800000000001,1.91378,1.91387,854,8,0
2024-04-22 14:40:00,1.91388,1.91425,1.91344,1.91419,859,8,0
2024-04-22 14:45:00,1.91422,1.91479,1.91381,1.91471,773,8,0
2024-04-22 14:50:00,1.9146999999999998,1.91649,1.91464,1.91641,1079,8,0
2024-04-22 14:55:00,1.9163999999999999,1.9168500000000002,1.91602,1.91609,1063,8,0
2024-04-22 15:00:00,1.9161000000000001,1.91612,1.91564,1.9159000000000002,936,8,0
2024-04-22 15:05:00,1.91594,1.91598,1.91548,1.91575,718,8,0
2024-04-22 15:10:00,1.9157600000000001,1.9161299999999999,1.91567,1.91575,817,8,0
2024-04-22 15:15:00,1.91574,1.91612,1.91567,1.9160599999999999,820,8,0
2024-04-22 15:20:00,1.91605,1.91643,1.91602,1.91636,672,8,0
2024-04-22 15:25:00,1.91635,1.91666,1.9161299999999999,1.91628,754,8,0
2024-04-22 15:30:00,1.91629,1.91639,1.91575,1.9163700000000001,926,8,0
2024-04-22 15:35:00,1.91636,1.9165100000000002,1.91597,1.91609,929,8,0
2024-04-22 15:40:00,1.91608,1.91646,1.91602,1.9163999999999999,670,8,0
2024-04-22 15:45:00,1.91641,1.91666,1.91627,1.91659,599,8,0
2024-04-22 15:50:00,1.91658,1.9166400000000001,1.91602,1.91605,450,8,0
2024-04-22 15:55:00,1.9160599999999999,1.91643,1.91581,1.9161899999999998,516,8,0
2024-04-22 16:00:00,1.91618,1.9165100000000002,1.91591,1.91601,557,8,0
2024-04-22 16:05:00,1.916,1.91636,1.91594,1.91636,377,8,0
2024-04-22 16:10:00,1.91635,1.91646,1.91605,1.91614,405,8,0
2024-04-22 16:15:00,1.9161299999999999,1.91622,1.91574,1.91594,538,8,0
2024-04-22 16:20:00,1.91595,1.91635,1.91595,1.91629,487,8,0
2024-04-22 16:25:00,1.9163000000000001,1.9165,1.91629,1.91638,493,8,0
2024-04-22 16:30:00,1.9163999999999999,1.91682,1.91634,1.91679,637,8,0
2024-04-22 16:35:00,1.9167999999999998,1.9167999999999998,1.9163700000000001,1.91639,538,8,0
2024-04-22 16:40:00,1.91641,1.91655,1.9162400000000002,1.91654,517,8,0
2024-04-22 16:45:00,1.9165299999999998,1.91669,1.91631,1.91638,598,8,0
2024-04-22 16:50:00,1.91639,1.91672,1.9162599999999999,1.91672,402,8,0
2024-04-22 16:55:00,1.9167,1.9169800000000001,1.91655,1.91655,561,8,0
2024-04-22 17:00:00,1.91656,1.91656,1.91609,1.91631,600,8,0
2024-04-22 17:05:00,1.9163000000000001,1.91631,1.91586,1.91615,459,8,0
2024-04-22 17:10:00,1.91614,1.91615,1.91591,1.91604,501,8,0
2024-04-22 17:15:00,1.91602,1.91615,1.91578,1.91607,463,8,0
2024-04-22 17:20:00,1.9160599999999999,1.91634,1.91598,1.9159899999999999,495,8,0
2024-04-22 17:25:00,1.91602,1.91607,1.9157600000000001,1.9158300000000001,543,8,0
2024-04-22 17:30:00,1.91582,1.91601,1.91566,1.91594,487,8,0
2024-04-22 17:35:00,1.91593,1.91609,1.91589,1.91596,423,8,0
2024-04-22 17:40:00,1.91597,1.91614,1.9159000000000002,1.9160599999999999,320,8,0
2024-04-22 17:45:00,1.91608,1.9161899999999998,1.91573,1.9159199999999998,346,8,0
2024-04-22 17:50:00,1.91593,1.91595,1.91553,1.91562,552,8,0
2024-04-22 17:55:00,1.91561,1.91587,1.91548,1.91554,589,8,0
2024-04-22 18:00:00,1.91555,1.91584,1.91547,1.91555,612,8,0
2024-04-22 18:05:00,1.9155600000000002,1.91571,1.91541,1.91559,435,8,0
2024-04-22 18:10:00,1.9156,1.91593,1.91546,1.9159199999999998,443,8,0
2024-04-22 18:15:00,1.91593,1.91612,1.91582,1.9159899999999999,507,8,0
2024-04-22 18:20:00,1.91598,1.91604,1.9156,1.91564,453,8,0
2024-04-22 18:25:00,1.9156300000000002,1.9156300000000002,1.91534,1.91548,461,8,0
2024-04-22 18:30:00,1.9154900000000001,1.91554,1.91526,1.91539,317,8,0
2024-04-22 18:35:00,1.9154,1.91555,1.91521,1.91536,576,8,0
2024-04-22 18:40:00,1.91537,1.9154499999999999,1.9152,1.91541,633,8,0
2024-04-22 18:45:00,1.9154,1.9157600000000001,1.91526,1.91571,505,8,0
2024-04-22 18:50:00,1.9157,1.91582,1.9155600000000002,1.91557,397,8,0
2024-04-22 18:55:00,1.9155799999999998,1.91575,1.91547,1.9157,562,8,0
2024-04-22 19:00:00,1.9156900000000001,1.91585,1.91557,1.9156900000000001,592,8,0
2024-04-22 19:05:00,1.91568,1.91577,1.9155600000000002,1.91567,423,8,0
2024-04-22 19:10:00,1.91568,1.91578,1.9154900000000001,1.91567,414,8,0
2024-04-22 19:15:00,1.91566,1.9157899999999999,1.91555,1.9156300000000002,389,8,0
2024-04-22 19:20:00,1.91564,1.91577,1.91548,1.91555,637,8,0
2024-04-22 19:25:00,1.9155799999999998,1.91566,1.9154,1.91555,458,8,0
2024-04-22 19:30:00,1.91555,1.91573,1.9154,1.9157,639,8,0
2024-04-22 19:35:00,1.9157,1.91589,1.9155,1.91571,672,8,0
2024-04-22 19:40:00,1.91573,1.9158300000000001,1.91559,1.91571,620,8,0
2024-04-22 19:45:00,1.91573,1.91587,1.91543,1.9154900000000001,644,8,0
2024-04-22 19:50:00,1.91548,1.9156300000000002,1.91543,1.91553,628,8,0
2024-04-22 19:55:00,1.91554,1.9156,1.91517,1.91537,741,8,0
2024-04-22 20:00:00,1.91535,1.9155600000000002,1.9151799999999999,1.91554,543,8,0
2024-04-22 20:05:00,1.91553,1.91589,1.91553,1.9158300000000001,273,8,0
2024-04-22 20:10:00,1.9158300000000001,1.91594,1.91574,1.9158,405,8,0
2024-04-22 20:15:00,1.9158,1.9158300000000001,1.9156300000000002,1.91577,270,8,0
2024-04-22 20:20:00,1.91578,1.9158300000000001,1.9152900000000002,1.91537,206,8,0
2024-04-22 20:25:00,1.9153799999999999,1.91543,1.91532,1.91539,146,8,0
2024-04-22 20:30:00,1.9153799999999999,1.91541,1.91514,1.9151799999999999,103,8,0
2024-04-22 20:35:00,1.91521,1.9153099999999998,1.91516,1.91519,192,8,0
2024-04-22 20:40:00,1.9151799999999999,1.91533,1.91514,1.91514,149,8,0
2024-04-22 20:45:00,1.91516,1.91528,1.91501,1.91526,128,8,0
2024-04-22 20:50:00,1.91524,1.9154200000000001,1.91519,1.9152200000000001,145,8,0
2024-04-22 20:55:00,1.91521,1.91521,1.91216,1.91426,245,8,0
2024-04-22 21:00:00,1.91247,1.91432,1.91247,1.91432,75,133,0
2024-04-22 21:05:00,1.91432,1.91502,1.91432,1.9149,36,29,0
2024-04-22 21:10:00,1.9149,1.9154,1.9146999999999998,1.9148800000000001,54,25,0
2024-04-22 21:15:00,1.91499,1.91546,1.9148800000000001,1.91539,88,16,0
2024-04-22 21:20:00,1.91539,1.9154900000000001,1.9151,1.91543,54,13,0
2024-04-22 21:25:00,1.9154,1.91551,1.91493,1.91517,41,16,0
2024-04-22 21:30:00,1.91517,1.9154499999999999,1.91509,1.91533,43,17,0
2024-04-22 21:35:00,1.91517,1.9155,1.9151500000000001,1.9153099999999998,93,24,0
2024-04-22 21:40:00,1.9152900000000002,1.91543,1.91505,1.9152,68,27,0
2024-04-22 21:45:00,1.91513,1.91534,1.9150399999999999,1.91526,44,17,0
2024-04-22 21:50:00,1.91526,1.9153799999999999,1.91493,1.91503,44,17,0
2024-04-22 21:55:00,1.91502,1.9151,1.91448,1.91456,103,18,0
2024-04-22 22:00:00,1.91456,1.91482,1.9144700000000001,1.91467,148,8,0
2024-04-22 22:05:00,1.9146800000000002,1.91479,1.91465,1.91472,60,8,0
2024-04-22 22:10:00,1.9146999999999998,1.9148800000000001,1.91469,1.91487,64,8,0
2024-04-22 22:15:00,1.9148800000000001,1.9149699999999998,1.9148100000000001,1.91493,111,8,0
2024-04-22 22:20:00,1.91491,1.9149699999999998,1.9148100000000001,1.91482,58,8,0
2024-04-22 22:25:00,1.9148,1.9149699999999998,1.91478,1.91494,120,8,0
2024-04-22 22:30:00,1.9149500000000002,1.9149500000000002,1.91469,1.91485,107,8,0
2024-04-22 22:35:00,1.91486,1.915,1.91485,1.9149699999999998,73,8,0
2024-04-22 22:40:00,1.91496,1.9149699999999998,1.91486,1.91494,79,8,0
2024-04-22 22:45:00,1.91493,1.9149699999999998,1.91486,1.91494,79,8,0
2024-04-22 22:50:00,1.91496,1.91507,1.91494,1.9149500000000002,68,8,0
2024-04-22 22:55:00,1.91494,1.91507,1.9148,1.91494,79,8,0
2024-04-22 23:00:00,1.9149500000000002,1.91505,1.91487,1.91501,115,8,0
2024-04-22 23:05:00,1.91502,1.91502,1.91487,1.91496,106,8,0
2024-04-22 23:10:00,1.9149699999999998,1.9153099999999998,1.9148800000000001,1.91513,186,8,0
2024-04-22 23:15:00,1.91512,1.91523,1.91501,1.9152,116,8,0
2024-04-22 23:20:00,1.91519,1.9154,1.91509,1.91536,183,8,0
2024-04-22 23:25:00,1.9153799999999999,1.9153799999999999,1.9151,1.91513,164,8,0
2024-04-22 23:30:00,1.91514,1.9151799999999999,1.91473,1.91485,251,8,0
2024-04-22 23:35:00,1.91483,1.91502,1.91483,1.91502,144,8,0
2024-04-22 23:40:00,1.91498,1.91514,1.91486,1.9151,150,8,0
2024-04-22 23:45:00,1.91509,1.9151500000000001,1.91483,1.91483,154,8,0
2024-04-22 23:50:00,1.91486,1.91492,1.91406,1.91448,296,8,0
2024-04-22 23:55:00,1.91446,1.9146999999999998,1.91402,1.91412,377,8,0
2024-04-23 00:00:00,1.91414,1.91446,1.91392,1.91419,810,8,0
2024-04-23 00:05:00,1.91419,1.9145400000000001,1.91384,1.9142700000000001,579,8,0
2024-04-23 00:10:00,1.91428,1.91487,1.91419,1.91467,519,8,0
2024-04-23 00:15:00,1.91466,1.91475,1.9141,1.9141599999999999,506,8,0
2024-04-23 00:20:00,1.91415,1.9149699999999998,1.91401,1.9148399999999999,428,8,0
2024-04-23 00:25:00,1.91483,1.91496,1.91429,1.9143,354,8,0
2024-04-23 00:30:00,1.91429,1.9143400000000002,1.91388,1.91402,479,8,0
2024-04-23 00:35:00,1.91401,1.91402,1.9135,1.91364,374,8,0
2024-04-23 00:40:00,1.91364,1.91376,1.9134,1.91364,318,8,0
2024-04-23 00:45:00,1.9136199999999999,1.91365,1.91261,1.91291,437,8,0
2024-04-23 00:50:00,1.9129,1.91336,1.9129,1.91319,450,8,0
2024-04-23 00:55:00,1.9132,1.91322,1.91254,1.9127,510,8,0
2024-04-23 01:00:00,1.91269,1.9127,1.91191,1.9123,862,8,0
2024-04-23 01:05:00,1.91229,1.91273,1.9122400000000002,1.91265,608,8,0
2024-04-23 01:10:00,1.9126400000000001,1.9128500000000002,1.91242,1.91272,629,8,0
2024-04-23 01:15:00,1.9127,1.91317,1.91261,1.913,771,8,0
2024-04-23 01:20:00,1.9130099999999999,1.91363,1.9127100000000001,1.9134799999999998,640,8,0
2024-04-23 01:25:00,1.91349,1.9140899999999998,1.91342,1.91344,720,8,0
2024-04-23 01:30:00,1.91343,1.91384,1.91322,1.91334,1068,8,0
2024-04-23 01:35:00,1.91334,1.91356,1.91272,1.91275,1424,8,0
2024-04-23 01:40:00,1.91276,1.91317,1.91241,1.91268,1209,8,0
2024-04-23 01:45:00,1.9126699999999999,1.91311,1.91228,1.913,964,8,0
2024-04-23 01:50:00,1.91299,1.9143,1.9129800000000001,1.91419,1063,8,0
2024-04-23 01:55:00,1.91418,1.91453,1.9134600000000002,1.91347,942,8,0
2024-04-23 02:00:00,1.9134600000000002,1.91352,1.9123299999999999,1.91245,869,8,0
2024-04-23 02:05:00,1.9124400000000001,1.9125100000000002,1.91194,1.91231,858,8,0
2024-04-23 02:10:00,1.91232,1.91239,1.91178,1.9119199999999998,770,8,0
2024-04-23 02:15:00,1.91193,1.912,1.91135,1.91186,789,8,0
2024-04-23 02:20:00,1.91184,1.91184,1.9114200000000001,1.9114900000000001,557,8,0
2024-04-23 02:25:00,1.91151,1.9119000000000002,1.91151,1.91187,540,8,0
2024-04-23 02:30:00,1.91188,1.91282,1.91188,1.91262,553,8,0
2024-04-23 02:35:00,1.91261,1.9126400000000001,1.91222,1.9123999999999999,486,8,0
2024-04-23 02:40:00,1.9124400000000001,1.91246,1.91135,1.91193,728,8,0
2024-04-23 02:45:00,1.9119199999999998,1.912,1.9114499999999999,1.91155,592,8,0
2024-04-23 02:50:00,1.9115600000000001,1.91162,1.91113,1.9113799999999999,630,8,0
2024-04-23 02:55:00,1.9114,1.91221,1.9114,1.91196,678,8,0
2024-04-23 03:00:00,1.9119899999999999,1.9130500000000001,1.9117899999999999,1.91272,629,8,0
2024-04-23 03:05:00,1.91273,1.91349,1.91272,1.91296,759,8,0
2024-04-23 03:10:00,1.91295,1.91311,1.91277,1.91289,541,8,0
2024-04-23 03:15:00,1.9129,1.9129800000000001,1.91241,1.9126400000000001,565,8,0
2024-04-23 03:20:00,1.91266,1.9127100000000001,1.91207,1.91231,517,8,0
2024-04-23 03:25:00,1.9123,1.91252,1.91221,1.9123700000000001,495,8,0
2024-04-23 03:30:00,1.91238,1.9127100000000001,1.91231,1.9125299999999998,483,8,0
2024-04-23 03:35:00,1.91252,1.91277,1.91243,1.9127100000000001,360,8,0
2024-04-23 03:40:00,1.91272,1.91288,1.91263,1.91277,392,8,0
2024-04-23 03:45:00,1.9127800000000001,1.9131,1.91269,1.91304,384,8,0
2024-04-23 03:50:00,1.91303,1.91311,1.91283,1.9129800000000001,361,8,0
2024-04-23 03:55:00,1.9129800000000001,1.91303,1.9125,1.9127,487,8,0
2024-04-23 04:00:00,1.91269,1.9128500000000002,1.91238,1.91256,365,8,0
2024-04-23 04:05:00,1.91255,1.91255,1.91232,1.91232,309,8,0
2024-04-23 04:10:00,1.9123299999999999,1.91239,1.9115,1.9115799999999998,317,8,0
2024-04-23 04:15:00,1.9116,1.9119000000000002,1.91144,1.91166,430,8,0
2024-04-23 04:20:00,1.91167,1.91205,1.9116,1.9119899999999999,333,8,0
2024-04-23 04:25:00,1.9120300000000001,1.9122599999999998,1.91189,1.9122,253,8,0
2024-04-23 04:30:00,1.91221,1.91238,1.91204,1.91222,342,8,0
2024-04-23 04:35:00,1.9122,1.91222,1.91197,1.91218,303,8,0
2024-04-23 04:40:00,1.9121700000000001,1.91221,1.91185,1.91201,403,8,0
2024-04-23 04:45:00,1.91201,1.91225,1.912,1.91221,266,8,0
2024-04-23 04:50:00,1.9122,1.9125,1.9121899999999998,1.91239,241,8,0
2024-04-23 04:55:00,1.9123999999999999,1.91249,1.91223,1.91248,297,8,0
2024-04-23 05:00:00,1.91248,1.91282,1.91235,1.91279,519,8,0
2024-04-23 05:05:00,1.9127800000000001,1.91299,1.91252,1.91293,618,8,0
2024-04-23 05:10:00,1.91295,1.91306,1.91266,1.9127999999999998,619,8,0
2024-04-23 05:15:00,1.91279,1.91289,1.9125999999999999,1.91266,523,8,0
2024-04-23 05:20:00,1.91266,1.9127399999999999,1.9125100000000002,1.9126400000000001,414,8,0
2024-04-23 05:25:00,1.91262,1.91286,1.91262,1.9127800000000001,400,8,0
2024-04-23 05:30:00,1.9127999999999998,1.91317,1.91262,1.9129399999999999,713,8,0
2024-04-23 05:35:00,1.91293,1.91341,1.9128699999999998,1.9130500000000001,563,8,0
2024-04-23 05:40:00,1.9130500000000001,1.9131,1.91273,1.91283,558,8,0
2024-04-23 05:45:00,1.9128500000000002,1.91289,1.91229,1.91236,509,8,0
2024-04-23 05:50:00,1.91235,1.91272,1.91234,1.91266,622,8,0
2024-04-23 05:55:00,1.91265,1.91279,1.91214,1.9121700000000001,614,8,0
2024-04-23 06:00:00,1.91215,1.91215,1.91136,1.91136,793,8,0
2024-04-23 06:05:00,1.91135,1.9117600000000001,1.91094,1.9113,710,8,0
2024-04-23 06:10:00,1.9113099999999998,1.9117199999999999,1.9112,1.91135,629,8,0
2024-04-23 06:15:00,1.91134,1.91162,1.91114,1.91141,778,8,0
2024-04-23 06:20:00,1.9114,1.91157,1.91112,1.9113099999999998,570,8,0
2024-04-23 06:25:00,1.9113,1.91185,1.91123,1.91185,547,8,0
2024-04-23 06:30:00,1.91182,1.91218,1.9116,1.91214,720,8,0
2024-04-23 06:35:00,1.91212,1.91256,1.91211,1.91247,503,8,0
2024-04-23 06:40:00,1.91247,1.91388,1.91246,1.91367,849,8,0
2024-04-23 06:45:00,1.91368,1.9139,1.91309,1.9131200000000002,710,8,0
2024-04-23 06:50:00,1.91313,1.9133900000000001,1.91277,1.91326,769,8,0
2024-04-23 06:55:00,1.9132500000000001,1.9138899999999999,1.91324,1.91374,951,8,0
2024-04-23 07:00:00,1.9137499999999998,1.91467,1.91364,1.91463,1261,8,0
2024-04-23 07:05:00,1.9146100000000001,1.9147699999999999,1.9134600000000002,1.91369,752,8,0
2024-04-23 07:10:00,1.91368,1.91455,1.9136,1.91425,863,8,0
2024-04-23 07:15:00,1.9142700000000001,1.91498,1.9141599999999999,1.9146,1340,8,0
2024-04-23 07:20:00,1.91458,1.91475,1.91352,1.9136600000000001,1068,8,0
2024-04-23 07:25:00,1.91367,1.91588,1.91365,1.91584,1104,8,0
2024-04-23 07:30:00,1.91585,1.91602,1.9144,1.9151799999999999,1896,8,0
2024-04-23 07:35:00,1.9152200000000001,1.91581,1.91489,1.91573,1459,8,0
2024-04-23 07:40:00,1.91574,1.9165299999999998,1.91546,1.9158300000000001,1231,8,0
2024-04-23 07:45:00,1.91582,1.91609,1.9152900000000002,1.91578,935,8,0
2024-04-23 07:50:00,1.91577,1.91627,1.91552,1.9162400000000002,992,8,0
2024-04-23 07:55:00,1.91623,1.91756,1.91623,1.91751,1001,8,0
2024-04-23 08:00:00,1.91751,1.9177,1.91689,1.9174,1132,8,0
2024-04-23 08:05:00,1.9174,1.9175900000000001,1.9160599999999999,1.9161700000000002,1010,8,0
2024-04-23 08:10:00,1.91615,1.91631,1.91571,1.91581,988,8,0
2024-04-23 08:15:00,1.91582,1.91625,1.91581,1.91615,716,8,0
2024-04-23 08:20:00,1.91614,1.9167100000000001,1.91609,1.91643,670,8,0
2024-04-23 08:25:00,1.91643,1.91831,1.91616,1.91777,725,8,0
2024-04-23 08:30:00,1.91781,1.91944,1.91718,1.91941,1400,8,0
2024-04-23 08:35:00,1.9194,1.92018,1.91919,1.91987,933,8,0
2024-04-23 08:40:00,1.91988,1.91995,1.9189699999999998,1.91905,704,8,0
2024-04-23 08:45:00,1.91906,1.9195600000000002,1.91886,1.9195600000000002,869,8,0
2024-04-23 08:50:00,1.9195799999999998,1.9196499999999999,1.9191799999999999,1.91934,599,8,0
2024-04-23 08:55:00,1.9193500000000001,1.91955,1.91892,1.91932,767,8,0
2024-04-23 09:00:00,1.91932,1.91944,1.91837,1.91856,865,8,0
2024-04-23 09:05:00,1.9185699999999999,1.9186999999999999,1.91814,1.91835,671,8,0
2024-04-23 09:10:00,1.91832,1.91856,1.91778,1.9184,800,8,0
2024-04-23 09:15:00,1.91841,1.91882,1.9182000000000001,1.9184299999999999,810,8,0
2024-04-23 09:20:00,1.91844,1.91892,1.9183400000000002,1.91876,709,8,0
2024-04-23 09:25:00,1.9187699999999999,1.9187699999999999,1.91751,1.9175900000000001,578,8,0
2024-04-23 09:30:00,1.9176,1.91765,1.91718,1.91724,853,8,0
2024-04-23 09:35:00,1.9172500000000001,1.91768,1.91709,1.91726,648,8,0
2024-04-23 09:40:00,1.91727,1.9174,1.91689,1.91704,546,8,0
2024-04-23 09:45:00,1.91703,1.9171200000000002,1.91675,1.91683,576,8,0
2024-04-23 09:50:00,1.9167999999999998,1.9177300000000002,1.9167800000000002,1.91754,509,8,0
2024-04-23 09:55:00,1.91751,1.9175900000000001,1.9172500000000001,1.91731,362,8,0
2024-04-23 10:00:00,1.9173,1.91738,1.9169399999999999,1.91718,572,8,0
2024-04-23 10:05:00,1.91717,1.9172099999999999,1.91646,1.91668,512,8,0
2024-04-23 10:10:00,1.9166699999999999,1.91677,1.91638,1.9165299999999998,444,8,0
2024-04-23 10:15:00,1.91652,1.91656,1.91585,1.91598,516,8,0
2024-04-23 10:20:00,1.9159899999999999,1.9161299999999999,1.91568,1.9157,399,8,0
2024-04-23 10:25:00,1.91573,1.91573,1.915,1.91506,437,8,0
2024-04-23 10:30:00,1.9150399999999999,1.9153,1.91475,1.9152,620,8,0
2024-04-23 10:35:00,1.91519,1.9155600000000002,1.91503,1.91534,562,8,0
2024-04-23 10:40:00,1.91535,1.91548,1.91483,1.915,545,8,0
2024-04-23 10:45:00,1.915,1.9150399999999999,1.91424,1.91441,481,8,0
2024-04-23 10:50:00,1.91441,1.91463,1.91419,1.91463,449,8,0
2024-04-23 10:55:00,1.9146,1.91471,1.91426,1.91445,544,8,0
2024-04-23 11:00:00,1.91444,1.91473,1.91429,1.9146999999999998,354,8,0
2024-04-23 11:05:00,1.91467,1.91496,1.91462,1.9148399999999999,426,8,0
2024-04-23 11:10:00,1.91485,1.91519,1.9145699999999999,1.9149500000000002,597,8,0
2024-04-23 11:15:00,1.91493,1.91851,1.91482,1.9173900000000001,1610,8,0
2024-04-23 11:20:00,1.9173900000000001,1.91907,1.91733,1.91883,914,8,0
2024-04-23 11:25:00,1.9188399999999999,1.91948,1.9186999999999999,1.91917,859,8,0
2024-04-23 11:30:00,1.91916,1.91917,1.91882,1.91896,684,8,0
2024-04-23 11:35:00,1.91898,1.9194,1.91891,1.9191500000000001,584,8,0
2024-04-23 11:40:00,1.9191500000000001,1.91925,1.9185400000000001,1.9186299999999998,757,8,0
2024-04-23 11:45:00,1.91865,1.91967,1.91846,1.91953,719,8,0
2024-04-23 11:50:00,1.91952,1.9198300000000001,1.91898,1.91961,751,8,0
2024-04-23 11:55:00,1.91962,1.92122,1.91957,1.9209800000000001,1137,8,0
2024-04-23 12:00:00,1.92099,1.92161,1.92042,1.92075,1403,8,0
2024-04-23 12:05:00,1.92074,1.92177,1.92066,1.9217499999999998,853,8,0
2024-04-23 12:10:00,1.92176,1.92184,1.92133,1.92171,867,8,0
2024-04-23 12:15:00,1.9217499999999998,1.92229,1.92172,1.92172,806,8,0
2024-04-23 12:20:00,1.92172,1.92181,1.9209399999999999,1.9210099999999999,698,8,0
2024-04-23 12:25:00,1.92102,1.9215200000000001,1.92075,1.9212500000000001,647,8,0
2024-04-23 12:30:00,1.92126,1.9213200000000001,1.9206400000000001,1.92074,691,8,0
2024-04-23 12:35:00,1.9207,1.9207100000000001,1.9189500000000002,1.9189699999999998,756,8,0
2024-04-23 12:40:00,1.91902,1.91923,1.91878,1.91891,757,8,0
2024-04-23 12:45:00,1.9189,1.91977,1.9188100000000001,1.91951,734,8,0
2024-04-23 12:50:00,1.91952,1.9199899999999999,1.91943,1.91948,743,8,0
2024-04-23 12:55:00,1.9194900000000001,1.91996,1.91932,1.91947,612,8,0
2024-04-23 13:00:00,1.9194900000000001,1.91988,1.9190399999999999,1.9198300000000001,737,8,0
2024-04-23 13:05:00,1.91984,1.91994,1.91936,1.91937,620,8,0
2024-04-23 13:10:00,1.91936,1.91946,1.9188,1.9188399999999999,633,8,0
2024-04-23 13:15:00,1.91886,1.9194200000000001,1.91876,1.91934,618,8,0
2024-04-23 13:20:00,1.91933,1.91982,1.91923,1.91966,461,8,0
2024-04-23 13:25:00,1.91967,1.91982,1.9192399999999998,1.91948,540,8,0
2024-04-23 13:30:00,1.91947,1.91981,1.91937,1.9197,979,8,0
2024-04-23 13:35:00,1.91971,1.91984,1.9186999999999999,1.91871,1281,8,0
2024-04-23 13:40:00,1.9187400000000001,1.91885,1.91719,1.91765,804,8,0
2024-04-23 13:45:00,1.91764,1.9187400000000001,1.91749,1.9185400000000001,2828,8,0
2024-04-23 13:50:00,1.9185400000000001,1.91974,1.91824,1.9196,2335,8,0
2024-04-23 13:55:00,1.9195799999999998,1.92028,1.91856,1.9186800000000002,1995,8,0
2024-04-23 14:00:00,1.91878,1.91957,1.91852,1.91893,2083,8,0
2024-04-23 14:05:00,1.91892,1.91939,1.91858,1.9193799999999999,2271,8,0
2024-04-23 14:10:00,1.91934,1.92004,1.91898,1.91927,2330,8,0
2024-04-23 14:15:00,1.91926,1.92031,1.91919,1.91997,1811,8,0
2024-04-23 14:20:00,1.91998,1.9206699999999999,1.9196,1.92028,1704,8,0
2024-04-23 14:25:00,1.92028,1.9205,1.9191099999999999,1.9193099999999998,1858,8,0
2024-04-23 14:30:00,1.9193,1.91936,1.91879,1.91936,1753,8,0
2024-04-23 14:35:00,1.91936,1.9195799999999998,1.91903,1.91923,1588,8,0
2024-04-23 14:40:00,1.9192399999999998,1.92011,1.9190800000000001,1.9198300000000001,1670,8,0
2024-04-23 14:45:00,1.91982,1.92038,1.9194900000000001,1.9199899999999999,1629,8,0
2024-04-23 14:50:00,1.91998,1.91998,1.91871,1.9193799999999999,1525,8,0
2024-04-23 14:55:00,1.91939,1.92021,1.9193099999999998,1.9196499999999999,1352,8,0
2024-04-23 15:00:00,1.91963,1.9199199999999998,1.9193,1.91964,1409,8,0
2024-04-23 15:05:00,1.91966,1.9204400000000001,1.9196499999999999,1.91981,1407,8,0
2024-04-23 15:10:00,1.9197899999999999,1.92022,1.9194900000000001,1.9197899999999999,1155,8,0
2024-04-23 15:15:00,1.9198,1.9199199999999998,1.919,1.9191500000000001,997,8,0
2024-04-23 15:20:00,1.9191,1.9199000000000002,1.919,1.9199000000000002,1013,8,0
2024-04-23 15:25:00,1.91989,1.9201000000000001,1.91951,1.9195799999999998,617,8,0
2024-04-23 15:30:00,1.91957,1.9203000000000001,1.91952,1.91968,858,8,0
2024-04-23 15:35:00,1.9196900000000001,1.92002,1.9193099999999998,1.9194499999999999,958,8,0
2024-04-23 15:40:00,1.91944,1.92012,1.9193799999999999,1.9196,884,8,0
2024-04-23 15:45:00,1.9196,1.91966,1.91894,1.9190800000000001,849,8,0
2024-04-23 15:50:00,1.91907,1.91981,1.91905,1.91978,648,8,0
2024-04-23 15:55:00,1.9197899999999999,1.9197899999999999,1.91889,1.91909,741,8,0
2024-04-23 16:00:00,1.9190399999999999,1.91941,1.9188399999999999,1.9193099999999998,945,8,0
2024-04-23 16:05:00,1.9192900000000002,1.91941,1.91907,1.9192399999999998,739,8,0
2024-04-23 16:10:00,1.9192200000000001,1.9194,1.9189699999999998,1.91937,785,8,0
2024-04-23 16:15:00,1.9193799999999999,1.9195,1.91909,1.91926,563,8,0
2024-04-23 16:20:00,1.91927,1.91984,1.9191799999999999,1.91951,588,8,0
2024-04-23 16:25:00,1.91946,1.91954,1.9188399999999999,1.91894,619,8,0
2024-04-23 16:30:00,1.9189500000000002,1.91939,1.91886,1.9191799999999999,567,8,0
2024-04-23 16:35:00,1.91916,1.9191799999999999,1.9188100000000001,1.9191099999999999,589,8,0
2024-04-23 16:40:00,1.9191,1.91916,1.9188399999999999,1.91914,539,8,0
2024-04-23 16:45:00,1.91913,1.91919,1.91896,1.91903,493,8,0
2024-04-23 16:50:00,1.9190399999999999,1.9195,1.9189500000000002,1.91933,506,8,0
2024-04-23 16:55:00,1.91934,1.9194,1.91905,1.91909,786,8,0
2024-04-23 17:00:00,1.9190800000000001,1.91957,1.91906,1.91934,817,8,0
2024-04-23 17:05:00,1.91936,1.91973,1.91913,1.9192900000000002,935,8,0
2024-04-23 17:10:00,1.9193,1.9193,1.91893,1.91898,931,8,0
2024-04-23 17:15:00,1.9189699999999998,1.91933,1.91882,1.9188800000000001,783,8,0
2024-04-23 17:20:00,1.91891,1.91916,1.91882,1.9189,643,8,0
2024-04-23 17:25:00,1.9188800000000001,1.91923,1.9188800000000001,1.91906,606,8,0
2024-04-23 17:30:00,1.91905,1.91943,1.91902,1.91932,483,8,0
2024-04-23 17:35:00,1.9193,1.9197,1.9192900000000002,1.9196,485,8,0
2024-04-23 17:40:00,1.9196,1.91994,1.9194499999999999,1.9198499999999998,539,8,0
2024-04-23 17:45:00,1.91984,1.92,1.91944,1.9195799999999998,610,8,0
2024-04-23 17:50:00,1.91959,1.91962,1.9193,1.9193,515,8,0
2024-04-23 17:55:00,1.9193099999999998,1.91944,1.91917,1.91937,418,8,0
2024-04-23 18:00:00,1.91939,1.91944,1.91921,1.91928,442,8,0
2024-04-23 18:05:00,1.9193,1.9195799999999998,1.91925,1.91948,304,8,0
2024-04-23 18:10:00,1.91951,1.91987,1.91934,1.9197600000000001,468,8,0
2024-04-23 18:15:00,1.91975,1.9198300000000001,1.9195600000000002,1.9195600000000002,427,8,0
2024-04-23 18:20:00,1.91957,1.91968,1.9195,1.91962,334,8,0
2024-04-23 18:25:00,1.91961,1.91963,1.91936,1.9194499999999999,295,8,0
2024-04-23 18:30:00,1.9194499999999999,1.9197899999999999,1.9194,1.9196900000000001,559,8,0
2024-04-23 18:35:00,1.9196900000000001,1.91981,1.91957,1.91975,511,8,0
2024-04-23 18:40:00,1.91974,1.91989,1.91954,1.91967,420,8,0
2024-04-23 18:45:00,1.9196900000000001,1.91973,1.91909,1.9193,602,8,0
2024-04-23 18:50:00,1.9193099999999998,1.9195600000000002,1.91912,1.91926,560,8,0
2024-04-23 18:55:00,1.91927,1.9195,1.91907,1.91914,378,8,0
2024-04-23 19:00:00,1.9191099999999999,1.9192900000000002,1.91886,1.91902,637,8,0
2024-04-23 19:05:00,1.91903,1.91934,1.9189699999999998,1.9192,551,8,0
2024-04-23 19:10:00,1.91921,1.91937,1.9190399999999999,1.9192399999999998,480,8,0
2024-04-23 19:15:00,1.91923,1.91933,1.91907,1.9192,434,8,0
2024-04-23 19:20:00,1.91919,1.91937,1.9191099999999999,1.91926,404,8,0
2024-04-23 19:25:00,1.91925,1.91933,1.91914,1.9191799999999999,369,8,0
2024-04-23 19:30:00,1.91921,1.91937,1.91907,1.91936,364,8,0
2024-04-23 19:35:00,1.91934,1.9194,1.91921,1.91937,390,8,0
2024-04-23 19:40:00,1.9193500000000001,1.9194499999999999,1.9191500000000001,1.91923,291,8,0
2024-04-23 19:45:00,1.91921,1.9194499999999999,1.91917,1.9194,328,8,0
2024-04-23 19:50:00,1.91939,1.91948,1.9193,1.91937,392,8,0
2024-04-23 19:55:00,1.9193799999999999,1.91955,1.91919,1.91936,528,8,0
2024-04-23 20:00:00,1.91937,1.91946,1.9191799999999999,1.91934,399,8,0
2024-04-23 20:05:00,1.9193500000000001,1.91964,1.9193,1.9193500000000001,212,8,0
2024-04-23 20:10:00,1.91936,1.91944,1.91928,1.91934,177,8,0
2024-04-23 20:15:00,1.91933,1.9195,1.91925,1.91934,212,8,0
2024-04-23 20:20:00,1.9193500000000001,1.91937,1.91921,1.9193099999999998,77,8,0
2024-04-23 20:25:00,1.9193099999999998,1.9193799999999999,1.9191799999999999,1.91926,153,8,0
2024-04-23 20:30:00,1.91925,1.91925,1.91902,1.91907,206,8,0
2024-04-23 20:35:00,1.9190800000000001,1.9191099999999999,1.91894,1.91907,77,8,0
2024-04-23 20:40:00,1.91906,1.9192399999999998,1.91891,1.91913,156,8,0
2024-04-23 20:45:00,1.91912,1.9191500000000001,1.9188800000000001,1.9189500000000002,130,8,0
2024-04-23 20:50:00,1.9189500000000002,1.91925,1.9187400000000001,1.91917,347,8,0
2024-04-23 20:55:00,1.91917,1.9192,1.9168500000000002,1.9168500000000002,233,8,0
2024-04-23 21:00:00,1.91684,1.91784,1.91679,1.9171200000000002,56,345,0
2024-04-23 21:05:00,1.91771,1.91974,1.9169,1.9186299999999998,64,117,0
2024-04-23 21:10:00,1.9186299999999998,1.91887,1.91795,1.9186800000000002,31,92,0
2024-04-23 21:15:00,1.91876,1.91925,1.9186299999999998,1.91889,72,80,0
2024-04-23 21:20:00,1.91887,1.91928,1.91886,1.9191099999999999,43,81,0
2024-04-23 21:25:00,1.9191099999999999,1.91939,1.91871,1.9193500000000001,58,64,0
2024-04-23 21:30:00,1.9193500000000001,1.91941,1.91914,1.91926,54,57,0
2024-04-23 21:35:00,1.9193099999999998,1.91946,1.91916,1.9193,87,56,0
2024-04-23 21:40:00,1.9193500000000001,1.91986,1.91917,1.91917,150,49,0
2024-04-23 21:45:00,1.91914,1.91954,1.9188,1.91893,182,28,0
2024-04-23 21:50:00,1.91901,1.9192,1.91886,1.9189,194,21,0
2024-04-23 21:55:00,1.9188800000000001,1.9189500000000002,1.91803,1.91858,214,20,0
2024-04-23 22:00:00,1.91858,1.9187699999999999,1.91825,1.91873,151,8,0
2024-04-23 22:05:00,1.9187400000000001,1.91905,1.91873,1.91898,53,8,0
2024-04-23 22:10:00,1.91898,1.91906,1.91865,1.91896,73,8,0
2024-04-23 22:15:00,1.9189500000000002,1.91901,1.91865,1.91867,136,8,0
2024-04-23 22:20:00,1.9186800000000002,1.9188100000000001,1.9186100000000001,1.9186999999999999,190,8,0
2024-04-23 22:25:00,1.91869,1.9189,1.91864,1.91886,145,8,0
2024-04-23 22:30:00,1.91887,1.91889,1.91858,1.9186999999999999,133,8,0
2024-04-23 22:35:00,1.91869,1.91899,1.91867,1.91898,158,8,0
2024-04-23 22:40:00,1.9189699999999998,1.9192900000000002,1.9188800000000001,1.91926,87,8,0
2024-04-23 22:45:00,1.91926,1.91928,1.91896,1.91899,84,8,0
2024-04-23 22:50:00,1.91898,1.9192,1.9189699999999998,1.91907,142,8,0
2024-04-23 22:55:00,1.91906,1.9191,1.9187699999999999,1.91878,132,8,0
2024-04-23 23:00:00,1.9188100000000001,1.91893,1.91878,1.91891,184,8,0
2024-04-23 23:05:00,1.9189,1.9191799999999999,1.91889,1.91914,155,8,0
2024-04-23 23:10:00,1.91916,1.91941,1.9191500000000001,1.91934,153,8,0
2024-04-23 23:15:00,1.91933,1.91934,1.9191099999999999,1.91914,119,8,0
2024-04-23 23:20:00,1.91913,1.9191799999999999,1.91905,1.91916,130,8,0
2024-04-23 23:25:00,1.91917,1.91925,1.9190399999999999,1.91909,196,8,0
2024-04-23 23:30:00,1.9191,1.9193,1.9189699999999998,1.91926,258,8,0
2024-04-23 23:35:00,1.91925,1.91962,1.91916,1.9194499999999999,200,8,0
2024-04-23 23:40:00,1.91946,1.91975,1.91943,1.91957,271,8,0
2024-04-23 23:45:00,1.91957,1.9198,1.91953,1.9195600000000002,208,8,0
2024-04-23 23:50:00,1.9195600000000002,1.9197,1.9190399999999999,1.91917,381,8,0
2024-04-23 23:55:00,1.91914,1.91957,1.9186299999999998,1.91951,724,8,0
2024-04-24 00:00:00,1.91954,1.91967,1.91876,1.9189500000000002,876,8,0
2024-04-24 00:05:00,1.91896,1.91946,1.91885,1.9188800000000001,601,8,0
2024-04-24 00:10:00,1.91889,1.91912,1.91852,1.91891,606,8,0
2024-04-24 00:15:00,1.91892,1.91892,1.9184299999999999,1.91849,659,8,0
2024-04-24 00:20:00,1.9184999999999999,1.91856,1.9181300000000001,1.91825,433,8,0
2024-04-24 00:25:00,1.9182700000000001,1.9186800000000002,1.9182299999999999,1.91835,495,8,0
2024-04-24 00:30:00,1.91835,1.9186800000000002,1.91832,1.91858,262,8,0
2024-04-24 00:35:00,1.91859,1.9188,1.9183400000000002,1.9184700000000001,443,8,0
2024-04-24 00:40:00,1.91846,1.9184999999999999,1.91825,1.9183599999999998,569,8,0
2024-04-24 00:45:00,1.91835,1.91864,1.91826,1.9186,306,8,0
2024-04-24 00:50:00,1.9186299999999998,1.9188,1.9180000000000001,1.9184,650,8,0
2024-04-24 00:55:00,1.91839,1.91851,1.91798,1.91825,481,8,0
2024-04-24 01:00:00,1.91824,1.91849,1.91787,1.91826,661,8,0
2024-04-24 01:05:00,1.91825,1.9183400000000002,1.9181300000000001,1.91825,507,8,0
2024-04-24 01:10:00,1.91824,1.91839,1.91812,1.91822,385,8,0
2024-04-24 01:15:00,1.9182000000000001,1.91833,1.91764,1.91779,650,8,0
2024-04-24 01:20:00,1.91778,1.91824,1.9175,1.91771,654,8,0
2024-04-24 01:25:00,1.91768,1.91799,1.90884,1.91215,454,8,0
2024-04-24 01:30:00,1.91212,1.9150399999999999,1.91144,1.91215,1596,8,0
2024-04-24 01:35:00,1.91216,1.9122400000000002,1.9104,1.9106800000000002,1358,8,0
2024-04-24 01:40:00,1.9106999999999998,1.91212,1.91055,1.91166,1102,8,0
2024-04-24 01:45:00,1.91166,1.91209,1.9103599999999998,1.9104700000000001,939,8,0
2024-04-24 01:50:00,1.91046,1.9113099999999998,1.91037,1.91073,849,8,0
2024-04-24 01:55:00,1.91074,1.91074,1.90984,1.9099300000000001,811,8,0
2024-04-24 02:00:00,1.90992,1.9103599999999998,1.90957,1.90968,907,8,0
2024-04-24 02:05:00,1.90971,1.9098899999999999,1.90926,1.90953,1123,8,0
2024-04-24 02:10:00,1.90951,1.90988,1.9092799999999999,1.90949,729,8,0
2024-04-24 02:15:00,1.9094799999999998,1.90985,1.9088699999999998,1.90981,679,8,0
2024-04-24 02:20:00,1.9098000000000002,1.91042,1.90954,1.91021,646,8,0
2024-04-24 02:25:00,1.9102000000000001,1.91056,1.91014,1.9103599999999998,579,8,0
2024-04-24 02:30:00,1.91037,1.9105699999999999,1.91006,1.91056,509,8,0
2024-04-24 02:35:00,1.91055,1.91086,1.9104100000000002,1.9106,553,8,0
2024-04-24 02:40:00,1.91062,1.91093,1.90999,1.91021,564,8,0
2024-04-24 02:45:00,1.91022,1.91064,1.91014,1.91042,493,8,0
2024-04-24 02:50:00,1.9104299999999999,1.91053,1.90987,1.9103400000000001,558,8,0
2024-04-24 02:55:00,1.91035,1.91072,1.91021,1.91062,437,8,0
2024-04-24 03:00:00,1.91064,1.9117600000000001,1.9105699999999999,1.91174,558,8,0
2024-04-24 03:05:00,1.9117199999999999,1.91239,1.9117199999999999,1.91238,547,8,0
2024-04-24 03:10:00,1.9123999999999999,1.91262,1.91201,1.91215,488,8,0
2024-04-24 03:15:00,1.91212,1.9122400000000002,1.9117199999999999,1.91195,430,8,0
2024-04-24 03:20:00,1.91194,1.91197,1.91154,1.9116499999999998,359,8,0
2024-04-24 03:25:00,1.91164,1.91194,1.9114499999999999,1.91166,394,8,0
2024-04-24 03:30:00,1.9116499999999998,1.91184,1.91154,1.91167,321,8,0
2024-04-24 03:35:00,1.91168,1.91187,1.91127,1.91137,280,8,0
2024-04-24 03:40:00,1.9113799999999999,1.91161,1.91136,1.9115199999999999,264,8,0
2024-04-24 03:45:00,1.91153,1.91161,1.91094,1.91107,296,8,0
2024-04-24 03:50:00,1.91106,1.9111500000000001,1.91078,1.91089,309,8,0
2024-04-24 03:55:00,1.9109099999999999,1.9113099999999998,1.91089,1.91114,422,8,0
2024-04-24 04:00:00,1.91116,1.91146,1.91092,1.9109699999999998,331,8,0
2024-04-24 04:05:00,1.9109699999999998,1.9110399999999998,1.91067,1.9108399999999999,307,8,0
2024-04-24 04:10:00,1.91085,1.9111500000000001,1.91076,1.9109699999999998,237,8,0
2024-04-24 04:15:00,1.91098,1.9111500000000001,1.91086,1.91107,291,8,0
2024-04-24 04:20:00,1.9110800000000001,1.9111,1.91069,1.9108800000000001,294,8,0
2024-04-24 04:25:00,1.9109,1.91119,1.91073,1.91094,332,8,0
2024-04-24 04:30:00,1.9109500000000001,1.91126,1.91087,1.91121,247,8,0
2024-04-24 04:35:00,1.9112,1.91133,1.9109500000000001,1.9111,243,8,0
2024-04-24 04:40:00,1.9111,1.91157,1.91098,1.91151,277,8,0
2024-04-24 04:45:00,1.9115,1.9115600000000001,1.9112,1.9112,241,8,0
2024-04-24 04:50:00,1.9112200000000001,1.91134,1.91098,1.9111,234,8,0
2024-04-24 04:55:00,1.91112,1.91114,1.91074,1.9109,275,8,0
2024-04-24 05:00:00,1.9108800000000001,1.91098,1.91063,1.91085,373,8,0
2024-04-24 05:05:00,1.91086,1.91127,1.91051,1.9111099999999999,369,8,0
2024-04-24 05:10:00,1.9111099999999999,1.91116,1.91078,1.91101,313,8,0
2024-04-24 05:15:00,1.911,1.91171,1.911,1.91148,459,8,0
2024-04-24 05:20:00,1.91147,1.91153,1.91107,1.9112,347,8,0
2024-04-24 05:25:00,1.9112,1.91133,1.91092,1.91116,336,8,0
2024-04-24 05:30:00,1.91117,1.91174,1.91114,1.91125,420,8,0
2024-04-24 05:35:00,1.91123,1.9114200000000001,1.91063,1.91092,397,8,0
2024-04-24 05:40:00,1.9109099999999999,1.91093,1.91026,1.91046,412,8,0
2024-04-24 05:45:00,1.91045,1.91052,1.91028,1.9104,346,8,0
2024-04-24 05:50:00,1.9104100000000002,1.9106100000000001,1.91015,1.91051,464,8,0
2024-04-24 05:55:00,1.9104999999999999,1.91103,1.9104999999999999,1.91053,378,8,0
2024-04-24 06:00:00,1.91056,1.911,1.91039,1.91086,624,8,0
2024-04-24 06:05:00,1.91087,1.91155,1.91085,1.91143,472,8,0
2024-04-24 06:10:00,1.91144,1.91154,1.91058,1.9106999999999998,704,8,0
2024-04-24 06:15:00,1.91069,1.91087,1.91044,1.91053,498,8,0
2024-04-24 06:20:00,1.9105400000000001,1.91094,1.91037,1.91048,528,8,0
2024-04-24 06:25:00,1.9104700000000001,1.91079,1.91026,1.91063,492,8,0
2024-04-24 06:30:00,1.91062,1.91123,1.91059,1.91109,564,8,0
2024-04-24 06:35:00,1.9110800000000001,1.91135,1.9109500000000001,1.9111099999999999,515,8,0
2024-04-24 06:40:00,1.91109,1.91162,1.91101,1.9115799999999998,489,8,0
2024-04-24 06:45:00,1.9116300000000002,1.9117899999999999,1.9114499999999999,1.9114900000000001,548,8,0
2024-04-24 06:50:00,1.9115,1.91189,1.91141,1.91164,655,8,0
2024-04-24 06:55:00,1.91166,1.91238,1.91159,1.9119199999999998,670,8,0
2024-04-24 07:00:00,1.91194,1.91222,1.9113099999999998,1.9115799999999998,858,8,0
2024-04-24 07:05:00,1.9116,1.9119899999999999,1.91107,1.91137,777,8,0
2024-04-24 07:10:00,1.9113799999999999,1.9116300000000002,1.91075,1.9111,1107,8,0
2024-04-24 07:15:00,1.9111,1.9121299999999999,1.9111,1.91136,1019,8,0
2024-04-24 07:20:00,1.91136,1.91151,1.91094,1.9110200000000002,821,8,0
2024-04-24 07:25:00,1.91101,1.9110399999999998,1.9101599999999999,1.91094,795,8,0
2024-04-24 07:30:00,1.91093,1.9113,1.91085,1.9110800000000001,581,8,0
2024-04-24 07:35:00,1.9111,1.91151,1.91107,1.91117,573,8,0
2024-04-24 07:40:00,1.91119,1.9115600000000001,1.9110200000000002,1.91125,486,8,0
2024-04-24 07:45:00,1.91127,1.91135,1.91067,1.91103,712,8,0
2024-04-24 07:50:00,1.9110399999999998,1.9113799999999999,1.9106999999999998,1.91094,539,8,0
2024-04-24 07:55:00,1.91093,1.911,1.9105699999999999,1.9106800000000002,584,8,0
2024-04-24 08:00:00,1.91072,1.91135,1.91033,1.91128,668,8,0
2024-04-24 08:05:00,1.91128,1.91174,1.91121,1.91125,624,8,0
2024-04-24 08:10:00,1.91124,1.91134,1.91076,1.9108100000000001,493,8,0
2024-04-24 08:15:00,1.91082,1.9108399999999999,1.91018,1.9103599999999998,457,8,0
2024-04-24 08:20:00,1.91035,1.9109699999999998,1.9103400000000001,1.91066,414,8,0
2024-04-24 08:25:00,1.91067,1.91089,1.9102299999999999,1.9106100000000001,536,8,0
2024-04-24 08:30:00,1.9106,1.91078,1.91032,1.91038,533,8,0
2024-04-24 08:35:00,1.91039,1.9108100000000001,1.9102299999999999,1.91037,527,8,0
2024-04-24 08:40:00,1.9104100000000002,1.91069,1.91029,1.91049,437,8,0
2024-04-24 08:45:00,1.9104999999999999,1.91053,1.91005,1.9102999999999999,489,8,0
2024-04-24 08:50:00,1.91032,1.9104700000000001,1.91003,1.91004,557,8,0
2024-04-24 08:55:00,1.91003,1.91058,1.90999,1.91021,615,8,0
2024-04-24 09:00:00,1.91022,1.91055,1.91003,1.91052,416,8,0
2024-04-24 09:05:00,1.9104999999999999,1.9105699999999999,1.91022,1.91037,358,8,0
2024-04-24 09:10:00,1.9103599999999998,1.91085,1.91021,1.91075,396,8,0
2024-04-24 09:15:00,1.91074,1.91087,1.91053,1.91062,331,8,0
2024-04-24 09:20:00,1.9106,1.9108800000000001,1.91052,1.9108399999999999,374,8,0
2024-04-24 09:25:00,1.91083,1.9111799999999999,1.91082,1.9111500000000001,361,8,0
2024-04-24 09:30:00,1.91114,1.91136,1.91101,1.9112900000000002,445,8,0
2024-04-24 09:35:00,1.9113,1.9114200000000001,1.9111,1.91121,360,8,0
2024-04-24 09:40:00,1.91119,1.9117199999999999,1.91107,1.91171,474,8,0
2024-04-24 09:45:00,1.9117,1.91196,1.9114900000000001,1.91186,409,8,0
2024-04-24 09:50:00,1.91187,1.91236,1.91184,1.91236,410,8,0
2024-04-24 09:55:00,1.91236,1.91245,1.9120599999999999,1.91215,447,8,0
2024-04-24 10:00:00,1.91215,1.91223,1.91126,1.9114,464,8,0
2024-04-24 10:05:00,1.91139,1.91175,1.91135,1.91175,302,8,0
2024-04-24 10:10:00,1.91174,1.91223,1.91167,1.91207,331,8,0
2024-04-24 10:15:00,1.91211,1.91216,1.9119000000000002,1.9119899999999999,381,8,0
2024-04-24 10:20:00,1.91201,1.91297,1.91201,1.9127,412,8,0
2024-04-24 10:25:00,1.91269,1.91338,1.9126699999999999,1.91337,379,8,0
2024-04-24 10:30:00,1.91336,1.9134799999999998,1.9132,1.91331,395,8,0
2024-04-24 10:35:00,1.9133200000000001,1.9135,1.91315,1.9134799999999998,519,8,0
2024-04-24 10:40:00,1.91347,1.9136199999999999,1.91318,1.91322,453,8,0
2024-04-24 10:45:00,1.9132,1.91334,1.91308,1.9133200000000001,420,8,0
2024-04-24 10:50:00,1.9133,1.91369,1.91317,1.91347,373,8,0
2024-04-24 10:55:00,1.9134799999999998,1.91411,1.91333,1.91395,404,8,0
2024-04-24 11:00:00,1.91394,1.9140000000000001,1.91337,1.91354,540,8,0
2024-04-24 11:05:00,1.9135499999999999,1.91378,1.91319,1.91334,482,8,0
2024-04-24 11:10:00,1.91333,1.91358,1.91323,1.9134,414,8,0
2024-04-24 11:15:00,1.9133900000000001,1.91367,1.9133499999999999,1.91336,452,8,0
2024-04-24 11:20:00,1.91337,1.9135499999999999,1.91269,1.91288,569,8,0
2024-04-24 11:25:00,1.9128699999999998,1.9129399999999999,1.9125,1.9125999999999999,487,8,0
2024-04-24 11:30:00,1.91259,1.91262,1.91173,1.9117600000000001,368,8,0
2024-04-24 11:35:00,1.91174,1.912,1.91117,1.912,352,8,0
2024-04-24 11:40:00,1.91202,1.91209,1.9116,1.91167,269,8,0
2024-04-24 11:45:00,1.91168,1.91228,1.91157,1.91198,468,8,0
2024-04-24 11:50:00,1.91202,1.91212,1.91119,1.91133,406,8,0
2024-04-24 11:55:00,1.91137,1.91193,1.91137,1.9115600000000001,596,8,0
2024-04-24 12:00:00,1.91155,1.9115600000000001,1.9111799999999999,1.91146,555,8,0
2024-04-24 12:05:00,1.91146,1.91153,1.9102700000000001,1.91059,640,8,0
2024-04-24 12:10:00,1.91059,1.91227,1.91058,1.9118300000000001,1035,8,0
2024-04-24 12:15:00,1.9118300000000001,1.9119000000000002,1.9113099999999998,1.91159,1131,8,0
2024-04-24 12:20:00,1.91154,1.9118,1.9111799999999999,1.91167,695,8,0
2024-04-24 12:25:00,1.91166,1.9123700000000001,1.91157,1.91216,564,8,0
2024-04-24 12:30:00,1.91212,1.91259,1.9116900000000001,1.91257,1352,8,0
2024-04-24 12:35:00,1.91256,1.9138,1.91256,1.9132,1530,8,0
2024-04-24 12:40:00,1.91319,1.91326,1.91228,1.91282,1472,8,0
2024-04-24 12:45:00,1.91279,1.91376,1.91269,1.91372,1148,8,0
2024-04-24 12:50:00,1.9137,1.91377,1.9132099999999999,1.9133200000000001,968,8,0
2024-04-24 12:55:00,1.9133200000000001,1.9144,1.9133200000000001,1.9142700000000001,1045,8,0
2024-04-24 13:00:00,1.91426,1.91524,1.91424,1.9152200000000001,1235,8,0
2024-04-24 13:05:00,1.9152200000000001,1.91526,1.9144,1.91455,742,8,0
2024-04-24 13:10:00,1.9145400000000001,1.91476,1.9144,1.9146100000000001,924,8,0
2024-04-24 13:15:00,1.9146,1.91503,1.91451,1.9149699999999998,751,8,0
2024-04-24 13:20:00,1.91496,1.91553,1.9145699999999999,1.9146800000000002,936,8,0
2024-04-24 13:25:00,1.9146800000000002,1.9149699999999998,1.9144,1.9144299999999999,787,8,0
2024-04-24 13:30:00,1.91446,1.91487,1.91424,1.91445,1161,8,0
2024-04-24 13:35:00,1.91445,1.91471,1.9140000000000001,1.9146,965,8,0
2024-04-24 13:40:00,1.91458,1.9147699999999999,1.91344,1.91383,962,8,0
2024-04-24 13:45:00,1.9138199999999999,1.91478,1.9138199999999999,1.91441,1078,8,0
2024-04-24 13:50:00,1.91439,1.91486,1.91425,1.9144299999999999,1119,8,0
2024-04-24 13:55:00,1.91444,1.91492,1.91439,1.91474,1217,8,0
2024-04-24 14:00:00,1.91471,1.91472,1.91418,1.9144700000000001,951,8,0
2024-04-24 14:05:00,1.91445,1.91506,1.9144,1.91479,948,8,0
2024-04-24 14:10:00,1.91478,1.91589,1.9146800000000002,1.91536,1087,8,0
2024-04-24 14:15:00,1.91541,1.9156300000000002,1.91506,1.91547,1014,8,0
2024-04-24 14:20:00,1.91551,1.91582,1.91499,1.91537,816,8,0
2024-04-24 14:25:00,1.9153799999999999,1.91548,1.91509,1.91539,820,8,0
2024-04-24 14:30:00,1.9154,1.9154,1.91491,1.91534,999,8,0
2024-04-24 14:35:00,1.91534,1.91573,1.9149500000000002,1.91501,829,8,0
2024-04-24 14:40:00,1.91506,1.91573,1.91494,1.9156499999999999,964,8,0
2024-04-24 14:45:00,1.91564,1.91578,1.91519,1.91521,885,8,0
2024-04-24 14:50:00,1.91519,1.9157,1.91489,1.91502,1054,8,0
2024-04-24 14:55:00,1.915,1.9151799999999999,1.91467,1.91478,1013,8,0
2024-04-24 15:00:00,1.9148100000000001,1.91532,1.91476,1.91514,1369,8,0
2024-04-24 15:05:00,1.91514,1.91562,1.9151099999999999,1.9153799999999999,884,8,0
2024-04-24 15:10:00,1.9153799999999999,1.91612,1.9152900000000002,1.9158300000000001,913,8,0
2024-04-24 15:15:00,1.91584,1.91669,1.91573,1.91662,923,8,0
2024-04-24 15:20:00,1.91665,1.91677,1.91609,1.9163000000000001,785,8,0
2024-04-24 15:25:00,1.91628,1.91628,1.91571,1.91609,819,8,0
2024-04-24 15:30:00,1.91611,1.91656,1.91602,1.91652,714,8,0
2024-04-24 15:35:00,1.91656,1.91672,1.91632,1.9166699999999999,579,8,0
2024-04-24 15:40:00,1.91666,1.91716,1.91657,1.91681,813,8,0
2024-04-24 15:45:00,1.9167999999999998,1.91682,1.9165,1.91659,859,8,0
2024-04-24 15:50:00,1.91658,1.91677,1.91657,1.9167100000000001,646,8,0
2024-04-24 15:55:00,1.9167,1.9170099999999999,1.9166699999999999,1.9169399999999999,575,8,0
2024-04-24 16:00:00,1.91692,1.91707,1.9165299999999998,1.91672,771,8,0
2024-04-24 16:05:00,1.91669,1.9167100000000001,1.91622,1.91643,578,8,0
2024-04-24 16:10:00,1.91642,1.91681,1.9163700000000001,1.91641,673,8,0
2024-04-24 16:15:00,1.91639,1.9165,1.9162,1.91638,640,8,0
2024-04-24 16:20:00,1.91639,1.91699,1.91635,1.91663,596,8,0
2024-04-24 16:25:00,1.9166400000000001,1.91683,1.91661,1.9167399999999999,503,8,0
2024-04-24 16:30:00,1.91675,1.9169100000000001,1.9165100000000002,1.91682,623,8,0
2024-04-24 16:35:00,1.91683,1.9169,1.9163299999999999,1.91656,516,8,0
2024-04-24 16:40:00,1.91657,1.9169,1.91652,1.91683,400,8,0
2024-04-24 16:45:00,1.91684,1.91699,1.91672,1.91688,487,8,0
2024-04-24 16:50:00,1.91689,1.9171,1.91683,1.91706,529,8,0
2024-04-24 16:55:00,1.91708,1.91724,1.917,1.91707,519,8,0
2024-04-24 17:00:00,1.91708,1.9173200000000001,1.91688,1.9171399999999998,717,8,0
2024-04-24 17:05:00,1.91713,1.9174600000000002,1.91711,1.91719,613,8,0
2024-04-24 17:10:00,1.91719,1.9173,1.9169800000000001,1.9170500000000001,662,8,0
2024-04-24 17:15:00,1.91706,1.91734,1.91689,1.91724,449,8,0
2024-04-24 17:20:00,1.91726,1.9174,1.91702,1.9173200000000001,429,8,0
2024-04-24 17:25:00,1.91733,1.91734,1.9168699999999999,1.91713,517,8,0
2024-04-24 17:30:00,1.91713,1.9172,1.91666,1.91666,577,8,0
2024-04-24 17:35:00,1.9166699999999999,1.91681,1.91595,1.91595,462,8,0
2024-04-24 17:40:00,1.91595,1.91635,1.9159000000000002,1.91608,460,8,0
2024-04-24 17:45:00,1.91608,1.91616,1.91585,1.91602,404,8,0
2024-04-24 17:50:00,1.91601,1.91656,1.91598,1.91656,458,8,0
2024-04-24 17:55:00,1.91656,1.9167,1.9163299999999999,1.91642,586,8,0
2024-04-24 18:00:00,1.91643,1.9167100000000001,1.91641,1.9166400000000001,573,8,0
2024-04-24 18:05:00,1.91662,1.9169,1.91657,1.9166400000000001,590,8,0
2024-04-24 18:10:00,1.91663,1.91704,1.91663,1.91699,622,8,0
2024-04-24 18:15:00,1.917,1.91719,1.91683,1.91703,698,8,0
2024-04-24 18:20:00,1.91702,1.9171399999999998,1.9167999999999998,1.91708,469,8,0
2024-04-24 18:25:00,1.9171,1.91724,1.91688,1.91719,652,8,0
2024-04-24 18:30:00,1.91717,1.91758,1.9171200000000002,1.9173499999999999,763,8,0
2024-04-24 18:35:00,1.91736,1.9177300000000002,1.9173,1.9175900000000001,639,8,0
2024-04-24 18:40:00,1.91761,1.9177300000000002,1.9173900000000001,1.91754,655,8,0
2024-04-24 18:45:00,1.9175499999999999,1.91776,1.9174600000000002,1.9176199999999999,567,8,0
2024-04-24 18:50:00,1.9176600000000001,1.91794,1.9176199999999999,1.9178199999999999,546,8,0
2024-04-24 18:55:00,1.9178,1.9179300000000001,1.91765,1.9177,584,8,0
2024-04-24 19:00:00,1.91771,1.91815,1.91768,1.91794,590,8,0
2024-04-24 19:05:00,1.91794,1.91844,1.91794,1.91814,626,8,0
2024-04-24 19:10:00,1.9181300000000001,1.9184,1.9179599999999999,1.91801,578,8,0
2024-04-24 19:15:00,1.9180000000000001,1.91808,1.91777,1.91779,411,8,0
2024-04-24 19:20:00,1.91781,1.9178600000000001,1.9173200000000001,1.91745,564,8,0
2024-04-24 19:25:00,1.91744,1.91757,1.91713,1.91747,643,8,0
2024-04-24 19:30:00,1.91747,1.91756,1.9169,1.9169,441,8,0
2024-04-24 19:35:00,1.9169,1.91717,1.91665,1.9171399999999998,437,8,0
2024-04-24 19:40:00,1.91715,1.91729,1.91699,1.91724,352,8,0
2024-04-24 19:45:00,1.91723,1.91738,1.91693,1.91723,537,8,0
2024-04-24 19:50:00,1.91723,1.91731,1.91695,1.9171,517,8,0
2024-04-24 19:55:00,1.9171,1.91738,1.9169399999999999,1.91727,655,8,0
2024-04-24 20:00:00,1.91727,1.91758,1.91726,1.91754,309,8,0
2024-04-24 20:05:00,1.91753,1.9179300000000001,1.9174,1.91784,626,8,0
2024-04-24 20:10:00,1.91783,1.9180199999999998,1.91778,1.9180199999999998,311,8,0
2024-04-24 20:15:00,1.9180000000000001,1.91801,1.91768,1.91774,239,8,0
2024-04-24 20:20:00,1.91771,1.91811,1.9177,1.91792,150,8,0
2024-04-24 20:25:00,1.9179300000000001,1.91828,1.9179300000000001,1.9182700000000001,185,8,0
2024-04-24 20:30:00,1.91828,1.9183400000000002,1.91817,1.9182000000000001,168,8,0
2024-04-24 20:35:00,1.91821,1.91826,1.91814,1.91814,161,8,0
2024-04-24 20:40:00,1.91812,1.9181599999999999,1.9180199999999998,1.9180899999999999,170,8,0
2024-04-24 20:45:00,1.9181,1.91826,1.91801,1.91806,168,8,0
2024-04-24 20:50:00,1.91806,1.91814,1.9178899999999999,1.9181,213,8,0
2024-04-24 20:55:00,1.9180899999999999,1.91818,1.91778,1.91778,248,8,0
2024-04-24 21:00:00,1.91697,1.9178199999999999,1.9146100000000001,1.91665,44,142,0
2024-04-24 21:05:00,1.91675,1.9172500000000001,1.91628,1.9168500000000002,154,114,0
2024-04-24 21:10:00,1.91686,1.91719,1.91631,1.91665,223,111,0
2024-04-24 21:15:00,1.91638,1.9173499999999999,1.9162,1.917,509,116,0
2024-04-24 21:20:00,1.917,1.9175,1.91675,1.91677,131,77,0
2024-04-24 21:25:00,1.9167999999999998,1.91743,1.91658,1.91693,108,110,0
2024-04-24 21:30:00,1.91722,1.9178199999999999,1.9169399999999999,1.9175200000000001,128,41,0
2024-04-24 21:35:00,1.91753,1.91787,1.91661,1.91747,208,47,0
2024-04-24 21:40:00,1.9175,1.91803,1.91724,1.91729,130,21,0
2024-04-24 21:45:00,1.91731,1.91845,1.91724,1.91785,524,19,0
2024-04-24 21:50:00,1.91785,1.91808,1.91772,1.91806,177,36,0
2024-04-24 21:55:00,1.91803,1.91835,1.9174600000000002,1.91833,279,28,0
2024-04-24 22:00:00,1.91831,1.9183599999999998,1.91779,1.91831,294,8,0
2024-04-24 22:05:00,1.9183,1.91831,1.9179,1.9179,136,8,0
2024-04-24 22:10:00,1.9179,1.9180700000000002,1.9178199999999999,1.9180199999999998,91,8,0
2024-04-24 22:15:00,1.9180700000000002,1.91821,1.91799,1.91801,80,8,0
2024-04-24 22:20:00,1.91799,1.9180899999999999,1.91795,1.91798,65,8,0
2024-04-24 22:25:00,1.91798,1.9181599999999999,1.9179300000000001,1.91815,103,8,0
2024-04-24 22:30:00,1.9181599999999999,1.91828,1.91792,1.91801,118,8,0
2024-04-24 22:35:00,1.91801,1.9180199999999998,1.91783,1.91784,160,8,0
2024-04-24 22:40:00,1.91784,1.91794,1.91776,1.91788,149,8,0
2024-04-24 22:45:00,1.9178899999999999,1.91801,1.9178199999999999,1.9179599999999999,152,8,0
2024-04-24 22:50:00,1.91797,1.9181300000000001,1.9179300000000001,1.9180899999999999,74,8,0
2024-04-24 22:55:00,1.9181,1.9181,1.9178,1.91794,123,8,0
2024-04-24 23:00:00,1.91795,1.91805,1.91788,1.91798,94,8,0
2024-04-24 23:05:00,1.9180000000000001,1.91814,1.9178199999999999,1.91806,128,8,0
2024-04-24 23:10:00,1.91806,1.91806,1.91781,1.91781,149,8,0
2024-04-24 23:15:00,1.9178199999999999,1.9178899999999999,1.9177300000000002,1.9178899999999999,65,8,0
2024-04-24 23:20:00,1.91788,1.91801,1.91769,1.91797,119,8,0
2024-04-24 23:25:00,1.9179599999999999,1.91801,1.91778,1.9178,78,8,0
2024-04-24 23:30:00,1.91781,1.91785,1.91749,1.91763,156,8,0
2024-04-24 23:35:00,1.91763,1.91779,1.91758,1.9177499999999998,152,8,0
2024-04-24 23:40:00,1.9177300000000002,1.9178,1.9176,1.91771,113,8,0
2024-04-24 23:45:00,1.91772,1.9179,1.91772,1.9178600000000001,101,8,0
2024-04-24 23:50:00,1.91787,1.91797,1.91771,1.91797,218,8,0
2024-04-24 23:55:00,1.91795,1.91795,1.9173900000000001,1.91747,269,8,0
2024-04-25 00:00:00,1.9174600000000002,1.91754,1.91707,1.91719,488,8,0
2024-04-25 00:05:00,1.9172099999999999,1.9174600000000002,1.91706,1.91745,386,8,0
2024-04-25 00:10:00,1.9174600000000002,1.91764,1.9171399999999998,1.91729,541,8,0
2024-04-25 00:15:00,1.91726,1.91729,1.91696,1.91702,312,8,0
2024-04-25 00:20:00,1.9170099999999999,1.9171200000000002,1.91692,1.9170500000000001,345,8,0
2024-04-25 00:25:00,1.91704,1.91708,1.9165999999999999,1.91665,368,8,0
2024-04-25 00:30:00,1.91666,1.9171,1.91647,1.91672,438,8,0
2024-04-25 00:35:00,1.91673,1.91706,1.9167,1.91673,372,8,0
2024-04-25 00:40:00,1.91673,1.9169,1.91669,1.9168500000000002,331,8,0
2024-04-25 00:45:00,1.9168500000000002,1.9172099999999999,1.9167100000000001,1.9167800000000002,451,8,0
2024-04-25 00:50:00,1.91679,1.91749,1.91673,1.91708,586,8,0
2024-04-25 00:55:00,1.9171,1.91751,1.9170500000000001,1.91717,525,8,0
2024-04-25 01:00:00,1.91716,1.91792,1.91707,1.91781,704,8,0
2024-04-25 01:05:00,1.91784,1.91808,1.9176600000000001,1.9178199999999999,480,8,0
2024-04-25 01:10:00,1.91779,1.91852,1.91751,1.91849,640,8,0
2024-04-25 01:15:00,1.91848,1.9186299999999998,1.91744,1.9175499999999999,679,8,0
2024-04-25 01:20:00,1.91758,1.91785,1.91704,1.9170500000000001,547,8,0
2024-04-25 01:25:00,1.91703,1.9171200000000002,1.91659,1.9167800000000002,474,8,0
2024-04-25 01:30:00,1.91679,1.91723,1.91665,1.917,735,8,0
2024-04-25 01:35:00,1.91699,1.91716,1.91661,1.91665,641,8,0
2024-04-25 01:40:00,1.91663,1.91686,1.91638,1.91662,714,8,0
2024-04-25 01:45:00,1.91662,1.9169,1.91638,1.91638,654,8,0
2024-04-25 01:50:00,1.9163700000000001,1.91642,1.9159199999999998,1.91593,572,8,0
2024-04-25 01:55:00,1.91594,1.9163999999999999,1.91581,1.9163000000000001,754,8,0
2024-04-25 02:00:00,1.91629,1.9163000000000001,1.91541,1.91562,716,8,0
2024-04-25 02:05:00,1.91561,1.91567,1.91514,1.91523,455,8,0
2024-04-25 02:10:00,1.91525,1.91541,1.91507,1.9151799999999999,588,8,0
2024-04-25 02:15:00,1.91519,1.91559,1.91519,1.91555,500,8,0
2024-04-25 02:20:00,1.9155600000000002,1.91578,1.91534,1.9157199999999999,360,8,0
2024-04-25 02:25:00,1.9157199999999999,1.9157899999999999,1.9151799999999999,1.91519,474,8,0
2024-04-25 02:30:00,1.91519,1.9156900000000001,1.9150399999999999,1.91543,680,8,0
2024-04-25 02:35:00,1.91544,1.91587,1.9154,1.91581,583,8,0
2024-04-25 02:40:00,1.9158,1.91608,1.91571,1.91585,563,8,0
2024-04-25 02:45:00,1.91584,1.91584,1.91527,1.91535,399,8,0
2024-04-25 02:50:00,1.91537,1.9155600000000002,1.91501,1.91551,363,8,0
2024-04-25 02:55:00,1.91553,1.91605,1.91552,1.91598,540,8,0
2024-04-25 03:00:00,1.9159899999999999,1.91609,1.91561,1.91604,412,8,0
2024-04-25 03:05:00,1.91602,1.9165,1.91602,1.9164400000000001,403,8,0
2024-04-25 03:10:00,1.9164400000000001,1.9172099999999999,1.9163999999999999,1.9171,553,8,0
2024-04-25 03:15:00,1.91707,1.91724,1.91686,1.91707,493,8,0
2024-04-25 03:20:00,1.91708,1.9173,1.91677,1.91715,425,8,0
2024-04-25 03:25:00,1.91715,1.9175900000000001,1.9169100000000001,1.917,413,8,0
2024-04-25 03:30:00,1.91699,1.9173499999999999,1.91696,1.91718,408,8,0
2024-04-25 03:35:00,1.91717,1.91749,1.91703,1.9172799999999999,413,8,0
2024-04-25 03:40:00,1.91727,1.9174799999999999,1.9171399999999998,1.91724,495,8,0
2024-04-25 03:45:00,1.91724,1.91734,1.9169800000000001,1.9170500000000001,397,8,0
2024-04-25 03:50:00,1.91704,1.9171399999999998,1.91677,1.91679,299,8,0
2024-04-25 03:55:00,1.9167800000000002,1.91686,1.91643,1.91652,427,8,0
2024-04-25 04:00:00,1.9165,1.91677,1.9163299999999999,1.91666,265,8,0
2024-04-25 04:05:00,1.91665,1.91665,1.9164400000000001,1.91649,281,8,0
2024-04-25 04:10:00,1.9165,1.91658,1.91646,1.91654,242,8,0
2024-04-25 04:15:00,1.91655,1.91655,1.91623,1.91632,261,8,0
2024-04-25 04:20:00,1.9163299999999999,1.91643,1.91625,1.91632,346,8,0
2024-04-25 04:25:00,1.91631,1.9165100000000002,1.91627,1.91643,288,8,0
2024-04-25 04:30:00,1.9164400000000001,1.91647,1.9160300000000001,1.9162,243,8,0
2024-04-25 04:35:00,1.9161899999999998,1.91621,1.91594,1.916,264,8,0
2024-04-25 04:40:00,1.91601,1.9160599999999999,1.91574,1.91594,323,8,0
2024-04-25 04:45:00,1.91595,1.91621,1.91589,1.9161299999999999,275,8,0
2024-04-25 04:50:00,1.91614,1.91629,1.9159899999999999,1.916,270,8,0
2024-04-25 04:55:00,1.9159899999999999,1.91612,1.9158,1.91591,362,8,0
2024-04-25 05:00:00,1.91591,1.91649,1.91589,1.91646,369,8,0
2024-04-25 05:05:00,1.91645,1.9165299999999998,1.91627,1.9163299999999999,396,8,0
2024-04-25 05:10:00,1.91634,1.9163999999999999,1.91602,1.91611,335,8,0
2024-04-25 05:15:00,1.9161000000000001,1.91638,1.91596,1.91623,497,8,0
2024-04-25 05:20:00,1.91622,1.91622,1.9156900000000001,1.91581,414,8,0
2024-04-25 05:25:00,1.91582,1.91591,1.91571,1.9157899999999999,361,8,0
2024-04-25 05:30:00,1.9157899999999999,1.91585,1.91555,1.91567,462,8,0
2024-04-25 05:35:00,1.91567,1.9159199999999998,1.91536,1.91577,481,8,0
2024-04-25 05:40:00,1.91578,1.916,1.9155799999999998,1.9155799999999998,357,8,0
2024-04-25 05:45:00,1.91561,1.9157,1.91528,1.9155600000000002,435,8,0
2024-04-25 05:50:00,1.91557,1.9159199999999998,1.9154,1.91546,389,8,0
2024-04-25 05:55:00,1.91547,1.9155799999999998,1.9152900000000002,1.91552,523,8,0
2024-04-25 06:00:00,1.91555,1.91669,1.9155,1.9166699999999999,550,8,0
2024-04-25 06:05:00,1.91663,1.91676,1.91616,1.91638,477,8,0
2024-04-25 06:10:00,1.9163700000000001,1.91638,1.9156900000000001,1.91584,537,8,0
2024-04-25 06:15:00,1.9158300000000001,1.91647,1.91581,1.9162599999999999,575,8,0
2024-04-25 06:20:00,1.91625,1.9165100000000002,1.9160300000000001,1.91639,561,8,0
2024-04-25 06:25:00,1.91638,1.91683,1.9163700000000001,1.91658,665,8,0
2024-04-25 06:30:00,1.91657,1.9169399999999999,1.91639,1.91658,940,8,0
2024-04-25 06:35:00,1.91657,1.9167999999999998,1.9163299999999999,1.91646,779,8,0
2024-04-25 06:40:00,1.91645,1.91711,1.91608,1.91689,680,8,0
2024-04-25 06:45:00,1.91689,1.91717,1.91642,1.917,766,8,0
2024-04-25 06:50:00,1.9170099999999999,1.91781,1.9167999999999998,1.91708,713,8,0
2024-04-25 06:55:00,1.91709,1.9173900000000001,1.91684,1.91709,817,8,0
2024-04-25 07:00:00,1.91708,1.91727,1.91656,1.91668,877,8,0
2024-04-25 07:05:00,1.9167100000000001,1.9169100000000001,1.91635,1.91643,1127,8,0
2024-04-25 07:10:00,1.91641,1.91731,1.9163700000000001,1.91727,795,8,0
2024-04-25 07:15:00,1.91726,1.91781,1.9172500000000001,1.91764,789,8,0
2024-04-25 07:20:00,1.91763,1.91799,1.91761,1.9177499999999998,610,8,0
2024-04-25 07:25:00,1.91777,1.91824,1.91771,1.91808,701,8,0
2024-04-25 07:30:00,1.91806,1.91829,1.91756,1.9177300000000002,797,8,0
2024-04-25 07:35:00,1.9177,1.91774,1.9169,1.9170099999999999,685,8,0
2024-04-25 07:40:00,1.9169800000000001,1.91718,1.9167800000000002,1.917,569,8,0
2024-04-25 07:45:00,1.9170099999999999,1.91708,1.91615,1.9161700000000002,678,8,0
2024-04-25 07:50:00,1.91616,1.9171200000000002,1.9159199999999998,1.91682,942,8,0
2024-04-25 07:55:00,1.91683,1.91758,1.91672,1.91718,811,8,0
2024-04-25 08:00:00,1.91718,1.9176199999999999,1.91702,1.9174099999999998,794,8,0
2024-04-25 08:05:00,1.9174,1.91783,1.9173200000000001,1.91781,581,8,0
2024-04-25 08:10:00,1.91783,1.91791,1.91745,1.91767,802,8,0
2024-04-25 08:15:00,1.9176600000000001,1.91771,1.91723,1.91747,580,8,0
2024-04-25 08:20:00,1.9174600000000002,1.91779,1.9173200000000001,1.9177300000000002,622,8,0
2024-04-25 08:25:00,1.9177499999999998,1.91821,1.91765,1.91817,471,8,0
2024-04-25 08:30:00,1.91814,1.91838,1.91754,1.9179599999999999,675,8,0
2024-04-25 08:35:00,1.91794,1.91837,1.91753,1.91787,798,8,0
2024-04-25 08:40:00,1.9179,1.91804,1.91733,1.9180199999999998,478,8,0
2024-04-25 08:45:00,1.91803,1.9182299999999999,1.91756,1.91779,532,8,0
2024-04-25 08:50:00,1.91778,1.91798,1.9174,1.9176600000000001,470,8,0
2024-04-25 08:55:00,1.91763,1.91797,1.9176199999999999,1.9177,593,8,0
2024-04-25 09:00:00,1.91768,1.91776,1.9173900000000001,1.9173900000000001,582,8,0
2024-04-25 09:05:00,1.91738,1.91776,1.91715,1.91771,533,8,0
2024-04-25 09:10:00,1.91769,1.91792,1.91747,1.9177499999999998,490,8,0
2024-04-25 09:15:00,1.9177499999999998,1.91801,1.9175900000000001,1.9176199999999999,483,8,0
2024-04-25 09:20:00,1.9175900000000001,1.91783,1.91743,1.91744,386,8,0
2024-04-25 09:25:00,1.91745,1.9178,1.91742,1.91747,527,8,0
2024-04-25 09:30:00,1.9174799999999999,1.9182000000000001,1.91742,1.91803,532,8,0
2024-04-25 09:35:00,1.91804,1.9181599999999999,1.91765,1.91772,516,8,0
2024-04-25 09:40:00,1.9177300000000002,1.91808,1.91772,1.91794,595,8,0
2024-04-25 09:45:00,1.9179300000000001,1.91795,1.91744,1.9176,549,8,0
2024-04-25 09:50:00,1.9176199999999999,1.91771,1.91722,1.91727,726,8,0
2024-04-25 09:55:00,1.91726,1.91737,1.9168500000000002,1.9170099999999999,591,8,0
2024-04-25 10:00:00,1.91702,1.9174799999999999,1.91676,1.9174600000000002,645,8,0
2024-04-25 10:05:00,1.91747,1.91758,1.91702,1.91709,637,8,0
2024-04-25 10:10:00,1.91708,1.91806,1.91708,1.91806,605,8,0
2024-04-25 10:15:00,1.91808,1.91855,1.9180199999999998,1.91845,566,8,0
2024-04-25 10:20:00,1.91846,1.91883,1.91795,1.9182000000000001,508,8,0
2024-04-25 10:25:00,1.91821,1.91833,1.91738,1.91745,495,8,0
2024-04-25 10:30:00,1.91744,1.91756,1.91683,1.9169800000000001,570,8,0
2024-04-25 10:35:00,1.91699,1.9172500000000001,1.9167399999999999,1.91719,523,8,0
2024-04-25 10:40:00,1.91719,1.91719,1.9166400000000001,1.917,520,8,0
2024-04-25 10:45:00,1.91699,1.91731,1.9166699999999999,1.91673,478,8,0
2024-04-25 10:50:00,1.91672,1.91672,1.91634,1.9163999999999999,460,8,0
2024-04-25 10:55:00,1.91639,1.91669,1.91629,1.91629,700,8,0
2024-04-25 11:00:00,1.9163000000000001,1.9163700000000001,1.91605,1.91605,635,8,0
2024-04-25 11:05:00,1.9160300000000001,1.9163999999999999,1.91602,1.9163700000000001,462,8,0
2024-04-25 11:10:00,1.91635,1.9163700000000001,1.91567,1.9157899999999999,429,8,0
2024-04-25 11:15:00,1.91577,1.91588,1.91534,1.9157899999999999,549,8,0
2024-04-25 11:20:00,1.9158,1.9159899999999999,1.9153799999999999,1.9153799999999999,511,8,0
2024-04-25 11:25:00,1.91539,1.91567,1.91525,1.9156300000000002,486,8,0
2024-04-25 11:30:00,1.9156300000000002,1.91577,1.91537,1.91561,645,8,0
2024-04-25 11:35:00,1.91562,1.9157199999999999,1.91523,1.91532,660,8,0
2024-04-25 11:40:00,1.91532,1.91544,1.91521,1.91541,607,8,0
2024-04-25 11:45:00,1.91543,1.9155600000000002,1.9151099999999999,1.91537,622,8,0
2024-04-25 11:50:00,1.91536,1.91559,1.9153099999999998,1.91541,544,8,0
2024-04-25 11:55:00,1.9154200000000001,1.91593,1.9153,1.91589,450,8,0
2024-04-25 12:00:00,1.91591,1.91612,1.91578,1.9160300000000001,642,8,0
2024-04-25 12:05:00,1.91604,1.91628,1.9158,1.91586,675,8,0
2024-04-25 12:10:00,1.91587,1.9162400000000002,1.91584,1.9162400000000002,594,8,0
2024-04-25 12:15:00,1.91623,1.91642,1.9155,1.91554,808,8,0
2024-04-25 12:20:00,1.91554,1.91596,1.91543,1.91567,694,8,0
2024-04-25 12:25:00,1.91568,1.9161899999999998,1.9155,1.91578,647,8,0
2024-04-25 12:30:00,1.9158,1.91718,1.91479,1.9169,2863,8,0
2024-04-25 12:35:00,1.91688,1.91873,1.9165100000000002,1.91833,2695,8,0
2024-04-25 12:40:00,1.91831,1.92023,1.91814,1.92018,2405,8,0
2024-04-25 12:45:00,1.9202,1.92072,1.91975,1.92045,2034,8,0
2024-04-25 12:50:00,1.92045,1.9206400000000001,1.91919,1.9200300000000001,1985,8,0
2024-04-25 12:55:00,1.92002,1.92056,1.91971,1.9203299999999999,1907,8,0
2024-04-25 13:00:00,1.92034,1.9205100000000002,1.9193,1.92042,2074,8,0
2024-04-25 13:05:00,1.92038,1.92118,1.9203000000000001,1.92118,1926,8,0
2024-04-25 13:10:00,1.92123,1.92161,1.92052,1.92088,2198,8,0
2024-04-25 13:15:00,1.9208699999999999,1.92185,1.92041,1.9217300000000002,1780,8,0
2024-04-25 13:20:00,1.92174,1.92201,1.9209100000000001,1.92135,1750,8,0
2024-04-25 13:25:00,1.9213,1.92135,1.92049,1.92085,1766,8,0
2024-04-25 13:30:00,1.92086,1.9209800000000001,1.9201000000000001,1.92025,2053,8,0
2024-04-25 13:35:00,1.92028,1.92126,1.91966,1.92126,2102,8,0
2024-04-25 13:40:00,1.92123,1.92145,1.9201700000000002,1.92038,2137,8,0
2024-04-25 13:45:00,1.92039,1.9209100000000001,1.9198499999999998,1.9205999999999999,2035,8,0
2024-04-25 13:50:00,1.92058,1.9211,1.92031,1.92104,1748,8,0
2024-04-25 13:55:00,1.92103,1.92116,1.92024,1.92084,1388,8,0
2024-04-25 14:00:00,1.92083,1.9209399999999999,1.92005,1.92012,1798,8,0
2024-04-25 14:05:00,1.92011,1.92014,1.91961,1.91987,1604,8,0
2024-04-25 14:10:00,1.91986,1.92038,1.9198,1.92004,1645,8,0
2024-04-25 14:15:00,1.9200300000000001,1.9211200000000002,1.91997,1.92102,1556,8,0
2024-04-25 14:20:00,1.9210099999999999,1.9213,1.92084,1.92093,1300,8,0
2024-04-25 14:25:00,1.9209399999999999,1.92099,1.91995,1.9200599999999999,1134,8,0
2024-04-25 14:30:00,1.92005,1.92137,1.9199899999999999,1.9212,1662,8,0
2024-04-25 14:35:00,1.92119,1.9214099999999998,1.92063,1.92074,1603,8,0
2024-04-25 14:40:00,1.92073,1.9212,1.9204599999999998,1.921,1480,8,0
2024-04-25 14:45:00,1.92099,1.9217300000000002,1.92085,1.92144,1511,8,0
2024-04-25 14:50:00,1.92143,1.92203,1.92126,1.9218600000000001,1545,8,0
2024-04-25 14:55:00,1.92185,1.92218,1.92156,1.92184,1542,8,0
2024-04-25 15:00:00,1.92185,1.92206,1.9203999999999999,1.9207800000000002,1590,8,0
2024-04-25 15:05:00,1.92077,1.92086,1.92029,1.9205999999999999,1318,8,0
2024-04-25 15:10:00,1.92058,1.92082,1.92032,1.92057,1190,8,0
2024-04-25 15:15:00,1.92056,1.92088,1.92043,1.92069,1248,8,0
2024-04-25 15:20:00,1.92069,1.9209800000000001,1.92035,1.92093,1030,8,0
2024-04-25 15:25:00,1.9209399999999999,1.9212,1.92069,1.9208699999999999,944,8,0
2024-04-25 15:30:00,1.92088,1.9209800000000001,1.92058,1.92058,1143,8,0
2024-04-25 15:35:00,1.92059,1.92065,1.91994,1.92008,915,8,0
2024-04-25 15:40:00,1.92009,1.92107,1.92007,1.921,863,8,0
2024-04-25 15:45:00,1.9210099999999999,1.9215,1.92099,1.92144,867,8,0
2024-04-25 15:50:00,1.92143,1.92146,1.92086,1.9208699999999999,850,8,0
2024-04-25 15:55:00,1.92086,1.9210500000000001,1.92021,1.9203700000000001,709,8,0
2024-04-25 16:00:00,1.92036,1.92069,1.92001,1.92049,1044,8,0
2024-04-25 16:05:00,1.9205,1.92061,1.9201899999999998,1.92052,781,8,0
2024-04-25 16:10:00,1.9205299999999998,1.9208699999999999,1.9205,1.92072,1049,8,0
2024-04-25 16:15:00,1.92072,1.9209,1.92056,1.92074,734,8,0
2024-04-25 16:20:00,1.92075,1.92115,1.92068,1.92104,816,8,0
2024-04-25 16:25:00,1.92104,1.9212,1.92075,1.92111,626,8,0
2024-04-25 16:30:00,1.9211,1.92198,1.92104,1.92179,786,8,0
2024-04-25 16:35:00,1.92177,1.92192,1.92157,1.9217,616,8,0
2024-04-25 16:40:00,1.92172,1.92205,1.92164,1.9219300000000001,665,8,0
2024-04-25 16:45:00,1.92191,1.9222299999999999,1.92178,1.9219300000000001,932,8,0
2024-04-25 16:50:00,1.92192,1.92195,1.92099,1.92123,870,8,0
2024-04-25 16:55:00,1.92123,1.9217499999999998,1.92097,1.92136,894,8,0
2024-04-25 17:00:00,1.92134,1.9215900000000001,1.92111,1.92117,1055,8,0
2024-04-25 17:05:00,1.92116,1.92172,1.92106,1.9217,1001,8,0
2024-04-25 17:10:00,1.9216600000000001,1.92171,1.92143,1.92163,925,8,0
2024-04-25 17:15:00,1.9216199999999999,1.92219,1.92158,1.92218,739,8,0
2024-04-25 17:20:00,1.92219,1.92246,1.92194,1.92201,828,8,0
2024-04-25 17:25:00,1.9220000000000002,1.92206,1.92136,1.92143,784,8,0
2024-04-25 17:30:00,1.9214099999999998,1.92156,1.92126,1.9213900000000002,778,8,0
2024-04-25 17:35:00,1.92138,1.92143,1.92092,1.92106,833,8,0
2024-04-25 17:40:00,1.92106,1.92106,1.92054,1.9205999999999999,849,8,0
2024-04-25 17:45:00,1.9205999999999999,1.92082,1.92025,1.9203299999999999,1052,8,0
2024-04-25 17:50:00,1.9203299999999999,1.92041,1.9197899999999999,1.9198,1162,8,0
2024-04-25 17:55:00,1.9198,1.91996,1.91968,1.9198,940,8,0
2024-04-25 18:00:00,1.9198300000000001,1.92021,1.91973,1.9198300000000001,1083,8,0
2024-04-25 18:05:00,1.91984,1.92013,1.9196,1.9198499999999998,1014,8,0
2024-04-25 18:10:00,1.91986,1.92004,1.91971,1.91974,666,8,0
2024-04-25 18:15:00,1.91975,1.92029,1.9197,1.92012,799,8,0
2024-04-25 18:20:00,1.9201000000000001,1.92018,1.91973,1.91987,862,8,0
2024-04-25 18:25:00,1.91989,1.92054,1.9197600000000001,1.9205100000000002,631,8,0
2024-04-25 18:30:00,1.9205100000000002,1.92062,1.9201899999999998,1.92056,633,8,0
2024-04-25 18:35:00,1.92056,1.92093,1.9204599999999998,1.92073,617,8,0
2024-04-25 18:40:00,1.92073,1.92088,1.9205100000000002,1.9205299999999998,659,8,0
2024-04-25 18:45:00,1.9205299999999998,1.92062,1.92038,1.92054,636,8,0
2024-04-25 18:50:00,1.92054,1.92063,1.92024,1.92042,695,8,0
2024-04-25 18:55:00,1.92039,1.9205100000000002,1.9202,1.92048,682,8,0
2024-04-25 19:00:00,1.9205,1.9205,1.91998,1.92023,785,8,0
2024-04-25 19:05:00,1.92021,1.9205,1.9201700000000002,1.92022,560,8,0
2024-04-25 19:10:00,1.92023,1.92031,1.92001,1.9201700000000002,627,8,0
2024-04-25 19:15:00,1.92021,1.92032,1.92007,1.92016,572,8,0
2024-04-25 19:20:00,1.9201700000000002,1.92028,1.91974,1.92007,574,8,0
2024-04-25 19:25:00,1.92008,1.9202,1.91988,1.92,528,8,0
2024-04-25 19:30:00,1.9200300000000001,1.92012,1.91989,1.92004,513,8,0
2024-04-25 19:35:00,1.92004,1.92042,1.91993,1.92039,599,8,0
2024-04-25 19:40:00,1.9203700000000001,1.92068,1.9203700000000001,1.9206400000000001,626,8,0
2024-04-25 19:45:00,1.92062,1.92069,1.92023,1.92031,579,8,0
2024-04-25 19:50:00,1.92032,1.92042,1.9201700000000002,1.92035,551,8,0
2024-04-25 19:55:00,1.92036,1.9204400000000001,1.92008,1.92021,566,8,0
2024-04-25 20:00:00,1.92022,1.92025,1.91954,1.91954,1128,8,0
2024-04-25 20:05:00,1.91955,1.9196499999999999,1.91912,1.91912,644,8,0
2024-04-25 20:10:00,1.91913,1.91921,1.91873,1.91876,208,8,0
2024-04-25 20:15:00,1.91875,1.91887,1.91859,1.91871,374,8,0
2024-04-25 20:20:00,1.91872,1.91925,1.91856,1.9189699999999998,232,8,0
2024-04-25 20:25:00,1.9189699999999998,1.91901,1.91876,1.9189500000000002,262,8,0
2024-04-25 20:30:00,1.91893,1.9193,1.91891,1.9192200000000001,216,8,0
2024-04-25 20:35:00,1.91923,1.9192900000000002,1.91882,1.91882,138,8,0
2024-04-25 20:40:00,1.9188100000000001,1.91901,1.9187699999999999,1.919,215,8,0
2024-04-25 20:45:00,1.91901,1.91939,1.9188800000000001,1.91914,186,8,0
2024-04-25 20:50:00,1.91916,1.91948,1.91905,1.91941,221,8,0
2024-04-25 20:55:00,1.9194,1.91966,1.9182700000000001,1.9193,192,8,0
2024-04-25 21:00:00,1.91798,1.91988,1.91798,1.9194200000000001,57,59,0
2024-04-25 21:05:00,1.9194200000000001,1.9199899999999999,1.9193099999999998,1.9193500000000001,50,19,0
2024-04-25 21:10:00,1.91926,1.91952,1.91886,1.91886,156,16,0
2024-04-25 21:15:00,1.91896,1.9192399999999998,1.91886,1.91903,37,16,0
2024-04-25 21:20:00,1.91913,1.91917,1.91886,1.91886,31,16,0
2024-04-25 21:25:00,1.91886,1.91923,1.91886,1.9191500000000001,40,15,0
2024-04-25 21:30:00,1.91909,1.9193099999999998,1.91899,1.91902,43,15,0
2024-04-25 21:35:00,1.91902,1.91923,1.91891,1.9191500000000001,104,16,0
2024-04-25 21:40:00,1.91914,1.91927,1.91891,1.91905,246,8,0
2024-04-25 21:45:00,1.91906,1.9194200000000001,1.9188100000000001,1.9192900000000002,213,23,0
2024-04-25 21:50:00,1.9192900000000002,1.91947,1.91876,1.91876,187,9,0
2024-04-25 21:55:00,1.91878,1.9194,1.9186800000000002,1.91871,377,23,0
2024-04-25 22:00:00,1.9187400000000001,1.91912,1.91831,1.9191099999999999,267,8,0
2024-04-25 22:05:00,1.9191,1.9191500000000001,1.91886,1.9188800000000001,88,8,0
2024-04-25 22:10:00,1.91889,1.91925,1.9188800000000001,1.91914,75,8,0
2024-04-25 22:15:00,1.91914,1.9191500000000001,1.91896,1.91907,51,8,0
2024-04-25 22:20:00,1.9190800000000001,1.91923,1.9190399999999999,1.91907,182,8,0
2024-04-25 22:25:00,1.9190800000000001,1.9192399999999998,1.919,1.91916,146,8,0
2024-04-25 22:30:00,1.91914,1.91925,1.9188100000000001,1.9191099999999999,149,8,0
2024-04-25 22:35:00,1.91913,1.9191500000000001,1.91869,1.91894,199,8,0
2024-04-25 22:40:00,1.91893,1.91898,1.9186100000000001,1.9186299999999998,165,8,0
2024-04-25 22:45:00,1.91864,1.91865,1.91772,1.91801,272,8,0
2024-04-25 22:50:00,1.91803,1.9181,1.91781,1.91794,182,8,0
2024-04-25 22:55:00,1.91792,1.9182700000000001,1.91781,1.91819,138,8,0
2024-04-25 23:00:00,1.91818,1.9182299999999999,1.91777,1.9178,178,8,0
2024-04-25 23:05:00,1.91779,1.91788,1.9175499999999999,1.9178199999999999,201,8,0
2024-04-25 23:10:00,1.91781,1.9178899999999999,1.91758,1.91769,379,8,0
2024-04-25 23:15:00,1.91768,1.91769,1.9173499999999999,1.91744,162,8,0
2024-04-25 23:20:00,1.9174099999999998,1.9175900000000001,1.9173,1.91751,95,8,0
2024-04-25 23:25:00,1.9175200000000001,1.9175499999999999,1.91722,1.91753,206,8,0
2024-04-25 23:30:00,1.91754,1.91763,1.9173900000000001,1.9176,186,8,0
2024-04-25 23:35:00,1.9175900000000001,1.9176199999999999,1.91733,1.91734,201,8,0
2024-04-25 23:40:00,1.91733,1.91779,1.91727,1.91758,272,8,0
2024-04-25 23:45:00,1.91757,1.91763,1.91743,1.91758,283,8,0
2024-04-25 23:50:00,1.9175900000000001,1.91792,1.91756,1.91783,394,8,0
2024-04-25 23:55:00,1.91783,1.91783,1.91744,1.9177499999999998,422,8,0
2024-04-26 00:00:00,1.91776,1.9181,1.91753,1.9177,640,8,0
2024-04-26 00:05:00,1.91769,1.91798,1.91756,1.9177499999999998,639,8,0
2024-04-26 00:10:00,1.91777,1.9178,1.9170099999999999,1.91716,560,8,0
2024-04-26 00:15:00,1.91717,1.91718,1.91584,1.91586,760,8,0
2024-04-26 00:20:00,1.91586,1.91587,1.91554,1.91584,573,8,0
2024-04-26 00:25:00,1.9158300000000001,1.91669,1.9157899999999999,1.9166699999999999,453,8,0
2024-04-26 00:30:00,1.91668,1.9171200000000002,1.91668,1.9168500000000002,438,8,0
2024-04-26 00:35:00,1.91684,1.91718,1.91676,1.91717,326,8,0
2024-04-26 00:40:00,1.91716,1.91727,1.91679,1.91689,347,8,0
2024-04-26 00:45:00,1.9169,1.9169,1.91636,1.91659,430,8,0
2024-04-26 00:50:00,1.9165999999999999,1.91677,1.9160300000000001,1.9163999999999999,651,8,0
2024-04-26 00:55:00,1.91639,1.91661,1.91622,1.91636,476,8,0
2024-04-26 01:00:00,1.91635,1.91648,1.9154900000000001,1.91555,837,8,0
2024-04-26 01:05:00,1.9155600000000002,1.91575,1.91501,1.91519,763,8,0
2024-04-26 01:10:00,1.9152,1.9156300000000002,1.91512,1.9155,658,8,0
2024-04-26 01:15:00,1.9154900000000001,1.91589,1.91526,1.91559,709,8,0
2024-04-26 01:20:00,1.91561,1.91578,1.91534,1.9157199999999999,540,8,0
2024-04-26 01:25:00,1.91571,1.9159899999999999,1.9152900000000002,1.91554,488,8,0
2024-04-26 01:30:00,1.91554,1.91571,1.91503,1.9152,889,8,0
2024-04-26 01:35:00,1.91517,1.9154,1.91441,1.9153799999999999,898,8,0
2024-04-26 01:40:00,1.91537,1.91591,1.91521,1.91541,611,8,0
2024-04-26 01:45:00,1.9154200000000001,1.91567,1.9151099999999999,1.91567,670,8,0
2024-04-26 01:50:00,1.91568,1.9157,1.915,1.91532,706,8,0
2024-04-26 01:55:00,1.91533,1.91539,1.91491,1.91514,653,8,0
2024-04-26 02:00:00,1.91512,1.91559,1.91492,1.91548,688,8,0
2024-04-26 02:05:00,1.9154900000000001,1.91573,1.91524,1.91564,613,8,0
2024-04-26 02:10:00,1.9156300000000002,1.91568,1.915,1.91507,504,8,0
2024-04-26 02:15:00,1.91506,1.91551,1.91506,1.9154900000000001,407,8,0
2024-04-26 02:20:00,1.91546,1.91552,1.91514,1.91546,289,8,0
2024-04-26 02:25:00,1.9154499999999999,1.91552,1.9148800000000001,1.9149,391,8,0
2024-04-26 02:30:00,1.91489,1.9155,1.91473,1.9154,497,8,0
2024-04-26 02:35:00,1.91541,1.91555,1.91512,1.91514,463,8,0
2024-04-26 02:40:00,1.91514,1.9162,1.91512,1.91607,586,8,0
2024-04-26 02:45:00,1.91609,1.91693,1.9160599999999999,1.91663,583,8,0
2024-04-26 02:50:00,1.9166400000000001,1.9167,1.91588,1.9161700000000002,574,8,0
2024-04-26 02:55:00,1.91618,1.91631,1.91595,1.91609,616,8,0
2024-04-26 03:00:00,1.91608,1.91614,1.91581,1.91586,599,8,0
2024-04-26 03:05:00,1.91585,1.9163000000000001,1.91585,1.9161000000000001,413,8,0
2024-04-26 03:10:00,1.91607,1.9168500000000002,1.9160599999999999,1.91623,469,8,0
2024-04-26 03:15:00,1.91621,1.91642,1.9158300000000001,1.9159899999999999,484,8,0
2024-04-26 03:20:00,1.9159899999999999,1.91695,1.91593,1.91636,845,8,0
2024-04-26 03:25:00,1.9163299999999999,1.91702,1.9162,1.91634,587,8,0
2024-04-26 03:30:00,1.91634,1.9165999999999999,1.91612,1.91638,894,8,0
2024-04-26 03:35:00,1.9163700000000001,1.91683,1.916,1.91676,586,8,0
2024-04-26 03:40:00,1.91676,1.91693,1.91648,1.91688,601,8,0
2024-04-26 03:45:00,1.91688,1.91696,1.91646,1.9166699999999999,654,8,0
2024-04-26 03:50:00,1.91668,1.91669,1.91596,1.9163299999999999,668,8,0
2024-04-26 03:55:00,1.9163299999999999,1.91646,1.91609,1.9161299999999999,563,8,0
2024-04-26 04:00:00,1.91612,1.9163700000000001,1.91605,1.9162,378,8,0
2024-04-26 04:05:00,1.9162,1.91646,1.91608,1.9162400000000002,396,8,0
2024-04-26 04:10:00,1.91623,1.91627,1.91584,1.91598,312,8,0
2024-04-26 04:15:00,1.91597,1.91625,1.91594,1.91605,297,8,0
2024-04-26 04:20:00,1.9160599999999999,1.91659,1.91584,1.9163000000000001,414,8,0
2024-04-26 04:25:00,1.9163000000000001,1.9163999999999999,1.91604,1.91608,375,8,0
2024-04-26 04:30:00,1.91609,1.9161700000000002,1.91561,1.91589,543,8,0
2024-04-26 04:35:00,1.9159000000000002,1.9159000000000002,1.91553,1.91577,426,8,0
2024-04-26 04:40:00,1.9157600000000001,1.91581,1.9154,1.91541,357,8,0
2024-04-26 04:45:00,1.91541,1.91546,1.91512,1.91519,266,8,0
2024-04-26 04:50:00,1.9152,1.91537,1.91487,1.91502,347,8,0
2024-04-26 04:55:00,1.91503,1.9151799999999999,1.91474,1.91509,410,8,0
2024-04-26 05:00:00,1.9150800000000001,1.9151799999999999,1.9145400000000001,1.9145400000000001,511,8,0
2024-04-26 05:05:00,1.91455,1.91475,1.9143400000000002,1.91441,347,8,0
2024-04-26 05:10:00,1.9144,1.9144299999999999,1.91369,1.91388,539,8,0
2024-04-26 05:15:00,1.9138899999999999,1.91408,1.91365,1.9137499999999998,455,8,0
2024-04-26 05:20:00,1.9137499999999998,1.91384,1.91342,1.91345,466,8,0
2024-04-26 05:25:00,1.91345,1.91377,1.91291,1.91365,532,8,0
2024-04-26 05:30:00,1.9136600000000001,1.91419,1.91361,1.91392,496,8,0
2024-04-26 05:35:00,1.91391,1.9139599999999999,1.9133499999999999,1.9134600000000002,398,8,0
2024-04-26 05:40:00,1.91347,1.91368,1.91304,1.91313,485,8,0
2024-04-26 05:45:00,1.9131,1.91315,1.91128,1.91202,643,8,0
2024-04-26 05:50:00,1.91202,1.91239,1.91182,1.9121899999999998,453,8,0
2024-04-26 05:55:00,1.9121899999999998,1.91241,1.91205,1.9123299999999999,554,8,0
2024-04-26 06:00:00,1.91232,1.91258,1.91205,1.91241,605,8,0
2024-04-26 06:05:00,1.9123999999999999,1.9127399999999999,1.91209,1.91269,585,8,0
2024-04-26 06:10:00,1.9127,1.9127399999999999,1.91209,1.9121899999999998,682,8,0
2024-04-26 06:15:00,1.9122,1.9129800000000001,1.91185,1.91185,772,8,0
2024-04-26 06:20:00,1.91187,1.91243,1.91173,1.91234,615,8,0
2024-04-26 06:25:00,1.91235,1.91246,1.91194,1.9121000000000001,694,8,0
2024-04-26 06:30:00,1.9121000000000001,1.9125299999999998,1.9120599999999999,1.91236,704,8,0
2024-04-26 06:35:00,1.91239,1.91242,1.91155,1.9115799999999998,654,8,0
2024-04-26 06:40:00,1.91157,1.9116499999999998,1.9104999999999999,1.91058,771,8,0
2024-04-26 06:45:00,1.91058,1.91073,1.91006,1.91031,829,8,0
2024-04-26 06:50:00,1.91029,1.9108100000000001,1.9100899999999998,1.91051,574,8,0
2024-04-26 06:55:00,1.9104999999999999,1.91157,1.91042,1.91155,855,8,0
2024-04-26 07:00:00,1.9115600000000001,1.91184,1.91098,1.9115199999999999,1359,8,0
2024-04-26 07:05:00,1.91151,1.91247,1.9114,1.9122599999999998,1030,8,0
2024-04-26 07:10:00,1.91227,1.91246,1.91124,1.9113799999999999,1054,8,0
2024-04-26 07:15:00,1.91139,1.9114,1.91042,1.91051,930,8,0
2024-04-26 07:20:00,1.91052,1.91103,1.91031,1.91094,824,8,0
2024-04-26 07:25:00,1.91093,1.9115799999999998,1.91074,1.91148,964,8,0
2024-04-26 07:30:00,1.91146,1.9119000000000002,1.9111,1.91153,843,8,0
2024-04-26 07:35:00,1.9115199999999999,1.91215,1.91143,1.9115600000000001,829,8,0
2024-04-26 07:40:00,1.91157,1.91207,1.91137,1.912,716,8,0
2024-04-26 07:45:00,1.9119899999999999,1.91235,1.91191,1.91211,826,8,0
2024-04-26 07:50:00,1.9121000000000001,1.91239,1.9117199999999999,1.91175,852,8,0
2024-04-26 07:55:00,1.91174,1.91184,1.91112,1.91116,872,8,0
2024-04-26 08:00:00,1.91114,1.91175,1.9099,1.91153,2445,8,0
2024-04-26 08:05:00,1.91153,1.9117,1.9100700000000002,1.91116,2000,8,0
2024-04-26 08:10:00,1.91116,1.91202,1.91101,1.91185,1360,8,0
2024-04-26 08:15:00,1.91186,1.91245,1.9115799999999998,1.9117600000000001,1157,8,0
2024-04-26 08:20:00,1.91177,1.91216,1.9115600000000001,1.9120300000000001,893,8,0
2024-04-26 08:25:00,1.9120599999999999,1.91229,1.9113799999999999,1.9114,994,8,0
2024-04-26 08:30:00,1.9114,1.912,1.91132,1.91178,897,8,0
2024-04-26 08:35:00,1.9117899999999999,1.9124400000000001,1.91162,1.9121299999999999,878,8,0
2024-04-26 08:40:00,1.91214,1.91384,1.9121299999999999,1.91377,854,8,0
2024-04-26 08:45:00,1.91378,1.91388,1.91268,1.9129,898,8,0
2024-04-26 08:50:00,1.91292,1.9132099999999999,1.9127399999999999,1.91297,685,8,0
2024-04-26 08:55:00,1.91297,1.91319,1.9127999999999998,1.9128500000000002,814,8,0
2024-04-26 09:00:00,1.9128500000000002,1.9132799999999999,1.9123,1.9129800000000001,839,8,0
2024-04-26 09:05:00,1.9129800000000001,1.91333,1.91272,1.9133,796,8,0
2024-04-26 09:10:00,1.91331,1.9133200000000001,1.9128699999999998,1.9131399999999998,925,8,0
2024-04-26 09:15:00,1.9131200000000002,1.9133,1.91248,1.91265,816,8,0
2024-04-26 09:20:00,1.91266,1.91377,1.91258,1.9137,735,8,0
2024-04-26 09:25:00,1.91369,1.91384,1.91344,1.91347,789,8,0
2024-04-26 09:30:00,1.91347,1.91363,1.9131,1.91319,666,8,0
2024-04-26 09:35:00,1.91319,1.91377,1.91313,1.91369,653,8,0
2024-04-26 09:40:00,1.9137300000000002,1.91397,1.91345,1.9135,531,8,0
2024-04-26 09:45:00,1.91352,1.9139,1.9135,1.91387,610,8,0
2024-04-26 09:50:00,1.9138600000000001,1.91439,1.9137300000000002,1.9143599999999998,435,8,0
2024-04-26 09:55:00,1.91437,1.91453,1.91411,1.91453,502,8,0
2024-04-26 10:00:00,1.9145400000000001,1.9150399999999999,1.9145400000000001,1.91491,652,8,0
2024-04-26 10:05:00,1.9149,1.9153099999999998,1.9149,1.9153,427,8,0
2024-04-26 10:10:00,1.9153099999999998,1.91566,1.91519,1.91546,661,8,0
2024-04-26 10:15:00,1.9154499999999999,1.91575,1.91516,1.91526,708,8,0
2024-04-26 10:20:00,1.91527,1.9157899999999999,1.9151799999999999,1.91561,595,8,0
2024-04-26 10:25:00,1.91562,1.9157199999999999,1.91496,1.91505,486,8,0
2024-04-26 10:30:00,1.9150399999999999,1.91514,1.9146800000000002,1.91474,521,8,0
2024-04-26 10:35:00,1.91476,1.91507,1.91445,1.9144999999999999,582,8,0
2024-04-26 10:40:00,1.9144999999999999,1.9145400000000001,1.91418,1.91437,469,8,0
2024-04-26 10:45:00,1.9143599999999998,1.91464,1.91404,1.91422,557,8,0
2024-04-26 10:50:00,1.91421,1.91479,1.91415,1.91479,640,8,0
2024-04-26 10:55:00,1.9148,1.91524,1.91449,1.9152200000000001,805,8,0
2024-04-26 11:00:00,1.91523,1.91548,1.91516,1.91526,726,8,0
2024-04-26 11:05:00,1.91526,1.91543,1.91498,1.91506,556,8,0
2024-04-26 11:10:00,1.91507,1.9151099999999999,1.91452,1.91479,436,8,0
2024-04-26 11:15:00,1.9148100000000001,1.9148100000000001,1.9142700000000001,1.91462,1029,8,0
2024-04-26 11:20:00,1.91463,1.9146800000000002,1.91399,1.91467,622,8,0
2024-04-26 11:25:00,1.9146800000000002,1.91474,1.91402,1.91429,700,8,0
2024-04-26 11:30:00,1.91428,1.91444,1.9140000000000001,1.91413,611,8,0
2024-04-26 11:35:00,1.91411,1.9145400000000001,1.91365,1.91426,587,8,0
2024-04-26 11:40:00,1.9142700000000001,1.91439,1.91385,1.91387,660,8,0
2024-04-26 11:45:00,1.91388,1.91452,1.91352,1.9144999999999999,596,8,0
2024-04-26 11:50:00,1.9144999999999999,1.91463,1.91418,1.9144,551,8,0
2024-04-26 11:55:00,1.9144,1.91459,1.91421,1.91433,626,8,0
2024-04-26 12:00:00,1.91432,1.91458,1.91391,1.91408,946,8,0
2024-04-26 12:05:00,1.9140700000000002,1.91418,1.91369,1.91411,610,8,0
2024-04-26 12:10:00,1.9141,1.91438,1.91363,1.91364,599,8,0
2024-04-26 12:15:00,1.91363,1.91381,1.91338,1.9137,625,8,0
2024-04-26 12:20:00,1.91371,1.91422,1.91356,1.91414,731,8,0
2024-04-26 12:25:00,1.91414,1.91501,1.91242,1.9132,994,8,0
2024-04-26 12:30:00,1.91323,1.91364,1.9121899999999998,1.91316,3118,8,0
2024-04-26 12:35:00,1.91317,1.91322,1.91151,1.91186,2461,8,0
2024-04-26 12:40:00,1.91188,1.9125100000000002,1.9114900000000001,1.9118,2097,8,0
2024-04-26 12:45:00,1.91181,1.9125100000000002,1.91151,1.9123999999999999,1918,8,0
2024-04-26 12:50:00,1.91238,1.9130099999999999,1.91229,1.9127,1909,8,0
2024-04-26 12:55:00,1.9127100000000001,1.91275,1.9113,1.91141,1794,8,0
2024-04-26 13:00:00,1.91139,1.91204,1.91123,1.9118300000000001,1615,8,0
2024-04-26 13:05:00,1.91185,1.91243,1.91143,1.9116900000000001,1316,8,0
2024-04-26 13:10:00,1.9116900000000001,1.91214,1.91125,1.91212,1461,8,0
2024-04-26 13:15:00,1.91214,1.91225,1.91134,1.9114200000000001,1291,8,0
2024-04-26 13:20:00,1.9114,1.91196,1.91119,1.91185,1274,8,0
2024-04-26 13:25:00,1.91186,1.91248,1.91141,1.91222,1149,8,0
2024-04-26 13:30:00,1.91223,1.91232,1.91175,1.91225,1937,8,0
2024-04-26 13:35:00,1.9122400000000002,1.91232,1.91134,1.9114499999999999,1467,8,0
2024-04-26 13:40:00,1.91147,1.9117,1.91074,1.9109699999999998,1478,8,0
2024-04-26 13:45:00,1.9109699999999998,1.91166,1.91079,1.91098,1108,8,0
2024-04-26 13:50:00,1.91096,1.91114,1.91056,1.91059,1233,8,0
2024-04-26 13:55:00,1.91059,1.9106,1.9098199999999999,1.91026,995,8,0
2024-04-26 14:00:00,1.91025,1.91044,1.90958,1.91031,1434,8,0
2024-04-26 14:05:00,1.91035,1.91072,1.91005,1.91051,1319,8,0
2024-04-26 14:10:00,1.9105400000000001,1.9107699999999999,1.90999,1.91001,1178,8,0
2024-04-26 14:15:00,1.91001,1.91038,1.9098000000000002,1.9098000000000002,1051,8,0
2024-04-26 14:20:00,1.90977,1.9098000000000002,1.90906,1.90953,1350,8,0
2024-04-26 14:25:00,1.90952,1.91019,1.9092799999999999,1.91014,1321,8,0
2024-04-26 14:30:00,1.91013,1.91014,1.90954,1.9098000000000002,1237,8,0
2024-04-26 14:35:00,1.90981,1.9104299999999999,1.90953,1.91029,1119,8,0
2024-04-26 14:40:00,1.9102999999999999,1.91074,1.91003,1.91042,1081,8,0
2024-04-26 14:45:00,1.9103400000000001,1.91052,1.9097,1.9098600000000001,1170,8,0
2024-04-26 14:50:00,1.90984,1.9101,1.90875,1.90877,1449,8,0
2024-04-26 14:55:00,1.90877,1.90972,1.9085100000000002,1.90971,1633,8,0
2024-04-26 15:00:00,1.90971,1.90971,1.90888,1.9092799999999999,1621,8,0
2024-04-26 15:05:00,1.9092799999999999,1.9096600000000001,1.90889,1.9095900000000001,1257,8,0
2024-04-26 15:10:00,1.90963,1.91019,1.90931,1.90938,1191,8,0
2024-04-26 15:15:00,1.90937,1.91006,1.90929,1.90984,1011,8,0
2024-04-26 15:20:00,1.90983,1.91039,1.90968,1.9103599999999998,1070,8,0
2024-04-26 15:25:00,1.9102999999999999,1.91053,1.90981,1.90992,930,8,0
2024-04-26 15:30:00,1.90992,1.91064,1.90976,1.91063,942,8,0
2024-04-26 15:35:00,1.91064,1.9108800000000001,1.91024,1.9108800000000001,727,8,0
2024-04-26 15:40:00,1.91087,1.9108800000000001,1.9102999999999999,1.9106800000000002,669,8,0
2024-04-26 15:45:00,1.9106800000000002,1.9106999999999998,1.91031,1.91035,601,8,0
2024-04-26 15:50:00,1.9103599999999998,1.91069,1.91008,1.91015,774,8,0
2024-04-26 15:55:00,1.9101599999999999,1.91085,1.91014,1.9108399999999999,790,8,0
2024-04-26 16:00:00,1.91085,1.91153,1.91079,1.9109,1114,8,0
2024-04-26 16:05:00,1.9109099999999999,1.9112900000000002,1.91089,1.91124,784,8,0
2024-04-26 16:10:00,1.91125,1.91134,1.91105,1.91112,567,8,0
2024-04-26 16:15:00,1.91113,1.91133,1.9111,1.9113099999999998,552,8,0
2024-04-26 16:20:00,1.91132,1.9117,1.9112900000000002,1.9114900000000001,518,8,0
2024-04-26 16:25:00,1.9115,1.91154,1.91127,1.91141,738,8,0
2024-04-26 16:30:00,1.91141,1.9118,1.91139,1.9118,573,8,0
2024-04-26 16:35:00,1.9118,1.91214,1.9117899999999999,1.91184,424,8,0
2024-04-26 16:40:00,1.91185,1.91246,1.91185,1.91229,563,8,0
2024-04-26 16:45:00,1.9123,1.9123999999999999,1.9119899999999999,1.91232,462,8,0
2024-04-26 16:50:00,1.9123299999999999,1.91246,1.91221,1.91227,492,8,0
2024-04-26 16:55:00,1.9122599999999998,1.91229,1.91184,1.91198,621,8,0
2024-04-26 17:00:00,1.91197,1.91208,1.91182,1.91186,524,8,0
2024-04-26 17:05:00,1.91184,1.91198,1.91167,1.91182,335,8,0
2024-04-26 17:10:00,1.9118300000000001,1.91212,1.91167,1.91202,328,8,0
2024-04-26 17:15:00,1.912,1.91202,1.91151,1.91178,356,8,0
2024-04-26 17:20:00,1.91177,1.91191,1.91155,1.91185,397,8,0
2024-04-26 17:25:00,1.91186,1.9119199999999998,1.9115600000000001,1.91182,421,8,0
2024-04-26 17:30:00,1.91182,1.91196,1.9117899999999999,1.9119000000000002,349,8,0
2024-04-26 17:35:00,1.91189,1.9125299999999998,1.91187,1.91246,467,8,0
2024-04-26 17:40:00,1.91245,1.9125,1.91227,1.91243,467,8,0
2024-04-26 17:45:00,1.9124400000000001,1.91247,1.91204,1.91221,410,8,0
2024-04-26 17:50:00,1.9122,1.91222,1.91196,1.91198,259,8,0
2024-04-26 17:55:00,1.91197,1.91227,1.91197,1.9121899999999998,284,8,0
2024-04-26 18:00:00,1.91218,1.9123,1.91212,1.9122599999999998,312,8,0
2024-04-26 18:05:00,1.91227,1.91243,1.91216,1.91241,236,8,0
2024-04-26 18:10:00,1.91242,1.91258,1.91216,1.91246,408,8,0
2024-04-26 18:15:00,1.91245,1.91256,1.91239,1.91243,358,8,0
2024-04-26 18:20:00,1.91241,1.91248,1.91225,1.91235,275,8,0
2024-04-26 18:25:00,1.91234,1.91248,1.9121700000000001,1.91218,240,8,0
2024-04-26 18:30:00,1.91216,1.91242,1.91204,1.9121000000000001,314,8,0
2024-04-26 18:35:00,1.91209,1.9122599999999998,1.91186,1.9119899999999999,415,8,0
2024-04-26 18:40:00,1.91197,1.91229,1.91185,1.91207,390,8,0
2024-04-26 18:45:00,1.91209,1.91218,1.91197,1.91209,305,8,0
2024-04-26 18:50:00,1.91208,1.9123299999999999,1.91201,1.91227,354,8,0
2024-04-26 18:55:00,1.9122599999999998,1.91227,1.9117899999999999,1.91187,511,8,0
2024-04-26 19:00:00,1.91194,1.9120300000000001,1.9117,1.91195,484,8,0
2024-04-26 19:05:00,1.91195,1.91216,1.91189,1.91211,281,8,0
2024-04-26 19:10:00,1.9121000000000001,1.9121899999999998,1.91185,1.9119000000000002,220,8,0
2024-04-26 19:15:00,1.91189,1.91195,1.9117,1.91181,364,8,0
2024-04-26 19:20:00,1.91182,1.91185,1.9114900000000001,1.91185,326,8,0
2024-04-26 19:25:00,1.91185,1.91204,1.91175,1.91193,229,8,0
2024-04-26 19:30:00,1.9119199999999998,1.91211,1.91187,1.91194,335,8,0
2024-04-26 19:35:00,1.91195,1.91198,1.9116499999999998,1.91189,383,8,0
2024-04-26 19:40:00,1.91188,1.9121899999999998,1.91174,1.9121899999999998,463,8,0
2024-04-26 19:45:00,1.91216,1.9121899999999998,1.91189,1.91209,348,8,0
2024-04-26 19:50:00,1.91209,1.91254,1.9120300000000001,1.9125299999999998,417,8,0
2024-04-26 19:55:00,1.91256,1.9128699999999998,1.91246,1.91273,780,8,0
2024-04-26 20:00:00,1.91275,1.91303,1.91262,1.91265,660,8,0
2024-04-26 20:05:00,1.9126400000000001,1.9127100000000001,1.91215,1.91222,330,8,0
2024-04-26 20:10:00,1.91222,1.91234,1.9121000000000001,1.9123,289,8,0
2024-04-26 20:15:00,1.91228,1.9125100000000002,1.9120300000000001,1.91232,339,8,0
2024-04-26 20:20:00,1.91231,1.91258,1.91218,1.91258,264,8,0
2024-04-26 20:25:00,1.91256,1.91257,1.9121700000000001,1.9122400000000002,321,8,0
2024-04-26 20:30:00,1.91225,1.91334,1.9121000000000001,1.91286,429,8,0
2024-04-26 20:35:00,1.9128699999999998,1.9129399999999999,1.91234,1.91255,442,8,0
2024-04-26 20:40:00,1.9125999999999999,1.9125999999999999,1.91227,1.9124400000000001,311,8,0
2024-04-26 20:45:00,1.91243,1.91247,1.9120300000000001,1.91215,232,8,0
2024-04-26 20:50:00,1.91215,1.91234,1.91201,1.91211,334,8,0
2024-04-28 21:05:00,1.90943,1.91044,1.9085800000000002,1.91024,54,355,0
2024-04-28 21:10:00,1.91026,1.91159,1.91026,1.91052,39,247,0
2024-04-28 21:15:00,1.91052,1.9117899999999999,1.91052,1.91052,36,182,0
2024-04-28 21:20:00,1.91052,1.91135,1.91052,1.9112900000000002,35,161,0
2024-04-28 21:25:00,1.91177,1.91177,1.91008,1.91021,69,134,0
2024-04-28 21:30:00,1.91018,1.91187,1.90984,1.91187,73,133,0
2024-04-28 21:35:00,1.91189,1.91194,1.91148,1.91167,42,109,0
2024-04-28 21:40:00,1.91167,1.9119899999999999,1.91151,1.91184,38,105,0
2024-04-28 21:45:00,1.91195,1.91198,1.91124,1.91198,34,94,0
2024-04-28 21:50:00,1.9117600000000001,1.9122400000000002,1.91134,1.91191,37,89,0
2024-04-28 21:55:00,1.9118300000000001,1.91256,1.91154,1.91185,56,49,0
2024-04-28 22:00:00,1.91182,1.9121899999999998,1.91177,1.91194,192,14,0
2024-04-28 22:05:00,1.91197,1.91214,1.9119199999999998,1.91211,44,8,0
2024-04-28 22:10:00,1.91212,1.91212,1.91166,1.91184,114,8,0
2024-04-28 22:15:00,1.91185,1.91188,1.9113799999999999,1.9116,114,8,0
2024-04-28 22:20:00,1.91161,1.9118300000000001,1.9115600000000001,1.91177,93,8,0
2024-04-28 22:25:00,1.91178,1.91195,1.9117600000000001,1.9119000000000002,162,8,0
2024-04-28 22:30:00,1.9119000000000002,1.9119899999999999,1.91178,1.91198,250,8,0
2024-04-28 22:35:00,1.91197,1.91198,1.91182,1.91182,90,8,0
2024-04-28 22:40:00,1.91181,1.91207,1.91181,1.9120300000000001,82,8,0
2024-04-28 22:45:00,1.91202,1.91239,1.91198,1.9123,159,8,0
2024-04-28 22:50:00,1.91236,1.91245,1.9122400000000002,1.9123700000000001,140,8,0
2024-04-28 22:55:00,1.91239,1.91259,1.91236,1.9124400000000001,148,8,0
2024-04-28 23:00:00,1.9124400000000001,1.9125999999999999,1.9123,1.9125999999999999,253,8,0
2024-04-28 23:05:00,1.91259,1.91266,1.91248,1.91261,205,8,0
2024-04-28 23:10:00,1.91262,1.91263,1.9122599999999998,1.91242,152,8,0
2024-04-28 23:15:00,1.91243,1.91273,1.91234,1.91272,160,8,0
2024-04-28 23:20:00,1.9127100000000001,1.91272,1.9123700000000001,1.91249,172,8,0
2024-04-28 23:25:00,1.91248,1.9127399999999999,1.9123700000000001,1.91247,193,8,0
2024-04-28 23:30:00,1.91246,1.9126699999999999,1.91241,1.9125999999999999,195,8,0
2024-04-28 23:35:00,1.91259,1.91277,1.91258,1.91272,127,8,0
2024-04-28 23:40:00,1.9127100000000001,1.91288,1.9127100000000001,1.91273,215,8,0
2024-04-28 23:45:00,1.9127399999999999,1.91283,1.91263,1.91263,252,8,0
2024-04-28 23:50:00,1.91262,1.91263,1.91211,1.91235,351,8,0
2024-04-28 23:55:00,1.91236,1.91241,1.91193,1.9121700000000001,380,8,0
2024-04-29 00:00:00,1.91218,1.91265,1.91216,1.91232,513,8,0
2024-04-29 00:05:00,1.9123299999999999,1.91299,1.91221,1.91291,559,8,0
2024-04-29 00:10:00,1.91293,1.91318,1.9127100000000001,1.9131200000000002,333,8,0
2024-04-29 00:15:00,1.91313,1.9136600000000001,1.91302,1.91363,443,8,0
2024-04-29 00:20:00,1.9136199999999999,1.91371,1.91311,1.9133499999999999,291,8,0
2024-04-29 00:25:00,1.91334,1.91356,1.91293,1.91304,314,8,0
2024-04-29 00:30:00,1.91306,1.91306,1.91216,1.91216,385,8,0
2024-04-29 00:35:00,1.91216,1.9122400000000002,1.91166,1.91188,446,8,0
2024-04-29 00:40:00,1.9119000000000002,1.91225,1.91181,1.91188,328,8,0
2024-04-29 00:45:00,1.91188,1.91189,1.91132,1.91141,447,8,0
2024-04-29 00:50:00,1.91141,1.9115600000000001,1.9106999999999998,1.91076,441,8,0
2024-04-29 00:55:00,1.91076,1.91092,1.9104299999999999,1.91062,517,8,0
2024-04-29 01:00:00,1.91063,1.9115,1.91052,1.91133,790,8,0
2024-04-29 01:05:00,1.9113099999999998,1.91148,1.91079,1.91117,624,8,0
2024-04-29 01:10:00,1.9111500000000001,1.9112,1.91024,1.911,571,8,0
2024-04-29 01:15:00,1.91099,1.9112200000000001,1.91045,1.91062,725,8,0
2024-04-29 01:20:00,1.91062,1.91087,1.91015,1.9104700000000001,728,8,0
2024-04-29 01:25:00,1.91048,1.9108,1.9103400000000001,1.91072,688,8,0
2024-04-29 01:30:00,1.91071,1.91119,1.91052,1.91075,1121,8,0
2024-04-29 01:35:00,1.91074,1.9111099999999999,1.90856,1.90922,2245,8,0
2024-04-29 01:40:00,1.9092,1.9096600000000001,1.9085999999999999,1.90882,1289,8,0
2024-04-29 01:45:00,1.9088,1.9103400000000001,1.90877,1.9098000000000002,1295,8,0
2024-04-29 01:50:00,1.9098199999999999,1.91039,1.90971,1.9100700000000002,923,8,0
2024-04-29 01:55:00,1.91006,1.91012,1.90902,1.90933,946,8,0
2024-04-29 02:00:00,1.9093200000000001,1.90957,1.90895,1.90931,815,8,0
2024-04-29 02:05:00,1.9093200000000001,1.9097300000000001,1.90842,1.90849,814,8,0
2024-04-29 02:10:00,1.9085,1.9086400000000001,1.9073799999999999,1.9076,761,8,0
2024-04-29 02:15:00,1.90759,1.90814,1.90753,1.9081299999999999,525,8,0
2024-04-29 02:20:00,1.9081299999999999,1.90836,1.9077600000000001,1.90808,522,8,0
2024-04-29 02:25:00,1.9080599999999999,1.90827,1.90759,1.9082599999999998,539,8,0
2024-04-29 02:30:00,1.90827,1.90842,1.90787,1.9080300000000001,615,8,0
2024-04-29 02:35:00,1.90802,1.9081000000000001,1.90743,1.90798,620,8,0
2024-04-29 02:40:00,1.9079899999999999,1.908,1.90723,1.9073,553,8,0
2024-04-29 02:45:00,1.9072900000000002,1.90805,1.90727,1.90791,492,8,0
2024-04-29 02:50:00,1.90791,1.908,1.90761,1.90796,384,8,0
2024-04-29 02:55:00,1.90795,1.90827,1.9078,1.9082599999999998,327,8,0
2024-04-29 03:00:00,1.9082599999999998,1.90855,1.90773,1.90789,523,8,0
2024-04-29 03:05:00,1.90787,1.90834,1.90777,1.90815,282,8,0
2024-04-29 03:10:00,1.90815,1.90843,1.9077899999999999,1.90835,386,8,0
2024-04-29 03:15:00,1.90835,1.90846,1.90798,1.90804,312,8,0
2024-04-29 03:20:00,1.90805,1.90829,1.90773,1.90816,239,8,0
2024-04-29 03:25:00,1.9082,1.9085,1.90819,1.90836,309,8,0
2024-04-29 03:30:00,1.90835,1.90855,1.90821,1.9085100000000002,387,8,0
2024-04-29 03:35:00,1.9085,1.9085,1.90804,1.90808,372,8,0
2024-04-29 03:40:00,1.90809,1.90827,1.9079199999999998,1.90816,319,8,0
2024-04-29 03:45:00,1.9081700000000001,1.90823,1.90774,1.90782,228,8,0
2024-04-29 03:50:00,1.90784,1.90788,1.9076499999999998,1.9076499999999998,156,8,0
2024-04-29 03:55:00,1.90766,1.90767,1.9073099999999998,1.9073099999999998,219,8,0
2024-04-29 04:00:00,1.90732,1.90774,1.90717,1.90757,335,8,0
2024-04-29 04:05:00,1.90757,1.9076499999999998,1.90647,1.90672,2132,8,0
2024-04-29 04:10:00,1.90674,1.90689,1.90576,1.9062000000000001,1396,8,0
2024-04-29 04:15:00,1.90621,1.90625,1.90499,1.905,1610,8,0
2024-04-29 04:20:00,1.9049800000000001,1.90542,1.90481,1.90516,1215,8,0
2024-04-29 04:25:00,1.90516,1.90597,1.9049800000000001,1.90556,997,8,0
2024-04-29 04:30:00,1.90558,1.9057300000000001,1.90481,1.9048699999999998,1688,8,0
2024-04-29 04:35:00,1.90496,1.90564,1.90484,1.90517,1319,8,0
2024-04-29 04:40:00,1.90517,1.9054,1.9043999999999999,1.9051,1183,8,0
2024-04-29 04:45:00,1.90511,1.9053200000000001,1.90465,1.90527,1116,8,0
2024-04-29 04:50:00,1.9052799999999999,1.90597,1.9052799999999999,1.90579,1254,8,0
2024-04-29 04:55:00,1.90575,1.90748,1.90567,1.90733,1296,8,0
2024-04-29 05:00:00,1.90727,1.90773,1.9064999999999999,1.90674,1594,8,0
2024-04-29 05:05:00,1.90674,1.90791,1.9061599999999999,1.90771,1573,8,0
2024-04-29 05:10:00,1.9077,1.90827,1.90694,1.9077,1173,8,0
2024-04-29 05:15:00,1.9077,1.90859,1.90753,1.9085299999999998,1004,8,0
2024-04-29 05:20:00,1.90852,1.90865,1.90778,1.90861,934,8,0
2024-04-29 05:25:00,1.9085999999999999,1.9091200000000002,1.90845,1.9087800000000001,952,8,0
2024-04-29 05:30:00,1.90877,1.9092099999999999,1.90846,1.90877,1153,8,0
2024-04-29 05:35:00,1.90877,1.90896,1.90839,1.90854,810,8,0
2024-04-29 05:40:00,1.90854,1.90904,1.90809,1.9082,706,8,0
2024-04-29 05:45:00,1.90821,1.9085299999999998,1.90807,1.90829,587,8,0
2024-04-29 05:50:00,1.90829,1.90888,1.9080599999999999,1.90816,788,8,0
2024-04-29 05:55:00,1.90816,1.90954,1.90814,1.90873,789,8,0
2024-04-29 06:00:00,1.90875,1.90892,1.9076,1.90875,1176,8,0
2024-04-29 06:05:00,1.90875,1.90941,1.90857,1.90886,825,8,0
2024-04-29 06:10:00,1.9088699999999998,1.9091900000000002,1.9082,1.90841,902,8,0
2024-04-29 06:15:00,1.9083999999999999,1.90893,1.9082599999999998,1.9088500000000002,745,8,0
2024-04-29 06:20:00,1.9088699999999998,1.90915,1.90836,1.90879,750,8,0
2024-04-29 06:25:00,1.90879,1.90994,1.90846,1.90994,1010,8,0
2024-04-29 06:30:00,1.9099300000000001,1.91013,1.90828,1.90843,1127,8,0
2024-04-29 06:35:00,1.90843,1.90895,1.90842,1.90876,860,8,0
2024-04-29 06:40:00,1.90876,1.91032,1.90876,1.9102999999999999,701,8,0
2024-04-29 06:45:00,1.91031,1.91053,1.91001,1.9102299999999999,704,8,0
2024-04-29 06:50:00,1.9102299999999999,1.91093,1.91011,1.91062,604,8,0
2024-04-29 06:55:00,1.91062,1.91123,1.91048,1.9105400000000001,515,8,0
2024-04-29 07:00:00,1.9105699999999999,1.91089,1.91017,1.91082,1098,8,0
2024-04-29 07:05:00,1.91083,1.91086,1.90968,1.9102999999999999,1500,8,0
2024-04-29 07:10:00,1.9102999999999999,1.9108399999999999,1.9098199999999999,1.9104999999999999,1945,8,0
2024-04-29 07:15:00,1.91049,1.91066,1.90929,1.90933,1540,8,0
2024-04-29 07:20:00,1.90933,1.9100000000000001,1.90918,1.9096899999999999,1760,8,0
2024-04-29 07:25:00,1.90968,1.91022,1.90953,1.9096899999999999,1519,8,0
2024-04-29 07:30:00,1.90968,1.91006,1.90944,1.90984,1617,8,0
2024-04-29 07:35:00,1.90987,1.91012,1.90904,1.90942,1772,8,0
2024-04-29 07:40:00,1.90945,1.90983,1.90896,1.9096899999999999,1458,8,0
2024-04-29 07:45:00,1.90968,1.90978,1.9089,1.9090099999999999,944,8,0
2024-04-29 07:50:00,1.90902,1.9093200000000001,1.90849,1.90859,1180,8,0
2024-04-29 07:55:00,1.9085999999999999,1.9092099999999999,1.90831,1.9090500000000001,1077,8,0
2024-04-29 08:00:00,1.90906,1.90971,1.90896,1.90943,1219,8,0
2024-04-29 08:05:00,1.9094,1.90947,1.9085100000000002,1.9088699999999998,690,8,0
2024-04-29 08:10:00,1.90886,1.9100700000000002,1.90876,1.90999,996,8,0
2024-04-29 08:15:00,1.90999,1.91005,1.90916,1.90947,1063,8,0
2024-04-29 08:20:00,1.90949,1.91035,1.90906,1.91017,1002,8,0
2024-04-29 08:25:00,1.91018,1.91065,1.90987,1.91008,657,8,0
2024-04-29 08:30:00,1.91008,1.91072,1.91005,1.9103599999999998,1368,8,0
2024-04-29 08:35:00,1.91037,1.9107699999999999,1.91003,1.9100899999999998,1281,8,0
2024-04-29 08:40:00,1.9100700000000002,1.91013,1.9092500000000001,1.90958,1131,8,0
2024-04-29 08:45:00,1.90958,1.91019,1.90954,1.9099599999999999,1035,8,0
2024-04-29 08:50:00,1.90997,1.91002,1.9090799999999999,1.9092,847,8,0
2024-04-29 08:55:00,1.9092,1.9097,1.9091399999999998,1.9093900000000001,800,8,0
2024-04-29 09:00:00,1.9093900000000001,1.90978,1.9087,1.90882,892,8,0
2024-04-29 09:05:00,1.90884,1.90909,1.9084699999999999,1.90854,1140,8,0
2024-04-29 09:10:00,1.90855,1.90876,1.90786,1.90788,843,8,0
2024-04-29 09:15:00,1.90784,1.9081299999999999,1.9075,1.9079700000000002,707,8,0
2024-04-29 09:20:00,1.90798,1.90836,1.90787,1.90804,848,8,0
2024-04-29 09:25:00,1.9080300000000001,1.90891,1.90801,1.90886,764,8,0
2024-04-29 09:30:00,1.9088500000000002,1.90945,1.90882,1.90942,867,8,0
2024-04-29 09:35:00,1.90942,1.90947,1.9091200000000002,1.90942,759,8,0
2024-04-29 09:40:00,1.90947,1.90984,1.90943,1.90967,454,8,0
2024-04-29 09:45:00,1.90968,1.90972,1.90943,1.90943,641,8,0
2024-04-29 09:50:00,1.90942,1.90949,1.90904,1.9091900000000002,603,8,0
2024-04-29 09:55:00,1.9091900000000002,1.90931,1.90902,1.9091200000000002,551,8,0
2024-04-29 10:00:00,1.90911,1.90929,1.90889,1.90916,683,8,0
2024-04-29 10:05:00,1.90917,1.9092500000000001,1.9088,1.90886,510,8,0
2024-04-29 10:10:00,1.9088699999999998,1.90906,1.9087,1.9090500000000001,423,8,0
2024-04-29 10:15:00,1.90904,1.9093499999999999,1.90862,1.90872,737,8,0
2024-04-29 10:20:00,1.90872,1.90904,1.90848,1.9085100000000002,638,8,0
2024-04-29 10:25:00,1.9085,1.90891,1.90843,1.90884,487,8,0
2024-04-29 10:30:00,1.9088,1.9089399999999999,1.9085999999999999,1.90884,424,8,0
2024-04-29 10:35:00,1.90882,1.9089,1.90862,1.90881,450,8,0
2024-04-29 10:40:00,1.9088,1.90929,1.9087100000000001,1.90926,399,8,0
2024-04-29 10:45:00,1.90926,1.9094799999999998,1.909,1.90911,497,8,0
2024-04-29 10:50:00,1.9091200000000002,1.90934,1.9090500000000001,1.90916,346,8,0
2024-04-29 10:55:00,1.90917,1.9093499999999999,1.9087100000000001,1.90882,619,8,0
2024-04-29 11:00:00,1.90884,1.90884,1.9084400000000001,1.9085100000000002,488,8,0
2024-04-29 11:05:00,1.90849,1.90883,1.90836,1.90872,344,8,0
2024-04-29 11:10:00,1.90877,1.90965,1.9086699999999999,1.90949,626,8,0
2024-04-29 11:15:00,1.90949,1.90972,1.9092500000000001,1.90953,493,8,0
2024-04-29 11:20:00,1.90954,1.90957,1.9089399999999999,1.90896,426,8,0
2024-04-29 11:25:00,1.909,1.90916,1.90846,1.90866,620,8,0
2024-04-29 11:30:00,1.90863,1.90866,1.90811,1.90835,873,8,0
2024-04-29 11:35:00,1.9083299999999999,1.90903,1.9083299999999999,1.909,813,8,0
2024-04-29 11:40:00,1.9090099999999999,1.90917,1.90886,1.90896,629,8,0
2024-04-29 11:45:00,1.9089800000000001,1.90907,1.90849,1.90852,611,8,0
2024-04-29 11:50:00,1.90857,1.90889,1.9082400000000002,1.90866,554,8,0
2024-04-29 11:55:00,1.90866,1.90909,1.90852,1.90886,436,8,0
2024-04-29 12:00:00,1.90884,1.90895,1.90849,1.9088699999999998,562,8,0
2024-04-29 12:05:00,1.90886,1.90929,1.90865,1.909,723,8,0
2024-04-29 12:10:00,1.90899,1.90963,1.90899,1.9095499999999999,767,8,0
2024-04-29 12:15:00,1.90956,1.90964,1.9090099999999999,1.90927,775,8,0
2024-04-29 12:20:00,1.9092799999999999,1.9095499999999999,1.9090799999999999,1.90927,855,8,0
2024-04-29 12:25:00,1.90926,1.91015,1.9092099999999999,1.91012,613,8,0
2024-04-29 12:30:00,1.91013,1.91073,1.91012,1.91072,777,8,0
2024-04-29 12:35:00,1.91074,1.9118,1.91072,1.91148,737,8,0
2024-04-29 12:40:00,1.91147,1.91148,1.9109699999999998,1.9112,633,8,0
2024-04-29 12:45:00,1.91121,1.91215,1.9112,1.9118,846,8,0
2024-04-29 12:50:00,1.91182,1.91204,1.91155,1.9116499999999998,679,8,0
2024-04-29 12:55:00,1.91164,1.91171,1.9108800000000001,1.91113,1061,8,0
2024-04-29 13:00:00,1.9111099999999999,1.9111099999999999,1.91014,1.91042,1210,8,0
2024-04-29 13:05:00,1.9104100000000002,1.91072,1.91014,1.9105400000000001,873,8,0
2024-04-29 13:10:00,1.91055,1.91116,1.9105400000000001,1.91086,781,8,0
2024-04-29 13:15:00,1.91087,1.91098,1.9101,1.91019,855,8,0
2024-04-29 13:20:00,1.91018,1.91029,1.90987,1.91017,699,8,0
2024-04-29 13:25:00,1.9101599999999999,1.91032,1.90984,1.90985,763,8,0
2024-04-29 13:30:00,1.90984,1.91042,1.9095900000000001,1.91032,1299,8,0
2024-04-29 13:35:00,1.9103400000000001,1.91058,1.9098199999999999,1.91042,1650,8,0
2024-04-29 13:40:00,1.9104299999999999,1.91105,1.91033,1.91096,1493,8,0
2024-04-29 13:45:00,1.9109500000000001,1.91136,1.91089,1.9111500000000001,1142,8,0
2024-04-29 13:50:00,1.91117,1.91124,1.91063,1.9110200000000002,976,8,0
2024-04-29 13:55:00,1.91101,1.91174,1.91101,1.91147,948,8,0
2024-04-29 14:00:00,1.9114900000000001,1.9123700000000001,1.91107,1.9123700000000001,1081,8,0
2024-04-29 14:05:00,1.91238,1.91288,1.91229,1.9125299999999998,814,8,0
2024-04-29 14:10:00,1.9125299999999998,1.91323,1.9125299999999998,1.91283,728,8,0
2024-04-29 14:15:00,1.91284,1.9133900000000001,1.91272,1.9133900000000001,655,8,0
2024-04-29 14:20:00,1.91337,1.91405,1.91329,1.9139300000000001,873,8,0
2024-04-29 14:25:00,1.91391,1.9142299999999999,1.91372,1.91391,727,8,0
2024-04-29 14:30:00,1.9139300000000001,1.9140899999999998,1.91337,1.91361,851,8,0
2024-04-29 14:35:00,1.91363,1.9143,1.91354,1.9139300000000001,587,8,0
2024-04-29 14:40:00,1.91391,1.9140000000000001,1.91282,1.91303,718,8,0
2024-04-29 14:45:00,1.91302,1.9133499999999999,1.91277,1.91331,872,8,0
2024-04-29 14:50:00,1.91329,1.91371,1.9131,1.91317,883,8,0
2024-04-29 14:55:00,1.91318,1.91338,1.91293,1.9132799999999999,1136,8,0
2024-04-29 15:00:00,1.91326,1.91341,1.9125,1.9127999999999998,1159,8,0
2024-04-29 15:05:00,1.91279,1.91289,1.91238,1.9127399999999999,984,8,0
2024-04-29 15:10:00,1.91273,1.91365,1.9125100000000002,1.91343,846,8,0
2024-04-29 15:15:00,1.91345,1.91387,1.91318,1.91334,895,8,0
2024-04-29 15:20:00,1.9133499999999999,1.9136199999999999,1.91309,1.9133900000000001,687,8,0
2024-04-29 15:25:00,1.9134,1.91349,1.91304,1.9132099999999999,731,8,0
2024-04-29 15:30:00,1.91324,1.91347,1.9130500000000001,1.91311,736,8,0
2024-04-29 15:35:00,1.9131200000000002,1.9135900000000001,1.913,1.91344,638,8,0
2024-04-29 15:40:00,1.91343,1.91349,1.91289,1.91306,480,8,0
2024-04-29 15:45:00,1.91304,1.9132799999999999,1.9128500000000002,1.9131399999999998,376,8,0
2024-04-29 15:50:00,1.9131399999999998,1.9133499999999999,1.9129,1.91299,431,8,0
2024-04-29 15:55:00,1.913,1.9130500000000001,1.91269,1.91288,367,8,0
2024-04-29 16:00:00,1.91289,1.9131,1.91273,1.91289,435,8,0
2024-04-29 16:05:00,1.9128699999999998,1.9128699999999998,1.9121000000000001,1.91227,475,8,0
2024-04-29 16:10:00,1.9122400000000002,1.9127800000000001,1.9122400000000002,1.9125299999999998,446,8,0
2024-04-29 16:15:00,1.91254,1.9128500000000002,1.91231,1.91283,357,8,0
2024-04-29 16:20:00,1.91284,1.91336,1.9127999999999998,1.9131200000000002,625,8,0
2024-04-29 16:25:00,1.91313,1.9133200000000001,1.91281,1.91284,458,8,0
2024-04-29 16:30:00,1.9128500000000002,1.91308,1.91262,1.91281,481,8,0
2024-04-29 16:35:00,1.9127999999999998,1.91284,1.91261,1.91269,404,8,0
2024-04-29 16:40:00,1.9126699999999999,1.91276,1.91208,1.91225,1398,8,0
2024-04-29 16:45:00,1.9122400000000002,1.91242,1.91189,1.91231,1513,8,0
2024-04-29 16:50:00,1.91232,1.91317,1.91231,1.91315,620,8,0
2024-04-29 16:55:00,1.91315,1.9132,1.91235,1.91242,713,8,0
2024-04-29 17:00:00,1.91241,1.91254,1.91204,1.91236,786,8,0
2024-04-29 17:05:00,1.91242,1.91269,1.91212,1.91245,465,8,0
2024-04-29 17:10:00,1.91243,1.91283,1.9123299999999999,1.9125,647,8,0
2024-04-29 17:15:00,1.91252,1.91261,1.91222,1.91228,527,8,0
2024-04-29 17:20:00,1.9122599999999998,1.9125,1.91185,1.91212,615,8,0
2024-04-29 17:25:00,1.91212,1.91215,1.9117,1.91188,496,8,0
2024-04-29 17:30:00,1.91185,1.91216,1.91175,1.9119199999999998,470,8,0
2024-04-29 17:35:00,1.9119199999999998,1.91228,1.91191,1.91222,392,8,0
2024-04-29 17:40:00,1.91221,1.91255,1.9121700000000001,1.91227,385,8,0
2024-04-29 17:45:00,1.9122599999999998,1.9124400000000001,1.91212,1.91234,465,8,0
2024-04-29 17:50:00,1.91236,1.91245,1.9121000000000001,1.91239,352,8,0
2024-04-29 17:55:00,1.91238,1.91255,1.9121899999999998,1.9123700000000001,401,8,0
2024-04-29 18:00:00,1.91238,1.91248,1.9119199999999998,1.91221,878,8,0
2024-04-29 18:05:00,1.91221,1.91242,1.9121700000000001,1.91218,532,8,0
2024-04-29 18:10:00,1.9122,1.91243,1.91212,1.9123999999999999,507,8,0
2024-04-29 18:15:00,1.9123999999999999,1.9125999999999999,1.9122400000000002,1.9125100000000002,421,8,0
2024-04-29 18:20:00,1.91252,1.9126400000000001,1.91245,1.9125100000000002,474,8,0
2024-04-29 18:25:00,1.91252,1.91268,1.91243,1.91256,404,8,0
2024-04-29 18:30:00,1.91257,1.9128500000000002,1.91243,1.91265,1006,8,0
2024-04-29 18:35:00,1.91265,1.91276,1.91252,1.91259,614,8,0
2024-04-29 18:40:00,1.9125999999999999,1.9126699999999999,1.91236,1.91245,549,8,0
2024-04-29 18:45:00,1.9124400000000001,1.91263,1.91236,1.9125,417,8,0
2024-04-29 18:50:00,1.9125100000000002,1.91273,1.9123999999999999,1.91248,558,8,0
2024-04-29 18:55:00,1.91247,1.91286,1.91229,1.9127999999999998,799,8,0
2024-04-29 19:00:00,1.91281,1.9136600000000001,1.91279,1.91322,1820,8,0
2024-04-29 19:05:00,1.91323,1.91345,1.91291,1.91292,1132,8,0
2024-04-29 19:10:00,1.91291,1.9132500000000001,1.91291,1.9132099999999999,986,8,0
2024-04-29 19:15:00,1.9132099999999999,1.9133,1.91293,1.9129800000000001,838,8,0
2024-04-29 19:20:00,1.91297,1.9136,1.91292,1.9134,836,8,0
2024-04-29 19:25:00,1.9133900000000001,1.91341,1.91315,1.9132,705,8,0
2024-04-29 19:30:00,1.91324,1.9133900000000001,1.9130500000000001,1.91323,588,8,0
2024-04-29 19:35:00,1.9132799999999999,1.91337,1.91308,1.91336,567,8,0
2024-04-29 19:40:00,1.91337,1.91345,1.9131399999999998,1.9132799999999999,404,8,0
2024-04-29 19:45:00,1.91329,1.91329,1.91297,1.91306,441,8,0
2024-04-29 19:50:00,1.91306,1.91309,1.91246,1.9125299999999998,522,8,0
2024-04-29 19:55:00,1.9125299999999998,1.91265,1.91239,1.91242,526,8,0
2024-04-29 20:00:00,1.91243,1.91269,1.91231,1.9126400000000001,409,8,0
2024-04-29 20:05:00,1.91266,1.91284,1.91259,1.91276,199,8,0
2024-04-29 20:10:00,1.9127800000000001,1.9127800000000001,1.91242,1.91265,194,8,0
2024-04-29 20:15:00,1.9126400000000001,1.91273,1.91261,1.91266,121,8,0
2024-04-29 20:20:00,1.9126699999999999,1.91269,1.91248,1.91256,266,8,0
2024-04-29 20:25:00,1.91255,1.91283,1.9125,1.91269,303,8,0
2024-04-29 20:30:00,1.91268,1.9127399999999999,1.91254,1.9127100000000001,141,8,0
2024-04-29 20:35:00,1.9127,1.91281,1.91261,1.91263,207,8,0
2024-04-29 20:40:00,1.91262,1.9129399999999999,1.91259,1.91293,229,8,0
2024-04-29 20:45:00,1.91291,1.91302,1.9127800000000001,1.913,228,8,0
2024-04-29 20:50:00,1.91303,1.91311,1.91284,1.91311,219,8,0
2024-04-29 20:55:00,1.9131200000000002,1.91316,1.91069,1.91069,155,8,0
2024-04-29 21:00:00,1.9105400000000001,1.91304,1.91053,1.91254,29,96,0
2024-04-29 21:05:00,1.91239,1.91306,1.91215,1.9125100000000002,81,36,0
2024-04-29 21:10:00,1.9125100000000002,1.91258,1.9119199999999998,1.9124400000000001,56,88,0
2024-04-29 21:15:00,1.9124400000000001,1.9128699999999998,1.91212,1.9122,54,36,0
2024-04-29 21:20:00,1.91228,1.913,1.91216,1.91216,29,46,0
2024-04-29 21:25:00,1.9121299999999999,1.91263,1.9120599999999999,1.91255,70,65,0
2024-04-29 21:30:00,1.91262,1.9130500000000001,1.91241,1.91276,71,15,0
2024-04-29 21:35:00,1.91279,1.91315,1.91241,1.91273,90,16,0
2024-04-29 21:40:00,1.91276,1.91385,1.91234,1.91297,109,8,0
2024-04-29 21:45:00,1.91297,1.91311,1.91279,1.91302,110,15,0
2024-04-29 21:50:00,1.91302,1.9132099999999999,1.9128699999999998,1.91289,132,11,0
2024-04-29 21:55:00,1.9128500000000002,1.91299,1.91268,1.9127,183,11,0
2024-04-29 22:00:00,1.91272,1.9128699999999998,1.91266,1.9127999999999998,133,8,0
2024-04-29 22:05:00,1.9127999999999998,1.91304,1.91279,1.91299,60,8,0
2024-04-29 22:10:00,1.9130500000000001,1.91331,1.9130500000000001,1.91323,120,8,0
2024-04-29 22:15:00,1.9132099999999999,1.91329,1.91308,1.91308,150,8,0
2024-04-29 22:20:00,1.91306,1.9132,1.91306,1.91315,76,8,0
2024-04-29 22:25:00,1.91317,1.9132099999999999,1.91293,1.91295,69,8,0
2024-04-29 22:30:00,1.91296,1.91317,1.91293,1.9131399999999998,88,8,0
2024-04-29 22:35:00,1.91313,1.91337,1.9131200000000002,1.91334,211,8,0
2024-04-29 22:40:00,1.9133499999999999,1.91352,1.91327,1.91333,163,8,0
2024-04-29 22:45:00,1.91334,1.91341,1.9131200000000002,1.91341,193,8,0
2024-04-29 22:50:00,1.9134,1.91363,1.9133200000000001,1.91347,144,8,0
2024-04-29 22:55:00,1.9134799999999998,1.9136199999999999,1.9133499999999999,1.91343,129,8,0
2024-04-29 23:00:00,1.91344,1.9134799999999998,1.91322,1.9134600000000002,162,8,0
2024-04-29 23:05:00,1.91345,1.91376,1.91345,1.91352,236,8,0
2024-04-29 23:10:00,1.9135,1.9135,1.91329,1.91344,198,8,0
2024-04-29 23:15:00,1.91343,1.91352,1.9132799999999999,1.91338,105,8,0
2024-04-29 23:20:00,1.91338,1.91341,1.91299,1.91322,160,8,0
2024-04-29 23:25:00,1.91323,1.91329,1.91309,1.91327,85,8,0
2024-04-29 23:30:00,1.91326,1.91342,1.91315,1.91341,114,8,0
2024-04-29 23:35:00,1.9134,1.91369,1.9134,1.91364,140,8,0
2024-04-29 23:40:00,1.91365,1.9139300000000001,1.91363,1.91377,261,8,0
2024-04-29 23:45:00,1.91376,1.9138600000000001,1.91352,1.9138600000000001,234,8,0
2024-04-29 23:50:00,1.91383,1.91406,1.91374,1.91387,236,8,0
2024-04-29 23:55:00,1.9138899999999999,1.91448,1.91376,1.91442,362,8,0
2024-04-30 00:00:00,1.91442,1.9152900000000002,1.91437,1.91507,994,8,0
2024-04-30 00:05:00,1.9150800000000001,1.9154,1.9146,1.91486,625,8,0
2024-04-30 00:10:00,1.91487,1.91492,1.91439,1.91439,518,8,0
2024-04-30 00:15:00,1.9144,1.91452,1.9140899999999998,1.91451,483,8,0
2024-04-30 00:20:00,1.91452,1.91455,1.91369,1.9138899999999999,518,8,0
2024-04-30 00:25:00,1.9139,1.91391,1.91337,1.9134799999999998,399,8,0
2024-04-30 00:30:00,1.9134799999999998,1.91384,1.91344,1.91349,414,8,0
2024-04-30 00:35:00,1.9135,1.9136600000000001,1.9131399999999998,1.9135900000000001,562,8,0
2024-04-30 00:40:00,1.9136,1.91379,1.9130500000000001,1.9134799999999998,488,8,0
2024-04-30 00:45:00,1.91347,1.91377,1.91327,1.91364,507,8,0
2024-04-30 00:50:00,1.91364,1.9140000000000001,1.91324,1.91363,796,8,0
2024-04-30 00:55:00,1.9136199999999999,1.91384,1.91327,1.9135900000000001,665,8,0
2024-04-30 01:00:00,1.91358,1.91391,1.9133499999999999,1.9137,851,8,0
2024-04-30 01:05:00,1.91371,1.91455,1.9136600000000001,1.91408,557,8,0
2024-04-30 01:10:00,1.91406,1.91406,1.91363,1.91369,460,8,0
2024-04-30 01:15:00,1.91369,1.91422,1.9132799999999999,1.91334,607,8,0
2024-04-30 01:20:00,1.9133499999999999,1.9134,1.9129399999999999,1.91327,494,8,0
2024-04-30 01:25:00,1.9132099999999999,1.9141,1.9129399999999999,1.91384,503,8,0
2024-04-30 01:30:00,1.91374,1.916,1.91327,1.91521,1451,8,0
2024-04-30 01:35:00,1.9152200000000001,1.9154499999999999,1.91476,1.9149500000000002,924,8,0
2024-04-30 01:40:00,1.9149699999999998,1.91498,1.91411,1.91411,645,8,0
2024-04-30 01:45:00,1.91412,1.91591,1.91408,1.9157600000000001,748,8,0
2024-04-30 01:50:00,1.9157600000000001,1.9165,1.9155600000000002,1.91642,844,8,0
2024-04-30 01:55:00,1.91642,1.91778,1.91631,1.91768,821,8,0
2024-04-30 02:00:00,1.91767,1.9181599999999999,1.9175,1.91805,701,8,0
2024-04-30 02:05:00,1.91804,1.9184700000000001,1.9173,1.91733,531,8,0
2024-04-30 02:10:00,1.9173200000000001,1.91749,1.91704,1.91747,615,8,0
2024-04-30 02:15:00,1.91747,1.91803,1.91738,1.9178600000000001,559,8,0
2024-04-30 02:20:00,1.9178600000000001,1.9179599999999999,1.91744,1.91753,426,8,0
2024-04-30 02:25:00,1.91754,1.91833,1.91745,1.9183,542,8,0
2024-04-30 02:30:00,1.91831,1.9186999999999999,1.9179,1.91794,718,8,0
2024-04-30 02:35:00,1.91794,1.91822,1.91787,1.9180899999999999,446,8,0
2024-04-30 02:40:00,1.91808,1.9192,1.91784,1.91882,637,8,0
2024-04-30 02:45:00,1.9188100000000001,1.9188100000000001,1.91815,1.91826,442,8,0
2024-04-30 02:50:00,1.9182700000000001,1.9184700000000001,1.91791,1.91797,545,8,0
2024-04-30 02:55:00,1.91798,1.9180899999999999,1.9177499999999998,1.91805,436,8,0
2024-04-30 03:00:00,1.91804,1.91829,1.91774,1.91825,394,8,0
2024-04-30 03:05:00,1.91825,1.9192900000000002,1.91814,1.91927,681,8,0
2024-04-30 03:10:00,1.91928,1.92018,1.91926,1.92001,856,8,0
2024-04-30 03:15:00,1.92001,1.92014,1.91954,1.92002,569,8,0
2024-04-30 03:20:00,1.9200300000000001,1.92032,1.91971,1.91975,488,8,0
2024-04-30 03:25:00,1.91973,1.92011,1.91971,1.9197199999999999,500,8,0
2024-04-30 03:30:00,1.9197199999999999,1.91998,1.91957,1.91963,492,8,0
2024-04-30 03:35:00,1.91964,1.91982,1.91939,1.9198,513,8,0
2024-04-30 03:40:00,1.91981,1.9205100000000002,1.91978,1.92021,577,8,0
2024-04-30 03:45:00,1.9202,1.92045,1.92002,1.92041,368,8,0
2024-04-30 03:50:00,1.9203999999999999,1.92056,1.92024,1.92056,263,8,0
2024-04-30 03:55:00,1.92057,1.92082,1.91989,1.92005,456,8,0
2024-04-30 04:00:00,1.92005,1.9200599999999999,1.91954,1.91954,396,8,0
2024-04-30 04:05:00,1.91953,1.91984,1.91943,1.91973,305,8,0
2024-04-30 04:10:00,1.91973,1.91993,1.9196499999999999,1.91988,297,8,0
2024-04-30 04:15:00,1.91989,1.9201899999999998,1.9196900000000001,1.9197199999999999,286,8,0
2024-04-30 04:20:00,1.91973,1.9199000000000002,1.9196,1.91961,208,8,0
2024-04-30 04:25:00,1.91963,1.91967,1.9194,1.9194200000000001,278,8,0
2024-04-30 04:30:00,1.9194,1.92018,1.91939,1.92007,331,8,0
2024-04-30 04:35:00,1.9200599999999999,1.92025,1.91988,1.9201899999999998,273,8,0
2024-04-30 04:40:00,1.92018,1.92024,1.91989,1.9201000000000001,211,8,0
2024-04-30 04:45:00,1.92009,1.9204400000000001,1.92001,1.9203999999999999,222,8,0
2024-04-30 04:50:00,1.92042,1.9206400000000001,1.92021,1.92036,295,8,0
2024-04-30 04:55:00,1.9203700000000001,1.9204400000000001,1.92001,1.92023,239,8,0
2024-04-30 05:00:00,1.92024,1.92097,1.92015,1.9207999999999998,565,8,0
2024-04-30 05:05:00,1.92081,1.92086,1.92021,1.92027,435,8,0
2024-04-30 05:10:00,1.92025,1.92052,1.92023,1.9205100000000002,266,8,0
2024-04-30 05:15:00,1.9205100000000002,1.9211399999999998,1.92043,1.9210500000000001,471,8,0
2024-04-30 05:20:00,1.92107,1.9211,1.92066,1.92072,400,8,0
2024-04-30 05:25:00,1.9207100000000001,1.9215499999999999,1.92063,1.9215,501,8,0
2024-04-30 05:30:00,1.9214799999999999,1.92165,1.92048,1.92057,701,8,0
2024-04-30 05:35:00,1.92058,1.9214,1.92054,1.9212,715,8,0
2024-04-30 05:40:00,1.92119,1.92163,1.92116,1.9213900000000002,584,8,0
2024-04-30 05:45:00,1.9214,1.92147,1.92097,1.92118,772,8,0
2024-04-30 05:50:00,1.92117,1.9212500000000001,1.92077,1.9211,709,8,0
2024-04-30 05:55:00,1.92109,1.9213900000000002,1.9206699999999999,1.92113,852,8,0
2024-04-30 06:00:00,1.9211200000000002,1.92165,1.92095,1.92144,887,8,0
2024-04-30 06:05:00,1.92144,1.9224700000000001,1.92126,1.92211,1045,8,0
2024-04-30 06:10:00,1.92211,1.92314,1.92211,1.92268,1149,8,0
2024-04-30 06:15:00,1.92268,1.9230399999999999,1.9224,1.92252,882,8,0
2024-04-30 06:20:00,1.9225400000000001,1.92312,1.9223400000000002,1.92238,863,8,0
2024-04-30 06:25:00,1.92238,1.9231,1.92217,1.9222000000000001,686,8,0
2024-04-30 06:30:00,1.9222299999999999,1.9224299999999999,1.92191,1.92203,743,8,0
2024-04-30 06:35:00,1.9220199999999998,1.92217,1.92151,1.92176,788,8,0
2024-04-30 06:40:00,1.92177,1.92244,1.92144,1.92212,818,8,0
2024-04-30 06:45:00,1.92215,1.92235,1.92161,1.92174,1064,8,0
2024-04-30 06:50:00,1.92174,1.92187,1.92143,1.92151,741,8,0
2024-04-30 06:55:00,1.92153,1.9217,1.92103,1.9217,600,8,0
2024-04-30 07:00:00,1.9217,1.92181,1.9210099999999999,1.9211399999999998,957,8,0
2024-04-30 07:05:00,1.92113,1.9213900000000002,1.9206400000000001,1.92113,771,8,0
2024-04-30 07:10:00,1.9211399999999998,1.9213,1.92077,1.92095,603,8,0
2024-04-30 07:15:00,1.9209399999999999,1.921,1.92007,1.92029,662,8,0
2024-04-30 07:20:00,1.92034,1.9208699999999999,1.92025,1.92073,691,8,0
2024-04-30 07:25:00,1.9207,1.92092,1.92025,1.92084,907,8,0
2024-04-30 07:30:00,1.92083,1.92136,1.9207999999999998,1.92109,711,8,0
2024-04-30 07:35:00,1.92108,1.92149,1.921,1.92106,658,8,0
2024-04-30 07:40:00,1.9210500000000001,1.92127,1.92072,1.92102,584,8,0
2024-04-30 07:45:00,1.9210099999999999,1.92144,1.92092,1.9212,601,8,0
2024-04-30 07:50:00,1.92119,1.9212,1.92038,1.92043,426,8,0
2024-04-30 07:55:00,1.92045,1.9212099999999999,1.92038,1.92108,391,8,0
2024-04-30 08:00:00,1.92109,1.92115,1.92022,1.92047,703,8,0
2024-04-30 08:05:00,1.9204400000000001,1.92065,1.92022,1.9205299999999998,658,8,0
2024-04-30 08:10:00,1.92054,1.92072,1.92014,1.9201899999999998,622,8,0
2024-04-30 08:15:00,1.92022,1.92041,1.91989,1.92027,616,8,0
2024-04-30 08:20:00,1.9202599999999999,1.9209100000000001,1.92012,1.92089,658,8,0
2024-04-30 08:25:00,1.9209,1.92106,1.92061,1.92066,407,8,0
2024-04-30 08:30:00,1.92066,1.92069,1.92025,1.92054,393,8,0
2024-04-30 08:35:00,1.9205299999999998,1.9207800000000002,1.92029,1.92069,492,8,0
2024-04-30 08:40:00,1.92068,1.92096,1.9205999999999999,1.92092,435,8,0
2024-04-30 08:45:00,1.9209100000000001,1.92116,1.92047,1.92047,516,8,0
2024-04-30 08:50:00,1.9204599999999998,1.92085,1.9203999999999999,1.92052,601,8,0
2024-04-30 08:55:00,1.92052,1.92116,1.9204599999999998,1.92104,612,8,0
2024-04-30 09:00:00,1.92103,1.9213900000000002,1.92052,1.92118,969,8,0
2024-04-30 09:05:00,1.92118,1.92118,1.92054,1.92082,1005,8,0
2024-04-30 09:10:00,1.92081,1.92113,1.92068,1.92079,771,8,0
2024-04-30 09:15:00,1.92075,1.9207999999999998,1.92007,1.9202,642,8,0
2024-04-30 09:20:00,1.92021,1.92069,1.9198499999999998,1.92055,660,8,0
2024-04-30 09:25:00,1.92054,1.9210099999999999,1.92038,1.9209800000000001,602,8,0
2024-04-30 09:30:00,1.92097,1.9215900000000001,1.9208699999999999,1.92123,689,8,0
2024-04-30 09:35:00,1.92123,1.92151,1.92099,1.92137,710,8,0
2024-04-30 09:40:00,1.92136,1.92146,1.92097,1.92111,600,8,0
2024-04-30 09:45:00,1.9211200000000002,1.92149,1.921,1.9212500000000001,690,8,0
2024-04-30 09:50:00,1.92126,1.92158,1.9211399999999998,1.92154,640,8,0
2024-04-30 09:55:00,1.92153,1.92158,1.9204400000000001,1.92045,581,8,0
2024-04-30 10:00:00,1.9204599999999998,1.9209800000000001,1.9204599999999998,1.92069,613,8,0
2024-04-30 10:05:00,1.92068,1.92081,1.92005,1.92029,596,8,0
2024-04-30 10:10:00,1.92027,1.92092,1.9202599999999999,1.92092,443,8,0
2024-04-30 10:15:00,1.92092,1.92108,1.92056,1.92069,642,8,0
2024-04-30 10:20:00,1.92068,1.92095,1.9203000000000001,1.92034,545,8,0
2024-04-30 10:25:00,1.92035,1.92047,1.91989,1.9204400000000001,596,8,0
2024-04-30 10:30:00,1.92042,1.9207100000000001,1.92027,1.92039,540,8,0
2024-04-30 10:35:00,1.92038,1.92076,1.9199199999999998,1.92076,591,8,0
2024-04-30 10:40:00,1.92074,1.92076,1.92034,1.9204599999999998,630,8,0
2024-04-30 10:45:00,1.92045,1.9205999999999999,1.92013,1.92041,411,8,0
2024-04-30 10:50:00,1.9203999999999999,1.92056,1.92018,1.92022,432,8,0
2024-04-30 10:55:00,1.92021,1.92057,1.91998,1.92029,683,8,0
2024-04-30 11:00:00,1.92027,1.92061,1.92024,1.92059,747,8,0
2024-04-30 11:05:00,1.92059,1.92084,1.9203000000000001,1.92052,665,8,0
2024-04-30 11:10:00,1.9205100000000002,1.92073,1.91991,1.92065,706,8,0
2024-04-30 11:15:00,1.9206699999999999,1.92123,1.92021,1.92119,614,8,0
2024-04-30 11:20:00,1.92118,1.92158,1.9211,1.9212799999999999,653,8,0
2024-04-30 11:25:00,1.9212799999999999,1.92161,1.9211,1.9215,669,8,0
2024-04-30 11:30:00,1.9215200000000001,1.92171,1.9213,1.92146,671,8,0
2024-04-30 11:35:00,1.92147,1.9215,1.9209100000000001,1.92106,584,8,0
2024-04-30 11:40:00,1.92106,1.9215200000000001,1.92093,1.92106,543,8,0
2024-04-30 11:45:00,1.92104,1.92147,1.92102,1.92126,698,8,0
2024-04-30 11:50:00,1.92129,1.92158,1.92113,1.92145,446,8,0
2024-04-30 11:55:00,1.92144,1.92154,1.92092,1.92113,491,8,0
2024-04-30 12:00:00,1.9211399999999998,1.92195,1.92104,1.92191,950,8,0
2024-04-30 12:05:00,1.92192,1.92224,1.92129,1.92133,751,8,0
2024-04-30 12:10:00,1.92133,1.92135,1.92093,1.92097,935,8,0
2024-04-30 12:15:00,1.92097,1.92131,1.92084,1.92103,793,8,0
2024-04-30 12:20:00,1.92103,1.92137,1.92097,1.92131,826,8,0
2024-04-30 12:25:00,1.9213200000000001,1.92136,1.92056,1.92066,567,8,0
2024-04-30 12:30:00,1.92059,1.92298,1.91954,1.92246,3129,8,0
2024-04-30 12:35:00,1.92245,1.923,1.92183,1.92285,2539,8,0
2024-04-30 12:40:00,1.9228399999999999,1.92393,1.92272,1.92332,2109,8,0
2024-04-30 12:45:00,1.92332,1.92442,1.9233099999999999,1.92398,1710,8,0
2024-04-30 12:50:00,1.9239600000000001,1.92425,1.9234499999999999,1.92413,1691,8,0
2024-04-30 12:55:00,1.92413,1.92596,1.92395,1.92592,1412,8,0
2024-04-30 13:00:00,1.92592,1.92599,1.92495,1.92547,1763,8,0
2024-04-30 13:05:00,1.92546,1.92592,1.92531,1.92569,1661,8,0
2024-04-30 13:10:00,1.92569,1.9262899999999998,1.9255499999999999,1.92599,1364,8,0
2024-04-30 13:15:00,1.9260000000000002,1.92601,1.92529,1.92536,1415,8,0
2024-04-30 13:20:00,1.92535,1.92596,1.92533,1.92561,1387,8,0
2024-04-30 13:25:00,1.92561,1.92655,1.92538,1.9264299999999999,1084,8,0
2024-04-30 13:30:00,1.9264299999999999,1.92702,1.9262700000000001,1.9266,1645,8,0
2024-04-30 13:35:00,1.9266,1.9268399999999999,1.92595,1.9264000000000001,1475,8,0
2024-04-30 13:40:00,1.9264000000000001,1.92641,1.92513,1.92588,1315,8,0
2024-04-30 13:45:00,1.9258600000000001,1.92764,1.9258600000000001,1.92755,1544,8,0
2024-04-30 13:50:00,1.92755,1.92798,1.92728,1.9274499999999999,1609,8,0
2024-04-30 13:55:00,1.9274499999999999,1.92869,1.9272399999999998,1.92851,1269,8,0
2024-04-30 14:00:00,1.92854,1.92899,1.9278300000000002,1.92807,2161,8,0
2024-04-30 14:05:00,1.92807,1.92825,1.92741,1.92775,1927,8,0
2024-04-30 14:10:00,1.92774,1.92835,1.92757,1.9280599999999999,1708,8,0
2024-04-30 14:15:00,1.92804,1.92823,1.92705,1.9272200000000002,1861,8,0
2024-04-30 14:20:00,1.9272399999999998,1.9282,1.92705,1.92723,1536,8,0
2024-04-30 14:25:00,1.9272399999999998,1.9283000000000001,1.9272200000000002,1.9281000000000001,1668,8,0
2024-04-30 14:30:00,1.9280599999999999,1.92877,1.9279,1.92827,1652,8,0
2024-04-30 14:35:00,1.92825,1.9285,1.9271,1.9271099999999999,1617,8,0
2024-04-30 14:40:00,1.9271099999999999,1.92725,1.9266100000000002,1.9268,1475,8,0
2024-04-30 14:45:00,1.9267699999999999,1.92834,1.9267699999999999,1.92682,1562,8,0
2024-04-30 14:50:00,1.92682,1.92768,1.92645,1.9276,2033,8,0
2024-04-30 14:55:00,1.92759,1.92931,1.9272200000000002,1.9282599999999999,2150,8,0
2024-04-30 15:00:00,1.9282599999999999,1.92827,1.9274900000000001,1.92804,2032,8,0
2024-04-30 15:05:00,1.92807,1.92807,1.92741,1.92753,1400,8,0
2024-04-30 15:10:00,1.92753,1.9284,1.927,1.9283000000000001,1165,8,0
2024-04-30 15:15:00,1.9283000000000001,1.92873,1.92797,1.92845,1321,8,0
2024-04-30 15:20:00,1.92845,1.92901,1.92823,1.9289800000000001,1148,8,0
2024-04-30 15:25:00,1.9289800000000001,1.92911,1.92854,1.9285999999999999,1246,8,0
2024-04-30 15:30:00,1.92859,1.9289100000000001,1.92829,1.92859,1220,8,0
2024-04-30 15:35:00,1.92859,1.9287800000000002,1.92818,1.92836,870,8,0
2024-04-30 15:40:00,1.92834,1.92935,1.92811,1.92902,951,8,0
2024-04-30 15:45:00,1.92902,1.9294,1.92901,1.92931,811,8,0
2024-04-30 15:50:00,1.92931,1.9295,1.92885,1.9289399999999999,697,8,0
2024-04-30 15:55:00,1.9289399999999999,1.92895,1.9281000000000001,1.92811,924,8,0
2024-04-30 16:00:00,1.92811,1.92835,1.92781,1.9280599999999999,946,8,0
2024-04-30 16:05:00,1.9280599999999999,1.92852,1.92801,1.9281199999999998,638,8,0
2024-04-30 16:10:00,1.9281700000000002,1.92854,1.9281000000000001,1.92814,786,8,0
2024-04-30 16:15:00,1.92816,1.92829,1.92774,1.9278499999999998,799,8,0
2024-04-30 16:20:00,1.9278499999999998,1.9282599999999999,1.9276200000000001,1.92825,780,8,0
2024-04-30 16:25:00,1.92825,1.9285,1.92805,1.9281000000000001,875,8,0
2024-04-30 16:30:00,1.92811,1.9287,1.92809,1.9287,949,8,0
2024-04-30 16:35:00,1.92869,1.92879,1.92798,1.92809,918,8,0
2024-04-30 16:40:00,1.92809,1.92832,1.92791,1.92802,767,8,0
2024-04-30 16:45:00,1.92802,1.9281000000000001,1.9277,1.92791,716,8,0
2024-04-30 16:50:00,1.92788,1.92807,1.92779,1.9279199999999999,528,8,0
2024-04-30 16:55:00,1.9279199999999999,1.92831,1.92787,1.928,840,8,0
2024-04-30 17:00:00,1.928,1.92802,1.92732,1.92748,803,8,0
2024-04-30 17:05:00,1.92747,1.9278499999999998,1.9274200000000001,1.92752,879,8,0
2024-04-30 17:10:00,1.92752,1.9277199999999999,1.92736,1.92753,868,8,0
2024-04-30 17:15:00,1.92753,1.92767,1.9273799999999999,1.92744,707,8,0
2024-04-30 17:20:00,1.92744,1.92746,1.9269500000000002,1.92696,540,8,0
2024-04-30 17:25:00,1.9269500000000002,1.92733,1.92686,1.92726,772,8,0
2024-04-30 17:30:00,1.92726,1.9277,1.92719,1.92725,679,8,0
2024-04-30 17:35:00,1.92725,1.92748,1.92717,1.92739,627,8,0
2024-04-30 17:40:00,1.9274,1.92773,1.92732,1.9274,470,8,0
2024-04-30 17:45:00,1.9274,1.9274200000000001,1.92678,1.9268100000000001,429,8,0
2024-04-30 17:50:00,1.9268100000000001,1.9272399999999998,1.92673,1.9270399999999999,496,8,0
2024-04-30 17:55:00,1.9270399999999999,1.9274900000000001,1.927,1.9274499999999999,564,8,0
2024-04-30 18:00:00,1.9274499999999999,1.92754,1.92707,1.92729,542,8,0
2024-04-30 18:05:00,1.92729,1.92754,1.92723,1.92743,479,8,0
2024-04-30 18:10:00,1.92743,1.9278300000000002,1.92743,1.9277199999999999,415,8,0
2024-04-30 18:15:00,1.92773,1.92807,1.92766,1.9280300000000001,468,8,0
2024-04-30 18:20:00,1.92802,1.92808,1.92782,1.9279600000000001,454,8,0
2024-04-30 18:25:00,1.92794,1.92822,1.92784,1.9281700000000002,509,8,0
2024-04-30 18:30:00,1.9281700000000002,1.9283700000000001,1.9280300000000001,1.92815,511,8,0
2024-04-30 18:35:00,1.92815,1.92822,1.92781,1.92786,508,8,0
2024-04-30 18:40:00,1.92786,1.92802,1.92771,1.92774,667,8,0
2024-04-30 18:45:00,1.92774,1.92845,1.92773,1.92831,595,8,0
2024-04-30 18:50:00,1.92831,1.92885,1.92829,1.92862,1053,8,0
2024-04-30 18:55:00,1.92862,1.92908,1.9285999999999999,1.92877,816,8,0
2024-04-30 19:00:00,1.92877,1.9289399999999999,1.92851,1.92884,773,8,0
2024-04-30 19:05:00,1.92883,1.92884,1.9285,1.9285,470,8,0
2024-04-30 19:10:00,1.9285,1.9285,1.92789,1.928,641,8,0
2024-04-30 19:15:00,1.92801,1.92848,1.92794,1.92835,579,8,0
2024-04-30 19:20:00,1.92835,1.92836,1.9278499999999998,1.92811,546,8,0
2024-04-30 19:25:00,1.9281199999999998,1.92838,1.92773,1.92777,528,8,0
2024-04-30 19:30:00,1.92777,1.92831,1.92777,1.92827,512,8,0
2024-04-30 19:35:00,1.92828,1.92862,1.92827,1.92855,532,8,0
2024-04-30 19:40:00,1.92855,1.92875,1.9283700000000001,1.92855,535,8,0
2024-04-30 19:45:00,1.92855,1.92892,1.92855,1.92865,560,8,0
2024-04-30 19:50:00,1.92865,1.92892,1.92862,1.92877,725,8,0
2024-04-30 19:55:00,1.92877,1.92916,1.92866,1.92908,1177,8,0
2024-04-30 20:00:00,1.92908,1.92913,1.9286400000000001,1.92885,1294,8,0
2024-04-30 20:05:00,1.92885,1.92903,1.92873,1.9287800000000002,722,8,0
2024-04-30 20:10:00,1.92877,1.92913,1.92863,1.92897,758,8,0
2024-04-30 20:15:00,1.9289800000000001,1.9290699999999998,1.92886,1.92896,585,8,0
2024-04-30 20:20:00,1.92896,1.92931,1.92896,1.9293,351,8,0
2024-04-30 20:25:00,1.9293,1.92953,1.92929,1.92942,319,8,0
2024-04-30 20:30:00,1.92942,1.9295900000000001,1.92924,1.92957,344,8,0
2024-04-30 20:35:00,1.92957,1.9296600000000002,1.92938,1.92949,332,8,0
2024-04-30 20:40:00,1.9295,1.9295499999999999,1.92934,1.92936,289,8,0
2024-04-30 20:45:00,1.92936,1.9298199999999999,1.92935,1.9295900000000001,357,8,0
2024-04-30 20:50:00,1.9295900000000001,1.9296,1.92929,1.92936,363,8,0
2024-04-30 20:55:00,1.92938,1.93004,1.92938,1.9297900000000001,368,8,0
2024-04-30 21:00:00,1.9297900000000001,1.9297900000000001,1.92526,1.92584,27,34,0
2024-04-30 21:05:00,1.92584,1.92917,1.92503,1.92759,78,157,0
2024-04-30 21:10:00,1.92759,1.9284400000000002,1.92639,1.92823,78,179,0
2024-04-30 21:15:00,1.92823,1.92944,1.92823,1.9294,49,121,0
2024-04-30 21:20:00,1.9294,1.9295200000000001,1.9290699999999998,1.92933,49,71,0
2024-04-30 21:25:00,1.92933,1.92988,1.92824,1.92835,88,100,0
2024-04-30 21:30:00,1.92835,1.92899,1.92828,1.92858,108,76,0
2024-04-30 21:35:00,1.92858,1.92913,1.92858,1.92866,120,71,0
2024-04-30 21:40:00,1.92866,1.92953,1.92861,1.9294799999999999,62,56,0
2024-04-30 21:45:00,1.9294799999999999,1.9300000000000002,1.92947,1.92974,80,11,0
2024-04-30 21:50:00,1.92974,1.92977,1.9282599999999999,1.92909,100,24,0
2024-04-30 21:55:00,1.92909,1.92936,1.92906,1.92916,102,33,0
2024-04-30 22:00:00,1.92916,1.92974,1.92916,1.92971,246,8,0
2024-04-30 22:05:00,1.92969,1.92983,1.92963,1.92972,106,8,0
2024-04-30 22:10:00,1.92972,1.9298600000000001,1.92942,1.92969,113,8,0
2024-04-30 22:15:00,1.92969,1.92973,1.92951,1.92969,129,8,0
2024-04-30 22:20:00,1.9297,1.9298899999999999,1.92965,1.92984,156,8,0
2024-04-30 22:25:00,1.92984,1.92992,1.9295900000000001,1.92978,211,8,0
2024-04-30 22:30:00,1.92978,1.92983,1.92967,1.9298199999999999,147,8,0
2024-04-30 22:35:00,1.9298199999999999,1.9299300000000001,1.9296799999999998,1.92969,94,8,0
2024-04-30 22:40:00,1.92969,1.9297499999999999,1.9295200000000001,1.9295200000000001,144,8,0
2024-04-30 22:45:00,1.92964,1.9304000000000001,1.92964,1.92967,494,8,0
2024-04-30 22:50:00,1.92967,1.93003,1.92956,1.9298,204,8,0
2024-04-30 22:55:00,1.9298,1.92985,1.9294,1.9295,274,8,0
2024-04-30 23:00:00,1.92949,1.92981,1.92946,1.92972,258,8,0
2024-04-30 23:05:00,1.92972,1.92976,1.92938,1.9294099999999998,341,8,0
2024-04-30 23:10:00,1.9294099999999998,1.92942,1.92908,1.92917,213,8,0
2024-04-30 23:15:00,1.92917,1.92935,1.92886,1.9289800000000001,258,8,0
2024-04-30 23:20:00,1.9289800000000001,1.92901,1.92868,1.9289,230,8,0
2024-04-30 23:25:00,1.9289,1.9289,1.9285999999999999,1.92884,225,8,0
2024-04-30 23:30:00,1.92884,1.9288699999999999,1.9285299999999999,1.92869,291,8,0
2024-04-30 23:35:00,1.92868,1.92869,1.9283299999999999,1.9283299999999999,218,8,0
2024-04-30 23:40:00,1.9283299999999999,1.9283700000000001,1.92808,1.92814,361,8,0
2024-04-30 23:45:00,1.92813,1.92832,1.92794,1.9283000000000001,225,8,0
2024-04-30 23:50:00,1.9283000000000001,1.92841,1.92813,1.92824,274,8,0
2024-04-30 23:55:00,1.92823,1.92881,1.92821,1.92881,430,8,0
2024-05-01 00:00:00,1.92881,1.92916,1.92851,1.92884,596,8,0
2024-05-01 00:05:00,1.92883,1.9291800000000001,1.92881,1.92888,374,8,0
2024-05-01 00:10:00,1.9289100000000001,1.92943,1.92886,1.9291,497,8,0
2024-05-01 00:15:00,1.9291,1.9298,1.929,1.92969,520,8,0
2024-05-01 00:20:00,1.92969,1.93024,1.9294099999999998,1.9298199999999999,507,8,0
2024-05-01 00:25:00,1.92983,1.93015,1.9295900000000001,1.9298899999999999,561,8,0
2024-05-01 00:30:00,1.92988,1.93038,1.9297,1.92983,485,8,0
2024-05-01 00:35:00,1.92983,1.93038,1.92977,1.9298,424,8,0
2024-05-01 00:40:00,1.9298,1.93032,1.9298,1.93014,484,8,0
2024-05-01 00:45:00,1.93014,1.93017,1.92964,1.92996,506,8,0
2024-05-01 00:50:00,1.92995,1.93055,1.92976,1.93049,673,8,0
2024-05-01 00:55:00,1.93049,1.931,1.93026,1.93096,904,8,0
2024-05-01 01:00:00,1.93096,1.93105,1.9302000000000001,1.93023,560,8,0
2024-05-01 01:05:00,1.93022,1.9308,1.9302000000000001,1.93056,451,8,0
2024-05-01 01:10:00,1.93056,1.9306299999999998,1.92998,1.93019,465,8,0
2024-05-01 01:15:00,1.93018,1.93025,1.92967,1.92973,398,8,0
2024-05-01 01:20:00,1.92973,1.92983,1.92949,1.92971,401,8,0
2024-05-01 01:25:00,1.92972,1.92981,1.9292500000000001,1.92943,379,8,0
2024-05-01 01:30:00,1.92943,1.9297499999999999,1.92929,1.92969,504,8,0
2024-05-01 01:35:00,1.92969,1.93041,1.92953,1.93012,451,8,0
2024-05-01 01:40:00,1.93012,1.93012,1.92949,1.9295900000000001,394,8,0
2024-05-01 01:45:00,1.9295900000000001,1.92978,1.92901,1.9291,468,8,0
2024-05-01 01:50:00,1.92911,1.9300000000000002,1.92892,1.9299300000000001,468,8,0
2024-05-01 01:55:00,1.9299300000000001,1.92994,1.92886,1.9289100000000001,329,8,0
2024-05-01 02:00:00,1.92892,1.92922,1.92888,1.92911,304,8,0
2024-05-01 02:05:00,1.92911,1.92954,1.9291,1.92936,363,8,0
2024-05-01 02:10:00,1.92938,1.9296799999999998,1.92908,1.92915,424,8,0
2024-05-01 02:15:00,1.9291399999999999,1.9292,1.92875,1.9288699999999999,318,8,0
2024-05-01 02:20:00,1.9288699999999999,1.92902,1.92866,1.92885,255,8,0
2024-05-01 02:25:00,1.92885,1.92889,1.92856,1.92863,320,8,0
2024-05-01 02:30:00,1.92862,1.9290699999999998,1.92854,1.9290699999999998,372,8,0
2024-05-01 02:35:00,1.92906,1.92915,1.92873,1.92876,341,8,0
2024-05-01 02:40:00,1.92874,1.92906,1.92842,1.9290500000000002,379,8,0
2024-05-01 02:45:00,1.9290500000000002,1.92915,1.92895,1.92897,243,8,0
2024-05-01 02:50:00,1.92897,1.92927,1.92879,1.9289399999999999,338,8,0
2024-05-01 02:55:00,1.9289399999999999,1.92917,1.92866,1.92879,342,8,0
2024-05-01 03:00:00,1.92879,1.92893,1.92863,1.92875,258,8,0
2024-05-01 03:05:00,1.92875,1.92909,1.9285999999999999,1.92866,260,8,0
2024-05-01 03:10:00,1.92868,1.92882,1.92831,1.92851,322,8,0
2024-05-01 03:15:00,1.92851,1.92866,1.9282599999999999,1.9283299999999999,274,8,0
2024-05-01 03:20:00,1.9283299999999999,1.9284599999999998,1.92814,1.92836,301,8,0
2024-05-01 03:25:00,1.92836,1.92856,1.9283299999999999,1.92835,194,8,0
2024-05-01 03:30:00,1.92834,1.92847,1.92823,1.9284599999999998,320,8,0
2024-05-01 03:35:00,1.9284400000000002,1.92848,1.9280300000000001,1.92814,254,8,0
2024-05-01 03:40:00,1.92814,1.9283299999999999,1.92798,1.92829,323,8,0
2024-05-01 03:45:00,1.9283000000000001,1.92885,1.9281899999999998,1.9287,496,8,0
2024-05-01 03:50:00,1.92869,1.92885,1.92858,1.9287,330,8,0
2024-05-01 03:55:00,1.9287,1.92876,1.92841,1.92852,286,8,0
2024-05-01 04:00:00,1.92851,1.92865,1.9283299999999999,1.9284599999999998,432,8,0
2024-05-01 04:05:00,1.9284599999999998,1.92897,1.92843,1.92879,372,8,0
2024-05-01 04:10:00,1.9287999999999998,1.92909,1.9285999999999999,1.9286400000000001,304,8,0
2024-05-01 04:15:00,1.9286400000000001,1.92877,1.92808,1.9281899999999998,278,8,0
2024-05-01 04:20:00,1.92816,1.92823,1.9281000000000001,1.9281899999999998,247,8,0
2024-05-01 04:25:00,1.9281899999999998,1.92821,1.9279,1.92816,223,8,0
2024-05-01 04:30:00,1.92818,1.9284,1.92808,1.92825,262,8,0
2024-05-01 04:35:00,1.92825,1.92842,1.9281199999999998,1.92829,253,8,0
2024-05-01 04:40:00,1.9283000000000001,1.92834,1.9279600000000001,1.92832,269,8,0
2024-05-01 04:45:00,1.9283299999999999,1.92847,1.92805,1.92805,280,8,0
2024-05-01 04:50:00,1.92805,1.9281199999999998,1.92766,1.92779,255,8,0
2024-05-01 04:55:00,1.92779,1.92808,1.92771,1.92807,304,8,0
2024-05-01 05:00:00,1.9281000000000001,1.9282,1.9279199999999999,1.92818,256,8,0
2024-05-01 05:05:00,1.92815,1.92832,1.9279600000000001,1.92823,250,8,0
2024-05-01 05:10:00,1.92822,1.92832,1.92804,1.92821,228,8,0
2024-05-01 05:15:00,1.9281899999999998,1.92822,1.92791,1.92798,251,8,0
2024-05-01 05:20:00,1.92798,1.92798,1.92723,1.92726,321,8,0
2024-05-01 05:25:00,1.92726,1.9274200000000001,1.92716,1.92717,241,8,0
2024-05-01 05:30:00,1.92716,1.92747,1.92691,1.92694,339,8,0
2024-05-01 05:35:00,1.92694,1.9269699999999998,1.92639,1.9265400000000001,611,8,0
2024-05-01 05:40:00,1.9265400000000001,1.92689,1.9264700000000001,1.92678,380,8,0
2024-05-01 05:45:00,1.92676,1.9274499999999999,1.92673,1.92716,373,8,0
2024-05-01 05:50:00,1.92717,1.9273099999999999,1.92702,1.9272,285,8,0
2024-05-01 05:55:00,1.9272,1.9273099999999999,1.92668,1.92671,342,8,0
2024-05-01 06:00:00,1.92671,1.9270800000000001,1.92628,1.9264299999999999,623,8,0
2024-05-01 06:05:00,1.92644,1.9266,1.9258199999999999,1.92594,547,8,0
2024-05-01 06:10:00,1.9259300000000001,1.92595,1.92509,1.92517,596,8,0
2024-05-01 06:15:00,1.92517,1.92534,1.92495,1.9250699999999998,434,8,0
2024-05-01 06:20:00,1.9250699999999998,1.9254099999999998,1.92484,1.9254,385,8,0
2024-05-01 06:25:00,1.9254,1.9256799999999998,1.92534,1.92536,305,8,0
2024-05-01 06:30:00,1.92535,1.9258899999999999,1.9253,1.92588,346,8,0
2024-05-01 06:35:00,1.92588,1.9266,1.92588,1.92639,367,8,0
2024-05-01 06:40:00,1.92638,1.92638,1.92577,1.92598,441,8,0
2024-05-01 06:45:00,1.92598,1.92624,1.9255900000000001,1.9258,403,8,0
2024-05-01 06:50:00,1.9258,1.9262000000000001,1.92569,1.92605,476,8,0
2024-05-01 06:55:00,1.92606,1.92608,1.92523,1.92557,593,8,0
2024-05-01 07:00:00,1.92557,1.92584,1.92526,1.92529,702,8,0
2024-05-01 07:05:00,1.92529,1.92597,1.9252799999999999,1.9257,600,8,0
2024-05-01 07:10:00,1.9257,1.92633,1.92545,1.92632,612,8,0
2024-05-01 07:15:00,1.92632,1.9266100000000002,1.92619,1.9262899999999998,633,8,0
2024-05-01 07:20:00,1.92628,1.92656,1.92604,1.92656,486,8,0
2024-05-01 07:25:00,1.92651,1.92723,1.9264999999999999,1.92707,436,8,0
2024-05-01 07:30:00,1.92707,1.9275099999999998,1.92707,1.92747,419,8,0
2024-05-01 07:35:00,1.92747,1.92798,1.9274499999999999,1.9279199999999999,331,8,0
2024-05-01 07:40:00,1.9279199999999999,1.9279199999999999,1.9273799999999999,1.9274900000000001,416,8,0
2024-05-01 07:45:00,1.9274900000000001,1.92808,1.9274,1.9279899999999999,354,8,0
2024-05-01 07:50:00,1.9279899999999999,1.9281000000000001,1.92789,1.92801,327,8,0
2024-05-01 07:55:00,1.92801,1.92801,1.9272399999999998,1.9275600000000002,578,8,0
2024-05-01 08:00:00,1.92757,1.92759,1.92726,1.92736,455,8,0
2024-05-01 08:05:00,1.92736,1.92767,1.92723,1.92761,461,8,0
2024-05-01 08:10:00,1.92761,1.92768,1.92728,1.9273799999999999,441,8,0
2024-05-01 08:15:00,1.92739,1.92809,1.92725,1.92807,440,8,0
2024-05-01 08:20:00,1.92808,1.9281000000000001,1.9276900000000001,1.9277600000000001,546,8,0
2024-05-01 08:25:00,1.9277600000000001,1.92782,1.92717,1.92747,433,8,0
2024-05-01 08:30:00,1.9275,1.9283700000000001,1.92741,1.9281899999999998,584,8,0
2024-05-01 08:35:00,1.9281899999999998,1.92861,1.9281199999999998,1.92814,376,8,0
2024-05-01 08:40:00,1.92815,1.92842,1.9279600000000001,1.92825,578,8,0
2024-05-01 08:45:00,1.9282599999999999,1.92858,1.92821,1.92845,408,8,0
2024-05-01 08:50:00,1.9285,1.9287,1.92832,1.92852,487,8,0
2024-05-01 08:55:00,1.9285,1.92869,1.92829,1.9286699999999999,479,8,0
2024-05-01 09:00:00,1.9286699999999999,1.92868,1.92793,1.92816,527,8,0
2024-05-01 09:05:00,1.92816,1.9282,1.92784,1.9281000000000001,352,8,0
2024-05-01 09:10:00,1.92811,1.9284,1.92811,1.92829,455,8,0
2024-05-01 09:15:00,1.92828,1.9283000000000001,1.92774,1.9277600000000001,379,8,0
2024-05-01 09:20:00,1.9277600000000001,1.92804,1.92759,1.9276900000000001,421,8,0
2024-05-01 09:25:00,1.9276900000000001,1.92786,1.92685,1.92706,518,8,0
2024-05-01 09:30:00,1.92706,1.92741,1.9270100000000001,1.92741,541,8,0
2024-05-01 09:35:00,1.92741,1.92795,1.92741,1.92788,630,8,0
2024-05-01 09:40:00,1.92788,1.92831,1.92766,1.92801,561,8,0
2024-05-01 09:45:00,1.92801,1.92801,1.92755,1.9275600000000002,500,8,0
2024-05-01 09:50:00,1.9275600000000002,1.92764,1.92702,1.9271500000000001,493,8,0
2024-05-01 09:55:00,1.92714,1.92732,1.92667,1.9270800000000001,600,8,0
2024-05-01 10:00:00,1.9270800000000001,1.92717,1.9264700000000001,1.92668,655,8,0
2024-05-01 10:05:00,1.9266999999999999,1.9271500000000001,1.9266299999999998,1.92679,519,8,0
2024-05-01 10:10:00,1.92679,1.92713,1.92657,1.927,457,8,0
2024-05-01 10:15:00,1.927,1.92706,1.92645,1.92652,446,8,0
2024-05-01 10:20:00,1.92652,1.92662,1.92635,1.92645,468,8,0
2024-05-01 10:25:00,1.92645,1.9264700000000001,1.92605,1.92619,307,8,0
2024-05-01 10:30:00,1.92619,1.92673,1.9260000000000002,1.9266,492,8,0
2024-05-01 10:35:00,1.9266299999999998,1.9268100000000001,1.92639,1.92676,477,8,0
2024-05-01 10:40:00,1.92676,1.9267699999999999,1.92614,1.92653,526,8,0
2024-05-01 10:45:00,1.92652,1.92687,1.9264000000000001,1.92667,475,8,0
2024-05-01 10:50:00,1.92667,1.92709,1.92662,1.92669,501,8,0
2024-05-01 10:55:00,1.92673,1.92699,1.92671,1.9268100000000001,367,8,0
2024-05-01 11:00:00,1.9268,1.92683,1.92612,1.92617,515,8,0
2024-05-01 11:05:00,1.92614,1.92619,1.92583,1.92612,464,8,0
2024-05-01 11:10:00,1.92612,1.9263599999999999,1.92594,1.9262899999999998,370,8,0
2024-05-01 11:15:00,1.9262899999999998,1.9264299999999999,1.9259300000000001,1.9260000000000002,393,8,0
2024-05-01 11:20:00,1.9260000000000002,1.9260199999999998,1.92531,1.9254,384,8,0
2024-05-01 11:25:00,1.9253900000000002,1.92557,1.92538,1.92551,367,8,0
2024-05-01 11:30:00,1.92551,1.92557,1.9252799999999999,1.92543,329,8,0
2024-05-01 11:35:00,1.9254099999999998,1.92557,1.9253200000000001,1.9254,314,8,0
2024-05-01 11:40:00,1.9254,1.9256199999999999,1.92523,1.9254,308,8,0
2024-05-01 11:45:00,1.9254,1.92588,1.92537,1.92584,585,8,0
2024-05-01 11:50:00,1.92584,1.92626,1.9257,1.9260199999999998,427,8,0
2024-05-01 11:55:00,1.92601,1.9264700000000001,1.92598,1.92622,483,8,0
2024-05-01 12:00:00,1.92622,1.9262299999999999,1.9259,1.92598,634,8,0
2024-05-01 12:05:00,1.92598,1.9261300000000001,1.92561,1.92571,623,8,0
2024-05-01 12:10:00,1.92572,1.92574,1.92522,1.9255,603,8,0
2024-05-01 12:15:00,1.92534,1.9257,1.92465,1.92474,1194,8,0
2024-05-01 12:20:00,1.92474,1.9251399999999999,1.9244599999999998,1.92472,1011,8,0
2024-05-01 12:25:00,1.92477,1.92489,1.9244599999999998,1.92475,993,8,0
2024-05-01 12:30:00,1.92475,1.9250500000000001,1.92407,1.9250099999999999,1465,8,0
2024-05-01 12:35:00,1.9250099999999999,1.92576,1.92485,1.92576,958,8,0
2024-05-01 12:40:00,1.92576,1.9262000000000001,1.9257499999999999,1.92583,772,8,0
2024-05-01 12:45:00,1.92583,1.9258600000000001,1.92534,1.92546,928,8,0
2024-05-01 12:50:00,1.92546,1.92606,1.9254099999999998,1.9259,870,8,0
2024-05-01 12:55:00,1.92592,1.9263599999999999,1.92556,1.92556,762,8,0
2024-05-01 13:00:00,1.92557,1.92574,1.92531,1.92547,848,8,0
2024-05-01 13:05:00,1.92547,1.9258899999999999,1.92547,1.9257499999999999,613,8,0
2024-05-01 13:10:00,1.9257300000000002,1.92599,1.92497,1.92502,671,8,0
2024-05-01 13:15:00,1.92503,1.92509,1.92416,1.92418,661,8,0
2024-05-01 13:20:00,1.92418,1.9243999999999999,1.92388,1.92402,746,8,0
2024-05-01 13:25:00,1.92402,1.9245100000000002,1.92395,1.92443,808,8,0
2024-05-01 13:30:00,1.92443,1.92448,1.92364,1.92366,1003,8,0
2024-05-01 13:35:00,1.92366,1.9243299999999999,1.92363,1.9241899999999998,746,8,0
2024-05-01 13:40:00,1.9241899999999998,1.9248699999999999,1.92409,1.92435,671,8,0
2024-05-01 13:45:00,1.92432,1.92475,1.92354,1.92414,1137,8,0
2024-05-01 13:50:00,1.92413,1.92495,1.924,1.92489,1095,8,0
2024-05-01 13:55:00,1.9249100000000001,1.92515,1.92442,1.92469,719,8,0
2024-05-01 14:00:00,1.92411,1.92544,1.9233,1.92424,2365,8,0
2024-05-01 14:05:00,1.92424,1.92428,1.9232,1.92371,2001,8,0
2024-05-01 14:10:00,1.92371,1.92405,1.92344,1.92355,1594,8,0
2024-05-01 14:15:00,1.92355,1.9236,1.92299,1.9234200000000001,1614,8,0
2024-05-01 14:20:00,1.9234200000000001,1.92373,1.92316,1.92357,1550,8,0
2024-05-01 14:25:00,1.92357,1.9241899999999998,1.9234499999999999,1.92346,1406,8,0
2024-05-01 14:30:00,1.9235,1.92427,1.9234,1.92416,1278,8,0
2024-05-01 14:35:00,1.92414,1.9245700000000001,1.9240599999999999,1.92443,899,8,0
2024-05-01 14:40:00,1.92443,1.92549,1.92443,1.9254,1150,8,0
2024-05-01 14:45:00,1.92545,1.9257300000000002,1.9252,1.92538,1232,8,0
2024-05-01 14:50:00,1.92538,1.92545,1.92458,1.92472,1181,8,0
2024-05-01 14:55:00,1.92473,1.92508,1.92418,1.92482,1170,8,0
2024-05-01 15:00:00,1.92481,1.92481,1.92393,1.92407,1047,8,0
2024-05-01 15:05:00,1.92407,1.92422,1.92355,1.92413,804,8,0
2024-05-01 15:10:00,1.92413,1.92443,1.92398,1.92423,1015,8,0
2024-05-01 15:15:00,1.92422,1.92429,1.9239899999999999,1.92405,823,8,0
2024-05-01 15:20:00,1.92404,1.92423,1.92334,1.92339,868,8,0
2024-05-01 15:25:00,1.92341,1.92351,1.92265,1.92271,969,8,0
2024-05-01 15:30:00,1.92271,1.92305,1.92252,1.9226100000000002,924,8,0
2024-05-01 15:35:00,1.92262,1.92313,1.92259,1.9231,738,8,0
2024-05-01 15:40:00,1.9231,1.92321,1.92219,1.92237,789,8,0
2024-05-01 15:45:00,1.92238,1.92293,1.92218,1.92286,669,8,0
2024-05-01 15:50:00,1.92286,1.9231500000000001,1.92251,1.92313,736,8,0
2024-05-01 15:55:00,1.92314,1.92326,1.92285,1.92292,640,8,0
2024-05-01 16:00:00,1.92292,1.92328,1.92273,1.9232399999999998,685,8,0
2024-05-01 16:05:00,1.9232399999999998,1.92325,1.92271,1.92279,566,8,0
2024-05-01 16:10:00,1.92279,1.92287,1.92233,1.9225400000000001,678,8,0
2024-05-01 16:15:00,1.92255,1.9226999999999999,1.92239,1.92253,534,8,0
2024-05-01 16:20:00,1.92253,1.92265,1.9224,1.92253,475,8,0
2024-05-01 16:25:00,1.92253,1.92285,1.92246,1.92262,634,8,0
2024-05-01 16:30:00,1.9226,1.9227400000000001,1.92229,1.92245,638,8,0
2024-05-01 16:35:00,1.92245,1.92271,1.92233,1.9226,611,8,0
2024-05-01 16:40:00,1.9226100000000002,1.92296,1.92249,1.92289,744,8,0
2024-05-01 16:45:00,1.92289,1.923,1.9226100000000002,1.9229,686,8,0
2024-05-01 16:50:00,1.9229,1.9229500000000002,1.9226299999999998,1.92286,579,8,0
2024-05-01 16:55:00,1.92283,1.92346,1.92283,1.9233,511,8,0
2024-05-01 17:00:00,1.9233,1.92355,1.9232200000000002,1.92352,632,8,0
2024-05-01 17:05:00,1.92353,1.9235600000000002,1.92325,1.9234200000000001,448,8,0
2024-05-01 17:10:00,1.92344,1.92405,1.92336,1.92393,615,8,0
2024-05-01 17:15:00,1.92394,1.92459,1.92391,1.9243999999999999,549,8,0
2024-05-01 17:20:00,1.9243999999999999,1.9246400000000001,1.92367,1.92387,586,8,0
2024-05-01 17:25:00,1.92387,1.92409,1.92378,1.92402,491,8,0
2024-05-01 17:30:00,1.92402,1.92456,1.92398,1.92455,427,8,0
2024-05-01 17:35:00,1.92455,1.9249399999999999,1.92438,1.9249,630,8,0
2024-05-01 17:40:00,1.92488,1.9251,1.92481,1.9249399999999999,554,8,0
2024-05-01 17:45:00,1.9249399999999999,1.9249800000000001,1.92445,1.92452,575,8,0
2024-05-01 17:50:00,1.92452,1.92495,1.92443,1.92473,1116,8,0
2024-05-01 17:55:00,1.92473,1.92492,1.92341,1.92367,830,8,0
2024-05-01 18:00:00,1.92352,1.92576,1.9226,1.92359,2800,8,0
2024-05-01 18:05:00,1.92359,1.9247100000000001,1.9232900000000002,1.92442,2964,8,0
2024-05-01 18:10:00,1.92443,1.9245299999999999,1.92362,1.92412,2314,8,0
2024-05-01 18:15:00,1.92412,1.92423,1.92359,1.92382,1967,8,0
2024-05-01 18:20:00,1.9238499999999998,1.92411,1.92336,1.92339,1769,8,0
2024-05-01 18:25:00,1.9234,1.9242,1.9234,1.9239199999999999,1537,8,0
2024-05-01 18:30:00,1.92394,1.9251,1.92252,1.92283,2893,8,0
2024-05-01 18:35:00,1.9228100000000001,1.92522,1.92219,1.9228,3403,8,0
2024-05-01 18:40:00,1.9227699999999999,1.92328,1.9207100000000001,1.92075,3153,8,0
2024-05-01 18:45:00,1.92083,1.92198,1.91996,1.92013,2768,8,0
2024-05-01 18:50:00,1.92012,1.92013,1.9186,1.91954,2323,8,0
2024-05-01 18:55:00,1.91954,1.92045,1.9186800000000002,1.92021,2617,8,0
2024-05-01 19:00:00,1.9201899999999998,1.92036,1.91921,1.92002,2442,8,0
2024-05-01 19:05:00,1.92002,1.92056,1.9193,1.91951,2250,8,0
2024-05-01 19:10:00,1.9195,1.92062,1.9195,1.91978,1923,8,0
2024-05-01 19:15:00,1.91978,1.92122,1.9192900000000002,1.9209,2302,8,0
2024-05-01 19:20:00,1.9209,1.9217,1.91907,1.9191099999999999,2598,8,0
2024-05-01 19:25:00,1.91912,1.92013,1.9184299999999999,1.91996,1654,8,0
2024-05-01 19:30:00,1.91995,1.92089,1.91995,1.92081,2066,8,0
2024-05-01 19:35:00,1.9207999999999998,1.9215900000000001,1.92065,1.9214799999999999,1857,8,0
2024-05-01 19:40:00,1.92146,1.92172,1.92055,1.9211,1615,8,0
2024-05-01 19:45:00,1.9211,1.92143,1.92077,1.9209800000000001,1541,8,0
2024-05-01 19:50:00,1.9209800000000001,1.92222,1.9209800000000001,1.9218199999999999,1719,8,0
2024-05-01 19:55:00,1.9218199999999999,1.9219,1.92147,1.9217,1370,8,0
2024-05-01 20:00:00,1.9217,1.92176,1.92107,1.9212799999999999,1009,8,0
2024-05-01 20:05:00,1.92129,1.92174,1.9211200000000002,1.92174,554,8,0
2024-05-01 20:10:00,1.92174,1.92176,1.92082,1.92102,1454,8,0
2024-05-01 20:15:00,1.92102,1.92123,1.92034,1.9207800000000002,1520,8,0
2024-05-01 20:20:00,1.9207800000000002,1.92119,1.92058,1.92074,1031,8,0
2024-05-01 20:25:00,1.92072,1.92203,1.92066,1.92168,1159,8,0
2024-05-01 20:30:00,1.9217300000000002,1.9220199999999998,1.92088,1.9209800000000001,1197,8,0
2024-05-01 20:35:00,1.92097,1.92156,1.9205100000000002,1.92103,945,8,0
2024-05-01 20:40:00,1.92103,1.9214,1.92057,1.92086,924,8,0
2024-05-01 20:45:00,1.92086,1.92103,1.9194,1.91974,1102,8,0
2024-05-01 20:50:00,1.91974,1.92066,1.9191,1.9204599999999998,760,8,0
2024-05-01 20:55:00,1.9204599999999998,1.92068,1.91996,1.92023,601,8,0
2024-05-01 21:00:00,1.92009,1.92009,1.91668,1.9188,56,42,0
2024-05-01 21:05:00,1.91846,1.9198,1.91795,1.91978,66,122,0
2024-05-01 21:10:00,1.91978,1.91991,1.91933,1.91973,71,109,0
2024-05-01 21:15:00,1.9198300000000001,1.92007,1.91961,1.91984,63,129,0
2024-05-01 21:20:00,1.91984,1.9209100000000001,1.91925,1.9196499999999999,79,76,0
2024-05-01 21:25:00,1.9193,1.92097,1.9193,1.92096,94,8,0
2024-05-01 21:30:00,1.92102,1.92198,1.92075,1.92171,101,8,0
2024-05-01 21:35:00,1.92171,1.92171,1.9184700000000001,1.9207100000000001,221,23,0
2024-05-01 21:40:00,1.9207100000000001,1.92085,1.91878,1.92049,118,53,0
2024-05-01 21:45:00,1.92049,1.9207,1.9192900000000002,1.91933,148,36,0
2024-05-01 21:50:00,1.9193,1.92005,1.9193,1.91984,50,19,0
2024-05-01 21:55:00,1.91984,1.91991,1.91835,1.91869,103,18,0
2024-05-01 22:00:00,1.91869,1.9205299999999998,1.9186100000000001,1.91954,446,8,0
2024-05-01 22:05:00,1.91954,1.91981,1.91932,1.9196499999999999,189,8,0
2024-05-01 22:10:00,1.91964,1.91975,1.9193500000000001,1.91941,151,8,0
2024-05-01 22:15:00,1.91941,1.9200599999999999,1.91927,1.91986,308,8,0
2024-05-01 22:20:00,1.91986,1.91994,1.91959,1.9197600000000001,386,8,0
2024-05-01 22:25:00,1.9197600000000001,1.92005,1.9196900000000001,1.91993,229,8,0
2024-05-01 22:30:00,1.91993,1.92021,1.91975,1.91978,251,8,0
2024-05-01 22:35:00,1.91978,1.9198,1.91932,1.91967,365,8,0
2024-05-01 22:40:00,1.91967,1.9198,1.91919,1.9195,346,8,0
2024-05-01 22:45:00,1.9195,1.91957,1.91921,1.91937,368,8,0
2024-05-01 22:50:00,1.91937,1.9196900000000001,1.9192900000000002,1.91967,255,8,0
2024-05-01 22:55:00,1.91967,1.92011,1.91967,1.92002,319,8,0
2024-05-01 23:00:00,1.92002,1.9200300000000001,1.9194,1.91974,327,8,0
2024-05-01 23:05:00,1.91974,1.9202,1.91941,1.9200599999999999,640,8,0
2024-05-01 23:10:00,1.92007,1.92013,1.9196900000000001,1.91991,480,8,0
2024-05-01 23:15:00,1.91991,1.92023,1.91973,1.9199199999999998,474,8,0
2024-05-01 23:20:00,1.9199199999999998,1.92018,1.9197199999999999,1.9201700000000002,467,8,0
2024-05-01 23:25:00,1.9201700000000002,1.92031,1.92,1.92011,455,8,0
2024-05-01 23:30:00,1.92011,1.9204599999999998,1.92001,1.9202599999999999,452,8,0
2024-05-01 23:35:00,1.9202599999999999,1.9207800000000002,1.9199199999999998,1.92072,385,8,0
2024-05-01 23:40:00,1.92072,1.9207999999999998,1.92023,1.92025,370,8,0
2024-05-01 23:45:00,1.92025,1.92029,1.91943,1.9194499999999999,620,8,0
2024-05-01 23:50:00,1.91944,1.91963,1.91913,1.91954,635,8,0
2024-05-01 23:55:00,1.91954,1.92001,1.9194,1.9198,682,8,0
2024-05-02 00:00:00,1.91978,1.9198499999999998,1.91906,1.91955,1278,8,0
2024-05-02 00:05:00,1.91955,1.92001,1.91946,1.9198300000000001,1003,8,0
2024-05-02 00:10:00,1.91982,1.9203299999999999,1.9193500000000001,1.91939,805,8,0
2024-05-02 00:15:00,1.91939,1.91954,1.9187400000000001,1.91887,851,8,0
2024-05-02 00:20:00,1.91887,1.92015,1.9187400000000001,1.9201000000000001,827,8,0
2024-05-02 00:25:00,1.92008,1.92059,1.91971,1.9198499999999998,882,8,0
2024-05-02 00:30:00,1.91986,1.9203700000000001,1.91973,1.92021,908,8,0
2024-05-02 00:35:00,1.9202,1.9204599999999998,1.92002,1.92035,688,8,0
2024-05-02 00:40:00,1.92034,1.92072,1.91991,1.9199899999999999,740,8,0
2024-05-02 00:45:00,1.9199899999999999,1.92004,1.91952,1.91964,628,8,0
2024-05-02 00:50:00,1.91964,1.92047,1.91953,1.92023,883,8,0
2024-05-02 00:55:00,1.92022,1.92076,1.92022,1.92058,727,8,0
2024-05-02 01:00:00,1.92056,1.9205999999999999,1.9193099999999998,1.9193099999999998,683,8,0
2024-05-02 01:05:00,1.9193099999999998,1.92039,1.91902,1.92016,600,8,0
2024-05-02 01:10:00,1.92016,1.92031,1.91986,1.9203000000000001,485,8,0
2024-05-02 01:15:00,1.92031,1.92031,1.91957,1.91975,798,8,0
2024-05-02 01:20:00,1.91973,1.91993,1.91943,1.91959,577,8,0
2024-05-02 01:25:00,1.91957,1.9200599999999999,1.91953,1.9198499999999998,548,8,0
2024-05-02 01:30:00,1.91986,1.92167,1.91986,1.92102,1219,8,0
2024-05-02 01:35:00,1.92104,1.92109,1.9205100000000002,1.92055,807,8,0
2024-05-02 01:40:00,1.92055,1.92066,1.9196499999999999,1.9196499999999999,822,8,0
2024-05-02 01:45:00,1.91964,1.92023,1.9194900000000001,1.92016,767,8,0
2024-05-02 01:50:00,1.92015,1.9203999999999999,1.9190800000000001,1.91923,627,8,0
2024-05-02 01:55:00,1.91923,1.9194,1.91858,1.91871,803,8,0
2024-05-02 02:00:00,1.91871,1.9187400000000001,1.9179,1.91822,1228,8,0
2024-05-02 02:05:00,1.9182299999999999,1.9182700000000001,1.91778,1.91778,906,8,0
2024-05-02 02:10:00,1.91779,1.9186100000000001,1.91753,1.9186100000000001,795,8,0
2024-05-02 02:15:00,1.91859,1.9187400000000001,1.91819,1.91839,769,8,0
2024-05-02 02:20:00,1.91839,1.9186100000000001,1.91815,1.91844,659,8,0
2024-05-02 02:25:00,1.91844,1.91844,1.9180199999999998,1.91826,585,8,0
2024-05-02 02:30:00,1.91826,1.9186100000000001,1.91808,1.9184,722,8,0
2024-05-02 02:35:00,1.9184,1.91873,1.9180199999999998,1.9182299999999999,730,8,0
2024-05-02 02:40:00,1.91822,1.91855,1.9177300000000002,1.91792,782,8,0
2024-05-02 02:45:00,1.91792,1.91858,1.91787,1.91817,829,8,0
2024-05-02 02:50:00,1.91817,1.91821,1.91757,1.91803,899,8,0
2024-05-02 02:55:00,1.91803,1.91826,1.91765,1.91824,825,8,0
2024-05-02 03:00:00,1.91824,1.91886,1.91824,1.91872,710,8,0
2024-05-02 03:05:00,1.91872,1.9191099999999999,1.91858,1.9189,663,8,0
2024-05-02 03:10:00,1.91889,1.9191799999999999,1.9186299999999998,1.9187699999999999,530,8,0
2024-05-02 03:15:00,1.9187699999999999,1.91901,1.9186299999999998,1.9188,508,8,0
2024-05-02 03:20:00,1.9188,1.91952,1.91871,1.9194900000000001,605,8,0
2024-05-02 03:25:00,1.9194900000000001,1.91955,1.91927,1.91944,498,8,0
2024-05-02 03:30:00,1.91944,1.91961,1.91919,1.91923,481,8,0
2024-05-02 03:35:00,1.9192200000000001,1.91975,1.9191500000000001,1.91947,561,8,0
2024-05-02 03:40:00,1.91948,1.91951,1.91907,1.9194900000000001,523,8,0
2024-05-02 03:45:00,1.9194900000000001,1.9194900000000001,1.91913,1.91937,599,8,0
2024-05-02 03:50:00,1.91937,1.91939,1.91898,1.91903,644,8,0
2024-05-02 03:55:00,1.91903,1.9190800000000001,1.91873,1.9188399999999999,585,8,0
2024-05-02 04:00:00,1.9188399999999999,1.9189,1.9183599999999998,1.9186100000000001,455,8,0
2024-05-02 04:05:00,1.9186100000000001,1.91871,1.9182000000000001,1.91822,460,8,0
2024-05-02 04:10:00,1.9182299999999999,1.9186800000000002,1.91814,1.9185699999999999,531,8,0
2024-05-02 04:15:00,1.9185699999999999,1.91869,1.91832,1.9183599999999998,349,8,0
2024-05-02 04:20:00,1.9183599999999998,1.91839,1.91785,1.9179300000000001,435,8,0
2024-05-02 04:25:00,1.91794,1.91885,1.91774,1.9186,726,8,0
2024-05-02 04:30:00,1.9186,1.9195799999999998,1.91851,1.9195799999999998,601,8,0
2024-05-02 04:35:00,1.91959,1.9196,1.91879,1.9188100000000001,413,8,0
2024-05-02 04:40:00,1.9188100000000001,1.9191,1.91849,1.91856,443,8,0
2024-05-02 04:45:00,1.91856,1.91886,1.9178600000000001,1.91803,581,8,0
2024-05-02 04:50:00,1.91803,1.9183400000000002,1.9178600000000001,1.91818,585,8,0
2024-05-02 04:55:00,1.91818,1.91832,1.9178199999999999,1.91801,526,8,0
2024-05-02 05:00:00,1.91801,1.9182000000000001,1.9177,1.91806,651,8,0
2024-05-02 05:05:00,1.91806,1.91829,1.91771,1.91795,528,8,0
2024-05-02 05:10:00,1.91795,1.91824,1.91778,1.91779,522,8,0
2024-05-02 05:15:00,1.91778,1.9178899999999999,1.9176199999999999,1.91767,513,8,0
2024-05-02 05:20:00,1.91767,1.91791,1.91703,1.9171,676,8,0
2024-05-02 05:25:00,1.9171,1.91713,1.9167,1.91703,633,8,0
2024-05-02 05:30:00,1.91703,1.91715,1.91679,1.91693,492,8,0
2024-05-02 05:35:00,1.91693,1.91736,1.91688,1.91726,541,8,0
2024-05-02 05:40:00,1.91726,1.91742,1.9169,1.91717,597,8,0
2024-05-02 05:45:00,1.91717,1.9173200000000001,1.91696,1.91702,460,8,0
2024-05-02 05:50:00,1.91702,1.9172,1.91615,1.91629,826,8,0
2024-05-02 05:55:00,1.91629,1.91648,1.9161299999999999,1.9163700000000001,780,8,0
2024-05-02 06:00:00,1.91638,1.91703,1.91634,1.91702,1149,8,0
2024-05-02 06:05:00,1.91702,1.91745,1.91657,1.91722,1141,8,0
2024-05-02 06:10:00,1.91722,1.91792,1.91719,1.91749,1055,8,0
2024-05-02 06:15:00,1.91749,1.91758,1.91658,1.9167399999999999,1053,8,0
2024-05-02 06:20:00,1.9167399999999999,1.9167999999999998,1.9160599999999999,1.91646,980,8,0
2024-05-02 06:25:00,1.91646,1.91665,1.91614,1.91634,786,8,0
2024-05-02 06:30:00,1.9163299999999999,1.9163999999999999,1.91465,1.91465,1381,8,0
2024-05-02 06:35:00,1.91464,1.91546,1.91456,1.9152200000000001,1160,8,0
2024-05-02 06:40:00,1.9152200000000001,1.91623,1.91496,1.91618,1234,8,0
2024-05-02 06:45:00,1.91618,1.91657,1.91588,1.91588,1025,8,0
2024-05-02 06:50:00,1.91589,1.91595,1.91541,1.91578,856,8,0
2024-05-02 06:55:00,1.91578,1.91589,1.91525,1.9156,979,8,0
2024-05-02 07:00:00,1.9156,1.91593,1.91492,1.91524,1485,8,0
2024-05-02 07:05:00,1.91525,1.91577,1.91502,1.9157199999999999,1181,8,0
2024-05-02 07:10:00,1.9157199999999999,1.91631,1.9154,1.91608,1036,8,0
2024-05-02 07:15:00,1.91609,1.91676,1.9159899999999999,1.91643,1127,8,0
2024-05-02 07:20:00,1.91643,1.9165,1.91561,1.91607,1128,8,0
2024-05-02 07:25:00,1.91607,1.91657,1.91584,1.91656,1011,8,0
2024-05-02 07:30:00,1.91655,1.91656,1.9157,1.9160599999999999,1153,8,0
2024-05-02 07:35:00,1.9160599999999999,1.91615,1.91541,1.91541,1086,8,0
2024-05-02 07:40:00,1.9154200000000001,1.91595,1.91534,1.91574,1166,8,0
2024-05-02 07:45:00,1.91574,1.91601,1.91551,1.9158,1134,8,0
2024-05-02 07:50:00,1.9157899999999999,1.916,1.91528,1.91567,1069,8,0
2024-05-02 07:55:00,1.9156499999999999,1.9159199999999998,1.9155,1.9157199999999999,1275,8,0
2024-05-02 08:00:00,1.9157199999999999,1.91602,1.91507,1.91539,1267,8,0
2024-05-02 08:05:00,1.91539,1.9154499999999999,1.91404,1.91424,1060,8,0
2024-05-02 08:10:00,1.9142299999999999,1.91507,1.91414,1.91459,985,8,0
2024-05-02 08:15:00,1.91459,1.91466,1.91388,1.91441,899,8,0
2024-05-02 08:20:00,1.91439,1.91444,1.91367,1.91385,1014,8,0
2024-05-02 08:25:00,1.91385,1.91414,1.9133900000000001,1.91408,963,8,0
2024-05-02 08:30:00,1.91408,1.91499,1.9140700000000002,1.91498,908,8,0
2024-05-02 08:35:00,1.9149699999999998,1.915,1.91412,1.91437,953,8,0
2024-05-02 08:40:00,1.9143599999999998,1.9144,1.91344,1.91364,813,8,0
2024-05-02 08:45:00,1.91364,1.91413,1.91315,1.91413,793,8,0
2024-05-02 08:50:00,1.91413,1.9150399999999999,1.91412,1.91489,776,8,0
2024-05-02 08:55:00,1.91493,1.91551,1.9149,1.91526,771,8,0
2024-05-02 09:00:00,1.91526,1.91557,1.91485,1.9152200000000001,1114,8,0
2024-05-02 09:05:00,1.9152200000000001,1.91568,1.91498,1.91567,704,8,0
2024-05-02 09:10:00,1.91567,1.916,1.91527,1.9157600000000001,735,8,0
2024-05-02 09:15:00,1.9157600000000001,1.9161000000000001,1.91528,1.91528,828,8,0
2024-05-02 09:20:00,1.91528,1.91567,1.91466,1.91487,816,8,0
2024-05-02 09:25:00,1.91487,1.915,1.91435,1.91445,923,8,0
2024-05-02 09:30:00,1.91445,1.91456,1.9144,1.91451,170,8,0
2024-05-02 10:50:00,1.9180199999999998,1.9181300000000001,1.91799,1.91811,75,8,0
2024-05-02 10:55:00,1.91811,1.91838,1.9177499999999998,1.91788,753,8,0
2024-05-02 11:00:00,1.91788,1.9179300000000001,1.91718,1.9173,875,8,0
2024-05-02 11:05:00,1.9173,1.91767,1.91717,1.91756,757,8,0
2024-05-02 11:10:00,1.91756,1.91763,1.9173,1.91749,678,8,0
2024-05-02 11:15:00,1.91749,1.91787,1.91736,1.91768,575,8,0
2024-05-02 11:20:00,1.91767,1.9182299999999999,1.9175499999999999,1.91783,838,8,0
2024-05-02 11:25:00,1.91783,1.91787,1.9172799999999999,1.9174099999999998,756,8,0
2024-05-02 11:30:00,1.9174099999999998,1.91745,1.91686,1.9169100000000001,969,8,0
2024-05-02 11:35:00,1.9169100000000001,1.91723,1.91663,1.91717,940,8,0
2024-05-02 11:40:00,1.91717,1.91737,1.9169800000000001,1.91707,830,8,0
2024-05-02 11:45:00,1.91707,1.91727,1.91676,1.91692,974,8,0
2024-05-02 11:50:00,1.91692,1.91706,1.91609,1.91616,800,8,0
2024-05-02 11:55:00,1.91616,1.91676,1.91607,1.9165999999999999,922,8,0
2024-05-02 12:00:00,1.9165999999999999,1.9167100000000001,1.91586,1.91587,1042,8,0
2024-05-02 12:05:00,1.91587,1.91608,1.91525,1.91557,1184,8,0
2024-05-02 12:10:00,1.9155600000000002,1.91573,1.91493,1.91506,1126,8,0
2024-05-02 12:15:00,1.91507,1.9153099999999998,1.91458,1.91514,1138,8,0
2024-05-02 12:20:00,1.91514,1.91567,1.9151,1.9154,1212,8,0
2024-05-02 12:25:00,1.9154,1.91566,1.9151099999999999,1.91547,945,8,0
2024-05-02 12:30:00,1.91528,1.91595,1.91491,1.91566,1646,8,0
2024-05-02 12:35:00,1.91566,1.91601,1.91493,1.9154200000000001,1423,8,0
2024-05-02 12:40:00,1.91544,1.91546,1.91498,1.91526,1287,8,0
2024-05-02 12:45:00,1.91527,1.91548,1.9148399999999999,1.9149500000000002,1227,8,0
2024-05-02 12:50:00,1.9149500000000002,1.9153,1.91469,1.91521,1311,8,0
2024-05-02 12:55:00,1.91521,1.9167,1.9152,1.91666,1635,8,0
2024-05-02 13:00:00,1.91666,1.91666,1.91566,1.91578,1742,8,0
2024-05-02 13:05:00,1.91577,1.91618,1.91555,1.91562,1366,8,0
2024-05-02 13:10:00,1.9156,1.9159199999999998,1.91535,1.91564,1341,8,0
2024-05-02 13:15:00,1.91564,1.91564,1.91507,1.91526,1408,8,0
2024-05-02 13:20:00,1.91525,1.9153099999999998,1.91438,1.91445,1271,8,0
2024-05-02 13:25:00,1.91445,1.91456,1.91368,1.91387,1395,8,0
2024-05-02 13:30:00,1.91385,1.9144,1.91368,1.91433,2042,8,0
2024-05-02 13:35:00,1.9143400000000002,1.9144999999999999,1.91381,1.91397,1774,8,0
2024-05-02 13:40:00,1.91397,1.91482,1.91361,1.9142299999999999,1616,8,0
2024-05-02 13:45:00,1.91422,1.9146999999999998,1.9138899999999999,1.91428,1691,8,0
2024-05-02 13:50:00,1.91428,1.91482,1.91422,1.91431,1628,8,0
2024-05-02 13:55:00,1.9143,1.91483,1.9142700000000001,1.91439,1291,8,0
2024-05-02 14:00:00,1.9143599999999998,1.91492,1.9135499999999999,1.9136,1843,8,0
2024-05-02 14:05:00,1.9136,1.91426,1.9135499999999999,1.91425,1561,8,0
2024-05-02 14:10:00,1.91424,1.91425,1.91323,1.91364,1701,8,0
2024-05-02 14:15:00,1.91364,1.91378,1.91223,1.91235,1725,8,0
2024-05-02 14:20:00,1.91235,1.91289,1.91193,1.91201,1675,8,0
2024-05-02 14:25:00,1.912,1.91208,1.911,1.9114200000000001,1516,8,0
2024-05-02 14:30:00,1.9114200000000001,1.9118,1.91112,1.91146,1387,8,0
2024-05-02 14:35:00,1.91146,1.91194,1.91121,1.91185,1584,8,0
2024-05-02 14:40:00,1.91185,1.91193,1.91072,1.911,1650,8,0
2024-05-02 14:45:00,1.911,1.9116,1.90999,1.91003,1515,8,0
2024-05-02 14:50:00,1.91003,1.91032,1.90965,1.91002,1665,8,0
2024-05-02 14:55:00,1.9100000000000001,1.91059,1.90983,1.9103599999999998,1702,8,0
2024-05-02 15:00:00,1.9103599999999998,1.9111799999999999,1.91002,1.91067,1531,8,0
2024-05-02 15:05:00,1.91067,1.9112200000000001,1.91062,1.91073,1308,8,0
2024-05-02 15:10:00,1.91073,1.91083,1.91046,1.91064,1362,8,0
2024-05-02 15:15:00,1.91064,1.91072,1.9102999999999999,1.91064,1289,8,0
2024-05-02 15:20:00,1.91065,1.91132,1.91051,1.911,1298,8,0
2024-05-02 15:25:00,1.911,1.91103,1.91008,1.9101599999999999,1050,8,0
2024-05-02 15:30:00,1.91015,1.91072,1.90981,1.9106800000000002,1153,8,0
2024-05-02 15:35:00,1.9106800000000002,1.9108800000000001,1.90998,1.9103599999999998,1294,8,0
2024-05-02 15:40:00,1.91035,1.91044,1.90968,1.9102299999999999,1392,8,0
2024-05-02 15:45:00,1.9102299999999999,1.91112,1.9102299999999999,1.91078,1026,8,0
2024-05-02 15:50:00,1.91078,1.9108800000000001,1.91012,1.91014,932,8,0
2024-05-02 15:55:00,1.91015,1.91048,1.90987,1.91038,897,8,0
2024-05-02 16:00:00,1.91038,1.9109500000000001,1.91031,1.9108800000000001,832,8,0
2024-05-02 16:05:00,1.9108800000000001,1.91096,1.91026,1.91048,957,8,0
2024-05-02 16:10:00,1.91048,1.9108100000000001,1.91032,1.91038,777,8,0
2024-05-02 16:15:00,1.91038,1.9110200000000002,1.9101599999999999,1.9108800000000001,865,8,0
2024-05-02 16:20:00,1.9109,1.91106,1.91072,1.91099,1023,8,0
2024-05-02 16:25:00,1.91099,1.91133,1.91052,1.91053,826,8,0
2024-05-02 16:30:00,1.91052,1.91062,1.91003,1.9101,800,8,0
2024-05-02 16:35:00,1.91008,1.91018,1.90968,1.91006,941,8,0
2024-05-02 16:40:00,1.91006,1.9101599999999999,1.90947,1.90961,780,8,0
2024-05-02 16:45:00,1.90961,1.90961,1.90882,1.9088699999999998,691,8,0
2024-05-02 16:50:00,1.90888,1.9090500000000001,1.9085800000000002,1.9089399999999999,1068,8,0
2024-05-02 16:55:00,1.90895,1.90929,1.90861,1.9087399999999999,970,8,0
2024-05-02 17:00:00,1.9087399999999999,1.9091,1.90848,1.90902,854,8,0
2024-05-02 17:05:00,1.90902,1.9093900000000001,1.9088699999999998,1.90917,565,8,0
2024-05-02 17:10:00,1.90917,1.9093,1.90879,1.90886,555,8,0
2024-05-02 17:15:00,1.90886,1.9089800000000001,1.90857,1.90895,650,8,0
2024-05-02 17:20:00,1.90895,1.90909,1.90819,1.90828,721,8,0
2024-05-02 17:25:00,1.90828,1.90841,1.90809,1.90825,778,8,0
2024-05-02 17:30:00,1.90825,1.9087800000000001,1.90819,1.90873,680,8,0
2024-05-02 17:35:00,1.9087,1.90909,1.90863,1.90904,516,8,0
2024-05-02 17:40:00,1.90904,1.90911,1.9085999999999999,1.9085999999999999,629,8,0
2024-05-02 17:45:00,1.9085999999999999,1.90896,1.90849,1.90886,1001,8,0
2024-05-02 17:50:00,1.90886,1.9089399999999999,1.90849,1.90865,824,8,0
2024-05-02 17:55:00,1.9086400000000001,1.90866,1.90816,1.90843,854,8,0
2024-05-02 18:00:00,1.90842,1.9084699999999999,1.9081299999999999,1.90819,799,8,0
2024-05-02 18:05:00,1.90819,1.90823,1.90784,1.90785,855,8,0
2024-05-02 18:10:00,1.90785,1.90789,1.90743,1.9077,785,8,0
2024-05-02 18:15:00,1.90769,1.9079199999999998,1.90751,1.90781,854,8,0
2024-05-02 18:20:00,1.90781,1.90821,1.9077899999999999,1.90809,848,8,0
2024-05-02 18:25:00,1.90809,1.90821,1.90781,1.90785,1046,8,0
2024-05-02 18:30:00,1.90785,1.90795,1.90761,1.90771,962,8,0
2024-05-02 18:35:00,1.90771,1.90784,1.90753,1.9076499999999998,891,8,0
2024-05-02 18:40:00,1.9076499999999998,1.90822,1.90751,1.90802,894,8,0
2024-05-02 18:45:00,1.9080300000000001,1.90823,1.90761,1.9076499999999998,986,8,0
2024-05-02 18:50:00,1.9076499999999998,1.90782,1.90757,1.9076300000000002,928,8,0
2024-05-02 18:55:00,1.9076300000000002,1.90778,1.90737,1.90746,1102,8,0
2024-05-02 19:00:00,1.90746,1.90812,1.90741,1.908,823,8,0
2024-05-02 19:05:00,1.90801,1.90815,1.90774,1.90787,667,8,0
2024-05-02 19:10:00,1.90787,1.90818,1.90767,1.90807,741,8,0
2024-05-02 19:15:00,1.90807,1.90822,1.90769,1.90812,815,8,0
2024-05-02 19:20:00,1.90812,1.90855,1.9081000000000001,1.9083,688,8,0
2024-05-02 19:25:00,1.90829,1.90872,1.90829,1.90859,686,8,0
2024-05-02 19:30:00,1.90859,1.90902,1.90857,1.90896,879,8,0
2024-05-02 19:35:00,1.90896,1.90917,1.90886,1.9089800000000001,957,8,0
2024-05-02 19:40:00,1.9089800000000001,1.90954,1.90888,1.90954,952,8,0
2024-05-02 19:45:00,1.90954,1.9100000000000001,1.90937,1.90971,898,8,0
2024-05-02 19:50:00,1.90971,1.9098899999999999,1.90957,1.90976,1012,8,0
2024-05-02 19:55:00,1.90976,1.9098000000000002,1.90937,1.9093900000000001,952,8,0
2024-05-02 20:00:00,1.9093900000000001,1.90971,1.9093,1.90965,459,8,0
2024-05-02 20:05:00,1.90965,1.90988,1.90963,1.90981,231,8,0
2024-05-02 20:10:00,1.90981,1.90997,1.90965,1.90971,361,8,0
2024-05-02 20:15:00,1.90971,1.90978,1.90956,1.90964,380,8,0
2024-05-02 20:20:00,1.90965,1.90992,1.90963,1.90991,170,8,0
2024-05-02 20:25:00,1.90991,1.91005,1.9098600000000001,1.9099300000000001,365,8,0
2024-05-02 20:30:00,1.90994,1.90994,1.90944,1.90949,562,8,0
2024-05-02 20:35:00,1.90949,1.9095,1.9093,1.9093499999999999,264,8,0
2024-05-02 20:40:00,1.9093499999999999,1.9094799999999998,1.90924,1.90929,297,8,0
2024-05-02 20:45:00,1.90929,1.90933,1.90907,1.90918,287,8,0
2024-05-02 20:50:00,1.90918,1.90938,1.90918,1.90926,204,8,0
2024-05-02 20:55:00,1.90926,1.90934,1.90891,1.90902,273,8,0
2024-05-02 21:00:00,1.90902,1.90902,1.9064,1.9077899999999999,27,34,0
2024-05-02 21:05:00,1.9077899999999999,1.9089,1.90761,1.90828,113,116,0
2024-05-02 21:10:00,1.90828,1.9089399999999999,1.90821,1.9089399999999999,140,47,0
2024-05-02 21:15:00,1.9089399999999999,1.9096600000000001,1.90767,1.9079899999999999,176,44,0
2024-05-02 21:20:00,1.90796,1.9085999999999999,1.90771,1.90852,176,34,0
2024-05-02 21:25:00,1.9085100000000002,1.90854,1.90728,1.90771,214,96,0
2024-05-02 21:30:00,1.90773,1.90815,1.90721,1.90726,142,124,0
2024-05-02 21:35:00,1.90726,1.90881,1.90726,1.90866,133,98,0
2024-05-02 21:40:00,1.90866,1.90923,1.90857,1.90866,126,30,0
2024-05-02 21:45:00,1.9086699999999999,1.9092799999999999,1.90821,1.90891,124,36,0
2024-05-02 21:50:00,1.9089,1.9091,1.9080599999999999,1.90839,167,55,0
2024-05-02 21:55:00,1.90839,1.90886,1.9082,1.90846,108,33,0
2024-05-02 22:00:00,1.90846,1.90918,1.90842,1.90904,163,8,0
2024-05-02 22:05:00,1.9090500000000001,1.90911,1.90895,1.9090799999999999,49,8,0
2024-05-02 22:10:00,1.9090799999999999,1.9090799999999999,1.9087100000000001,1.90889,87,8,0
2024-05-02 22:15:00,1.90889,1.90903,1.90863,1.90903,145,8,0
2024-05-02 22:20:00,1.90903,1.90911,1.909,1.90907,88,8,0
2024-05-02 22:25:00,1.90907,1.9093,1.90899,1.90915,163,8,0
2024-05-02 22:30:00,1.90915,1.90927,1.9090099999999999,1.90907,160,8,0
2024-05-02 22:35:00,1.90907,1.9092500000000001,1.90902,1.90902,162,8,0
2024-05-02 22:40:00,1.90902,1.90907,1.9085999999999999,1.9085999999999999,182,8,0
2024-05-02 22:45:00,1.9085999999999999,1.9087399999999999,1.90842,1.90868,162,8,0
2024-05-02 22:50:00,1.90868,1.90868,1.90827,1.90835,94,8,0
2024-05-02 22:55:00,1.90835,1.90862,1.90815,1.9085999999999999,155,8,0
2024-05-02 23:00:00,1.9085999999999999,1.90865,1.90839,1.9085999999999999,266,8,0
2024-05-02 23:05:00,1.9085999999999999,1.90873,1.9080599999999999,1.90809,225,8,0
2024-05-02 23:10:00,1.90809,1.90823,1.9078,1.9078,330,8,0
2024-05-02 23:15:00,1.9078,1.90801,1.9077199999999999,1.90796,281,8,0
2024-05-02 23:20:00,1.9079700000000002,1.90798,1.90753,1.9075600000000001,464,8,0
2024-05-02 23:25:00,1.9076,1.90823,1.90758,1.90821,209,8,0
2024-05-02 23:30:00,1.90821,1.90821,1.90796,1.9079700000000002,254,8,0
2024-05-02 23:35:00,1.9079700000000002,1.90808,1.90767,1.90804,246,8,0
2024-05-02 23:40:00,1.90804,1.9083,1.90796,1.90805,264,8,0
2024-05-02 23:45:00,1.90805,1.90828,1.90786,1.9081299999999999,387,8,0
2024-05-02 23:50:00,1.9081299999999999,1.9082400000000002,1.90781,1.90796,319,8,0
2024-05-02 23:55:00,1.90796,1.90863,1.90796,1.9085100000000002,490,8,0
2024-05-03 00:00:00,1.9085100000000002,1.9085100000000002,1.90766,1.90811,1002,8,0
2024-05-03 00:05:00,1.9081000000000001,1.9090099999999999,1.90801,1.90873,698,8,0
2024-05-03 00:10:00,1.9087399999999999,1.90909,1.90865,1.909,773,8,0
2024-05-03 00:15:00,1.9090099999999999,1.9090799999999999,1.90868,1.90902,766,8,0
2024-05-03 00:20:00,1.90902,1.90902,1.9082599999999998,1.90841,516,8,0
2024-05-03 00:25:00,1.90841,1.90882,1.9083299999999999,1.90862,615,8,0
2024-05-03 00:30:00,1.90861,1.90881,1.9084699999999999,1.9085800000000002,501,8,0
2024-05-03 00:35:00,1.9085800000000002,1.9085800000000002,1.90744,1.9077199999999999,474,8,0
2024-05-03 00:40:00,1.90773,1.90781,1.9072200000000001,1.90726,532,8,0
2024-05-03 00:45:00,1.90726,1.90737,1.90678,1.90708,570,8,0
2024-05-03 00:50:00,1.90708,1.9071500000000001,1.9066,1.9069,778,8,0
2024-05-03 00:55:00,1.9069,1.90698,1.9066100000000001,1.9066999999999998,592,8,0
2024-05-03 01:00:00,1.9066999999999998,1.90712,1.90653,1.90706,764,8,0
2024-05-03 01:05:00,1.90706,1.90733,1.90699,1.9070399999999998,673,8,0
2024-05-03 01:10:00,1.90703,1.90743,1.90693,1.90727,571,8,0
2024-05-03 01:15:00,1.90727,1.90747,1.9068,1.90712,886,8,0
2024-05-03 01:20:00,1.90712,1.90732,1.90655,1.90728,783,8,0
2024-05-03 01:25:00,1.90728,1.90753,1.9071500000000001,1.9074499999999999,801,8,0
2024-05-03 01:30:00,1.9074499999999999,1.90766,1.9066100000000001,1.90716,1220,8,0
2024-05-03 01:35:00,1.90716,1.9077600000000001,1.9064,1.90764,1282,8,0
2024-05-03 01:40:00,1.90764,1.9083999999999999,1.90727,1.90735,1092,8,0
2024-05-03 01:45:00,1.9074200000000001,1.9077199999999999,1.90693,1.90723,1176,8,0
2024-05-03 01:50:00,1.90724,1.90758,1.9070200000000002,1.90743,1251,8,0
2024-05-03 01:55:00,1.90743,1.90809,1.90737,1.90802,835,8,0
2024-05-03 02:00:00,1.90804,1.90875,1.9080300000000001,1.9085299999999998,846,8,0
2024-05-03 02:05:00,1.9085299999999998,1.90884,1.90801,1.9082,646,8,0
2024-05-03 02:10:00,1.9082,1.90857,1.90809,1.90842,555,8,0
2024-05-03 02:15:00,1.90843,1.9085299999999998,1.9082,1.90827,717,8,0
2024-05-03 02:20:00,1.90827,1.90918,1.90809,1.9091200000000002,684,8,0
2024-05-03 02:25:00,1.9091200000000002,1.90923,1.90873,1.90892,669,8,0
2024-05-03 02:30:00,1.90892,1.90895,1.90834,1.90843,596,8,0
2024-05-03 02:35:00,1.90843,1.90857,1.90816,1.90819,579,8,0
2024-05-03 02:40:00,1.90819,1.9085299999999998,1.90793,1.9085100000000002,505,8,0
2024-05-03 02:45:00,1.9085299999999998,1.90904,1.9084699999999999,1.9089399999999999,696,8,0
2024-05-03 02:50:00,1.9089399999999999,1.90922,1.90863,1.90868,597,8,0
2024-05-03 02:55:00,1.90868,1.9088,1.90849,1.90854,644,8,0
2024-05-03 03:00:00,1.90854,1.90875,1.90822,1.90849,544,8,0
2024-05-03 03:05:00,1.90849,1.90883,1.90828,1.9086699999999999,443,8,0
2024-05-03 03:10:00,1.9086699999999999,1.9090099999999999,1.90863,1.90889,544,8,0
2024-05-03 03:15:00,1.90889,1.90942,1.90863,1.90937,649,8,0
2024-05-03 03:20:00,1.90937,1.9096899999999999,1.90903,1.9093900000000001,646,8,0
2024-05-03 03:25:00,1.9093900000000001,1.90951,1.90904,1.9093200000000001,429,8,0
2024-05-03 03:30:00,1.9093200000000001,1.90968,1.90918,1.90952,532,8,0
2024-05-03 03:35:00,1.90952,1.90954,1.9088500000000002,1.9088699999999998,384,8,0
2024-05-03 03:40:00,1.9088699999999998,1.9088699999999998,1.90845,1.9085999999999999,518,8,0
2024-05-03 03:45:00,1.9085999999999999,1.9089399999999999,1.90856,1.9088500000000002,372,8,0
2024-05-03 03:50:00,1.9088500000000002,1.90916,1.90872,1.90896,493,8,0
2024-05-03 03:55:00,1.90896,1.90902,1.90879,1.90893,433,8,0
2024-05-03 04:00:00,1.90893,1.9092099999999999,1.90884,1.9092099999999999,373,8,0
2024-05-03 04:05:00,1.9092099999999999,1.90934,1.90875,1.90879,282,8,0
2024-05-03 04:10:00,1.9088,1.9090500000000001,1.9087399999999999,1.90903,214,8,0
2024-05-03 04:15:00,1.90903,1.90931,1.90884,1.9092799999999999,356,8,0
2024-05-03 04:20:00,1.9092799999999999,1.90965,1.90917,1.9096199999999999,331,8,0
2024-05-03 04:25:00,1.9096199999999999,1.90991,1.90961,1.90968,397,8,0
2024-05-03 04:30:00,1.90968,1.90977,1.90937,1.90937,367,8,0
2024-05-03 04:35:00,1.90937,1.90947,1.9091200000000002,1.9092799999999999,418,8,0
2024-05-03 04:40:00,1.90927,1.90933,1.90895,1.90895,359,8,0
2024-05-03 04:45:00,1.90896,1.90902,1.9084699999999999,1.9085,424,8,0
2024-05-03 04:50:00,1.9085,1.90854,1.90831,1.90831,242,8,0
2024-05-03 04:55:00,1.90832,1.9088500000000002,1.90831,1.9087100000000001,301,8,0
2024-05-03 05:00:00,1.9087100000000001,1.90892,1.90827,1.90829,449,8,0
2024-05-03 05:05:00,1.90829,1.90856,1.90778,1.90829,459,8,0
2024-05-03 05:10:00,1.9083,1.90879,1.90827,1.90839,376,8,0
2024-05-03 05:15:00,1.90839,1.9085100000000002,1.90816,1.90849,302,8,0
2024-05-03 05:20:00,1.90849,1.90849,1.90755,1.90757,445,8,0
2024-05-03 05:25:00,1.90757,1.90805,1.90757,1.908,367,8,0
2024-05-03 05:30:00,1.9079899999999999,1.90814,1.90712,1.90719,485,8,0
2024-05-03 05:35:00,1.90719,1.90747,1.90698,1.9070399999999998,502,8,0
2024-05-03 05:40:00,1.9070399999999998,1.90724,1.90686,1.90689,376,8,0
2024-05-03 05:45:00,1.90689,1.90771,1.90682,1.90751,541,8,0
2024-05-03 05:50:00,1.90751,1.90795,1.90744,1.90788,472,8,0
2024-05-03 05:55:00,1.90788,1.90788,1.90737,1.90757,480,8,0
2024-05-03 06:00:00,1.9075600000000001,1.90849,1.9075600000000001,1.9082599999999998,944,8,0
2024-05-03 06:05:00,1.9082599999999998,1.9085299999999998,1.90808,1.90821,792,8,0
2024-05-03 06:10:00,1.90821,1.90831,1.90775,1.90831,732,8,0
2024-05-03 06:15:00,1.90831,1.90911,1.9082,1.90896,779,8,0
2024-05-03 06:20:00,1.90896,1.90944,1.9086400000000001,1.9087,760,8,0
2024-05-03 06:25:00,1.9087,1.9094799999999998,1.9085999999999999,1.90917,891,8,0
2024-05-03 06:30:00,1.90918,1.9092099999999999,1.90814,1.9084400000000001,746,8,0
2024-05-03 06:35:00,1.90843,1.90846,1.90789,1.90829,673,8,0
2024-05-03 06:40:00,1.90829,1.90852,1.9078300000000001,1.9079199999999998,693,8,0
2024-05-03 06:45:00,1.9079199999999998,1.90821,1.90782,1.90793,783,8,0
2024-05-03 06:50:00,1.90793,1.9087100000000001,1.9079199999999998,1.90857,732,8,0
2024-05-03 06:55:00,1.90857,1.9091399999999998,1.9085100000000002,1.90865,913,8,0
2024-05-03 07:00:00,1.90863,1.90889,1.90822,1.9086400000000001,1167,8,0
2024-05-03 07:05:00,1.90865,1.90865,1.90818,1.90854,1010,8,0
2024-05-03 07:10:00,1.90854,1.9087,1.90812,1.90823,980,8,0
2024-05-03 07:15:00,1.90823,1.9091,1.90823,1.90895,786,8,0
2024-05-03 07:20:00,1.9089800000000001,1.90931,1.90881,1.90917,884,8,0
2024-05-03 07:25:00,1.9092,1.9093200000000001,1.9087399999999999,1.90924,827,8,0
2024-05-03 07:30:00,1.90923,1.90926,1.90872,1.9089800000000001,693,8,0
2024-05-03 07:35:00,1.90895,1.9092099999999999,1.9085299999999998,1.9085800000000002,923,8,0
2024-05-03 07:40:00,1.9085800000000002,1.90881,1.90823,1.90875,827,8,0
2024-05-03 07:45:00,1.90875,1.90886,1.9082400000000002,1.90839,820,8,0
2024-05-03 07:50:00,1.9083700000000001,1.90838,1.9078300000000001,1.9081000000000001,668,8,0
2024-05-03 07:55:00,1.90809,1.9084699999999999,1.908,1.9083999999999999,911,8,0
2024-05-03 08:00:00,1.90839,1.90875,1.90795,1.9083700000000001,1034,8,0
2024-05-03 08:05:00,1.9083700000000001,1.90917,1.9083,1.90903,976,8,0
2024-05-03 08:10:00,1.90903,1.90927,1.90884,1.90904,872,8,0
2024-05-03 08:15:00,1.90904,1.9091,1.90865,1.90888,846,8,0
2024-05-03 08:20:00,1.90888,1.9091200000000002,1.90845,1.90861,742,8,0
2024-05-03 08:25:00,1.90862,1.90896,1.9084400000000001,1.90852,668,8,0
2024-05-03 08:30:00,1.90852,1.90947,1.90852,1.90936,786,8,0
2024-05-03 08:35:00,1.90936,1.9094799999999998,1.90922,1.90931,814,8,0
2024-05-03 08:40:00,1.9093,1.90942,1.9089,1.9089800000000001,675,8,0
2024-05-03 08:45:00,1.9089800000000001,1.90902,1.90827,1.9083999999999999,647,8,0
2024-05-03 08:50:00,1.9083999999999999,1.90846,1.9077600000000001,1.90796,1012,8,0
2024-05-03 08:55:00,1.90795,1.90821,1.90758,1.90804,823,8,0
2024-05-03 09:00:00,1.90804,1.90857,1.90804,1.9083700000000001,871,8,0
2024-05-03 09:05:00,1.9083700000000001,1.9085,1.90769,1.9077600000000001,867,8,0
2024-05-03 09:10:00,1.9077600000000001,1.9083999999999999,1.90773,1.90793,780,8,0
2024-05-03 09:15:00,1.90793,1.9087,1.90793,1.9085299999999998,763,8,0
2024-05-03 09:20:00,1.90848,1.90886,1.90841,1.90876,626,8,0
2024-05-03 09:25:00,1.90877,1.90896,1.90856,1.9087100000000001,569,8,0
2024-05-03 09:30:00,1.9087100000000001,1.90891,1.90832,1.90835,590,8,0
2024-05-03 09:35:00,1.90835,1.9088699999999998,1.90823,1.9087,698,8,0
2024-05-03 09:40:00,1.9087,1.9088,1.90852,1.90852,492,8,0
2024-05-03 09:45:00,1.90852,1.90862,1.9082599999999998,1.90861,531,8,0
2024-05-03 09:50:00,1.90861,1.90877,1.90836,1.90856,587,8,0
2024-05-03 09:55:00,1.90856,1.90868,1.90815,1.90816,756,8,0
2024-05-03 10:00:00,1.90816,1.90828,1.9076,1.90821,907,8,0
2024-05-03 10:05:00,1.90821,1.9085800000000002,1.90774,1.90782,800,8,0
2024-05-03 10:10:00,1.90782,1.90811,1.90778,1.90784,762,8,0
2024-05-03 10:15:00,1.90785,1.90793,1.90744,1.90744,652,8,0
2024-05-03 10:20:00,1.90744,1.90764,1.90708,1.9073600000000002,677,8,0
2024-05-03 10:25:00,1.9073600000000002,1.90751,1.9071799999999999,1.9072,638,8,0
2024-05-03 10:30:00,1.9072,1.9073600000000002,1.9069,1.90733,551,8,0
2024-05-03 10:35:00,1.90735,1.90755,1.90725,1.9075,419,8,0
2024-05-03 10:40:00,1.9075,1.90757,1.90716,1.90723,546,8,0
2024-05-03 10:45:00,1.90724,1.90762,1.90698,1.90761,504,8,0
2024-05-03 10:50:00,1.90762,1.90773,1.9073600000000002,1.90743,503,8,0
2024-05-03 10:55:00,1.90743,1.90777,1.90716,1.90741,717,8,0
2024-05-03 11:00:00,1.90741,1.9083700000000001,1.90735,1.90805,746,8,0
2024-05-03 11:05:00,1.90805,1.90814,1.90712,1.90768,780,8,0
2024-05-03 11:10:00,1.90768,1.90768,1.90703,1.90719,704,8,0
2024-05-03 11:15:00,1.90719,1.90724,1.90687,1.90714,516,8,0
2024-05-03 11:20:00,1.90714,1.9073099999999998,1.90686,1.90699,661,8,0
2024-05-03 11:25:00,1.90699,1.90732,1.90671,1.9071,757,8,0
2024-05-03 11:30:00,1.9071,1.90739,1.90703,1.90708,552,8,0
2024-05-03 11:35:00,1.90708,1.90769,1.90708,1.90744,554,8,0
2024-05-03 11:40:00,1.90744,1.90747,1.90696,1.90721,677,8,0
2024-05-03 11:45:00,1.90721,1.90789,1.90697,1.9077899999999999,720,8,0
2024-05-03 11:50:00,1.9078,1.9084699999999999,1.90775,1.90811,744,8,0
2024-05-03 11:55:00,1.90811,1.9084699999999999,1.9078300000000001,1.90785,761,8,0
2024-05-03 12:00:00,1.90786,1.90808,1.90759,1.90795,1027,8,0
2024-05-03 12:05:00,1.90794,1.9085100000000002,1.90794,1.90836,858,8,0
2024-05-03 12:10:00,1.9083700000000001,1.9087100000000001,1.9080300000000001,1.9082,856,8,0
2024-05-03 12:15:00,1.9082,1.90841,1.9079199999999998,1.9082599999999998,959,8,0
2024-05-03 12:20:00,1.90827,1.9085299999999998,1.908,1.9082,1205,8,0
2024-05-03 12:25:00,1.9082,1.9087800000000001,1.908,1.9087800000000001,912,8,0
2024-05-03 12:30:00,1.9078300000000001,1.90808,1.90157,1.9020299999999999,2410,8,0
2024-05-03 12:35:00,1.9020299999999999,1.9020899999999998,1.8991,1.89975,2578,8,0
2024-05-03 12:40:00,1.89975,1.9018000000000002,1.89959,1.9010799999999999,2784,8,0
2024-05-03 12:45:00,1.9010799999999999,1.90176,1.9005,1.9009,2559,8,0
2024-05-03 12:50:00,1.9009200000000002,1.9010500000000001,1.89885,1.89896,2402,8,0
2024-05-03 12:55:00,1.89894,1.8992499999999999,1.89792,1.8992,2102,8,0
2024-05-03 13:00:00,1.8992,1.90012,1.89889,1.89947,2184,8,0
2024-05-03 13:05:00,1.8995,1.90008,1.89906,1.8992900000000001,2020,8,0
2024-05-03 13:10:00,1.8992900000000001,1.89953,1.8974600000000001,1.89747,1945,8,0
2024-05-03 13:15:00,1.89741,1.89856,1.89693,1.8979599999999999,2096,8,0
2024-05-03 13:20:00,1.89794,1.89867,1.89748,1.89751,1726,8,0
2024-05-03 13:25:00,1.8975300000000002,1.8978199999999998,1.8962599999999998,1.89643,1762,8,0
2024-05-03 13:30:00,1.89643,1.89765,1.89557,1.8974199999999999,2676,8,0
2024-05-03 13:35:00,1.8974199999999999,1.89776,1.89696,1.8970799999999999,2130,8,0
2024-05-03 13:40:00,1.8970799999999999,1.89714,1.89607,1.8963700000000001,1687,8,0
2024-05-03 13:45:00,1.89628,1.89759,1.89621,1.89693,2133,8,0
2024-05-03 13:50:00,1.89696,1.89734,1.8963299999999998,1.89672,1954,8,0
2024-05-03 13:55:00,1.89672,1.897,1.89605,1.8967,1545,8,0
2024-05-03 14:00:00,1.8963299999999998,1.89756,1.89467,1.8968699999999998,2680,8,0
2024-05-03 14:05:00,1.89689,1.89702,1.89581,1.89605,2628,8,0
2024-05-03 14:10:00,1.8960599999999999,1.89757,1.89602,1.89691,2680,8,0
2024-05-03 14:15:00,1.8969200000000002,1.89757,1.89661,1.89734,1984,8,0
2024-05-03 14:20:00,1.89734,1.8979599999999999,1.8972,1.89752,2107,8,0
2024-05-03 14:25:00,1.89752,1.8984,1.89752,1.89774,2105,8,0
2024-05-03 14:30:00,1.89774,1.89804,1.8971,1.89798,2292,8,0
2024-05-03 14:35:00,1.89797,1.89838,1.89741,1.89833,1861,8,0
2024-05-03 14:40:00,1.89832,1.8989,1.8977300000000001,1.89777,2087,8,0
2024-05-03 14:45:00,1.8977300000000001,1.8981,1.8972799999999999,1.8973,1854,8,0
2024-05-03 14:50:00,1.89729,1.8973900000000001,1.89649,1.89702,1810,8,0
2024-05-03 14:55:00,1.89702,1.8980700000000001,1.89665,1.8980700000000001,1784,8,0
2024-05-03 15:00:00,1.8980700000000001,1.89905,1.89797,1.89859,1806,8,0
2024-05-03 15:05:00,1.89859,1.89898,1.89813,1.89872,1777,8,0
2024-05-03 15:10:00,1.89872,1.89885,1.89776,1.89787,1651,8,0
2024-05-03 15:15:00,1.89787,1.89792,1.89723,1.8973,1327,8,0
2024-05-03 15:20:00,1.89731,1.8978899999999999,1.8969399999999998,1.8977300000000001,1506,8,0
2024-05-03 15:25:00,1.89771,1.89806,1.89738,1.89772,1241,8,0
2024-05-03 15:30:00,1.89772,1.89811,1.89763,1.89785,1131,8,0
2024-05-03 15:35:00,1.89786,1.89787,1.897,1.8971200000000001,1090,8,0
2024-05-03 15:40:00,1.89711,1.89783,1.89711,1.89775,1236,8,0
2024-05-03 15:45:00,1.89776,1.89781,1.89726,1.89749,1304,8,0
2024-05-03 15:50:00,1.8975,1.89763,1.8968500000000001,1.89707,1150,8,0
2024-05-03 15:55:00,1.89706,1.89715,1.8964400000000001,1.8970099999999999,1043,8,0
2024-05-03 16:00:00,1.89699,1.89706,1.8963,1.89648,1176,8,0
2024-05-03 16:05:00,1.89648,1.89673,1.89595,1.89646,1012,8,0
2024-05-03 16:10:00,1.89646,1.89749,1.89641,1.8974,827,8,0
2024-05-03 16:15:00,1.8973900000000001,1.8975499999999998,1.89717,1.8973,954,8,0
2024-05-03 16:20:00,1.8973,1.89744,1.89668,1.89741,1106,8,0
2024-05-03 16:25:00,1.89741,1.89741,1.89684,1.8969200000000002,969,8,0
2024-05-03 16:30:00,1.89691,1.89713,1.8967399999999999,1.8971,1036,8,0
2024-05-03 16:35:00,1.89709,1.89714,1.89662,1.89662,687,8,0
2024-05-03 16:40:00,1.89662,1.8967800000000001,1.89648,1.89664,796,8,0
2024-05-03 16:45:00,1.89664,1.89711,1.8963700000000001,1.89698,748,8,0
2024-05-03 16:50:00,1.89698,1.89734,1.89679,1.89731,843,8,0
2024-05-03 16:55:00,1.89731,1.8973499999999999,1.89699,1.89711,752,8,0
2024-05-03 17:00:00,1.89711,1.8974600000000001,1.8968,1.89743,790,8,0
2024-05-03 17:05:00,1.89743,1.89784,1.89743,1.89775,592,8,0
2024-05-03 17:10:00,1.89776,1.89779,1.8975300000000002,1.89757,677,8,0
2024-05-03 17:15:00,1.89757,1.89818,1.8974600000000001,1.8980700000000001,656,8,0
2024-05-03 17:20:00,1.89808,1.89856,1.89804,1.89828,817,8,0
2024-05-03 17:25:00,1.89828,1.89847,1.89794,1.89805,773,8,0
2024-05-03 17:30:00,1.89805,1.8982,1.89787,1.89795,839,8,0
2024-05-03 17:35:00,1.89795,1.89804,1.89772,1.89779,550,8,0
2024-05-03 17:40:00,1.89779,1.89785,1.89743,1.8975,579,8,0
2024-05-03 17:45:00,1.89749,1.89759,1.89716,1.89734,534,8,0
2024-05-03 17:50:00,1.8973499999999999,1.8973900000000001,1.89703,1.89707,579,8,0
2024-05-03 17:55:00,1.89707,1.8973900000000001,1.8969399999999998,1.897,899,8,0
2024-05-03 18:00:00,1.897,1.89704,1.89661,1.8969200000000002,682,8,0
2024-05-03 18:05:00,1.8969200000000002,1.8973,1.8968500000000001,1.8973,657,8,0
2024-05-03 18:10:00,1.8973,1.8975499999999998,1.89716,1.8974600000000001,658,8,0
2024-05-03 18:15:00,1.89747,1.89764,1.8973499999999999,1.89749,670,8,0
2024-05-03 18:20:00,1.89749,1.89757,1.89718,1.8971900000000002,570,8,0
2024-05-03 18:25:00,1.8971900000000002,1.8976600000000001,1.89718,1.89761,472,8,0
2024-05-03 18:30:00,1.89761,1.89775,1.89748,1.8975300000000002,562,8,0
2024-05-03 18:35:00,1.89754,1.89763,1.89738,1.8975300000000002,686,8,0
2024-05-03 18:40:00,1.8975300000000002,1.8978000000000002,1.8972799999999999,1.8978000000000002,759,8,0
2024-05-03 18:45:00,1.8978000000000002,1.8978000000000002,1.89707,1.89718,751,8,0
2024-05-03 18:50:00,1.89717,1.8975300000000002,1.89707,1.89748,583,8,0
2024-05-03 18:55:00,1.89748,1.89781,1.89734,1.89776,743,8,0
2024-05-03 19:00:00,1.89776,1.89792,1.89749,1.89759,523,8,0
2024-05-03 19:05:00,1.89759,1.8976600000000001,1.89733,1.89738,412,8,0
2024-05-03 19:10:00,1.89738,1.89758,1.89722,1.89724,521,8,0
2024-05-03 19:15:00,1.89723,1.8973900000000001,1.8970799999999999,1.8971900000000002,390,8,0
2024-05-03 19:20:00,1.8971900000000002,1.89759,1.8971,1.89748,364,8,0
2024-05-03 19:25:00,1.89748,1.89778,1.89748,1.8976600000000001,353,8,0
2024-05-03 19:30:00,1.89765,1.89787,1.8974600000000001,1.89786,376,8,0
2024-05-03 19:35:00,1.89786,1.89797,1.89752,1.89758,430,8,0
2024-05-03 19:40:00,1.89758,1.89777,1.8974600000000001,1.89772,414,8,0
2024-05-03 19:45:00,1.89772,1.8980000000000001,1.89761,1.8980000000000001,403,8,0
2024-05-03 19:50:00,1.8980000000000001,1.89801,1.89763,1.89772,508,8,0
2024-05-03 19:55:00,1.89772,1.89788,1.89751,1.89776,801,8,0
2024-05-03 20:00:00,1.89776,1.8979599999999999,1.89765,1.89785,293,8,0
2024-05-03 20:05:00,1.89785,1.89805,1.89785,1.89792,196,8,0
2024-05-03 20:10:00,1.89792,1.8979300000000001,1.89776,1.8978000000000002,186,8,0
2024-05-03 20:15:00,1.8978000000000002,1.8978199999999998,1.89767,1.89778,171,8,0
2024-05-03 20:20:00,1.89778,1.8978899999999999,1.89772,1.89787,251,8,0
2024-05-03 20:25:00,1.89787,1.8978899999999999,1.89765,1.89779,237,8,0
2024-05-03 20:30:00,1.89779,1.89791,1.89768,1.8978899999999999,196,8,0
2024-05-03 20:35:00,1.8978899999999999,1.8980299999999999,1.89788,1.8979300000000001,158,8,0
2024-05-03 20:40:00,1.89795,1.8982700000000001,1.89792,1.89824,135,8,0
2024-05-03 20:45:00,1.89825,1.89837,1.8982,1.89822,241,8,0
2024-05-03 20:50:00,1.89822,1.8984299999999998,1.8979300000000001,1.8979599999999999,235,8,0
2024-05-05 21:05:00,1.8932799999999999,1.89726,1.89322,1.89726,71,205,0
2024-05-05 21:10:00,1.89726,1.89737,1.89666,1.8970799999999999,31,132,0
2024-05-05 21:15:00,1.8970799999999999,1.89717,1.89664,1.89664,20,142,0
2024-05-05 21:20:00,1.89664,1.8968699999999998,1.89652,1.8968699999999998,19,112,0
2024-05-05 21:25:00,1.8968699999999998,1.89874,1.8968699999999998,1.89798,78,82,0
2024-05-05 21:30:00,1.89798,1.89809,1.89744,1.89809,47,109,0
2024-05-05 21:35:00,1.89806,1.89835,1.89704,1.89802,77,51,0
2024-05-05 21:40:00,1.89802,1.89828,1.89777,1.89798,64,46,0
2024-05-05 21:45:00,1.89798,1.89828,1.89787,1.89813,43,40,0
2024-05-05 21:50:00,1.89813,1.89819,1.8969,1.8977,67,47,0
2024-05-05 21:55:00,1.89756,1.89881,1.89756,1.8981400000000002,90,42,0
2024-05-05 22:00:00,1.8981400000000002,1.89817,1.89756,1.89791,213,8,0
2024-05-05 22:05:00,1.89791,1.8983400000000001,1.89791,1.89815,119,8,0
2024-05-05 22:10:00,1.89813,1.89825,1.89809,1.8982299999999999,80,8,0
2024-05-05 22:15:00,1.89822,1.89879,1.89822,1.89852,112,8,0
2024-05-05 22:20:00,1.89849,1.89852,1.89833,1.89833,73,8,0
2024-05-05 22:25:00,1.89833,1.8986100000000001,1.89833,1.8984299999999998,157,8,0
2024-05-05 22:30:00,1.8984299999999998,1.89847,1.89759,1.89761,258,8,0
2024-05-05 22:35:00,1.89761,1.8979,1.89743,1.89752,179,8,0
2024-05-05 22:40:00,1.89752,1.89784,1.8974600000000001,1.89764,178,8,0
2024-05-05 22:45:00,1.89764,1.8976600000000001,1.8974600000000001,1.89754,92,8,0
2024-05-05 22:50:00,1.89754,1.89754,1.89727,1.89736,82,8,0
2024-05-05 22:55:00,1.89736,1.89737,1.8972099999999998,1.89727,85,8,0
2024-05-05 23:00:00,1.89727,1.8973,1.897,1.89724,163,8,0
2024-05-05 23:05:00,1.89723,1.89745,1.8971,1.89713,207,8,0
2024-05-05 23:10:00,1.8971200000000001,1.89743,1.89688,1.89738,277,8,0
2024-05-05 23:15:00,1.89738,1.89765,1.89718,1.89722,295,8,0
2024-05-05 23:20:00,1.89722,1.8973499999999999,1.8971,1.89725,315,8,0
2024-05-05 23:25:00,1.89723,1.89731,1.89709,1.89718,163,8,0
2024-05-05 23:30:00,1.89718,1.8977,1.89707,1.8974199999999999,399,8,0
2024-05-05 23:35:00,1.89741,1.89759,1.8971900000000002,1.89759,571,8,0
2024-05-05 23:40:00,1.89759,1.8977300000000001,1.89741,1.89744,501,8,0
2024-05-05 23:45:00,1.89744,1.89767,1.8972799999999999,1.89749,529,8,0
2024-05-05 23:50:00,1.89749,1.89768,1.89697,1.8976600000000001,572,8,0
2024-05-05 23:55:00,1.8976600000000001,1.89775,1.89731,1.89761,653,8,0
2024-05-06 00:00:00,1.89761,1.8977300000000001,1.8970099999999999,1.89716,869,8,0
2024-05-06 00:05:00,1.89718,1.8973200000000001,1.8967399999999999,1.89697,722,8,0
2024-05-06 00:10:00,1.89697,1.8973200000000001,1.89689,1.8972,619,8,0
2024-05-06 00:15:00,1.8972,1.89809,1.89717,1.8979300000000001,501,8,0
2024-05-06 00:20:00,1.8979300000000001,1.89866,1.89777,1.8986399999999999,585,8,0
2024-05-06 00:25:00,1.89865,1.89886,1.89819,1.8982700000000001,563,8,0
2024-05-06 00:30:00,1.8982700000000001,1.8986399999999999,1.89801,1.8984,520,8,0
2024-05-06 00:35:00,1.89839,1.89853,1.8978000000000002,1.8978000000000002,566,8,0
2024-05-06 00:40:00,1.8978000000000002,1.89785,1.89736,1.8975499999999998,522,8,0
2024-05-06 00:45:00,1.8975499999999998,1.8976899999999999,1.8972799999999999,1.89734,501,8,0
2024-05-06 00:50:00,1.8973499999999999,1.89737,1.8967399999999999,1.89686,644,8,0
2024-05-06 00:55:00,1.89686,1.89703,1.89672,1.89682,764,8,0
2024-05-06 01:00:00,1.89683,1.8972099999999998,1.89594,1.8959700000000002,1452,8,0
2024-05-06 01:05:00,1.8959700000000002,1.89659,1.8959000000000001,1.8962599999999998,849,8,0
2024-05-06 01:10:00,1.89629,1.8967,1.89603,1.8965800000000002,825,8,0
2024-05-06 01:15:00,1.89657,1.8973900000000001,1.89635,1.89736,1044,8,0
2024-05-06 01:20:00,1.89736,1.8974199999999999,1.8965800000000002,1.89669,930,8,0
2024-05-06 01:25:00,1.8967100000000001,1.89707,1.8965,1.89699,595,8,0
2024-05-06 01:30:00,1.897,1.89751,1.8969200000000002,1.8973200000000001,903,8,0
2024-05-06 01:35:00,1.8973200000000001,1.89733,1.89585,1.8962400000000001,766,8,0
2024-05-06 01:40:00,1.89623,1.8970500000000001,1.89612,1.89693,555,8,0
2024-05-06 01:45:00,1.8969200000000002,1.89747,1.89679,1.8973,562,8,0
2024-05-06 01:50:00,1.8973,1.8973,1.89664,1.89711,529,8,0
2024-05-06 01:55:00,1.89711,1.89711,1.8958,1.89604,662,8,0
2024-05-06 02:00:00,1.89604,1.89625,1.89581,1.89596,504,8,0
2024-05-06 02:05:00,1.89596,1.8963299999999998,1.89531,1.89533,680,8,0
2024-05-06 02:10:00,1.89532,1.89571,1.8948399999999999,1.8957000000000002,633,8,0
2024-05-06 02:15:00,1.8957000000000002,1.89573,1.89531,1.89539,301,8,0
2024-05-06 02:20:00,1.89539,1.89587,1.8952200000000001,1.89544,537,8,0
2024-05-06 02:25:00,1.89544,1.89595,1.89519,1.89582,495,8,0
2024-05-06 02:30:00,1.89582,1.89675,1.89582,1.89646,582,8,0
2024-05-06 02:35:00,1.89646,1.89677,1.89598,1.89602,495,8,0
2024-05-06 02:40:00,1.89602,1.8961999999999999,1.89575,1.89609,415,8,0
2024-05-06 02:45:00,1.89609,1.89641,1.89601,1.89635,448,8,0
2024-05-06 02:50:00,1.89635,1.89664,1.89612,1.89628,487,8,0
2024-05-06 02:55:00,1.89628,1.89653,1.89623,1.89628,508,8,0
2024-05-06 03:00:00,1.8963100000000002,1.8967100000000001,1.89584,1.89605,567,8,0
2024-05-06 03:05:00,1.89605,1.8961999999999999,1.8958300000000001,1.8961700000000001,499,8,0
2024-05-06 03:10:00,1.8961700000000001,1.89703,1.89611,1.89698,461,8,0
2024-05-06 03:15:00,1.89698,1.89704,1.89643,1.8968,486,8,0
2024-05-06 03:20:00,1.8968099999999999,1.89695,1.8964699999999999,1.8965800000000002,540,8,0
2024-05-06 03:25:00,1.8965800000000002,1.89714,1.8963999999999999,1.89709,556,8,0
2024-05-06 03:30:00,1.89709,1.89727,1.89682,1.89716,408,8,0
2024-05-06 03:35:00,1.89716,1.89718,1.89683,1.8968699999999998,458,8,0
2024-05-06 03:40:00,1.8968699999999998,1.89688,1.89661,1.89676,379,8,0
2024-05-06 03:45:00,1.89676,1.8969200000000002,1.8963999999999999,1.89643,386,8,0
2024-05-06 03:50:00,1.89643,1.89673,1.89629,1.89657,355,8,0
2024-05-06 03:55:00,1.89657,1.8967399999999999,1.89638,1.89673,392,8,0
2024-05-06 04:00:00,1.89673,1.89727,1.8965,1.8972,441,8,0
2024-05-06 04:05:00,1.8972099999999998,1.8974199999999999,1.8972,1.89725,280,8,0
2024-05-06 04:10:00,1.89726,1.89741,1.8971,1.89714,377,8,0
2024-05-06 04:15:00,1.89714,1.8973499999999999,1.897,1.89726,306,8,0
2024-05-06 04:20:00,1.89726,1.89733,1.8970799999999999,1.89725,322,8,0
2024-05-06 04:25:00,1.89725,1.89751,1.8971900000000002,1.89726,289,8,0
2024-05-06 04:30:00,1.89726,1.89734,1.89679,1.89679,364,8,0
2024-05-06 04:35:00,1.89679,1.89702,1.89677,1.89684,280,8,0
2024-05-06 04:40:00,1.89684,1.8973900000000001,1.8968099999999999,1.8973200000000001,268,8,0
2024-05-06 04:45:00,1.8973200000000001,1.8976199999999999,1.89722,1.8973900000000001,246,8,0
2024-05-06 04:50:00,1.8973900000000001,1.8973900000000001,1.89627,1.89639,343,8,0
2024-05-06 04:55:00,1.89638,1.89665,1.89625,1.89639,318,8,0
2024-05-06 05:00:00,1.89639,1.89646,1.89622,1.8963,496,8,0
2024-05-06 05:05:00,1.8963,1.89645,1.8960599999999999,1.89614,418,8,0
2024-05-06 05:10:00,1.89614,1.89652,1.89612,1.89623,474,8,0
2024-05-06 05:15:00,1.89623,1.89652,1.89603,1.89619,395,8,0
2024-05-06 05:20:00,1.89619,1.89665,1.89609,1.89648,369,8,0
2024-05-06 05:25:00,1.89648,1.8974,1.89646,1.89736,534,8,0
2024-05-06 05:30:00,1.8973499999999999,1.8973900000000001,1.897,1.89733,449,8,0
2024-05-06 05:35:00,1.89733,1.89747,1.8968,1.8970500000000001,495,8,0
2024-05-06 05:40:00,1.8970500000000001,1.89716,1.89643,1.89669,473,8,0
2024-05-06 05:45:00,1.89669,1.8968500000000001,1.89629,1.89656,457,8,0
2024-05-06 05:50:00,1.89655,1.8970099999999999,1.89641,1.897,394,8,0
2024-05-06 05:55:00,1.897,1.89724,1.8967100000000001,1.89722,389,8,0
2024-05-06 06:00:00,1.89724,1.89724,1.89676,1.8968,721,8,0
2024-05-06 06:05:00,1.8968,1.89695,1.89618,1.8962599999999998,500,8,0
2024-05-06 06:10:00,1.89625,1.8967,1.8960599999999999,1.89648,567,8,0
2024-05-06 06:15:00,1.89648,1.8967100000000001,1.8963700000000001,1.8965800000000002,402,8,0
2024-05-06 06:20:00,1.8965800000000002,1.8969399999999998,1.89632,1.89636,397,8,0
2024-05-06 06:25:00,1.89636,1.89642,1.896,1.89602,403,8,0
2024-05-06 06:30:00,1.89602,1.89622,1.89562,1.89587,766,8,0
2024-05-06 06:35:00,1.89587,1.89643,1.89585,1.8961700000000001,618,8,0
2024-05-06 06:40:00,1.8961700000000001,1.89636,1.8957899999999999,1.89636,580,8,0
2024-05-06 06:45:00,1.89636,1.8966699999999999,1.89635,1.89666,512,8,0
2024-05-06 06:50:00,1.89666,1.89673,1.8962599999999998,1.89641,546,8,0
2024-05-06 06:55:00,1.89641,1.8965800000000002,1.8961299999999999,1.89632,649,8,0
2024-05-06 07:00:00,1.89632,1.8965800000000002,1.89614,1.89652,650,8,0
2024-05-06 07:05:00,1.89652,1.89749,1.89625,1.89745,767,8,0
2024-05-06 07:10:00,1.8974199999999999,1.89776,1.8972099999999998,1.89747,720,8,0
2024-05-06 07:15:00,1.89747,1.89788,1.8974,1.89786,621,8,0
2024-05-06 07:20:00,1.89786,1.89787,1.89737,1.8975,510,8,0
2024-05-06 07:25:00,1.8975,1.89774,1.89676,1.8973,616,8,0
2024-05-06 07:30:00,1.8973,1.89775,1.89718,1.8976,650,8,0
2024-05-06 07:35:00,1.8976,1.8984100000000002,1.8976,1.8981599999999998,590,8,0
2024-05-06 07:40:00,1.89815,1.89824,1.89795,1.8979599999999999,672,8,0
2024-05-06 07:45:00,1.89797,1.89839,1.89731,1.89731,714,8,0
2024-05-06 07:50:00,1.89731,1.89765,1.8972099999999998,1.8975,731,8,0
2024-05-06 07:55:00,1.8975300000000002,1.8980700000000001,1.8975300000000002,1.89792,677,8,0
2024-05-06 08:00:00,1.8979300000000001,1.89862,1.89781,1.89797,885,8,0
2024-05-06 08:05:00,1.89797,1.89817,1.89731,1.8973200000000001,709,8,0
2024-05-06 08:10:00,1.8973200000000001,1.89749,1.897,1.89722,608,8,0
2024-05-06 08:15:00,1.89722,1.89788,1.89717,1.89779,707,8,0
2024-05-06 08:20:00,1.89779,1.8981599999999998,1.8976600000000001,1.8976600000000001,674,8,0
2024-05-06 08:25:00,1.8976600000000001,1.89771,1.89734,1.89763,629,8,0
2024-05-06 08:30:00,1.89763,1.8980000000000001,1.8974600000000001,1.89749,742,8,0
2024-05-06 08:35:00,1.89749,1.8978199999999998,1.89734,1.89754,793,8,0
2024-05-06 08:40:00,1.89754,1.8978199999999998,1.89749,1.89771,608,8,0
2024-05-06 08:45:00,1.89771,1.89847,1.89749,1.89837,639,8,0
2024-05-06 08:50:00,1.89837,1.89863,1.89821,1.8984299999999998,533,8,0
2024-05-06 08:55:00,1.89842,1.8985400000000001,1.89826,1.89826,709,8,0
2024-05-06 09:00:00,1.89826,1.89881,1.89813,1.8987500000000002,652,8,0
2024-05-06 09:05:00,1.89874,1.89901,1.8986800000000001,1.89898,362,8,0
2024-05-06 09:10:00,1.89898,1.89914,1.89885,1.89889,464,8,0
2024-05-06 09:15:00,1.89889,1.8991,1.89876,1.89892,557,8,0
2024-05-06 09:20:00,1.89892,1.89916,1.89882,1.8990200000000002,447,8,0
2024-05-06 09:25:00,1.8990200000000002,1.89909,1.89855,1.89856,539,8,0
2024-05-06 09:30:00,1.89856,1.89858,1.89819,1.8983400000000001,626,8,0
2024-05-06 09:35:00,1.8983400000000001,1.89851,1.89813,1.8984999999999999,357,8,0
2024-05-06 09:40:00,1.8984999999999999,1.8987,1.89839,1.8986800000000001,395,8,0
2024-05-06 09:45:00,1.89867,1.8987,1.89797,1.89804,539,8,0
2024-05-06 09:50:00,1.89804,1.89866,1.89799,1.89858,416,8,0
2024-05-06 09:55:00,1.89858,1.89867,1.89817,1.89822,645,8,0
2024-05-06 10:00:00,1.89822,1.89844,1.89808,1.89813,543,8,0
2024-05-06 10:05:00,1.89813,1.89831,1.8980700000000001,1.89818,532,8,0
2024-05-06 10:10:00,1.89818,1.8984999999999999,1.89815,1.89826,492,8,0
2024-05-06 10:15:00,1.89824,1.89838,1.89785,1.89786,503,8,0
2024-05-06 10:20:00,1.89786,1.89811,1.89771,1.89784,525,8,0
2024-05-06 10:25:00,1.89784,1.89791,1.8976199999999999,1.8976199999999999,471,8,0
2024-05-06 10:30:00,1.8976199999999999,1.8979599999999999,1.89761,1.89792,559,8,0
2024-05-06 10:35:00,1.89792,1.89799,1.8976199999999999,1.8977300000000001,453,8,0
2024-05-06 10:40:00,1.8977,1.8979300000000001,1.8975499999999998,1.89759,427,8,0
2024-05-06 10:45:00,1.89759,1.89763,1.89716,1.8974199999999999,474,8,0
2024-05-06 10:50:00,1.8974199999999999,1.89763,1.89726,1.89749,501,8,0
2024-05-06 10:55:00,1.8975,1.89779,1.89733,1.89777,548,8,0
2024-05-06 11:00:00,1.89777,1.89794,1.89764,1.89781,449,8,0
2024-05-06 11:05:00,1.89781,1.89784,1.8976,1.89767,429,8,0
2024-05-06 11:10:00,1.89767,1.8977,1.89738,1.89747,456,8,0
2024-05-06 11:15:00,1.89747,1.8975300000000002,1.89707,1.8973900000000001,414,8,0
2024-05-06 11:20:00,1.8973900000000001,1.89741,1.8972099999999998,1.8972799999999999,412,8,0
2024-05-06 11:25:00,1.8972799999999999,1.8974600000000001,1.8971,1.89725,455,8,0
2024-05-06 11:30:00,1.89725,1.89745,1.89711,1.89727,412,8,0
2024-05-06 11:35:00,1.89727,1.89741,1.89709,1.89711,418,8,0
2024-05-06 11:40:00,1.89711,1.8974,1.8970799999999999,1.8973,541,8,0
2024-05-06 11:45:00,1.89731,1.8975,1.89693,1.897,556,8,0
2024-05-06 11:50:00,1.897,1.89724,1.89688,1.89688,519,8,0
2024-05-06 11:55:00,1.89691,1.89717,1.89672,1.89677,614,8,0
2024-05-06 12:00:00,1.89679,1.8969399999999998,1.8965,1.89657,773,8,0
2024-05-06 12:05:00,1.89657,1.89682,1.89657,1.8966699999999999,828,8,0
2024-05-06 12:10:00,1.89666,1.89724,1.89665,1.89711,713,8,0
2024-05-06 12:15:00,1.89711,1.89727,1.89698,1.8970799999999999,674,8,0
2024-05-06 12:20:00,1.89707,1.89736,1.8969399999999998,1.8971,913,8,0
2024-05-06 12:25:00,1.8971,1.8973,1.89679,1.89724,906,8,0
2024-05-06 12:30:00,1.89724,1.8974600000000001,1.89699,1.8970500000000001,1044,8,0
2024-05-06 12:35:00,1.8970500000000001,1.89727,1.89669,1.8967,828,8,0
2024-05-06 12:40:00,1.8967100000000001,1.89713,1.8967,1.8969,764,8,0
2024-05-06 12:45:00,1.89691,1.89725,1.8968699999999998,1.89711,941,8,0
2024-05-06 12:50:00,1.8971200000000001,1.89776,1.8971200000000001,1.8976,1116,8,0
2024-05-06 12:55:00,1.89758,1.89797,1.89749,1.89791,705,8,0
2024-05-06 13:00:00,1.8978899999999999,1.8979,1.89761,1.8976899999999999,1029,8,0
2024-05-06 13:05:00,1.8976899999999999,1.8980700000000001,1.89764,1.89777,703,8,0
2024-05-06 13:10:00,1.89777,1.89791,1.89729,1.89777,911,8,0
2024-05-06 13:15:00,1.89777,1.89778,1.8973,1.8973200000000001,751,8,0
2024-05-06 13:20:00,1.8973200000000001,1.8976600000000001,1.89727,1.8974199999999999,740,8,0
2024-05-06 13:25:00,1.8974199999999999,1.89792,1.89737,1.89758,727,8,0
2024-05-06 13:30:00,1.89758,1.8978000000000002,1.89657,1.89664,1239,8,0
2024-05-06 13:35:00,1.89665,1.8971,1.8965800000000002,1.89676,1097,8,0
2024-05-06 13:40:00,1.89676,1.8970099999999999,1.89646,1.89682,973,8,0
2024-05-06 13:45:00,1.89682,1.89759,1.89669,1.89756,804,8,0
2024-05-06 13:50:00,1.89756,1.89784,1.89738,1.89758,775,8,0
2024-05-06 13:55:00,1.89758,1.89825,1.89751,1.8978899999999999,887,8,0
2024-05-06 14:00:00,1.8979,1.89795,1.89696,1.89727,1033,8,0
2024-05-06 14:05:00,1.89729,1.89768,1.89709,1.8975499999999998,871,8,0
2024-05-06 14:10:00,1.8975499999999998,1.89764,1.89646,1.89652,839,8,0
2024-05-06 14:15:00,1.89654,1.89689,1.8965100000000001,1.89684,786,8,0
2024-05-06 14:20:00,1.89686,1.89702,1.89653,1.8967,762,8,0
2024-05-06 14:25:00,1.8967,1.8968699999999998,1.89645,1.89682,774,8,0
2024-05-06 14:30:00,1.89683,1.89725,1.89672,1.89704,617,8,0
2024-05-06 14:35:00,1.89704,1.89727,1.8969,1.8971900000000002,500,8,0
2024-05-06 14:40:00,1.89718,1.8976,1.89703,1.89725,714,8,0
2024-05-06 14:45:00,1.89725,1.8975,1.89711,1.8973,729,8,0
2024-05-06 14:50:00,1.89734,1.89752,1.89713,1.8974600000000001,830,8,0
2024-05-06 14:55:00,1.89745,1.89821,1.8973900000000001,1.8981,1129,8,0
2024-05-06 15:00:00,1.8981,1.8983400000000001,1.89783,1.8980700000000001,1054,8,0
2024-05-06 15:05:00,1.89806,1.89815,1.89771,1.89798,628,8,0
2024-05-06 15:10:00,1.89798,1.8984,1.89798,1.8983400000000001,710,8,0
2024-05-06 15:15:00,1.89837,1.89852,1.89811,1.89839,557,8,0
2024-05-06 15:20:00,1.8984,1.89872,1.89831,1.8986399999999999,550,8,0
2024-05-06 15:25:00,1.89862,1.8989099999999999,1.89848,1.8987699999999998,396,8,0
2024-05-06 15:30:00,1.8987699999999998,1.89885,1.89835,1.89842,515,8,0
2024-05-06 15:35:00,1.89842,1.89879,1.89826,1.89867,743,8,0
2024-05-06 15:40:00,1.89867,1.89896,1.89851,1.8987500000000002,715,8,0
2024-05-06 15:45:00,1.8987500000000002,1.89887,1.8985400000000001,1.89876,551,8,0
2024-05-06 15:50:00,1.89876,1.89876,1.89845,1.89862,512,8,0
2024-05-06 15:55:00,1.89862,1.89874,1.89852,1.89859,588,8,0
2024-05-06 16:00:00,1.89859,1.8988,1.89835,1.8984,704,8,0
2024-05-06 16:05:00,1.8984100000000002,1.8986100000000001,1.89831,1.8983400000000001,613,8,0
2024-05-06 16:10:00,1.8983400000000001,1.89839,1.89799,1.89802,495,8,0
2024-05-06 16:15:00,1.8980299999999999,1.89804,1.8974,1.89745,514,8,0
2024-05-06 16:20:00,1.89745,1.89761,1.89676,1.89676,562,8,0
2024-05-06 16:25:00,1.89676,1.89689,1.89643,1.8965800000000002,457,8,0
2024-05-06 16:30:00,1.8965800000000002,1.89714,1.89656,1.89683,718,8,0
2024-05-06 16:35:00,1.89683,1.89691,1.8961700000000001,1.89632,807,8,0
2024-05-06 16:40:00,1.8963299999999998,1.89663,1.89614,1.89616,777,8,0
2024-05-06 16:45:00,1.89616,1.89657,1.89605,1.89632,772,8,0
2024-05-06 16:50:00,1.8963299999999998,1.8965100000000001,1.8959899999999998,1.89603,618,8,0
2024-05-06 16:55:00,1.89603,1.89609,1.89566,1.89591,483,8,0
2024-05-06 17:00:00,1.89591,1.8961700000000001,1.8957899999999999,1.8959000000000001,590,8,0
2024-05-06 17:05:00,1.8959000000000001,1.8963700000000001,1.89587,1.8963299999999998,459,8,0
2024-05-06 17:10:00,1.8963299999999998,1.8965,1.89623,1.89646,629,8,0
2024-05-06 17:15:00,1.8964699999999999,1.89673,1.89639,1.89673,587,8,0
2024-05-06 17:20:00,1.89673,1.89677,1.89657,1.89663,528,8,0
2024-05-06 17:25:00,1.89663,1.8967100000000001,1.89645,1.8965,609,8,0
2024-05-06 17:30:00,1.8965,1.89659,1.8961000000000001,1.89616,535,8,0
2024-05-06 17:35:00,1.89616,1.89623,1.89595,1.8961000000000001,454,8,0
2024-05-06 17:40:00,1.8961000000000001,1.89628,1.896,1.89615,492,8,0
2024-05-06 17:45:00,1.89615,1.8963299999999998,1.8958599999999999,1.8961000000000001,438,8,0
2024-05-06 17:50:00,1.89609,1.8961000000000001,1.89569,1.8957000000000002,386,8,0
2024-05-06 17:55:00,1.8957000000000002,1.8958599999999999,1.89558,1.89578,457,8,0
2024-05-06 18:00:00,1.8957899999999999,1.8958599999999999,1.8955,1.89567,488,8,0
2024-05-06 18:05:00,1.89568,1.89607,1.8956499999999998,1.89605,486,8,0
2024-05-06 18:10:00,1.89605,1.8961299999999999,1.89581,1.89588,586,8,0
2024-05-06 18:15:00,1.89588,1.89615,1.89585,1.89595,500,8,0
2024-05-06 18:20:00,1.89595,1.89611,1.8959000000000001,1.89595,462,8,0
2024-05-06 18:25:00,1.89595,1.89607,1.89585,1.896,403,8,0
2024-05-06 18:30:00,1.89598,1.8962400000000001,1.89593,1.89611,464,8,0
2024-05-06 18:35:00,1.89611,1.89648,1.89611,1.8963999999999999,492,8,0
2024-05-06 18:40:00,1.89641,1.8964400000000001,1.89622,1.89643,689,8,0
2024-05-06 18:45:00,1.8964400000000001,1.89657,1.89629,1.8965100000000001,695,8,0
2024-05-06 18:50:00,1.8965100000000001,1.89663,1.89642,1.8964400000000001,671,8,0
2024-05-06 18:55:00,1.89645,1.8967,1.89643,1.8965800000000002,618,8,0
2024-05-06 19:00:00,1.8965800000000002,1.89661,1.89645,1.89656,450,8,0
2024-05-06 19:05:00,1.89656,1.89662,1.8963299999999998,1.8965,472,8,0
2024-05-06 19:10:00,1.8965,1.89668,1.89645,1.89655,516,8,0
2024-05-06 19:15:00,1.89655,1.8968099999999999,1.89648,1.89661,590,8,0
2024-05-06 19:20:00,1.89661,1.89676,1.89656,1.89666,834,8,0
2024-05-06 19:25:00,1.89666,1.89691,1.89659,1.8969,461,8,0
2024-05-06 19:30:00,1.8969,1.8970500000000001,1.89679,1.8969,526,8,0
2024-05-06 19:35:00,1.8969,1.89702,1.89669,1.8968699999999998,523,8,0
2024-05-06 19:40:00,1.8968699999999998,1.897,1.8967100000000001,1.8969,689,8,0
2024-05-06 19:45:00,1.8969,1.89716,1.8969,1.8970500000000001,623,8,0
2024-05-06 19:50:00,1.8970500000000001,1.89716,1.89683,1.89688,849,8,0
2024-05-06 19:55:00,1.89688,1.89699,1.89669,1.8967399999999999,735,8,0
2024-05-06 20:00:00,1.8967399999999999,1.89688,1.89669,1.8967100000000001,443,8,0
2024-05-06 20:05:00,1.89672,1.8970099999999999,1.8967100000000001,1.8968699999999998,240,8,0
2024-05-06 20:10:00,1.8968699999999998,1.89703,1.8968699999999998,1.8970099999999999,171,8,0
2024-05-06 20:15:00,1.8970099999999999,1.89702,1.8967399999999999,1.89677,143,8,0
2024-05-06 20:20:00,1.89677,1.8967800000000001,1.89655,1.89663,128,8,0
2024-05-06 20:25:00,1.89663,1.8966699999999999,1.8965,1.89663,131,8,0
2024-05-06 20:30:00,1.89663,1.89693,1.89662,1.89677,112,8,0
2024-05-06 20:35:00,1.89677,1.8968,1.89638,1.8963999999999999,159,8,0
2024-05-06 20:40:00,1.8963999999999999,1.89648,1.89619,1.89634,180,8,0
2024-05-06 20:45:00,1.89634,1.8965100000000001,1.89596,1.89598,229,8,0
2024-05-06 20:50:00,1.8959700000000002,1.89604,1.8957600000000001,1.89596,176,8,0
2024-05-06 20:55:00,1.89596,1.89611,1.8957899999999999,1.896,199,8,0
2024-05-06 21:00:00,1.896,1.896,1.89409,1.89466,28,28,0
2024-05-06 21:05:00,1.89466,1.89609,1.89466,1.8959700000000002,65,180,0
2024-05-06 21:10:00,1.8959700000000002,1.89636,1.89543,1.89575,94,98,0
2024-05-06 21:15:00,1.89575,1.8963299999999998,1.8955600000000001,1.8963299999999998,98,101,0
2024-05-06 21:20:00,1.8963299999999998,1.8967399999999999,1.89595,1.89643,80,115,0
2024-05-06 21:25:00,1.89643,1.89645,1.89611,1.89619,37,92,0
2024-05-06 21:30:00,1.8962400000000001,1.8967,1.89618,1.89635,71,59,0
2024-05-06 21:35:00,1.8963100000000002,1.89669,1.89622,1.89653,124,46,0
2024-05-06 21:40:00,1.89653,1.89666,1.89616,1.89646,186,36,0
2024-05-06 21:45:00,1.89654,1.89654,1.89612,1.89636,153,35,0
2024-05-06 21:50:00,1.8963999999999999,1.89669,1.89598,1.8965,255,17,0
2024-05-06 21:55:00,1.8965,1.89659,1.89602,1.89639,236,15,0
2024-05-06 22:00:00,1.8963999999999999,1.89673,1.8961700000000001,1.89621,151,8,0
2024-05-06 22:05:00,1.89621,1.89627,1.89618,1.89623,33,10,0
2024-05-06 22:10:00,1.8962400000000001,1.89659,1.89621,1.89659,63,8,0
2024-05-06 22:15:00,1.89659,1.8966699999999999,1.8965100000000001,1.89664,92,8,0
2024-05-06 22:20:00,1.89665,1.89665,1.89636,1.89642,128,8,0
2024-05-06 22:25:00,1.89642,1.89648,1.89634,1.8964400000000001,81,8,0
2024-05-06 22:30:00,1.8964400000000001,1.89659,1.8963100000000002,1.8963700000000001,125,8,0
2024-05-06 22:35:00,1.8963700000000001,1.89646,1.89627,1.89645,107,8,0
2024-05-06 22:40:00,1.89645,1.89649,1.89632,1.8963999999999999,65,8,0
2024-05-06 22:45:00,1.8963999999999999,1.89643,1.89615,1.8961700000000001,115,8,0
2024-05-06 22:50:00,1.8961700000000001,1.8961700000000001,1.896,1.89602,74,8,0
2024-05-06 22:55:00,1.89603,1.89639,1.89603,1.89636,163,8,0
2024-05-06 23:00:00,1.89636,1.89642,1.89619,1.89634,1305,8,0
2024-05-06 23:05:00,1.89634,1.89666,1.89628,1.8965100000000001,440,8,0
2024-05-06 23:10:00,1.8965,1.89668,1.8963299999999998,1.89634,222,8,0
2024-05-06 23:15:00,1.89634,1.89638,1.8961299999999999,1.89636,226,8,0
2024-05-06 23:20:00,1.89636,1.8964400000000001,1.89625,1.89627,751,8,0
2024-05-06 23:25:00,1.89627,1.8963,1.89607,1.89627,442,8,0
2024-05-06 23:30:00,1.89627,1.8964400000000001,1.89619,1.89639,251,8,0
2024-05-06 23:35:00,1.89639,1.8963999999999999,1.89607,1.89612,313,8,0
2024-05-06 23:40:00,1.89612,1.89623,1.89604,1.8961000000000001,263,8,0
2024-05-06 23:45:00,1.8961000000000001,1.89629,1.89605,1.8961000000000001,227,8,0
2024-05-06 23:50:00,1.8961000000000001,1.8961700000000001,1.89557,1.89571,321,8,0
2024-05-06 23:55:00,1.89571,1.89625,1.89564,1.89614,391,8,0
2024-05-07 00:00:00,1.89612,1.8963100000000002,1.8952,1.8952,898,8,0
2024-05-07 00:05:00,1.8952,1.8954499999999999,1.89494,1.89506,632,8,0
2024-05-07 00:10:00,1.89506,1.89512,1.8944,1.89442,501,8,0
2024-05-07 00:15:00,1.89442,1.8949,1.8944,1.8944,584,8,0
2024-05-07 00:20:00,1.8944299999999998,1.8947,1.8941599999999998,1.8945400000000001,570,8,0
2024-05-07 00:25:00,1.89455,1.89458,1.8938899999999999,1.89408,567,8,0
2024-05-07 00:30:00,1.89405,1.89507,1.89401,1.89451,630,8,0
2024-05-07 00:35:00,1.89451,1.89452,1.8935300000000002,1.89395,646,8,0
2024-05-07 00:40:00,1.89395,1.89402,1.89336,1.8939599999999999,580,8,0
2024-05-07 00:45:00,1.8939599999999999,1.89438,1.8937300000000001,1.89428,649,8,0
2024-05-07 00:50:00,1.89429,1.89432,1.89291,1.8933200000000001,945,8,0
2024-05-07 00:55:00,1.89337,1.89337,1.89171,1.89304,1019,8,0
2024-05-07 01:00:00,1.8931,1.89316,1.89225,1.89311,1154,8,0
2024-05-07 01:05:00,1.89311,1.89331,1.89283,1.89283,747,8,0
2024-05-07 01:10:00,1.89283,1.89345,1.89259,1.893,853,8,0
2024-05-07 01:15:00,1.893,1.89348,1.89289,1.89347,873,8,0
2024-05-07 01:20:00,1.89348,1.89399,1.8931200000000001,1.8936199999999999,820,8,0
2024-05-07 01:25:00,1.8936199999999999,1.89417,1.89354,1.8941,824,8,0
2024-05-07 01:30:00,1.89408,1.89478,1.89386,1.8946,1007,8,0
2024-05-07 01:35:00,1.8946,1.89505,1.8943400000000001,1.89493,745,8,0
2024-05-07 01:40:00,1.89493,1.89526,1.8945699999999999,1.8951799999999999,917,8,0
2024-05-07 01:45:00,1.8951799999999999,1.8962599999999998,1.89494,1.89564,896,8,0
2024-05-07 01:50:00,1.89564,1.8959000000000001,1.89516,1.89564,853,8,0
2024-05-07 01:55:00,1.8956300000000001,1.8958,1.8953600000000002,1.89547,663,8,0
2024-05-07 02:00:00,1.89548,1.89616,1.89539,1.89605,867,8,0
2024-05-07 02:05:00,1.89605,1.8963,1.89575,1.89581,651,8,0
2024-05-07 02:10:00,1.89582,1.89627,1.89568,1.8958599999999999,683,8,0
2024-05-07 02:15:00,1.8958599999999999,1.89661,1.89581,1.89652,739,8,0
2024-05-07 02:20:00,1.8964699999999999,1.8965100000000001,1.8955199999999999,1.8955899999999999,794,8,0
2024-05-07 02:25:00,1.89558,1.89568,1.8953600000000002,1.89566,672,8,0
2024-05-07 02:30:00,1.8956499999999998,1.89612,1.8955899999999999,1.89575,699,8,0
2024-05-07 02:35:00,1.89574,1.89594,1.89551,1.89575,662,8,0
2024-05-07 02:40:00,1.89574,1.89642,1.89571,1.8963,614,8,0
2024-05-07 02:45:00,1.8963,1.8963,1.89526,1.89551,371,8,0
2024-05-07 02:50:00,1.8955199999999999,1.89608,1.89547,1.89605,445,8,0
2024-05-07 02:55:00,1.89605,1.8963299999999998,1.8957600000000001,1.8960599999999999,713,8,0
2024-05-07 03:00:00,1.8960599999999999,1.8960599999999999,1.89547,1.89557,539,8,0
2024-05-07 03:05:00,1.89557,1.89568,1.89537,1.89561,491,8,0
2024-05-07 03:10:00,1.89561,1.89561,1.89508,1.8950900000000002,442,8,0
2024-05-07 03:15:00,1.8950900000000002,1.89512,1.89478,1.89493,389,8,0
2024-05-07 03:20:00,1.89493,1.8950200000000001,1.89473,1.8949500000000001,402,8,0
2024-05-07 03:25:00,1.8949500000000001,1.895,1.89474,1.89481,489,8,0
2024-05-07 03:30:00,1.89481,1.8948800000000001,1.89431,1.8944800000000002,467,8,0
2024-05-07 03:35:00,1.8944800000000002,1.89478,1.89439,1.89472,365,8,0
2024-05-07 03:40:00,1.89472,1.89489,1.8946,1.8948,457,8,0
2024-05-07 03:45:00,1.89481,1.8950200000000001,1.89453,1.89489,529,8,0
2024-05-07 03:50:00,1.89489,1.89489,1.89444,1.89458,389,8,0
2024-05-07 03:55:00,1.8945699999999999,1.8945699999999999,1.89413,1.8942299999999999,398,8,0
2024-05-07 04:00:00,1.8942299999999999,1.89442,1.8940299999999999,1.8944100000000001,413,8,0
2024-05-07 04:05:00,1.8944100000000001,1.8944100000000001,1.89404,1.8941400000000002,415,8,0
2024-05-07 04:10:00,1.8941400000000002,1.89417,1.89391,1.89391,311,8,0
2024-05-07 04:15:00,1.89391,1.89432,1.89378,1.89419,365,8,0
2024-05-07 04:20:00,1.89419,1.8945699999999999,1.89419,1.8944100000000001,354,8,0
2024-05-07 04:25:00,1.8944,1.89517,1.8943400000000001,1.8948800000000001,411,8,0
2024-05-07 04:30:00,1.8948800000000001,1.9009,1.89485,1.89865,1416,8,0
2024-05-07 04:35:00,1.89866,1.9008099999999999,1.89859,1.9007800000000001,1022,8,0
2024-05-07 04:40:00,1.90077,1.9022299999999999,1.9003100000000002,1.9013499999999999,1103,8,0
2024-05-07 04:45:00,1.90136,1.90226,1.90115,1.90149,795,8,0
2024-05-07 04:50:00,1.90149,1.9018199999999998,1.9,1.90003,756,8,0
2024-05-07 04:55:00,1.90003,1.90025,1.89954,1.89966,720,8,0
2024-05-07 05:00:00,1.89966,1.9005800000000002,1.8996300000000002,1.90056,644,8,0
2024-05-07 05:05:00,1.90056,1.9007399999999999,1.89981,1.89994,499,8,0
2024-05-07 05:10:00,1.89994,1.90055,1.89977,1.89992,513,8,0
2024-05-07 05:15:00,1.89992,1.9000599999999999,1.899,1.89921,581,8,0
2024-05-07 05:20:00,1.89921,1.8993,1.89873,1.89893,502,8,0
2024-05-07 05:25:00,1.89893,1.89926,1.8984100000000002,1.8984100000000002,514,8,0
2024-05-07 05:30:00,1.8984,1.89998,1.89838,1.89998,759,8,0
2024-05-07 05:35:00,1.89998,1.90042,1.89935,1.89941,709,8,0
2024-05-07 05:40:00,1.89941,1.90053,1.8994,1.90025,856,8,0
2024-05-07 05:45:00,1.90025,1.90028,1.8996,1.90014,567,8,0
2024-05-07 05:50:00,1.90014,1.9005100000000001,1.89954,1.90004,659,8,0
2024-05-07 05:55:00,1.90004,1.90068,1.89962,1.89967,883,8,0
2024-05-07 06:00:00,1.89969,1.90212,1.89937,1.90204,1097,8,0
2024-05-07 06:05:00,1.90204,1.9030399999999998,1.90191,1.90297,771,8,0
2024-05-07 06:10:00,1.90297,1.90359,1.90222,1.90222,859,8,0
2024-05-07 06:15:00,1.90229,1.9027500000000002,1.90205,1.9027500000000002,630,8,0
2024-05-07 06:20:00,1.9027500000000002,1.9032200000000001,1.90248,1.90303,719,8,0
2024-05-07 06:25:00,1.9030399999999998,1.90364,1.90298,1.90328,815,8,0
2024-05-07 06:30:00,1.90328,1.9037199999999999,1.90307,1.90371,920,8,0
2024-05-07 06:35:00,1.90371,1.90371,1.9022700000000001,1.90248,776,8,0
2024-05-07 06:40:00,1.90249,1.90299,1.9022000000000001,1.90287,856,8,0
2024-05-07 06:45:00,1.90289,1.90292,1.90215,1.90285,737,8,0
2024-05-07 06:50:00,1.90285,1.90296,1.9022999999999999,1.90235,658,8,0
2024-05-07 06:55:00,1.90235,1.90323,1.90228,1.90307,686,8,0
2024-05-07 07:00:00,1.90307,1.90312,1.90192,1.90198,853,8,0
2024-05-07 07:05:00,1.90199,1.90232,1.9014799999999998,1.90194,937,8,0
2024-05-07 07:10:00,1.90194,1.90232,1.9010799999999999,1.90125,1084,8,0
2024-05-07 07:15:00,1.90124,1.90186,1.9012099999999998,1.9014600000000002,806,8,0
2024-05-07 07:20:00,1.9014600000000002,1.90147,1.9005800000000002,1.90061,904,8,0
2024-05-07 07:25:00,1.90061,1.90066,1.9002400000000002,1.90027,870,8,0
2024-05-07 07:30:00,1.90027,1.9005999999999998,1.9001000000000001,1.90054,826,8,0
2024-05-07 07:35:00,1.90054,1.9008,1.90034,1.90055,785,8,0
2024-05-07 07:40:00,1.90052,1.90066,1.90002,1.90027,743,8,0
2024-05-07 07:45:00,1.90027,1.90035,1.8998599999999999,1.8998599999999999,581,8,0
2024-05-07 07:50:00,1.8998599999999999,1.89994,1.89914,1.89994,824,8,0
2024-05-07 07:55:00,1.89994,1.90003,1.89927,1.8992900000000001,817,8,0
2024-05-07 08:00:00,1.8992900000000001,1.89967,1.89899,1.89946,945,8,0
2024-05-07 08:05:00,1.89946,1.90055,1.8993799999999998,1.9005100000000001,902,8,0
2024-05-07 08:10:00,1.90052,1.9009800000000001,1.90028,1.90093,642,8,0
2024-05-07 08:15:00,1.9009200000000002,1.90109,1.89998,1.90035,800,8,0
2024-05-07 08:20:00,1.90035,1.9003999999999999,1.90001,1.9001700000000001,744,8,0
2024-05-07 08:25:00,1.9001700000000001,1.9003999999999999,1.90012,1.90027,409,8,0
2024-05-07 08:30:00,1.90027,1.9005,1.89964,1.90001,593,8,0
2024-05-07 08:35:00,1.90001,1.9003299999999999,1.89985,1.89989,534,8,0
2024-05-07 08:40:00,1.89989,1.9000599999999999,1.89958,1.89966,502,8,0
2024-05-07 08:45:00,1.89966,1.8997199999999999,1.89919,1.89968,656,8,0
2024-05-07 08:50:00,1.89968,1.9001299999999999,1.8996,1.9000599999999999,726,8,0
2024-05-07 08:55:00,1.90007,1.90035,1.8997000000000002,1.89996,488,8,0
2024-05-07 09:00:00,1.89996,1.90009,1.8993799999999998,1.89993,583,8,0
2024-05-07 09:05:00,1.89992,1.90097,1.89988,1.9009399999999999,626,8,0
2024-05-07 09:10:00,1.9009399999999999,1.90106,1.9002599999999998,1.90049,681,8,0
2024-05-07 09:15:00,1.90049,1.9007,1.9001000000000001,1.90063,612,8,0
2024-05-07 09:20:00,1.90063,1.9007399999999999,1.90036,1.90049,589,8,0
2024-05-07 09:25:00,1.90049,1.9009800000000001,1.9003700000000001,1.90075,533,8,0
2024-05-07 09:30:00,1.90075,1.9011,1.90065,1.9007100000000001,642,8,0
2024-05-07 09:35:00,1.9007100000000001,1.9011200000000001,1.90056,1.90104,592,8,0
2024-05-07 09:40:00,1.90109,1.90184,1.90104,1.9013900000000001,641,8,0
2024-05-07 09:45:00,1.9013900000000001,1.90176,1.90126,1.9015,648,8,0
2024-05-07 09:50:00,1.90151,1.9015900000000001,1.90102,1.90113,522,8,0
2024-05-07 09:55:00,1.90113,1.90168,1.90102,1.90104,699,8,0
2024-05-07 10:00:00,1.90104,1.90104,1.9001700000000001,1.90027,750,8,0
2024-05-07 10:05:00,1.90027,1.90035,1.89931,1.89935,624,8,0
2024-05-07 10:10:00,1.89935,1.8995199999999999,1.89897,1.8991,625,8,0
2024-05-07 10:15:00,1.8991,1.89935,1.8989,1.8989099999999999,499,8,0
2024-05-07 10:20:00,1.8989099999999999,1.89917,1.89878,1.89913,510,8,0
2024-05-07 10:25:00,1.89913,1.8994499999999999,1.89886,1.89896,582,8,0
2024-05-07 10:30:00,1.89896,1.89975,1.89896,1.8996499999999998,647,8,0
2024-05-07 10:35:00,1.8996499999999998,1.9002599999999998,1.89958,1.8998300000000001,584,8,0
2024-05-07 10:40:00,1.89982,1.89984,1.89937,1.89942,511,8,0
2024-05-07 10:45:00,1.89942,1.89954,1.89924,1.89944,598,8,0
2024-05-07 10:50:00,1.89944,1.89961,1.89905,1.8991,586,8,0
2024-05-07 10:55:00,1.8991099999999999,1.89935,1.8989500000000001,1.89909,583,8,0
2024-05-07 11:00:00,1.89909,1.89914,1.8981,1.89847,791,8,0
2024-05-07 11:05:00,1.89847,1.8986800000000001,1.89802,1.8982700000000001,586,8,0
2024-05-07 11:10:00,1.8982700000000001,1.89876,1.8982700000000001,1.89837,632,8,0
2024-05-07 11:15:00,1.89837,1.89863,1.89812,1.8984299999999998,717,8,0
2024-05-07 11:20:00,1.8984299999999998,1.89879,1.89831,1.89863,565,8,0
2024-05-07 11:25:00,1.89863,1.8987,1.89812,1.8982,576,8,0
2024-05-07 11:30:00,1.8982,1.89829,1.89806,1.89806,605,8,0
2024-05-07 11:35:00,1.8980700000000001,1.89842,1.89801,1.8982299999999999,564,8,0
2024-05-07 11:40:00,1.89824,1.89874,1.8981,1.89865,662,8,0
2024-05-07 11:45:00,1.89866,1.89894,1.89848,1.89879,529,8,0
2024-05-07 11:50:00,1.89879,1.89912,1.89871,1.89903,594,8,0
2024-05-07 11:55:00,1.89903,1.89935,1.8989099999999999,1.89928,620,8,0
2024-05-07 12:00:00,1.89928,1.89943,1.8991099999999999,1.89914,929,8,0
2024-05-07 12:05:00,1.89914,1.89943,1.89881,1.89924,731,8,0
2024-05-07 12:10:00,1.89924,1.89933,1.89883,1.89932,689,8,0
2024-05-07 12:15:00,1.89932,1.8994,1.89908,1.89908,529,8,0
2024-05-07 12:20:00,1.89908,1.8992900000000001,1.8985400000000001,1.89856,706,8,0
2024-05-07 12:25:00,1.89856,1.89856,1.89777,1.89781,736,8,0
2024-05-07 12:30:00,1.8978199999999998,1.8979300000000001,1.89741,1.89745,797,8,0
2024-05-07 12:35:00,1.89745,1.89772,1.89696,1.89704,694,8,0
2024-05-07 12:40:00,1.8970500000000001,1.8971,1.89666,1.8968500000000001,839,8,0
2024-05-07 12:45:00,1.89686,1.89715,1.89653,1.89686,749,8,0
2024-05-07 12:50:00,1.89689,1.89695,1.8965,1.8965100000000001,805,8,0
2024-05-07 12:55:00,1.8965100000000001,1.8968,1.89614,1.89661,1179,8,0
2024-05-07 13:00:00,1.89661,1.89691,1.89609,1.89622,1118,8,0
2024-05-07 13:05:00,1.8961999999999999,1.8963700000000001,1.89593,1.8961000000000001,1017,8,0
2024-05-07 13:10:00,1.8961000000000001,1.89641,1.8956499999999998,1.8962599999999998,976,8,0
2024-05-07 13:15:00,1.89627,1.8965100000000001,1.89608,1.89635,956,8,0
2024-05-07 13:20:00,1.89635,1.8967800000000001,1.89635,1.8967800000000001,833,8,0
2024-05-07 13:25:00,1.89679,1.89749,1.8967800000000001,1.89747,820,8,0
2024-05-07 13:30:00,1.8974600000000001,1.89812,1.8974600000000001,1.8981,1218,8,0
2024-05-07 13:35:00,1.8981,1.8984100000000002,1.89788,1.89802,1054,8,0
2024-05-07 13:40:00,1.8980000000000001,1.89802,1.89709,1.8972,1120,8,0
2024-05-07 13:45:00,1.8972,1.89824,1.8972,1.8981599999999998,997,8,0
2024-05-07 13:50:00,1.8981599999999998,1.8982299999999999,1.89758,1.89765,989,8,0
2024-05-07 13:55:00,1.89764,1.89829,1.89734,1.89817,1066,8,0
2024-05-07 14:00:00,1.89817,1.89826,1.89709,1.89727,859,8,0
2024-05-07 14:05:00,1.89727,1.89733,1.89666,1.89669,924,8,0
2024-05-07 14:10:00,1.89669,1.89725,1.8965100000000001,1.8968500000000001,882,8,0
2024-05-07 14:15:00,1.8968500000000001,1.89709,1.89642,1.89669,1095,8,0
2024-05-07 14:20:00,1.89669,1.89707,1.89654,1.89697,974,8,0
2024-05-07 14:25:00,1.89697,1.89709,1.89663,1.89704,876,8,0
2024-05-07 14:30:00,1.89704,1.89713,1.89675,1.89691,863,8,0
2024-05-07 14:35:00,1.89691,1.89741,1.8967800000000001,1.89726,650,8,0
2024-05-07 14:40:00,1.89726,1.8973200000000001,1.89639,1.89641,840,8,0
2024-05-07 14:45:00,1.8963999999999999,1.89654,1.8961299999999999,1.89652,867,8,0
2024-05-07 14:50:00,1.89652,1.89676,1.8961700000000001,1.89622,1189,8,0
2024-05-07 14:55:00,1.8962400000000001,1.89646,1.89582,1.89636,1561,8,0
2024-05-07 15:00:00,1.89636,1.89668,1.89581,1.89639,1234,8,0
2024-05-07 15:05:00,1.89639,1.8963999999999999,1.89584,1.89611,802,8,0
2024-05-07 15:10:00,1.89612,1.89645,1.89608,1.89641,738,8,0
2024-05-07 15:15:00,1.89641,1.8969,1.8960599999999999,1.89688,564,8,0
2024-05-07 15:20:00,1.89688,1.89738,1.8968,1.8971,911,8,0
2024-05-07 15:25:00,1.8971,1.89714,1.8966699999999999,1.89683,752,8,0
2024-05-07 15:30:00,1.89683,1.8976,1.89675,1.89745,890,8,0
2024-05-07 15:35:00,1.89745,1.8975499999999998,1.89715,1.8974,789,8,0
2024-05-07 15:40:00,1.8974,1.8975,1.8965100000000001,1.8965800000000002,876,8,0
2024-05-07 15:45:00,1.8965800000000002,1.8969200000000002,1.89654,1.8968500000000001,779,8,0
2024-05-07 15:50:00,1.8968500000000001,1.8970500000000001,1.8965800000000002,1.89662,729,8,0
2024-05-07 15:55:00,1.89662,1.89686,1.89646,1.89686,970,8,0
2024-05-07 16:00:00,1.8968699999999998,1.89724,1.89654,1.89657,1006,8,0
2024-05-07 16:05:00,1.89654,1.8968,1.89638,1.89642,687,8,0
2024-05-07 16:10:00,1.89643,1.89659,1.89612,1.89646,609,8,0
2024-05-07 16:15:00,1.89646,1.8965999999999998,1.89629,1.89632,512,8,0
2024-05-07 16:20:00,1.89632,1.89659,1.89629,1.89643,493,8,0
2024-05-07 16:25:00,1.89643,1.89693,1.89638,1.8969200000000002,515,8,0
2024-05-07 16:30:00,1.89691,1.89716,1.8968,1.89709,522,8,0
2024-05-07 16:35:00,1.89709,1.8976600000000001,1.897,1.89751,584,8,0
2024-05-07 16:40:00,1.89751,1.8978000000000002,1.8974600000000001,1.89778,453,8,0
2024-05-07 16:45:00,1.89778,1.89786,1.89741,1.8977300000000001,553,8,0
2024-05-07 16:50:00,1.89774,1.89801,1.8977,1.8979300000000001,501,8,0
2024-05-07 16:55:00,1.8979300000000001,1.89809,1.89748,1.89754,594,8,0
2024-05-07 17:00:00,1.89754,1.89775,1.89715,1.89772,708,8,0
2024-05-07 17:05:00,1.89772,1.89791,1.89741,1.89754,677,8,0
2024-05-07 17:10:00,1.89752,1.89775,1.89713,1.89734,613,8,0
2024-05-07 17:15:00,1.89734,1.8975300000000002,1.8968699999999998,1.89697,659,8,0
2024-05-07 17:20:00,1.89697,1.8975300000000002,1.89684,1.89751,514,8,0
2024-05-07 17:25:00,1.89751,1.89784,1.89741,1.89757,544,8,0
2024-05-07 17:30:00,1.89757,1.8976199999999999,1.89727,1.89734,442,8,0
2024-05-07 17:35:00,1.8973499999999999,1.8973900000000001,1.89695,1.8971900000000002,487,8,0
2024-05-07 17:40:00,1.8971900000000002,1.89737,1.89715,1.8971900000000002,438,8,0
2024-05-07 17:45:00,1.8971900000000002,1.89727,1.89697,1.89724,571,8,0
2024-05-07 17:50:00,1.89722,1.89729,1.8970500000000001,1.89713,597,8,0
2024-05-07 17:55:00,1.89713,1.89759,1.8971200000000001,1.89749,749,8,0
2024-05-07 18:00:00,1.89749,1.89768,1.89724,1.8975499999999998,697,8,0
2024-05-07 18:05:00,1.8975499999999998,1.89777,1.89745,1.89772,494,8,0
2024-05-07 18:10:00,1.89772,1.89779,1.89747,1.89774,520,8,0
2024-05-07 18:15:00,1.89776,1.8978000000000002,1.89727,1.89741,583,8,0
2024-05-07 18:20:00,1.89741,1.89751,1.89704,1.89704,617,8,0
2024-05-07 18:25:00,1.89704,1.89722,1.8968699999999998,1.89703,698,8,0
2024-05-07 18:30:00,1.89703,1.8973900000000001,1.89698,1.89734,533,8,0
2024-05-07 18:35:00,1.89734,1.89771,1.89734,1.8975300000000002,415,8,0
2024-05-07 18:40:00,1.8975300000000002,1.89761,1.89738,1.89757,421,8,0
2024-05-07 18:45:00,1.89757,1.89765,1.89736,1.89747,409,8,0
2024-05-07 18:50:00,1.89747,1.89747,1.8970799999999999,1.8971200000000001,520,8,0
2024-05-07 18:55:00,1.8971200000000001,1.89714,1.8968,1.8969399999999998,527,8,0
2024-05-07 19:00:00,1.89695,1.897,1.89652,1.89655,730,8,0
2024-05-07 19:05:00,1.89655,1.8967800000000001,1.8965100000000001,1.89665,542,8,0
2024-05-07 19:10:00,1.89665,1.8967399999999999,1.89623,1.8963100000000002,536,8,0
2024-05-07 19:15:00,1.8963,1.89655,1.89625,1.89654,553,8,0
2024-05-07 19:20:00,1.89654,1.89664,1.89627,1.89627,586,8,0
2024-05-07 19:25:00,1.8962599999999998,1.89649,1.89609,1.89615,459,8,0
2024-05-07 19:30:00,1.89614,1.89629,1.89607,1.89627,541,8,0
2024-05-07 19:35:00,1.89627,1.89627,1.89588,1.89593,419,8,0
2024-05-07 19:40:00,1.89593,1.89621,1.89582,1.89602,475,8,0
2024-05-07 19:45:00,1.89602,1.8960599999999999,1.89582,1.8958300000000001,596,8,0
2024-05-07 19:50:00,1.89585,1.89592,1.89551,1.8955899999999999,536,8,0
2024-05-07 19:55:00,1.8955899999999999,1.89585,1.89555,1.89564,653,8,0
2024-05-07 20:00:00,1.89564,1.89578,1.89551,1.89567,404,8,0
2024-05-07 20:05:00,1.89566,1.8957600000000001,1.8955600000000001,1.89569,245,8,0
2024-05-07 20:10:00,1.89569,1.89587,1.89557,1.89569,250,8,0
2024-05-07 20:15:00,1.89569,1.8959000000000001,1.89568,1.89582,227,8,0
2024-05-07 20:20:00,1.89582,1.89584,1.89567,1.8957000000000002,143,8,0
2024-05-07 20:25:00,1.89571,1.89585,1.89568,1.89568,165,8,0
2024-05-07 20:30:00,1.89568,1.89582,1.89568,1.89569,117,8,0
2024-05-07 20:35:00,1.8957000000000002,1.8957600000000001,1.89557,1.89566,103,8,0
2024-05-07 20:40:00,1.89566,1.89584,1.8956,1.89582,172,8,0
2024-05-07 20:45:00,1.89582,1.8959000000000001,1.89543,1.8956499999999998,169,8,0
2024-05-07 20:50:00,1.8956499999999998,1.8958300000000001,1.8955899999999999,1.89571,187,8,0
2024-05-07 20:55:00,1.89571,1.89591,1.89553,1.89588,167,8,0
2024-05-07 21:00:00,1.89588,1.89588,1.89368,1.89507,30,32,0
2024-05-07 21:05:00,1.89467,1.89554,1.89467,1.8954499999999999,46,102,0
2024-05-07 21:10:00,1.8954499999999999,1.89602,1.89513,1.89602,30,44,0
2024-05-07 21:15:00,1.89602,1.89625,1.89539,1.8958599999999999,69,46,0
2024-05-07 21:20:00,1.8958599999999999,1.89653,1.89557,1.89584,154,44,0
2024-05-07 21:25:00,1.89584,1.89593,1.89584,1.89593,7,34,0
2024-05-07 21:30:00,1.89593,1.89596,1.89568,1.89575,34,31,0
2024-05-07 21:35:00,1.89575,1.89587,1.89562,1.89562,76,29,0
2024-05-07 21:40:00,1.89562,1.89584,1.8953799999999998,1.89584,227,19,0
2024-05-07 21:45:00,1.8958300000000001,1.896,1.89561,1.8958300000000001,104,31,0
2024-05-07 21:50:00,1.8958300000000001,1.8958599999999999,1.8957000000000002,1.89584,90,31,0
2024-05-07 21:55:00,1.89584,1.89604,1.89555,1.89558,67,29,0
2024-05-07 22:00:00,1.89558,1.89587,1.89558,1.8957000000000002,182,8,0
2024-05-07 22:05:00,1.89574,1.8959000000000001,1.89568,1.89581,1678,8,0
2024-05-07 22:10:00,1.89581,1.89596,1.89553,1.8955600000000001,1487,8,0
2024-05-07 22:15:00,1.8955600000000001,1.89574,1.8954900000000001,1.89574,81,8,0
2024-05-07 22:20:00,1.89574,1.89584,1.89569,1.8957000000000002,69,8,0
2024-05-07 22:25:00,1.8957000000000002,1.89592,1.89569,1.89589,66,8,0
2024-05-07 22:30:00,1.89589,1.89611,1.8958599999999999,1.89603,134,8,0
2024-05-07 22:35:00,1.89603,1.89635,1.89603,1.8961000000000001,142,8,0
2024-05-07 22:40:00,1.89608,1.89649,1.89608,1.8963299999999998,221,8,0
2024-05-07 22:45:00,1.8963299999999998,1.8967399999999999,1.89627,1.8967,204,8,0
2024-05-07 22:50:00,1.8967,1.8968500000000001,1.89669,1.8968,151,8,0
2024-05-07 22:55:00,1.8968,1.89684,1.89662,1.8967100000000001,88,8,0
2024-05-07 23:00:00,1.8967100000000001,1.8967800000000001,1.8965,1.89668,192,8,0
2024-05-07 23:05:00,1.89669,1.89693,1.8965999999999998,1.8967800000000001,191,8,0
2024-05-07 23:10:00,1.8967800000000001,1.8972799999999999,1.8967399999999999,1.89716,275,8,0
2024-05-07 23:15:00,1.89716,1.8975300000000002,1.89715,1.8972,144,8,0
2024-05-07 23:20:00,1.8972,1.8973900000000001,1.89717,1.89737,138,8,0
2024-05-07 23:25:00,1.89737,1.89756,1.89736,1.8974199999999999,133,8,0
2024-05-07 23:30:00,1.8974199999999999,1.89745,1.89718,1.89736,178,8,0
2024-05-07 23:35:00,1.89738,1.89758,1.89714,1.89718,151,8,0
2024-05-07 23:40:00,1.89718,1.8973499999999999,1.8970799999999999,1.8971,244,8,0
2024-05-07 23:45:00,1.89709,1.89724,1.89697,1.8971,236,8,0
2024-05-07 23:50:00,1.8971,1.89713,1.89688,1.8970799999999999,279,8,0
2024-05-07 23:55:00,1.89709,1.8974600000000001,1.89702,1.8974600000000001,301,8,0
2024-05-08 00:00:00,1.89748,1.89822,1.89736,1.89743,875,8,0
2024-05-08 00:05:00,1.89743,1.89777,1.89731,1.8973200000000001,653,8,0
2024-05-08 00:10:00,1.8973200000000001,1.89752,1.8971,1.89751,585,8,0
2024-05-08 00:15:00,1.8975,1.89751,1.8968,1.8968,595,8,0
2024-05-08 00:20:00,1.8968,1.8968099999999999,1.89625,1.89656,410,8,0
2024-05-08 00:25:00,1.89657,1.89659,1.896,1.89635,539,8,0
2024-05-08 00:30:00,1.89635,1.8963700000000001,1.89589,1.89595,579,8,0
2024-05-08 00:35:00,1.89595,1.89622,1.89594,1.8960599999999999,432,8,0
2024-05-08 00:40:00,1.89608,1.89702,1.89602,1.89679,604,8,0
2024-05-08 00:45:00,1.89679,1.89775,1.89677,1.8977,544,8,0
2024-05-08 00:50:00,1.8977,1.89791,1.89761,1.89772,623,8,0
2024-05-08 00:55:00,1.89774,1.89863,1.89774,1.8984100000000002,862,8,0
2024-05-08 01:00:00,1.89842,1.8989099999999999,1.89828,1.8989,952,8,0
2024-05-08 01:05:00,1.8989099999999999,1.9001700000000001,1.8987,1.8999000000000001,753,8,0
2024-05-08 01:10:00,1.8999000000000001,1.90041,1.89977,1.90003,640,8,0
2024-05-08 01:15:00,1.90003,1.9000599999999999,1.8995,1.89977,748,8,0
2024-05-08 01:20:00,1.89977,1.9006699999999999,1.8997600000000001,1.90027,933,8,0
2024-05-08 01:25:00,1.90027,1.90029,1.89962,1.89989,692,8,0
2024-05-08 01:30:00,1.89989,1.90075,1.8998,1.90036,937,8,0
2024-05-08 01:35:00,1.9003700000000001,1.90049,1.9001299999999999,1.90021,841,8,0
2024-05-08 01:40:00,1.90021,1.9003999999999999,1.89977,1.89985,988,8,0
2024-05-08 01:45:00,1.89985,1.90048,1.8998300000000001,1.90011,674,8,0
2024-05-08 01:50:00,1.90011,1.90036,1.90005,1.9001700000000001,583,8,0
2024-05-08 01:55:00,1.9001700000000001,1.9005100000000001,1.9000599999999999,1.90032,647,8,0
2024-05-08 02:00:00,1.90032,1.90045,1.8996300000000002,1.90028,543,8,0
2024-05-08 02:05:00,1.9002599999999998,1.9004400000000001,1.89988,1.9003299999999999,626,8,0
2024-05-08 02:10:00,1.9003299999999999,1.90056,1.89951,1.89957,804,8,0
2024-05-08 02:15:00,1.89957,1.8997600000000001,1.89905,1.89948,813,8,0
2024-05-08 02:20:00,1.8995,1.89998,1.89944,1.89992,714,8,0
2024-05-08 02:25:00,1.89992,1.90018,1.89959,1.8999899999999998,798,8,0
2024-05-08 02:30:00,1.89998,1.90016,1.89947,1.8996499999999998,690,8,0
2024-05-08 02:35:00,1.8996499999999998,1.8999000000000001,1.8996300000000002,1.89988,695,8,0
2024-05-08 02:40:00,1.89988,1.9003999999999999,1.89968,1.89968,832,8,0
2024-05-08 02:45:00,1.89968,1.89973,1.89914,1.89941,564,8,0
2024-05-08 02:50:00,1.89942,1.89974,1.89934,1.8997199999999999,592,8,0
2024-05-08 02:55:00,1.8997199999999999,1.90007,1.8995600000000001,1.89984,657,8,0
2024-05-08 03:00:00,1.8998300000000001,1.8999000000000001,1.89946,1.89989,718,8,0
2024-05-08 03:05:00,1.89989,1.90001,1.8996499999999998,1.8998599999999999,597,8,0
2024-05-08 03:10:00,1.8998599999999999,1.9002400000000002,1.89962,1.8996300000000002,568,8,0
2024-05-08 03:15:00,1.89964,1.8997199999999999,1.8993,1.89951,503,8,0
2024-05-08 03:20:00,1.89951,1.8997199999999999,1.89944,1.89971,588,8,0
2024-05-08 03:25:00,1.89971,1.90012,1.8997000000000002,1.8999700000000002,614,8,0
2024-05-08 03:30:00,1.8999700000000002,1.90014,1.89953,1.89971,576,8,0
2024-05-08 03:35:00,1.89971,1.89971,1.89921,1.89924,481,8,0
2024-05-08 03:40:00,1.89924,1.89942,1.8991500000000001,1.8993600000000002,385,8,0
2024-05-08 03:45:00,1.8993600000000002,1.8997199999999999,1.89933,1.89968,394,8,0
2024-05-08 03:50:00,1.89968,1.89971,1.89951,1.89957,313,8,0
2024-05-08 03:55:00,1.8995600000000001,1.8998300000000001,1.8994499999999999,1.89962,439,8,0
2024-05-08 04:00:00,1.89962,1.90003,1.8995,1.90003,441,8,0
2024-05-08 04:05:00,1.90003,1.90049,1.89995,1.90027,382,8,0
2024-05-08 04:10:00,1.90027,1.90032,1.89974,1.8997899999999999,481,8,0
2024-05-08 04:15:00,1.8997899999999999,1.8998300000000001,1.89941,1.89944,369,8,0
2024-05-08 04:20:00,1.89944,1.8996,1.8992200000000001,1.89948,327,8,0
2024-05-08 04:25:00,1.89947,1.89967,1.89935,1.89943,344,8,0
2024-05-08 04:30:00,1.89943,1.8994499999999999,1.89908,1.8991,362,8,0
2024-05-08 04:35:00,1.89908,1.8993,1.89897,1.89906,408,8,0
2024-05-08 04:40:00,1.89905,1.89912,1.89883,1.8989099999999999,442,8,0
2024-05-08 04:45:00,1.8989099999999999,1.89896,1.8986100000000001,1.89865,466,8,0
2024-05-08 04:50:00,1.89866,1.89892,1.89822,1.89825,512,8,0
2024-05-08 04:55:00,1.89825,1.8985699999999999,1.89797,1.89847,545,8,0
2024-05-08 05:00:00,1.89849,1.8987699999999998,1.8982999999999999,1.8986,631,8,0
2024-05-08 05:05:00,1.8986,1.8986,1.8982700000000001,1.8984100000000002,466,8,0
2024-05-08 05:10:00,1.89842,1.89886,1.89842,1.89882,497,8,0
2024-05-08 05:15:00,1.89882,1.89883,1.89833,1.8985699999999999,364,8,0
2024-05-08 05:20:00,1.89858,1.89883,1.89852,1.89876,438,8,0
2024-05-08 05:25:00,1.89876,1.89883,1.8984299999999998,1.89849,312,8,0
2024-05-08 05:30:00,1.8984999999999999,1.89859,1.8981400000000002,1.8984999999999999,584,8,0
2024-05-08 05:35:00,1.8984999999999999,1.8987699999999998,1.89829,1.89837,454,8,0
2024-05-08 05:40:00,1.89837,1.89837,1.89792,1.89813,660,8,0
2024-05-08 05:45:00,1.89812,1.89846,1.89797,1.89835,485,8,0
2024-05-08 05:50:00,1.89833,1.8987699999999998,1.8982999999999999,1.89842,555,8,0
2024-05-08 05:55:00,1.89842,1.89874,1.89842,1.8985699999999999,436,8,0
2024-05-08 06:00:00,1.8985699999999999,1.8986,1.8981400000000002,1.89836,649,8,0
2024-05-08 06:05:00,1.89836,1.8984999999999999,1.8981599999999998,1.8982,502,8,0
2024-05-08 06:10:00,1.8982,1.89825,1.89795,1.8981400000000002,485,8,0
2024-05-08 06:15:00,1.8981400000000002,1.89838,1.8979300000000001,1.8980700000000001,503,8,0
2024-05-08 06:20:00,1.89804,1.89831,1.89791,1.89826,559,8,0
2024-05-08 06:25:00,1.89826,1.89833,1.89777,1.89781,457,8,0
2024-05-08 06:30:00,1.89781,1.89808,1.8976199999999999,1.8978899999999999,533,8,0
2024-05-08 06:35:00,1.8978899999999999,1.89846,1.89787,1.89837,575,8,0
2024-05-08 06:40:00,1.89838,1.89872,1.8980000000000001,1.8987,615,8,0
2024-05-08 06:45:00,1.89872,1.8989,1.89856,1.89874,555,8,0
2024-05-08 06:50:00,1.89874,1.89892,1.8984,1.89885,566,8,0
2024-05-08 06:55:00,1.89885,1.89964,1.89876,1.89941,733,8,0
2024-05-08 07:00:00,1.89941,1.89977,1.8992900000000001,1.89948,968,8,0
2024-05-08 07:05:00,1.89948,1.89954,1.8984999999999999,1.89867,762,8,0
2024-05-08 07:10:00,1.89867,1.8989,1.8984,1.8984,784,8,0
2024-05-08 07:15:00,1.8984,1.8986800000000001,1.89825,1.89842,690,8,0
2024-05-08 07:20:00,1.89842,1.8989099999999999,1.89831,1.89859,580,8,0
2024-05-08 07:25:00,1.89859,1.89931,1.89845,1.8992,838,8,0
2024-05-08 07:30:00,1.8992,1.8994,1.89893,1.8990399999999998,663,8,0
2024-05-08 07:35:00,1.8990399999999998,1.89937,1.8988399999999999,1.89937,707,8,0
2024-05-08 07:40:00,1.89937,1.90008,1.89934,1.89969,878,8,0
2024-05-08 07:45:00,1.89968,1.89968,1.89914,1.89928,585,8,0
2024-05-08 07:50:00,1.89928,1.8993,1.89855,1.89878,745,8,0
2024-05-08 07:55:00,1.89878,1.8988399999999999,1.89801,1.8983400000000001,600,8,0
2024-05-08 08:00:00,1.89835,1.89908,1.89829,1.89908,794,8,0
2024-05-08 08:05:00,1.89909,1.8997000000000002,1.89901,1.8993,715,8,0
2024-05-08 08:10:00,1.89931,1.8995600000000001,1.89919,1.89951,683,8,0
2024-05-08 08:15:00,1.89951,1.89951,1.89908,1.89919,684,8,0
2024-05-08 08:20:00,1.89919,1.89919,1.89858,1.89905,751,8,0
2024-05-08 08:25:00,1.89901,1.89961,1.8989500000000001,1.89959,691,8,0
2024-05-08 08:30:00,1.89958,1.89967,1.89912,1.89919,551,8,0
2024-05-08 08:35:00,1.89919,1.8996,1.89903,1.89944,588,8,0
2024-05-08 08:40:00,1.89944,1.8997600000000001,1.8993600000000002,1.8996499999999998,626,8,0
2024-05-08 08:45:00,1.8996499999999998,1.89978,1.89942,1.8997199999999999,645,8,0
2024-05-08 08:50:00,1.8997199999999999,1.89993,1.89953,1.8996499999999998,529,8,0
2024-05-08 08:55:00,1.8996499999999998,1.90035,1.8996499999999998,1.90015,654,8,0
2024-05-08 09:00:00,1.90015,1.90054,1.89989,1.9001000000000001,792,8,0
2024-05-08 09:05:00,1.90011,1.9003299999999999,1.89982,1.89998,704,8,0
2024-05-08 09:10:00,1.89998,1.90054,1.8997899999999999,1.90054,510,8,0
2024-05-08 09:15:00,1.90054,1.9007800000000001,1.9002400000000002,1.9003,603,8,0
2024-05-08 09:20:00,1.9003,1.90041,1.89996,1.9003700000000001,664,8,0
2024-05-08 09:25:00,1.9003700000000001,1.90088,1.90035,1.90084,493,8,0
2024-05-08 09:30:00,1.90084,1.90115,1.9005,1.90061,679,8,0
2024-05-08 09:35:00,1.9005999999999998,1.90091,1.90003,1.90032,620,8,0
2024-05-08 09:40:00,1.90032,1.90055,1.90003,1.9004400000000001,502,8,0
2024-05-08 09:45:00,1.9004400000000001,1.9005,1.8998599999999999,1.8998599999999999,608,8,0
2024-05-08 09:50:00,1.8998599999999999,1.9003999999999999,1.8998300000000001,1.90022,500,8,0
2024-05-08 09:55:00,1.9002400000000002,1.9011900000000002,1.9002,1.9011200000000001,513,8,0
2024-05-08 10:00:00,1.90111,1.90145,1.9009,1.9011200000000001,594,8,0
2024-05-08 10:05:00,1.90113,1.90126,1.90102,1.90109,476,8,0
2024-05-08 10:10:00,1.90109,1.90137,1.90102,1.90136,477,8,0
2024-05-08 10:15:00,1.90136,1.90152,1.90122,1.90123,518,8,0
2024-05-08 10:20:00,1.90123,1.90176,1.90117,1.90167,436,8,0
2024-05-08 10:25:00,1.90167,1.90174,1.9011200000000001,1.90124,434,8,0
2024-05-08 10:30:00,1.90126,1.9018199999999998,1.90116,1.90163,521,8,0
2024-05-08 10:35:00,1.90163,1.9021,1.90137,1.9020899999999998,461,8,0
2024-05-08 10:40:00,1.9020899999999998,1.9021400000000002,1.90179,1.90184,543,8,0
2024-05-08 10:45:00,1.90184,1.9019599999999999,1.9016600000000001,1.90177,359,8,0
2024-05-08 10:50:00,1.90177,1.90184,1.90136,1.9014799999999998,594,8,0
2024-05-08 10:55:00,1.9014799999999998,1.90206,1.90141,1.90206,750,8,0
2024-05-08 11:00:00,1.9020700000000001,1.9028100000000001,1.90198,1.90208,816,8,0
2024-05-08 11:05:00,1.9020700000000001,1.90267,1.9020700000000001,1.9025699999999999,531,8,0
2024-05-08 11:10:00,1.9025699999999999,1.9026,1.90221,1.90246,638,8,0
2024-05-08 11:15:00,1.90246,1.90266,1.90218,1.9022700000000001,588,8,0
2024-05-08 11:20:00,1.9022700000000001,1.90276,1.9022000000000001,1.9026,539,8,0
2024-05-08 11:25:00,1.9026100000000001,1.90286,1.90248,1.90249,463,8,0
2024-05-08 11:30:00,1.90249,1.90333,1.90237,1.90286,694,8,0
2024-05-08 11:35:00,1.90286,1.90293,1.90252,1.9027699999999999,520,8,0
2024-05-08 11:40:00,1.9027699999999999,1.90299,1.9025400000000001,1.9025400000000001,470,8,0
2024-05-08 11:45:00,1.9025400000000001,1.90271,1.90198,1.90201,519,8,0
2024-05-08 11:50:00,1.90202,1.9025400000000001,1.9019,1.9022000000000001,560,8,0
2024-05-08 11:55:00,1.9022000000000001,1.90231,1.90176,1.90188,775,8,0
2024-05-08 12:00:00,1.90188,1.90229,1.90187,1.9022299999999999,812,8,0
2024-05-08 12:05:00,1.9022299999999999,1.90242,1.90199,1.9020899999999998,634,8,0
2024-05-08 12:10:00,1.90208,1.9026,1.90195,1.90222,738,8,0
2024-05-08 12:15:00,1.90222,1.90276,1.90217,1.90274,829,8,0
2024-05-08 12:20:00,1.90274,1.90274,1.90184,1.90204,1006,8,0
2024-05-08 12:25:00,1.90205,1.9021400000000002,1.9014199999999999,1.9015300000000002,662,8,0
2024-05-08 12:30:00,1.9015300000000002,1.90183,1.90123,1.90179,650,8,0
2024-05-08 12:35:00,1.90179,1.90195,1.9016899999999999,1.90188,835,8,0
2024-05-08 12:40:00,1.90188,1.90211,1.9016,1.90202,747,8,0
2024-05-08 12:45:00,1.90202,1.9020899999999998,1.90158,1.90206,724,8,0
2024-05-08 12:50:00,1.90206,1.9024299999999998,1.90202,1.90238,667,8,0
2024-05-08 12:55:00,1.90238,1.9025699999999999,1.90167,1.90177,780,8,0
2024-05-08 13:00:00,1.90176,1.9018199999999998,1.9009800000000001,1.9011900000000002,970,8,0
2024-05-08 13:05:00,1.9011900000000002,1.90127,1.90065,1.90065,845,8,0
2024-05-08 13:10:00,1.90065,1.90099,1.90056,1.9005999999999998,699,8,0
2024-05-08 13:15:00,1.90062,1.9006699999999999,1.9001299999999999,1.9003999999999999,794,8,0
2024-05-08 13:20:00,1.9003999999999999,1.90041,1.8998,1.90018,890,8,0
2024-05-08 13:25:00,1.9001700000000001,1.90025,1.8997000000000002,1.9002400000000002,798,8,0
2024-05-08 13:30:00,1.90023,1.9004400000000001,1.89978,1.8998599999999999,1349,8,0
2024-05-08 13:35:00,1.8998599999999999,1.90009,1.89951,1.89959,1201,8,0
2024-05-08 13:40:00,1.89959,1.89988,1.89939,1.89944,1019,8,0
2024-05-08 13:45:00,1.89944,1.8998599999999999,1.8992,1.8995,1118,8,0
2024-05-08 13:50:00,1.8995,1.8998300000000001,1.89916,1.89942,1043,8,0
2024-05-08 13:55:00,1.89943,1.90015,1.89943,1.9001000000000001,950,8,0
2024-05-08 14:00:00,1.90012,1.90076,1.89994,1.90064,1015,8,0
2024-05-08 14:05:00,1.90064,1.90086,1.90045,1.90059,734,8,0
2024-05-08 14:10:00,1.9005999999999998,1.90061,1.89998,1.90019,881,8,0
2024-05-08 14:15:00,1.90019,1.90038,1.90005,1.9001000000000001,812,8,0
2024-05-08 14:20:00,1.9001000000000001,1.9007800000000001,1.89998,1.9006699999999999,999,8,0
2024-05-08 14:25:00,1.9006699999999999,1.90083,1.9003299999999999,1.9007399999999999,869,8,0
2024-05-08 14:30:00,1.9007399999999999,1.90082,1.89993,1.9,894,8,0
2024-05-08 14:35:00,1.9,1.90039,1.89984,1.89987,907,8,0
2024-05-08 14:40:00,1.89988,1.90014,1.89957,1.89993,777,8,0
2024-05-08 14:45:00,1.89993,1.89993,1.89931,1.89973,1001,8,0
2024-05-08 14:50:00,1.89973,1.90045,1.89955,1.90022,1094,8,0
2024-05-08 14:55:00,1.90022,1.9002599999999998,1.8996499999999998,1.90005,1231,8,0
2024-05-08 15:00:00,1.90005,1.90082,1.89981,1.9008099999999999,985,8,0
2024-05-08 15:05:00,1.9008,1.90095,1.90042,1.90066,761,8,0
2024-05-08 15:10:00,1.90066,1.90104,1.90052,1.90103,699,8,0
2024-05-08 15:15:00,1.901,1.90102,1.90072,1.9009,696,8,0
2024-05-08 15:20:00,1.9009,1.90104,1.90069,1.90091,540,8,0
2024-05-08 15:25:00,1.90091,1.90091,1.9003299999999999,1.9004699999999999,688,8,0
2024-05-08 15:30:00,1.9004699999999999,1.90061,1.89973,1.8997600000000001,694,8,0
2024-05-08 15:35:00,1.89977,1.89985,1.89934,1.89947,876,8,0
2024-05-08 15:40:00,1.89947,1.89966,1.89926,1.89943,876,8,0
2024-05-08 15:45:00,1.89942,1.8994900000000001,1.89876,1.89899,1260,8,0
2024-05-08 15:50:00,1.89899,1.8993799999999998,1.89894,1.8991799999999999,791,8,0
2024-05-08 15:55:00,1.8991799999999999,1.8992900000000001,1.89903,1.89914,589,8,0
2024-05-08 16:00:00,1.89913,1.89933,1.89894,1.89931,591,8,0
2024-05-08 16:05:00,1.89931,1.8994,1.89909,1.89914,429,8,0
2024-05-08 16:10:00,1.89914,1.8994499999999999,1.89905,1.89926,565,8,0
2024-05-08 16:15:00,1.8992499999999999,1.89926,1.89893,1.89894,448,8,0
2024-05-08 16:20:00,1.89894,1.89921,1.89887,1.8991500000000001,476,8,0
2024-05-08 16:25:00,1.8991500000000001,1.8995,1.89909,1.89942,453,8,0
2024-05-08 16:30:00,1.89942,1.89953,1.89933,1.89933,390,8,0
2024-05-08 16:35:00,1.89933,1.89969,1.8992,1.89954,661,8,0
2024-05-08 16:40:00,1.89954,1.89991,1.8993,1.89989,475,8,0
2024-05-08 16:45:00,1.8999000000000001,1.90011,1.89978,1.90002,431,8,0
2024-05-08 16:50:00,1.90002,1.90015,1.89989,1.8999000000000001,393,8,0
2024-05-08 16:55:00,1.8999000000000001,1.90029,1.89981,1.9002400000000002,621,8,0
2024-05-08 17:00:00,1.9002400000000002,1.90035,1.8999700000000002,1.9,706,8,0
2024-05-08 17:05:00,1.90001,1.9004699999999999,1.89998,1.90041,476,8,0
2024-05-08 17:10:00,1.90041,1.9005800000000002,1.9003100000000002,1.9003700000000001,450,8,0
2024-05-08 17:15:00,1.9003700000000001,1.90057,1.90018,1.90021,396,8,0
2024-05-08 17:20:00,1.90021,1.9003299999999999,1.90009,1.9001700000000001,520,8,0
2024-05-08 17:25:00,1.9001700000000001,1.90022,1.89996,1.90002,298,8,0
2024-05-08 17:30:00,1.90002,1.90004,1.89969,1.8998300000000001,333,8,0
2024-05-08 17:35:00,1.8998300000000001,1.8998300000000001,1.89959,1.89966,346,8,0
2024-05-08 17:40:00,1.89966,1.89977,1.89954,1.89975,362,8,0
2024-05-08 17:45:00,1.89975,1.8997600000000001,1.8995600000000001,1.8996499999999998,336,8,0
2024-05-08 17:50:00,1.8996,1.8997600000000001,1.89948,1.89948,493,8,0
2024-05-08 17:55:00,1.89948,1.8998,1.89946,1.8997199999999999,451,8,0
2024-05-08 18:00:00,1.8997199999999999,1.90001,1.89971,1.89989,415,8,0
2024-05-08 18:05:00,1.89989,1.90018,1.89987,1.9000599999999999,407,8,0
2024-05-08 18:10:00,1.9000599999999999,1.9001299999999999,1.89959,1.89959,236,8,0
2024-05-08 18:15:00,1.89958,1.8997899999999999,1.89955,1.89977,260,8,0
2024-05-08 18:20:00,1.89977,1.89991,1.89964,1.89964,258,8,0
2024-05-08 18:25:00,1.89964,1.89975,1.8994900000000001,1.8996,395,8,0
2024-05-08 18:30:00,1.89961,1.89991,1.89957,1.89985,409,8,0
2024-05-08 18:35:00,1.8998599999999999,1.8998599999999999,1.89953,1.89961,408,8,0
2024-05-08 18:40:00,1.89961,1.89992,1.89951,1.89982,229,8,0
2024-05-08 18:45:00,1.89982,1.9000599999999999,1.89974,1.89978,603,8,0
2024-05-08 18:50:00,1.89978,1.90001,1.8997000000000002,1.8998599999999999,545,8,0
2024-05-08 18:55:00,1.89987,1.90019,1.8997600000000001,1.89992,443,8,0
2024-05-08 19:00:00,1.89993,1.9003100000000002,1.8999000000000001,1.90022,413,8,0
2024-05-08 19:05:00,1.90022,1.90025,1.89989,1.89994,325,8,0
2024-05-08 19:10:00,1.89994,1.90022,1.89989,1.90009,237,8,0
2024-05-08 19:15:00,1.90009,1.90022,1.89987,1.90004,255,8,0
2024-05-08 19:20:00,1.90004,1.90008,1.89994,1.90003,225,8,0
2024-05-08 19:25:00,1.9000599999999999,1.90009,1.89988,1.89991,335,8,0
2024-05-08 19:30:00,1.89991,1.90007,1.89988,1.89992,427,8,0
2024-05-08 19:35:00,1.89992,1.90014,1.89991,1.90014,363,8,0
2024-05-08 19:40:00,1.90014,1.9001700000000001,1.89973,1.89974,470,8,0
2024-05-08 19:45:00,1.89974,1.8999000000000001,1.89968,1.8999000000000001,340,8,0
2024-05-08 19:50:00,1.8999000000000001,1.89998,1.89975,1.89987,406,8,0
2024-05-08 19:55:00,1.89987,1.9,1.89951,1.89969,541,8,0
2024-05-08 20:00:00,1.8997000000000002,1.8998,1.89954,1.8997600000000001,320,8,0
2024-05-08 20:05:00,1.8997600000000001,1.8998,1.89964,1.8997000000000002,158,8,0
2024-05-08 20:10:00,1.8997000000000002,1.89981,1.89962,1.8996499999999998,187,8,0
2024-05-08 20:15:00,1.8996499999999998,1.89971,1.8995,1.89968,230,8,0
2024-05-08 20:20:00,1.89968,1.89975,1.8996,1.89962,113,8,0
2024-05-08 20:25:00,1.89962,1.89964,1.89953,1.89954,113,8,0
2024-05-08 20:30:00,1.89954,1.89957,1.89942,1.89946,80,8,0
2024-05-08 20:35:00,1.89946,1.89948,1.89933,1.89947,78,8,0
2024-05-08 20:40:00,1.89947,1.89962,1.89946,1.89959,133,8,0
2024-05-08 20:45:00,1.89959,1.89987,1.89953,1.8996,160,8,0
2024-05-08 20:50:00,1.8996,1.89961,1.89931,1.89933,227,8,0
2024-05-08 20:55:00,1.89933,1.8995,1.8992900000000001,1.89941,160,8,0
2024-05-08 21:00:00,1.89942,1.89942,1.89785,1.89853,46,28,0
2024-05-08 21:05:00,1.89853,1.8994,1.89829,1.89903,49,82,0
2024-05-08 21:10:00,1.89903,1.8994,1.89892,1.8993,65,51,0
2024-05-08 21:15:00,1.8993,1.8993,1.89878,1.89887,94,58,0
2024-05-08 21:20:00,1.89887,1.89921,1.89878,1.89908,44,48,0
2024-05-08 21:25:00,1.89908,1.89954,1.8989500000000001,1.89948,49,50,0
2024-05-08 21:30:00,1.89948,1.8998,1.89927,1.8993600000000002,95,44,0
2024-05-08 21:35:00,1.89934,1.90016,1.89934,1.90001,137,24,0
2024-05-08 21:40:00,1.90001,1.9002599999999998,1.89955,1.89955,132,22,0
2024-05-08 21:45:00,1.89955,1.8997000000000002,1.89939,1.89944,50,36,0
2024-05-08 21:50:00,1.89944,1.89968,1.8992900000000001,1.89959,119,41,0
2024-05-08 21:55:00,1.89959,1.8996,1.89889,1.8989099999999999,148,8,0
2024-05-08 22:00:00,1.8989099999999999,1.89934,1.8987500000000002,1.89912,176,8,0
2024-05-08 22:05:00,1.89912,1.89939,1.89912,1.8992900000000001,70,8,0
2024-05-08 22:10:00,1.8993,1.89951,1.8992499999999999,1.8993,114,8,0
2024-05-08 22:15:00,1.8992900000000001,1.89937,1.89919,1.89926,106,8,0
2024-05-08 22:20:00,1.89926,1.89944,1.8992200000000001,1.89933,116,8,0
2024-05-08 22:25:00,1.89933,1.89951,1.89923,1.8992499999999999,131,8,0
2024-05-08 22:30:00,1.8992499999999999,1.89934,1.8990200000000002,1.89903,209,8,0
2024-05-08 22:35:00,1.89903,1.89934,1.8990200000000002,1.89932,109,8,0
2024-05-08 22:40:00,1.89932,1.89932,1.8990399999999998,1.8990399999999998,119,8,0
2024-05-08 22:45:00,1.89903,1.89923,1.89903,1.8992,76,8,0
2024-05-08 22:50:00,1.8992,1.89921,1.89913,1.89916,51,8,0
2024-05-08 22:55:00,1.89916,1.89941,1.89903,1.8990399999999998,102,8,0
2024-05-08 23:00:00,1.8990399999999998,1.8992499999999999,1.8989500000000001,1.89921,292,8,0
2024-05-08 23:05:00,1.8992200000000001,1.89935,1.89913,1.89928,168,8,0
2024-05-08 23:10:00,1.89928,1.89941,1.89916,1.89941,153,8,0
2024-05-08 23:15:00,1.89941,1.89961,1.8992900000000001,1.8995600000000001,165,8,0
2024-05-08 23:20:00,1.89955,1.89959,1.89935,1.89954,90,8,0
2024-05-08 23:25:00,1.89954,1.89954,1.8993600000000002,1.8993799999999998,72,8,0
2024-05-08 23:30:00,1.8993799999999998,1.8993799999999998,1.899,1.89903,131,8,0
2024-05-08 23:35:00,1.89903,1.89934,1.89903,1.8992499999999999,130,8,0
2024-05-08 23:40:00,1.8992499999999999,1.8996,1.89909,1.8993600000000002,289,8,0
2024-05-08 23:45:00,1.89937,1.8993799999999998,1.89916,1.8992900000000001,198,8,0
2024-05-08 23:50:00,1.8992900000000001,1.89934,1.89878,1.89908,305,8,0
2024-05-08 23:55:00,1.89908,1.89951,1.89903,1.89932,275,8,0
2024-05-09 00:00:00,1.89932,1.89992,1.89927,1.8996,653,8,0
2024-05-09 00:05:00,1.8996,1.8998599999999999,1.89921,1.89964,661,8,0
2024-05-09 00:10:00,1.89966,1.90027,1.89961,1.89993,608,8,0
2024-05-09 00:15:00,1.89993,1.90001,1.89942,1.89984,545,8,0
2024-05-09 00:20:00,1.89984,1.9,1.89966,1.89993,413,8,0
2024-05-09 00:25:00,1.89993,1.90034,1.8998300000000001,1.9000599999999999,443,8,0
2024-05-09 00:30:00,1.90005,1.9003700000000001,1.8999000000000001,1.90018,399,8,0
2024-05-09 00:35:00,1.90018,1.90063,1.90014,1.90035,372,8,0
2024-05-09 00:40:00,1.90035,1.90065,1.9003100000000002,1.90063,362,8,0
2024-05-09 00:45:00,1.90063,1.9007100000000001,1.90028,1.90034,393,8,0
2024-05-09 00:50:00,1.90034,1.90072,1.9003100000000002,1.90046,554,8,0
2024-05-09 00:55:00,1.90046,1.9011,1.90038,1.90082,674,8,0
2024-05-09 01:00:00,1.90082,1.9008699999999998,1.90019,1.90029,713,8,0
2024-05-09 01:05:00,1.90027,1.9005,1.90008,1.90049,584,8,0
2024-05-09 01:10:00,1.90049,1.90049,1.90012,1.9003299999999999,506,8,0
2024-05-09 01:15:00,1.9003299999999999,1.90079,1.90019,1.9002599999999998,492,8,0
2024-05-09 01:20:00,1.9002599999999998,1.9003100000000002,1.89975,1.90012,551,8,0
2024-05-09 01:25:00,1.90012,1.90018,1.89958,1.89961,506,8,0
2024-05-09 01:30:00,1.8996,1.89968,1.89853,1.89855,1167,8,0
2024-05-09 01:35:00,1.89855,1.89907,1.89849,1.899,726,8,0
2024-05-09 01:40:00,1.89898,1.89901,1.89809,1.8984299999999998,765,8,0
2024-05-09 01:45:00,1.8984299999999998,1.89905,1.89832,1.89889,773,8,0
2024-05-09 01:50:00,1.89889,1.89916,1.89848,1.8987699999999998,695,8,0
2024-05-09 01:55:00,1.89876,1.89894,1.89853,1.8989,639,8,0
2024-05-09 02:00:00,1.8989,1.89939,1.89886,1.89927,705,8,0
2024-05-09 02:05:00,1.89926,1.90002,1.89919,1.8998,642,8,0
2024-05-09 02:10:00,1.8998,1.8998,1.8991799999999999,1.8995,736,8,0
2024-05-09 02:15:00,1.8995,1.89988,1.89942,1.8997000000000002,621,8,0
2024-05-09 02:20:00,1.89969,1.89984,1.89937,1.8998,498,8,0
2024-05-09 02:25:00,1.8998,1.90008,1.89966,1.90001,562,8,0
2024-05-09 02:30:00,1.9,1.9002400000000002,1.8996,1.89974,472,8,0
2024-05-09 02:35:00,1.89974,1.8998599999999999,1.89947,1.8996499999999998,522,8,0
2024-05-09 02:40:00,1.8996499999999998,1.9002400000000002,1.8996,1.90011,475,8,0
2024-05-09 02:45:00,1.90011,1.90057,1.90007,1.90041,479,8,0
2024-05-09 02:50:00,1.90041,1.90061,1.9001000000000001,1.90038,580,8,0
2024-05-09 02:55:00,1.90038,1.9005999999999998,1.90008,1.90029,507,8,0
2024-05-09 03:00:00,1.90029,1.9003700000000001,1.89967,1.8998,633,8,0
2024-05-09 03:05:00,1.8998,1.8998,1.8992200000000001,1.8992900000000001,665,8,0
2024-05-09 03:10:00,1.8992900000000001,1.89944,1.8988,1.89898,666,8,0
2024-05-09 03:15:00,1.899,1.89907,1.89847,1.89851,647,8,0
2024-05-09 03:20:00,1.89853,1.89883,1.89792,1.89825,728,8,0
2024-05-09 03:25:00,1.89826,1.89901,1.89826,1.89869,705,8,0
2024-05-09 03:30:00,1.89869,1.89935,1.8986399999999999,1.8992499999999999,648,8,0
2024-05-09 03:35:00,1.8992499999999999,1.90004,1.89908,1.89914,637,8,0
2024-05-09 03:40:00,1.89914,1.8993600000000002,1.8991,1.89924,414,8,0
2024-05-09 03:45:00,1.8992499999999999,1.89951,1.8988,1.8988800000000001,440,8,0
2024-05-09 03:50:00,1.89887,1.8990200000000002,1.8986100000000001,1.89865,228,8,0
2024-05-09 03:55:00,1.89865,1.89876,1.89813,1.8982,383,8,0
2024-05-09 04:00:00,1.8982,1.89826,1.89794,1.8980299999999999,437,8,0
2024-05-09 04:05:00,1.89805,1.8982,1.8977300000000001,1.89788,296,8,0
2024-05-09 04:10:00,1.89788,1.89815,1.89784,1.89799,351,8,0
2024-05-09 04:15:00,1.89799,1.89806,1.89774,1.89784,309,8,0
2024-05-09 04:20:00,1.89784,1.8981400000000002,1.89784,1.89787,346,8,0
2024-05-09 04:25:00,1.89787,1.8982299999999999,1.89787,1.89804,367,8,0
2024-05-09 04:30:00,1.89804,1.89837,1.89797,1.8982700000000001,434,8,0
2024-05-09 04:35:00,1.8982700000000001,1.89842,1.89815,1.8984,330,8,0
2024-05-09 04:40:00,1.8984,1.89867,1.89829,1.8984,354,8,0
2024-05-09 04:45:00,1.8984,1.89872,1.89829,1.8984100000000002,338,8,0
2024-05-09 04:50:00,1.8984100000000002,1.89858,1.8982700000000001,1.89829,306,8,0
2024-05-09 04:55:00,1.8982999999999999,1.89873,1.89828,1.89867,308,8,0
2024-05-09 05:00:00,1.89867,1.89887,1.8984,1.89862,336,8,0
2024-05-09 05:05:00,1.89862,1.89887,1.89845,1.89847,390,8,0
2024-05-09 05:10:00,1.89847,1.89873,1.89832,1.89873,452,8,0
2024-05-09 05:15:00,1.8987500000000002,1.89896,1.8987500000000002,1.8989500000000001,289,8,0
2024-05-09 05:20:00,1.8989500000000001,1.8991,1.89881,1.89894,352,8,0
2024-05-09 05:25:00,1.89894,1.89927,1.89894,1.89926,406,8,0
2024-05-09 05:30:00,1.89926,1.89937,1.8988,1.89893,516,8,0
2024-05-09 05:35:00,1.89893,1.89928,1.89882,1.89928,368,8,0
2024-05-09 05:40:00,1.89928,1.89937,1.89899,1.89919,387,8,0
2024-05-09 05:45:00,1.89917,1.89917,1.8987699999999998,1.89896,433,8,0
2024-05-09 05:50:00,1.89896,1.8991,1.8986,1.89873,424,8,0
2024-05-09 05:55:00,1.89873,1.89903,1.8986100000000001,1.89878,502,8,0
2024-05-09 06:00:00,1.89878,1.8998300000000001,1.89878,1.8994,622,8,0
2024-05-09 06:05:00,1.8994,1.89966,1.8991799999999999,1.89947,436,8,0
2024-05-09 06:10:00,1.89947,1.8997600000000001,1.8991799999999999,1.89926,555,8,0
2024-05-09 06:15:00,1.89926,1.8997199999999999,1.89914,1.89957,479,8,0
2024-05-09 06:20:00,1.89957,1.90005,1.8995199999999999,1.8997899999999999,419,8,0
2024-05-09 06:25:00,1.8997899999999999,1.89996,1.89951,1.8995600000000001,508,8,0
2024-05-09 06:30:00,1.8995600000000001,1.89977,1.8992499999999999,1.89958,470,8,0
2024-05-09 06:35:00,1.89958,1.9000599999999999,1.8994499999999999,1.89994,483,8,0
2024-05-09 06:40:00,1.89994,1.90045,1.8998300000000001,1.9003700000000001,565,8,0
2024-05-09 06:45:00,1.9003700000000001,1.90048,1.89993,1.90004,363,8,0
2024-05-09 06:50:00,1.90004,1.90039,1.89994,1.9003100000000002,394,8,0
2024-05-09 06:55:00,1.9003100000000002,1.90057,1.90022,1.9003999999999999,610,8,0
2024-05-09 07:00:00,1.9003999999999999,1.90053,1.90002,1.90043,725,8,0
2024-05-09 07:05:00,1.9004400000000001,1.90073,1.90009,1.90039,697,8,0
2024-05-09 07:10:00,1.90039,1.90066,1.8996300000000002,1.89973,592,8,0
2024-05-09 07:15:00,1.89973,1.8999000000000001,1.8994900000000001,1.89951,497,8,0
2024-05-09 07:20:00,1.8995199999999999,1.9002,1.8994499999999999,1.89984,669,8,0
2024-05-09 07:25:00,1.89982,1.89982,1.89932,1.89955,737,8,0
2024-05-09 07:30:00,1.8995600000000001,1.89967,1.89865,1.89898,685,8,0
2024-05-09 07:35:00,1.89896,1.89905,1.8982299999999999,1.89845,556,8,0
2024-05-09 07:40:00,1.89845,1.89859,1.89819,1.89848,700,8,0
2024-05-09 07:45:00,1.89848,1.89856,1.89808,1.8981,698,8,0
2024-05-09 07:50:00,1.89809,1.8983400000000001,1.89758,1.89761,802,8,0
2024-05-09 07:55:00,1.89761,1.89799,1.89758,1.8976899999999999,709,8,0
2024-05-09 08:00:00,1.8976899999999999,1.8980700000000001,1.89756,1.8979300000000001,561,8,0
2024-05-09 08:05:00,1.8979300000000001,1.89795,1.89711,1.89711,598,8,0
2024-05-09 08:10:00,1.89711,1.89748,1.8967,1.89675,619,8,0
2024-05-09 08:15:00,1.89675,1.8970099999999999,1.89645,1.89649,474,8,0
2024-05-09 08:20:00,1.89649,1.89684,1.89603,1.89621,532,8,0
2024-05-09 08:25:00,1.89621,1.89661,1.89605,1.8965999999999998,632,8,0
2024-05-09 08:30:00,1.8965999999999998,1.89756,1.8965800000000002,1.89718,687,8,0
2024-05-09 08:35:00,1.89718,1.8977300000000001,1.89718,1.8974600000000001,505,8,0
2024-05-09 08:40:00,1.8974600000000001,1.89759,1.89683,1.8971900000000002,532,8,0
2024-05-09 08:45:00,1.89718,1.8975499999999998,1.89702,1.8970500000000001,501,8,0
2024-05-09 08:50:00,1.8970500000000001,1.8973499999999999,1.89698,1.89711,436,8,0
2024-05-09 08:55:00,1.89711,1.8971900000000002,1.8967100000000001,1.8967100000000001,517,8,0
2024-05-09 09:00:00,1.8967100000000001,1.8967800000000001,1.89643,1.89661,512,8,0
2024-05-09 09:05:00,1.89661,1.89689,1.8964400000000001,1.89675,499,8,0
2024-05-09 09:10:00,1.89677,1.8969399999999998,1.8967,1.8969200000000002,425,8,0
2024-05-09 09:15:00,1.8969200000000002,1.89703,1.89659,1.89702,525,8,0
2024-05-09 09:20:00,1.89702,1.89749,1.89699,1.8972799999999999,484,8,0
2024-05-09 09:25:00,1.8972799999999999,1.89745,1.89711,1.89729,496,8,0
2024-05-09 09:30:00,1.89729,1.89791,1.89726,1.89778,396,8,0
2024-05-09 09:35:00,1.89778,1.8979300000000001,1.8974600000000001,1.89784,392,8,0
2024-05-09 09:40:00,1.89784,1.89863,1.89778,1.89862,507,8,0
2024-05-09 09:45:00,1.89862,1.8987699999999998,1.89851,1.8985400000000001,494,8,0
2024-05-09 09:50:00,1.8985400000000001,1.89873,1.89836,1.89866,489,8,0
2024-05-09 09:55:00,1.89866,1.89947,1.8986399999999999,1.8991,579,8,0
2024-05-09 10:00:00,1.8991,1.8992499999999999,1.89886,1.8991500000000001,577,8,0
2024-05-09 10:05:00,1.8991500000000001,1.89995,1.8991500000000001,1.89988,422,8,0
2024-05-09 10:10:00,1.89989,1.90005,1.89971,1.89996,576,8,0
2024-05-09 10:15:00,1.89996,1.90011,1.89982,1.89995,434,8,0
2024-05-09 10:20:00,1.89995,1.90018,1.89962,1.89984,419,8,0
2024-05-09 10:25:00,1.89984,1.89991,1.89962,1.89978,406,8,0
2024-05-09 10:30:00,1.89978,1.90002,1.89969,1.8997000000000002,347,8,0
2024-05-09 10:35:00,1.8997000000000002,1.89974,1.899,1.89905,398,8,0
2024-05-09 10:40:00,1.89905,1.89909,1.89866,1.8987699999999998,453,8,0
2024-05-09 10:45:00,1.8987699999999998,1.8987699999999998,1.89798,1.8981,364,8,0
2024-05-09 10:50:00,1.89811,1.89935,1.89811,1.8992,456,8,0
2024-05-09 10:55:00,1.8992,1.8992200000000001,1.89852,1.89852,731,8,0
2024-05-09 11:00:00,1.89852,1.89874,1.89263,1.89391,1501,8,0
2024-05-09 11:05:00,1.89391,1.89408,1.89253,1.8931,1580,8,0
2024-05-09 11:10:00,1.8931,1.89395,1.89287,1.89379,1198,8,0
2024-05-09 11:15:00,1.89379,1.89399,1.89324,1.89383,845,8,0
2024-05-09 11:20:00,1.89383,1.8947,1.89368,1.8945699999999999,852,8,0
2024-05-09 11:25:00,1.89458,1.89479,1.89417,1.8944100000000001,758,8,0
2024-05-09 11:30:00,1.8944100000000001,1.8950200000000001,1.89368,1.8948,905,8,0
2024-05-09 11:35:00,1.8948,1.89809,1.89462,1.89481,1561,8,0
2024-05-09 11:40:00,1.89481,1.8952200000000001,1.89307,1.89385,1816,8,0
2024-05-09 11:45:00,1.89385,1.8949099999999999,1.8928,1.89295,1522,8,0
2024-05-09 11:50:00,1.89295,1.8943400000000001,1.8927,1.8938899999999999,1225,8,0
2024-05-09 11:55:00,1.8938899999999999,1.8948,1.89381,1.89426,1036,8,0
2024-05-09 12:00:00,1.89426,1.8949099999999999,1.89386,1.89478,1203,8,0
2024-05-09 12:05:00,1.89478,1.89554,1.89478,1.89534,896,8,0
2024-05-09 12:10:00,1.89535,1.89574,1.8951799999999999,1.8954,838,8,0
2024-05-09 12:15:00,1.8954,1.89558,1.8946100000000001,1.89469,720,8,0
2024-05-09 12:20:00,1.89469,1.89483,1.8939,1.89401,953,8,0
2024-05-09 12:25:00,1.89401,1.89426,1.89313,1.89313,561,8,0
2024-05-09 12:30:00,1.89313,1.89405,1.89246,1.89385,1960,8,0
2024-05-09 12:35:00,1.89386,1.89447,1.8936,1.8942,1535,8,0
2024-05-09 12:40:00,1.8941400000000002,1.89424,1.8932099999999998,1.89379,1441,8,0
2024-05-09 12:45:00,1.89379,1.89412,1.8934199999999999,1.8939300000000001,1440,8,0
2024-05-09 12:50:00,1.8939300000000001,1.8941599999999998,1.89252,1.8927100000000001,1120,8,0
2024-05-09 12:55:00,1.8927100000000001,1.89374,1.89255,1.89348,1312,8,0
2024-05-09 13:00:00,1.89348,1.89429,1.8934199999999999,1.89412,1330,8,0
2024-05-09 13:05:00,1.89412,1.89419,1.89359,1.8938199999999998,1103,8,0
2024-05-09 13:10:00,1.8938199999999998,1.89438,1.89381,1.89424,1035,8,0
2024-05-09 13:15:00,1.89424,1.89508,1.89424,1.89469,1258,8,0
2024-05-09 13:20:00,1.8946800000000001,1.89546,1.89452,1.89541,1097,8,0
2024-05-09 13:25:00,1.8953799999999998,1.8957000000000002,1.8948,1.89481,1015,8,0
2024-05-09 13:30:00,1.8948,1.89496,1.8939599999999999,1.89412,1359,8,0
2024-05-09 13:35:00,1.89412,1.89424,1.89357,1.89374,1351,8,0
2024-05-09 13:40:00,1.89374,1.89412,1.89349,1.89391,1230,8,0
2024-05-09 13:45:00,1.8938899999999999,1.89394,1.8933200000000001,1.89358,1103,8,0
2024-05-09 13:50:00,1.89358,1.89391,1.89291,1.89291,1149,8,0
2024-05-09 13:55:00,1.89291,1.89324,1.89284,1.893,1307,8,0
2024-05-09 14:00:00,1.89299,1.89318,1.8924699999999999,1.89297,1192,8,0
2024-05-09 14:05:00,1.89297,1.8932099999999998,1.89218,1.89218,1154,8,0
2024-05-09 14:10:00,1.89218,1.89256,1.89192,1.8925100000000001,1068,8,0
2024-05-09 14:15:00,1.89252,1.89256,1.89208,1.89245,1014,8,0
2024-05-09 14:20:00,1.89245,1.89252,1.89184,1.89252,1140,8,0
2024-05-09 14:25:00,1.89252,1.89316,1.89248,1.89277,1224,8,0
2024-05-09 14:30:00,1.89277,1.8934600000000001,1.89277,1.89329,1305,8,0
2024-05-09 14:35:00,1.89329,1.89336,1.89299,1.89327,1083,8,0
2024-05-09 14:40:00,1.89327,1.8933900000000001,1.89277,1.8929399999999998,1196,8,0
2024-05-09 14:45:00,1.89293,1.8936600000000001,1.89291,1.8935499999999998,994,8,0
2024-05-09 14:50:00,1.8935499999999998,1.89379,1.89282,1.89367,878,8,0
2024-05-09 14:55:00,1.89367,1.8939,1.8932099999999998,1.8936899999999999,1143,8,0
2024-05-09 15:00:00,1.8936899999999999,1.89433,1.89361,1.8942700000000001,1167,8,0
2024-05-09 15:05:00,1.8942700000000001,1.8946800000000001,1.89406,1.89435,790,8,0
2024-05-09 15:10:00,1.89435,1.89442,1.89406,1.89425,745,8,0
2024-05-09 15:15:00,1.89425,1.89436,1.89374,1.89377,885,8,0
2024-05-09 15:20:00,1.89377,1.89409,1.8936600000000001,1.89375,860,8,0
2024-05-09 15:25:00,1.89375,1.89379,1.8935,1.89378,784,8,0
2024-05-09 15:30:00,1.89378,1.8941,1.89368,1.8939599999999999,593,8,0
2024-05-09 15:35:00,1.8939599999999999,1.8939599999999999,1.8930500000000001,1.8936,794,8,0
2024-05-09 15:40:00,1.8936,1.89368,1.8933900000000001,1.89345,656,8,0
2024-05-09 15:45:00,1.89345,1.8934600000000001,1.8931,1.89324,845,8,0
2024-05-09 15:50:00,1.89324,1.89344,1.89316,1.89331,829,8,0
2024-05-09 15:55:00,1.89331,1.89338,1.8930099999999999,1.89311,874,8,0
2024-05-09 16:00:00,1.89311,1.8933,1.8930500000000001,1.8931200000000001,826,8,0
2024-05-09 16:05:00,1.8931200000000001,1.89337,1.89276,1.89277,535,8,0
2024-05-09 16:10:00,1.89277,1.89288,1.89254,1.8927399999999999,600,8,0
2024-05-09 16:15:00,1.89273,1.89329,1.89269,1.8932099999999998,508,8,0
2024-05-09 16:20:00,1.8932,1.89348,1.89313,1.8934600000000001,594,8,0
2024-05-09 16:25:00,1.8934600000000001,1.89365,1.8932799999999999,1.89352,511,8,0
2024-05-09 16:30:00,1.89347,1.8941,1.8934,1.89408,537,8,0
2024-05-09 16:35:00,1.89408,1.89413,1.89358,1.8938199999999998,550,8,0
2024-05-09 16:40:00,1.8938199999999998,1.89386,1.89333,1.8933900000000001,412,8,0
2024-05-09 16:45:00,1.8933900000000001,1.89381,1.8933499999999999,1.89372,461,8,0
2024-05-09 16:50:00,1.89372,1.89372,1.89327,1.8935499999999998,600,8,0
2024-05-09 16:55:00,1.8935499999999998,1.8936,1.8933900000000001,1.89347,475,8,0
2024-05-09 17:00:00,1.8934600000000001,1.8936199999999999,1.89304,1.8932,818,8,0
2024-05-09 17:05:00,1.8932,1.8936,1.8931900000000002,1.8936,783,8,0
2024-05-09 17:10:00,1.8936,1.8936199999999999,1.89306,1.89347,817,8,0
2024-05-09 17:15:00,1.89347,1.89386,1.8934,1.89381,570,8,0
2024-05-09 17:20:00,1.89381,1.8939599999999999,1.89375,1.89377,700,8,0
2024-05-09 17:25:00,1.89378,1.89383,1.89323,1.89361,580,8,0
2024-05-09 17:30:00,1.89361,1.89374,1.89341,1.89364,369,8,0
2024-05-09 17:35:00,1.89364,1.89374,1.89336,1.89348,419,8,0
2024-05-09 17:40:00,1.89348,1.89359,1.89333,1.8934600000000001,338,8,0
2024-05-09 17:45:00,1.8934600000000001,1.89356,1.8933,1.89336,480,8,0
2024-05-09 17:50:00,1.89336,1.8936199999999999,1.89327,1.89344,530,8,0
2024-05-09 17:55:00,1.89343,1.89345,1.89309,1.8931,717,8,0
2024-05-09 18:00:00,1.89309,1.89323,1.89298,1.89307,755,8,0
2024-05-09 18:05:00,1.89307,1.8932,1.89291,1.89313,512,8,0
2024-05-09 18:10:00,1.89313,1.89341,1.89304,1.8933200000000001,559,8,0
2024-05-09 18:15:00,1.8933200000000001,1.8934,1.89303,1.8932,540,8,0
2024-05-09 18:20:00,1.8932,1.89329,1.8930500000000001,1.8932,512,8,0
2024-05-09 18:25:00,1.8932,1.89322,1.89287,1.89302,405,8,0
2024-05-09 18:30:00,1.89302,1.89307,1.8928500000000001,1.89303,502,8,0
2024-05-09 18:35:00,1.89303,1.89311,1.89269,1.8927800000000001,449,8,0
2024-05-09 18:40:00,1.8927800000000001,1.8928099999999999,1.89249,1.8925800000000002,761,8,0
2024-05-09 18:45:00,1.8925800000000002,1.89263,1.89243,1.89245,569,8,0
2024-05-09 18:50:00,1.89246,1.89252,1.8923,1.89235,677,8,0
2024-05-09 18:55:00,1.89235,1.89246,1.89203,1.8920599999999999,652,8,0
2024-05-09 19:00:00,1.8920599999999999,1.8925100000000001,1.89201,1.8923,543,8,0
2024-05-09 19:05:00,1.8923,1.89236,1.8921700000000001,1.89225,397,8,0
2024-05-09 19:10:00,1.89225,1.89237,1.89208,1.89229,467,8,0
2024-05-09 19:15:00,1.89229,1.8924400000000001,1.89227,1.89243,386,8,0
2024-05-09 19:20:00,1.89243,1.8925,1.89226,1.89249,453,8,0
2024-05-09 19:25:00,1.89249,1.8925800000000002,1.89234,1.89248,409,8,0
2024-05-09 19:30:00,1.89248,1.89252,1.8923299999999998,1.89249,521,8,0
2024-05-09 19:35:00,1.8925,1.8925999999999998,1.89211,1.89211,560,8,0
2024-05-09 19:40:00,1.89211,1.89216,1.89173,1.89185,368,8,0
2024-05-09 19:45:00,1.89185,1.89195,1.89173,1.89176,461,8,0
2024-05-09 19:50:00,1.89176,1.89188,1.8915899999999999,1.89181,638,8,0
2024-05-09 19:55:00,1.89181,1.89194,1.8915899999999999,1.89174,797,8,0
2024-05-09 20:00:00,1.89174,1.89195,1.89174,1.89191,312,8,0
2024-05-09 20:05:00,1.8919000000000001,1.89208,1.89187,1.89205,313,8,0
2024-05-09 20:10:00,1.89205,1.89214,1.89184,1.8918599999999999,185,8,0
2024-05-09 20:15:00,1.8918599999999999,1.89194,1.8918,1.8918599999999999,152,8,0
2024-05-09 20:20:00,1.8918599999999999,1.89191,1.89177,1.89189,204,8,0
2024-05-09 20:25:00,1.89189,1.89198,1.89176,1.8918,307,8,0
2024-05-09 20:30:00,1.89181,1.89192,1.89177,1.89178,231,8,0
2024-05-09 20:35:00,1.89178,1.89187,1.89174,1.89176,91,8,0
2024-05-09 20:40:00,1.89176,1.8917899999999999,1.89169,1.89169,51,8,0
2024-05-09 20:45:00,1.89169,1.89171,1.89141,1.8914499999999999,115,8,0
2024-05-09 20:50:00,1.8914499999999999,1.89193,1.8914499999999999,1.89185,312,8,0
2024-05-09 20:55:00,1.89184,1.8919700000000002,1.89167,1.8918,286,8,0
2024-05-09 21:00:00,1.89169,1.89169,1.89009,1.8913,31,30,0
2024-05-09 21:05:00,1.8913,1.89189,1.89096,1.89161,102,69,0
2024-05-09 21:10:00,1.89161,1.89161,1.89139,1.8915600000000001,73,46,0
2024-05-09 21:15:00,1.89151,1.89215,1.89143,1.8915199999999999,55,25,0
2024-05-09 21:20:00,1.89143,1.8915600000000001,1.8911099999999998,1.8912499999999999,67,41,0
2024-05-09 21:25:00,1.8912499999999999,1.8915199999999999,1.8909,1.89147,113,46,0
2024-05-09 21:30:00,1.8914499999999999,1.89193,1.8914499999999999,1.8918300000000001,133,34,0
2024-05-09 21:35:00,1.8918300000000001,1.89196,1.89174,1.89184,46,30,0
2024-05-09 21:40:00,1.89184,1.89185,1.89178,1.89185,24,16,0
2024-05-09 21:45:00,1.89185,1.89195,1.89173,1.89184,100,16,0
2024-05-09 21:50:00,1.89185,1.89195,1.89176,1.89184,141,27,0
2024-05-09 21:55:00,1.89184,1.89192,1.8915,1.89153,137,17,0
2024-05-09 22:00:00,1.89153,1.89169,1.89123,1.89164,176,8,0
2024-05-09 22:05:00,1.89164,1.89178,1.89162,1.89171,82,8,0
2024-05-09 22:10:00,1.8917199999999998,1.89192,1.89164,1.8918300000000001,126,8,0
2024-05-09 22:15:00,1.8918300000000001,1.89188,1.89168,1.89174,137,8,0
2024-05-09 22:20:00,1.89174,1.89191,1.8917000000000002,1.89191,145,8,0
2024-05-09 22:25:00,1.89191,1.89205,1.89188,1.89202,120,8,0
2024-05-09 22:30:00,1.89202,1.89211,1.8918300000000001,1.89189,128,8,0
2024-05-09 22:35:00,1.89189,1.89189,1.89158,1.89168,138,8,0
2024-05-09 22:40:00,1.89169,1.89209,1.89167,1.89207,128,8,0
2024-05-09 22:45:00,1.89208,1.89211,1.8918,1.8918300000000001,134,8,0
2024-05-09 22:50:00,1.8918300000000001,1.89195,1.89173,1.89185,152,8,0
2024-05-09 22:55:00,1.89185,1.89193,1.8917899999999999,1.89185,76,8,0
2024-05-09 23:00:00,1.89185,1.89201,1.89177,1.89189,225,8,0
2024-05-09 23:05:00,1.89189,1.89191,1.89168,1.8917899999999999,161,8,0
2024-05-09 23:10:00,1.8917899999999999,1.89194,1.89177,1.89191,164,8,0
2024-05-09 23:15:00,1.89191,1.89198,1.89169,1.89171,199,8,0
2024-05-09 23:20:00,1.89171,1.8919000000000001,1.89167,1.89174,215,8,0
2024-05-09 23:25:00,1.89174,1.8921000000000001,1.89173,1.89202,115,8,0
2024-05-09 23:30:00,1.89202,1.89239,1.89202,1.89235,227,8,0
2024-05-09 23:35:00,1.89235,1.8924699999999999,1.89218,1.89228,182,8,0
2024-05-09 23:40:00,1.89228,1.89249,1.89221,1.89237,199,8,0
2024-05-09 23:45:00,1.89237,1.89248,1.89223,1.89238,321,8,0
2024-05-09 23:50:00,1.89238,1.89259,1.89235,1.89257,324,8,0
2024-05-09 23:55:00,1.89257,1.89283,1.8924400000000001,1.89279,270,8,0
2024-05-10 00:00:00,1.89279,1.89279,1.89228,1.89238,587,8,0
2024-05-10 00:05:00,1.89238,1.8929399999999998,1.89237,1.8925100000000001,593,8,0
2024-05-10 00:10:00,1.8925100000000001,1.8926699999999999,1.89232,1.89237,547,8,0
2024-05-10 00:15:00,1.89237,1.8928,1.8923299999999998,1.89257,469,8,0
2024-05-10 00:20:00,1.89257,1.89277,1.89245,1.89273,408,8,0
2024-05-10 00:25:00,1.89273,1.8930500000000001,1.8926699999999999,1.8928,447,8,0
2024-05-10 00:30:00,1.8928099999999999,1.8933900000000001,1.8927800000000001,1.89323,586,8,0
2024-05-10 00:35:00,1.89323,1.89329,1.8929399999999998,1.89295,447,8,0
2024-05-10 00:40:00,1.89295,1.89303,1.89259,1.89283,401,8,0
2024-05-10 00:45:00,1.89282,1.89356,1.8927800000000001,1.89327,797,8,0
2024-05-10 00:50:00,1.89327,1.89356,1.89314,1.89351,619,8,0
2024-05-10 00:55:00,1.89351,1.8936,1.8933499999999999,1.8935300000000002,616,8,0
2024-05-10 01:00:00,1.8935300000000002,1.89365,1.89302,1.8931900000000002,762,8,0
2024-05-10 01:05:00,1.8931900000000002,1.8932099999999998,1.89259,1.8925999999999998,620,8,0
2024-05-10 01:10:00,1.89261,1.89293,1.89257,1.8929200000000002,589,8,0
2024-05-10 01:15:00,1.8929200000000002,1.89316,1.89269,1.8929399999999998,697,8,0
2024-05-10 01:20:00,1.8929399999999998,1.89295,1.89246,1.8926699999999999,566,8,0
2024-05-10 01:25:00,1.89268,1.89279,1.8923999999999999,1.89273,634,8,0
2024-05-10 01:30:00,1.89273,1.89323,1.89262,1.89298,939,8,0
2024-05-10 01:35:00,1.89298,1.8936600000000001,1.89291,1.89317,870,8,0
2024-05-10 01:40:00,1.89317,1.89357,1.89299,1.8931900000000002,725,8,0
2024-05-10 01:45:00,1.89318,1.89354,1.8931200000000001,1.8935,640,8,0
2024-05-10 01:50:00,1.8935,1.89368,1.8932099999999998,1.89325,683,8,0
2024-05-10 01:55:00,1.89325,1.89409,1.89324,1.89409,704,8,0
2024-05-10 02:00:00,1.89409,1.89453,1.89395,1.8942999999999999,760,8,0
2024-05-10 02:05:00,1.89429,1.8946800000000001,1.8942299999999999,1.89462,724,8,0
2024-05-10 02:10:00,1.89462,1.89503,1.89446,1.89492,759,8,0
2024-05-10 02:15:00,1.89492,1.89554,1.89471,1.8954499999999999,678,8,0
2024-05-10 02:20:00,1.8954499999999999,1.8957899999999999,1.89524,1.89551,662,8,0
2024-05-10 02:25:00,1.89551,1.89591,1.89546,1.8956499999999998,633,8,0
2024-05-10 02:30:00,1.89564,1.8959000000000001,1.89555,1.8958300000000001,619,8,0
2024-05-10 02:35:00,1.8958300000000001,1.8962400000000001,1.89573,1.8959899999999998,593,8,0
2024-05-10 02:40:00,1.8959899999999998,1.89609,1.8955899999999999,1.89569,538,8,0
2024-05-10 02:45:00,1.89568,1.8957600000000001,1.89539,1.89557,477,8,0
2024-05-10 02:50:00,1.8955600000000001,1.89587,1.8954900000000001,1.89553,498,8,0
2024-05-10 02:55:00,1.89553,1.89575,1.8954900000000001,1.8955600000000001,392,8,0
2024-05-10 03:00:00,1.89555,1.89558,1.89532,1.89543,411,8,0
2024-05-10 03:05:00,1.89544,1.8956499999999998,1.8952900000000001,1.8953,506,8,0
2024-05-10 03:10:00,1.89531,1.8957000000000002,1.89527,1.89544,400,8,0
2024-05-10 03:15:00,1.89542,1.8955199999999999,1.89533,1.89548,374,8,0
2024-05-10 03:20:00,1.89548,1.89548,1.89506,1.89506,337,8,0
2024-05-10 03:25:00,1.89506,1.89514,1.89486,1.8948800000000001,278,8,0
2024-05-10 03:30:00,1.89487,1.89496,1.8946399999999999,1.89485,448,8,0
2024-05-10 03:35:00,1.89485,1.89493,1.89474,1.89479,441,8,0
2024-05-10 03:40:00,1.89479,1.89544,1.89473,1.8952900000000001,415,8,0
2024-05-10 03:45:00,1.89527,1.89527,1.89499,1.89519,405,8,0
2024-05-10 03:50:00,1.89519,1.8952499999999999,1.89486,1.89494,437,8,0
2024-05-10 03:55:00,1.89494,1.89497,1.89466,1.8947,364,8,0
2024-05-10 04:00:00,1.8947,1.89472,1.89449,1.89455,274,8,0
2024-05-10 04:05:00,1.89455,1.89456,1.8944299999999998,1.8944999999999999,358,8,0
2024-05-10 04:10:00,1.89446,1.89455,1.89425,1.89425,412,8,0
2024-05-10 04:15:00,1.89425,1.8944299999999998,1.89405,1.8940700000000001,479,8,0
2024-05-10 04:20:00,1.8940700000000001,1.8943400000000001,1.89405,1.8942299999999999,240,8,0
2024-05-10 04:25:00,1.8942299999999999,1.89435,1.89415,1.89425,253,8,0
2024-05-10 04:30:00,1.89425,1.89449,1.89411,1.89439,310,8,0
2024-05-10 04:35:00,1.89439,1.89439,1.89419,1.8942299999999999,294,8,0
2024-05-10 04:40:00,1.8942299999999999,1.89428,1.89411,1.89419,311,8,0
2024-05-10 04:45:00,1.89419,1.8942700000000001,1.89408,1.89419,341,8,0
2024-05-10 04:50:00,1.89419,1.89432,1.89412,1.89431,439,8,0
2024-05-10 04:55:00,1.89433,1.8944,1.89412,1.89426,504,8,0
2024-05-10 05:00:00,1.89426,1.8942999999999999,1.8937599999999999,1.89383,395,8,0
2024-05-10 05:05:00,1.89383,1.8939300000000001,1.89363,1.8936899999999999,334,8,0
2024-05-10 05:10:00,1.89368,1.89371,1.89336,1.8936600000000001,469,8,0
2024-05-10 05:15:00,1.8936600000000001,1.89388,1.89343,1.8938700000000002,547,8,0
2024-05-10 05:20:00,1.8938700000000002,1.8939,1.89356,1.89364,456,8,0
2024-05-10 05:25:00,1.89363,1.89386,1.8935499999999998,1.89384,345,8,0
2024-05-10 05:30:00,1.89384,1.8945699999999999,1.8938199999999998,1.89445,650,8,0
2024-05-10 05:35:00,1.89444,1.89467,1.89415,1.89465,454,8,0
2024-05-10 05:40:00,1.89465,1.89465,1.89425,1.89428,364,8,0
2024-05-10 05:45:00,1.8942700000000001,1.8946399999999999,1.89415,1.89449,521,8,0
2024-05-10 05:50:00,1.89449,1.89449,1.89404,1.89436,431,8,0
2024-05-10 05:55:00,1.8943699999999999,1.8946399999999999,1.89422,1.89445,493,8,0
2024-05-10 06:00:00,1.89445,1.8968,1.89372,1.89608,1001,8,0
2024-05-10 06:05:00,1.89608,1.89648,1.8958,1.8961299999999999,862,8,0
2024-05-10 06:10:00,1.89612,1.89622,1.89566,1.89604,840,8,0
2024-05-10 06:15:00,1.89605,1.89645,1.89578,1.89642,623,8,0
2024-05-10 06:20:00,1.89642,1.89645,1.8961299999999999,1.89641,545,8,0
2024-05-10 06:25:00,1.89641,1.89697,1.89627,1.89686,553,8,0
2024-05-10 06:30:00,1.89686,1.89709,1.89662,1.89668,634,8,0
2024-05-10 06:35:00,1.89669,1.8971200000000001,1.89657,1.89702,611,8,0
2024-05-10 06:40:00,1.8970099999999999,1.89715,1.89645,1.89652,784,8,0
2024-05-10 06:45:00,1.8965100000000001,1.8965800000000002,1.89562,1.89571,799,8,0
2024-05-10 06:50:00,1.89571,1.89628,1.8955199999999999,1.89578,829,8,0
2024-05-10 06:55:00,1.89577,1.89675,1.89562,1.8964699999999999,888,8,0
2024-05-10 07:00:00,1.8964699999999999,1.89663,1.89574,1.8958,1049,8,0
2024-05-10 07:05:00,1.89582,1.89595,1.89539,1.8957000000000002,961,8,0
2024-05-10 07:10:00,1.8957000000000002,1.8957600000000001,1.8952200000000001,1.8954,953,8,0
2024-05-10 07:15:00,1.89539,1.89548,1.895,1.89548,811,8,0
2024-05-10 07:20:00,1.89546,1.89551,1.89487,1.89524,814,8,0
2024-05-10 07:25:00,1.8952499999999999,1.89573,1.8948800000000001,1.8956499999999998,790,8,0
2024-05-10 07:30:00,1.8956499999999998,1.8959000000000001,1.89532,1.8954499999999999,861,8,0
2024-05-10 07:35:00,1.8954499999999999,1.8958599999999999,1.8954499999999999,1.89562,934,8,0
2024-05-10 07:40:00,1.89561,1.89589,1.89542,1.8955600000000001,851,8,0
2024-05-10 07:45:00,1.8955600000000001,1.89588,1.8952200000000001,1.89574,844,8,0
2024-05-10 07:50:00,1.89574,1.89619,1.8955600000000001,1.8957199999999998,839,8,0
2024-05-10 07:55:00,1.8957000000000002,1.89574,1.89528,1.89534,679,8,0
2024-05-10 08:00:00,1.89534,1.89542,1.8949,1.89542,873,8,0
2024-05-10 08:05:00,1.89542,1.89574,1.89503,1.89521,1006,8,0
2024-05-10 08:10:00,1.89521,1.89575,1.8945400000000001,1.8946800000000001,797,8,0
2024-05-10 08:15:00,1.8946800000000001,1.89482,1.8944100000000001,1.8945699999999999,684,8,0
2024-05-10 08:20:00,1.8945699999999999,1.8951099999999999,1.89452,1.89507,654,8,0
2024-05-10 08:25:00,1.89507,1.8953,1.89499,1.8951500000000001,649,8,0
2024-05-10 08:30:00,1.8951500000000001,1.89546,1.89487,1.89492,773,8,0
2024-05-10 08:35:00,1.89492,1.89554,1.8949099999999999,1.89534,701,8,0
2024-05-10 08:40:00,1.89534,1.89542,1.89503,1.89542,643,8,0
2024-05-10 08:45:00,1.89542,1.89581,1.89532,1.89577,604,8,0
2024-05-10 08:50:00,1.89577,1.89627,1.8957600000000001,1.8962400000000001,656,8,0
2024-05-10 08:55:00,1.8962400000000001,1.89649,1.8959700000000002,1.8963299999999998,830,8,0
2024-05-10 09:00:00,1.8963299999999998,1.89663,1.89584,1.89595,822,8,0
2024-05-10 09:05:00,1.89595,1.89605,1.8955899999999999,1.89578,727,8,0
2024-05-10 09:10:00,1.89578,1.89628,1.89577,1.89625,662,8,0
2024-05-10 09:15:00,1.8962400000000001,1.89661,1.89611,1.8964400000000001,644,8,0
2024-05-10 09:20:00,1.8964400000000001,1.89646,1.89614,1.8963100000000002,611,8,0
2024-05-10 09:25:00,1.8963100000000002,1.8964400000000001,1.89585,1.89608,683,8,0
2024-05-10 09:30:00,1.89608,1.89618,1.8956300000000001,1.89591,533,8,0
2024-05-10 09:35:00,1.89591,1.89595,1.8955600000000001,1.8955899999999999,591,8,0
2024-05-10 09:40:00,1.8955899999999999,1.8957899999999999,1.8953799999999998,1.89555,655,8,0
2024-05-10 09:45:00,1.89555,1.89555,1.89526,1.89544,654,8,0
2024-05-10 09:50:00,1.89543,1.8955899999999999,1.89514,1.89516,509,8,0
2024-05-10 09:55:00,1.89516,1.89523,1.89493,1.8951099999999999,583,8,0
2024-05-10 10:00:00,1.89512,1.89531,1.89481,1.8952200000000001,650,8,0
2024-05-10 10:05:00,1.89523,1.89567,1.89514,1.8956,478,8,0
2024-05-10 10:10:00,1.8956,1.89582,1.8952200000000001,1.8953600000000002,555,8,0
2024-05-10 10:15:00,1.8953600000000002,1.89569,1.8952499999999999,1.8954499999999999,468,8,0
2024-05-10 10:20:00,1.8954499999999999,1.8954499999999999,1.8951,1.8952499999999999,520,8,0
2024-05-10 10:25:00,1.8952499999999999,1.8953799999999998,1.89505,1.8953600000000002,590,8,0
2024-05-10 10:30:00,1.8953600000000002,1.89541,1.8950200000000001,1.89527,556,8,0
2024-05-10 10:35:00,1.89527,1.89591,1.89526,1.89578,463,8,0
2024-05-10 10:40:00,1.8957899999999999,1.8961999999999999,1.8956300000000001,1.8961000000000001,457,8,0
2024-05-10 10:45:00,1.8961000000000001,1.89614,1.89577,1.896,481,8,0
2024-05-10 10:50:00,1.8959899999999998,1.89628,1.89575,1.89577,478,8,0
2024-05-10 10:55:00,1.89577,1.89601,1.89575,1.896,578,8,0
2024-05-10 11:00:00,1.896,1.8961299999999999,1.8958599999999999,1.89609,558,8,0
2024-05-10 11:05:00,1.8960599999999999,1.8963700000000001,1.8959000000000001,1.89608,520,8,0
2024-05-10 11:10:00,1.89607,1.8962400000000001,1.89596,1.89619,417,8,0
2024-05-10 11:15:00,1.89619,1.8964699999999999,1.8961000000000001,1.89634,454,8,0
2024-05-10 11:20:00,1.89634,1.8963700000000001,1.89605,1.89629,434,8,0
2024-05-10 11:25:00,1.89629,1.89639,1.8958599999999999,1.89596,499,8,0
2024-05-10 11:30:00,1.89596,1.8960599999999999,1.8958,1.8959899999999998,483,8,0
2024-05-10 11:35:00,1.8959899999999998,1.89621,1.89581,1.89595,472,8,0
2024-05-10 11:40:00,1.89595,1.89598,1.89513,1.89532,447,8,0
2024-05-10 11:45:00,1.89532,1.8955600000000001,1.89524,1.8954499999999999,343,8,0
2024-05-10 11:50:00,1.8954499999999999,1.8957000000000002,1.89543,1.8957000000000002,457,8,0
2024-05-10 11:55:00,1.8957000000000002,1.8967800000000001,1.8955899999999999,1.8967800000000001,622,8,0
2024-05-10 12:00:00,1.8967800000000001,1.89688,1.89629,1.89649,825,8,0
2024-05-10 12:05:00,1.89649,1.89677,1.89635,1.89639,517,8,0
2024-05-10 12:10:00,1.89638,1.89638,1.8955899999999999,1.8957899999999999,698,8,0
2024-05-10 12:15:00,1.8957899999999999,1.8959899999999998,1.89533,1.8955600000000001,641,8,0
2024-05-10 12:20:00,1.8955600000000001,1.8961299999999999,1.8955600000000001,1.8959000000000001,721,8,0
2024-05-10 12:25:00,1.8959000000000001,1.8959000000000001,1.89551,1.8955600000000001,522,8,0
2024-05-10 12:30:00,1.8955600000000001,1.89566,1.89451,1.89472,1181,8,0
2024-05-10 12:35:00,1.89472,1.89531,1.8946,1.89524,1063,8,0
2024-05-10 12:40:00,1.89523,1.8955600000000001,1.89445,1.8944800000000002,1088,8,0
2024-05-10 12:45:00,1.8944800000000002,1.89481,1.8942700000000001,1.89433,701,8,0
2024-05-10 12:50:00,1.89433,1.89485,1.8941599999999998,1.89471,979,8,0
2024-05-10 12:55:00,1.89469,1.8947500000000002,1.8942700000000001,1.89463,895,8,0
2024-05-10 13:00:00,1.89462,1.8948800000000001,1.8942999999999999,1.89479,913,8,0
2024-05-10 13:05:00,1.89479,1.89497,1.89462,1.8946800000000001,905,8,0
2024-05-10 13:10:00,1.8946800000000001,1.89481,1.89421,1.89453,879,8,0
2024-05-10 13:15:00,1.8945400000000001,1.8946,1.8941,1.89413,815,8,0
2024-05-10 13:20:00,1.89412,1.89424,1.8936,1.89363,846,8,0
2024-05-10 13:25:00,1.89363,1.89364,1.89323,1.89348,823,8,0
2024-05-10 13:30:00,1.89348,1.89392,1.8932799999999999,1.89388,997,8,0
2024-05-10 13:35:00,1.89388,1.8944100000000001,1.89371,1.8941599999999998,958,8,0
2024-05-10 13:40:00,1.8941599999999998,1.8946,1.89388,1.8945400000000001,971,8,0
2024-05-10 13:45:00,1.89453,1.89479,1.89352,1.8938000000000001,994,8,0
2024-05-10 13:50:00,1.89381,1.89386,1.89327,1.89329,910,8,0
2024-05-10 13:55:00,1.89329,1.89421,1.8930099999999999,1.89381,762,8,0
2024-05-10 14:00:00,1.89361,1.89553,1.89268,1.8946,1563,8,0
2024-05-10 14:05:00,1.89459,1.89479,1.89404,1.89439,1395,8,0
2024-05-10 14:10:00,1.89439,1.8951500000000001,1.89436,1.89466,1446,8,0
2024-05-10 14:15:00,1.8946,1.89496,1.8942999999999999,1.8947500000000002,1313,8,0
2024-05-10 14:20:00,1.89474,1.89555,1.8947,1.89555,1243,8,0
2024-05-10 14:25:00,1.89555,1.89628,1.89543,1.89543,1401,8,0
2024-05-10 14:30:00,1.89543,1.89557,1.89497,1.89532,1453,8,0
2024-05-10 14:35:00,1.89532,1.8957199999999998,1.89513,1.89533,1081,8,0
2024-05-10 14:40:00,1.89534,1.8957199999999998,1.8950399999999998,1.89512,1109,8,0
2024-05-10 14:45:00,1.89512,1.89539,1.89496,1.89514,1091,8,0
2024-05-10 14:50:00,1.89513,1.89513,1.89456,1.89478,1182,8,0
2024-05-10 14:55:00,1.89478,1.89482,1.8940700000000001,1.8942999999999999,1360,8,0
2024-05-10 15:00:00,1.89429,1.89532,1.89429,1.89506,1293,8,0
2024-05-10 15:05:00,1.89506,1.8955,1.8947500000000002,1.89503,1101,8,0
2024-05-10 15:10:00,1.8950399999999998,1.89507,1.89467,1.89486,983,8,0
2024-05-10 15:15:00,1.89486,1.89494,1.89455,1.89469,843,8,0
2024-05-10 15:20:00,1.89469,1.8953,1.89463,1.89519,820,8,0
2024-05-10 15:25:00,1.89519,1.89546,1.89505,1.89526,797,8,0
2024-05-10 15:30:00,1.89523,1.89554,1.89499,1.8950399999999998,653,8,0
2024-05-10 15:35:00,1.89503,1.8957000000000002,1.8949099999999999,1.8957000000000002,775,8,0
2024-05-10 15:40:00,1.89569,1.89603,1.8956300000000001,1.8959700000000002,719,8,0
2024-05-10 15:45:00,1.8959700000000002,1.89636,1.89594,1.89629,654,8,0
2024-05-10 15:50:00,1.89629,1.89643,1.8961700000000001,1.89634,666,8,0
2024-05-10 15:55:00,1.89634,1.89657,1.89608,1.89615,837,8,0
2024-05-10 16:00:00,1.89616,1.89648,1.89591,1.89645,1062,8,0
2024-05-10 16:05:00,1.89645,1.89669,1.89628,1.89659,843,8,0
2024-05-10 16:10:00,1.89659,1.89696,1.89612,1.89619,833,8,0
2024-05-10 16:15:00,1.89619,1.89698,1.89618,1.8969399999999998,661,8,0
2024-05-10 16:20:00,1.8969,1.8969,1.8963700000000001,1.89661,543,8,0
2024-05-10 16:25:00,1.89661,1.89702,1.89649,1.89652,533,8,0
2024-05-10 16:30:00,1.89652,1.89693,1.8965100000000001,1.89679,453,8,0
2024-05-10 16:35:00,1.89679,1.8968,1.89649,1.89662,467,8,0
2024-05-10 16:40:00,1.89663,1.8971,1.8965999999999998,1.8970799999999999,618,8,0
2024-05-10 16:45:00,1.8970799999999999,1.8971900000000002,1.8967100000000001,1.89679,529,8,0
2024-05-10 16:50:00,1.89679,1.8970099999999999,1.8966699999999999,1.89695,421,8,0
2024-05-10 16:55:00,1.89696,1.89738,1.89686,1.89716,469,8,0
2024-05-10 17:00:00,1.89716,1.89756,1.8970099999999999,1.89749,612,8,0
2024-05-10 17:05:00,1.89749,1.8978899999999999,1.89744,1.89788,473,8,0
2024-05-10 17:10:00,1.89788,1.8980299999999999,1.89779,1.89784,398,8,0
2024-05-10 17:15:00,1.89785,1.89785,1.8975499999999998,1.89759,639,8,0
2024-05-10 17:20:00,1.89759,1.8976199999999999,1.89731,1.89738,572,8,0
2024-05-10 17:25:00,1.89738,1.8975,1.89715,1.89718,473,8,0
2024-05-10 17:30:00,1.8971900000000002,1.8973,1.89684,1.8971900000000002,479,8,0
2024-05-10 17:35:00,1.8971900000000002,1.89731,1.89693,1.8971,401,8,0
2024-05-10 17:40:00,1.8971,1.89724,1.897,1.8971,410,8,0
2024-05-10 17:45:00,1.8971,1.89733,1.89706,1.89727,442,8,0
2024-05-10 17:50:00,1.89727,1.8974199999999999,1.8971900000000002,1.8972799999999999,405,8,0
2024-05-10 17:55:00,1.8972799999999999,1.8972799999999999,1.89669,1.89669,487,8,0
2024-05-10 18:00:00,1.89669,1.89722,1.89664,1.8972099999999998,467,8,0
2024-05-10 18:05:00,1.89722,1.8972799999999999,1.8970799999999999,1.8971,418,8,0
2024-05-10 18:10:00,1.8971,1.89725,1.89702,1.8970799999999999,425,8,0
2024-05-10 18:15:00,1.8970799999999999,1.89714,1.8969200000000002,1.89699,402,8,0
2024-05-10 18:20:00,1.897,1.8971200000000001,1.8969200000000002,1.8970799999999999,364,8,0
2024-05-10 18:25:00,1.8970799999999999,1.89711,1.89693,1.89699,344,8,0
2024-05-10 18:30:00,1.89699,1.89707,1.89691,1.89693,275,8,0
2024-05-10 18:35:00,1.89693,1.89699,1.8967399999999999,1.89677,237,8,0
2024-05-10 18:40:00,1.8967800000000001,1.8968500000000001,1.89663,1.89682,260,8,0
2024-05-10 18:45:00,1.89682,1.8970099999999999,1.89679,1.89686,271,8,0
2024-05-10 18:50:00,1.8968500000000001,1.89696,1.89653,1.89666,302,8,0
2024-05-10 18:55:00,1.89665,1.89665,1.8963100000000002,1.89639,579,8,0
2024-05-10 19:00:00,1.89639,1.89676,1.89639,1.8965100000000001,354,8,0
2024-05-10 19:05:00,1.89652,1.89652,1.89632,1.89634,395,8,0
2024-05-10 19:10:00,1.89634,1.89643,1.8962400000000001,1.8963100000000002,307,8,0
2024-05-10 19:15:00,1.89632,1.89638,1.89614,1.8962599999999998,237,8,0
2024-05-10 19:20:00,1.89625,1.89635,1.89604,1.89608,216,8,0
2024-05-10 19:25:00,1.89608,1.89608,1.8957600000000001,1.89578,238,8,0
2024-05-10 19:30:00,1.89578,1.89608,1.89571,1.8960599999999999,249,8,0
2024-05-10 19:35:00,1.8960599999999999,1.89621,1.8959899999999998,1.89612,287,8,0
2024-05-10 19:40:00,1.89612,1.89639,1.89609,1.8963100000000002,380,8,0
2024-05-10 19:45:00,1.89632,1.89649,1.89627,1.89646,370,8,0
2024-05-10 19:50:00,1.89646,1.89646,1.89615,1.89618,505,8,0
2024-05-10 19:55:00,1.89619,1.8963700000000001,1.89615,1.89632,477,8,0
2024-05-10 20:00:00,1.8963299999999998,1.89652,1.89629,1.89645,330,8,0
2024-05-10 20:05:00,1.89646,1.89656,1.89645,1.89653,116,8,0
2024-05-10 20:10:00,1.89652,1.8967399999999999,1.89645,1.89672,169,8,0
2024-05-10 20:15:00,1.8967100000000001,1.89677,1.89662,1.8967100000000001,155,8,0
2024-05-10 20:20:00,1.8967100000000001,1.89686,1.89666,1.8966699999999999,145,8,0
2024-05-10 20:25:00,1.8966699999999999,1.89686,1.89666,1.89673,212,6,0
2024-05-10 20:30:00,1.89673,1.89683,1.89657,1.8968099999999999,143,8,0
2024-05-10 20:35:00,1.8968099999999999,1.89709,1.8968,1.8970099999999999,137,8,0
2024-05-10 20:40:00,1.89703,1.89704,1.89659,1.89659,130,8,0
2024-05-10 20:45:00,1.89659,1.89676,1.89629,1.89672,201,8,0
2024-05-10 20:50:00,1.89672,1.89683,1.89652,1.89653,141,8,0
2024-05-12 21:05:00,1.89519,1.89527,1.8947699999999998,1.8952,19,191,0
2024-05-12 21:10:00,1.8952,1.89573,1.89487,1.8954499999999999,45,119,0
2024-05-12 21:15:00,1.8954499999999999,1.89558,1.89519,1.8954,37,126,0
2024-05-12 21:20:00,1.89535,1.8956,1.8952499999999999,1.89553,39,129,0
2024-05-12 21:25:00,1.89553,1.89589,1.8953,1.89555,30,113,0
2024-05-12 21:30:00,1.89547,1.8963100000000002,1.89539,1.89627,42,67,0
2024-05-12 21:35:00,1.8962599999999998,1.8963,1.89595,1.8962400000000001,52,77,0
2024-05-12 21:40:00,1.8962599999999998,1.89634,1.89619,1.8963299999999998,41,76,0
2024-05-12 21:45:00,1.8963100000000002,1.8963100000000002,1.89594,1.89623,20,76,0
2024-05-12 21:50:00,1.89623,1.89643,1.8959000000000001,1.8961299999999999,51,50,0
2024-05-12 21:55:00,1.8961299999999999,1.89657,1.89561,1.89657,67,58,0
2024-05-12 22:00:00,1.8964699999999999,1.8969,1.89592,1.8969,235,13,0
2024-05-12 22:05:00,1.8969,1.89706,1.8967800000000001,1.8970500000000001,57,13,0
2024-05-12 22:10:00,1.89704,1.8970799999999999,1.8967800000000001,1.8968,65,14,0
2024-05-12 22:15:00,1.8968,1.89683,1.8967800000000001,1.8968099999999999,22,12,0
2024-05-12 22:20:00,1.8968099999999999,1.89696,1.89666,1.8968,167,8,0
2024-05-12 22:25:00,1.8968,1.89682,1.89664,1.89665,78,8,0
2024-05-12 22:30:00,1.89665,1.89672,1.89618,1.89625,200,8,0
2024-05-12 22:35:00,1.89627,1.89645,1.89609,1.89622,190,8,0
2024-05-12 22:40:00,1.89622,1.89657,1.89615,1.89645,221,8,0
2024-05-12 22:45:00,1.89645,1.8964699999999999,1.89629,1.89632,127,8,0
2024-05-12 22:50:00,1.89632,1.89652,1.89629,1.8964400000000001,81,8,0
2024-05-12 22:55:00,1.8964400000000001,1.89676,1.89608,1.8967,153,8,0
2024-05-12 23:00:00,1.8967,1.8967399999999999,1.8963700000000001,1.89638,169,8,0
2024-05-12 23:05:00,1.89638,1.89641,1.89614,1.8963,126,8,0
2024-05-12 23:10:00,1.8963,1.8963700000000001,1.89609,1.8963,122,8,0
2024-05-12 23:15:00,1.8963,1.89642,1.89614,1.89634,92,8,0
2024-05-12 23:20:00,1.89634,1.89634,1.8959899999999998,1.89629,91,8,0
2024-05-12 23:25:00,1.89629,1.89629,1.896,1.89605,129,8,0
2024-05-12 23:30:00,1.89605,1.8963,1.89596,1.8962400000000001,143,8,0
2024-05-12 23:35:00,1.8962400000000001,1.8968,1.8962400000000001,1.89659,110,8,0
2024-05-12 23:40:00,1.89659,1.89661,1.8963700000000001,1.8965,133,8,0
2024-05-12 23:45:00,1.8965,1.8967,1.8963700000000001,1.89652,142,8,0
2024-05-12 23:50:00,1.89652,1.89703,1.8965100000000001,1.89699,216,8,0
2024-05-12 23:55:00,1.897,1.8973,1.89693,1.89723,282,8,0
2024-05-13 00:00:00,1.89723,1.89772,1.8970099999999999,1.8970099999999999,664,8,0
2024-05-13 00:05:00,1.8970099999999999,1.8970099999999999,1.89641,1.8965800000000002,560,8,0
2024-05-13 00:10:00,1.8965800000000002,1.8967100000000001,1.89621,1.89629,556,8,0
2024-05-13 00:15:00,1.89628,1.897,1.8962599999999998,1.8969,483,8,0
2024-05-13 00:20:00,1.8969,1.8977300000000001,1.89686,1.8977,520,8,0
2024-05-13 00:25:00,1.8977,1.89772,1.8973200000000001,1.8973499999999999,489,8,0
2024-05-13 00:30:00,1.8973499999999999,1.8980000000000001,1.8973200000000001,1.89791,591,8,0
2024-05-13 00:35:00,1.89791,1.89804,1.89754,1.8976199999999999,640,8,0
2024-05-13 00:40:00,1.8976199999999999,1.8978199999999998,1.89748,1.8976899999999999,415,8,0
2024-05-13 00:45:00,1.8976899999999999,1.89786,1.8975300000000002,1.89759,491,8,0
2024-05-13 00:50:00,1.89759,1.89851,1.89758,1.89802,767,8,0
2024-05-13 00:55:00,1.89801,1.89873,1.89799,1.89848,551,8,0
2024-05-13 01:00:00,1.89848,1.8987500000000002,1.89811,1.8986,646,8,0
2024-05-13 01:05:00,1.8986,1.8989,1.89844,1.89889,492,8,0
2024-05-13 01:10:00,1.89889,1.89909,1.89795,1.89873,878,8,0
2024-05-13 01:15:00,1.89873,1.89957,1.8986800000000001,1.8995199999999999,803,8,0
2024-05-13 01:20:00,1.8995199999999999,1.89954,1.89898,1.89912,742,8,0
2024-05-13 01:25:00,1.89912,1.89954,1.8990399999999998,1.8994499999999999,702,8,0
2024-05-13 01:30:00,1.8994499999999999,1.89973,1.8989500000000001,1.89971,823,8,0
2024-05-13 01:35:00,1.89971,1.90032,1.89939,1.90012,914,8,0
2024-05-13 01:40:00,1.90012,1.90099,1.90002,1.9007800000000001,786,8,0
2024-05-13 01:45:00,1.9007800000000001,1.90096,1.90043,1.9005100000000001,693,8,0
2024-05-13 01:50:00,1.9005100000000001,1.90079,1.90035,1.90069,666,8,0
2024-05-13 01:55:00,1.90069,1.9008,1.90049,1.90072,539,8,0
2024-05-13 02:00:00,1.90072,1.9007800000000001,1.89998,1.90029,721,8,0
2024-05-13 02:05:00,1.9003,1.90055,1.9000599999999999,1.90009,559,8,0
2024-05-13 02:10:00,1.90009,1.90012,1.89966,1.89985,610,8,0
2024-05-13 02:15:00,1.89984,1.90001,1.8995600000000001,1.89961,531,8,0
2024-05-13 02:20:00,1.89962,1.89974,1.89931,1.89964,393,8,0
2024-05-13 02:25:00,1.89964,1.9001000000000001,1.89951,1.89985,438,8,0
2024-05-13 02:30:00,1.89988,1.89993,1.8989500000000001,1.89896,526,8,0
2024-05-13 02:35:00,1.89896,1.89901,1.89856,1.89872,742,8,0
2024-05-13 02:40:00,1.89872,1.89907,1.89859,1.89881,558,8,0
2024-05-13 02:45:00,1.8988,1.89881,1.89784,1.8979300000000001,682,8,0
2024-05-13 02:50:00,1.8979300000000001,1.8984,1.89788,1.8979599999999999,574,8,0
2024-05-13 02:55:00,1.8979599999999999,1.89833,1.89788,1.89821,594,8,0
2024-05-13 03:00:00,1.89821,1.89871,1.89821,1.89832,786,8,0
2024-05-13 03:05:00,1.89832,1.89855,1.89819,1.89855,665,8,0
2024-05-13 03:10:00,1.89855,1.89898,1.8984999999999999,1.8988800000000001,722,8,0
2024-05-13 03:15:00,1.8988800000000001,1.89926,1.89869,1.89924,504,8,0
2024-05-13 03:20:00,1.89923,1.89934,1.89869,1.8988,597,8,0
2024-05-13 03:25:00,1.89881,1.8988800000000001,1.89828,1.8984,668,8,0
2024-05-13 03:30:00,1.8984,1.8986399999999999,1.89832,1.8984,453,8,0
2024-05-13 03:35:00,1.8984100000000002,1.89847,1.89818,1.8982999999999999,579,8,0
2024-05-13 03:40:00,1.8982999999999999,1.89845,1.89819,1.89831,533,8,0
2024-05-13 03:45:00,1.89831,1.89836,1.89802,1.89811,439,8,0
2024-05-13 03:50:00,1.89811,1.89837,1.8980700000000001,1.8982999999999999,414,8,0
2024-05-13 03:55:00,1.8982999999999999,1.89852,1.89826,1.8982999999999999,278,8,0
2024-05-13 04:00:00,1.8982999999999999,1.89833,1.89806,1.89818,382,8,0
2024-05-13 04:05:00,1.89818,1.89845,1.89805,1.89844,375,8,0
2024-05-13 04:10:00,1.89844,1.8989500000000001,1.89839,1.89885,369,8,0
2024-05-13 04:15:00,1.89885,1.89909,1.89878,1.89908,281,8,0
2024-05-13 04:20:00,1.89908,1.89943,1.8990200000000002,1.89942,276,8,0
2024-05-13 04:25:00,1.89941,1.8994499999999999,1.89921,1.89937,302,8,0
2024-05-13 04:30:00,1.89937,1.89939,1.8991,1.89917,400,8,0
2024-05-13 04:35:00,1.89917,1.89947,1.8991500000000001,1.8992499999999999,300,8,0
2024-05-13 04:40:00,1.8992499999999999,1.8994,1.8989099999999999,1.89893,259,8,0
2024-05-13 04:45:00,1.89893,1.8990399999999998,1.8986800000000001,1.8990399999999998,316,8,0
2024-05-13 04:50:00,1.8990399999999998,1.89932,1.89886,1.89909,413,8,0
2024-05-13 04:55:00,1.89909,1.89924,1.89901,1.8991500000000001,426,8,0
2024-05-13 05:00:00,1.8991500000000001,1.89916,1.89871,1.89886,427,8,0
2024-05-13 05:05:00,1.8988399999999999,1.89901,1.89869,1.89876,401,8,0
2024-05-13 05:10:00,1.8987699999999998,1.89896,1.89872,1.8988800000000001,467,8,0
2024-05-13 05:15:00,1.8988800000000001,1.89912,1.89885,1.89903,488,8,0
2024-05-13 05:20:00,1.89903,1.89927,1.8989,1.89905,379,8,0
2024-05-13 05:25:00,1.89905,1.89905,1.89866,1.89873,383,8,0
2024-05-13 05:30:00,1.89873,1.8989,1.89858,1.89882,544,8,0
2024-05-13 05:35:00,1.89882,1.89928,1.89866,1.8991,570,8,0
2024-05-13 05:40:00,1.8991,1.89934,1.89903,1.89934,476,8,0
2024-05-13 05:45:00,1.89933,1.89942,1.89921,1.89935,664,8,0
2024-05-13 05:50:00,1.89935,1.89973,1.89927,1.89967,607,8,0
2024-05-13 05:55:00,1.89967,1.9,1.8996300000000002,1.89995,548,8,0
2024-05-13 06:00:00,1.89995,1.90007,1.89958,1.89969,877,8,0
2024-05-13 06:05:00,1.89968,1.90001,1.89959,1.89967,687,8,0
2024-05-13 06:10:00,1.89967,1.8997000000000002,1.89934,1.89947,632,8,0
2024-05-13 06:15:00,1.89947,1.89953,1.89893,1.89903,528,8,0
2024-05-13 06:20:00,1.8990399999999998,1.8995,1.89898,1.89948,490,8,0
2024-05-13 06:25:00,1.89948,1.8999000000000001,1.8993799999999998,1.8997000000000002,482,8,0
2024-05-13 06:30:00,1.8997000000000002,1.89973,1.89863,1.89872,600,8,0
2024-05-13 06:35:00,1.89874,1.89883,1.8984100000000002,1.89859,459,8,0
2024-05-13 06:40:00,1.89859,1.89885,1.89856,1.89882,383,8,0
2024-05-13 06:45:00,1.89881,1.89889,1.89819,1.8982,455,8,0
2024-05-13 06:50:00,1.8982,1.89853,1.89817,1.89845,429,8,0
2024-05-13 06:55:00,1.89845,1.89853,1.89812,1.89845,628,8,0
2024-05-13 07:00:00,1.89846,1.89874,1.8984,1.8985699999999999,638,8,0
2024-05-13 07:05:00,1.89858,1.89858,1.8973900000000001,1.8974600000000001,577,8,0
2024-05-13 07:10:00,1.8974600000000001,1.89772,1.8970799999999999,1.89729,728,8,0
2024-05-13 07:15:00,1.89729,1.89729,1.89663,1.89696,707,8,0
2024-05-13 07:20:00,1.89696,1.89733,1.89629,1.8965,635,8,0
2024-05-13 07:25:00,1.8965,1.89662,1.8958599999999999,1.89605,654,8,0
2024-05-13 07:30:00,1.89605,1.8965800000000002,1.89584,1.8962599999999998,629,8,0
2024-05-13 07:35:00,1.8962599999999998,1.8972,1.89622,1.89706,582,8,0
2024-05-13 07:40:00,1.89706,1.8976600000000001,1.89697,1.89745,715,8,0
2024-05-13 07:45:00,1.89745,1.89765,1.89698,1.89698,569,8,0
2024-05-13 07:50:00,1.89698,1.89716,1.8969,1.89693,532,8,0
2024-05-13 07:55:00,1.89693,1.8971,1.89643,1.89657,557,8,0
2024-05-13 08:00:00,1.89657,1.8968699999999998,1.8961299999999999,1.8964400000000001,722,8,0
2024-05-13 08:05:00,1.8964400000000001,1.89656,1.89611,1.89653,594,8,0
2024-05-13 08:10:00,1.89653,1.89684,1.89635,1.89682,614,8,0
2024-05-13 08:15:00,1.89682,1.89697,1.89659,1.89672,575,8,0
2024-05-13 08:20:00,1.89672,1.8969399999999998,1.8965800000000002,1.89675,526,8,0
2024-05-13 08:25:00,1.89675,1.89679,1.89629,1.8963700000000001,563,8,0
2024-05-13 08:30:00,1.89636,1.89643,1.89603,1.89603,584,8,0
2024-05-13 08:35:00,1.89603,1.89638,1.89588,1.89628,529,8,0
2024-05-13 08:40:00,1.89628,1.8964699999999999,1.89622,1.8963700000000001,579,8,0
2024-05-13 08:45:00,1.8963700000000001,1.8967,1.89616,1.8961700000000001,624,8,0
2024-05-13 08:50:00,1.89618,1.89642,1.8958599999999999,1.89618,650,8,0
2024-05-13 08:55:00,1.89618,1.89669,1.89595,1.89661,691,8,0
2024-05-13 09:00:00,1.89661,1.89675,1.8960599999999999,1.89627,691,8,0
2024-05-13 09:05:00,1.89627,1.8963100000000002,1.89566,1.89588,488,8,0
2024-05-13 09:10:00,1.89588,1.8959000000000001,1.89542,1.89546,501,8,0
2024-05-13 09:15:00,1.89546,1.89577,1.8953799999999998,1.8955899999999999,514,8,0
2024-05-13 09:20:00,1.8955899999999999,1.89587,1.8955,1.8958300000000001,504,8,0
2024-05-13 09:25:00,1.8958300000000001,1.89604,1.8956,1.8959899999999998,538,8,0
2024-05-13 09:30:00,1.89598,1.8961299999999999,1.8959000000000001,1.89602,461,8,0
2024-05-13 09:35:00,1.89602,1.89611,1.89568,1.89569,498,8,0
2024-05-13 09:40:00,1.8957000000000002,1.89578,1.8955199999999999,1.89571,435,8,0
2024-05-13 09:45:00,1.89571,1.8961000000000001,1.89535,1.89598,470,8,0
2024-05-13 09:50:00,1.89598,1.89609,1.89575,1.89601,558,8,0
2024-05-13 09:55:00,1.89601,1.89604,1.8956,1.89568,550,8,0
2024-05-13 10:00:00,1.89568,1.89589,1.89553,1.89585,576,8,0
2024-05-13 10:05:00,1.89585,1.89585,1.8955199999999999,1.89557,495,8,0
2024-05-13 10:10:00,1.89557,1.89587,1.89553,1.8958599999999999,356,8,0
2024-05-13 10:15:00,1.8958599999999999,1.89591,1.89558,1.89581,295,8,0
2024-05-13 10:20:00,1.89582,1.89598,1.8953799999999998,1.89542,385,8,0
2024-05-13 10:25:00,1.89542,1.89557,1.89523,1.89548,450,8,0
2024-05-13 10:30:00,1.8954900000000001,1.8959000000000001,1.89548,1.8957199999999998,581,8,0
2024-05-13 10:35:00,1.8957199999999998,1.89616,1.89566,1.8961299999999999,485,8,0
2024-05-13 10:40:00,1.8961299999999999,1.89652,1.89585,1.89649,567,8,0
2024-05-13 10:45:00,1.89649,1.89655,1.89612,1.8963299999999998,424,8,0
2024-05-13 10:50:00,1.89632,1.8970799999999999,1.89628,1.8969,551,8,0
2024-05-13 10:55:00,1.8969,1.89702,1.89602,1.89618,651,8,0
2024-05-13 11:00:00,1.89618,1.8967,1.89587,1.89662,596,8,0
2024-05-13 11:05:00,1.89662,1.8966699999999999,1.89645,1.89655,507,8,0
2024-05-13 11:10:00,1.89655,1.89686,1.89655,1.89666,436,8,0
2024-05-13 11:15:00,1.89666,1.8969,1.89623,1.89625,667,8,0
2024-05-13 11:20:00,1.89625,1.89639,1.89594,1.89596,559,8,0
2024-05-13 11:25:00,1.89596,1.89623,1.89595,1.89609,480,8,0
2024-05-13 11:30:00,1.89609,1.8963299999999998,1.8959000000000001,1.8963100000000002,448,8,0
2024-05-13 11:35:00,1.8963100000000002,1.89654,1.8962400000000001,1.89643,568,8,0
2024-05-13 11:40:00,1.89643,1.89723,1.89638,1.89723,604,8,0
2024-05-13 11:45:00,1.89722,1.89723,1.89627,1.89641,733,8,0
2024-05-13 11:50:00,1.89641,1.89657,1.89601,1.8961299999999999,579,8,0
2024-05-13 11:55:00,1.8961299999999999,1.8963,1.89584,1.89608,676,8,0
2024-05-13 12:00:00,1.89608,1.8961000000000001,1.8953,1.8955,829,8,0
2024-05-13 12:05:00,1.8954900000000001,1.89577,1.89527,1.89537,648,8,0
2024-05-13 12:10:00,1.89535,1.8956,1.89521,1.8953799999999998,617,8,0
2024-05-13 12:15:00,1.89539,1.89568,1.8952200000000001,1.89558,784,8,0
2024-05-13 12:20:00,1.8955600000000001,1.8958300000000001,1.89541,1.89541,826,8,0
2024-05-13 12:25:00,1.89541,1.89573,1.89541,1.8954900000000001,628,8,0
2024-05-13 12:30:00,1.8954900000000001,1.8956300000000001,1.8949799999999999,1.89546,788,8,0
2024-05-13 12:35:00,1.89546,1.8959000000000001,1.89546,1.8959000000000001,673,8,0
2024-05-13 12:40:00,1.8959000000000001,1.89592,1.89516,1.89541,779,8,0
2024-05-13 12:45:00,1.89542,1.8956,1.89521,1.8955,753,8,0
2024-05-13 12:50:00,1.8955,1.8961299999999999,1.89543,1.89598,865,8,0
2024-05-13 12:55:00,1.89598,1.89623,1.89585,1.8959000000000001,782,8,0
2024-05-13 13:00:00,1.89589,1.89602,1.89544,1.89554,871,8,0
2024-05-13 13:05:00,1.89553,1.89558,1.895,1.8951500000000001,680,8,0
2024-05-13 13:10:00,1.8951500000000001,1.89534,1.8949500000000001,1.89508,868,8,0
2024-05-13 13:15:00,1.89508,1.89535,1.89462,1.89524,934,8,0
2024-05-13 13:20:00,1.8952200000000001,1.89574,1.89516,1.8952499999999999,849,8,0
2024-05-13 13:25:00,1.8952499999999999,1.89588,1.8952,1.89588,681,8,0
2024-05-13 13:30:00,1.8958599999999999,1.8959700000000002,1.89528,1.8954900000000001,1257,8,0
2024-05-13 13:35:00,1.8954900000000001,1.89601,1.89533,1.89591,1119,8,0
2024-05-13 13:40:00,1.89591,1.89676,1.89584,1.89675,1100,8,0
2024-05-13 13:45:00,1.89675,1.89748,1.89668,1.89747,1034,8,0
2024-05-13 13:50:00,1.8974600000000001,1.89776,1.89715,1.8976199999999999,1015,8,0
2024-05-13 13:55:00,1.89759,1.8976600000000001,1.8973,1.89751,843,8,0
2024-05-13 14:00:00,1.8975,1.8978000000000002,1.89741,1.8976600000000001,966,8,0
2024-05-13 14:05:00,1.8976600000000001,1.8980299999999999,1.89764,1.8977300000000001,898,8,0
2024-05-13 14:10:00,1.8977300000000001,1.8980299999999999,1.89763,1.89785,893,8,0
2024-05-13 14:15:00,1.89785,1.89806,1.89757,1.89798,908,8,0
2024-05-13 14:20:00,1.89798,1.89852,1.89798,1.89821,893,8,0
2024-05-13 14:25:00,1.89821,1.89855,1.89817,1.8982,792,8,0
2024-05-13 14:30:00,1.8982,1.89859,1.8980299999999999,1.89831,1024,8,0
2024-05-13 14:35:00,1.89831,1.8983400000000001,1.8980299999999999,1.89825,800,8,0
2024-05-13 14:40:00,1.89825,1.89828,1.89781,1.89798,899,8,0
2024-05-13 14:45:00,1.89798,1.8980700000000001,1.89752,1.89756,960,8,0
2024-05-13 14:50:00,1.8975499999999998,1.8978199999999998,1.89736,1.89751,978,8,0
2024-05-13 14:55:00,1.89751,1.8976600000000001,1.8970799999999999,1.8973200000000001,1070,8,0
2024-05-13 15:00:00,1.89731,1.89921,1.89727,1.8985400000000001,1356,8,0
2024-05-13 15:05:00,1.8985400000000001,1.8995,1.8985400000000001,1.89947,1310,8,0
2024-05-13 15:10:00,1.89947,1.9003299999999999,1.8992499999999999,1.8998599999999999,1115,8,0
2024-05-13 15:15:00,1.8998599999999999,1.89996,1.89955,1.89973,859,8,0
2024-05-13 15:20:00,1.89973,1.90001,1.89954,1.89962,919,8,0
2024-05-13 15:25:00,1.8996300000000002,1.90009,1.8995199999999999,1.9,950,8,0
2024-05-13 15:30:00,1.9,1.90032,1.89977,1.8998300000000001,943,8,0
2024-05-13 15:35:00,1.89981,1.90032,1.89968,1.90025,919,8,0
2024-05-13 15:40:00,1.90025,1.90052,1.90002,1.9001000000000001,859,8,0
2024-05-13 15:45:00,1.9001299999999999,1.9004699999999999,1.89995,1.9003999999999999,830,8,0
2024-05-13 15:50:00,1.90041,1.90055,1.8997899999999999,1.89996,687,8,0
2024-05-13 15:55:00,1.8999700000000002,1.90032,1.8999700000000002,1.90032,644,8,0
2024-05-13 16:00:00,1.90032,1.90032,1.8998,1.89989,684,8,0
2024-05-13 16:05:00,1.89989,1.90032,1.89985,1.9001000000000001,491,8,0
2024-05-13 16:10:00,1.9001000000000001,1.9003,1.90005,1.90029,645,8,0
2024-05-13 16:15:00,1.9003,1.9004400000000001,1.90019,1.90035,592,8,0
2024-05-13 16:20:00,1.90035,1.90061,1.90034,1.90053,417,8,0
2024-05-13 16:25:00,1.90053,1.90075,1.90046,1.90064,739,8,0
2024-05-13 16:30:00,1.90065,1.9012099999999998,1.90057,1.90102,632,8,0
2024-05-13 16:35:00,1.90104,1.9011,1.90086,1.90091,535,8,0
2024-05-13 16:40:00,1.90091,1.90096,1.90059,1.90083,599,8,0
2024-05-13 16:45:00,1.90083,1.90107,1.90066,1.9010500000000001,625,8,0
2024-05-13 16:50:00,1.9010500000000001,1.90126,1.90086,1.90097,512,8,0
2024-05-13 16:55:00,1.90097,1.90107,1.9008099999999999,1.90097,487,8,0
2024-05-13 17:00:00,1.90097,1.90137,1.90086,1.90136,621,8,0
2024-05-13 17:05:00,1.90137,1.90138,1.9008699999999998,1.90125,734,8,0
2024-05-13 17:10:00,1.90125,1.9015499999999999,1.90123,1.90145,505,8,0
2024-05-13 17:15:00,1.90145,1.9016199999999999,1.90114,1.90143,461,8,0
2024-05-13 17:20:00,1.90143,1.90143,1.90062,1.9007,511,8,0
2024-05-13 17:25:00,1.9007,1.90075,1.90035,1.90057,541,8,0
2024-05-13 17:30:00,1.90057,1.90069,1.90041,1.90068,492,8,0
2024-05-13 17:35:00,1.90068,1.90073,1.90056,1.90064,478,8,0
2024-05-13 17:40:00,1.90065,1.90086,1.9005999999999998,1.9007800000000001,432,8,0
2024-05-13 17:45:00,1.90077,1.9011,1.9007,1.9008099999999999,393,8,0
2024-05-13 17:50:00,1.9008099999999999,1.901,1.9005999999999998,1.90083,453,8,0
2024-05-13 17:55:00,1.90083,1.9008699999999998,1.90061,1.9008099999999999,396,8,0
2024-05-13 18:00:00,1.9008099999999999,1.90093,1.90061,1.90068,484,8,0
2024-05-13 18:05:00,1.90068,1.9009399999999999,1.90064,1.9008500000000002,575,8,0
2024-05-13 18:10:00,1.9008500000000002,1.90093,1.9007100000000001,1.9007800000000001,423,8,0
2024-05-13 18:15:00,1.90077,1.90084,1.90057,1.90077,445,8,0
2024-05-13 18:20:00,1.90077,1.9007800000000001,1.9004400000000001,1.90056,429,8,0
2024-05-13 18:25:00,1.90056,1.90057,1.90036,1.90048,479,8,0
2024-05-13 18:30:00,1.90048,1.90052,1.90012,1.9003299999999999,453,8,0
2024-05-13 18:35:00,1.9003299999999999,1.9004699999999999,1.9003,1.9004400000000001,394,8,0
2024-05-13 18:40:00,1.9004400000000001,1.9004400000000001,1.90002,1.90011,457,8,0
2024-05-13 18:45:00,1.90011,1.90068,1.90008,1.90056,372,8,0
2024-05-13 18:50:00,1.90056,1.90063,1.90022,1.9002400000000002,493,8,0
2024-05-13 18:55:00,1.9002400000000002,1.90027,1.89995,1.9001000000000001,478,8,0
2024-05-13 19:00:00,1.90009,1.90015,1.89996,1.90005,365,8,0
2024-05-13 19:05:00,1.90005,1.90039,1.8999899999999998,1.9002400000000002,399,8,0
2024-05-13 19:10:00,1.9002400000000002,1.90042,1.90014,1.90022,433,8,0
2024-05-13 19:15:00,1.90022,1.9002599999999998,1.90004,1.9001700000000001,542,8,0
2024-05-13 19:20:00,1.9001700000000001,1.90041,1.9001000000000001,1.9002599999999998,604,8,0
2024-05-13 19:25:00,1.9002599999999998,1.90045,1.90018,1.90027,586,8,0
2024-05-13 19:30:00,1.90027,1.90039,1.90021,1.90035,423,8,0
2024-05-13 19:35:00,1.9003700000000001,1.90043,1.9002400000000002,1.90042,444,8,0
2024-05-13 19:40:00,1.90042,1.90042,1.9002599999999998,1.90036,435,8,0
2024-05-13 19:45:00,1.90036,1.9005800000000002,1.90023,1.90028,482,8,0
2024-05-13 19:50:00,1.90028,1.9003999999999999,1.90019,1.9002599999999998,313,8,0
2024-05-13 19:55:00,1.9002599999999998,1.90041,1.90008,1.90021,441,8,0
2024-05-13 20:00:00,1.90021,1.9002400000000002,1.90003,1.90018,332,8,0
2024-05-13 20:05:00,1.90018,1.9003700000000001,1.90012,1.9003299999999999,128,8,0
2024-05-13 20:10:00,1.9003299999999999,1.90034,1.90021,1.9002599999999998,115,8,0
2024-05-13 20:15:00,1.9002599999999998,1.9003999999999999,1.90023,1.90023,179,8,0
2024-05-13 20:20:00,1.90023,1.9002599999999998,1.9000599999999999,1.90008,57,8,0
2024-05-13 20:25:00,1.90008,1.90043,1.9000599999999999,1.90043,168,8,0
2024-05-13 20:30:00,1.90043,1.9005,1.9002400000000002,1.90038,182,8,0
2024-05-13 20:35:00,1.90038,1.90045,1.9002599999999998,1.90043,122,8,0
2024-05-13 20:40:00,1.90043,1.90069,1.90028,1.90061,236,8,0
2024-05-13 20:45:00,1.90061,1.90069,1.90042,1.90061,172,8,0
2024-05-13 20:50:00,1.90061,1.90072,1.90052,1.9006699999999999,105,8,0
2024-05-13 20:55:00,1.90069,1.90072,1.90048,1.90052,124,8,0
2024-05-13 21:00:00,1.90041,1.90041,1.89786,1.8994499999999999,35,34,0
2024-05-13 21:05:00,1.8995,1.9008099999999999,1.8995,1.9003700000000001,97,87,0
2024-05-13 21:10:00,1.9003700000000001,1.9007100000000001,1.9001000000000001,1.90015,80,60,0
2024-05-13 21:15:00,1.90015,1.90028,1.89961,1.89991,98,31,0
2024-05-13 21:20:00,1.89991,1.90077,1.89991,1.90061,162,25,0
2024-05-13 21:25:00,1.90064,1.9008500000000002,1.90032,1.90053,70,41,0
2024-05-13 21:30:00,1.90056,1.90064,1.9003100000000002,1.90035,72,37,0
2024-05-13 21:35:00,1.90048,1.90062,1.9002599999999998,1.90055,206,21,0
2024-05-13 21:40:00,1.90055,1.9005999999999998,1.9001299999999999,1.9003,171,17,0
2024-05-13 21:45:00,1.9003,1.9005999999999998,1.9001700000000001,1.90052,160,16,0
2024-05-13 21:50:00,1.90052,1.90065,1.90023,1.90032,148,30,0
2024-05-13 21:55:00,1.90032,1.90072,1.9003,1.9007100000000001,104,32,0
2024-05-13 22:00:00,1.9008500000000002,1.9009200000000002,1.9005,1.9009,140,8,0
2024-05-13 22:05:00,1.9009,1.90097,1.9007399999999999,1.9007399999999999,39,8,0
2024-05-13 22:10:00,1.9007399999999999,1.9008099999999999,1.9006699999999999,1.90068,52,8,0
2024-05-13 22:15:00,1.90068,1.9007,1.90049,1.90049,84,8,0
2024-05-13 22:20:00,1.90049,1.90069,1.90049,1.90052,56,8,0
2024-05-13 22:25:00,1.90052,1.90053,1.9003700000000001,1.90038,60,8,0
2024-05-13 22:30:00,1.90038,1.90049,1.9002,1.90021,104,8,0
2024-05-13 22:35:00,1.90021,1.9003700000000001,1.9001700000000001,1.9001700000000001,174,8,0
2024-05-13 22:40:00,1.9001700000000001,1.9003299999999999,1.90009,1.90022,145,8,0
2024-05-13 22:45:00,1.90022,1.90028,1.90003,1.90012,70,8,0
2024-05-13 22:50:00,1.90012,1.90012,1.8999700000000002,1.9,97,8,0
2024-05-13 22:55:00,1.9,1.9002400000000002,1.8999899999999998,1.90011,112,8,0
2024-05-13 23:00:00,1.90011,1.90016,1.89991,1.90004,183,8,0
2024-05-13 23:05:00,1.90004,1.9002,1.90002,1.90005,164,8,0
2024-05-13 23:10:00,1.90003,1.9000599999999999,1.89984,1.89984,102,8,0
2024-05-13 23:15:00,1.89984,1.90005,1.89984,1.89989,128,8,0
2024-05-13 23:20:00,1.89987,1.90008,1.89987,1.90005,108,8,0
2024-05-13 23:25:00,1.90004,1.9002400000000002,1.89994,1.90007,182,8,0
2024-05-13 23:30:00,1.9000599999999999,1.90019,1.9,1.90003,114,8,0
2024-05-13 23:35:00,1.90003,1.9005800000000002,1.90002,1.90045,140,8,0
2024-05-13 23:40:00,1.90046,1.90054,1.9000599999999999,1.90007,178,8,0
2024-05-13 23:45:00,1.90007,1.90021,1.89981,1.89996,188,8,0
2024-05-13 23:50:00,1.89995,1.90005,1.89969,1.8998,227,8,0
2024-05-13 23:55:00,1.8998,1.90008,1.89975,1.89977,202,8,0
2024-05-14 00:00:00,1.89978,1.90023,1.8996499999999998,1.8999700000000002,568,8,0
2024-05-14 00:05:00,1.8999700000000002,1.90075,1.89988,1.9007399999999999,424,8,0
2024-05-14 00:10:00,1.9007399999999999,1.90086,1.90048,1.9005800000000002,342,8,0
2024-05-14 00:15:00,1.9005800000000002,1.9007399999999999,1.90042,1.90055,325,8,0
2024-05-14 00:20:00,1.90055,1.9007100000000001,1.90025,1.90045,512,8,0
2024-05-14 00:25:00,1.90046,1.90089,1.90041,1.90077,444,8,0
2024-05-14 00:30:00,1.90077,1.9012099999999998,1.90072,1.90116,432,8,0
2024-05-14 00:35:00,1.90116,1.90124,1.90106,1.9010799999999999,355,8,0
2024-05-14 00:40:00,1.9010799999999999,1.9013499999999999,1.90082,1.90127,414,8,0
2024-05-14 00:45:00,1.90127,1.90136,1.90084,1.9011900000000002,548,8,0
2024-05-14 00:50:00,1.9011900000000002,1.9013200000000001,1.90065,1.90095,551,8,0
2024-05-14 00:55:00,1.90095,1.90141,1.9009200000000002,1.9011900000000002,764,8,0
2024-05-14 01:00:00,1.9011900000000002,1.9011900000000002,1.9003299999999999,1.90063,886,8,0
2024-05-14 01:05:00,1.90063,1.9010799999999999,1.90029,1.90091,616,8,0
2024-05-14 01:10:00,1.90091,1.90147,1.9008099999999999,1.90145,711,8,0
2024-05-14 01:15:00,1.90145,1.9019,1.9014,1.90171,803,8,0
2024-05-14 01:20:00,1.90171,1.90212,1.90165,1.9019599999999999,873,8,0
2024-05-14 01:25:00,1.9019599999999999,1.90219,1.90172,1.90195,648,8,0
2024-05-14 01:30:00,1.90195,1.90213,1.9016,1.90205,875,8,0
2024-05-14 01:35:00,1.90205,1.90222,1.9018000000000002,1.90198,688,8,0
2024-05-14 01:40:00,1.90199,1.90237,1.9019599999999999,1.90211,716,8,0
2024-05-14 01:45:00,1.90212,1.90215,1.9014799999999998,1.9015,741,8,0
2024-05-14 01:50:00,1.90149,1.90184,1.9014600000000002,1.90151,639,8,0
2024-05-14 01:55:00,1.90151,1.9018899999999999,1.90136,1.90176,712,8,0
2024-05-14 02:00:00,1.90176,1.90253,1.9017300000000001,1.90236,732,8,0
2024-05-14 02:05:00,1.90236,1.90238,1.90202,1.90213,513,8,0
2024-05-14 02:10:00,1.90212,1.90231,1.90184,1.9018899999999999,540,8,0
2024-05-14 02:15:00,1.9018899999999999,1.9019599999999999,1.9015900000000001,1.90171,503,8,0
2024-05-14 02:20:00,1.90172,1.90197,1.90164,1.90177,353,8,0
2024-05-14 02:25:00,1.90177,1.90185,1.9015499999999999,1.90167,425,8,0
2024-05-14 02:30:00,1.90167,1.90206,1.9016199999999999,1.9018199999999998,653,8,0
2024-05-14 02:35:00,1.9018199999999998,1.9020700000000001,1.90175,1.90175,377,8,0
2024-05-14 02:40:00,1.90176,1.90181,1.9015300000000002,1.90176,390,8,0
2024-05-14 02:45:00,1.90176,1.9020000000000001,1.90152,1.90194,401,8,0
2024-05-14 02:50:00,1.90195,1.9020000000000001,1.90178,1.90194,491,8,0
2024-05-14 02:55:00,1.90194,1.90213,1.9016899999999999,1.90201,548,8,0
2024-05-14 03:00:00,1.90201,1.90221,1.90178,1.9019300000000001,547,8,0
2024-05-14 03:05:00,1.90194,1.9020700000000001,1.90178,1.90188,426,8,0
2024-05-14 03:10:00,1.90188,1.90195,1.9015,1.90158,547,8,0
2024-05-14 03:15:00,1.90158,1.90181,1.90147,1.90168,682,8,0
2024-05-14 03:20:00,1.90168,1.9017,1.90143,1.9016600000000001,507,8,0
2024-05-14 03:25:00,1.9016600000000001,1.90168,1.90106,1.9013,488,8,0
2024-05-14 03:30:00,1.9013,1.90172,1.90127,1.90163,446,8,0
2024-05-14 03:35:00,1.90163,1.9018199999999998,1.9014199999999999,1.90177,459,8,0
2024-05-14 03:40:00,1.90177,1.90185,1.9015900000000001,1.90179,481,8,0
2024-05-14 03:45:00,1.90179,1.90224,1.90176,1.90221,431,8,0
2024-05-14 03:50:00,1.90221,1.90239,1.90219,1.90239,399,8,0
2024-05-14 03:55:00,1.90239,1.90246,1.90215,1.90245,412,8,0
2024-05-14 04:00:00,1.90245,1.90255,1.90228,1.9024299999999998,315,8,0
2024-05-14 04:05:00,1.9024299999999998,1.9025400000000001,1.90226,1.90252,241,8,0
2024-05-14 04:10:00,1.90252,1.90263,1.9023400000000001,1.90235,340,8,0
2024-05-14 04:15:00,1.90236,1.90238,1.9022000000000001,1.90226,257,8,0
2024-05-14 04:20:00,1.90226,1.90244,1.9022000000000001,1.90224,225,8,0
2024-05-14 04:25:00,1.90224,1.9024100000000002,1.90221,1.90235,286,8,0
2024-05-14 04:30:00,1.90235,1.90249,1.90201,1.90211,374,8,0
2024-05-14 04:35:00,1.9021,1.90235,1.9020299999999999,1.9023400000000001,303,8,0
2024-05-14 04:40:00,1.90235,1.90265,1.90233,1.9024,363,8,0
2024-05-14 04:45:00,1.9024,1.90274,1.90237,1.90265,308,8,0
2024-05-14 04:50:00,1.90265,1.90283,1.90246,1.90262,322,8,0
2024-05-14 04:55:00,1.90262,1.9027500000000002,1.90213,1.9022000000000001,377,8,0
2024-05-14 05:00:00,1.9022000000000001,1.90245,1.90192,1.90245,392,8,0
2024-05-14 05:05:00,1.90247,1.90263,1.9022999999999999,1.90235,351,8,0
2024-05-14 05:10:00,1.90235,1.90258,1.90231,1.9024,353,8,0
2024-05-14 05:15:00,1.9024,1.9024299999999998,1.90187,1.9021400000000002,321,8,0
2024-05-14 05:20:00,1.9021400000000002,1.90217,1.90178,1.90186,386,8,0
2024-05-14 05:25:00,1.90186,1.9019599999999999,1.9017300000000001,1.90183,333,8,0
2024-05-14 05:30:00,1.90183,1.90186,1.90163,1.9016600000000001,272,8,0
2024-05-14 05:35:00,1.9016600000000001,1.9023400000000001,1.9016600000000001,1.90226,459,8,0
2024-05-14 05:40:00,1.90226,1.90246,1.9021,1.90215,359,8,0
2024-05-14 05:45:00,1.90215,1.90248,1.9021,1.90239,485,8,0
2024-05-14 05:50:00,1.90239,1.90244,1.90197,1.90225,395,8,0
2024-05-14 05:55:00,1.90225,1.90249,1.9019599999999999,1.90198,500,8,0
2024-05-14 06:00:00,1.90198,1.90294,1.9012099999999998,1.9028100000000001,938,8,0
2024-05-14 06:05:00,1.90283,1.90301,1.90266,1.9027699999999999,645,8,0
2024-05-14 06:10:00,1.9027699999999999,1.9032,1.90236,1.90248,599,8,0
2024-05-14 06:15:00,1.90248,1.90296,1.9020700000000001,1.9026999999999998,532,8,0
2024-05-14 06:20:00,1.9026999999999998,1.9026999999999998,1.9022299999999999,1.9025699999999999,550,8,0
2024-05-14 06:25:00,1.90256,1.90269,1.9022299999999999,1.90252,596,8,0
2024-05-14 06:30:00,1.90252,1.9025699999999999,1.90177,1.90194,628,8,0
2024-05-14 06:35:00,1.90194,1.90224,1.9018199999999998,1.90202,569,8,0
2024-05-14 06:40:00,1.90202,1.90221,1.90179,1.90204,695,8,0
2024-05-14 06:45:00,1.90204,1.90231,1.9019,1.90215,508,8,0
2024-05-14 06:50:00,1.90215,1.9022000000000001,1.90177,1.90192,463,8,0
2024-05-14 06:55:00,1.90192,1.90253,1.90183,1.90244,461,8,0
2024-05-14 07:00:00,1.90244,1.90248,1.9013499999999999,1.9014199999999999,770,8,0
2024-05-14 07:05:00,1.9014199999999999,1.90179,1.90066,1.90082,763,8,0
2024-05-14 07:10:00,1.90082,1.9012,1.90072,1.90089,644,8,0
2024-05-14 07:15:00,1.90089,1.90093,1.90052,1.90057,624,8,0
2024-05-14 07:20:00,1.90057,1.90077,1.8999000000000001,1.8999700000000002,771,8,0
2024-05-14 07:25:00,1.8999700000000002,1.90016,1.89973,1.9001000000000001,598,8,0
2024-05-14 07:30:00,1.9001000000000001,1.9002,1.89978,1.90003,616,8,0
2024-05-14 07:35:00,1.90003,1.9003100000000002,1.8999000000000001,1.89994,514,8,0
2024-05-14 07:40:00,1.89994,1.9002,1.89968,1.90018,604,8,0
2024-05-14 07:45:00,1.90018,1.9002,1.89943,1.89951,591,8,0
2024-05-14 07:50:00,1.8995199999999999,1.8997000000000002,1.89927,1.8994499999999999,593,8,0
2024-05-14 07:55:00,1.89944,1.89951,1.89908,1.89933,674,8,0
2024-05-14 08:00:00,1.89933,1.89973,1.89873,1.89874,963,8,0
2024-05-14 08:05:00,1.8987500000000002,1.89878,1.89691,1.89722,1304,8,0
2024-05-14 08:10:00,1.89722,1.89725,1.89623,1.8963700000000001,898,8,0
2024-05-14 08:15:00,1.8963700000000001,1.8968699999999998,1.8961999999999999,1.89622,998,8,0
2024-05-14 08:20:00,1.89621,1.89621,1.8947699999999998,1.89482,840,8,0
2024-05-14 08:25:00,1.89482,1.89523,1.89466,1.89492,879,8,0
2024-05-14 08:30:00,1.89492,1.8956,1.89467,1.8956,777,8,0
2024-05-14 08:35:00,1.8956,1.8957600000000001,1.8953799999999998,1.89558,840,8,0
2024-05-14 08:40:00,1.89555,1.8961299999999999,1.8953600000000002,1.89587,816,8,0
2024-05-14 08:45:00,1.8958599999999999,1.89621,1.8956499999999998,1.8961999999999999,670,8,0
2024-05-14 08:50:00,1.8961999999999999,1.8965,1.89575,1.89648,585,8,0
2024-05-14 08:55:00,1.89649,1.8972799999999999,1.89641,1.89726,541,8,0
2024-05-14 09:00:00,1.89726,1.8974600000000001,1.89643,1.89653,921,8,0
2024-05-14 09:05:00,1.89656,1.8973200000000001,1.89641,1.89727,836,8,0
2024-05-14 09:10:00,1.89727,1.89734,1.89704,1.8972799999999999,726,8,0
2024-05-14 09:15:00,1.8972799999999999,1.89734,1.897,1.8971900000000002,790,8,0
2024-05-14 09:20:00,1.8971900000000002,1.89722,1.89686,1.89714,693,8,0
2024-05-14 09:25:00,1.89714,1.89744,1.89691,1.89736,601,8,0
2024-05-14 09:30:00,1.89736,1.89781,1.89733,1.89744,649,8,0
2024-05-14 09:35:00,1.89744,1.89744,1.8967800000000001,1.89683,557,8,0
2024-05-14 09:40:00,1.89683,1.89689,1.8963299999999998,1.89646,480,8,0
2024-05-14 09:45:00,1.89646,1.8968,1.89638,1.89657,509,8,0
2024-05-14 09:50:00,1.89657,1.89707,1.89654,1.89693,586,8,0
2024-05-14 09:55:00,1.89693,1.89758,1.89684,1.89729,616,8,0
2024-05-14 10:00:00,1.89729,1.89777,1.89718,1.8977,514,8,0
2024-05-14 10:05:00,1.8977,1.89815,1.8977,1.8980700000000001,454,8,0
2024-05-14 10:10:00,1.8980700000000001,1.89886,1.89804,1.8986399999999999,414,8,0
2024-05-14 10:15:00,1.8986399999999999,1.89892,1.89856,1.89867,528,8,0
2024-05-14 10:20:00,1.89867,1.8987699999999998,1.89845,1.89851,511,8,0
2024-05-14 10:25:00,1.89851,1.89897,1.89839,1.8989099999999999,419,8,0
2024-05-14 10:30:00,1.89892,1.8991500000000001,1.89839,1.8986,471,8,0
2024-05-14 10:35:00,1.8986,1.89937,1.89855,1.89926,679,8,0
2024-05-14 10:40:00,1.89926,1.8992900000000001,1.8991,1.8992499999999999,514,8,0
2024-05-14 10:45:00,1.8992499999999999,1.89932,1.8990399999999998,1.89916,412,8,0
2024-05-14 10:50:00,1.89916,1.89937,1.89898,1.89928,525,8,0
2024-05-14 10:55:00,1.89928,1.89935,1.89873,1.8988,554,8,0
2024-05-14 11:00:00,1.89878,1.89889,1.89825,1.89866,638,8,0
2024-05-14 11:05:00,1.89866,1.89941,1.89865,1.89937,637,8,0
2024-05-14 11:10:00,1.89942,1.89946,1.89901,1.89926,599,8,0
2024-05-14 11:15:00,1.89926,1.89975,1.89916,1.8996,575,8,0
2024-05-14 11:20:00,1.89962,1.89968,1.8991500000000001,1.89919,541,8,0
2024-05-14 11:25:00,1.89919,1.89932,1.89901,1.89919,474,8,0
2024-05-14 11:30:00,1.89919,1.8994900000000001,1.89917,1.8994,519,8,0
2024-05-14 11:35:00,1.8994,1.89957,1.89923,1.89951,436,8,0
2024-05-14 11:40:00,1.89951,1.8995600000000001,1.8987500000000002,1.89887,572,8,0
2024-05-14 11:45:00,1.89887,1.89889,1.89828,1.89845,478,8,0
2024-05-14 11:50:00,1.89845,1.89874,1.8984,1.89844,531,8,0
2024-05-14 11:55:00,1.89844,1.89905,1.89844,1.8989099999999999,555,8,0
2024-05-14 12:00:00,1.8989099999999999,1.89914,1.89872,1.89912,831,8,0
2024-05-14 12:05:00,1.89913,1.89923,1.89887,1.89906,736,8,0
2024-05-14 12:10:00,1.89908,1.8994499999999999,1.89889,1.89932,578,8,0
2024-05-14 12:15:00,1.89932,1.8994,1.8989,1.89935,588,8,0
2024-05-14 12:20:00,1.89935,1.89941,1.8990399999999998,1.89913,706,8,0
2024-05-14 12:25:00,1.89913,1.89962,1.8991099999999999,1.8993600000000002,651,8,0
2024-05-14 12:30:00,1.8993600000000002,1.90359,1.8993600000000002,1.90023,2757,8,0
2024-05-14 12:35:00,1.90023,1.90036,1.8993799999999998,1.8997000000000002,2421,8,0
2024-05-14 12:40:00,1.8997000000000002,1.8998300000000001,1.89848,1.89892,2070,8,0
2024-05-14 12:45:00,1.89893,1.8995600000000001,1.8984299999999998,1.89876,1747,8,0
2024-05-14 12:50:00,1.89876,1.89878,1.89799,1.89808,1501,8,0
2024-05-14 12:55:00,1.89809,1.89833,1.8968500000000001,1.8969,1557,8,0
2024-05-14 13:00:00,1.8969,1.89839,1.8968699999999998,1.89821,1655,8,0
2024-05-14 13:05:00,1.89822,1.8988399999999999,1.8981,1.89855,1679,8,0
2024-05-14 13:10:00,1.89855,1.8987699999999998,1.89805,1.89871,1753,8,0
2024-05-14 13:15:00,1.89869,1.8991099999999999,1.89858,1.8988399999999999,1368,8,0
2024-05-14 13:20:00,1.8988399999999999,1.89964,1.89851,1.8992900000000001,1569,8,0
2024-05-14 13:25:00,1.8992900000000001,1.90005,1.8991799999999999,1.89993,1246,8,0
2024-05-14 13:30:00,1.89993,1.89996,1.89867,1.8988800000000001,1602,8,0
2024-05-14 13:35:00,1.8988800000000001,1.89909,1.8982700000000001,1.89846,1335,8,0
2024-05-14 13:40:00,1.89845,1.89903,1.89826,1.89853,1136,8,0
2024-05-14 13:45:00,1.89851,1.89876,1.8983400000000001,1.89862,1111,8,0
2024-05-14 13:50:00,1.89862,1.8987500000000002,1.89828,1.8986800000000001,972,8,0
2024-05-14 13:55:00,1.89867,1.89923,1.89848,1.89903,833,8,0
2024-05-14 14:00:00,1.8990399999999998,1.89913,1.89852,1.89856,749,8,0
2024-05-14 14:05:00,1.89856,1.8993799999999998,1.89848,1.89923,1128,8,0
2024-05-14 14:10:00,1.89923,1.89923,1.89881,1.89899,1140,8,0
2024-05-14 14:15:00,1.899,1.89951,1.89866,1.89917,1394,8,0
2024-05-14 14:20:00,1.89917,1.8994,1.89844,1.89859,1334,8,0
2024-05-14 14:25:00,1.8986,1.89885,1.89847,1.89856,1150,8,0
2024-05-14 14:30:00,1.89855,1.8987699999999998,1.89817,1.89822,929,8,0
2024-05-14 14:35:00,1.89822,1.89921,1.89821,1.89912,1256,8,0
2024-05-14 14:40:00,1.8991099999999999,1.89991,1.89909,1.89937,1354,8,0
2024-05-14 14:45:00,1.89937,1.9,1.89935,1.89941,1034,8,0
2024-05-14 14:50:00,1.8994,1.9001000000000001,1.89912,1.89998,1275,8,0
2024-05-14 14:55:00,1.89998,1.90056,1.89981,1.90036,1426,8,0
2024-05-14 15:00:00,1.9003700000000001,1.90045,1.89926,1.8992900000000001,1333,8,0
2024-05-14 15:05:00,1.8992900000000001,1.89943,1.89889,1.89899,869,8,0
2024-05-14 15:10:00,1.89899,1.8993600000000002,1.8989500000000001,1.89933,659,8,0
2024-05-14 15:15:00,1.89934,1.89964,1.8991799999999999,1.89944,775,8,0
2024-05-14 15:20:00,1.89944,1.9,1.8992900000000001,1.8999700000000002,808,8,0
2024-05-14 15:25:00,1.8999700000000002,1.90034,1.89994,1.9001299999999999,658,8,0
2024-05-14 15:30:00,1.9001000000000001,1.90049,1.9,1.9003,759,8,0
2024-05-14 15:35:00,1.9003,1.90065,1.90018,1.90063,907,8,0
2024-05-14 15:40:00,1.90063,1.9009399999999999,1.9005100000000001,1.90064,828,8,0
2024-05-14 15:45:00,1.90063,1.90068,1.89996,1.89998,848,8,0
2024-05-14 15:50:00,1.89998,1.90043,1.8999000000000001,1.90036,767,8,0
2024-05-14 15:55:00,1.90036,1.9009,1.9003100000000002,1.90084,1047,8,0
2024-05-14 16:00:00,1.90083,1.90104,1.90066,1.90073,778,8,0
2024-05-14 16:05:00,1.90073,1.90118,1.90068,1.90082,807,8,0
2024-05-14 16:10:00,1.90082,1.90097,1.9007399999999999,1.90084,623,8,0
2024-05-14 16:15:00,1.90083,1.90115,1.90075,1.90093,615,8,0
2024-05-14 16:20:00,1.9009399999999999,1.9009800000000001,1.90049,1.90068,541,8,0
2024-05-14 16:25:00,1.90068,1.90102,1.90059,1.90082,584,8,0
2024-05-14 16:30:00,1.90082,1.90113,1.90072,1.90106,595,8,0
2024-05-14 16:35:00,1.90106,1.90118,1.9007100000000001,1.90111,812,8,0
2024-05-14 16:40:00,1.90111,1.90122,1.9009399999999999,1.90109,587,8,0
2024-05-14 16:45:00,1.90109,1.9012799999999999,1.90103,1.90106,572,8,0
2024-05-14 16:50:00,1.90106,1.90116,1.90084,1.90097,427,8,0
2024-05-14 16:55:00,1.90097,1.90099,1.90073,1.90089,470,8,0
2024-05-14 17:00:00,1.90089,1.9011900000000002,1.90084,1.9010799999999999,534,8,0
2024-05-14 17:05:00,1.90107,1.90125,1.9010099999999999,1.90114,342,8,0
2024-05-14 17:10:00,1.90114,1.9013,1.90104,1.90126,394,8,0
2024-05-14 17:15:00,1.90126,1.90152,1.9012099999999998,1.90131,380,8,0
2024-05-14 17:20:00,1.90129,1.90157,1.9011900000000002,1.90154,325,8,0
2024-05-14 17:25:00,1.90154,1.90157,1.90125,1.90127,302,8,0
2024-05-14 17:30:00,1.90127,1.90164,1.90114,1.90157,342,8,0
2024-05-14 17:35:00,1.90157,1.9016199999999999,1.90137,1.9014199999999999,299,8,0
2024-05-14 17:40:00,1.9014199999999999,1.90149,1.90126,1.90136,307,8,0
2024-05-14 17:45:00,1.90138,1.90184,1.90138,1.9017300000000001,361,8,0
2024-05-14 17:50:00,1.90172,1.90191,1.90168,1.90177,369,8,0
2024-05-14 17:55:00,1.90177,1.9019,1.9016199999999999,1.90165,450,8,0
2024-05-14 18:00:00,1.90165,1.90177,1.90138,1.9014799999999998,435,8,0
2024-05-14 18:05:00,1.9014799999999998,1.90164,1.90133,1.9014,519,8,0
2024-05-14 18:10:00,1.9014,1.90149,1.90109,1.9011200000000001,463,8,0
2024-05-14 18:15:00,1.9011200000000001,1.9011200000000001,1.90083,1.90095,352,8,0
2024-05-14 18:20:00,1.9009399999999999,1.9010099999999999,1.9008,1.9008099999999999,268,8,0
2024-05-14 18:25:00,1.9008099999999999,1.90084,1.90054,1.90084,364,8,0
2024-05-14 18:30:00,1.90084,1.9008500000000002,1.90062,1.9008,304,8,0
2024-05-14 18:35:00,1.9008,1.90086,1.90065,1.9006699999999999,422,8,0
2024-05-14 18:40:00,1.9006699999999999,1.90068,1.90041,1.9005999999999998,408,8,0
2024-05-14 18:45:00,1.9005999999999998,1.9008,1.90046,1.90076,415,8,0
2024-05-14 18:50:00,1.90076,1.90091,1.9005800000000002,1.90066,401,8,0
2024-05-14 18:55:00,1.90066,1.9008,1.90059,1.9007,540,8,0
2024-05-14 19:00:00,1.9007,1.90072,1.90028,1.9003700000000001,398,8,0
2024-05-14 19:05:00,1.9003700000000001,1.9005999999999998,1.9003700000000001,1.9005,379,8,0
2024-05-14 19:10:00,1.9005,1.90053,1.90015,1.90048,552,8,0
2024-05-14 19:15:00,1.90048,1.90055,1.90011,1.90015,673,8,0
2024-05-14 19:20:00,1.90016,1.9003,1.90001,1.90008,342,8,0
2024-05-14 19:25:00,1.90008,1.90032,1.89987,1.9000599999999999,388,8,0
2024-05-14 19:30:00,1.9000599999999999,1.90012,1.8999000000000001,1.89991,310,8,0
2024-05-14 19:35:00,1.89991,1.90027,1.89991,1.90008,415,8,0
2024-05-14 19:40:00,1.90008,1.90019,1.89998,1.90014,387,8,0
2024-05-14 19:45:00,1.9001299999999999,1.9002400000000002,1.90005,1.90016,358,8,0
2024-05-14 19:50:00,1.90016,1.90022,1.8998300000000001,1.89991,347,8,0
2024-05-14 19:55:00,1.89991,1.90003,1.89978,1.8999700000000002,289,8,0
2024-05-14 20:00:00,1.8999700000000002,1.90007,1.89977,1.89995,270,8,0
2024-05-14 20:05:00,1.89995,1.90041,1.89991,1.90039,310,8,0
2024-05-14 20:10:00,1.90039,1.90039,1.90011,1.9001700000000001,185,8,0
2024-05-14 20:15:00,1.9001700000000001,1.9003,1.90015,1.90025,128,8,0
2024-05-14 20:20:00,1.90025,1.9004400000000001,1.9002400000000002,1.90043,95,8,0
2024-05-14 20:25:00,1.90043,1.90055,1.9003700000000001,1.9004400000000001,134,8,0
2024-05-14 20:30:00,1.9004400000000001,1.90045,1.90022,1.90029,137,8,0
2024-05-14 20:35:00,1.90029,1.90038,1.9002400000000002,1.90028,96,8,0
2024-05-14 20:40:00,1.90028,1.90034,1.8999000000000001,1.89993,161,8,0
2024-05-14 20:45:00,1.89993,1.9000599999999999,1.89982,1.89985,129,8,0
2024-05-14 20:50:00,1.89985,1.90014,1.89982,1.89988,162,8,0
2024-05-14 20:55:00,1.89988,1.9002,1.8997000000000002,1.90002,242,8,0
2024-05-14 21:00:00,1.89992,1.9003100000000002,1.8988800000000001,1.89898,26,36,0
2024-05-14 21:05:00,1.89889,1.90021,1.89889,1.89975,73,13,0
2024-05-14 21:10:00,1.89975,1.89988,1.89946,1.8996,105,32,0
2024-05-14 21:15:00,1.8996,1.89974,1.8993600000000002,1.89962,98,57,0
2024-05-14 21:20:00,1.89962,1.8998300000000001,1.8994900000000001,1.8996300000000002,72,39,0
2024-05-14 21:25:00,1.8996,1.90021,1.89954,1.90003,80,26,0
2024-05-14 21:30:00,1.90003,1.9001299999999999,1.89988,1.90003,63,39,0
2024-05-14 21:35:00,1.90003,1.9000599999999999,1.89989,1.90001,66,42,0
2024-05-14 21:40:00,1.89996,1.9000599999999999,1.89977,1.89988,68,40,0
2024-05-14 21:45:00,1.89988,1.90002,1.89981,1.89981,45,41,0
2024-05-14 21:50:00,1.89981,1.90001,1.8997899999999999,1.89995,41,35,0
2024-05-14 21:55:00,1.89995,1.90012,1.89991,1.90003,112,35,0
2024-05-14 22:00:00,1.90003,1.9002599999999998,1.8999700000000002,1.90021,125,8,0
2024-05-14 22:05:00,1.90023,1.90027,1.90023,1.90025,41,11,0
2024-05-14 22:10:00,1.90025,1.9003700000000001,1.90016,1.9002,64,8,0
2024-05-14 22:15:00,1.90021,1.90039,1.90019,1.90035,71,8,0
2024-05-14 22:20:00,1.90035,1.9003700000000001,1.9002599999999998,1.9003299999999999,81,8,0
2024-05-14 22:25:00,1.90034,1.90038,1.90016,1.90021,95,8,0
2024-05-14 22:30:00,1.90021,1.90025,1.90003,1.90008,188,8,0
2024-05-14 22:35:00,1.90008,1.90021,1.89996,1.90004,144,8,0
2024-05-14 22:40:00,1.90004,1.9003700000000001,1.90003,1.90032,171,8,0
2024-05-14 22:45:00,1.90032,1.90034,1.90016,1.9002,184,8,0
2024-05-14 22:50:00,1.9002,1.90023,1.89994,1.90011,101,8,0
2024-05-14 22:55:00,1.90011,1.9001299999999999,1.89991,1.89993,114,8,0
2024-05-14 23:00:00,1.89993,1.9000599999999999,1.8997899999999999,1.90005,120,8,0
2024-05-14 23:05:00,1.90005,1.90038,1.90003,1.9003,94,8,0
2024-05-14 23:10:00,1.9003,1.9003700000000001,1.90005,1.90034,91,8,0
2024-05-14 23:15:00,1.90034,1.90034,1.9001000000000001,1.90014,190,8,0
2024-05-14 23:20:00,1.90014,1.90021,1.90007,1.9001700000000001,148,8,0
2024-05-14 23:25:00,1.9001700000000001,1.90036,1.90015,1.90029,65,8,0
2024-05-14 23:30:00,1.90029,1.90062,1.9002,1.90055,192,8,0
2024-05-14 23:35:00,1.90055,1.9007100000000001,1.90052,1.9006699999999999,198,8,0
2024-05-14 23:40:00,1.9006699999999999,1.90073,1.9001700000000001,1.9001700000000001,245,8,0
2024-05-14 23:45:00,1.90018,1.9002400000000002,1.89996,1.89998,170,8,0
2024-05-14 23:50:00,1.89998,1.90022,1.8998300000000001,1.8998300000000001,320,8,0
2024-05-14 23:55:00,1.89984,1.89991,1.89964,1.89982,372,8,0
2024-05-15 00:00:00,1.89982,1.89991,1.89916,1.89926,626,8,0
2024-05-15 00:05:00,1.89926,1.89953,1.8990200000000002,1.89905,569,8,0
2024-05-15 00:10:00,1.89905,1.89921,1.89885,1.8990200000000002,369,8,0
2024-05-15 00:15:00,1.8990200000000002,1.89908,1.8986399999999999,1.89886,385,8,0
2024-05-15 00:20:00,1.89885,1.89894,1.89852,1.89869,353,8,0
2024-05-15 00:25:00,1.89869,1.8989099999999999,1.8984299999999998,1.89859,301,8,0
2024-05-15 00:30:00,1.89859,1.89927,1.89855,1.89913,413,8,0
2024-05-15 00:35:00,1.89913,1.89973,1.89912,1.89951,386,8,0
2024-05-15 00:40:00,1.8995199999999999,1.89973,1.89948,1.89969,368,8,0
2024-05-15 00:45:00,1.89969,1.89984,1.8994,1.8995199999999999,364,8,0
2024-05-15 00:50:00,1.8995199999999999,1.89973,1.89934,1.8994499999999999,434,8,0
2024-05-15 00:55:00,1.89953,1.89992,1.89946,1.89971,646,8,0
2024-05-15 01:00:00,1.89971,1.89971,1.8991500000000001,1.89931,537,8,0
2024-05-15 01:05:00,1.89931,1.89947,1.89914,1.89926,382,8,0
2024-05-15 01:10:00,1.89926,1.89944,1.8990200000000002,1.8994,378,8,0
2024-05-15 01:15:00,1.8994,1.89971,1.89921,1.8995600000000001,432,8,0
2024-05-15 01:20:00,1.8995600000000001,1.89967,1.8993,1.8995,365,8,0
2024-05-15 01:25:00,1.8995,1.89957,1.8989500000000001,1.89896,356,8,0
2024-05-15 01:30:00,1.89897,1.90099,1.89862,1.8989099999999999,852,8,0
2024-05-15 01:35:00,1.8989,1.89912,1.89847,1.89885,510,8,0
2024-05-15 01:40:00,1.89885,1.89894,1.8984100000000002,1.89883,467,8,0
2024-05-15 01:45:00,1.89883,1.89958,1.89878,1.89946,381,8,0
2024-05-15 01:50:00,1.89946,1.8995600000000001,1.8990200000000002,1.89927,413,8,0
2024-05-15 01:55:00,1.89927,1.89939,1.8984299999999998,1.8986800000000001,542,8,0
2024-05-15 02:00:00,1.8986800000000001,1.89883,1.89837,1.89846,367,8,0
2024-05-15 02:05:00,1.89845,1.8985699999999999,1.89822,1.8982299999999999,341,8,0
2024-05-15 02:10:00,1.8982299999999999,1.89859,1.89822,1.89831,376,8,0
2024-05-15 02:15:00,1.89831,1.89856,1.89831,1.89842,216,8,0
2024-05-15 02:20:00,1.89842,1.89842,1.89785,1.8979599999999999,210,8,0
2024-05-15 02:25:00,1.8979599999999999,1.89804,1.89703,1.89715,434,8,0
2024-05-15 02:30:00,1.89715,1.89716,1.89673,1.8969200000000002,423,8,0
2024-05-15 02:35:00,1.8969200000000002,1.8970799999999999,1.8967100000000001,1.8968099999999999,299,8,0
2024-05-15 02:40:00,1.8968099999999999,1.89683,1.89543,1.8965100000000001,993,8,0
2024-05-15 02:45:00,1.8965100000000001,1.897,1.8962400000000001,1.897,498,8,0
2024-05-15 02:50:00,1.897,1.8973499999999999,1.89699,1.8970099999999999,371,8,0
2024-05-15 02:55:00,1.8970099999999999,1.89702,1.8963299999999998,1.8965,543,8,0
2024-05-15 03:00:00,1.89649,1.89661,1.89611,1.89622,360,8,0
2024-05-15 03:05:00,1.8961999999999999,1.8963999999999999,1.8957199999999998,1.8961000000000001,497,8,0
2024-05-15 03:10:00,1.8961000000000001,1.89628,1.89582,1.89598,436,8,0
2024-05-15 03:15:00,1.89598,1.89604,1.89568,1.8957899999999999,346,8,0
2024-05-15 03:20:00,1.8957899999999999,1.8961299999999999,1.89578,1.8958599999999999,294,8,0
2024-05-15 03:25:00,1.8958599999999999,1.8958599999999999,1.89543,1.8955,380,8,0
2024-05-15 03:30:00,1.8955,1.89551,1.8942700000000001,1.89442,554,8,0
2024-05-15 03:35:00,1.89442,1.89517,1.8944100000000001,1.8949500000000001,302,8,0
2024-05-15 03:40:00,1.8949500000000001,1.895,1.8944299999999998,1.8946399999999999,342,8,0
2024-05-15 03:45:00,1.8946399999999999,1.89492,1.89452,1.8947699999999998,275,8,0
2024-05-15 03:50:00,1.89478,1.89523,1.89474,1.8951799999999999,268,8,0
2024-05-15 03:55:00,1.8951799999999999,1.89532,1.8947500000000002,1.89517,334,8,0
2024-05-15 04:00:00,1.89517,1.89535,1.8950399999999998,1.89534,412,8,0
2024-05-15 04:05:00,1.89534,1.8953600000000002,1.8949,1.89492,406,8,0
2024-05-15 04:10:00,1.89492,1.89521,1.89486,1.8950900000000002,198,8,0
2024-05-15 04:15:00,1.8950900000000002,1.89516,1.8949500000000001,1.89507,353,8,0
2024-05-15 04:20:00,1.89507,1.8952499999999999,1.89505,1.89521,229,8,0
2024-05-15 04:25:00,1.89521,1.8953600000000002,1.89493,1.89497,211,8,0
2024-05-15 04:30:00,1.89497,1.8955899999999999,1.89494,1.8954,297,8,0
2024-05-15 04:35:00,1.8954,1.8957000000000002,1.89528,1.89532,331,8,0
2024-05-15 04:40:00,1.89531,1.89548,1.89517,1.89542,277,8,0
2024-05-15 04:45:00,1.89542,1.8954900000000001,1.89523,1.8954,204,8,0
2024-05-15 04:50:00,1.89541,1.89578,1.89537,1.8957000000000002,252,8,0
2024-05-15 04:55:00,1.8957000000000002,1.89625,1.89569,1.8960599999999999,356,8,0
2024-05-15 05:00:00,1.8960599999999999,1.89615,1.89584,1.89607,387,8,0
2024-05-15 05:05:00,1.89607,1.89623,1.89567,1.8957000000000002,344,8,0
2024-05-15 05:10:00,1.8957000000000002,1.8958,1.89513,1.8952900000000001,489,8,0
2024-05-15 05:15:00,1.89528,1.89551,1.89506,1.89519,506,8,0
2024-05-15 05:20:00,1.89519,1.89521,1.89451,1.89476,377,8,0
2024-05-15 05:25:00,1.89476,1.89493,1.89473,1.89478,319,8,0
2024-05-15 05:30:00,1.89478,1.89533,1.89455,1.8953,381,8,0
2024-05-15 05:35:00,1.8953,1.89546,1.895,1.8954,329,8,0
2024-05-15 05:40:00,1.8954,1.8956300000000001,1.89517,1.8955600000000001,391,8,0
2024-05-15 05:45:00,1.8955600000000001,1.8957600000000001,1.89544,1.8954499999999999,319,8,0
2024-05-15 05:50:00,1.8954499999999999,1.89596,1.89544,1.8958300000000001,297,8,0
2024-05-15 05:55:00,1.8958300000000001,1.8959000000000001,1.8952499999999999,1.89533,460,8,0
2024-05-15 06:00:00,1.89533,1.896,1.89531,1.89571,700,8,0
2024-05-15 06:05:00,1.89569,1.89608,1.89548,1.89575,518,8,0
2024-05-15 06:10:00,1.89575,1.8963100000000002,1.8957199999999998,1.896,519,8,0
2024-05-15 06:15:00,1.896,1.89677,1.89587,1.89608,739,8,0
2024-05-15 06:20:00,1.89608,1.8963700000000001,1.89592,1.8963,483,8,0
2024-05-15 06:25:00,1.89629,1.89638,1.89596,1.89618,451,8,0
2024-05-15 06:30:00,1.89618,1.89666,1.89598,1.8959899999999998,547,8,0
2024-05-15 06:35:00,1.89598,1.89598,1.89542,1.8955,462,8,0
2024-05-15 06:40:00,1.8955,1.8956,1.89519,1.89521,489,8,0
2024-05-15 06:45:00,1.89523,1.8959000000000001,1.89517,1.89554,648,8,0
2024-05-15 06:50:00,1.89554,1.89593,1.89551,1.8955199999999999,721,8,0
2024-05-15 06:55:00,1.8955199999999999,1.8958599999999999,1.8955,1.89568,687,8,0
2024-05-15 07:00:00,1.89568,1.89605,1.89547,1.89596,909,8,0
2024-05-15 07:05:00,1.89596,1.89638,1.8959000000000001,1.89612,797,8,0
2024-05-15 07:10:00,1.89612,1.8963100000000002,1.8957899999999999,1.89602,659,8,0
2024-05-15 07:15:00,1.89602,1.8962599999999998,1.8958300000000001,1.8959899999999998,523,8,0
2024-05-15 07:20:00,1.8959899999999998,1.89614,1.8955899999999999,1.896,622,8,0
2024-05-15 07:25:00,1.8959899999999998,1.89604,1.89567,1.8959899999999998,686,8,0
2024-05-15 07:30:00,1.8959899999999998,1.89621,1.89573,1.8958300000000001,651,8,0
2024-05-15 07:35:00,1.89584,1.89604,1.8955600000000001,1.89593,784,8,0
2024-05-15 07:40:00,1.89594,1.89618,1.8957199999999998,1.89609,635,8,0
2024-05-15 07:45:00,1.89609,1.89615,1.89564,1.89574,565,8,0
2024-05-15 07:50:00,1.89574,1.89612,1.8957199999999998,1.89577,583,8,0
2024-05-15 07:55:00,1.89577,1.89593,1.8954499999999999,1.89593,661,8,0
2024-05-15 08:00:00,1.89591,1.8963299999999998,1.8959000000000001,1.89622,578,8,0
2024-05-15 08:05:00,1.89622,1.89623,1.89588,1.89596,518,8,0
2024-05-15 08:10:00,1.89596,1.89632,1.89589,1.8961999999999999,550,8,0
2024-05-15 08:15:00,1.8961999999999999,1.89699,1.89619,1.8966699999999999,745,8,0
2024-05-15 08:20:00,1.8966699999999999,1.89673,1.89639,1.89663,666,8,0
2024-05-15 08:25:00,1.89663,1.8967100000000001,1.89619,1.89642,789,8,0
2024-05-15 08:30:00,1.89642,1.8969,1.89642,1.89663,659,8,0
2024-05-15 08:35:00,1.89663,1.89726,1.8965800000000002,1.89723,746,8,0
2024-05-15 08:40:00,1.89724,1.89738,1.8969399999999998,1.89704,643,8,0
2024-05-15 08:45:00,1.89704,1.89714,1.8968500000000001,1.8970099999999999,581,8,0
2024-05-15 08:50:00,1.89703,1.89749,1.89691,1.89738,585,8,0
2024-05-15 08:55:00,1.89738,1.8978899999999999,1.89738,1.8977300000000001,708,8,0
2024-05-15 09:00:00,1.89772,1.8982299999999999,1.8974600000000001,1.89808,903,8,0
2024-05-15 09:05:00,1.89808,1.8985400000000001,1.89802,1.89853,773,8,0
2024-05-15 09:10:00,1.89853,1.8986100000000001,1.8982700000000001,1.89847,549,8,0
2024-05-15 09:15:00,1.89846,1.8987699999999998,1.89839,1.8986100000000001,589,8,0
2024-05-15 09:20:00,1.8986100000000001,1.89908,1.8986100000000001,1.89903,567,8,0
2024-05-15 09:25:00,1.89903,1.89959,1.89903,1.89905,517,8,0
2024-05-15 09:30:00,1.89905,1.89995,1.89903,1.89971,622,8,0
2024-05-15 09:35:00,1.89971,1.90035,1.89971,1.89989,480,8,0
2024-05-15 09:40:00,1.89989,1.90003,1.89968,1.89985,408,8,0
2024-05-15 09:45:00,1.89985,1.90014,1.89966,1.8998599999999999,570,8,0
2024-05-15 09:50:00,1.8998599999999999,1.8999000000000001,1.89935,1.8995,418,8,0
2024-05-15 09:55:00,1.8994900000000001,1.89993,1.8994900000000001,1.8997199999999999,569,8,0
2024-05-15 10:00:00,1.8997199999999999,1.89975,1.89948,1.8996300000000002,434,8,0
2024-05-15 10:05:00,1.8996300000000002,1.89984,1.8994499999999999,1.8996300000000002,285,8,0
2024-05-15 10:10:00,1.89964,1.89978,1.89943,1.89957,336,8,0
2024-05-15 10:15:00,1.89957,1.89977,1.8995600000000001,1.89966,289,8,0
2024-05-15 10:20:00,1.89966,1.89989,1.8996,1.89962,356,8,0
2024-05-15 10:25:00,1.89962,1.8997899999999999,1.8992499999999999,1.89954,375,8,0
2024-05-15 10:30:00,1.8995600000000001,1.89959,1.8992900000000001,1.8994900000000001,370,8,0
2024-05-15 10:35:00,1.89947,1.89996,1.89939,1.8999000000000001,387,8,0
2024-05-15 10:40:00,1.8999000000000001,1.9001700000000001,1.89973,1.90012,454,8,0
2024-05-15 10:45:00,1.90012,1.90043,1.8999899999999998,1.9002400000000002,478,8,0
2024-05-15 10:50:00,1.9002400000000002,1.90027,1.8996,1.8997199999999999,692,8,0
2024-05-15 10:55:00,1.8997199999999999,1.89982,1.89873,1.89907,846,8,0
2024-05-15 11:00:00,1.89907,1.89954,1.89872,1.89946,564,8,0
2024-05-15 11:05:00,1.89946,1.89947,1.8984100000000002,1.89879,767,8,0
2024-05-15 11:10:00,1.89879,1.8994900000000001,1.8987699999999998,1.89943,630,8,0
2024-05-15 11:15:00,1.89943,1.89959,1.89921,1.89931,630,8,0
2024-05-15 11:20:00,1.89928,1.89934,1.8988800000000001,1.89903,703,8,0
2024-05-15 11:25:00,1.89903,1.89947,1.8989,1.89898,645,8,0
2024-05-15 11:30:00,1.89899,1.8990200000000002,1.89836,1.89859,657,8,0
2024-05-15 11:35:00,1.89859,1.8988399999999999,1.8984,1.8984,517,8,0
2024-05-15 11:40:00,1.8984,1.8985400000000001,1.89829,1.89847,580,8,0
2024-05-15 11:45:00,1.89847,1.89863,1.8982,1.8982999999999999,561,8,0
2024-05-15 11:50:00,1.8982999999999999,1.89856,1.8981400000000002,1.89852,536,8,0
2024-05-15 11:55:00,1.89852,1.89912,1.89852,1.89901,684,8,0
2024-05-15 12:00:00,1.89901,1.89993,1.89882,1.89977,840,8,0
2024-05-15 12:05:00,1.89977,1.90002,1.89921,1.89998,896,8,0
2024-05-15 12:10:00,1.89998,1.90059,1.89991,1.9003299999999999,696,8,0
2024-05-15 12:15:00,1.9003299999999999,1.90099,1.9003100000000002,1.9008,709,8,0
2024-05-15 12:20:00,1.9008,1.90217,1.90076,1.9013200000000001,1126,8,0
2024-05-15 12:25:00,1.9013,1.9020000000000001,1.90077,1.90123,840,8,0
2024-05-15 12:30:00,1.90123,1.90123,1.89534,1.89628,2704,8,0
2024-05-15 12:35:00,1.8962599999999998,1.8978899999999999,1.89614,1.89752,2748,8,0
2024-05-15 12:40:00,1.89752,1.89777,1.89618,1.8962599999999998,2343,8,0
2024-05-15 12:45:00,1.89627,1.89657,1.8957199999999998,1.89615,2171,8,0
2024-05-15 12:50:00,1.89614,1.89764,1.89605,1.8971900000000002,1975,8,0
2024-05-15 12:55:00,1.8971900000000002,1.89828,1.89717,1.89815,1633,8,0
2024-05-15 13:00:00,1.89815,1.89867,1.8979,1.8984999999999999,1818,8,0
2024-05-15 13:05:00,1.89853,1.8994,1.8984100000000002,1.8993,1551,8,0
2024-05-15 13:10:00,1.8993,1.8993,1.8986800000000001,1.89882,1417,8,0
2024-05-15 13:15:00,1.8988399999999999,1.89957,1.8985699999999999,1.89941,1302,8,0
2024-05-15 13:20:00,1.89941,1.90035,1.8994,1.90002,1423,8,0
2024-05-15 13:25:00,1.90002,1.90016,1.89941,1.8997000000000002,1117,8,0
2024-05-15 13:30:00,1.8997000000000002,1.90045,1.89951,1.9003999999999999,1449,8,0
2024-05-15 13:35:00,1.9003999999999999,1.90077,1.89989,1.89989,1524,8,0
2024-05-15 13:40:00,1.89989,1.90009,1.89947,1.89996,1262,8,0
2024-05-15 13:45:00,1.89998,1.90163,1.89971,1.9014,1452,8,0
2024-05-15 13:50:00,1.9014,1.90314,1.90124,1.9028800000000001,1657,8,0
2024-05-15 13:55:00,1.9028800000000001,1.9031799999999999,1.9015300000000002,1.9016,1558,8,0
2024-05-15 14:00:00,1.9016,1.90271,1.90131,1.90229,1643,8,0
2024-05-15 14:05:00,1.90229,1.9025699999999999,1.9012799999999999,1.90156,1534,8,0
2024-05-15 14:10:00,1.90156,1.90168,1.90111,1.90151,1176,8,0
2024-05-15 14:15:00,1.9015,1.90181,1.90106,1.90111,1052,8,0
2024-05-15 14:20:00,1.90109,1.9011200000000001,1.90011,1.90011,1201,8,0
2024-05-15 14:25:00,1.90011,1.9003100000000002,1.89959,1.8998599999999999,1127,8,0
2024-05-15 14:30:00,1.8998599999999999,1.89994,1.89942,1.89957,1054,8,0
2024-05-15 14:35:00,1.89957,1.90011,1.89951,1.89987,1103,8,0
2024-05-15 14:40:00,1.89987,1.90002,1.89907,1.8991799999999999,940,8,0
2024-05-15 14:45:00,1.8991799999999999,1.89935,1.89835,1.89835,917,8,0
2024-05-15 14:50:00,1.89835,1.8987,1.89734,1.89778,1150,8,0
2024-05-15 14:55:00,1.89778,1.89779,1.89697,1.89761,1360,8,0
2024-05-15 15:00:00,1.89761,1.8985699999999999,1.89743,1.8984299999999998,1353,8,0
2024-05-15 15:05:00,1.89842,1.89844,1.8970099999999999,1.89706,1108,8,0
2024-05-15 15:10:00,1.89706,1.8973900000000001,1.89618,1.89618,1035,8,0
2024-05-15 15:15:00,1.89618,1.89677,1.89585,1.89663,1097,8,0
2024-05-15 15:20:00,1.89663,1.89668,1.89585,1.89598,1034,8,0
2024-05-15 15:25:00,1.89598,1.89614,1.89531,1.89542,1122,8,0
2024-05-15 15:30:00,1.89541,1.89555,1.89478,1.89516,1048,8,0
2024-05-15 15:35:00,1.89516,1.89532,1.8948399999999999,1.89514,961,8,0
2024-05-15 15:40:00,1.89514,1.89596,1.8951099999999999,1.8955899999999999,879,8,0
2024-05-15 15:45:00,1.8956,1.8967800000000001,1.8956,1.89655,849,8,0
2024-05-15 15:50:00,1.89653,1.89717,1.89648,1.8971200000000001,847,8,0
2024-05-15 15:55:00,1.8971200000000001,1.89727,1.89656,1.89661,1037,8,0
2024-05-15 16:00:00,1.89661,1.89709,1.89654,1.89691,715,8,0
2024-05-15 16:05:00,1.89691,1.8975300000000002,1.89684,1.8972099999999998,686,8,0
2024-05-15 16:10:00,1.8972099999999998,1.8972099999999998,1.89642,1.89642,713,8,0
2024-05-15 16:15:00,1.89642,1.89664,1.8960599999999999,1.8962400000000001,648,8,0
2024-05-15 16:20:00,1.89629,1.89648,1.89615,1.89636,734,8,0
2024-05-15 16:25:00,1.89636,1.8968,1.89636,1.89657,683,8,0
2024-05-15 16:30:00,1.89656,1.89669,1.8958599999999999,1.8959000000000001,857,8,0
2024-05-15 16:35:00,1.8959000000000001,1.89612,1.8955899999999999,1.8958300000000001,703,8,0
2024-05-15 16:40:00,1.89582,1.89604,1.89573,1.89585,765,8,0
2024-05-15 16:45:00,1.89585,1.8959700000000002,1.8955199999999999,1.8957899999999999,621,8,0
2024-05-15 16:50:00,1.8957899999999999,1.8960599999999999,1.8955899999999999,1.89561,522,8,0
2024-05-15 16:55:00,1.89561,1.8957600000000001,1.89537,1.89546,599,8,0
2024-05-15 17:00:00,1.89546,1.89547,1.89469,1.89471,605,8,0
2024-05-15 17:05:00,1.89471,1.89501,1.89404,1.89426,644,8,0
2024-05-15 17:10:00,1.89426,1.8951500000000001,1.89404,1.89483,735,8,0
2024-05-15 17:15:00,1.89483,1.89494,1.89451,1.89482,627,8,0
2024-05-15 17:20:00,1.89482,1.89533,1.89479,1.89513,591,8,0
2024-05-15 17:25:00,1.89513,1.89531,1.8950200000000001,1.8951799999999999,509,8,0
2024-05-15 17:30:00,1.8951799999999999,1.89533,1.89481,1.8949099999999999,539,8,0
2024-05-15 17:35:00,1.89492,1.8951099999999999,1.8949,1.89507,474,8,0
2024-05-15 17:40:00,1.89507,1.8954900000000001,1.89505,1.8950900000000002,461,8,0
2024-05-15 17:45:00,1.8950900000000002,1.89561,1.8950900000000002,1.8953600000000002,510,8,0
2024-05-15 17:50:00,1.8953600000000002,1.89537,1.8946100000000001,1.89472,651,8,0
2024-05-15 17:55:00,1.89472,1.89476,1.89432,1.89444,489,8,0
2024-05-15 18:00:00,1.89444,1.89517,1.89436,1.89492,560,8,0
2024-05-15 18:05:00,1.89492,1.8953,1.89482,1.8952499999999999,459,8,0
2024-05-15 18:10:00,1.89526,1.89568,1.89513,1.89517,576,8,0
2024-05-15 18:15:00,1.89517,1.8953,1.8949799999999999,1.89507,528,8,0
2024-05-15 18:20:00,1.89507,1.89554,1.89505,1.89537,546,8,0
2024-05-15 18:25:00,1.89537,1.89557,1.8951799999999999,1.8952,480,8,0
2024-05-15 18:30:00,1.8952,1.89537,1.8951,1.8952200000000001,467,8,0
2024-05-15 18:35:00,1.89523,1.89553,1.89521,1.89526,534,8,0
2024-05-15 18:40:00,1.89526,1.8957899999999999,1.8952499999999999,1.89573,528,8,0
2024-05-15 18:45:00,1.89573,1.896,1.89561,1.89594,476,8,0
2024-05-15 18:50:00,1.89594,1.89594,1.89539,1.89568,573,8,0
2024-05-15 18:55:00,1.89568,1.8958300000000001,1.8952499999999999,1.89527,579,8,0
2024-05-15 19:00:00,1.89527,1.89541,1.89512,1.89526,657,8,0
2024-05-15 19:05:00,1.89526,1.89543,1.89492,1.89541,433,8,0
2024-05-15 19:10:00,1.89541,1.89555,1.89521,1.89523,346,8,0
2024-05-15 19:15:00,1.89523,1.89539,1.89513,1.89535,393,8,0
2024-05-15 19:20:00,1.89535,1.89539,1.8952,1.89528,431,8,0
2024-05-15 19:25:00,1.89528,1.8953,1.89505,1.8952200000000001,396,8,0
2024-05-15 19:30:00,1.89523,1.89587,1.8952200000000001,1.8956300000000001,442,8,0
2024-05-15 19:35:00,1.8956300000000001,1.89588,1.8955899999999999,1.89568,352,8,0
2024-05-15 19:40:00,1.89569,1.8958599999999999,1.8955899999999999,1.89564,373,8,0
2024-05-15 19:45:00,1.89564,1.89568,1.89546,1.89564,349,8,0
2024-05-15 19:50:00,1.89564,1.89568,1.89512,1.8952200000000001,417,8,0
2024-05-15 19:55:00,1.8952200000000001,1.89533,1.8949,1.8949500000000001,588,8,0
2024-05-15 20:00:00,1.8949500000000001,1.89551,1.8949,1.89541,365,8,0
2024-05-15 20:05:00,1.89541,1.89557,1.89528,1.8954900000000001,197,8,0
2024-05-15 20:10:00,1.8954900000000001,1.89568,1.89546,1.89546,214,8,0
2024-05-15 20:15:00,1.89546,1.89546,1.8951500000000001,1.89524,214,8,0
2024-05-15 20:20:00,1.89524,1.89537,1.89513,1.89528,270,8,0
2024-05-15 20:25:00,1.89528,1.8954499999999999,1.8952499999999999,1.89531,180,8,0
2024-05-15 20:30:00,1.89531,1.89567,1.89526,1.89527,168,8,0
2024-05-15 20:35:00,1.89527,1.89533,1.89513,1.89526,160,8,0
2024-05-15 20:40:00,1.8952499999999999,1.89531,1.89492,1.8951500000000001,219,8,0
2024-05-15 20:45:00,1.8951500000000001,1.8952,1.8949099999999999,1.89519,231,8,0
2024-05-15 20:50:00,1.89519,1.89533,1.8949799999999999,1.89516,206,8,0
2024-05-15 20:55:00,1.89516,1.8953,1.89503,1.89513,239,8,0
2024-05-15 21:00:00,1.89512,1.89512,1.89336,1.89415,49,21,0
2024-05-15 21:05:00,1.89415,1.89499,1.89409,1.89459,75,54,0
2024-05-15 21:10:00,1.89462,1.8950200000000001,1.89445,1.89487,114,50,0
2024-05-15 21:15:00,1.89486,1.89505,1.89418,1.89474,163,23,0
2024-05-15 21:20:00,1.89474,1.89505,1.89474,1.89505,56,40,0
2024-05-15 21:25:00,1.89505,1.89544,1.89496,1.89517,119,40,0
2024-05-15 21:30:00,1.8951799999999999,1.89523,1.8951500000000001,1.89523,19,50,0
2024-05-15 21:35:00,1.89523,1.89568,1.89523,1.89527,115,23,0
2024-05-15 21:40:00,1.89534,1.89543,1.89521,1.8953,80,30,0
2024-05-15 21:45:00,1.89531,1.89531,1.89493,1.89526,80,39,0
2024-05-15 21:50:00,1.89526,1.89544,1.8951799999999999,1.8954,52,30,0
2024-05-15 21:55:00,1.8954,1.8955899999999999,1.8954,1.89553,86,28,0
2024-05-15 22:00:00,1.8955,1.8955,1.89458,1.89466,227,8,0
2024-05-15 22:05:00,1.8946800000000001,1.89513,1.8946800000000001,1.89481,162,8,0
2024-05-15 22:10:00,1.89481,1.89499,1.8946,1.89462,158,8,0
2024-05-15 22:15:00,1.89462,1.8946399999999999,1.89436,1.89451,137,8,0
2024-05-15 22:20:00,1.89449,1.8947500000000002,1.89449,1.89466,161,8,0
2024-05-15 22:25:00,1.89466,1.89481,1.89455,1.89474,214,8,0
2024-05-15 22:30:00,1.89474,1.89485,1.89455,1.8947500000000002,249,8,0
2024-05-15 22:35:00,1.8947500000000002,1.8948800000000001,1.8946100000000001,1.89462,198,8,0
2024-05-15 22:40:00,1.89462,1.89469,1.89442,1.89459,177,8,0
2024-05-15 22:45:00,1.89459,1.89459,1.8942299999999999,1.89433,152,8,0
2024-05-15 22:50:00,1.89432,1.89453,1.89432,1.8944999999999999,102,8,0
2024-05-15 22:55:00,1.8944999999999999,1.89497,1.89444,1.8948399999999999,208,8,0
2024-05-15 23:00:00,1.8948399999999999,1.89486,1.89452,1.89471,251,8,0
2024-05-15 23:05:00,1.89471,1.89507,1.8946,1.89465,233,8,0
2024-05-15 23:10:00,1.89466,1.89467,1.89439,1.89453,331,8,0
2024-05-15 23:15:00,1.89455,1.89459,1.8942299999999999,1.89435,359,8,0
2024-05-15 23:20:00,1.89435,1.89455,1.89424,1.8942700000000001,415,8,0
2024-05-15 23:25:00,1.8942700000000001,1.89432,1.89404,1.89426,373,8,0
2024-05-15 23:30:00,1.89426,1.8944999999999999,1.89412,1.89449,323,8,0
2024-05-15 23:35:00,1.89449,1.8947699999999998,1.89432,1.89466,407,8,0
2024-05-15 23:40:00,1.89467,1.89485,1.89462,1.89472,201,8,0
2024-05-15 23:45:00,1.89472,1.89473,1.89421,1.8943699999999999,268,8,0
2024-05-15 23:50:00,1.8943699999999999,1.89462,1.89397,1.89398,364,8,0
2024-05-15 23:55:00,1.89399,1.89405,1.89377,1.89379,350,8,0
2024-05-16 00:00:00,1.89378,1.89433,1.89372,1.8939,942,8,0
2024-05-16 00:05:00,1.8939,1.8942,1.8936,1.89397,682,8,0
2024-05-16 00:10:00,1.89397,1.89418,1.8934199999999999,1.89364,731,8,0
2024-05-16 00:15:00,1.89364,1.8937300000000001,1.89299,1.8932099999999998,737,8,0
2024-05-16 00:20:00,1.8932099999999998,1.8933499999999999,1.8928500000000001,1.89286,744,8,0
2024-05-16 00:25:00,1.89286,1.89296,1.89266,1.89282,624,8,0
2024-05-16 00:30:00,1.89282,1.89291,1.89195,1.8920599999999999,700,8,0
2024-05-16 00:35:00,1.8920599999999999,1.89229,1.8918599999999999,1.89209,612,8,0
2024-05-16 00:40:00,1.89209,1.89252,1.89191,1.89195,770,8,0
2024-05-16 00:45:00,1.89194,1.89212,1.89148,1.8915899999999999,610,8,0
2024-05-16 00:50:00,1.8915899999999999,1.89165,1.8909099999999999,1.8910900000000002,763,8,0
2024-05-16 00:55:00,1.89107,1.89222,1.89107,1.89195,1079,8,0
2024-05-16 01:00:00,1.89195,1.89288,1.8919000000000001,1.89284,1043,8,0
2024-05-16 01:05:00,1.89284,1.8934199999999999,1.8928099999999999,1.89289,903,8,0
2024-05-16 01:10:00,1.8929,1.89363,1.8926500000000002,1.89279,923,8,0
2024-05-16 01:15:00,1.89279,1.89299,1.8925999999999998,1.89287,960,8,0
2024-05-16 01:20:00,1.89288,1.89352,1.89273,1.89349,610,8,0
2024-05-16 01:25:00,1.89349,1.8943400000000001,1.89336,1.89399,431,8,0
2024-05-16 01:30:00,1.89386,1.89659,1.89386,1.89654,1223,8,0
2024-05-16 01:35:00,1.89654,1.89737,1.89609,1.8964400000000001,1097,8,0
2024-05-16 01:40:00,1.89646,1.89648,1.8958300000000001,1.89595,904,8,0
2024-05-16 01:45:00,1.89595,1.89813,1.89588,1.89794,1190,8,0
2024-05-16 01:50:00,1.8979300000000001,1.8987500000000002,1.89783,1.8986100000000001,963,8,0
2024-05-16 01:55:00,1.8986100000000001,1.8986399999999999,1.89744,1.89768,1034,8,0
2024-05-16 02:00:00,1.89768,1.8991799999999999,1.8976600000000001,1.89913,1079,8,0
2024-05-16 02:05:00,1.89912,1.8993,1.89859,1.89903,1059,8,0
2024-05-16 02:10:00,1.89903,1.8994900000000001,1.89881,1.89887,910,8,0
2024-05-16 02:15:00,1.8988800000000001,1.89951,1.89881,1.89883,728,8,0
2024-05-16 02:20:00,1.89883,1.8991500000000001,1.89852,1.8987,728,8,0
2024-05-16 02:25:00,1.8987,1.89883,1.89811,1.8982999999999999,757,8,0
2024-05-16 02:30:00,1.8982999999999999,1.8984,1.8974,1.8976199999999999,683,8,0
2024-05-16 02:35:00,1.8976199999999999,1.89772,1.8970799999999999,1.89718,640,8,0
2024-05-16 02:40:00,1.89718,1.8972,1.8967100000000001,1.89684,611,8,0
2024-05-16 02:45:00,1.89684,1.89702,1.89661,1.89686,569,8,0
2024-05-16 02:50:00,1.89686,1.89725,1.89632,1.8965100000000001,538,8,0
2024-05-16 02:55:00,1.8965100000000001,1.89661,1.89622,1.8963,556,8,0
2024-05-16 03:00:00,1.89629,1.8966699999999999,1.89619,1.89665,581,8,0
2024-05-16 03:05:00,1.89666,1.8967399999999999,1.89621,1.89648,568,8,0
2024-05-16 03:10:00,1.89648,1.89657,1.89592,1.89605,600,8,0
2024-05-16 03:15:00,1.89605,1.89616,1.89581,1.89602,513,8,0
2024-05-16 03:20:00,1.89602,1.89632,1.896,1.89619,516,8,0
2024-05-16 03:25:00,1.89618,1.89625,1.89548,1.89562,485,8,0
2024-05-16 03:30:00,1.89562,1.89571,1.8951799999999999,1.8952,519,8,0
2024-05-16 03:35:00,1.8952,1.89577,1.8951799999999999,1.8957600000000001,521,8,0
2024-05-16 03:40:00,1.89575,1.8959700000000002,1.89564,1.89592,470,8,0
2024-05-16 03:45:00,1.89592,1.8962400000000001,1.8958300000000001,1.89618,440,8,0
2024-05-16 03:50:00,1.89618,1.8963999999999999,1.89593,1.89615,504,8,0
2024-05-16 03:55:00,1.89615,1.89655,1.8961299999999999,1.89645,492,8,0
2024-05-16 04:00:00,1.8964400000000001,1.89713,1.8963700000000001,1.8969399999999998,447,8,0
2024-05-16 04:05:00,1.8969399999999998,1.89706,1.89663,1.89666,365,8,0
2024-05-16 04:10:00,1.89666,1.89682,1.8965100000000001,1.8967100000000001,351,8,0
2024-05-16 04:15:00,1.8967100000000001,1.89703,1.8967,1.89698,307,8,0
2024-05-16 04:20:00,1.89698,1.89801,1.8967100000000001,1.89801,405,8,0
2024-05-16 04:25:00,1.89801,1.89802,1.89759,1.89759,380,8,0
2024-05-16 04:30:00,1.89759,1.89808,1.89752,1.89771,487,8,0
2024-05-16 04:35:00,1.89771,1.89771,1.89702,1.8972799999999999,455,8,0
2024-05-16 04:40:00,1.8972799999999999,1.8973,1.89697,1.897,437,8,0
2024-05-16 04:45:00,1.897,1.89752,1.89683,1.89748,386,8,0
2024-05-16 04:50:00,1.89749,1.8977,1.8973499999999999,1.8976,343,8,0
2024-05-16 04:55:00,1.8976,1.89763,1.89722,1.8974,338,8,0
2024-05-16 05:00:00,1.8973900000000001,1.89761,1.89718,1.89757,391,8,0
2024-05-16 05:05:00,1.89757,1.8979300000000001,1.89737,1.8978899999999999,412,8,0
2024-05-16 05:10:00,1.8978899999999999,1.8986,1.8978899999999999,1.89851,490,8,0
2024-05-16 05:15:00,1.89851,1.8987,1.8981400000000002,1.8984299999999998,409,8,0
2024-05-16 05:20:00,1.8984299999999998,1.89878,1.89822,1.89825,465,8,0
2024-05-16 05:25:00,1.89825,1.89867,1.89825,1.89839,276,8,0
2024-05-16 05:30:00,1.89838,1.89851,1.89776,1.89844,499,8,0
2024-05-16 05:35:00,1.89844,1.89886,1.89839,1.89862,411,8,0
2024-05-16 05:40:00,1.89863,1.8991099999999999,1.89835,1.89876,450,8,0
2024-05-16 05:45:00,1.89876,1.89885,1.89838,1.89847,425,8,0
2024-05-16 05:50:00,1.89846,1.8986,1.8977,1.89778,568,8,0
2024-05-16 05:55:00,1.89778,1.89829,1.8976899999999999,1.89825,395,8,0
2024-05-16 06:00:00,1.89825,1.8994900000000001,1.89825,1.89948,874,8,0
2024-05-16 06:05:00,1.89948,1.89978,1.89853,1.89866,721,8,0
2024-05-16 06:10:00,1.89865,1.89889,1.8982700000000001,1.8982700000000001,644,8,0
2024-05-16 06:15:00,1.8982700000000001,1.89866,1.89794,1.89817,590,8,0
2024-05-16 06:20:00,1.89817,1.89858,1.8978899999999999,1.89833,562,8,0
2024-05-16 06:25:00,1.89833,1.8990399999999998,1.89833,1.89896,493,8,0
2024-05-16 06:30:00,1.89896,1.89896,1.89808,1.89815,608,8,0
2024-05-16 06:35:00,1.89818,1.89851,1.89802,1.8981599999999998,522,8,0
2024-05-16 06:40:00,1.8981599999999998,1.8985400000000001,1.89799,1.89846,534,8,0
2024-05-16 06:45:00,1.89846,1.8986399999999999,1.89812,1.89855,570,8,0
2024-05-16 06:50:00,1.89855,1.8987,1.89779,1.8978899999999999,531,8,0
2024-05-16 06:55:00,1.89788,1.89826,1.89779,1.8980299999999999,617,8,0
2024-05-16 07:00:00,1.8980299999999999,1.8982,1.89754,1.89754,865,8,0
2024-05-16 07:05:00,1.89754,1.89859,1.89754,1.89833,742,8,0
2024-05-16 07:10:00,1.89833,1.89855,1.89774,1.89777,811,8,0
2024-05-16 07:15:00,1.89777,1.8978000000000002,1.89715,1.89715,758,8,0
2024-05-16 07:20:00,1.8972,1.89731,1.89643,1.89655,770,8,0
2024-05-16 07:25:00,1.89655,1.89711,1.89646,1.89669,868,8,0
2024-05-16 07:30:00,1.89669,1.89699,1.89612,1.89654,801,8,0
2024-05-16 07:35:00,1.89654,1.8971200000000001,1.89643,1.8970799999999999,672,8,0
2024-05-16 07:40:00,1.89707,1.89713,1.89669,1.89689,683,8,0
2024-05-16 07:45:00,1.89689,1.8970799999999999,1.89672,1.89706,601,8,0
2024-05-16 07:50:00,1.89706,1.8972,1.8967100000000001,1.89715,748,8,0
2024-05-16 07:55:00,1.89715,1.89727,1.8963700000000001,1.89648,763,8,0
2024-05-16 08:00:00,1.8964699999999999,1.8964699999999999,1.89555,1.89578,808,8,0
2024-05-16 08:05:00,1.89578,1.8961700000000001,1.89553,1.89602,695,8,0
2024-05-16 08:10:00,1.89602,1.8961299999999999,1.89571,1.89607,624,8,0
2024-05-16 08:15:00,1.89607,1.8972099999999998,1.8960599999999999,1.8969,716,8,0
2024-05-16 08:20:00,1.8969,1.89743,1.8968099999999999,1.89731,726,8,0
2024-05-16 08:25:00,1.8973499999999999,1.89785,1.89726,1.89745,699,8,0
2024-05-16 08:30:00,1.89745,1.89745,1.8968099999999999,1.89695,656,8,0
2024-05-16 08:35:00,1.89695,1.89698,1.89648,1.89679,545,8,0
2024-05-16 08:40:00,1.89679,1.8969200000000002,1.8965,1.89662,625,8,0
2024-05-16 08:45:00,1.89662,1.89706,1.89643,1.89677,673,8,0
2024-05-16 08:50:00,1.89677,1.8974199999999999,1.89668,1.8973499999999999,552,8,0
2024-05-16 08:55:00,1.8973499999999999,1.89763,1.8973,1.8973,756,8,0
2024-05-16 09:00:00,1.8973200000000001,1.89757,1.89711,1.89725,636,8,0
2024-05-16 09:05:00,1.89725,1.8977,1.89722,1.89759,678,8,0
2024-05-16 09:10:00,1.89758,1.8979300000000001,1.89756,1.89764,476,8,0
2024-05-16 09:15:00,1.89764,1.89764,1.8967800000000001,1.8968,543,8,0
2024-05-16 09:20:00,1.8968,1.89684,1.89656,1.89664,419,8,0
2024-05-16 09:25:00,1.89664,1.8977300000000001,1.89662,1.8976199999999999,647,8,0
2024-05-16 09:30:00,1.89763,1.89765,1.8973,1.89736,562,8,0
2024-05-16 09:35:00,1.89736,1.8973900000000001,1.8968099999999999,1.89698,549,8,0
2024-05-16 09:40:00,1.89698,1.89726,1.8965,1.89655,535,8,0
2024-05-16 09:45:00,1.89655,1.89677,1.89639,1.8967399999999999,466,8,0
2024-05-16 09:50:00,1.8967399999999999,1.8970799999999999,1.89661,1.8966699999999999,548,8,0
2024-05-16 09:55:00,1.8966699999999999,1.89697,1.8963999999999999,1.8967800000000001,706,8,0
2024-05-16 10:00:00,1.8967800000000001,1.89722,1.89664,1.89718,478,8,0
2024-05-16 10:05:00,1.89718,1.8972799999999999,1.8969200000000002,1.8972,548,8,0
2024-05-16 10:10:00,1.8972,1.89733,1.89698,1.89731,379,8,0
2024-05-16 10:15:00,1.89731,1.89745,1.89709,1.89717,450,8,0
2024-05-16 10:20:00,1.89717,1.89768,1.8971200000000001,1.89752,563,8,0
2024-05-16 10:25:00,1.8975300000000002,1.89777,1.89738,1.89775,514,8,0
2024-05-16 10:30:00,1.89775,1.89804,1.8975499999999998,1.89772,557,8,0
2024-05-16 10:35:00,1.89771,1.89808,1.89765,1.89806,448,8,0
2024-05-16 10:40:00,1.89806,1.8986399999999999,1.89806,1.89863,375,8,0
2024-05-16 10:45:00,1.89863,1.899,1.89848,1.89883,478,8,0
2024-05-16 10:50:00,1.89883,1.89909,1.8982999999999999,1.8983400000000001,517,8,0
2024-05-16 10:55:00,1.8983400000000001,1.89838,1.89778,1.89791,441,8,0
2024-05-16 11:00:00,1.89791,1.89808,1.89733,1.89805,551,8,0
2024-05-16 11:05:00,1.89806,1.89862,1.89797,1.89847,482,8,0
2024-05-16 11:10:00,1.89847,1.89867,1.89813,1.89825,406,8,0
2024-05-16 11:15:00,1.89826,1.89842,1.8980000000000001,1.89813,342,8,0
2024-05-16 11:20:00,1.89813,1.89813,1.8973900000000001,1.89772,469,8,0
2024-05-16 11:25:00,1.89771,1.89869,1.89768,1.89845,610,8,0
2024-05-16 11:30:00,1.89845,1.89846,1.8969399999999998,1.89726,796,8,0
2024-05-16 11:35:00,1.89726,1.89802,1.89714,1.8971900000000002,809,8,0
2024-05-16 11:40:00,1.8971900000000002,1.89779,1.8971200000000001,1.89777,644,8,0
2024-05-16 11:45:00,1.89777,1.89804,1.89757,1.8976899999999999,580,8,0
2024-05-16 11:50:00,1.89768,1.89785,1.89737,1.89758,652,8,0
2024-05-16 11:55:00,1.89758,1.89781,1.8973900000000001,1.89774,623,8,0
2024-05-16 12:00:00,1.89774,1.89812,1.8975300000000002,1.8976600000000001,903,8,0
2024-05-16 12:05:00,1.8976600000000001,1.89802,1.8972799999999999,1.8974600000000001,688,8,0
2024-05-16 12:10:00,1.8974600000000001,1.89785,1.8970799999999999,1.89736,636,8,0
2024-05-16 12:15:00,1.89738,1.89764,1.89724,1.8973,559,8,0
2024-05-16 12:20:00,1.8973,1.89761,1.8970500000000001,1.89758,810,8,0
2024-05-16 12:25:00,1.89758,1.8976899999999999,1.89634,1.89642,674,8,0
2024-05-16 12:30:00,1.89642,1.89774,1.89582,1.89714,1744,8,0
2024-05-16 12:35:00,1.89714,1.8982299999999999,1.897,1.8980299999999999,1766,8,0
2024-05-16 12:40:00,1.8980299999999999,1.89869,1.8976,1.89783,1455,8,0
2024-05-16 12:45:00,1.89783,1.89859,1.89772,1.89848,1103,8,0
2024-05-16 12:50:00,1.89848,1.89869,1.89812,1.89846,1085,8,0
2024-05-16 12:55:00,1.89846,1.89863,1.89798,1.89815,1161,8,0
2024-05-16 13:00:00,1.89815,1.89872,1.8979,1.89811,1180,8,0
2024-05-16 13:05:00,1.89811,1.8988,1.89795,1.89878,1089,8,0
2024-05-16 13:10:00,1.89878,1.89906,1.89859,1.89879,857,8,0
2024-05-16 13:15:00,1.8988399999999999,1.89962,1.8988,1.89957,973,8,0
2024-05-16 13:20:00,1.89957,1.89967,1.89908,1.89914,1102,8,0
2024-05-16 13:25:00,1.89914,1.8995199999999999,1.89906,1.89941,949,8,0
2024-05-16 13:30:00,1.89941,1.89984,1.89903,1.8997899999999999,1299,8,0
2024-05-16 13:35:00,1.8997899999999999,1.9005100000000001,1.8995,1.90016,1286,8,0
2024-05-16 13:40:00,1.90015,1.90049,1.89991,1.89995,1260,8,0
2024-05-16 13:45:00,1.89995,1.90055,1.89978,1.90004,1071,8,0
2024-05-16 13:50:00,1.90004,1.90004,1.89955,1.8995600000000001,949,8,0
2024-05-16 13:55:00,1.8995600000000001,1.89959,1.8990200000000002,1.8990200000000002,959,8,0
2024-05-16 14:00:00,1.8990200000000002,1.89909,1.8985699999999999,1.89869,1129,8,0
2024-05-16 14:05:00,1.89867,1.8992499999999999,1.8986,1.89886,975,8,0
2024-05-16 14:10:00,1.89886,1.89899,1.89851,1.89862,876,8,0
2024-05-16 14:15:00,1.89862,1.89892,1.89811,1.89811,949,8,0
2024-05-16 14:20:00,1.89812,1.89848,1.89787,1.89798,974,8,0
2024-05-16 14:25:00,1.89798,1.8981,1.89734,1.89734,955,8,0
2024-05-16 14:30:00,1.89734,1.8973900000000001,1.89661,1.89677,976,8,0
2024-05-16 14:35:00,1.89677,1.8977300000000001,1.89676,1.8976899999999999,1002,8,0
2024-05-16 14:40:00,1.8976899999999999,1.89792,1.89734,1.8973499999999999,1016,8,0
2024-05-16 14:45:00,1.8973499999999999,1.8980000000000001,1.89723,1.89761,950,8,0
2024-05-16 14:50:00,1.89761,1.8976199999999999,1.89665,1.8967100000000001,1055,8,0
2024-05-16 14:55:00,1.8967100000000001,1.8975499999999998,1.8965800000000002,1.89744,1407,8,0
2024-05-16 15:00:00,1.89744,1.89786,1.89727,1.89744,1144,8,0
2024-05-16 15:05:00,1.89745,1.89788,1.89725,1.89729,665,8,0
2024-05-16 15:10:00,1.8972799999999999,1.8984100000000002,1.89724,1.8982299999999999,675,8,0
2024-05-16 15:15:00,1.8982299999999999,1.89863,1.89812,1.89815,688,8,0
2024-05-16 15:20:00,1.89815,1.89833,1.89776,1.89783,572,8,0
2024-05-16 15:25:00,1.89783,1.8980000000000001,1.89752,1.8976600000000001,468,8,0
2024-05-16 15:30:00,1.8976600000000001,1.89792,1.89702,1.89704,573,8,0
2024-05-16 15:35:00,1.89704,1.89759,1.8968500000000001,1.8972799999999999,616,8,0
2024-05-16 15:40:00,1.8972799999999999,1.8978000000000002,1.89722,1.8978000000000002,478,8,0
2024-05-16 15:45:00,1.8978000000000002,1.89817,1.89765,1.89798,566,8,0
2024-05-16 15:50:00,1.89798,1.8980299999999999,1.89734,1.8973499999999999,634,8,0
2024-05-16 15:55:00,1.8973499999999999,1.89754,1.89725,1.89748,488,8,0
2024-05-16 16:00:00,1.89747,1.89809,1.89738,1.89797,842,8,0
2024-05-16 16:05:00,1.89797,1.8981599999999998,1.89791,1.89792,619,8,0
2024-05-16 16:10:00,1.89792,1.89813,1.8978199999999998,1.89813,549,8,0
2024-05-16 16:15:00,1.89813,1.89818,1.89776,1.89794,482,8,0
2024-05-16 16:20:00,1.89794,1.89812,1.89783,1.8978899999999999,533,8,0
2024-05-16 16:25:00,1.8978899999999999,1.89815,1.8977,1.89804,394,8,0
2024-05-16 16:30:00,1.89804,1.8985400000000001,1.89798,1.8985400000000001,441,8,0
2024-05-16 16:35:00,1.8985400000000001,1.8985699999999999,1.89821,1.89831,428,8,0
2024-05-16 16:40:00,1.89831,1.8983400000000001,1.89799,1.89817,538,8,0
2024-05-16 16:45:00,1.89817,1.89828,1.8980700000000001,1.89812,365,8,0
2024-05-16 16:50:00,1.89811,1.89825,1.89777,1.89777,398,8,0
2024-05-16 16:55:00,1.89777,1.89788,1.8975499999999998,1.89763,311,8,0
2024-05-16 17:00:00,1.89764,1.89778,1.89748,1.89768,499,8,0
2024-05-16 17:05:00,1.89768,1.8978199999999998,1.89726,1.89726,503,8,0
2024-05-16 17:10:00,1.89726,1.89757,1.89725,1.8975499999999998,360,8,0
2024-05-16 17:15:00,1.8975499999999998,1.89783,1.89749,1.8977300000000001,345,8,0
2024-05-16 17:20:00,1.8977300000000001,1.89826,1.8977300000000001,1.8979300000000001,796,8,0
2024-05-16 17:25:00,1.8979300000000001,1.89801,1.89754,1.89772,616,8,0
2024-05-16 17:30:00,1.89772,1.89788,1.8974199999999999,1.89752,432,8,0
2024-05-16 17:35:00,1.89752,1.8976899999999999,1.89737,1.89767,442,8,0
2024-05-16 17:40:00,1.89768,1.89775,1.89738,1.89754,422,8,0
2024-05-16 17:45:00,1.89754,1.89792,1.89748,1.89783,420,8,0
2024-05-16 17:50:00,1.89783,1.8980700000000001,1.8978000000000002,1.89802,363,8,0
2024-05-16 17:55:00,1.89802,1.89815,1.89783,1.89784,391,8,0
2024-05-16 18:00:00,1.89784,1.89791,1.89745,1.89752,392,8,0
2024-05-16 18:05:00,1.89752,1.89784,1.89745,1.8978199999999998,431,8,0
2024-05-16 18:10:00,1.8978199999999998,1.89809,1.89777,1.89809,447,8,0
2024-05-16 18:15:00,1.89809,1.8981400000000002,1.89763,1.89763,347,8,0
2024-05-16 18:20:00,1.89763,1.8977300000000001,1.89747,1.89749,373,8,0
2024-05-16 18:25:00,1.89748,1.89751,1.8973200000000001,1.8974600000000001,477,8,0
2024-05-16 18:30:00,1.8974600000000001,1.89749,1.89722,1.89736,495,8,0
2024-05-16 18:35:00,1.89736,1.8975300000000002,1.8972,1.89751,370,8,0
2024-05-16 18:40:00,1.89751,1.89772,1.89749,1.89758,377,8,0
2024-05-16 18:45:00,1.89758,1.8976600000000001,1.89738,1.89751,364,8,0
2024-05-16 18:50:00,1.89751,1.89771,1.8974,1.8975,370,8,0
2024-05-16 18:55:00,1.8975,1.8976199999999999,1.89733,1.89759,395,8,0
2024-05-16 19:00:00,1.89759,1.89767,1.89704,1.89704,368,8,0
2024-05-16 19:05:00,1.89704,1.89704,1.89657,1.89657,311,8,0
2024-05-16 19:10:00,1.89657,1.8965800000000002,1.89627,1.8963299999999998,305,8,0
2024-05-16 19:15:00,1.8963299999999998,1.8966699999999999,1.89625,1.8966699999999999,393,8,0
2024-05-16 19:20:00,1.8966699999999999,1.8969399999999998,1.89662,1.89683,255,8,0
2024-05-16 19:25:00,1.89683,1.89711,1.89679,1.89707,317,8,0
2024-05-16 19:30:00,1.89707,1.8971,1.89682,1.89706,463,8,0
2024-05-16 19:35:00,1.89706,1.89723,1.89698,1.89717,314,8,0
2024-05-16 19:40:00,1.89717,1.89723,1.8970500000000001,1.89715,399,8,0
2024-05-16 19:45:00,1.89715,1.89729,1.89693,1.89702,401,8,0
2024-05-16 19:50:00,1.8970099999999999,1.89703,1.8967399999999999,1.89676,449,8,0
2024-05-16 19:55:00,1.89676,1.8971900000000002,1.89676,1.89709,542,8,0
2024-05-16 20:00:00,1.8970799999999999,1.89738,1.89707,1.89729,239,8,0
2024-05-16 20:05:00,1.8972799999999999,1.89764,1.89725,1.8976199999999999,198,8,0
2024-05-16 20:10:00,1.8976199999999999,1.8977300000000001,1.8975499999999998,1.8977300000000001,152,8,0
2024-05-16 20:15:00,1.8977300000000001,1.89776,1.89747,1.8975,175,8,0
2024-05-16 20:20:00,1.8975,1.89751,1.89745,1.89748,71,8,0
2024-05-16 20:25:00,1.89748,1.89759,1.89744,1.89745,114,8,0
2024-05-16 20:30:00,1.89745,1.89758,1.89743,1.89749,119,8,0
2024-05-16 20:35:00,1.89749,1.8976,1.89744,1.8974600000000001,120,8,0
2024-05-16 20:40:00,1.8974600000000001,1.89748,1.89744,1.89747,52,8,0
2024-05-16 20:45:00,1.89747,1.89748,1.89707,1.8972,131,8,0
2024-05-16 20:50:00,1.8972,1.8972099999999998,1.8970500000000001,1.89716,150,8,0
2024-05-16 20:55:00,1.89716,1.89744,1.8969399999999998,1.89698,132,8,0
2024-05-16 21:00:00,1.89698,1.89698,1.89507,1.8963999999999999,52,23,0
2024-05-16 21:05:00,1.89646,1.8973900000000001,1.89643,1.89717,69,63,0
2024-05-16 21:10:00,1.89717,1.89737,1.89706,1.8972799999999999,101,67,0
2024-05-16 21:15:00,1.8972799999999999,1.89748,1.8972,1.8974,68,49,0
2024-05-16 21:20:00,1.89743,1.89751,1.89729,1.89744,53,52,0
2024-05-16 21:25:00,1.89758,1.89772,1.89716,1.89729,143,56,0
2024-05-16 21:30:00,1.89723,1.89745,1.89715,1.8973,127,55,0
2024-05-16 21:35:00,1.89726,1.8974,1.8972,1.89727,145,59,0
2024-05-16 21:40:00,1.89727,1.89734,1.89706,1.89717,146,65,0
2024-05-16 21:45:00,1.8972,1.8974600000000001,1.8972,1.89723,128,62,0
2024-05-16 21:50:00,1.89723,1.8973200000000001,1.8971900000000002,1.8972799999999999,22,67,0
2024-05-16 21:55:00,1.89724,1.8974,1.89724,1.89733,62,51,0
2024-05-16 22:00:00,1.89733,1.89743,1.89673,1.8968699999999998,118,8,0
2024-05-16 22:05:00,1.8968500000000001,1.89695,1.89679,1.89695,50,8,0
2024-05-16 22:10:00,1.89695,1.8972,1.8969,1.8972,99,8,0
2024-05-16 22:15:00,1.8972,1.89722,1.89707,1.89714,233,8,0
2024-05-16 22:20:00,1.89714,1.8972,1.89677,1.8968099999999999,70,8,0
2024-05-16 22:25:00,1.8968099999999999,1.8970799999999999,1.89679,1.89695,75,8,0
2024-05-16 22:30:00,1.89695,1.89737,1.89695,1.89709,79,8,0
2024-05-16 22:35:00,1.8970799999999999,1.8972,1.8970500000000001,1.89718,75,8,0
2024-05-16 22:40:00,1.89718,1.89726,1.8969,1.89695,104,8,0
2024-05-16 22:45:00,1.89697,1.897,1.89668,1.89673,99,8,0
2024-05-16 22:50:00,1.89672,1.8970099999999999,1.8967100000000001,1.89686,144,8,0
2024-05-16 22:55:00,1.8968699999999998,1.8971900000000002,1.89679,1.8970500000000001,197,8,0
2024-05-16 23:00:00,1.8970500000000001,1.8971200000000001,1.8968099999999999,1.89703,212,8,0
2024-05-16 23:05:00,1.89703,1.89717,1.8968099999999999,1.89691,292,8,0
2024-05-16 23:10:00,1.8969399999999998,1.89703,1.8964400000000001,1.8964699999999999,290,8,0
2024-05-16 23:15:00,1.89648,1.89653,1.89614,1.89615,144,8,0
2024-05-16 23:20:00,1.89615,1.89632,1.89609,1.89628,138,8,0
2024-05-16 23:25:00,1.89628,1.89655,1.89628,1.89638,168,8,0
2024-05-16 23:30:00,1.89638,1.89661,1.8963,1.89643,172,8,0
2024-05-16 23:35:00,1.89643,1.89666,1.89643,1.89661,175,8,0
2024-05-16 23:40:00,1.8965999999999998,1.8968,1.89649,1.89655,101,8,0
2024-05-16 23:45:00,1.89655,1.89668,1.89596,1.89638,213,8,0
2024-05-16 23:50:00,1.89638,1.8964699999999999,1.89615,1.8963700000000001,140,8,0
2024-05-16 23:55:00,1.8963700000000001,1.8966699999999999,1.89623,1.89623,281,8,0
2024-05-17 00:00:00,1.89622,1.8965999999999998,1.89601,1.89625,739,8,0
2024-05-17 00:05:00,1.89625,1.89661,1.89612,1.89654,562,8,0
2024-05-17 00:10:00,1.89654,1.89695,1.89639,1.89683,481,8,0
2024-05-17 00:15:00,1.89683,1.8974199999999999,1.89663,1.89675,572,8,0
2024-05-17 00:20:00,1.89677,1.8970099999999999,1.89669,1.8968699999999998,428,8,0
2024-05-17 00:25:00,1.89688,1.89699,1.89666,1.8968500000000001,374,8,0
2024-05-17 00:30:00,1.8968500000000001,1.89736,1.89684,1.89722,485,8,0
2024-05-17 00:35:00,1.89722,1.8974,1.89703,1.8973900000000001,390,8,0
2024-05-17 00:40:00,1.89738,1.89772,1.89738,1.89765,421,8,0
2024-05-17 00:45:00,1.89765,1.8977300000000001,1.89725,1.8974600000000001,441,8,0
2024-05-17 00:50:00,1.8974600000000001,1.89761,1.89716,1.89741,557,8,0
2024-05-17 00:55:00,1.89743,1.89787,1.89729,1.89783,731,8,0
2024-05-17 01:00:00,1.89783,1.89783,1.89715,1.8974199999999999,591,8,0
2024-05-17 01:05:00,1.8974199999999999,1.89743,1.8969200000000002,1.89715,439,8,0
2024-05-17 01:10:00,1.89715,1.89774,1.89704,1.89774,821,8,0
2024-05-17 01:15:00,1.89774,1.89786,1.89734,1.89776,837,8,0
2024-05-17 01:20:00,1.89776,1.89832,1.8976,1.8982999999999999,828,8,0
2024-05-17 01:25:00,1.8982999999999999,1.89844,1.89775,1.89781,617,8,0
2024-05-17 01:30:00,1.89784,1.89797,1.8974600000000001,1.89767,836,8,0
2024-05-17 01:35:00,1.8976600000000001,1.8978899999999999,1.89722,1.89722,644,8,0
2024-05-17 01:40:00,1.89723,1.89726,1.89664,1.8968500000000001,746,8,0
2024-05-17 01:45:00,1.89684,1.8969399999999998,1.8966699999999999,1.89689,690,8,0
2024-05-17 01:50:00,1.89689,1.89736,1.89688,1.89736,597,8,0
2024-05-17 01:55:00,1.89737,1.89813,1.89736,1.89749,573,8,0
2024-05-17 02:00:00,1.89749,1.89855,1.89688,1.89828,828,8,0
2024-05-17 02:05:00,1.89828,1.8986100000000001,1.89805,1.8984299999999998,574,8,0
2024-05-17 02:10:00,1.89842,1.8994,1.8984,1.89874,687,8,0
2024-05-17 02:15:00,1.89873,1.89882,1.89846,1.89846,486,8,0
2024-05-17 02:20:00,1.89846,1.89878,1.89837,1.89851,502,8,0
2024-05-17 02:25:00,1.89851,1.89957,1.89848,1.89943,512,8,0
2024-05-17 02:30:00,1.89944,1.8997899999999999,1.89935,1.89959,662,8,0
2024-05-17 02:35:00,1.89959,1.90005,1.8994900000000001,1.89988,614,8,0
2024-05-17 02:40:00,1.89988,1.90038,1.8998300000000001,1.9001000000000001,551,8,0
2024-05-17 02:45:00,1.9001000000000001,1.9003299999999999,1.89987,1.90003,545,8,0
2024-05-17 02:50:00,1.90003,1.90005,1.89961,1.89969,469,8,0
2024-05-17 02:55:00,1.89969,1.89977,1.89932,1.8994,564,8,0
2024-05-17 03:00:00,1.89942,1.89947,1.89897,1.89908,502,8,0
2024-05-17 03:05:00,1.89908,1.89961,1.8990399999999998,1.89941,402,8,0
2024-05-17 03:10:00,1.89941,1.89962,1.89917,1.8994900000000001,394,8,0
2024-05-17 03:15:00,1.8994900000000001,1.89953,1.89927,1.89947,438,8,0
2024-05-17 03:20:00,1.89947,1.89964,1.8992200000000001,1.89962,323,8,0
2024-05-17 03:25:00,1.89961,1.89964,1.899,1.89906,448,8,0
2024-05-17 03:30:00,1.89906,1.8993799999999998,1.89899,1.8993799999999998,371,8,0
2024-05-17 03:35:00,1.8994,1.8994499999999999,1.89901,1.89901,403,8,0
2024-05-17 03:40:00,1.89901,1.8995,1.89889,1.8995,322,8,0
2024-05-17 03:45:00,1.8995,1.89978,1.89948,1.89968,177,8,0
2024-05-17 03:50:00,1.89968,1.8997899999999999,1.8994900000000001,1.89955,146,8,0
2024-05-17 03:55:00,1.8995600000000001,1.89974,1.89947,1.89961,202,8,0
2024-05-17 04:00:00,1.89961,1.90005,1.89957,1.90004,227,8,0
2024-05-17 04:05:00,1.90004,1.9001000000000001,1.89992,1.89995,226,8,0
2024-05-17 04:10:00,1.89994,1.90023,1.8997600000000001,1.89987,298,8,0
2024-05-17 04:15:00,1.89988,1.90004,1.89961,1.8996300000000002,282,8,0
2024-05-17 04:20:00,1.89964,1.8998300000000001,1.8995199999999999,1.89953,251,8,0
2024-05-17 04:25:00,1.8995199999999999,1.89975,1.89932,1.89934,304,8,0
2024-05-17 04:30:00,1.89934,1.89947,1.89919,1.8993600000000002,269,8,0
2024-05-17 04:35:00,1.8993600000000002,1.89951,1.8992499999999999,1.89944,315,8,0
2024-05-17 04:40:00,1.89944,1.89958,1.89933,1.89941,406,8,0
2024-05-17 04:45:00,1.89941,1.89947,1.89924,1.8993,259,8,0
2024-05-17 04:50:00,1.8993,1.89947,1.8992200000000001,1.8994499999999999,225,8,0
2024-05-17 04:55:00,1.8994499999999999,1.89968,1.8993600000000002,1.89942,246,8,0
2024-05-17 05:00:00,1.89943,1.89957,1.89831,1.89844,476,8,0
2024-05-17 05:05:00,1.8984299999999998,1.89858,1.89818,1.89829,523,8,0
2024-05-17 05:10:00,1.89829,1.8984299999999998,1.89818,1.8982999999999999,424,8,0
2024-05-17 05:15:00,1.8982999999999999,1.8989099999999999,1.89826,1.8989,432,8,0
2024-05-17 05:20:00,1.8989,1.89897,1.89866,1.8988399999999999,272,8,0
2024-05-17 05:25:00,1.89885,1.89933,1.89882,1.89933,324,8,0
2024-05-17 05:30:00,1.89933,1.89933,1.8986399999999999,1.8986399999999999,551,8,0
2024-05-17 05:35:00,1.8986399999999999,1.89874,1.89797,1.8981,491,8,0
2024-05-17 05:40:00,1.8981,1.8981,1.89772,1.89799,406,8,0
2024-05-17 05:45:00,1.89799,1.89819,1.89756,1.89791,491,8,0
2024-05-17 05:50:00,1.89791,1.89817,1.89748,1.89764,477,8,0
2024-05-17 05:55:00,1.89764,1.89792,1.8973499999999999,1.89763,417,8,0
2024-05-17 06:00:00,1.89763,1.8980299999999999,1.89741,1.89754,708,8,0
2024-05-17 06:05:00,1.89754,1.8976,1.89717,1.89718,533,8,0
2024-05-17 06:10:00,1.89718,1.89764,1.89716,1.8973,636,8,0
2024-05-17 06:15:00,1.8973,1.8976,1.8973,1.8973499999999999,466,8,0
2024-05-17 06:20:00,1.8973499999999999,1.89765,1.89703,1.8976,545,8,0
2024-05-17 06:25:00,1.8976,1.89775,1.89736,1.89738,525,8,0
2024-05-17 06:30:00,1.89738,1.89809,1.89738,1.89787,527,8,0
2024-05-17 06:35:00,1.89787,1.89811,1.89747,1.89795,608,8,0
2024-05-17 06:40:00,1.89795,1.8989,1.89772,1.89885,643,8,0
2024-05-17 06:45:00,1.89886,1.89917,1.89872,1.89896,674,8,0
2024-05-17 06:50:00,1.89896,1.8990200000000002,1.8978199999999998,1.89785,527,8,0
2024-05-17 06:55:00,1.89784,1.89906,1.89768,1.89889,749,8,0
2024-05-17 07:00:00,1.89889,1.89905,1.8984100000000002,1.89896,819,8,0
2024-05-17 07:05:00,1.89896,1.8993799999999998,1.89885,1.89914,726,8,0
2024-05-17 07:10:00,1.89921,1.89931,1.89819,1.89822,700,8,0
2024-05-17 07:15:00,1.89822,1.89829,1.89761,1.89779,668,8,0
2024-05-17 07:20:00,1.89779,1.89825,1.89777,1.89804,526,8,0
2024-05-17 07:25:00,1.89806,1.89846,1.89805,1.8982,589,8,0
2024-05-17 07:30:00,1.8982,1.89872,1.89804,1.89848,713,8,0
2024-05-17 07:35:00,1.89848,1.8989,1.8984,1.8987500000000002,556,8,0
2024-05-17 07:40:00,1.8987500000000002,1.899,1.89865,1.89883,577,8,0
2024-05-17 07:45:00,1.89883,1.89954,1.89872,1.8995199999999999,602,8,0
2024-05-17 07:50:00,1.8995199999999999,1.8999000000000001,1.89943,1.8994499999999999,638,8,0
2024-05-17 07:55:00,1.8994499999999999,1.89978,1.89912,1.8992200000000001,601,8,0
2024-05-17 08:00:00,1.8992200000000001,1.89932,1.89882,1.89897,687,8,0
2024-05-17 08:05:00,1.8989500000000001,1.89995,1.89882,1.89973,660,8,0
2024-05-17 08:10:00,1.89974,1.9003700000000001,1.89937,1.90032,765,8,0
2024-05-17 08:15:00,1.90032,1.9005999999999998,1.8999700000000002,1.9005999999999998,851,8,0
2024-05-17 08:20:00,1.9005999999999998,1.90127,1.90054,1.90125,633,8,0
2024-05-17 08:25:00,1.90125,1.9013499999999999,1.9007,1.90076,517,8,0
2024-05-17 08:30:00,1.90076,1.9008099999999999,1.9000599999999999,1.90056,793,8,0
2024-05-17 08:35:00,1.90056,1.9015,1.90056,1.9008099999999999,712,8,0
2024-05-17 08:40:00,1.9008099999999999,1.90124,1.9008099999999999,1.90102,629,8,0
2024-05-17 08:45:00,1.90102,1.90111,1.9005800000000002,1.901,566,8,0
2024-05-17 08:50:00,1.901,1.90111,1.9007100000000001,1.90103,500,8,0
2024-05-17 08:55:00,1.90104,1.90113,1.90076,1.9008,307,8,0
2024-05-17 09:00:00,1.9008,1.90099,1.90032,1.90068,491,8,0
2024-05-17 09:05:00,1.90068,1.90123,1.90063,1.9010799999999999,473,8,0
2024-05-17 09:10:00,1.9010799999999999,1.90154,1.90104,1.90147,364,8,0
2024-05-17 09:15:00,1.90147,1.90183,1.90137,1.90163,414,8,0
2024-05-17 09:20:00,1.90163,1.90174,1.9013900000000001,1.90174,460,8,0
2024-05-17 09:25:00,1.90174,1.90198,1.9017300000000001,1.9017300000000001,395,8,0
2024-05-17 09:30:00,1.9017300000000001,1.9017300000000001,1.9014600000000002,1.9014799999999998,375,8,0
2024-05-17 09:35:00,1.9014799999999998,1.9016899999999999,1.90125,1.90164,386,8,0
2024-05-17 09:40:00,1.90164,1.90199,1.90149,1.9018199999999998,519,8,0
2024-05-17 09:45:00,1.9018199999999998,1.90197,1.90157,1.90158,315,8,0
2024-05-17 09:50:00,1.90158,1.9020000000000001,1.9015499999999999,1.90184,441,8,0
2024-05-17 09:55:00,1.90184,1.90224,1.90178,1.9022299999999999,548,8,0
2024-05-17 10:00:00,1.9022299999999999,1.90236,1.90178,1.9019599999999999,486,8,0
2024-05-17 10:05:00,1.90195,1.90226,1.90192,1.90212,359,8,0
2024-05-17 10:10:00,1.90212,1.90248,1.90205,1.90237,474,8,0
2024-05-17 10:15:00,1.90237,1.90272,1.90225,1.90251,447,8,0
2024-05-17 10:20:00,1.90251,1.90271,1.90242,1.90252,312,8,0
2024-05-17 10:25:00,1.90252,1.90293,1.90249,1.9029099999999999,363,8,0
2024-05-17 10:30:00,1.9029099999999999,1.90309,1.90235,1.90242,319,8,0
2024-05-17 10:35:00,1.90242,1.90247,1.90213,1.90225,398,8,0
2024-05-17 10:40:00,1.90225,1.9028,1.90225,1.9025699999999999,443,8,0
2024-05-17 10:45:00,1.9025699999999999,1.9026,1.90238,1.90245,272,8,0
2024-05-17 10:50:00,1.90245,1.90252,1.9017300000000001,1.9018000000000002,449,8,0
2024-05-17 10:55:00,1.9018000000000002,1.90186,1.9012,1.9015499999999999,763,8,0
2024-05-17 11:00:00,1.90157,1.90163,1.90111,1.90151,581,8,0
2024-05-17 11:05:00,1.90151,1.90172,1.90143,1.90168,345,8,0
2024-05-17 11:10:00,1.90168,1.90179,1.9014199999999999,1.90168,358,8,0
2024-05-17 11:15:00,1.90168,1.90212,1.90151,1.9016600000000001,353,8,0
2024-05-17 11:20:00,1.9016600000000001,1.9018000000000002,1.90134,1.9014600000000002,279,8,0
2024-05-17 11:25:00,1.9014600000000002,1.9017300000000001,1.90134,1.90154,359,8,0
2024-05-17 11:30:00,1.90154,1.9016899999999999,1.90122,1.9014199999999999,298,8,0
2024-05-17 11:35:00,1.9014199999999999,1.90157,1.9011,1.90111,348,8,0
2024-05-17 11:40:00,1.90111,1.90176,1.9010799999999999,1.9016899999999999,400,8,0
2024-05-17 11:45:00,1.9016899999999999,1.9018899999999999,1.9016600000000001,1.9017,299,8,0
2024-05-17 11:50:00,1.9017,1.90174,1.90075,1.9010099999999999,412,8,0
2024-05-17 11:55:00,1.9010099999999999,1.90124,1.9004400000000001,1.90048,416,8,0
2024-05-17 12:00:00,1.90048,1.9005999999999998,1.90019,1.90043,573,8,0
2024-05-17 12:05:00,1.90043,1.9005100000000001,1.8999899999999998,1.9,531,8,0
2024-05-17 12:10:00,1.9,1.90055,1.89987,1.90003,617,8,0
2024-05-17 12:15:00,1.90003,1.9005,1.9,1.90009,346,8,0
2024-05-17 12:20:00,1.90009,1.90062,1.90003,1.90057,412,8,0
2024-05-17 12:25:00,1.90057,1.90089,1.9005100000000001,1.9008699999999998,495,8,0
2024-05-17 12:30:00,1.9008699999999998,1.90088,1.89993,1.9003299999999999,522,8,0
2024-05-17 12:35:00,1.9003299999999999,1.90053,1.9001299999999999,1.90048,493,8,0
2024-05-17 12:40:00,1.90048,1.9007399999999999,1.90036,1.90041,555,8,0
2024-05-17 12:45:00,1.90041,1.9005100000000001,1.89998,1.90015,647,8,0
2024-05-17 12:50:00,1.90015,1.90027,1.8999899999999998,1.90004,606,8,0
2024-05-17 12:55:00,1.90003,1.9007399999999999,1.89995,1.90016,802,8,0
2024-05-17 13:00:00,1.90016,1.90036,1.89995,1.90004,885,8,0
2024-05-17 13:05:00,1.90002,1.90028,1.8997899999999999,1.89992,833,8,0
2024-05-17 13:10:00,1.89991,1.89998,1.89948,1.8996,948,8,0
2024-05-17 13:15:00,1.8996,1.89966,1.89878,1.89885,763,8,0
2024-05-17 13:20:00,1.8988399999999999,1.89975,1.89874,1.8993600000000002,754,8,0
2024-05-17 13:25:00,1.89935,1.89964,1.8992900000000001,1.89942,744,8,0
2024-05-17 13:30:00,1.89943,1.89948,1.89862,1.89863,1169,8,0
2024-05-17 13:35:00,1.89863,1.89987,1.89855,1.8996,1070,8,0
2024-05-17 13:40:00,1.8996,1.90029,1.8995600000000001,1.90022,823,8,0
2024-05-17 13:45:00,1.90021,1.90034,1.89933,1.89933,863,8,0
2024-05-17 13:50:00,1.89932,1.89941,1.8986100000000001,1.89866,985,8,0
2024-05-17 13:55:00,1.89866,1.89908,1.89831,1.89908,695,8,0
2024-05-17 14:00:00,1.89909,1.89916,1.89856,1.89874,1078,8,0
2024-05-17 14:05:00,1.8987500000000002,1.89885,1.89818,1.89819,1052,8,0
2024-05-17 14:10:00,1.89819,1.89832,1.89787,1.8979300000000001,963,8,0
2024-05-17 14:15:00,1.8979300000000001,1.89842,1.89792,1.89804,1038,8,0
2024-05-17 14:20:00,1.89804,1.89819,1.8976600000000001,1.89819,849,8,0
2024-05-17 14:25:00,1.89818,1.89822,1.89749,1.89749,845,8,0
2024-05-17 14:30:00,1.89749,1.89837,1.89707,1.89813,1069,8,0
2024-05-17 14:35:00,1.89813,1.8984,1.89788,1.8982700000000001,732,8,0
2024-05-17 14:40:00,1.89831,1.8983400000000001,1.89783,1.89802,962,8,0
2024-05-17 14:45:00,1.89802,1.89839,1.8979,1.89801,1077,8,0
2024-05-17 14:50:00,1.89801,1.8988800000000001,1.89798,1.89809,1140,8,0
2024-05-17 14:55:00,1.89808,1.89863,1.89744,1.89863,1162,8,0
2024-05-17 15:00:00,1.89862,1.89886,1.89828,1.8985400000000001,1231,8,0
2024-05-17 15:05:00,1.8985400000000001,1.8987,1.89832,1.8986100000000001,890,8,0
2024-05-17 15:10:00,1.8986100000000001,1.89977,1.8986100000000001,1.8995,1064,8,0
2024-05-17 15:15:00,1.8995,1.89974,1.89928,1.89928,926,8,0
2024-05-17 15:20:00,1.89928,1.90029,1.89928,1.90022,811,8,0
2024-05-17 15:25:00,1.90022,1.90079,1.9000599999999999,1.9007800000000001,860,8,0
2024-05-17 15:30:00,1.9007800000000001,1.90082,1.9002599999999998,1.9003299999999999,1021,8,0
2024-05-17 15:35:00,1.9003299999999999,1.90035,1.8997199999999999,1.8997899999999999,738,8,0
2024-05-17 15:40:00,1.8997899999999999,1.9003100000000002,1.8996499999999998,1.90028,697,8,0
2024-05-17 15:45:00,1.90028,1.9004699999999999,1.89987,1.89995,660,8,0
2024-05-17 15:50:00,1.89995,1.9,1.89948,1.89958,674,8,0
2024-05-17 15:55:00,1.89959,1.9003999999999999,1.89957,1.9003700000000001,659,8,0
2024-05-17 16:00:00,1.9003700000000001,1.90064,1.9003,1.90036,733,8,0
2024-05-17 16:05:00,1.90036,1.90083,1.9002400000000002,1.90065,634,8,0
2024-05-17 16:10:00,1.90065,1.90069,1.9001000000000001,1.9001000000000001,462,8,0
2024-05-17 16:15:00,1.9001000000000001,1.90021,1.8998599999999999,1.90008,407,8,0
2024-05-17 16:20:00,1.90008,1.90035,1.8999700000000002,1.90009,487,8,0
2024-05-17 16:25:00,1.90008,1.90046,1.8999700000000002,1.9003100000000002,506,8,0
2024-05-17 16:30:00,1.9003100000000002,1.9003700000000001,1.8999700000000002,1.9001299999999999,468,8,0
2024-05-17 16:35:00,1.9001299999999999,1.90019,1.89962,1.89982,353,8,0
2024-05-17 16:40:00,1.89982,1.8999700000000002,1.8994,1.89955,546,8,0
2024-05-17 16:45:00,1.89955,1.90009,1.89951,1.90008,437,8,0
2024-05-17 16:50:00,1.90008,1.90008,1.89937,1.89943,382,8,0
2024-05-17 16:55:00,1.89942,1.89978,1.89937,1.89968,445,8,0
2024-05-17 17:00:00,1.89967,1.90001,1.8996,1.89964,546,8,0
2024-05-17 17:05:00,1.89964,1.89973,1.89946,1.89957,501,8,0
2024-05-17 17:10:00,1.89957,1.8997600000000001,1.8995199999999999,1.89967,304,8,0
2024-05-17 17:15:00,1.89967,1.90001,1.8996300000000002,1.89969,459,8,0
2024-05-17 17:20:00,1.89969,1.89973,1.8993600000000002,1.89937,414,8,0
2024-05-17 17:25:00,1.89937,1.89939,1.89898,1.89898,461,8,0
2024-05-17 17:30:00,1.89899,1.89899,1.89879,1.89887,455,8,0
2024-05-17 17:35:00,1.89887,1.89892,1.8986100000000001,1.89876,409,8,0
2024-05-17 17:40:00,1.89876,1.89889,1.89845,1.89847,521,8,0
2024-05-17 17:45:00,1.89847,1.8989099999999999,1.89828,1.89883,349,8,0
2024-05-17 17:50:00,1.89883,1.89909,1.89876,1.899,350,8,0
2024-05-17 17:55:00,1.899,1.8990200000000002,1.89871,1.89872,440,8,0
2024-05-17 18:00:00,1.89872,1.89879,1.8983400000000001,1.8985400000000001,619,8,0
2024-05-17 18:05:00,1.8985400000000001,1.8987699999999998,1.89845,1.89876,347,8,0
2024-05-17 18:10:00,1.89876,1.8988800000000001,1.89865,1.89887,351,8,0
2024-05-17 18:15:00,1.89887,1.89896,1.8985400000000001,1.89872,287,8,0
2024-05-17 18:20:00,1.89872,1.8988399999999999,1.89849,1.89872,385,8,0
2024-05-17 18:25:00,1.89872,1.89873,1.89842,1.89845,448,8,0
2024-05-17 18:30:00,1.89845,1.8984999999999999,1.89817,1.89818,297,8,0
2024-05-17 18:35:00,1.89819,1.89825,1.8980299999999999,1.89821,247,8,0
2024-05-17 18:40:00,1.89821,1.89833,1.8980000000000001,1.89806,301,8,0
2024-05-17 18:45:00,1.89806,1.89817,1.89784,1.89786,344,8,0
2024-05-17 18:50:00,1.89786,1.89809,1.89775,1.89775,440,8,0
2024-05-17 18:55:00,1.89775,1.8979599999999999,1.8973,1.8973900000000001,647,8,0
2024-05-17 19:00:00,1.8973900000000001,1.89748,1.8970500000000001,1.89718,406,8,0
2024-05-17 19:05:00,1.89718,1.89733,1.89716,1.89724,270,8,0
2024-05-17 19:10:00,1.89724,1.89738,1.8970799999999999,1.8972099999999998,263,8,0
2024-05-17 19:15:00,1.8972099999999998,1.89736,1.8972,1.89731,343,8,0
2024-05-17 19:20:00,1.89731,1.89731,1.89653,1.89654,429,8,0
2024-05-17 19:25:00,1.89655,1.89688,1.89638,1.89679,374,8,0
2024-05-17 19:30:00,1.89679,1.8972799999999999,1.89677,1.89704,354,8,0
2024-05-17 19:35:00,1.89703,1.89723,1.89699,1.89709,265,8,0
2024-05-17 19:40:00,1.89709,1.8972,1.89699,1.89711,406,8,0
2024-05-17 19:45:00,1.89711,1.8973900000000001,1.89704,1.89738,275,8,0
2024-05-17 19:50:00,1.89738,1.8974,1.89711,1.89724,330,8,0
2024-05-17 19:55:00,1.89724,1.89765,1.8971200000000001,1.89759,442,8,0
2024-05-17 20:00:00,1.89758,1.89761,1.8973499999999999,1.89737,261,8,0
2024-05-17 20:05:00,1.89737,1.89747,1.89727,1.89738,239,8,0
2024-05-17 20:10:00,1.89738,1.89741,1.89726,1.89736,221,8,0
2024-05-17 20:15:00,1.89736,1.89748,1.89725,1.89747,201,8,0
2024-05-17 20:20:00,1.89747,1.89752,1.89733,1.8973499999999999,214,8,0
2024-05-17 20:25:00,1.8973499999999999,1.8973900000000001,1.8971900000000002,1.8971900000000002,252,8,0
2024-05-17 20:30:00,1.8971900000000002,1.8975,1.8971900000000002,1.89733,259,8,0
2024-05-17 20:35:00,1.89733,1.89744,1.8972799999999999,1.89744,278,8,0
2024-05-17 20:40:00,1.89744,1.89749,1.89731,1.8973499999999999,246,8,0
2024-05-17 20:45:00,1.8973499999999999,1.89743,1.89714,1.8973900000000001,155,8,0
2024-05-17 20:50:00,1.89738,1.8974600000000001,1.89702,1.89703,347,8,0
2024-05-19 21:05:00,1.8948399999999999,1.89567,1.8948399999999999,1.89567,51,231,0
2024-05-19 21:10:00,1.89567,1.89611,1.89562,1.89581,36,141,0
2024-05-19 21:15:00,1.89581,1.89639,1.89574,1.89639,26,129,0
2024-05-19 21:20:00,1.8963700000000001,1.89642,1.89569,1.8961299999999999,49,110,0
2024-05-19 21:25:00,1.8961999999999999,1.8965100000000001,1.89581,1.896,40,115,0
2024-05-19 21:30:00,1.896,1.8964699999999999,1.8959899999999998,1.89645,79,107,0
2024-05-19 21:35:00,1.89642,1.8968099999999999,1.89642,1.8966699999999999,40,75,0
2024-05-19 21:40:00,1.8966699999999999,1.89688,1.89605,1.8961999999999999,37,75,0
2024-05-19 21:45:00,1.8961999999999999,1.89693,1.89616,1.8965999999999998,85,68,0
2024-05-19 21:50:00,1.8965999999999998,1.89683,1.89648,1.8967100000000001,27,57,0
2024-05-19 21:55:00,1.8967100000000001,1.89764,1.8967100000000001,1.89726,245,42,0
2024-05-19 22:00:00,1.89726,1.8982,1.8963,1.89653,413,11,0
2024-05-19 22:05:00,1.89653,1.8972099999999998,1.8965100000000001,1.8972099999999998,105,11,0
2024-05-19 22:10:00,1.8972099999999998,1.89727,1.89707,1.89709,81,8,0
2024-05-19 22:15:00,1.89709,1.8971900000000002,1.89703,1.89709,47,8,0
2024-05-19 22:20:00,1.89706,1.89706,1.8969399999999998,1.89695,46,8,0
2024-05-19 22:25:00,1.89695,1.89698,1.8967,1.8969399999999998,64,8,0
2024-05-19 22:30:00,1.8969399999999998,1.89783,1.8969399999999998,1.89775,191,8,0
2024-05-19 22:35:00,1.8977300000000001,1.8979,1.89756,1.8976,133,8,0
2024-05-19 22:40:00,1.89759,1.89761,1.89731,1.8973200000000001,125,8,0
2024-05-19 22:45:00,1.8973200000000001,1.8975499999999998,1.8973,1.89737,66,8,0
2024-05-19 22:50:00,1.89737,1.8975,1.89727,1.89727,68,8,0
2024-05-19 22:55:00,1.89727,1.89736,1.8971200000000001,1.89734,78,8,0
2024-05-19 23:00:00,1.89736,1.89754,1.8972799999999999,1.89734,121,8,0
2024-05-19 23:05:00,1.89734,1.89754,1.89725,1.89731,142,8,0
2024-05-19 23:10:00,1.89731,1.89738,1.89689,1.89695,212,8,0
2024-05-19 23:15:00,1.89695,1.89709,1.8965100000000001,1.89657,218,8,0
2024-05-19 23:20:00,1.89652,1.89664,1.89635,1.8965100000000001,178,8,0
2024-05-19 23:25:00,1.89652,1.89654,1.89567,1.89596,354,8,0
2024-05-19 23:30:00,1.89596,1.89632,1.89589,1.89625,174,8,0
2024-05-19 23:35:00,1.89625,1.89646,1.89614,1.8962400000000001,127,8,0
2024-05-19 23:40:00,1.8962400000000001,1.89635,1.8959899999999998,1.8959899999999998,198,8,0
2024-05-19 23:45:00,1.8959899999999998,1.89605,1.8955199999999999,1.89582,262,8,0
2024-05-19 23:50:00,1.89582,1.89622,1.8957199999999998,1.89622,244,8,0
2024-05-19 23:55:00,1.89623,1.89656,1.89612,1.89649,324,8,0
2024-05-20 00:00:00,1.89649,1.89665,1.89601,1.8961000000000001,669,8,0
2024-05-20 00:05:00,1.8961000000000001,1.89668,1.8960599999999999,1.89657,692,8,0
2024-05-20 00:10:00,1.89657,1.8968699999999998,1.89627,1.89641,338,8,0
2024-05-20 00:15:00,1.89641,1.89696,1.89638,1.89661,384,8,0
2024-05-20 00:20:00,1.89661,1.89686,1.89623,1.8965100000000001,553,8,0
2024-05-20 00:25:00,1.8965100000000001,1.89698,1.89604,1.89605,526,8,0
2024-05-20 00:30:00,1.89605,1.8965800000000002,1.89601,1.89628,571,8,0
2024-05-20 00:35:00,1.89628,1.8966699999999999,1.89628,1.89639,503,8,0
2024-05-20 00:40:00,1.89639,1.89653,1.89575,1.89585,565,8,0
2024-05-20 00:45:00,1.89585,1.896,1.8955,1.8955199999999999,473,8,0
2024-05-20 00:50:00,1.8955199999999999,1.8957000000000002,1.8950900000000002,1.89546,572,8,0
2024-05-20 00:55:00,1.89551,1.89646,1.89537,1.89616,832,8,0
2024-05-20 01:00:00,1.89616,1.89642,1.8947,1.8949099999999999,1097,8,0
2024-05-20 01:05:00,1.8949099999999999,1.89532,1.89467,1.89473,881,8,0
2024-05-20 01:10:00,1.89473,1.89507,1.8942,1.8949,881,8,0
2024-05-20 01:15:00,1.8949099999999999,1.89568,1.89489,1.8952499999999999,956,8,0
2024-05-20 01:20:00,1.8952499999999999,1.89534,1.89476,1.89514,847,8,0
2024-05-20 01:25:00,1.89514,1.89614,1.89514,1.89609,894,8,0
2024-05-20 01:30:00,1.89609,1.8967,1.89568,1.8959000000000001,1027,8,0
2024-05-20 01:35:00,1.8959000000000001,1.8959000000000001,1.89527,1.8953,729,8,0
2024-05-20 01:40:00,1.8953,1.89548,1.8949099999999999,1.89512,613,8,0
2024-05-20 01:45:00,1.89512,1.89548,1.8950200000000001,1.89532,618,8,0
2024-05-20 01:50:00,1.89532,1.89548,1.89514,1.89517,572,8,0
2024-05-20 01:55:00,1.89517,1.89571,1.8951500000000001,1.89547,636,8,0
2024-05-20 02:00:00,1.89547,1.89567,1.8953,1.8955199999999999,550,8,0
2024-05-20 02:05:00,1.8955199999999999,1.89592,1.89531,1.89551,496,8,0
2024-05-20 02:10:00,1.89551,1.8957199999999998,1.8952900000000001,1.89547,501,8,0
2024-05-20 02:15:00,1.89547,1.8956,1.8953799999999998,1.8956,408,8,0
2024-05-20 02:20:00,1.8956,1.89568,1.8953799999999998,1.8954,356,8,0
2024-05-20 02:25:00,1.8954,1.89585,1.89533,1.8955,594,8,0
2024-05-20 02:30:00,1.8955,1.89593,1.89547,1.89573,506,8,0
2024-05-20 02:35:00,1.89573,1.89605,1.89564,1.89602,447,8,0
2024-05-20 02:40:00,1.89602,1.89625,1.8957000000000002,1.8961000000000001,427,8,0
2024-05-20 02:45:00,1.8961000000000001,1.89668,1.89608,1.89652,419,8,0
2024-05-20 02:50:00,1.89652,1.89654,1.89603,1.8960599999999999,302,8,0
2024-05-20 02:55:00,1.8960599999999999,1.89648,1.8960599999999999,1.8963700000000001,389,8,0
2024-05-20 03:00:00,1.89636,1.8968,1.8961999999999999,1.89652,357,8,0
2024-05-20 03:05:00,1.89652,1.8972,1.89652,1.89716,450,8,0
2024-05-20 03:10:00,1.89716,1.8972,1.89688,1.8969399999999998,387,8,0
2024-05-20 03:15:00,1.8969399999999998,1.89722,1.89691,1.89715,310,8,0
2024-05-20 03:20:00,1.8970799999999999,1.89713,1.8965800000000002,1.89672,360,8,0
2024-05-20 03:25:00,1.89672,1.897,1.89649,1.8967100000000001,510,8,0
2024-05-20 03:30:00,1.89672,1.8968,1.89628,1.89632,290,8,0
2024-05-20 03:35:00,1.89632,1.89648,1.8962400000000001,1.89625,328,8,0
2024-05-20 03:40:00,1.89625,1.89634,1.89585,1.89605,341,8,0
2024-05-20 03:45:00,1.89604,1.8962599999999998,1.8959899999999998,1.89607,340,8,0
2024-05-20 03:50:00,1.89607,1.89628,1.89589,1.89592,301,8,0
2024-05-20 03:55:00,1.89592,1.89598,1.8956499999999998,1.89567,321,8,0
2024-05-20 04:00:00,1.89567,1.8957600000000001,1.89554,1.89561,225,8,0
2024-05-20 04:05:00,1.89561,1.8957199999999998,1.89519,1.89534,409,8,0
2024-05-20 04:10:00,1.89534,1.89553,1.89496,1.8951500000000001,422,8,0
2024-05-20 04:15:00,1.8951500000000001,1.89517,1.89439,1.89442,591,8,0
2024-05-20 04:20:00,1.89442,1.89476,1.8943400000000001,1.8946,503,8,0
2024-05-20 04:25:00,1.8946,1.89483,1.89456,1.89481,357,8,0
2024-05-20 04:30:00,1.89481,1.8951799999999999,1.89481,1.8950399999999998,367,8,0
2024-05-20 04:35:00,1.8950399999999998,1.8951,1.8948399999999999,1.89503,201,8,0
2024-05-20 04:40:00,1.8950200000000001,1.89524,1.89492,1.89506,309,8,0
2024-05-20 04:45:00,1.89506,1.89537,1.89506,1.89526,266,8,0
2024-05-20 04:50:00,1.89526,1.89554,1.8952,1.8954499999999999,373,8,0
2024-05-20 04:55:00,1.8954499999999999,1.89547,1.89479,1.8948,208,8,0
2024-05-20 05:00:00,1.8948,1.8948399999999999,1.89408,1.8943699999999999,509,8,0
2024-05-20 05:05:00,1.8943699999999999,1.8946100000000001,1.8942700000000001,1.89453,369,8,0
2024-05-20 05:10:00,1.89453,1.89467,1.89446,1.8946399999999999,269,8,0
2024-05-20 05:15:00,1.8946399999999999,1.89479,1.89449,1.89466,310,8,0
2024-05-20 05:20:00,1.89466,1.89493,1.8946100000000001,1.89493,192,8,0
2024-05-20 05:25:00,1.89494,1.8952900000000001,1.89493,1.89494,326,8,0
2024-05-20 05:30:00,1.89494,1.8950900000000002,1.89485,1.89499,331,8,0
2024-05-20 05:35:00,1.8949799999999999,1.8952,1.89483,1.89507,378,8,0
2024-05-20 05:40:00,1.89507,1.8955199999999999,1.8946800000000001,1.89471,532,8,0
2024-05-20 05:45:00,1.89471,1.89501,1.89458,1.8947,464,8,0
2024-05-20 05:50:00,1.8947,1.89496,1.8946399999999999,1.89482,390,8,0
2024-05-20 05:55:00,1.89482,1.89527,1.89482,1.8952499999999999,375,8,0
2024-05-20 06:00:00,1.89524,1.89623,1.89524,1.89596,722,8,0
2024-05-20 06:05:00,1.89596,1.89601,1.8956300000000001,1.8956300000000001,611,8,0
2024-05-20 06:10:00,1.8956300000000001,1.89585,1.8954499999999999,1.8957600000000001,586,8,0
2024-05-20 06:15:00,1.8957600000000001,1.89645,1.89574,1.89635,566,8,0
2024-05-20 06:20:00,1.89635,1.89702,1.89628,1.89679,789,8,0
2024-05-20 06:25:00,1.89679,1.89683,1.8965,1.8967100000000001,511,8,0
2024-05-20 06:30:00,1.8967100000000001,1.8969399999999998,1.8965100000000001,1.89682,700,8,0
2024-05-20 06:35:00,1.8968099999999999,1.89723,1.8968099999999999,1.89703,690,8,0
2024-05-20 06:40:00,1.89703,1.89709,1.89612,1.89627,672,8,0
2024-05-20 06:45:00,1.89627,1.89703,1.8962599999999998,1.8964400000000001,702,8,0
2024-05-20 06:50:00,1.8964699999999999,1.89683,1.8959899999999998,1.89666,771,8,0
2024-05-20 06:55:00,1.89666,1.89691,1.89608,1.89672,821,8,0
2024-05-20 07:00:00,1.89672,1.8970799999999999,1.8961999999999999,1.8967100000000001,956,8,0
2024-05-20 07:05:00,1.8967,1.89713,1.8965800000000002,1.89666,782,8,0
2024-05-20 07:10:00,1.89666,1.8968,1.89625,1.89643,797,8,0
2024-05-20 07:15:00,1.89643,1.89656,1.89607,1.89643,712,8,0
2024-05-20 07:20:00,1.89643,1.89645,1.89582,1.8959000000000001,735,8,0
2024-05-20 07:25:00,1.8959000000000001,1.89646,1.89581,1.89636,860,8,0
2024-05-20 07:30:00,1.89636,1.8967100000000001,1.89629,1.89649,672,8,0
2024-05-20 07:35:00,1.89648,1.89675,1.89612,1.8967,780,8,0
2024-05-20 07:40:00,1.8967,1.89691,1.89646,1.89661,537,8,0
2024-05-20 07:45:00,1.89661,1.8968500000000001,1.8964400000000001,1.89669,553,8,0
2024-05-20 07:50:00,1.89669,1.8968099999999999,1.8961999999999999,1.89622,545,8,0
2024-05-20 07:55:00,1.89623,1.8965100000000001,1.89592,1.89607,696,8,0
2024-05-20 08:00:00,1.89608,1.8965800000000002,1.89596,1.89625,681,8,0
2024-05-20 08:05:00,1.89625,1.89669,1.89621,1.8966699999999999,567,8,0
2024-05-20 08:10:00,1.8966699999999999,1.8968500000000001,1.89622,1.8967,554,8,0
2024-05-20 08:15:00,1.8967,1.89698,1.89656,1.8968099999999999,477,8,0
2024-05-20 08:20:00,1.8968099999999999,1.89743,1.89679,1.89733,556,8,0
2024-05-20 08:25:00,1.89734,1.89736,1.89684,1.897,596,8,0
2024-05-20 08:30:00,1.897,1.8975499999999998,1.8969,1.8974199999999999,406,8,0
2024-05-20 08:35:00,1.8974199999999999,1.8977,1.89733,1.89741,479,8,0
2024-05-20 08:40:00,1.89741,1.89783,1.89733,1.8978000000000002,493,8,0
2024-05-20 08:45:00,1.8978000000000002,1.8979,1.8975,1.89763,407,8,0
2024-05-20 08:50:00,1.89763,1.89804,1.89763,1.89799,403,8,0
2024-05-20 08:55:00,1.89799,1.89845,1.8979300000000001,1.89825,707,8,0
2024-05-20 09:00:00,1.89826,1.8984,1.89767,1.89818,498,8,0
2024-05-20 09:05:00,1.89818,1.8984,1.8981,1.8981599999999998,415,8,0
2024-05-20 09:10:00,1.89815,1.89839,1.8979599999999999,1.8980700000000001,505,8,0
2024-05-20 09:15:00,1.8980700000000001,1.8982700000000001,1.89806,1.89808,417,8,0
2024-05-20 09:20:00,1.89808,1.8982999999999999,1.8979300000000001,1.89812,414,8,0
2024-05-20 09:25:00,1.89812,1.89813,1.89791,1.8980299999999999,455,8,0
2024-05-20 09:30:00,1.8980299999999999,1.8982299999999999,1.89801,1.89801,471,8,0
2024-05-20 09:35:00,1.89801,1.89809,1.89754,1.89756,419,8,0
2024-05-20 09:40:00,1.89756,1.89777,1.89736,1.89743,355,8,0
2024-05-20 09:45:00,1.89743,1.89751,1.89715,1.89743,420,8,0
2024-05-20 09:50:00,1.89743,1.8977300000000001,1.8973200000000001,1.89767,441,8,0
2024-05-20 09:55:00,1.89767,1.89771,1.8975300000000002,1.89764,408,8,0
2024-05-20 10:00:00,1.89764,1.8976899999999999,1.8973,1.89737,424,8,0
2024-05-20 10:05:00,1.89737,1.89763,1.897,1.89717,392,8,0
2024-05-20 10:10:00,1.89717,1.8974,1.89693,1.8974,385,8,0
2024-05-20 10:15:00,1.8974,1.89747,1.89697,1.89698,392,8,0
2024-05-20 10:20:00,1.89698,1.89749,1.89698,1.89745,356,8,0
2024-05-20 10:25:00,1.89745,1.8981400000000002,1.89745,1.89811,386,8,0
2024-05-20 10:30:00,1.89811,1.89819,1.89768,1.8980000000000001,437,8,0
2024-05-20 10:35:00,1.8980000000000001,1.8984,1.8979,1.89833,321,8,0
2024-05-20 10:40:00,1.89833,1.8987699999999998,1.89831,1.89873,401,8,0
2024-05-20 10:45:00,1.89873,1.89894,1.89863,1.89885,414,8,0
2024-05-20 10:50:00,1.89885,1.89886,1.8986100000000001,1.89871,352,8,0
2024-05-20 10:55:00,1.89871,1.89946,1.89871,1.89921,545,8,0
2024-05-20 11:00:00,1.89921,1.8992900000000001,1.8982700000000001,1.8984299999999998,573,8,0
2024-05-20 11:05:00,1.8984299999999998,1.89921,1.89838,1.89913,497,8,0
2024-05-20 11:10:00,1.89913,1.89928,1.89865,1.89878,617,8,0
2024-05-20 11:15:00,1.89878,1.89894,1.89856,1.89871,367,8,0
2024-05-20 11:20:00,1.89872,1.89893,1.89852,1.89869,427,8,0
2024-05-20 11:25:00,1.89869,1.89934,1.8984999999999999,1.89907,683,8,0
2024-05-20 11:30:00,1.89907,1.89951,1.89898,1.8995,578,8,0
2024-05-20 11:35:00,1.89951,1.89987,1.89935,1.89937,570,8,0
2024-05-20 11:40:00,1.89937,1.89946,1.8992200000000001,1.8992900000000001,383,8,0
2024-05-20 11:45:00,1.8992900000000001,1.8995,1.89905,1.8991500000000001,541,8,0
2024-05-20 11:50:00,1.8991500000000001,1.89939,1.89898,1.8993600000000002,461,8,0
2024-05-20 11:55:00,1.8993600000000002,1.8997600000000001,1.8993,1.89968,568,8,0
2024-05-20 12:00:00,1.89968,1.90001,1.89947,1.89982,703,8,0
2024-05-20 12:05:00,1.89982,1.90052,1.8997899999999999,1.90048,730,8,0
2024-05-20 12:10:00,1.90048,1.90151,1.90048,1.9014600000000002,971,8,0
2024-05-20 12:15:00,1.9014600000000002,1.90175,1.90122,1.9015,713,8,0
2024-05-20 12:20:00,1.90152,1.9035199999999999,1.90152,1.9034200000000001,1025,8,0
2024-05-20 12:25:00,1.9034200000000001,1.9049,1.9034200000000001,1.90466,982,8,0
2024-05-20 12:30:00,1.90466,1.9051,1.90463,1.90496,967,8,0
2024-05-20 12:35:00,1.90497,1.90533,1.90464,1.90524,868,8,0
2024-05-20 12:40:00,1.90524,1.90578,1.90503,1.90503,994,8,0
2024-05-20 12:45:00,1.90503,1.90513,1.9045299999999998,1.90466,811,8,0
2024-05-20 12:50:00,1.90466,1.90479,1.90402,1.90469,784,8,0
2024-05-20 12:55:00,1.90469,1.90491,1.90428,1.9047399999999999,934,8,0
2024-05-20 13:00:00,1.9047399999999999,1.905,1.90429,1.9045100000000001,1089,8,0
2024-05-20 13:05:00,1.9045100000000001,1.90462,1.90408,1.9044400000000001,927,8,0
2024-05-20 13:10:00,1.9044400000000001,1.90469,1.9041299999999999,1.90443,1064,8,0
2024-05-20 13:15:00,1.9044400000000001,1.90446,1.90347,1.90367,997,8,0
2024-05-20 13:20:00,1.90367,1.9038300000000001,1.9032900000000001,1.90367,970,8,0
2024-05-20 13:25:00,1.90367,1.90404,1.9032499999999999,1.90382,801,8,0
2024-05-20 13:30:00,1.90382,1.90435,1.90339,1.9042599999999998,1178,8,0
2024-05-20 13:35:00,1.9042599999999998,1.90452,1.90361,1.90367,1100,8,0
2024-05-20 13:40:00,1.90367,1.90402,1.90359,1.90388,980,8,0
2024-05-20 13:45:00,1.90388,1.904,1.90358,1.904,892,8,0
2024-05-20 13:50:00,1.904,1.90402,1.90313,1.90313,870,8,0
2024-05-20 13:55:00,1.90313,1.9032,1.90238,1.90252,770,8,0
2024-05-20 14:00:00,1.9025400000000001,1.9028,1.90226,1.90236,929,8,0
2024-05-20 14:05:00,1.90236,1.90251,1.90202,1.90212,848,8,0
2024-05-20 14:10:00,1.90212,1.9027500000000002,1.9018000000000002,1.90242,836,8,0
2024-05-20 14:15:00,1.90242,1.90344,1.90238,1.9033099999999998,840,8,0
2024-05-20 14:20:00,1.90333,1.9034900000000001,1.9028399999999999,1.90293,897,8,0
2024-05-20 14:25:00,1.90293,1.90316,1.90251,1.90285,808,8,0
2024-05-20 14:30:00,1.9028399999999999,1.90316,1.9026999999999998,1.90313,826,8,0
2024-05-20 14:35:00,1.90313,1.90374,1.90306,1.90359,668,8,0
2024-05-20 14:40:00,1.90359,1.9037600000000001,1.90307,1.90309,917,8,0
2024-05-20 14:45:00,1.90309,1.90347,1.90265,1.90344,867,8,0
2024-05-20 14:50:00,1.90344,1.9042400000000002,1.9033600000000002,1.9039899999999998,1064,8,0
2024-05-20 14:55:00,1.904,1.904,1.9033,1.9035600000000001,1229,8,0
2024-05-20 15:00:00,1.90354,1.90402,1.90335,1.90398,987,8,0
2024-05-20 15:05:00,1.90398,1.9040300000000001,1.90359,1.90393,879,8,0
2024-05-20 15:10:00,1.90393,1.90398,1.9034200000000001,1.9034200000000001,776,8,0
2024-05-20 15:15:00,1.9034200000000001,1.9034200000000001,1.90259,1.90273,891,8,0
2024-05-20 15:20:00,1.9027500000000002,1.9028100000000001,1.90215,1.90224,878,8,0
2024-05-20 15:25:00,1.90224,1.90255,1.9021400000000002,1.90246,716,8,0
2024-05-20 15:30:00,1.90244,1.90274,1.90237,1.90272,962,8,0
2024-05-20 15:35:00,1.90272,1.90324,1.90272,1.9031099999999999,779,8,0
2024-05-20 15:40:00,1.9031099999999999,1.90354,1.9031099999999999,1.90347,694,8,0
2024-05-20 15:45:00,1.90347,1.90395,1.9033600000000002,1.90395,418,8,0
2024-05-20 15:50:00,1.90395,1.9041000000000001,1.9037199999999999,1.9038599999999999,533,8,0
2024-05-20 15:55:00,1.9038599999999999,1.9039899999999998,1.9033600000000002,1.90339,800,8,0
2024-05-20 16:00:00,1.90339,1.90387,1.9033799999999998,1.90384,580,8,0
2024-05-20 16:05:00,1.90384,1.9045800000000002,1.90375,1.90454,417,8,0
2024-05-20 16:10:00,1.90454,1.90472,1.90442,1.90448,486,8,0
2024-05-20 16:15:00,1.90448,1.90488,1.9042400000000002,1.9047800000000001,521,8,0
2024-05-20 16:20:00,1.9047800000000001,1.9049399999999999,1.9045299999999998,1.9049399999999999,434,8,0
2024-05-20 16:25:00,1.9049399999999999,1.90524,1.9047399999999999,1.9048,465,8,0
2024-05-20 16:30:00,1.9048,1.90504,1.90466,1.905,527,8,0
2024-05-20 16:35:00,1.905,1.90506,1.9045800000000002,1.90475,530,8,0
2024-05-20 16:40:00,1.90475,1.9047800000000001,1.90448,1.90457,529,8,0
2024-05-20 16:45:00,1.9045800000000002,1.90533,1.90455,1.9052099999999998,487,8,0
2024-05-20 16:50:00,1.9052099999999998,1.90522,1.90495,1.90507,486,8,0
2024-05-20 16:55:00,1.9050799999999999,1.90545,1.9050500000000001,1.90533,588,8,0
2024-05-20 17:00:00,1.90533,1.90542,1.90484,1.90495,538,8,0
2024-05-20 17:05:00,1.90495,1.9053,1.9045800000000002,1.90489,658,8,0
2024-05-20 17:10:00,1.90489,1.90497,1.90459,1.90468,512,8,0
2024-05-20 17:15:00,1.90468,1.90473,1.90452,1.90468,608,8,0
2024-05-20 17:20:00,1.90468,1.9050799999999999,1.90462,1.9049399999999999,572,8,0
2024-05-20 17:25:00,1.9049399999999999,1.9049399999999999,1.90459,1.90477,535,8,0
2024-05-20 17:30:00,1.90477,1.905,1.9041700000000001,1.90425,635,8,0
2024-05-20 17:35:00,1.9042400000000002,1.90448,1.90416,1.9044699999999999,419,8,0
2024-05-20 17:40:00,1.90448,1.9046699999999999,1.90431,1.90448,632,8,0
2024-05-20 17:45:00,1.90448,1.9047100000000001,1.90428,1.9045999999999998,387,8,0
2024-05-20 17:50:00,1.9045999999999998,1.90476,1.9045100000000001,1.9045299999999998,569,8,0
2024-05-20 17:55:00,1.9045299999999998,1.90466,1.90423,1.90439,675,8,0
2024-05-20 18:00:00,1.90438,1.90463,1.9042599999999998,1.90462,445,8,0
2024-05-20 18:05:00,1.90462,1.90557,1.90459,1.9054600000000002,668,8,0
2024-05-20 18:10:00,1.9054600000000002,1.9054600000000002,1.90489,1.90497,613,8,0
2024-05-20 18:15:00,1.90497,1.9051200000000001,1.9047800000000001,1.9048500000000002,664,8,0
2024-05-20 18:20:00,1.9048500000000002,1.9050099999999999,1.9048,1.90488,388,8,0
2024-05-20 18:25:00,1.90488,1.90488,1.9043999999999999,1.9046699999999999,609,8,0
2024-05-20 18:30:00,1.9046699999999999,1.90479,1.9045,1.90454,555,8,0
2024-05-20 18:35:00,1.90454,1.90459,1.90441,1.90456,501,8,0
2024-05-20 18:40:00,1.90456,1.90491,1.9045100000000001,1.90477,458,8,0
2024-05-20 18:45:00,1.90477,1.90484,1.9045800000000002,1.90468,411,8,0
2024-05-20 18:50:00,1.90468,1.90476,1.90455,1.90472,386,8,0
2024-05-20 18:55:00,1.90472,1.9050799999999999,1.9047100000000001,1.90503,451,8,0
2024-05-20 19:00:00,1.90503,1.90536,1.90503,1.9050500000000001,448,8,0
2024-05-20 19:05:00,1.9050500000000001,1.90513,1.90495,1.9049800000000001,420,8,0
2024-05-20 19:10:00,1.9049800000000001,1.9052099999999998,1.90496,1.90504,387,8,0
2024-05-20 19:15:00,1.90504,1.90538,1.90504,1.90529,368,8,0
2024-05-20 19:20:00,1.90529,1.90544,1.9051900000000002,1.90527,533,8,0
2024-05-20 19:25:00,1.9052799999999999,1.90553,1.9050799999999999,1.90513,610,8,0
2024-05-20 19:30:00,1.90511,1.90526,1.90492,1.90522,437,8,0
2024-05-20 19:35:00,1.90522,1.9053,1.9049800000000001,1.9051200000000001,451,8,0
2024-05-20 19:40:00,1.9051200000000001,1.9052799999999999,1.9049800000000001,1.90524,446,8,0
2024-05-20 19:45:00,1.90524,1.90567,1.90524,1.9055499999999999,537,8,0
2024-05-20 19:50:00,1.9055499999999999,1.9058199999999998,1.90547,1.90554,577,8,0
2024-05-20 19:55:00,1.9055499999999999,1.90591,1.90553,1.90558,609,8,0
2024-05-20 20:00:00,1.90558,1.90565,1.90538,1.90557,302,8,0
2024-05-20 20:05:00,1.90557,1.90564,1.90544,1.9054799999999998,205,8,0
2024-05-20 20:10:00,1.9054799999999998,1.90549,1.9053499999999999,1.90536,88,8,0
2024-05-20 20:15:00,1.90536,1.90556,1.90525,1.90541,251,8,0
2024-05-20 20:20:00,1.90541,1.90572,1.90537,1.90572,120,8,0
2024-05-20 20:25:00,1.90572,1.90574,1.90542,1.90545,179,8,0
2024-05-20 20:30:00,1.90545,1.90564,1.90541,1.9056,86,8,0
2024-05-20 20:35:00,1.9056,1.90564,1.90536,1.90545,80,8,0
2024-05-20 20:40:00,1.90545,1.90556,1.90537,1.9055,111,8,0
2024-05-20 20:45:00,1.9055,1.90571,1.9055,1.9056,106,8,0
2024-05-20 20:50:00,1.9056,1.9058899999999999,1.9056,1.90576,108,8,0
2024-05-20 20:55:00,1.90576,1.90583,1.90554,1.9056199999999999,176,8,0
2024-05-20 21:00:00,1.9056199999999999,1.9056199999999999,1.9056199999999999,1.9056199999999999,1,14,0
2024-05-20 21:05:00,1.90454,1.90493,1.90443,1.9047399999999999,24,93,0
2024-05-20 21:10:00,1.9045100000000001,1.9049800000000001,1.9045100000000001,1.90489,37,82,0
2024-05-20 21:15:00,1.90489,1.90527,1.90489,1.90504,59,48,0
2024-05-20 21:20:00,1.90504,1.9051,1.90463,1.90499,64,44,0
2024-05-20 21:25:00,1.90499,1.90563,1.90489,1.90536,33,8,0
2024-05-20 21:30:00,1.90537,1.9056899999999999,1.90503,1.90513,161,36,0
2024-05-20 21:35:00,1.9051,1.9053200000000001,1.90489,1.9052,90,41,0
2024-05-20 21:40:00,1.9052,1.90526,1.90504,1.90509,83,49,0
2024-05-20 21:45:00,1.90509,1.9053900000000001,1.9049,1.90527,105,30,0
2024-05-20 21:50:00,1.90529,1.90537,1.9052,1.90525,73,38,0
2024-05-20 21:55:00,1.90527,1.90567,1.9051900000000002,1.90567,88,26,0
2024-05-20 22:00:00,1.90567,1.9058199999999998,1.9056199999999999,1.90568,118,10,0
2024-05-20 22:05:00,1.90571,1.9058000000000002,1.9054600000000002,1.90553,87,8,0
2024-05-20 22:10:00,1.90553,1.9056899999999999,1.90549,1.90551,73,8,0
2024-05-20 22:15:00,1.90551,1.90551,1.9052799999999999,1.9053200000000001,79,8,0
2024-05-20 22:20:00,1.9053200000000001,1.9053200000000001,1.9052099999999998,1.9052799999999999,32,8,0
2024-05-20 22:25:00,1.9052799999999999,1.9054,1.90526,1.90531,78,8,0
2024-05-20 22:30:00,1.90529,1.90571,1.90529,1.90568,120,8,0
2024-05-20 22:35:00,1.90568,1.9056899999999999,1.90536,1.90537,68,9,0
2024-05-20 22:40:00,1.9054,1.90556,1.90538,1.90554,75,8,0
2024-05-20 22:45:00,1.9055499999999999,1.9057300000000001,1.9055,1.9057,66,8,0
2024-05-20 22:50:00,1.9057,1.90572,1.9056,1.9056199999999999,439,8,0
2024-05-20 22:55:00,1.9056199999999999,1.9056600000000001,1.90551,1.90554,72,8,0
2024-05-20 23:00:00,1.90554,1.90554,1.90517,1.90517,111,8,0
2024-05-20 23:05:00,1.90517,1.90536,1.90504,1.9052099999999998,117,8,0
2024-05-20 23:10:00,1.9052099999999998,1.9053200000000001,1.90511,1.90513,102,8,0
2024-05-20 23:15:00,1.90513,1.90543,1.9051200000000001,1.9051900000000002,59,8,0
2024-05-20 23:20:00,1.90518,1.9052099999999998,1.9051,1.90518,65,8,0
2024-05-20 23:25:00,1.90516,1.90536,1.9051200000000001,1.90533,106,8,0
2024-05-20 23:30:00,1.90533,1.90575,1.9053,1.9055,122,8,0
2024-05-20 23:35:00,1.9055,1.9058199999999998,1.9053900000000001,1.90543,130,8,0
2024-05-20 23:40:00,1.90543,1.9056,1.9052799999999999,1.9053900000000001,75,8,0
2024-05-20 23:45:00,1.9053900000000001,1.90553,1.9052799999999999,1.9053200000000001,101,8,0
2024-05-20 23:50:00,1.9053200000000001,1.9053200000000001,1.90497,1.90502,223,8,0
2024-05-20 23:55:00,1.90503,1.90516,1.90492,1.90499,249,8,0
2024-05-21 00:00:00,1.90499,1.90499,1.9043999999999999,1.90445,400,8,0
2024-05-21 00:05:00,1.90445,1.90455,1.9041700000000001,1.9042599999999998,359,8,0
2024-05-21 00:10:00,1.9042599999999998,1.90457,1.90421,1.90438,354,8,0
2024-05-21 00:15:00,1.90436,1.90462,1.90423,1.90436,397,8,0
2024-05-21 00:20:00,1.90436,1.90503,1.90431,1.9050099999999999,312,8,0
2024-05-21 00:25:00,1.9050099999999999,1.90572,1.90484,1.9053200000000001,404,8,0
2024-05-21 00:30:00,1.90529,1.90567,1.90529,1.90536,318,8,0
2024-05-21 00:35:00,1.90536,1.9054799999999998,1.90491,1.9050099999999999,343,8,0
2024-05-21 00:40:00,1.90503,1.90503,1.90466,1.90484,345,8,0
2024-05-21 00:45:00,1.90484,1.9051200000000001,1.90483,1.90503,330,8,0
2024-05-21 00:50:00,1.90502,1.90537,1.9048500000000002,1.90509,471,8,0
2024-05-21 00:55:00,1.9051,1.90525,1.90463,1.90504,581,8,0
2024-05-21 01:00:00,1.90504,1.90544,1.90488,1.9051399999999998,618,8,0
2024-05-21 01:05:00,1.9051399999999998,1.9054,1.9048699999999998,1.9052799999999999,609,8,0
2024-05-21 01:10:00,1.9052799999999999,1.9053499999999999,1.9047800000000001,1.90499,677,8,0
2024-05-21 01:15:00,1.90502,1.90578,1.9049800000000001,1.90515,706,8,0
2024-05-21 01:20:00,1.90517,1.90538,1.90472,1.9048699999999998,664,8,0
2024-05-21 01:25:00,1.90488,1.90507,1.90448,1.9048,659,8,0
2024-05-21 01:30:00,1.9048,1.90558,1.90469,1.9051900000000002,874,8,0
2024-05-21 01:35:00,1.9051900000000002,1.9052,1.90396,1.90414,662,8,0
2024-05-21 01:40:00,1.90414,1.90482,1.9039199999999998,1.90443,728,8,0
2024-05-21 01:45:00,1.90443,1.90493,1.9043,1.90492,615,8,0
2024-05-21 01:50:00,1.90493,1.90506,1.9047100000000001,1.90502,642,8,0
2024-05-21 01:55:00,1.90502,1.90701,1.905,1.9066800000000002,973,8,0
2024-05-21 02:00:00,1.9066800000000002,1.9087399999999999,1.90662,1.9087399999999999,1217,8,0
2024-05-21 02:05:00,1.90875,1.90904,1.90801,1.90801,983,8,0
2024-05-21 02:10:00,1.908,1.91039,1.90794,1.90987,1054,8,0
2024-05-21 02:15:00,1.90987,1.91059,1.90943,1.90979,959,8,0
2024-05-21 02:20:00,1.90979,1.90981,1.90879,1.90916,653,8,0
2024-05-21 02:25:00,1.90916,1.90945,1.90819,1.90944,496,8,0
2024-05-21 02:30:00,1.9094600000000002,1.9097,1.9091200000000002,1.90913,663,8,0
2024-05-21 02:35:00,1.90913,1.90938,1.90868,1.9091900000000002,600,8,0
2024-05-21 02:40:00,1.9092,1.90923,1.90802,1.90815,713,8,0
2024-05-21 02:45:00,1.90815,1.9085999999999999,1.90808,1.90846,477,8,0
2024-05-21 02:50:00,1.90845,1.9087800000000001,1.90794,1.90798,690,8,0
2024-05-21 02:55:00,1.90798,1.9081700000000001,1.90784,1.90795,596,8,0
2024-05-21 03:00:00,1.90795,1.90815,1.90728,1.9077600000000001,514,8,0
2024-05-21 03:05:00,1.9077600000000001,1.90886,1.90759,1.90881,540,8,0
2024-05-21 03:10:00,1.90881,1.9093900000000001,1.9087800000000001,1.90938,387,8,0
2024-05-21 03:15:00,1.9093900000000001,1.90963,1.90892,1.90895,267,8,0
2024-05-21 03:20:00,1.90895,1.90916,1.90884,1.90896,270,8,0
2024-05-21 03:25:00,1.90896,1.90964,1.90877,1.90958,442,8,0
2024-05-21 03:30:00,1.90958,1.9097499999999998,1.909,1.9091,388,8,0
2024-05-21 03:35:00,1.9091,1.90954,1.90907,1.90951,353,8,0
2024-05-21 03:40:00,1.90951,1.90972,1.90931,1.90931,343,8,0
2024-05-21 03:45:00,1.90931,1.90951,1.90931,1.9094,216,8,0
2024-05-21 03:50:00,1.9094,1.9094,1.90906,1.90924,319,8,0
2024-05-21 03:55:00,1.90924,1.90926,1.90868,1.90893,232,8,0
2024-05-21 04:00:00,1.90893,1.90893,1.9084400000000001,1.9085999999999999,325,8,0
2024-05-21 04:05:00,1.9085999999999999,1.9087399999999999,1.9084400000000001,1.90855,296,8,0
2024-05-21 04:10:00,1.90854,1.90909,1.90849,1.90903,278,8,0
2024-05-21 04:15:00,1.90903,1.90929,1.90902,1.90918,245,8,0
2024-05-21 04:20:00,1.90918,1.90945,1.9090099999999999,1.90937,192,8,0
2024-05-21 04:25:00,1.90937,1.90965,1.90933,1.90963,239,8,0
2024-05-21 04:30:00,1.90963,1.90997,1.90931,1.90931,369,8,0
2024-05-21 04:35:00,1.90938,1.9094799999999998,1.90911,1.9093200000000001,280,8,0
2024-05-21 04:40:00,1.9093200000000001,1.9093499999999999,1.90863,1.90876,358,8,0
2024-05-21 04:45:00,1.90876,1.90902,1.90869,1.909,257,8,0
2024-05-21 04:50:00,1.909,1.9093200000000001,1.9089800000000001,1.9092,263,8,0
2024-05-21 04:55:00,1.9092,1.90936,1.90913,1.90922,246,8,0
2024-05-21 05:00:00,1.90922,1.90942,1.90893,1.9092500000000001,318,8,0
2024-05-21 05:05:00,1.9092500000000001,1.90926,1.90869,1.90891,282,8,0
2024-05-21 05:10:00,1.90891,1.90942,1.9088,1.9091200000000002,289,8,0
2024-05-21 05:15:00,1.9091200000000002,1.90941,1.90909,1.9092099999999999,137,8,0
2024-05-21 05:20:00,1.9092099999999999,1.9092099999999999,1.90876,1.9088699999999998,192,8,0
2024-05-21 05:25:00,1.9088699999999998,1.9089399999999999,1.9085299999999998,1.9085999999999999,254,8,0
2024-05-21 05:30:00,1.9085999999999999,1.90865,1.9083999999999999,1.9085100000000002,284,8,0
2024-05-21 05:35:00,1.9085100000000002,1.90907,1.9085100000000002,1.90904,274,8,0
2024-05-21 05:40:00,1.90904,1.90906,1.90855,1.9085800000000002,327,8,0
2024-05-21 05:45:00,1.90859,1.9088500000000002,1.90857,1.9086699999999999,311,8,0
2024-05-21 05:50:00,1.9086699999999999,1.9091200000000002,1.9086699999999999,1.9090500000000001,245,8,0
2024-05-21 05:55:00,1.9090500000000001,1.90913,1.90891,1.9090500000000001,286,8,0
2024-05-21 06:00:00,1.9090500000000001,1.9094799999999998,1.90902,1.9091200000000002,507,8,0
2024-05-21 06:05:00,1.9091200000000002,1.90913,1.9084400000000001,1.90848,553,8,0
2024-05-21 06:10:00,1.90848,1.90961,1.90846,1.90933,620,8,0
2024-05-21 06:15:00,1.90933,1.9097499999999998,1.90929,1.90961,522,8,0
2024-05-21 06:20:00,1.90961,1.90974,1.9092,1.90938,438,8,0
2024-05-21 06:25:00,1.90938,1.90944,1.90892,1.90934,464,8,0
2024-05-21 06:30:00,1.90934,1.9094600000000002,1.90889,1.90926,532,8,0
2024-05-21 06:35:00,1.90926,1.90956,1.90896,1.90944,510,8,0
2024-05-21 06:40:00,1.90944,1.90968,1.90906,1.90936,534,8,0
2024-05-21 06:45:00,1.90936,1.90981,1.90929,1.9095499999999999,507,8,0
2024-05-21 06:50:00,1.9095499999999999,1.91029,1.90944,1.91019,506,8,0
2024-05-21 06:55:00,1.91018,1.91028,1.9098600000000001,1.91013,662,8,0
2024-05-21 07:00:00,1.91013,1.91013,1.9096,1.90965,856,8,0
2024-05-21 07:05:00,1.90965,1.90971,1.90866,1.90881,787,8,0
2024-05-21 07:10:00,1.90881,1.90881,1.90794,1.90802,795,8,0
2024-05-21 07:15:00,1.90802,1.90812,1.9071799999999999,1.9072900000000002,817,8,0
2024-05-21 07:20:00,1.90728,1.90768,1.90708,1.90755,727,8,0
2024-05-21 07:25:00,1.90755,1.90768,1.9068800000000001,1.90739,837,8,0
2024-05-21 07:30:00,1.90739,1.90753,1.9070399999999998,1.90724,677,8,0
2024-05-21 07:35:00,1.90724,1.90748,1.9072200000000001,1.90723,612,8,0
2024-05-21 07:40:00,1.90723,1.90747,1.90721,1.90734,631,8,0
2024-05-21 07:45:00,1.90735,1.908,1.9072900000000002,1.90781,512,8,0
2024-05-21 07:50:00,1.90781,1.90865,1.90771,1.9085999999999999,622,8,0
2024-05-21 07:55:00,1.9085999999999999,1.9086400000000001,1.90773,1.90781,625,8,0
2024-05-21 08:00:00,1.9078,1.90793,1.90743,1.90755,686,8,0
2024-05-21 08:05:00,1.90755,1.90787,1.9074499999999999,1.9077600000000001,566,8,0
2024-05-21 08:10:00,1.9077600000000001,1.90795,1.90725,1.9078,667,8,0
2024-05-21 08:15:00,1.9078,1.90788,1.9073099999999998,1.90767,642,8,0
2024-05-21 08:20:00,1.90767,1.90812,1.90755,1.90788,656,8,0
2024-05-21 08:25:00,1.90789,1.90815,1.90751,1.90754,511,8,0
2024-05-21 08:30:00,1.90754,1.90794,1.90747,1.90782,540,8,0
2024-05-21 08:35:00,1.90782,1.9079000000000002,1.90748,1.9076,511,8,0
2024-05-21 08:40:00,1.9076,1.90784,1.90753,1.90768,434,8,0
2024-05-21 08:45:00,1.90768,1.9077600000000001,1.9073099999999998,1.9073799999999999,463,8,0
2024-05-21 08:50:00,1.9073600000000002,1.9074499999999999,1.9069500000000001,1.9073099999999998,573,8,0
2024-05-21 08:55:00,1.90733,1.90734,1.9069500000000001,1.90696,620,8,0
2024-05-21 09:00:00,1.90696,1.90728,1.9066999999999998,1.9068800000000001,765,8,0
2024-05-21 09:05:00,1.90689,1.90696,1.90637,1.9064100000000002,651,8,0
2024-05-21 09:10:00,1.9064,1.90646,1.9056,1.90594,613,8,0
2024-05-21 09:15:00,1.90594,1.9062999999999999,1.9058000000000002,1.90608,531,8,0
2024-05-21 09:20:00,1.90608,1.9062700000000001,1.90595,1.90619,495,8,0
2024-05-21 09:25:00,1.90619,1.90633,1.90601,1.90612,414,8,0
2024-05-21 09:30:00,1.90612,1.90659,1.90604,1.90642,465,8,0
2024-05-21 09:35:00,1.90642,1.90673,1.90631,1.90673,398,8,0
2024-05-21 09:40:00,1.90673,1.9073,1.90672,1.90697,561,8,0
2024-05-21 09:45:00,1.90696,1.90709,1.90664,1.9068,491,8,0
2024-05-21 09:50:00,1.9068,1.90734,1.90678,1.90725,411,8,0
2024-05-21 09:55:00,1.90726,1.9074200000000001,1.90708,1.9071500000000001,368,8,0
2024-05-21 10:00:00,1.9071500000000001,1.90719,1.9064,1.9064299999999998,462,8,0
2024-05-21 10:05:00,1.9064299999999998,1.90682,1.90635,1.90676,487,8,0
2024-05-21 10:10:00,1.90676,1.90683,1.9064,1.90653,358,8,0
2024-05-21 10:15:00,1.90653,1.9065699999999999,1.90631,1.90645,335,8,0
2024-05-21 10:20:00,1.90645,1.90701,1.9063400000000001,1.90694,418,8,0
2024-05-21 10:25:00,1.90694,1.90701,1.90673,1.90698,417,8,0
2024-05-21 10:30:00,1.90697,1.90732,1.9069099999999999,1.90694,449,8,0
2024-05-21 10:35:00,1.90694,1.9071799999999999,1.90676,1.90706,441,8,0
2024-05-21 10:40:00,1.90706,1.9074200000000001,1.90699,1.9071,438,8,0
2024-05-21 10:45:00,1.9071,1.90719,1.90663,1.90663,390,8,0
2024-05-21 10:50:00,1.90663,1.90698,1.90646,1.90692,388,8,0
2024-05-21 10:55:00,1.90692,1.90697,1.90653,1.9066,518,8,0
2024-05-21 11:00:00,1.90662,1.90667,1.90622,1.90633,447,8,0
2024-05-21 11:05:00,1.90633,1.9063400000000001,1.90586,1.9059599999999999,423,8,0
2024-05-21 11:10:00,1.9059599999999999,1.90606,1.90565,1.9059,419,8,0
2024-05-21 11:15:00,1.9059,1.90612,1.90586,1.90592,392,8,0
2024-05-21 11:20:00,1.90592,1.90614,1.9058199999999998,1.90601,483,8,0
2024-05-21 11:25:00,1.90601,1.9061599999999999,1.9055,1.90557,421,8,0
2024-05-21 11:30:00,1.90556,1.90563,1.90527,1.9055,318,8,0
2024-05-21 11:35:00,1.9055,1.90554,1.90517,1.9052,384,8,0
2024-05-21 11:40:00,1.9052,1.90531,1.90473,1.90473,602,8,0
2024-05-21 11:45:00,1.9047399999999999,1.90541,1.90469,1.9053,485,8,0
2024-05-21 11:50:00,1.9053,1.90542,1.9047100000000001,1.90479,594,8,0
2024-05-21 11:55:00,1.90479,1.90491,1.90448,1.9047399999999999,526,8,0
2024-05-21 12:00:00,1.9047399999999999,1.9052799999999999,1.90463,1.9051200000000001,716,8,0
2024-05-21 12:05:00,1.9051200000000001,1.90527,1.9047399999999999,1.90517,691,8,0
2024-05-21 12:10:00,1.90518,1.90531,1.9045299999999998,1.9045800000000002,649,8,0
2024-05-21 12:15:00,1.90459,1.90461,1.90429,1.90429,686,8,0
2024-05-21 12:20:00,1.90429,1.90491,1.90425,1.9043,701,8,0
2024-05-21 12:25:00,1.9043,1.90486,1.90423,1.90464,475,8,0
2024-05-21 12:30:00,1.90464,1.90536,1.9045299999999998,1.9053499999999999,1045,8,0
2024-05-21 12:35:00,1.9053499999999999,1.9058899999999999,1.90524,1.9057300000000001,1081,8,0
2024-05-21 12:40:00,1.9057300000000001,1.9063400000000001,1.90563,1.9058899999999999,997,8,0
2024-05-21 12:45:00,1.9058899999999999,1.90612,1.9054,1.9054600000000002,867,8,0
2024-05-21 12:50:00,1.9054600000000002,1.90552,1.9051399999999998,1.90524,914,8,0
2024-05-21 12:55:00,1.90524,1.90533,1.90468,1.90483,739,8,0
2024-05-21 13:00:00,1.90482,1.90585,1.90469,1.90522,2398,8,0
2024-05-21 13:05:00,1.90522,1.9053499999999999,1.90427,1.90457,1563,8,0
2024-05-21 13:10:00,1.90457,1.90545,1.90454,1.9051900000000002,1308,8,0
2024-05-21 13:15:00,1.9051900000000002,1.90534,1.90427,1.90472,1230,8,0
2024-05-21 13:20:00,1.9047,1.90486,1.90369,1.90377,1235,8,0
2024-05-21 13:25:00,1.90377,1.90378,1.90328,1.9034200000000001,1167,8,0
2024-05-21 13:30:00,1.9034200000000001,1.9040300000000001,1.9034,1.90388,1497,8,0
2024-05-21 13:35:00,1.90388,1.9043999999999999,1.90361,1.9043,1399,8,0
2024-05-21 13:40:00,1.9043,1.90493,1.90423,1.9047800000000001,1322,8,0
2024-05-21 13:45:00,1.9047800000000001,1.9048699999999998,1.90404,1.90475,1301,8,0
2024-05-21 13:50:00,1.90475,1.90567,1.90475,1.9054600000000002,1256,8,0
2024-05-21 13:55:00,1.9054600000000002,1.9055499999999999,1.90483,1.90537,1233,8,0
2024-05-21 14:00:00,1.90537,1.90549,1.9044400000000001,1.90466,1357,8,0
2024-05-21 14:05:00,1.90466,1.90484,1.9043999999999999,1.90477,1113,8,0
2024-05-21 14:10:00,1.90477,1.90504,1.9045999999999998,1.9047800000000001,853,8,0
2024-05-21 14:15:00,1.9047800000000001,1.90504,1.9044699999999999,1.9049,1017,8,0
2024-05-21 14:20:00,1.9049,1.90547,1.9047399999999999,1.90537,915,8,0
2024-05-21 14:25:00,1.90537,1.9056199999999999,1.9051200000000001,1.9052099999999998,851,8,0
2024-05-21 14:30:00,1.9052099999999998,1.90551,1.90496,1.90502,871,8,0
2024-05-21 14:35:00,1.90502,1.90549,1.90479,1.90511,904,8,0
2024-05-21 14:40:00,1.90511,1.9054799999999998,1.90465,1.90524,881,8,0
2024-05-21 14:45:00,1.90524,1.90542,1.9048699999999998,1.90523,897,8,0
2024-05-21 14:50:00,1.90523,1.9069,1.90522,1.90672,1316,8,0
2024-05-21 14:55:00,1.90672,1.90769,1.90663,1.90743,1688,8,0
2024-05-21 15:00:00,1.90743,1.90746,1.90599,1.90615,1412,8,0
2024-05-21 15:05:00,1.90619,1.90676,1.9059599999999999,1.9066999999999998,817,8,0
2024-05-21 15:10:00,1.9066999999999998,1.90686,1.90632,1.9064100000000002,667,8,0
2024-05-21 15:15:00,1.9064100000000002,1.90696,1.90629,1.9068100000000001,693,8,0
2024-05-21 15:20:00,1.9068100000000001,1.90693,1.90633,1.90646,741,8,0
2024-05-21 15:25:00,1.90646,1.90662,1.90631,1.90647,934,8,0
2024-05-21 15:30:00,1.90647,1.90696,1.90636,1.9067699999999999,782,8,0
2024-05-21 15:35:00,1.9067699999999999,1.9069099999999999,1.90652,1.90686,978,8,0
2024-05-21 15:40:00,1.90686,1.90697,1.90633,1.90636,928,8,0
2024-05-21 15:45:00,1.90636,1.9066999999999998,1.90611,1.90633,1005,8,0
2024-05-21 15:50:00,1.90633,1.90636,1.9059599999999999,1.90608,795,8,0
2024-05-21 15:55:00,1.90608,1.90659,1.90601,1.90656,809,8,0
2024-05-21 16:00:00,1.90656,1.90734,1.90651,1.9071799999999999,1059,8,0
2024-05-21 16:05:00,1.9071799999999999,1.90723,1.9065699999999999,1.90674,722,8,0
2024-05-21 16:10:00,1.90674,1.9072,1.90659,1.9070200000000002,684,8,0
2024-05-21 16:15:00,1.90701,1.9071,1.90648,1.90666,684,8,0
2024-05-21 16:20:00,1.90666,1.90686,1.90645,1.90651,718,8,0
2024-05-21 16:25:00,1.90651,1.90675,1.90625,1.90672,516,8,0
2024-05-21 16:30:00,1.90672,1.90698,1.90652,1.9069,584,8,0
2024-05-21 16:35:00,1.9069,1.90721,1.9069,1.90717,522,8,0
2024-05-21 16:40:00,1.90717,1.90721,1.90664,1.90666,502,8,0
2024-05-21 16:45:00,1.90666,1.90687,1.90663,1.90664,538,8,0
2024-05-21 16:50:00,1.90665,1.9069,1.9066,1.9066999999999998,485,8,0
2024-05-21 16:55:00,1.90671,1.9070200000000002,1.9066100000000001,1.90675,685,8,0
2024-05-21 17:00:00,1.90675,1.9069500000000001,1.9064100000000002,1.90686,746,8,0
2024-05-21 17:05:00,1.90686,1.907,1.9065699999999999,1.9066100000000001,522,8,0
2024-05-21 17:10:00,1.90662,1.9072900000000002,1.9066100000000001,1.90706,884,8,0
2024-05-21 17:15:00,1.90706,1.90706,1.90659,1.90665,556,8,0
2024-05-21 17:20:00,1.90665,1.90673,1.90628,1.90666,598,8,0
2024-05-21 17:25:00,1.90666,1.90676,1.90648,1.90652,473,8,0
2024-05-21 17:30:00,1.90652,1.90707,1.90644,1.90707,416,8,0
2024-05-21 17:35:00,1.90707,1.90707,1.90666,1.90675,433,8,0
2024-05-21 17:40:00,1.90675,1.9069,1.9066100000000001,1.9066999999999998,447,8,0
2024-05-21 17:45:00,1.9066999999999998,1.9068399999999999,1.90664,1.90671,487,8,0
2024-05-21 17:50:00,1.90671,1.90674,1.90638,1.90647,321,8,0
2024-05-21 17:55:00,1.90647,1.90652,1.90621,1.9064299999999998,459,8,0
2024-05-21 18:00:00,1.9064299999999998,1.90683,1.90636,1.90676,478,8,0
2024-05-21 18:05:00,1.90676,1.90678,1.90642,1.90673,458,8,0
2024-05-21 18:10:00,1.90673,1.9070200000000002,1.90656,1.90698,469,8,0
2024-05-21 18:15:00,1.90698,1.90699,1.90626,1.90633,372,8,0
2024-05-21 18:20:00,1.90633,1.90658,1.90631,1.9064999999999999,570,8,0
2024-05-21 18:25:00,1.90649,1.90673,1.90639,1.90667,469,8,0
2024-05-21 18:30:00,1.90667,1.90678,1.90655,1.90673,358,8,0
2024-05-21 18:35:00,1.90673,1.9070200000000002,1.9066999999999998,1.90694,347,8,0
2024-05-21 18:40:00,1.90694,1.90744,1.90687,1.90735,336,8,0
2024-05-21 18:45:00,1.90735,1.90751,1.90707,1.90714,367,8,0
2024-05-21 18:50:00,1.90714,1.9073099999999998,1.90705,1.90709,378,8,0
2024-05-21 18:55:00,1.9071,1.9072,1.90696,1.90719,472,8,0
2024-05-21 19:00:00,1.90719,1.9072200000000001,1.90698,1.9071500000000001,352,8,0
2024-05-21 19:05:00,1.9071500000000001,1.90737,1.9071099999999999,1.90728,319,8,0
2024-05-21 19:10:00,1.90728,1.90728,1.90703,1.9071500000000001,352,8,0
2024-05-21 19:15:00,1.9071500000000001,1.90734,1.9070399999999998,1.9073099999999998,450,8,0
2024-05-21 19:20:00,1.9073099999999998,1.90741,1.90712,1.90725,451,8,0
2024-05-21 19:25:00,1.90726,1.90732,1.90709,1.9071,396,8,0
2024-05-21 19:30:00,1.9071,1.90721,1.90692,1.90708,339,8,0
2024-05-21 19:35:00,1.90708,1.90708,1.90686,1.9070200000000002,355,8,0
2024-05-21 19:40:00,1.9070200000000002,1.90714,1.90699,1.90707,212,8,0
2024-05-21 19:45:00,1.90707,1.90713,1.90699,1.90707,275,8,0
2024-05-21 19:50:00,1.90707,1.9071099999999999,1.90683,1.90685,398,8,0
2024-05-21 19:55:00,1.90685,1.90705,1.90664,1.9068100000000001,506,8,0
2024-05-21 20:00:00,1.9068100000000001,1.90701,1.9068,1.90698,335,8,0
2024-05-21 20:05:00,1.90697,1.90706,1.90664,1.90664,158,8,0
2024-05-21 20:10:00,1.90665,1.90667,1.90647,1.90651,268,8,0
2024-05-21 20:15:00,1.90652,1.9065699999999999,1.90631,1.90646,153,8,0
2024-05-21 20:20:00,1.90646,1.9066,1.90645,1.90656,110,8,0
2024-05-21 20:25:00,1.90656,1.9066999999999998,1.9064,1.90663,154,8,0
2024-05-21 20:30:00,1.90664,1.90671,1.90662,1.9066800000000002,69,8,0
2024-05-21 20:35:00,1.9066999999999998,1.90676,1.90653,1.9065699999999999,95,8,0
2024-05-21 20:40:00,1.90658,1.9068399999999999,1.90658,1.90675,82,8,0
2024-05-21 20:45:00,1.90675,1.90682,1.90648,1.90651,132,8,0
2024-05-21 20:50:00,1.90651,1.9067699999999999,1.90644,1.90674,133,8,0
2024-05-21 20:55:00,1.90673,1.9067699999999999,1.90647,1.90664,239,8,0
2024-05-21 21:00:00,1.90664,1.90664,1.90664,1.90664,1,16,0
2024-05-21 21:05:00,1.90603,1.90637,1.90601,1.90624,15,41,0
2024-05-21 21:10:00,1.90624,1.9063400000000001,1.90603,1.9060899999999998,42,45,0
2024-05-21 21:15:00,1.9060899999999998,1.9062700000000001,1.90577,1.9059,113,51,0
2024-05-21 21:20:00,1.90594,1.90619,1.9058000000000002,1.90604,111,43,0
2024-05-21 21:25:00,1.90604,1.90658,1.90571,1.90648,126,53,0
2024-05-21 21:30:00,1.9065400000000001,1.90687,1.90636,1.90686,62,31,0
2024-05-21 21:35:00,1.90686,1.9069,1.9065400000000001,1.90682,57,49,0
2024-05-21 21:40:00,1.90682,1.90682,1.9064,1.90659,88,28,0
2024-05-21 21:45:00,1.9066,1.90667,1.90588,1.90606,161,28,0
2024-05-21 21:50:00,1.90606,1.90619,1.9060000000000001,1.90619,36,51,0
2024-05-21 21:55:00,1.90614,1.90631,1.9060700000000002,1.9062999999999999,30,45,0
2024-05-21 22:00:00,1.9062999999999999,1.9064299999999998,1.90594,1.90595,94,8,0
2024-05-21 22:05:00,1.90595,1.9060700000000002,1.90594,1.9060700000000002,33,13,0
2024-05-21 22:10:00,1.9061,1.90625,1.90605,1.90625,31,8,0
2024-05-21 22:15:00,1.90625,1.90637,1.90624,1.90626,30,10,0
2024-05-21 22:20:00,1.90626,1.90637,1.9062299999999999,1.90624,39,11,0
2024-05-21 22:25:00,1.90624,1.90625,1.90603,1.90612,60,11,0
2024-05-21 22:30:00,1.90612,1.90633,1.90606,1.90625,66,8,0
2024-05-21 22:35:00,1.90625,1.90638,1.9062000000000001,1.90636,55,8,0
2024-05-21 22:40:00,1.90636,1.9064299999999998,1.9062000000000001,1.9064,53,8,0
2024-05-21 22:45:00,1.9064,1.90646,1.90636,1.90639,50,8,0
2024-05-21 22:50:00,1.90638,1.9064100000000002,1.90629,1.9064,45,8,0
2024-05-21 22:55:00,1.9064,1.9064,1.9062700000000001,1.9062700000000001,41,8,0
2024-05-21 23:00:00,1.90625,1.90648,1.9062000000000001,1.90622,142,8,0
2024-05-21 23:05:00,1.90622,1.9064999999999999,1.9062000000000001,1.90647,99,8,0
2024-05-21 23:10:00,1.90647,1.90651,1.90637,1.9064299999999998,82,8,0
2024-05-21 23:15:00,1.9064299999999998,1.90648,1.9058000000000002,1.90594,164,8,0
2024-05-21 23:20:00,1.90594,1.9061599999999999,1.9059,1.90595,128,8,0
2024-05-21 23:25:00,1.9059599999999999,1.90603,1.9058000000000002,1.90594,101,8,0
2024-05-21 23:30:00,1.90594,1.90621,1.90592,1.90592,83,8,0
2024-05-21 23:35:00,1.90592,1.9061,1.90578,1.90595,98,8,0
2024-05-21 23:40:00,1.90595,1.90637,1.90592,1.90636,102,8,0
2024-05-21 23:45:00,1.90635,1.9064999999999999,1.90621,1.90648,138,8,0
2024-05-21 23:50:00,1.90644,1.90648,1.90615,1.9063400000000001,148,8,0
2024-05-21 23:55:00,1.9063400000000001,1.90675,1.90631,1.9065699999999999,233,8,0
2024-05-22 00:00:00,1.90656,1.90666,1.90598,1.9061,603,8,0
2024-05-22 00:05:00,1.9061,1.90619,1.9058000000000002,1.9060899999999998,387,8,0
2024-05-22 00:10:00,1.9060899999999998,1.90652,1.90584,1.90651,450,8,0
2024-05-22 00:15:00,1.90651,1.90662,1.90625,1.9064100000000002,402,8,0
2024-05-22 00:20:00,1.9064100000000002,1.90653,1.90608,1.9062000000000001,302,8,0
2024-05-22 00:25:00,1.9062000000000001,1.90622,1.90578,1.90606,424,8,0
2024-05-22 00:30:00,1.90605,1.90645,1.90597,1.90645,322,8,0
2024-05-22 00:35:00,1.90645,1.9065400000000001,1.90615,1.90651,270,8,0
2024-05-22 00:40:00,1.90651,1.90655,1.90614,1.90622,308,8,0
2024-05-22 00:45:00,1.90621,1.90631,1.90587,1.9062000000000001,339,8,0
2024-05-22 00:50:00,1.9062000000000001,1.90672,1.9062000000000001,1.90665,431,8,0
2024-05-22 00:55:00,1.90666,1.9068399999999999,1.90644,1.90649,419,8,0
2024-05-22 01:00:00,1.90649,1.90693,1.90638,1.90672,672,8,0
2024-05-22 01:05:00,1.90672,1.90672,1.90615,1.90632,361,8,0
2024-05-22 01:10:00,1.90632,1.90689,1.9060700000000002,1.90658,502,8,0
2024-05-22 01:15:00,1.90653,1.90665,1.90612,1.90614,540,8,0
2024-05-22 01:20:00,1.90614,1.90652,1.9061,1.90639,529,8,0
2024-05-22 01:25:00,1.90639,1.90653,1.90626,1.9062999999999999,441,8,0
2024-05-22 01:30:00,1.9062999999999999,1.90683,1.9062999999999999,1.90656,663,8,0
2024-05-22 01:35:00,1.90656,1.9068,1.90642,1.90674,544,8,0
2024-05-22 01:40:00,1.90674,1.90693,1.90633,1.9069,604,8,0
2024-05-22 01:45:00,1.9069,1.9069,1.9058000000000002,1.90586,507,8,0
2024-05-22 01:50:00,1.90586,1.9059300000000001,1.9055900000000001,1.9056600000000001,510,8,0
2024-05-22 01:55:00,1.90567,1.90586,1.90549,1.90572,440,8,0
2024-05-22 02:00:00,1.90575,1.90591,1.9030200000000002,1.90391,1658,8,0
2024-05-22 02:05:00,1.9039000000000001,1.9041299999999999,1.90332,1.90369,926,8,0
2024-05-22 02:10:00,1.90369,1.90432,1.90341,1.90378,985,8,0
2024-05-22 02:15:00,1.90378,1.9042400000000002,1.9035600000000001,1.9040300000000001,729,8,0
2024-05-22 02:20:00,1.9040300000000001,1.90488,1.90391,1.90486,505,8,0
2024-05-22 02:25:00,1.90486,1.90503,1.9045299999999998,1.90502,396,8,0
2024-05-22 02:30:00,1.90502,1.90525,1.90481,1.9049,578,8,0
2024-05-22 02:35:00,1.9049,1.90561,1.9048,1.90553,515,8,0
2024-05-22 02:40:00,1.90552,1.9059,1.90522,1.90563,591,8,0
2024-05-22 02:45:00,1.90564,1.9062999999999999,1.90552,1.9062000000000001,576,8,0
2024-05-22 02:50:00,1.90618,1.9062999999999999,1.90601,1.9061599999999999,466,8,0
2024-05-22 02:55:00,1.90615,1.9062000000000001,1.90547,1.9055499999999999,380,8,0
2024-05-22 03:00:00,1.9055499999999999,1.90563,1.90516,1.90523,488,8,0
2024-05-22 03:05:00,1.90523,1.9057,1.9052,1.90554,397,8,0
2024-05-22 03:10:00,1.90552,1.90585,1.90523,1.9056899999999999,400,8,0
2024-05-22 03:15:00,1.9056899999999999,1.90646,1.90552,1.9064,360,8,0
2024-05-22 03:20:00,1.9064,1.90671,1.90614,1.90658,464,8,0
2024-05-22 03:25:00,1.90658,1.907,1.90632,1.90633,472,8,0
2024-05-22 03:30:00,1.90633,1.90707,1.90628,1.90699,458,8,0
2024-05-22 03:35:00,1.90699,1.90724,1.90693,1.90713,336,8,0
2024-05-22 03:40:00,1.90713,1.90723,1.90678,1.90682,346,8,0
2024-05-22 03:45:00,1.90683,1.9073,1.90679,1.90727,358,8,0
2024-05-22 03:50:00,1.90727,1.9074,1.90717,1.90737,267,8,0
2024-05-22 03:55:00,1.90737,1.90743,1.90673,1.90673,251,8,0
2024-05-22 04:00:00,1.90673,1.90696,1.9066999999999998,1.90696,249,8,0
2024-05-22 04:05:00,1.90696,1.907,1.90664,1.90675,206,8,0
2024-05-22 04:10:00,1.90674,1.90759,1.90672,1.90734,261,8,0
2024-05-22 04:15:00,1.90734,1.90761,1.90732,1.90747,224,8,0
2024-05-22 04:20:00,1.90747,1.9075,1.9069500000000001,1.9070200000000002,247,8,0
2024-05-22 04:25:00,1.9070200000000002,1.90713,1.90687,1.9069099999999999,205,8,0
2024-05-22 04:30:00,1.9069,1.90699,1.9068,1.9068399999999999,235,8,0
2024-05-22 04:35:00,1.9068399999999999,1.90694,1.90656,1.9068,298,8,0
2024-05-22 04:40:00,1.9068,1.90713,1.9066800000000002,1.90696,293,8,0
2024-05-22 04:45:00,1.90696,1.9073,1.9068800000000001,1.90698,270,8,0
2024-05-22 04:50:00,1.907,1.9071,1.90648,1.90651,272,8,0
2024-05-22 04:55:00,1.90651,1.90651,1.90592,1.9060700000000002,284,8,0
2024-05-22 05:00:00,1.9060700000000002,1.90611,1.9056899999999999,1.9057,306,8,0
2024-05-22 05:05:00,1.9057,1.9060000000000001,1.90568,1.9059,272,8,0
2024-05-22 05:10:00,1.9059,1.9060899999999998,1.90576,1.9058899999999999,211,8,0
2024-05-22 05:15:00,1.9058899999999999,1.9060700000000002,1.90536,1.90578,375,8,0
2024-05-22 05:20:00,1.90578,1.90597,1.90568,1.9057300000000001,296,8,0
2024-05-22 05:25:00,1.9057300000000001,1.90575,1.90544,1.90554,286,8,0
2024-05-22 05:30:00,1.90554,1.90563,1.9050500000000001,1.9052099999999998,490,8,0
2024-05-22 05:35:00,1.9052099999999998,1.90544,1.90513,1.90526,349,8,0
2024-05-22 05:40:00,1.90525,1.90568,1.90517,1.90526,369,8,0
2024-05-22 05:45:00,1.90527,1.90527,1.90476,1.90511,298,8,0
2024-05-22 05:50:00,1.90511,1.90516,1.90465,1.9046699999999999,419,8,0
2024-05-22 05:55:00,1.9046699999999999,1.90513,1.90466,1.9049399999999999,367,8,0
2024-05-22 06:00:00,1.90464,1.91032,1.90461,1.91001,1369,8,0
2024-05-22 06:05:00,1.91002,1.91173,1.90971,1.91167,872,8,0
2024-05-22 06:10:00,1.91167,1.9122400000000002,1.9114200000000001,1.91207,730,8,0
2024-05-22 06:15:00,1.91208,1.91248,1.9119199999999998,1.91209,658,8,0
2024-05-22 06:20:00,1.91207,1.91241,1.91164,1.91235,633,8,0
2024-05-22 06:25:00,1.91235,1.91292,1.91202,1.9127399999999999,628,8,0
2024-05-22 06:30:00,1.9127399999999999,1.91449,1.9127399999999999,1.9142299999999999,1034,8,0
2024-05-22 06:35:00,1.9142299999999999,1.91458,1.91402,1.91438,657,8,0
2024-05-22 06:40:00,1.91439,1.91537,1.91426,1.91491,684,8,0
2024-05-22 06:45:00,1.91491,1.91519,1.91435,1.91465,706,8,0
2024-05-22 06:50:00,1.91465,1.91499,1.9142299999999999,1.91493,788,8,0
2024-05-22 06:55:00,1.91493,1.91498,1.9145400000000001,1.91467,730,8,0
2024-05-22 07:00:00,1.91467,1.91502,1.91404,1.9141,902,8,0
2024-05-22 07:05:00,1.9141,1.91442,1.91352,1.91383,1086,8,0
2024-05-22 07:10:00,1.91381,1.9141,1.9135499999999999,1.91404,706,8,0
2024-05-22 07:15:00,1.91404,1.9143400000000002,1.91383,1.9141599999999999,612,8,0
2024-05-22 07:20:00,1.9141599999999999,1.9142299999999999,1.91361,1.91365,668,8,0
2024-05-22 07:25:00,1.91365,1.9143400000000002,1.91356,1.9143400000000002,512,8,0
2024-05-22 07:30:00,1.9143400000000002,1.91444,1.91357,1.91417,817,8,0
2024-05-22 07:35:00,1.91418,1.91473,1.91418,1.91445,660,8,0
2024-05-22 07:40:00,1.91444,1.91448,1.91364,1.9138199999999999,799,8,0
2024-05-22 07:45:00,1.9138199999999999,1.9140899999999998,1.91374,1.91392,423,8,0
2024-05-22 07:50:00,1.91392,1.91406,1.9136600000000001,1.9138899999999999,514,8,0
2024-05-22 07:55:00,1.91388,1.91426,1.91374,1.91374,971,8,0
2024-05-22 08:00:00,1.9137300000000002,1.9138899999999999,1.9132,1.91327,841,8,0
2024-05-22 08:05:00,1.91327,1.9137499999999998,1.91327,1.91354,587,8,0
2024-05-22 08:10:00,1.91354,1.91356,1.9125,1.91259,610,8,0
2024-05-22 08:15:00,1.91259,1.91292,1.91223,1.91292,617,8,0
2024-05-22 08:20:00,1.91292,1.9131200000000002,1.91236,1.9125100000000002,577,8,0
2024-05-22 08:25:00,1.9125100000000002,1.91257,1.9120300000000001,1.91238,876,8,0
2024-05-22 08:30:00,1.91238,1.91246,1.91174,1.91182,613,8,0
2024-05-22 08:35:00,1.91182,1.9121899999999998,1.91178,1.91187,484,8,0
2024-05-22 08:40:00,1.91187,1.91196,1.9115600000000001,1.9115600000000001,406,8,0
2024-05-22 08:45:00,1.9115600000000001,1.91167,1.91078,1.9108100000000001,503,8,0
2024-05-22 08:50:00,1.9108100000000001,1.91112,1.91075,1.91094,518,8,0
2024-05-22 08:55:00,1.91094,1.91098,1.9106100000000001,1.9108100000000001,664,8,0
2024-05-22 09:00:00,1.9108100000000001,1.9108800000000001,1.91048,1.91087,636,8,0
2024-05-22 09:05:00,1.91087,1.911,1.91051,1.91059,618,8,0
2024-05-22 09:10:00,1.9106,1.91092,1.91042,1.9106800000000002,754,8,0
2024-05-22 09:15:00,1.9106800000000002,1.91098,1.91053,1.91078,693,8,0
2024-05-22 09:20:00,1.91078,1.91107,1.9106,1.91086,525,8,0
2024-05-22 09:25:00,1.91086,1.91132,1.91079,1.91089,706,8,0
2024-05-22 09:30:00,1.91089,1.9112200000000001,1.9108800000000001,1.91103,618,8,0
2024-05-22 09:35:00,1.91103,1.9114,1.9108399999999999,1.91113,488,8,0
2024-05-22 09:40:00,1.91113,1.9116,1.91093,1.91093,489,8,0
2024-05-22 09:45:00,1.91093,1.91098,1.91067,1.9106999999999998,391,8,0
2024-05-22 09:50:00,1.9106999999999998,1.91085,1.91058,1.91074,364,8,0
2024-05-22 09:55:00,1.91074,1.9108100000000001,1.9100000000000001,1.91004,428,8,0
2024-05-22 10:00:00,1.91004,1.9103400000000001,1.9098600000000001,1.9102299999999999,513,8,0
2024-05-22 10:05:00,1.9102299999999999,1.91026,1.90987,1.91005,500,8,0
2024-05-22 10:10:00,1.91005,1.91025,1.90994,1.90997,472,8,0
2024-05-22 10:15:00,1.90997,1.91033,1.90979,1.90984,498,8,0
2024-05-22 10:20:00,1.90984,1.9099300000000001,1.90968,1.9099,499,8,0
2024-05-22 10:25:00,1.9099,1.91038,1.90983,1.91021,570,8,0
2024-05-22 10:30:00,1.91021,1.91031,1.90985,1.9099,607,8,0
2024-05-22 10:35:00,1.90991,1.90994,1.9096600000000001,1.90967,522,8,0
2024-05-22 10:40:00,1.90967,1.90971,1.90926,1.90926,431,8,0
2024-05-22 10:45:00,1.90926,1.90951,1.90916,1.90916,551,8,0
2024-05-22 10:50:00,1.90916,1.9093499999999999,1.90915,1.90927,531,8,0
2024-05-22 10:55:00,1.90927,1.90949,1.90915,1.9093499999999999,510,8,0
2024-05-22 11:00:00,1.90931,1.91005,1.90923,1.90985,625,8,0
2024-05-22 11:05:00,1.90985,1.90991,1.90958,1.9096,538,8,0
2024-05-22 11:10:00,1.90958,1.90979,1.9094600000000002,1.90961,581,8,0
2024-05-22 11:15:00,1.9096199999999999,1.90963,1.9092799999999999,1.90963,572,8,0
2024-05-22 11:20:00,1.90963,1.90981,1.90934,1.9094,548,8,0
2024-05-22 11:25:00,1.90942,1.90943,1.90907,1.9092500000000001,397,8,0
2024-05-22 11:30:00,1.9092799999999999,1.90997,1.9091900000000002,1.90992,643,8,0
2024-05-22 11:35:00,1.90992,1.91042,1.9098199999999999,1.91028,765,8,0
2024-05-22 11:40:00,1.91028,1.9108,1.91006,1.91042,1053,8,0
2024-05-22 11:45:00,1.91042,1.91055,1.91011,1.91049,980,8,0
2024-05-22 11:50:00,1.91049,1.91136,1.9104100000000002,1.91136,883,8,0
2024-05-22 11:55:00,1.91136,1.91215,1.91136,1.91181,958,8,0
2024-05-22 12:00:00,1.91181,1.9121700000000001,1.9114200000000001,1.91211,1155,8,0
2024-05-22 12:05:00,1.91209,1.91241,1.91174,1.91235,932,8,0
2024-05-22 12:10:00,1.91235,1.91304,1.9122,1.91266,911,8,0
2024-05-22 12:15:00,1.91266,1.9135499999999999,1.91265,1.91331,980,8,0
2024-05-22 12:20:00,1.9133200000000001,1.9134799999999998,1.91266,1.91309,843,8,0
2024-05-22 12:25:00,1.91309,1.91322,1.91228,1.91245,803,8,0
2024-05-22 12:30:00,1.9124400000000001,1.91395,1.91243,1.91364,974,8,0
2024-05-22 12:35:00,1.91364,1.91424,1.9135900000000001,1.91378,832,8,0
2024-05-22 12:40:00,1.91378,1.91458,1.9137300000000002,1.91452,859,8,0
2024-05-22 12:45:00,1.91452,1.9150399999999999,1.91442,1.91471,753,8,0
2024-05-22 12:50:00,1.91471,1.91506,1.9145400000000001,1.9148800000000001,784,8,0
2024-05-22 12:55:00,1.9148800000000001,1.91514,1.91472,1.91505,700,8,0
2024-05-22 13:00:00,1.9150399999999999,1.91548,1.9148399999999999,1.91514,975,8,0
2024-05-22 13:05:00,1.91514,1.91524,1.91464,1.9147699999999999,889,8,0
2024-05-22 13:10:00,1.9147699999999999,1.91521,1.9147699999999999,1.9149,686,8,0
2024-05-22 13:15:00,1.91489,1.91532,1.9148100000000001,1.91507,851,8,0
2024-05-22 13:20:00,1.91507,1.91535,1.91487,1.91514,804,8,0
2024-05-22 13:25:00,1.91514,1.91535,1.91483,1.91524,656,8,0
2024-05-22 13:30:00,1.91524,1.9163299999999999,1.91524,1.91546,1281,8,0
2024-05-22 13:35:00,1.91548,1.91562,1.91525,1.91552,1141,8,0
2024-05-22 13:40:00,1.91552,1.91564,1.915,1.91526,1105,8,0
2024-05-22 13:45:00,1.91526,1.9154,1.91476,1.9150800000000001,1046,8,0
2024-05-22 13:50:00,1.91509,1.9152,1.9145699999999999,1.91466,963,8,0
2024-05-22 13:55:00,1.91467,1.91525,1.9146,1.91503,761,8,0
2024-05-22 14:00:00,1.91496,1.91571,1.91479,1.9155600000000002,1148,8,0
2024-05-22 14:05:00,1.9155600000000002,1.9167,1.91548,1.91659,1262,8,0
2024-05-22 14:10:00,1.91658,1.9172,1.91654,1.91711,1072,8,0
2024-05-22 14:15:00,1.91711,1.9173499999999999,1.9169,1.91726,774,8,0
2024-05-22 14:20:00,1.91726,1.91837,1.9167800000000002,1.91799,1244,8,0
2024-05-22 14:25:00,1.91799,1.9183,1.91764,1.91822,1280,8,0
2024-05-22 14:30:00,1.91822,1.91846,1.91767,1.9181300000000001,1259,8,0
2024-05-22 14:35:00,1.9181300000000001,1.91862,1.91753,1.91761,1073,8,0
2024-05-22 14:40:00,1.91761,1.91761,1.91679,1.91693,1003,8,0
2024-05-22 14:45:00,1.91693,1.91703,1.91649,1.91661,1022,8,0
2024-05-22 14:50:00,1.91661,1.91686,1.91562,1.91605,1119,8,0
2024-05-22 14:55:00,1.91605,1.91641,1.91581,1.91612,1208,8,0
2024-05-22 15:00:00,1.91612,1.9162,1.91521,1.9154499999999999,1047,8,0
2024-05-22 15:05:00,1.9154499999999999,1.9156499999999999,1.9147699999999999,1.9150399999999999,881,8,0
2024-05-22 15:10:00,1.91505,1.91566,1.91482,1.91537,860,8,0
2024-05-22 15:15:00,1.91537,1.9159199999999998,1.91533,1.91584,881,8,0
2024-05-22 15:20:00,1.9158300000000001,1.91693,1.91578,1.91672,1065,8,0
2024-05-22 15:25:00,1.91672,1.91697,1.91636,1.9169,769,8,0
2024-05-22 15:30:00,1.9169,1.91785,1.9169,1.9172,1021,8,0
2024-05-22 15:35:00,1.9172099999999999,1.91785,1.9168699999999999,1.9175900000000001,780,8,0
2024-05-22 15:40:00,1.9175900000000001,1.9180199999999998,1.91756,1.91797,670,8,0
2024-05-22 15:45:00,1.91797,1.91851,1.91777,1.9183,705,8,0
2024-05-22 15:50:00,1.9183,1.91899,1.9183,1.91886,966,8,0
2024-05-22 15:55:00,1.91886,1.9196,1.9188399999999999,1.91944,742,8,0
2024-05-22 16:00:00,1.9194499999999999,1.91955,1.91921,1.91946,705,8,0
2024-05-22 16:05:00,1.91946,1.91968,1.91886,1.919,750,8,0
2024-05-22 16:10:00,1.919,1.91914,1.9188800000000001,1.91899,702,8,0
2024-05-22 16:15:00,1.91899,1.91943,1.91867,1.91886,973,8,0
2024-05-22 16:20:00,1.91887,1.91892,1.91851,1.91865,800,8,0
2024-05-22 16:25:00,1.91865,1.9197,1.91865,1.9193500000000001,681,8,0
2024-05-22 16:30:00,1.9193500000000001,1.9194,1.9186299999999998,1.9187400000000001,723,8,0
2024-05-22 16:35:00,1.9187400000000001,1.9194900000000001,1.9186299999999998,1.91928,853,8,0
2024-05-22 16:40:00,1.91928,1.9193,1.91886,1.9188800000000001,704,8,0
2024-05-22 16:45:00,1.91887,1.9194,1.91873,1.91939,772,8,0
2024-05-22 16:50:00,1.91939,1.9196900000000001,1.91937,1.91955,803,8,0
2024-05-22 16:55:00,1.9195600000000002,1.91963,1.9192399999999998,1.91932,743,8,0
2024-05-22 17:00:00,1.9193,1.91951,1.91903,1.91946,849,8,0
2024-05-22 17:05:00,1.91946,1.91955,1.91917,1.9194200000000001,734,8,0
2024-05-22 17:10:00,1.91941,1.91957,1.91936,1.9194200000000001,559,8,0
2024-05-22 17:15:00,1.91943,1.9197199999999999,1.9193799999999999,1.91971,463,8,0
2024-05-22 17:20:00,1.91971,1.91998,1.9195600000000002,1.91964,610,8,0
2024-05-22 17:25:00,1.91964,1.91995,1.9193799999999999,1.91993,549,8,0
2024-05-22 17:30:00,1.91993,1.92016,1.91967,1.92011,599,8,0
2024-05-22 17:35:00,1.9201000000000001,1.92079,1.9201000000000001,1.92022,1016,8,0
2024-05-22 17:40:00,1.92022,1.9205299999999998,1.91987,1.92036,821,8,0
2024-05-22 17:45:00,1.92036,1.92041,1.9198499999999998,1.92007,720,8,0
2024-05-22 17:50:00,1.9200599999999999,1.92012,1.9196499999999999,1.9199899999999999,823,8,0
2024-05-22 17:55:00,1.9199899999999999,1.92069,1.91978,1.92052,777,8,0
2024-05-22 18:00:00,1.9205299999999998,1.92187,1.9202599999999999,1.92171,1723,8,0
2024-05-22 18:05:00,1.92172,1.9217300000000002,1.92069,1.92127,1304,8,0
2024-05-22 18:10:00,1.92127,1.9218899999999999,1.9212500000000001,1.92164,1180,8,0
2024-05-22 18:15:00,1.92164,1.9220000000000002,1.92138,1.92176,1182,8,0
2024-05-22 18:20:00,1.9217499999999998,1.92296,1.92163,1.92258,1389,8,0
2024-05-22 18:25:00,1.92258,1.92366,1.92241,1.92326,1237,8,0
2024-05-22 18:30:00,1.92327,1.92336,1.92283,1.9231500000000001,1386,8,0
2024-05-22 18:35:00,1.9231500000000001,1.92323,1.9227400000000001,1.9231,1385,8,0
2024-05-22 18:40:00,1.9231,1.92323,1.92267,1.9229500000000002,1300,8,0
2024-05-22 18:45:00,1.92294,1.92301,1.9224999999999999,1.92266,1130,8,0
2024-05-22 18:50:00,1.92265,1.92302,1.92242,1.92244,1003,8,0
2024-05-22 18:55:00,1.92244,1.92271,1.92237,1.92245,1029,8,0
2024-05-22 19:00:00,1.92245,1.92259,1.9222700000000001,1.92241,891,8,0
2024-05-22 19:05:00,1.92242,1.92257,1.9223400000000002,1.9224,641,8,0
2024-05-22 19:10:00,1.92241,1.92271,1.92238,1.92267,587,8,0
2024-05-22 19:15:00,1.92268,1.92317,1.92249,1.9231,905,8,0
2024-05-22 19:20:00,1.9231,1.92314,1.92285,1.9228800000000001,728,8,0
2024-05-22 19:25:00,1.9228800000000001,1.92364,1.92286,1.92332,682,8,0
2024-05-22 19:30:00,1.92332,1.92334,1.92248,1.92265,947,8,0
2024-05-22 19:35:00,1.92265,1.9228399999999999,1.92245,1.92267,805,8,0
2024-05-22 19:40:00,1.92267,1.92296,1.92245,1.92275,957,8,0
2024-05-22 19:45:00,1.92275,1.92279,1.9222000000000001,1.92228,682,8,0
2024-05-22 19:50:00,1.92229,1.92242,1.92199,1.92206,1044,8,0
2024-05-22 19:55:00,1.92206,1.92207,1.92156,1.92176,796,8,0
2024-05-22 20:00:00,1.92177,1.92183,1.92088,1.92103,676,8,0
2024-05-22 20:05:00,1.92104,1.92133,1.92102,1.92131,381,8,0
2024-05-22 20:10:00,1.92131,1.92147,1.92126,1.92142,221,8,0
2024-05-22 20:15:00,1.92142,1.92147,1.92116,1.9214,272,8,0
2024-05-22 20:20:00,1.9214,1.9215900000000001,1.92089,1.92138,753,8,0
2024-05-22 20:25:00,1.92138,1.92153,1.92122,1.92136,451,8,0
2024-05-22 20:30:00,1.92136,1.92164,1.92131,1.92154,382,8,0
2024-05-22 20:35:00,1.92154,1.92158,1.9212099999999999,1.9212799999999999,211,8,0
2024-05-22 20:40:00,1.9212799999999999,1.9214799999999999,1.9212,1.92122,395,8,0
2024-05-22 20:45:00,1.92123,1.9213900000000002,1.92119,1.9213200000000001,166,8,0
2024-05-22 20:50:00,1.92131,1.9214799999999999,1.92113,1.92127,234,8,0
2024-05-22 20:55:00,1.92127,1.92136,1.9209,1.9209,305,8,0
2024-05-22 21:00:00,1.9211,1.9215900000000001,1.92039,1.9215900000000001,9,8,0
2024-05-22 21:05:00,1.9215900000000001,1.92164,1.92004,1.92164,52,63,0
2024-05-22 21:10:00,1.92164,1.92164,1.9212,1.92134,48,44,0
2024-05-22 21:15:00,1.92137,1.92154,1.9211200000000002,1.92118,70,50,0
2024-05-22 21:20:00,1.92118,1.92161,1.92118,1.92134,51,29,0
2024-05-22 21:25:00,1.92134,1.92157,1.92107,1.92107,84,42,0
2024-05-22 21:30:00,1.92111,1.9211399999999998,1.92048,1.92084,80,30,0
2024-05-22 21:35:00,1.92084,1.9214099999999998,1.92084,1.9213,123,28,0
2024-05-22 21:40:00,1.92133,1.9214,1.9210500000000001,1.92126,119,46,0
2024-05-22 21:45:00,1.92126,1.92144,1.92108,1.9214,124,46,0
2024-05-22 21:50:00,1.9214,1.92147,1.92118,1.92126,67,37,0
2024-05-22 21:55:00,1.92123,1.92134,1.92108,1.9212500000000001,95,27,0
2024-05-22 22:00:00,1.92131,1.92138,1.92068,1.92106,179,8,0
2024-05-22 22:05:00,1.92106,1.9213900000000002,1.92089,1.92134,93,13,0
2024-05-22 22:10:00,1.92134,1.92136,1.92122,1.92123,91,8,0
2024-05-22 22:15:00,1.92123,1.92134,1.92116,1.92123,77,8,0
2024-05-22 22:20:00,1.92123,1.9212500000000001,1.9207100000000001,1.92106,100,8,0
2024-05-22 22:25:00,1.92106,1.92115,1.92093,1.92097,88,8,0
2024-05-22 22:30:00,1.9209800000000001,1.92131,1.92083,1.92123,228,8,0
2024-05-22 22:35:00,1.92123,1.92123,1.92075,1.92076,210,8,0
2024-05-22 22:40:00,1.92076,1.92111,1.92066,1.92096,155,8,0
2024-05-22 22:45:00,1.92096,1.92099,1.92025,1.9202599999999999,326,8,0
2024-05-22 22:50:00,1.9202599999999999,1.9204400000000001,1.92,1.92035,178,8,0
2024-05-22 22:55:00,1.92035,1.9207100000000001,1.92028,1.92062,241,8,0
2024-05-22 23:00:00,1.92062,1.92079,1.9203999999999999,1.92062,221,8,0
2024-05-22 23:05:00,1.92062,1.92066,1.92043,1.92065,216,8,0
2024-05-22 23:10:00,1.92065,1.92104,1.9203700000000001,1.92102,287,8,0
2024-05-22 23:15:00,1.92102,1.92108,1.92088,1.9209100000000001,155,8,0
2024-05-22 23:20:00,1.9209100000000001,1.92095,1.92047,1.92047,150,8,0
2024-05-22 23:25:00,1.92047,1.92049,1.92023,1.92039,132,8,0
2024-05-22 23:30:00,1.92039,1.9205299999999998,1.92029,1.92049,90,8,0
2024-05-22 23:35:00,1.92047,1.92081,1.92038,1.9207999999999998,180,8,0
2024-05-22 23:40:00,1.9207999999999998,1.92103,1.9207100000000001,1.92085,187,8,0
2024-05-22 23:45:00,1.92088,1.92142,1.92086,1.92117,221,8,0
2024-05-22 23:50:00,1.92117,1.92163,1.92117,1.92158,250,8,0
2024-05-22 23:55:00,1.92157,1.92199,1.92154,1.9219300000000001,359,8,0
2024-05-23 00:00:00,1.9219300000000001,1.92211,1.921,1.92104,646,8,0
2024-05-23 00:05:00,1.92104,1.92137,1.92084,1.92089,536,8,0
2024-05-23 00:10:00,1.92089,1.92123,1.92073,1.92089,608,8,0
2024-05-23 00:15:00,1.92089,1.92119,1.92073,1.92081,596,8,0
2024-05-23 00:20:00,1.92081,1.92092,1.92056,1.9207800000000002,472,8,0
2024-05-23 00:25:00,1.92079,1.92086,1.92052,1.92077,431,8,0
2024-05-23 00:30:00,1.92077,1.92115,1.92068,1.92099,475,8,0
2024-05-23 00:35:00,1.92099,1.92117,1.92062,1.9211,387,8,0
2024-05-23 00:40:00,1.9211,1.9212799999999999,1.9209399999999999,1.92115,439,8,0
2024-05-23 00:45:00,1.92115,1.92115,1.9206699999999999,1.92108,377,8,0
2024-05-23 00:50:00,1.92108,1.9215900000000001,1.92108,1.92133,475,8,0
2024-05-23 00:55:00,1.9214,1.92226,1.92133,1.9220000000000002,616,8,0
2024-05-23 01:00:00,1.9220000000000002,1.92249,1.92183,1.92185,844,8,0
2024-05-23 01:05:00,1.92183,1.9218600000000001,1.92104,1.92107,628,8,0
2024-05-23 01:10:00,1.92107,1.9219,1.92106,1.9214099999999998,868,8,0
2024-05-23 01:15:00,1.9214099999999998,1.9224999999999999,1.92077,1.9223,944,8,0
2024-05-23 01:20:00,1.9223,1.9224700000000001,1.9213200000000001,1.92138,777,8,0
2024-05-23 01:25:00,1.92138,1.92241,1.9213200000000001,1.92241,768,8,0
2024-05-23 01:30:00,1.92241,1.92267,1.92171,1.92187,1049,8,0
2024-05-23 01:35:00,1.92187,1.92204,1.9213200000000001,1.9218600000000001,765,8,0
2024-05-23 01:40:00,1.9218600000000001,1.92214,1.92143,1.92187,819,8,0
2024-05-23 01:45:00,1.92185,1.92201,1.92151,1.9216199999999999,548,8,0
2024-05-23 01:50:00,1.9216199999999999,1.92176,1.9212799999999999,1.9213,458,8,0
2024-05-23 01:55:00,1.92131,1.92207,1.92117,1.92203,518,8,0
2024-05-23 02:00:00,1.9220199999999998,1.92252,1.92198,1.92242,702,8,0
2024-05-23 02:05:00,1.92242,1.9229699999999998,1.92232,1.92242,459,8,0
2024-05-23 02:10:00,1.92242,1.92271,1.92214,1.92217,553,8,0
2024-05-23 02:15:00,1.92217,1.92231,1.92196,1.92215,426,8,0
2024-05-23 02:20:00,1.92215,1.9221599999999999,1.9214799999999999,1.9215499999999999,582,8,0
2024-05-23 02:25:00,1.92158,1.9217300000000002,1.92108,1.9214099999999998,429,8,0
2024-05-23 02:30:00,1.9214099999999998,1.92171,1.92103,1.92161,564,8,0
2024-05-23 02:35:00,1.92161,1.92179,1.92134,1.9214,426,8,0
2024-05-23 02:40:00,1.9214,1.92149,1.92059,1.92089,494,8,0
2024-05-23 02:45:00,1.92089,1.9211200000000002,1.92063,1.9211,523,8,0
2024-05-23 02:50:00,1.92111,1.92131,1.92096,1.92124,352,8,0
2024-05-23 02:55:00,1.92123,1.92138,1.92108,1.92122,509,8,0
2024-05-23 03:00:00,1.92118,1.92172,1.9211200000000002,1.92124,549,8,0
2024-05-23 03:05:00,1.92124,1.92124,1.92018,1.92035,428,8,0
2024-05-23 03:10:00,1.92034,1.92041,1.92012,1.92016,386,8,0
2024-05-23 03:15:00,1.92016,1.9202599999999999,1.91993,1.92012,470,8,0
2024-05-23 03:20:00,1.92012,1.9205100000000002,1.92007,1.92049,350,8,0
2024-05-23 03:25:00,1.92049,1.9206400000000001,1.9203299999999999,1.92057,328,8,0
2024-05-23 03:30:00,1.92057,1.9209,1.9203700000000001,1.92062,371,8,0
2024-05-23 03:35:00,1.92062,1.92063,1.92007,1.92028,340,8,0
2024-05-23 03:40:00,1.92027,1.92027,1.9197199999999999,1.91987,332,8,0
2024-05-23 03:45:00,1.91987,1.91991,1.91963,1.9197899999999999,292,8,0
2024-05-23 03:50:00,1.9197899999999999,1.91991,1.91961,1.9197199999999999,385,8,0
2024-05-23 03:55:00,1.9197199999999999,1.91978,1.9194900000000001,1.91962,256,8,0
2024-05-23 04:00:00,1.91963,1.91966,1.9191099999999999,1.91946,372,8,0
2024-05-23 04:05:00,1.91946,1.9196499999999999,1.9191799999999999,1.91932,384,8,0
2024-05-23 04:10:00,1.91932,1.9198,1.9193099999999998,1.91977,312,8,0
2024-05-23 04:15:00,1.91977,1.91994,1.91962,1.91989,313,8,0
2024-05-23 04:20:00,1.91989,1.92016,1.9198499999999998,1.9199000000000002,279,8,0
2024-05-23 04:25:00,1.9199000000000002,1.91993,1.9197199999999999,1.9199199999999998,397,8,0
2024-05-23 04:30:00,1.91993,1.92027,1.91986,1.9201700000000002,371,8,0
2024-05-23 04:35:00,1.9201700000000002,1.92031,1.91995,1.92015,290,8,0
2024-05-23 04:40:00,1.92015,1.92025,1.91968,1.91978,204,8,0
2024-05-23 04:45:00,1.91978,1.9198,1.91953,1.9196499999999999,246,8,0
2024-05-23 04:50:00,1.9196499999999999,1.92021,1.91926,1.9201899999999998,351,8,0
2024-05-23 04:55:00,1.9201700000000002,1.92031,1.91993,1.9201700000000002,278,8,0
2024-05-23 05:00:00,1.9201700000000002,1.9203700000000001,1.91997,1.92022,349,8,0
2024-05-23 05:05:00,1.92022,1.92095,1.92021,1.92058,386,8,0
2024-05-23 05:10:00,1.92058,1.92063,1.9198300000000001,1.92,458,8,0
2024-05-23 05:15:00,1.9199899999999999,1.92014,1.9197,1.91971,355,8,0
2024-05-23 05:20:00,1.9197,1.9198,1.91947,1.91961,353,8,0
2024-05-23 05:25:00,1.91961,1.91995,1.91948,1.91994,327,8,0
2024-05-23 05:30:00,1.91994,1.92084,1.91994,1.92031,439,8,0
2024-05-23 05:35:00,1.92032,1.9205,1.9201000000000001,1.9204400000000001,424,8,0
2024-05-23 05:40:00,1.9204400000000001,1.9206699999999999,1.92012,1.92062,373,8,0
2024-05-23 05:45:00,1.92062,1.92082,1.92036,1.92075,419,8,0
2024-05-23 05:50:00,1.92075,1.92109,1.92052,1.9209800000000001,491,8,0
2024-05-23 05:55:00,1.9209800000000001,1.9216,1.92069,1.92138,613,8,0
2024-05-23 06:00:00,1.92138,1.92197,1.9212,1.92154,1022,8,0
2024-05-23 06:05:00,1.92154,1.92154,1.92054,1.92088,719,8,0
2024-05-23 06:10:00,1.92088,1.9211,1.92009,1.9203700000000001,657,8,0
2024-05-23 06:15:00,1.9203700000000001,1.92074,1.92027,1.9203000000000001,609,8,0
2024-05-23 06:20:00,1.92031,1.9207100000000001,1.9202,1.92041,686,8,0
2024-05-23 06:25:00,1.92041,1.92102,1.92039,1.92061,575,8,0
2024-05-23 06:30:00,1.92063,1.9206699999999999,1.92022,1.92045,610,8,0
2024-05-23 06:35:00,1.92045,1.92111,1.92035,1.92108,596,8,0
2024-05-23 06:40:00,1.92108,1.92143,1.92103,1.92126,634,8,0
2024-05-23 06:45:00,1.92126,1.92153,1.92106,1.92117,575,8,0
2024-05-23 06:50:00,1.92117,1.92137,1.92097,1.92122,415,8,0
2024-05-23 06:55:00,1.92122,1.9217499999999998,1.92118,1.92158,618,8,0
2024-05-23 07:00:00,1.92158,1.9220199999999998,1.92115,1.92197,901,8,0
2024-05-23 07:05:00,1.92196,1.92244,1.9215900000000001,1.92231,856,8,0
2024-05-23 07:10:00,1.92231,1.92266,1.92169,1.92187,882,8,0
2024-05-23 07:15:00,1.92185,1.9218600000000001,1.92102,1.92149,1497,8,0
2024-05-23 07:20:00,1.92149,1.92197,1.92115,1.92133,898,8,0
2024-05-23 07:25:00,1.92135,1.92135,1.9204400000000001,1.92075,935,8,0
2024-05-23 07:30:00,1.92075,1.92192,1.9207100000000001,1.9217,1320,8,0
2024-05-23 07:35:00,1.9217,1.9221300000000001,1.9215499999999999,1.92204,1186,8,0
2024-05-23 07:40:00,1.9220000000000002,1.92226,1.92171,1.92219,846,8,0
2024-05-23 07:45:00,1.92219,1.92296,1.92211,1.92264,913,8,0
2024-05-23 07:50:00,1.92264,1.9228399999999999,1.92244,1.92266,763,8,0
2024-05-23 07:55:00,1.92266,1.9227699999999999,1.9220000000000002,1.92212,808,8,0
2024-05-23 08:00:00,1.92215,1.92273,1.92207,1.92235,948,8,0
2024-05-23 08:05:00,1.92235,1.92264,1.92176,1.9221599999999999,949,8,0
2024-05-23 08:10:00,1.92215,1.9225400000000001,1.92195,1.9222700000000001,868,8,0
2024-05-23 08:15:00,1.9222700000000001,1.92258,1.92207,1.92207,620,8,0
2024-05-23 08:20:00,1.92207,1.92237,1.92179,1.92211,669,8,0
2024-05-23 08:25:00,1.92211,1.92255,1.92194,1.92194,684,8,0
2024-05-23 08:30:00,1.92194,1.92194,1.92082,1.9214799999999999,1198,8,0
2024-05-23 08:35:00,1.9214799999999999,1.92151,1.9203000000000001,1.92035,792,8,0
2024-05-23 08:40:00,1.92035,1.92043,1.92004,1.9201700000000002,695,8,0
2024-05-23 08:45:00,1.9201700000000002,1.92061,1.92012,1.9204400000000001,632,8,0
2024-05-23 08:50:00,1.92047,1.92061,1.9200599999999999,1.92018,581,8,0
2024-05-23 08:55:00,1.92018,1.92021,1.91917,1.9191799999999999,487,8,0
2024-05-23 09:00:00,1.9191799999999999,1.91941,1.91862,1.919,742,8,0
2024-05-23 09:05:00,1.919,1.919,1.91815,1.91855,784,8,0
2024-05-23 09:10:00,1.91856,1.9186100000000001,1.9177300000000002,1.9179,830,8,0
2024-05-23 09:15:00,1.9179,1.9179599999999999,1.9173,1.91744,760,8,0
2024-05-23 09:20:00,1.91744,1.91763,1.91718,1.91736,735,8,0
2024-05-23 09:25:00,1.91737,1.91777,1.91723,1.9175200000000001,696,8,0
2024-05-23 09:30:00,1.9175200000000001,1.91768,1.9171,1.9173499999999999,629,8,0
2024-05-23 09:35:00,1.9173499999999999,1.9173499999999999,1.91689,1.91696,618,8,0
2024-05-23 09:40:00,1.91696,1.91702,1.9165,1.91679,562,8,0
2024-05-23 09:45:00,1.91679,1.91718,1.91673,1.91703,554,8,0
2024-05-23 09:50:00,1.91703,1.91743,1.9169,1.91692,730,8,0
2024-05-23 09:55:00,1.91693,1.91706,1.91639,1.91647,847,8,0
2024-05-23 10:00:00,1.91647,1.9168699999999999,1.9163700000000001,1.9167800000000002,733,8,0
2024-05-23 10:05:00,1.9167800000000002,1.9170099999999999,1.9167100000000001,1.9167800000000002,431,8,0
2024-05-23 10:10:00,1.9167800000000002,1.9168699999999999,1.91627,1.91684,587,8,0
2024-05-23 10:15:00,1.91684,1.91716,1.9167800000000002,1.91697,526,8,0
2024-05-23 10:20:00,1.91697,1.91722,1.91666,1.9167800000000002,582,8,0
2024-05-23 10:25:00,1.91675,1.91711,1.91662,1.91688,600,8,0
2024-05-23 10:30:00,1.91688,1.9169100000000001,1.91654,1.9167,433,8,0
2024-05-23 10:35:00,1.9167,1.9171,1.91645,1.91688,596,8,0
2024-05-23 10:40:00,1.91688,1.91734,1.9168699999999999,1.91711,541,8,0
2024-05-23 10:45:00,1.91711,1.91718,1.91614,1.91618,565,8,0
2024-05-23 10:50:00,1.91618,1.91643,1.91594,1.91602,528,8,0
2024-05-23 10:55:00,1.91602,1.91646,1.916,1.9162599999999999,573,8,0
2024-05-23 11:00:00,1.91625,1.917,1.91612,1.9169399999999999,660,8,0
2024-05-23 11:05:00,1.9169399999999999,1.91724,1.91686,1.91695,647,8,0
2024-05-23 11:10:00,1.91695,1.91737,1.9167,1.91733,607,8,0
2024-05-23 11:15:00,1.9173200000000001,1.91794,1.9173200000000001,1.9178600000000001,688,8,0
2024-05-23 11:20:00,1.9178600000000001,1.9184,1.91778,1.91779,402,8,0
2024-05-23 11:25:00,1.91779,1.9179,1.91737,1.91785,419,8,0
2024-05-23 11:30:00,1.91785,1.91808,1.9173900000000001,1.9173900000000001,579,8,0
2024-05-23 11:35:00,1.9173900000000001,1.9173900000000001,1.91696,1.91696,669,8,0
2024-05-23 11:40:00,1.91696,1.91726,1.91689,1.9169,458,8,0
2024-05-23 11:45:00,1.9169,1.91768,1.91688,1.91763,420,8,0
2024-05-23 11:50:00,1.91763,1.91826,1.91753,1.9182000000000001,383,8,0
2024-05-23 11:55:00,1.9182000000000001,1.9186299999999998,1.9181300000000001,1.91831,757,8,0
2024-05-23 12:00:00,1.91833,1.91859,1.9179300000000001,1.91803,853,8,0
2024-05-23 12:05:00,1.91803,1.91803,1.9175200000000001,1.91753,717,8,0
2024-05-23 12:10:00,1.91753,1.91774,1.9173,1.91743,657,8,0
2024-05-23 12:15:00,1.91743,1.91778,1.91738,1.9175200000000001,830,8,0
2024-05-23 12:20:00,1.91756,1.91769,1.91707,1.91734,889,8,0
2024-05-23 12:25:00,1.91734,1.9174099999999998,1.9166699999999999,1.91688,625,8,0
2024-05-23 12:30:00,1.91658,1.91756,1.9163000000000001,1.91717,1282,8,0
2024-05-23 12:35:00,1.91717,1.9176199999999999,1.91683,1.91749,1294,8,0
2024-05-23 12:40:00,1.91749,1.9175200000000001,1.91655,1.91716,1147,8,0
2024-05-23 12:45:00,1.91716,1.91756,1.91702,1.91718,702,8,0
2024-05-23 12:50:00,1.91718,1.9175499999999999,1.91706,1.91745,1017,8,0
2024-05-23 12:55:00,1.9174600000000002,1.9175499999999999,1.9168699999999999,1.91702,1079,8,0
2024-05-23 13:00:00,1.91702,1.9172799999999999,1.91625,1.91625,1249,8,0
2024-05-23 13:05:00,1.91625,1.91636,1.9157,1.9161700000000002,1156,8,0
2024-05-23 13:10:00,1.91615,1.91625,1.91548,1.9155799999999998,1197,8,0
2024-05-23 13:15:00,1.9155799999999998,1.91655,1.9155600000000002,1.9161299999999999,1135,8,0
2024-05-23 13:20:00,1.9161299999999999,1.91631,1.9155799999999998,1.91566,979,8,0
2024-05-23 13:25:00,1.91566,1.9167,1.9155600000000002,1.9165100000000002,1007,8,0
2024-05-23 13:30:00,1.9165100000000002,1.91709,1.9163999999999999,1.91673,1514,8,0
2024-05-23 13:35:00,1.91676,1.9174099999999998,1.91641,1.91713,1461,8,0
2024-05-23 13:40:00,1.91713,1.91756,1.9163299999999999,1.9168699999999999,1176,8,0
2024-05-23 13:45:00,1.9166400000000001,1.9184999999999999,1.91657,1.91761,3184,8,0
2024-05-23 13:50:00,1.91758,1.91986,1.91753,1.91932,2340,8,0
2024-05-23 13:55:00,1.91932,1.91933,1.91784,1.91784,1517,8,0
2024-05-23 14:00:00,1.91787,1.91902,1.91689,1.9187400000000001,2195,8,0
2024-05-23 14:05:00,1.91872,1.9193099999999998,1.9184299999999999,1.91872,2154,8,0
2024-05-23 14:10:00,1.91873,1.9189,1.91669,1.91768,2410,8,0
2024-05-23 14:15:00,1.91768,1.91829,1.9175,1.91814,1904,8,0
2024-05-23 14:20:00,1.91814,1.91845,1.91738,1.9176,1872,8,0
2024-05-23 14:25:00,1.9175900000000001,1.91818,1.91749,1.91758,1640,8,0
2024-05-23 14:30:00,1.9175900000000001,1.91901,1.91758,1.91885,1677,8,0
2024-05-23 14:35:00,1.91887,1.91909,1.91808,1.91828,1505,8,0
2024-05-23 14:40:00,1.91828,1.91896,1.91828,1.9188399999999999,1434,8,0
2024-05-23 14:45:00,1.91883,1.91899,1.9182299999999999,1.9183,1292,8,0
2024-05-23 14:50:00,1.9183,1.9184700000000001,1.91783,1.91805,1322,8,0
2024-05-23 14:55:00,1.91805,1.9185400000000001,1.91769,1.9182700000000001,1339,8,0
2024-05-23 15:00:00,1.91826,1.9186100000000001,1.9178899999999999,1.9181599999999999,1485,8,0
2024-05-23 15:05:00,1.91817,1.9186100000000001,1.91764,1.91776,1392,8,0
2024-05-23 15:10:00,1.91776,1.91849,1.9175200000000001,1.9183400000000002,1136,8,0
2024-05-23 15:15:00,1.9183400000000002,1.9188100000000001,1.91799,1.91864,1280,8,0
2024-05-23 15:20:00,1.91864,1.91896,1.91842,1.91856,1052,8,0
2024-05-23 15:25:00,1.91856,1.9192200000000001,1.91849,1.9186999999999999,1062,8,0
2024-05-23 15:30:00,1.9186999999999999,1.9186999999999999,1.9182000000000001,1.91837,1209,8,0
2024-05-23 15:35:00,1.91837,1.9187699999999999,1.91769,1.91769,1157,8,0
2024-05-23 15:40:00,1.9177,1.9183,1.91744,1.9183,976,8,0
2024-05-23 15:45:00,1.9183,1.91831,1.91768,1.9177,724,8,0
2024-05-23 15:50:00,1.9177,1.9177499999999998,1.9173900000000001,1.9177499999999998,757,8,0
2024-05-23 15:55:00,1.9177499999999998,1.9186,1.91772,1.91859,944,8,0
2024-05-23 16:00:00,1.9185699999999999,1.91862,1.91787,1.9184,1019,8,0
2024-05-23 16:05:00,1.91842,1.91889,1.9182000000000001,1.9187400000000001,994,8,0
2024-05-23 16:10:00,1.91873,1.91914,1.91842,1.9191,1095,8,0
2024-05-23 16:15:00,1.9191,1.91934,1.91872,1.9189,1066,8,0
2024-05-23 16:20:00,1.9189,1.91906,1.91862,1.9188100000000001,1054,8,0
2024-05-23 16:25:00,1.9188100000000001,1.91906,1.9184999999999999,1.9190399999999999,800,8,0
2024-05-23 16:30:00,1.9190399999999999,1.91906,1.91844,1.9185400000000001,785,8,0
2024-05-23 16:35:00,1.91856,1.91889,1.91841,1.91885,831,8,0
2024-05-23 16:40:00,1.91885,1.91951,1.91876,1.91939,1103,8,0
2024-05-23 16:45:00,1.91939,1.9197600000000001,1.9191500000000001,1.9197600000000001,1011,8,0
2024-05-23 16:50:00,1.91975,1.9200599999999999,1.9196900000000001,1.9198499999999998,1024,8,0
2024-05-23 16:55:00,1.91987,1.92023,1.9196,1.92014,1013,8,0
2024-05-23 17:00:00,1.92014,1.92103,1.92004,1.92085,1142,8,0
2024-05-23 17:05:00,1.92084,1.92096,1.9206400000000001,1.92073,1112,8,0
2024-05-23 17:10:00,1.9207,1.92099,1.9205,1.92082,851,8,0
2024-05-23 17:15:00,1.92082,1.92158,1.92075,1.92145,1082,8,0
2024-05-23 17:20:00,1.92146,1.92154,1.92054,1.9207100000000001,1131,8,0
2024-05-23 17:25:00,1.9207100000000001,1.92111,1.92065,1.9211,1029,8,0
2024-05-23 17:30:00,1.92107,1.9211200000000002,1.92073,1.92082,983,8,0
2024-05-23 17:35:00,1.92082,1.92188,1.9207999999999998,1.92183,1303,8,0
2024-05-23 17:40:00,1.92183,1.92207,1.9215900000000001,1.92191,1279,8,0
2024-05-23 17:45:00,1.92191,1.92211,1.9216,1.9216600000000001,1089,8,0
2024-05-23 17:50:00,1.92167,1.9223,1.9215900000000001,1.92228,1298,8,0
2024-05-23 17:55:00,1.9222700000000001,1.92228,1.92156,1.9218600000000001,1287,8,0
2024-05-23 18:00:00,1.9218600000000001,1.92229,1.92174,1.92221,1173,8,0
2024-05-23 18:05:00,1.92221,1.9226999999999999,1.9219300000000001,1.92269,1294,8,0
2024-05-23 18:10:00,1.92269,1.92285,1.9224,1.92257,1233,8,0
2024-05-23 18:15:00,1.92258,1.92286,1.92217,1.92286,1295,8,0
2024-05-23 18:20:00,1.92285,1.9231,1.92262,1.9228800000000001,1382,8,0
2024-05-23 18:25:00,1.9228800000000001,1.92298,1.9224999999999999,1.92287,1115,8,0
2024-05-23 18:30:00,1.92287,1.92364,1.9228399999999999,1.92321,1051,8,0
2024-05-23 18:35:00,1.92321,1.92368,1.9231,1.92313,914,8,0
2024-05-23 18:40:00,1.92314,1.9232,1.92264,1.92286,1111,8,0
2024-05-23 18:45:00,1.92286,1.92307,1.92273,1.92286,859,8,0
2024-05-23 18:50:00,1.92287,1.9231,1.92268,1.92273,893,8,0
2024-05-23 18:55:00,1.92272,1.9227699999999999,1.92208,1.92211,984,8,0
2024-05-23 19:00:00,1.92211,1.92251,1.92203,1.9224999999999999,980,8,0
2024-05-23 19:05:00,1.9224999999999999,1.9226999999999999,1.92237,1.92238,960,8,0
2024-05-23 19:10:00,1.92238,1.92286,1.9223599999999998,1.92258,828,8,0
2024-05-23 19:15:00,1.92257,1.9226100000000002,1.9219,1.92197,938,8,0
2024-05-23 19:20:00,1.92195,1.9222000000000001,1.92184,1.9221300000000001,1045,8,0
2024-05-23 19:25:00,1.92212,1.92239,1.9220899999999999,1.92228,912,8,0
2024-05-23 19:30:00,1.92229,1.92239,1.92206,1.92229,995,8,0
2024-05-23 19:35:00,1.92231,1.92237,1.92197,1.92211,880,8,0
2024-05-23 19:40:00,1.92211,1.9223,1.92197,1.92211,856,8,0
2024-05-23 19:45:00,1.92211,1.9223599999999998,1.92205,1.92222,805,8,0
2024-05-23 19:50:00,1.92222,1.92224,1.92192,1.92199,898,8,0
2024-05-23 19:55:00,1.92199,1.9223599999999998,1.92199,1.92222,800,8,0
2024-05-23 20:00:00,1.92222,1.9224299999999999,1.9221599999999999,1.92233,469,8,0
2024-05-23 20:05:00,1.92233,1.92237,1.9220899999999999,1.92225,246,8,0
2024-05-23 20:10:00,1.92225,1.9224,1.92221,1.92235,235,8,0
2024-05-23 20:15:00,1.9223599999999998,1.9223599999999998,1.9221,1.92221,210,8,0
2024-05-23 20:20:00,1.92221,1.9223,1.92211,1.92229,128,8,0
2024-05-23 20:25:00,1.92229,1.9224,1.92224,1.92229,128,8,0
2024-05-23 20:30:00,1.92229,1.92242,1.92224,1.92225,177,8,0
2024-05-23 20:35:00,1.92225,1.92228,1.92217,1.92222,128,8,0
2024-05-23 20:40:00,1.92224,1.92224,1.92194,1.9222000000000001,142,8,0
2024-05-23 20:45:00,1.9222000000000001,1.9224299999999999,1.9221300000000001,1.92221,138,8,0
2024-05-23 20:50:00,1.92221,1.92235,1.9221599999999999,1.92228,209,8,0
2024-05-23 20:55:00,1.9222700000000001,1.92232,1.92196,1.92201,203,8,0
2024-05-23 21:00:00,1.92201,1.92201,1.92201,1.92201,1,22,0
2024-05-23 21:05:00,1.9207100000000001,1.92169,1.9207100000000001,1.9215900000000001,27,99,0
2024-05-23 21:10:00,1.92156,1.92169,1.9215,1.92168,40,92,0
2024-05-23 21:15:00,1.92168,1.92174,1.92106,1.92136,50,68,0
2024-05-23 21:20:00,1.92136,1.92145,1.92126,1.92135,41,77,0
2024-05-23 21:25:00,1.92135,1.92174,1.92135,1.92174,47,65,0
2024-05-23 21:30:00,1.92174,1.92185,1.92165,1.92176,55,49,0
2024-05-23 21:35:00,1.92176,1.92215,1.9216600000000001,1.92185,114,37,0
2024-05-23 21:40:00,1.92185,1.92217,1.92161,1.92198,276,37,0
2024-05-23 21:45:00,1.92198,1.92199,1.92151,1.92165,228,36,0
2024-05-23 21:50:00,1.92167,1.92231,1.92165,1.92199,161,27,0
2024-05-23 21:55:00,1.92196,1.92231,1.92188,1.92214,134,31,0
2024-05-23 22:00:00,1.92214,1.92231,1.9220199999999998,1.92203,96,10,0
2024-05-23 22:05:00,1.92203,1.92212,1.92181,1.92211,41,13,0
2024-05-23 22:10:00,1.92211,1.92219,1.92197,1.92211,68,9,0
2024-05-23 22:15:00,1.92211,1.9221300000000001,1.9220199999999998,1.92208,189,9,0
2024-05-23 22:20:00,1.92207,1.92214,1.9218899999999999,1.92196,194,8,0
2024-05-23 22:25:00,1.92196,1.9220000000000002,1.9217300000000002,1.92174,130,8,0
2024-05-23 22:30:00,1.92174,1.92201,1.92171,1.92198,159,8,0
2024-05-23 22:35:00,1.92198,1.9220899999999999,1.9218199999999999,1.92205,141,8,0
2024-05-23 22:40:00,1.92205,1.9220899999999999,1.9219,1.9219,80,8,0
2024-05-23 22:45:00,1.9219,1.92205,1.92181,1.92192,75,8,0
2024-05-23 22:50:00,1.92192,1.92212,1.92191,1.92212,58,8,0
2024-05-23 22:55:00,1.9221,1.92214,1.92179,1.9220199999999998,145,8,0
2024-05-23 23:00:00,1.9220199999999998,1.92215,1.9219,1.92199,151,8,0
2024-05-23 23:05:00,1.92199,1.92211,1.92195,1.92207,84,8,0
2024-05-23 23:10:00,1.92207,1.92214,1.92194,1.9221,127,8,0
2024-05-23 23:15:00,1.9221,1.92219,1.92145,1.92149,144,8,0
2024-05-23 23:20:00,1.92149,1.92195,1.92142,1.9218,206,8,0
2024-05-23 23:25:00,1.9218,1.92208,1.92176,1.92204,93,8,0
2024-05-23 23:30:00,1.92205,1.92229,1.92195,1.92198,439,8,0
2024-05-23 23:35:00,1.92198,1.92218,1.92191,1.9220899999999999,162,8,0
2024-05-23 23:40:00,1.9220899999999999,1.92217,1.9219,1.92196,173,8,0
2024-05-23 23:45:00,1.92196,1.92201,1.92171,1.92187,192,8,0
2024-05-23 23:50:00,1.92187,1.92239,1.92185,1.9223400000000002,271,8,0
2024-05-23 23:55:00,1.92235,1.92309,1.92232,1.92294,415,8,0
2024-05-24 00:00:00,1.92294,1.92309,1.9227400000000001,1.92303,565,8,0
2024-05-24 00:05:00,1.92302,1.92367,1.92282,1.92353,619,8,0
2024-05-24 00:10:00,1.92353,1.92412,1.92352,1.9235799999999998,691,8,0
2024-05-24 00:15:00,1.9235600000000002,1.92378,1.92336,1.9236900000000001,620,8,0
2024-05-24 00:20:00,1.92368,1.92384,1.9233,1.92351,706,8,0
2024-05-24 00:25:00,1.92352,1.92409,1.92351,1.9239000000000002,495,8,0
2024-05-24 00:30:00,1.9239000000000002,1.92438,1.92388,1.9242599999999999,567,8,0
2024-05-24 00:35:00,1.9242599999999999,1.9243299999999999,1.9238499999999998,1.92391,586,8,0
2024-05-24 00:40:00,1.92391,1.92418,1.9233,1.92334,471,8,0
2024-05-24 00:45:00,1.92334,1.92334,1.9228800000000001,1.92299,483,8,0
2024-05-24 00:50:00,1.92299,1.92317,1.92245,1.92305,813,8,0
2024-05-24 00:55:00,1.9230800000000001,1.92323,1.92275,1.92286,703,8,0
2024-05-24 01:00:00,1.92286,1.9230800000000001,1.92253,1.92266,804,8,0
2024-05-24 01:05:00,1.92267,1.9236499999999999,1.9226,1.9236,678,8,0
2024-05-24 01:10:00,1.92359,1.92384,1.92319,1.92334,829,8,0
2024-05-24 01:15:00,1.9233500000000001,1.92359,1.92257,1.9226,1012,8,0
2024-05-24 01:20:00,1.9226,1.92283,1.9220000000000002,1.92221,932,8,0
2024-05-24 01:25:00,1.92221,1.923,1.9221599999999999,1.92299,1039,8,0
2024-05-24 01:30:00,1.92299,1.9233799999999999,1.92268,1.92303,962,8,0
2024-05-24 01:35:00,1.92303,1.9234200000000001,1.92257,1.9226,850,8,0
2024-05-24 01:40:00,1.92258,1.923,1.92239,1.92276,807,8,0
2024-05-24 01:45:00,1.92276,1.92347,1.92267,1.92317,562,8,0
2024-05-24 01:50:00,1.9231500000000001,1.92359,1.9229500000000002,1.92352,698,8,0
2024-05-24 01:55:00,1.92352,1.92398,1.9235,1.92384,607,8,0
2024-05-24 02:00:00,1.92382,1.9242599999999999,1.92379,1.9240599999999999,556,8,0
2024-05-24 02:05:00,1.9240599999999999,1.9244599999999998,1.9239600000000001,1.9244400000000002,442,8,0
2024-05-24 02:10:00,1.92445,1.92455,1.92336,1.9237,721,8,0
2024-05-24 02:15:00,1.9237,1.9240599999999999,1.92364,1.9238300000000002,530,8,0
2024-05-24 02:20:00,1.92382,1.92424,1.9237199999999999,1.92421,359,8,0
2024-05-24 02:25:00,1.9241899999999998,1.9243999999999999,1.92401,1.9241000000000001,335,8,0
2024-05-24 02:30:00,1.9241000000000001,1.92463,1.92404,1.92427,539,8,0
2024-05-24 02:35:00,1.9242599999999999,1.92465,1.9242599999999999,1.9245700000000001,485,8,0
2024-05-24 02:40:00,1.92456,1.92492,1.9245100000000002,1.92472,450,8,0
2024-05-24 02:45:00,1.92472,1.92479,1.92425,1.9245999999999999,485,8,0
2024-05-24 02:50:00,1.9245999999999999,1.92466,1.92398,1.9239899999999999,565,8,0
2024-05-24 02:55:00,1.9239899999999999,1.92421,1.9237600000000001,1.9241700000000002,403,8,0
2024-05-24 03:00:00,1.9241700000000002,1.9243000000000001,1.92404,1.92404,530,8,0
2024-05-24 03:05:00,1.92404,1.92431,1.92395,1.92409,502,8,0
2024-05-24 03:10:00,1.92409,1.92438,1.92398,1.92416,445,8,0
2024-05-24 03:15:00,1.92416,1.9243299999999999,1.9240599999999999,1.92408,379,8,0
2024-05-24 03:20:00,1.92408,1.9243999999999999,1.92407,1.92413,501,8,0
2024-05-24 03:25:00,1.92413,1.92441,1.9241000000000001,1.9241700000000002,336,8,0
2024-05-24 03:30:00,1.92418,1.92435,1.924,1.92424,310,8,0
2024-05-24 03:35:00,1.92423,1.92445,1.92416,1.92441,356,8,0
2024-05-24 03:40:00,1.92441,1.92456,1.9241700000000002,1.92423,342,8,0
2024-05-24 03:45:00,1.92423,1.9243299999999999,1.92398,1.9241000000000001,263,8,0
2024-05-24 03:50:00,1.92408,1.92416,1.92381,1.92381,312,8,0
2024-05-24 03:55:00,1.9238,1.92384,1.92337,1.92361,347,8,0
2024-05-24 04:00:00,1.92361,1.92381,1.92351,1.92355,235,8,0
2024-05-24 04:05:00,1.92355,1.92362,1.9233099999999999,1.92359,404,8,0
2024-05-24 04:10:00,1.92359,1.92362,1.9229500000000002,1.92305,415,8,0
2024-05-24 04:15:00,1.92305,1.9233500000000001,1.92289,1.92317,261,8,0
2024-05-24 04:20:00,1.92318,1.9232,1.9228399999999999,1.92285,247,8,0
2024-05-24 04:25:00,1.9228399999999999,1.92305,1.92282,1.92296,209,8,0
2024-05-24 04:30:00,1.92296,1.92318,1.92292,1.92312,205,8,0
2024-05-24 04:35:00,1.9231099999999999,1.9233,1.9229500000000002,1.92316,314,8,0
2024-05-24 04:40:00,1.92316,1.9232,1.92283,1.92298,265,8,0
2024-05-24 04:45:00,1.92298,1.92309,1.92294,1.923,221,8,0
2024-05-24 04:50:00,1.923,1.92307,1.9225400000000001,1.92272,295,8,0
2024-05-24 04:55:00,1.92272,1.9227699999999999,1.92246,1.92246,200,8,0
2024-05-24 05:00:00,1.92246,1.92257,1.9223,1.92244,387,8,0
2024-05-24 05:05:00,1.92244,1.92262,1.92232,1.92235,368,8,0
2024-05-24 05:10:00,1.92235,1.92242,1.9222000000000001,1.92228,260,8,0
2024-05-24 05:15:00,1.92228,1.92264,1.92226,1.92262,307,8,0
2024-05-24 05:20:00,1.92262,1.92266,1.92242,1.92248,176,8,0
2024-05-24 05:25:00,1.92248,1.92294,1.9224299999999999,1.92294,278,8,0
2024-05-24 05:30:00,1.92294,1.92312,1.92275,1.923,502,8,0
2024-05-24 05:35:00,1.923,1.9235,1.92293,1.9234900000000001,419,8,0
2024-05-24 05:40:00,1.9234900000000001,1.92367,1.9232200000000002,1.9236,435,8,0
2024-05-24 05:45:00,1.9236,1.92398,1.9234,1.92354,463,8,0
2024-05-24 05:50:00,1.92353,1.9235600000000002,1.92282,1.92293,324,8,0
2024-05-24 05:55:00,1.9229500000000002,1.9229699999999998,1.92195,1.92251,534,8,0
2024-05-24 06:00:00,1.92248,1.92273,1.92048,1.92267,1100,8,0
2024-05-24 06:05:00,1.92267,1.92275,1.9222000000000001,1.9226299999999998,888,8,0
2024-05-24 06:10:00,1.9226299999999998,1.9228100000000001,1.92185,1.9223400000000002,824,8,0
2024-05-24 06:15:00,1.9223400000000002,1.92262,1.92221,1.92253,696,8,0
2024-05-24 06:20:00,1.92253,1.92313,1.92246,1.92306,423,8,0
2024-05-24 06:25:00,1.92306,1.9233,1.92271,1.9229,666,8,0
2024-05-24 06:30:00,1.9229,1.92323,1.92256,1.9227400000000001,849,8,0
2024-05-24 06:35:00,1.9227400000000001,1.92326,1.9226100000000002,1.9230800000000001,757,8,0
2024-05-24 06:40:00,1.9230800000000001,1.92341,1.9226,1.9231099999999999,878,8,0
2024-05-24 06:45:00,1.9231,1.92325,1.9229,1.923,795,8,0
2024-05-24 06:50:00,1.923,1.92328,1.92287,1.92317,716,8,0
2024-05-24 06:55:00,1.92318,1.92353,1.92309,1.92351,762,8,0
2024-05-24 07:00:00,1.92351,1.92424,1.9233,1.92411,1036,8,0
2024-05-24 07:05:00,1.92411,1.92439,1.9239899999999999,1.92418,771,8,0
2024-05-24 07:10:00,1.92418,1.92438,1.92371,1.92379,810,8,0
2024-05-24 07:15:00,1.92379,1.92393,1.9233500000000001,1.92344,750,8,0
2024-05-24 07:20:00,1.92344,1.92355,1.92299,1.92325,660,8,0
2024-05-24 07:25:00,1.92325,1.92351,1.9227400000000001,1.92313,590,8,0
2024-05-24 07:30:00,1.92313,1.9236,1.9230399999999999,1.92321,686,8,0
2024-05-24 07:35:00,1.92321,1.92389,1.92306,1.9238,608,8,0
2024-05-24 07:40:00,1.9238,1.9241000000000001,1.92352,1.9238,711,8,0
2024-05-24 07:45:00,1.9238,1.9238,1.92302,1.92303,600,8,0
2024-05-24 07:50:00,1.92303,1.92316,1.92251,1.9225400000000001,785,8,0
2024-05-24 07:55:00,1.9225400000000001,1.92257,1.92204,1.92221,673,8,0
2024-05-24 08:00:00,1.92221,1.92313,1.9220899999999999,1.92286,857,8,0
2024-05-24 08:05:00,1.92291,1.9229500000000002,1.92212,1.9223,552,8,0
2024-05-24 08:10:00,1.9223,1.92235,1.92164,1.9217300000000002,459,8,0
2024-05-24 08:15:00,1.9217300000000002,1.9223599999999998,1.9213,1.92233,606,8,0
2024-05-24 08:20:00,1.92233,1.9229699999999998,1.9222299999999999,1.92292,603,8,0
2024-05-24 08:25:00,1.92292,1.9231,1.92253,1.9226100000000002,502,8,0
2024-05-24 08:30:00,1.9226100000000002,1.9227400000000001,1.92168,1.92184,641,8,0
2024-05-24 08:35:00,1.92184,1.92197,1.9214,1.92149,575,8,0
2024-05-24 08:40:00,1.92149,1.92191,1.9213,1.9218600000000001,703,8,0
2024-05-24 08:45:00,1.9218600000000001,1.9222000000000001,1.92163,1.92171,616,8,0
2024-05-24 08:50:00,1.92171,1.9218199999999999,1.92134,1.92149,773,8,0
2024-05-24 08:55:00,1.92149,1.92163,1.9212,1.92145,882,8,0
2024-05-24 09:00:00,1.92145,1.9217,1.92142,1.92158,774,8,0
2024-05-24 09:05:00,1.92158,1.9216,1.9213200000000001,1.92142,428,8,0
2024-05-24 09:10:00,1.92142,1.92172,1.92136,1.92156,360,8,0
2024-05-24 09:15:00,1.92154,1.92163,1.92137,1.92157,494,8,0
2024-05-24 09:20:00,1.92157,1.92203,1.9215499999999999,1.9217300000000002,531,8,0
2024-05-24 09:25:00,1.9217300000000002,1.9220199999999998,1.92169,1.9219,583,8,0
2024-05-24 09:30:00,1.9219,1.92206,1.92171,1.92181,488,8,0
2024-05-24 09:35:00,1.92181,1.92201,1.9215499999999999,1.92157,602,8,0
2024-05-24 09:40:00,1.92157,1.92178,1.9214,1.92147,453,8,0
2024-05-24 09:45:00,1.92146,1.92168,1.92143,1.9215900000000001,522,8,0
2024-05-24 09:50:00,1.9215900000000001,1.9220000000000002,1.92145,1.92199,535,8,0
2024-05-24 09:55:00,1.92199,1.9222000000000001,1.9218899999999999,1.9219,532,8,0
2024-05-24 10:00:00,1.9219,1.9220899999999999,1.9217300000000002,1.92194,496,8,0
2024-05-24 10:05:00,1.92194,1.92199,1.92137,1.9213900000000002,561,8,0
2024-05-24 10:10:00,1.9213900000000002,1.9218,1.92137,1.92153,487,8,0
2024-05-24 10:15:00,1.92153,1.9217300000000002,1.92126,1.92172,507,8,0
2024-05-24 10:20:00,1.92172,1.92211,1.9215900000000001,1.9220000000000002,487,8,0
2024-05-24 10:25:00,1.9220000000000002,1.92219,1.92176,1.9221300000000001,527,8,0
2024-05-24 10:30:00,1.9221300000000001,1.92244,1.92205,1.9221599999999999,525,8,0
2024-05-24 10:35:00,1.9221599999999999,1.92259,1.92215,1.92222,527,8,0
2024-05-24 10:40:00,1.92222,1.92237,1.9215900000000001,1.9219300000000001,589,8,0
2024-05-24 10:45:00,1.9219300000000001,1.92215,1.9216600000000001,1.92211,495,8,0
2024-05-24 10:50:00,1.9221,1.92268,1.92183,1.92231,576,8,0
2024-05-24 10:55:00,1.92231,1.92307,1.92231,1.92283,528,8,0
2024-05-24 11:00:00,1.92282,1.92294,1.9224700000000001,1.92248,651,8,0
2024-05-24 11:05:00,1.92248,1.92279,1.92248,1.92258,521,8,0
2024-05-24 11:10:00,1.92258,1.92289,1.92244,1.92273,517,8,0
2024-05-24 11:15:00,1.92273,1.9228100000000001,1.9224,1.92257,544,8,0
2024-05-24 11:20:00,1.92256,1.9226,1.9221599999999999,1.92229,514,8,0
2024-05-24 11:25:00,1.92229,1.9224700000000001,1.92201,1.9224,593,8,0
2024-05-24 11:30:00,1.92241,1.92272,1.92225,1.92271,474,8,0
2024-05-24 11:35:00,1.92272,1.9229,1.92257,1.92275,417,8,0
2024-05-24 11:40:00,1.92275,1.92286,1.92242,1.9226999999999999,396,8,0
2024-05-24 11:45:00,1.9226999999999999,1.9228800000000001,1.92217,1.9222000000000001,543,8,0
2024-05-24 11:50:00,1.9222000000000001,1.92251,1.9221599999999999,1.92246,468,8,0
2024-05-24 11:55:00,1.92246,1.9229500000000002,1.92241,1.9226,527,8,0
2024-05-24 12:00:00,1.9226,1.9234,1.92246,1.92323,873,8,0
2024-05-24 12:05:00,1.92323,1.92336,1.923,1.9233099999999999,727,8,0
2024-05-24 12:10:00,1.92332,1.9235600000000002,1.9232200000000002,1.9232200000000002,812,8,0
2024-05-24 12:15:00,1.92319,1.9232200000000002,1.92238,1.92283,811,8,0
2024-05-24 12:20:00,1.92283,1.9231500000000001,1.92264,1.92302,996,8,0
2024-05-24 12:25:00,1.92302,1.9232399999999998,1.92286,1.92287,542,8,0
2024-05-24 12:30:00,1.92287,1.92355,1.92231,1.92265,1542,8,0
2024-05-24 12:35:00,1.92265,1.92283,1.92238,1.92251,1193,8,0
2024-05-24 12:40:00,1.9224999999999999,1.92251,1.92185,1.92212,1105,8,0
2024-05-24 12:45:00,1.92212,1.9224700000000001,1.9218600000000001,1.9218600000000001,1095,8,0
2024-05-24 12:50:00,1.9218600000000001,1.9224299999999999,1.92164,1.92232,962,8,0
2024-05-24 12:55:00,1.92232,1.92262,1.9221300000000001,1.9224700000000001,1028,8,0
2024-05-24 13:00:00,1.9224700000000001,1.92278,1.9221,1.9226299999999998,1342,8,0
2024-05-24 13:05:00,1.9226299999999998,1.92303,1.9226100000000002,1.92278,1058,8,0
2024-05-24 13:10:00,1.92278,1.9229,1.92246,1.9226299999999998,998,8,0
2024-05-24 13:15:00,1.9226299999999998,1.92312,1.92252,1.92298,1035,8,0
2024-05-24 13:20:00,1.92298,1.92359,1.92285,1.92353,989,8,0
2024-05-24 13:25:00,1.92353,1.92373,1.92339,1.92347,1064,8,0
2024-05-24 13:30:00,1.92347,1.9234900000000001,1.92287,1.92332,1375,8,0
2024-05-24 13:35:00,1.92332,1.92337,1.92257,1.92334,1207,8,0
2024-05-24 13:40:00,1.92333,1.92336,1.9224700000000001,1.92252,1115,8,0
2024-05-24 13:45:00,1.92252,1.92323,1.92226,1.9228,1148,8,0
2024-05-24 13:50:00,1.9228,1.92301,1.92238,1.92282,1033,8,0
2024-05-24 13:55:00,1.92282,1.9232399999999998,1.9224299999999999,1.92293,908,8,0
2024-05-24 14:00:00,1.9231099999999999,1.9232900000000002,1.92149,1.92171,1938,8,0
2024-05-24 14:05:00,1.92171,1.92178,1.92135,1.9216,1525,8,0
2024-05-24 14:10:00,1.9216,1.92163,1.92093,1.9212099999999999,1359,8,0
2024-05-24 14:15:00,1.9212099999999999,1.92142,1.92015,1.9201700000000002,1122,8,0
2024-05-24 14:20:00,1.92015,1.9202599999999999,1.91975,1.9201700000000002,1050,8,0
2024-05-24 14:25:00,1.9201700000000002,1.92134,1.9201700000000002,1.92113,1068,8,0
2024-05-24 14:30:00,1.92113,1.92131,1.9206400000000001,1.92086,1061,8,0
2024-05-24 14:35:00,1.92085,1.9212,1.92075,1.9211,956,8,0
2024-05-24 14:40:00,1.9211,1.92258,1.9211,1.92246,901,8,0
2024-05-24 14:45:00,1.92246,1.92256,1.92183,1.92201,1060,8,0
2024-05-24 14:50:00,1.9220000000000002,1.9220899999999999,1.92099,1.92136,1090,8,0
2024-05-24 14:55:00,1.92136,1.92167,1.92096,1.9215900000000001,1055,8,0
2024-05-24 15:00:00,1.9215900000000001,1.9217499999999998,1.92079,1.92103,1243,8,0
2024-05-24 15:05:00,1.92103,1.92168,1.92072,1.92144,1100,8,0
2024-05-24 15:10:00,1.92146,1.9215499999999999,1.92116,1.92135,795,8,0
2024-05-24 15:15:00,1.92135,1.92221,1.9211,1.92218,756,8,0
2024-05-24 15:20:00,1.92218,1.9223400000000002,1.9220000000000002,1.92215,725,8,0
2024-05-24 15:25:00,1.92215,1.92235,1.9220199999999998,1.9221,695,8,0
2024-05-24 15:30:00,1.9221,1.9223400000000002,1.92199,1.92222,805,8,0
2024-05-24 15:35:00,1.92222,1.9229699999999998,1.9222000000000001,1.92269,1251,8,0
2024-05-24 15:40:00,1.92269,1.9228100000000001,1.9220199999999998,1.92214,906,8,0
2024-05-24 15:45:00,1.92212,1.9230800000000001,1.92212,1.923,867,8,0
2024-05-24 15:50:00,1.923,1.92305,1.92245,1.92245,761,8,0
2024-05-24 15:55:00,1.9224299999999999,1.9230800000000001,1.9223599999999998,1.9230800000000001,862,8,0
2024-05-24 16:00:00,1.9230800000000001,1.92339,1.9228800000000001,1.92292,801,8,0
2024-05-24 16:05:00,1.92292,1.92299,1.92252,1.92268,727,8,0
2024-05-24 16:10:00,1.92268,1.9226999999999999,1.92207,1.92225,819,8,0
2024-05-24 16:15:00,1.9222299999999999,1.92226,1.92192,1.92206,727,8,0
2024-05-24 16:20:00,1.92205,1.9221,1.92131,1.9215200000000001,690,8,0
2024-05-24 16:25:00,1.92154,1.92158,1.92088,1.92124,912,8,0
2024-05-24 16:30:00,1.92124,1.92178,1.92122,1.92154,695,8,0
2024-05-24 16:35:00,1.92154,1.9217,1.9213,1.9214099999999998,708,8,0
2024-05-24 16:40:00,1.9214099999999998,1.9215900000000001,1.92104,1.92109,470,8,0
2024-05-24 16:45:00,1.9211,1.92138,1.921,1.9210099999999999,599,8,0
2024-05-24 16:50:00,1.9210099999999999,1.9211200000000002,1.9207,1.9207800000000002,688,8,0
2024-05-24 16:55:00,1.9207800000000002,1.92103,1.92054,1.92081,781,8,0
2024-05-24 17:00:00,1.92082,1.92083,1.9205100000000002,1.92081,574,8,0
2024-05-24 17:05:00,1.92081,1.92123,1.9207100000000001,1.92116,463,8,0
2024-05-24 17:10:00,1.92116,1.92129,1.92093,1.92113,525,8,0
2024-05-24 17:15:00,1.92113,1.92117,1.9208699999999999,1.9209,586,8,0
2024-05-24 17:20:00,1.9209,1.92102,1.9206699999999999,1.92073,442,8,0
2024-05-24 17:25:00,1.92073,1.9211200000000002,1.92062,1.92106,561,8,0
2024-05-24 17:30:00,1.92106,1.9211399999999998,1.92096,1.92111,656,8,0
2024-05-24 17:35:00,1.92111,1.92119,1.9209399999999999,1.9210500000000001,434,8,0
2024-05-24 17:40:00,1.92106,1.92126,1.9209,1.9209100000000001,572,8,0
2024-05-24 17:45:00,1.9209100000000001,1.92093,1.92068,1.9207100000000001,549,8,0
2024-05-24 17:50:00,1.92072,1.92079,1.92036,1.92045,645,8,0
2024-05-24 17:55:00,1.92045,1.92077,1.92039,1.92057,800,8,0
2024-05-24 18:00:00,1.92057,1.92073,1.92023,1.92034,536,8,0
2024-05-24 18:05:00,1.92034,1.9209100000000001,1.92032,1.92061,458,8,0
2024-05-24 18:10:00,1.92061,1.92095,1.9205999999999999,1.9207100000000001,564,8,0
2024-05-24 18:15:00,1.92072,1.92076,1.9205,1.92056,586,9,0
2024-05-24 18:20:00,1.92056,1.9210500000000001,1.92056,1.921,696,8,0
2024-05-24 18:25:00,1.921,1.9212,1.92077,1.92118,525,8,0
2024-05-24 18:30:00,1.92118,1.9212099999999999,1.9208699999999999,1.92116,707,8,0
2024-05-24 18:35:00,1.92116,1.92127,1.9209800000000001,1.921,563,8,0
2024-05-24 18:40:00,1.921,1.9210500000000001,1.9209,1.9209399999999999,551,8,0
2024-05-24 18:45:00,1.92095,1.9210099999999999,1.92088,1.92088,290,8,0
2024-05-24 18:50:00,1.92089,1.92123,1.92089,1.92118,506,8,0
2024-05-24 18:55:00,1.92118,1.92136,1.92097,1.92118,433,8,0
2024-05-24 19:00:00,1.92118,1.92171,1.9211399999999998,1.92138,817,8,0
2024-05-24 19:05:00,1.92138,1.9214099999999998,1.9209,1.9209800000000001,573,8,0
2024-05-24 19:10:00,1.92099,1.92106,1.9207999999999998,1.9209100000000001,434,8,0
2024-05-24 19:15:00,1.92092,1.9211,1.9207999999999998,1.92089,308,8,0
2024-05-24 19:20:00,1.92089,1.92107,1.9208699999999999,1.92104,326,8,0
2024-05-24 19:25:00,1.92104,1.9211399999999998,1.92093,1.92103,363,8,0
2024-05-24 19:30:00,1.92103,1.9211,1.92085,1.92095,399,8,0
2024-05-24 19:35:00,1.92095,1.9212099999999999,1.9209,1.92092,473,8,0
2024-05-24 19:40:00,1.92092,1.92144,1.9209,1.92129,375,8,0
2024-05-24 19:45:00,1.9212799999999999,1.92154,1.92108,1.92151,433,8,0
2024-05-24 19:50:00,1.92151,1.92151,1.92129,1.92133,383,8,0
2024-05-24 19:55:00,1.92134,1.9216199999999999,1.92126,1.92156,549,8,0
2024-05-24 20:00:00,1.92154,1.92157,1.9213900000000002,1.92147,320,8,0
2024-05-24 20:05:00,1.92147,1.92158,1.92142,1.9214799999999999,213,8,0
2024-05-24 20:10:00,1.9214799999999999,1.92154,1.9212,1.9212500000000001,242,8,0
2024-05-24 20:15:00,1.9212500000000001,1.92134,1.92103,1.92111,297,8,0
2024-05-24 20:20:00,1.92111,1.92122,1.92103,1.92115,188,8,0
2024-05-24 20:25:00,1.92116,1.9213200000000001,1.92108,1.9213200000000001,207,8,0
2024-05-24 20:30:00,1.9213200000000001,1.92145,1.9212500000000001,1.92138,153,8,0
2024-05-24 20:35:00,1.92138,1.92156,1.92134,1.9214799999999999,131,8,0
2024-05-24 20:40:00,1.9215,1.9216199999999999,1.92138,1.92151,185,8,0
2024-05-24 20:45:00,1.92151,1.92163,1.92134,1.92138,227,9,0
2024-05-24 20:50:00,1.92138,1.92142,1.9212099999999999,1.92135,463,9,0
2024-05-26 21:05:00,1.9200300000000001,1.9217300000000002,1.9200300000000001,1.92151,52,114,0
2024-05-26 21:10:00,1.92151,1.92183,1.92149,1.92158,38,104,0
2024-05-26 21:15:00,1.92158,1.92163,1.92135,1.9215200000000001,27,109,0
2024-05-26 21:20:00,1.9215200000000001,1.9215200000000001,1.92118,1.9212799999999999,19,132,0
2024-05-26 21:25:00,1.9212799999999999,1.92129,1.9211200000000002,1.92115,16,120,0
2024-05-26 21:30:00,1.92108,1.9213900000000002,1.9210099999999999,1.92119,38,91,0
2024-05-26 21:35:00,1.92119,1.9214099999999998,1.92117,1.92138,41,70,0
2024-05-26 21:40:00,1.92136,1.92149,1.92119,1.92134,37,68,0
2024-05-26 21:45:00,1.92134,1.92147,1.92118,1.9212799999999999,25,75,0
2024-05-26 21:50:00,1.9212799999999999,1.92154,1.92109,1.92154,32,64,0
2024-05-26 21:55:00,1.92154,1.9217300000000002,1.92131,1.92165,30,60,0
2024-05-26 22:00:00,1.92169,1.92169,1.9212799999999999,1.9212799999999999,214,21,0
2024-05-26 22:05:00,1.9212799999999999,1.92131,1.92055,1.92077,47,17,0
2024-05-26 22:10:00,1.92077,1.92113,1.9207100000000001,1.92088,127,18,0
2024-05-26 22:15:00,1.92088,1.92097,1.92066,1.92073,99,16,0
2024-05-26 22:20:00,1.92073,1.9209,1.9206699999999999,1.92086,78,15,0
2024-05-26 22:25:00,1.92086,1.9210500000000001,1.92077,1.9210099999999999,88,8,0
2024-05-26 22:30:00,1.9210099999999999,1.9211399999999998,1.9207999999999998,1.92089,119,8,0
2024-05-26 22:35:00,1.92088,1.92089,1.92062,1.92083,100,8,0
2024-05-26 22:40:00,1.92082,1.921,1.9207800000000002,1.92092,112,8,0
2024-05-26 22:45:00,1.9209100000000001,1.92093,1.92077,1.9207800000000002,93,9,0
2024-05-26 22:50:00,1.92079,1.9209,1.9206699999999999,1.9208699999999999,112,8,0
2024-05-26 22:55:00,1.9208699999999999,1.9213,1.92085,1.92122,79,11,0
2024-05-26 23:00:00,1.9212500000000001,1.9215499999999999,1.9212,1.92154,297,8,0
2024-05-26 23:05:00,1.92154,1.92167,1.9213900000000002,1.92164,241,8,0
2024-05-26 23:10:00,1.92164,1.9218,1.9215900000000001,1.92172,197,8,0
2024-05-26 23:15:00,1.92172,1.92176,1.92157,1.92172,105,8,0
2024-05-26 23:20:00,1.92172,1.9220000000000002,1.92172,1.92194,157,8,0
2024-05-26 23:25:00,1.92194,1.92215,1.92191,1.92211,136,8,0
2024-05-26 23:30:00,1.9221,1.92237,1.9221,1.92221,124,8,0
2024-05-26 23:35:00,1.92221,1.92242,1.9222000000000001,1.92242,167,8,0
2024-05-26 23:40:00,1.92242,1.92262,1.92222,1.92248,194,8,0
2024-05-26 23:45:00,1.92248,1.9225400000000001,1.92241,1.92241,107,8,0
2024-05-26 23:50:00,1.92241,1.92242,1.9222299999999999,1.9222700000000001,148,8,0
2024-05-26 23:55:00,1.92226,1.92282,1.92225,1.92275,346,8,0
2024-05-27 00:00:00,1.9227400000000001,1.92292,1.92232,1.92241,538,8,0
2024-05-27 00:05:00,1.92241,1.92241,1.92176,1.92184,299,8,0
2024-05-27 00:10:00,1.92183,1.92237,1.92172,1.9220199999999998,406,8,0
2024-05-27 00:15:00,1.9220199999999998,1.9221,1.9219300000000001,1.92198,330,8,0
2024-05-27 00:20:00,1.92199,1.92225,1.92185,1.92214,325,8,0
2024-05-27 00:25:00,1.9221300000000001,1.9222700000000001,1.9218899999999999,1.92196,284,8,0
2024-05-27 00:30:00,1.92196,1.92238,1.92187,1.92187,323,8,0
2024-05-27 00:35:00,1.92187,1.92203,1.92153,1.9217,280,8,0
2024-05-27 00:40:00,1.92169,1.92194,1.92164,1.92177,206,8,0
2024-05-27 00:45:00,1.92177,1.9218899999999999,1.92151,1.92151,262,8,0
2024-05-27 00:50:00,1.92151,1.9219,1.9213,1.9219,354,8,0
2024-05-27 00:55:00,1.92195,1.92195,1.9212,1.92144,464,8,0
2024-05-27 01:00:00,1.92144,1.92149,1.92082,1.92097,508,8,0
2024-05-27 01:05:00,1.92097,1.92136,1.92095,1.9212099999999999,347,8,0
2024-05-27 01:10:00,1.92123,1.92145,1.92075,1.92079,440,8,0
2024-05-27 01:15:00,1.92079,1.9217,1.92075,1.9215,469,8,0
2024-05-27 01:20:00,1.9215,1.9221300000000001,1.92149,1.92165,527,8,0
2024-05-27 01:25:00,1.92164,1.92195,1.9212500000000001,1.92133,353,8,0
2024-05-27 01:30:00,1.9213,1.9213200000000001,1.92069,1.92117,603,8,0
2024-05-27 01:35:00,1.92117,1.92164,1.92065,1.92066,591,8,0
2024-05-27 01:40:00,1.92066,1.9210099999999999,1.9205100000000002,1.9206699999999999,537,8,0
2024-05-27 01:45:00,1.9206699999999999,1.92086,1.92029,1.92056,490,8,0
2024-05-27 01:50:00,1.92057,1.92073,1.9200599999999999,1.92009,414,8,0
2024-05-27 01:55:00,1.92009,1.92043,1.9199199999999998,1.92002,519,8,0
2024-05-27 02:00:00,1.92002,1.92018,1.91982,1.91987,438,8,0
2024-05-27 02:05:00,1.91987,1.92034,1.91975,1.92034,356,8,0
2024-05-27 02:10:00,1.92034,1.9207800000000002,1.92034,1.9206400000000001,372,8,0
2024-05-27 02:15:00,1.92065,1.9207100000000001,1.92039,1.92045,329,8,0
2024-05-27 02:20:00,1.92045,1.92095,1.92042,1.92058,350,8,0
2024-05-27 02:25:00,1.92058,1.9208699999999999,1.9204599999999998,1.92083,297,8,0
2024-05-27 02:30:00,1.92083,1.92085,1.92049,1.92063,376,8,0
2024-05-27 02:35:00,1.92063,1.92082,1.92045,1.9205299999999998,351,8,0
2024-05-27 02:40:00,1.9205299999999998,1.92089,1.92041,1.9207999999999998,274,8,0
2024-05-27 02:45:00,1.9207999999999998,1.92092,1.9205100000000002,1.9207999999999998,426,8,0
2024-05-27 02:50:00,1.9207999999999998,1.92084,1.92038,1.92052,319,8,0
2024-05-27 02:55:00,1.92052,1.9206699999999999,1.92034,1.9206699999999999,273,8,0
2024-05-27 03:00:00,1.9206699999999999,1.92073,1.92042,1.9205999999999999,343,8,0
2024-05-27 03:05:00,1.9205999999999999,1.92077,1.9203999999999999,1.92066,395,8,0
2024-05-27 03:10:00,1.92066,1.92088,1.9204400000000001,1.92085,386,8,0
2024-05-27 03:15:00,1.92084,1.92093,1.92061,1.92072,396,8,0
2024-05-27 03:20:00,1.92072,1.92081,1.9206400000000001,1.9207100000000001,338,8,0
2024-05-27 03:25:00,1.9207100000000001,1.92085,1.92043,1.9207,336,8,0
2024-05-27 03:30:00,1.9207,1.92108,1.92059,1.92096,372,8,0
2024-05-27 03:35:00,1.92096,1.92106,1.92076,1.92082,285,8,0
2024-05-27 03:40:00,1.92082,1.92092,1.92061,1.92062,229,8,0
2024-05-27 03:45:00,1.92062,1.9207999999999998,1.92038,1.92076,259,8,0
2024-05-27 03:50:00,1.92076,1.9209100000000001,1.9205100000000002,1.92061,294,8,0
2024-05-27 03:55:00,1.92061,1.92069,1.92042,1.9205,247,8,0
2024-05-27 04:00:00,1.9205,1.9207100000000001,1.92034,1.92068,278,8,0
2024-05-27 04:05:00,1.92068,1.92082,1.9206699999999999,1.92068,203,8,0
2024-05-27 04:10:00,1.92068,1.9207,1.92014,1.92035,233,8,0
2024-05-27 04:15:00,1.92036,1.92075,1.9201899999999998,1.92023,235,8,0
2024-05-27 04:20:00,1.92023,1.92045,1.92008,1.92014,180,8,0
2024-05-27 04:25:00,1.92014,1.92028,1.91971,1.9197600000000001,141,8,0
2024-05-27 04:30:00,1.9197600000000001,1.91994,1.91971,1.9199000000000002,178,8,0
2024-05-27 04:35:00,1.9199000000000002,1.91996,1.91981,1.9198499999999998,114,8,0
2024-05-27 04:40:00,1.9198499999999998,1.91988,1.91981,1.9198300000000001,82,8,0
2024-05-27 04:45:00,1.9198300000000001,1.91987,1.9198,1.91984,128,8,0
2024-05-27 04:50:00,1.91984,1.92001,1.9198,1.9199899999999999,160,8,0
2024-05-27 04:55:00,1.92,1.9201899999999998,1.91994,1.92018,108,8,0
2024-05-27 05:00:00,1.92018,1.9204400000000001,1.92018,1.9203700000000001,308,8,0
2024-05-27 05:05:00,1.9203700000000001,1.9206699999999999,1.9203299999999999,1.92057,199,8,0
2024-05-27 05:10:00,1.92057,1.92076,1.92055,1.92059,292,8,0
2024-05-27 05:15:00,1.92059,1.92075,1.92059,1.92068,271,8,0
2024-05-27 05:20:00,1.92068,1.9209399999999999,1.92068,1.9209100000000001,428,8,0
2024-05-27 05:25:00,1.9209100000000001,1.9209100000000001,1.9204599999999998,1.92047,261,8,0
2024-05-27 05:30:00,1.92047,1.92066,1.92031,1.92047,435,8,0
2024-05-27 05:35:00,1.92047,1.92062,1.92043,1.92056,368,8,0
2024-05-27 05:40:00,1.92056,1.92059,1.92031,1.92058,246,8,0
2024-05-27 05:45:00,1.92058,1.92066,1.92027,1.92035,315,8,0
2024-05-27 05:50:00,1.92035,1.92049,1.92009,1.92028,292,8,0
2024-05-27 05:55:00,1.92029,1.92058,1.92027,1.9204400000000001,334,8,0
2024-05-27 06:00:00,1.9204400000000001,1.92068,1.9201700000000002,1.9204400000000001,550,8,0
2024-05-27 06:05:00,1.9204400000000001,1.92052,1.91946,1.91994,419,8,0
2024-05-27 06:10:00,1.91994,1.92027,1.91988,1.92027,375,8,0
2024-05-27 06:15:00,1.92027,1.92063,1.9201000000000001,1.92061,343,8,0
2024-05-27 06:20:00,1.92062,1.92083,1.92049,1.92072,379,8,0
2024-05-27 06:25:00,1.92072,1.9208699999999999,1.92021,1.92024,420,8,0
2024-05-27 06:30:00,1.92024,1.92072,1.92022,1.9203700000000001,393,8,0
2024-05-27 06:35:00,1.9203700000000001,1.9204599999999998,1.9201000000000001,1.92027,348,8,0
2024-05-27 06:40:00,1.92027,1.92027,1.91954,1.9196499999999999,476,8,0
2024-05-27 06:45:00,1.9196499999999999,1.91975,1.91941,1.9195600000000002,399,8,0
2024-05-27 06:50:00,1.9195600000000002,1.91971,1.9194,1.9197,382,8,0
2024-05-27 06:55:00,1.9197,1.91989,1.91961,1.91982,511,8,0
2024-05-27 07:00:00,1.91984,1.92009,1.9198,1.91988,511,8,0
2024-05-27 07:05:00,1.91988,1.92,1.91947,1.9197,398,8,0
2024-05-27 07:10:00,1.9197,1.9197199999999999,1.9192399999999998,1.9192399999999998,350,8,0
2024-05-27 07:15:00,1.9192399999999998,1.9193,1.9188399999999999,1.9190399999999999,395,8,0
2024-05-27 07:20:00,1.9190399999999999,1.91928,1.9188,1.9189,437,8,0
2024-05-27 07:25:00,1.9189,1.91898,1.91856,1.91892,484,8,0
2024-05-27 07:30:00,1.91892,1.91903,1.9187400000000001,1.91901,481,8,0
2024-05-27 07:35:00,1.91901,1.91953,1.91901,1.9194900000000001,432,8,0
2024-05-27 07:40:00,1.9194900000000001,1.91973,1.91944,1.91957,381,8,0
2024-05-27 07:45:00,1.91957,1.9196499999999999,1.91933,1.91961,428,8,0
2024-05-27 07:50:00,1.91961,1.91984,1.91954,1.91984,335,8,0
2024-05-27 07:55:00,1.9198300000000001,1.91986,1.9195799999999998,1.91973,416,8,0
2024-05-27 08:00:00,1.91974,1.91978,1.9191799999999999,1.91944,447,8,0
2024-05-27 08:05:00,1.91944,1.91971,1.91906,1.91912,497,8,0
2024-05-27 08:10:00,1.91912,1.91966,1.91906,1.9195600000000002,536,8,0
2024-05-27 08:15:00,1.91955,1.9197199999999999,1.91947,1.9196499999999999,504,8,0
2024-05-27 08:20:00,1.9196499999999999,1.91978,1.91944,1.91944,476,8,0
2024-05-27 08:25:00,1.91944,1.91957,1.91903,1.9192,440,8,0
2024-05-27 08:30:00,1.9192,1.91933,1.91906,1.91912,376,8,0
2024-05-27 08:35:00,1.91912,1.9194499999999999,1.91896,1.91937,425,8,0
2024-05-27 08:40:00,1.91936,1.9194200000000001,1.91902,1.91907,379,8,0
2024-05-27 08:45:00,1.91907,1.91925,1.9189,1.91894,351,8,0
2024-05-27 08:50:00,1.91894,1.91896,1.91855,1.91858,315,8,0
2024-05-27 08:55:00,1.91858,1.91872,1.91833,1.91848,486,8,0
2024-05-27 09:00:00,1.91848,1.91865,1.91831,1.91859,303,8,0
2024-05-27 09:05:00,1.91859,1.91871,1.9182299999999999,1.9185400000000001,367,8,0
2024-05-27 09:10:00,1.9185400000000001,1.91876,1.9183599999999998,1.91846,316,8,0
2024-05-27 09:15:00,1.91846,1.91853,1.91833,1.91841,344,8,0
2024-05-27 09:20:00,1.91841,1.91887,1.9184,1.91886,258,8,0
2024-05-27 09:25:00,1.91886,1.9188800000000001,1.91839,1.91842,295,8,0
2024-05-27 09:30:00,1.91842,1.9186299999999998,1.91835,1.9185699999999999,376,8,0
2024-05-27 09:35:00,1.9185699999999999,1.91872,1.9181599999999999,1.9182700000000001,335,8,0
2024-05-27 09:40:00,1.9182700000000001,1.91864,1.9182700000000001,1.91864,309,8,0
2024-05-27 09:45:00,1.91864,1.91882,1.91856,1.9188100000000001,443,8,0
2024-05-27 09:50:00,1.9188100000000001,1.9193799999999999,1.91875,1.91932,377,8,0
2024-05-27 09:55:00,1.91932,1.91937,1.9188399999999999,1.91937,518,8,0
2024-05-27 10:00:00,1.91937,1.9195,1.91882,1.9189,565,8,0
2024-05-27 10:05:00,1.9189,1.9191799999999999,1.91872,1.91885,371,8,0
2024-05-27 10:10:00,1.91885,1.9188800000000001,1.91855,1.9186800000000002,357,8,0
2024-05-27 10:15:00,1.91869,1.91875,1.91842,1.91858,289,8,0
2024-05-27 10:20:00,1.91858,1.91887,1.91851,1.91879,313,8,0
2024-05-27 10:25:00,1.91878,1.9188100000000001,1.9184700000000001,1.91851,348,8,0
2024-05-27 10:30:00,1.91851,1.91883,1.91849,1.91876,369,8,0
2024-05-27 10:35:00,1.91876,1.9189699999999998,1.9186800000000002,1.9187400000000001,336,8,0
2024-05-27 10:40:00,1.91875,1.9187699999999999,1.91849,1.91872,414,8,0
2024-05-27 10:45:00,1.91872,1.91887,1.91839,1.91853,431,8,0
2024-05-27 10:50:00,1.91853,1.91867,1.91832,1.9185699999999999,346,8,0
2024-05-27 10:55:00,1.9185699999999999,1.9186100000000001,1.91839,1.91855,371,8,0
2024-05-27 11:00:00,1.91855,1.9185699999999999,1.91814,1.9183400000000002,373,8,0
2024-05-27 11:05:00,1.9183400000000002,1.91845,1.9182000000000001,1.91844,294,8,0
2024-05-27 11:10:00,1.91844,1.9186,1.91839,1.91849,242,8,0
2024-05-27 11:15:00,1.91849,1.91902,1.91848,1.91898,255,8,0
2024-05-27 11:20:00,1.91899,1.9192399999999998,1.91878,1.91916,314,8,0
2024-05-27 11:25:00,1.9191500000000001,1.9192900000000002,1.919,1.9191500000000001,225,8,0
2024-05-27 11:30:00,1.9191500000000001,1.91937,1.9190399999999999,1.91913,216,8,0
2024-05-27 11:35:00,1.91913,1.9192200000000001,1.91889,1.9191500000000001,374,8,0
2024-05-27 11:40:00,1.9191500000000001,1.91941,1.91909,1.9191799999999999,274,8,0
2024-05-27 11:45:00,1.91917,1.91926,1.91892,1.9191500000000001,405,8,0
2024-05-27 11:50:00,1.9191500000000001,1.9191500000000001,1.9188399999999999,1.91905,371,8,0
2024-05-27 11:55:00,1.91907,1.91912,1.91879,1.91879,522,8,0
2024-05-27 12:00:00,1.91879,1.91883,1.91814,1.91859,1273,8,0
2024-05-27 12:05:00,1.9186100000000001,1.91893,1.9181599999999999,1.9184299999999999,970,8,0
2024-05-27 12:10:00,1.91845,1.91873,1.9175900000000001,1.91818,785,8,0
2024-05-27 12:15:00,1.91818,1.91891,1.91815,1.91879,624,8,0
2024-05-27 12:20:00,1.91878,1.9188100000000001,1.91798,1.9181300000000001,700,8,0
2024-05-27 12:25:00,1.9181300000000001,1.9183,1.91785,1.91792,565,8,0
2024-05-27 12:30:00,1.9179300000000001,1.91798,1.91749,1.91756,820,8,0
2024-05-27 12:35:00,1.91756,1.91831,1.9174600000000002,1.9181599999999999,489,8,0
2024-05-27 12:40:00,1.9181599999999999,1.91828,1.9178899999999999,1.91819,539,8,0
2024-05-27 12:45:00,1.91818,1.91845,1.91817,1.91832,524,8,0
2024-05-27 12:50:00,1.91832,1.91871,1.91829,1.91839,592,8,0
2024-05-27 12:55:00,1.91838,1.91862,1.91819,1.91833,580,8,0
2024-05-27 13:00:00,1.9183400000000002,1.91853,1.9178600000000001,1.9178600000000001,745,8,0
2024-05-27 13:05:00,1.9178899999999999,1.9179300000000001,1.9174,1.9174,709,8,0
2024-05-27 13:10:00,1.9174,1.9178899999999999,1.91734,1.9177300000000002,686,8,0
2024-05-27 13:15:00,1.91772,1.9180199999999998,1.91751,1.9179599999999999,610,8,0
2024-05-27 13:20:00,1.91797,1.91811,1.91753,1.91764,812,8,0
2024-05-27 13:25:00,1.91764,1.91838,1.91763,1.91835,619,8,0
2024-05-27 13:30:00,1.91837,1.9188100000000001,1.91833,1.9184700000000001,770,8,0
2024-05-27 13:35:00,1.9184700000000001,1.91862,1.91798,1.91841,855,8,0
2024-05-27 13:40:00,1.91842,1.91844,1.91806,1.91815,776,8,0
2024-05-27 13:45:00,1.91815,1.91824,1.9176600000000001,1.91781,673,8,0
2024-05-27 13:50:00,1.91781,1.91795,1.9176600000000001,1.9179,607,8,0
2024-05-27 13:55:00,1.9179,1.91839,1.91788,1.9183,640,8,0
2024-05-27 14:00:00,1.91829,1.91864,1.9182700000000001,1.9186100000000001,656,8,0
2024-05-27 14:05:00,1.9186100000000001,1.91889,1.9184299999999999,1.9186,653,8,0
2024-05-27 14:10:00,1.9186,1.91873,1.91846,1.9186299999999998,533,8,0
2024-05-27 14:15:00,1.9185699999999999,1.9186800000000002,1.91818,1.91864,606,8,0
2024-05-27 14:20:00,1.91864,1.91878,1.9184,1.9186800000000002,581,8,0
2024-05-27 14:25:00,1.9186800000000002,1.91905,1.91864,1.91882,521,8,0
2024-05-27 14:30:00,1.91882,1.9191799999999999,1.91875,1.91885,634,8,0
2024-05-27 14:35:00,1.91885,1.91894,1.91864,1.91879,496,8,0
2024-05-27 14:40:00,1.91879,1.91879,1.91851,1.91864,557,8,0
2024-05-27 14:45:00,1.91865,1.91894,1.9185699999999999,1.9188800000000001,425,8,0
2024-05-27 14:50:00,1.9188800000000001,1.91896,1.91846,1.9188399999999999,437,8,0
2024-05-27 14:55:00,1.9188399999999999,1.91906,1.91864,1.91889,506,8,0
2024-05-27 15:00:00,1.9188800000000001,1.9189500000000002,1.91845,1.91864,924,8,0
2024-05-27 15:05:00,1.91864,1.9187400000000001,1.9183599999999998,1.91872,679,8,0
2024-05-27 15:10:00,1.91873,1.9188800000000001,1.91851,1.91887,692,8,0
2024-05-27 15:15:00,1.91887,1.91921,1.9188399999999999,1.91913,525,8,0
2024-05-27 15:20:00,1.91913,1.91921,1.91853,1.91879,476,8,0
2024-05-27 15:25:00,1.91879,1.91898,1.91875,1.91894,347,8,0
2024-05-27 15:30:00,1.91894,1.91909,1.91875,1.9189500000000002,564,8,0
2024-05-27 15:35:00,1.91893,1.91894,1.91866,1.9187699999999999,445,8,0
2024-05-27 15:40:00,1.9187699999999999,1.9187699999999999,1.9184,1.9186100000000001,578,8,0
2024-05-27 15:45:00,1.9186,1.9186800000000002,1.91837,1.9186100000000001,328,8,0
2024-05-27 15:50:00,1.9186,1.9186299999999998,1.91818,1.91833,525,8,0
2024-05-27 15:55:00,1.91833,1.91839,1.9181599999999999,1.9183599999999998,465,8,0
2024-05-27 16:00:00,1.9183599999999998,1.91864,1.9183599999999998,1.9186299999999998,540,8,0
2024-05-27 16:05:00,1.91862,1.91866,1.91844,1.91853,341,8,0
2024-05-27 16:10:00,1.91853,1.91866,1.9182299999999999,1.9182299999999999,393,8,0
2024-05-27 16:15:00,1.9182299999999999,1.9185400000000001,1.9182000000000001,1.91851,354,8,0
2024-05-27 16:20:00,1.91851,1.9186100000000001,1.91846,1.9185699999999999,254,8,0
2024-05-27 16:25:00,1.9185699999999999,1.91859,1.9184,1.91856,208,8,0
2024-05-27 16:30:00,1.91856,1.9188800000000001,1.91846,1.91862,130,8,0
2024-05-27 16:35:00,1.91862,1.9188399999999999,1.91855,1.9186100000000001,174,8,0
2024-05-27 16:40:00,1.9186100000000001,1.91894,1.91848,1.9186800000000002,608,8,0
2024-05-27 16:45:00,1.9186800000000002,1.91876,1.91853,1.91853,180,10,0
2024-05-27 16:50:00,1.91852,1.91873,1.91838,1.9186999999999999,149,14,0
2024-05-27 16:55:00,1.9186999999999999,1.91909,1.91866,1.9187400000000001,123,8,0
2024-05-27 17:00:00,1.9187400000000001,1.91885,1.91859,1.9186999999999999,196,8,0
2024-05-27 17:05:00,1.9186999999999999,1.91879,1.91829,1.91838,211,16,0
2024-05-27 17:10:00,1.91838,1.9184700000000001,1.91822,1.9183599999999998,1621,9,0
2024-05-27 17:15:00,1.91835,1.91841,1.91806,1.91819,1526,8,0
2024-05-27 17:20:00,1.91819,1.91825,1.9178,1.9178199999999999,687,8,0
2024-05-27 17:25:00,1.9178199999999999,1.91785,1.91776,1.91778,40,8,0
2024-05-27 17:30:00,1.91778,1.91804,1.91776,1.91792,192,8,0
2024-05-27 17:35:00,1.9179300000000001,1.91829,1.9178899999999999,1.91828,271,8,0
2024-05-27 17:40:00,1.9182700000000001,1.9183400000000002,1.91817,1.91822,259,8,0
2024-05-27 17:45:00,1.91822,1.9183400000000002,1.9182000000000001,1.91832,90,8,0
2024-05-27 17:50:00,1.91832,1.91846,1.91829,1.91832,42,8,0
2024-05-27 17:55:00,1.91831,1.91846,1.91821,1.91828,154,8,0
2024-05-27 18:00:00,1.91828,1.91831,1.9182000000000001,1.91825,142,8,0
2024-05-27 18:05:00,1.91824,1.91838,1.91824,1.91828,227,10,0
2024-05-27 18:10:00,1.91829,1.91831,1.91824,1.9182700000000001,94,8,0
2024-05-27 18:15:00,1.91828,1.9184700000000001,1.91825,1.91826,62,8,0
2024-05-27 18:20:00,1.91826,1.91848,1.91822,1.91838,110,8,0
2024-05-27 18:25:00,1.91838,1.91862,1.91838,1.9184299999999999,64,8,0
2024-05-27 18:30:00,1.91844,1.91848,1.9182299999999999,1.9184700000000001,48,8,0
2024-05-27 18:35:00,1.9184700000000001,1.9184700000000001,1.91821,1.91821,40,8,0
2024-05-27 18:40:00,1.91821,1.91826,1.91818,1.91824,41,13,0
2024-05-27 18:45:00,1.91824,1.9185400000000001,1.9182299999999999,1.91852,68,8,0
2024-05-27 18:50:00,1.91852,1.91859,1.91821,1.91822,39,8,0
2024-05-27 18:55:00,1.91822,1.9182700000000001,1.9182000000000001,1.91826,37,10,0
2024-05-27 19:00:00,1.9182700000000001,1.91833,1.91824,1.91833,49,8,0
2024-05-27 19:05:00,1.91833,1.91837,1.9183,1.91837,11,8,0
2024-05-27 19:10:00,1.91837,1.9184,1.9183,1.91835,40,8,0
2024-05-27 19:15:00,1.9183400000000002,1.91839,1.91825,1.91826,97,8,0
2024-05-27 19:20:00,1.91826,1.91828,1.91822,1.9182299999999999,80,8,0
2024-05-27 19:25:00,1.9182299999999999,1.9186299999999998,1.9182299999999999,1.9186299999999998,99,8,0
2024-05-27 19:30:00,1.9186299999999998,1.91865,1.91841,1.91849,101,8,0
2024-05-27 19:35:00,1.91849,1.9186,1.91838,1.91846,144,8,0
2024-05-27 19:40:00,1.91846,1.9184700000000001,1.9184,1.91845,23,8,0
2024-05-27 19:45:00,1.91845,1.91845,1.91819,1.91819,49,8,0
2024-05-27 19:50:00,1.91819,1.9184999999999999,1.91819,1.91832,98,8,0
2024-05-27 19:55:00,1.91832,1.91842,1.9181300000000001,1.9181599999999999,66,8,0
2024-05-27 20:00:00,1.91817,1.91845,1.91817,1.9184,23,8,0
2024-05-27 20:05:00,1.9184,1.91849,1.91832,1.9183599999999998,63,8,0
2024-05-27 20:10:00,1.9183599999999998,1.91853,1.91835,1.91842,22,8,0
2024-05-27 20:15:00,1.91842,1.91852,1.91821,1.91833,31,8,0
2024-05-27 20:20:00,1.91833,1.91839,1.9182299999999999,1.91833,568,8,0
2024-05-27 20:25:00,1.9183400000000002,1.91835,1.91815,1.9182000000000001,562,8,0
2024-05-27 20:30:00,1.9182000000000001,1.91825,1.91804,1.9182299999999999,270,8,0
2024-05-27 20:35:00,1.9182299999999999,1.91838,1.9181300000000001,1.91835,47,8,0
2024-05-27 20:40:00,1.91835,1.91839,1.9182000000000001,1.91822,35,8,0
2024-05-27 20:45:00,1.91828,1.9183599999999998,1.91819,1.9183400000000002,49,8,0
2024-05-27 20:50:00,1.9183400000000002,1.91867,1.9183400000000002,1.9186,60,9,0
2024-05-27 20:55:00,1.9186,1.91902,1.9185400000000001,1.9187400000000001,89,8,0
2024-05-27 21:00:00,1.91882,1.91882,1.91838,1.91838,14,44,0
2024-05-27 21:05:00,1.91838,1.9187699999999999,1.91829,1.91862,86,36,0
2024-05-27 21:10:00,1.91862,1.9188100000000001,1.91855,1.91872,48,29,0
2024-05-27 21:15:00,1.91872,1.9189,1.9184700000000001,1.91864,59,27,0
2024-05-27 21:20:00,1.91864,1.91885,1.9184700000000001,1.91858,64,20,0
2024-05-27 21:25:00,1.91858,1.91859,1.9184700000000001,1.9184700000000001,17,55,0
2024-05-27 21:30:00,1.9184700000000001,1.9189,1.9184700000000001,1.91878,53,43,0
2024-05-27 21:35:00,1.91878,1.9191099999999999,1.91862,1.91876,168,39,0
2024-05-27 21:40:00,1.91876,1.91878,1.91844,1.91864,108,39,0
2024-05-27 21:45:00,1.91864,1.91883,1.91849,1.9185699999999999,89,27,0
2024-05-27 21:50:00,1.9186,1.91878,1.91838,1.91858,128,36,0
2024-05-27 21:55:00,1.9185699999999999,1.91865,1.91841,1.9184299999999999,51,47,0
2024-05-27 22:00:00,1.9184299999999999,1.91844,1.91783,1.91805,172,8,0
2024-05-27 22:05:00,1.91805,1.91819,1.91804,1.91806,33,8,0
2024-05-27 22:10:00,1.91806,1.91822,1.91805,1.9180899999999999,47,11,0
2024-05-27 22:15:00,1.9180899999999999,1.91825,1.9180700000000002,1.9182299999999999,26,13,0
2024-05-27 22:20:00,1.9182299999999999,1.9184,1.9182299999999999,1.91835,51,13,0
2024-05-27 22:25:00,1.91835,1.91842,1.91832,1.9183599999999998,54,12,0
2024-05-27 22:30:00,1.9183599999999998,1.9184299999999999,1.91824,1.9183599999999998,82,9,0
2024-05-27 22:35:00,1.9183599999999998,1.91859,1.9183,1.91856,39,11,0
2024-05-27 22:40:00,1.91856,1.91871,1.9185400000000001,1.9185699999999999,59,12,0
2024-05-27 22:45:00,1.9185699999999999,1.91859,1.91846,1.91856,83,13,0
2024-05-27 22:50:00,1.91856,1.91858,1.91826,1.91833,50,8,0
2024-05-27 22:55:00,1.91833,1.9186100000000001,1.91829,1.9186,63,8,0
2024-05-27 23:00:00,1.9185400000000001,1.9186,1.91817,1.9184,161,8,0
2024-05-27 23:05:00,1.9184,1.9185400000000001,1.9183599999999998,1.91851,136,9,0
2024-05-27 23:10:00,1.91851,1.9186,1.91838,1.91845,80,8,0
2024-05-27 23:15:00,1.91845,1.9186,1.9182700000000001,1.9184,84,10,0
2024-05-27 23:20:00,1.9184,1.9188800000000001,1.91838,1.9188,100,8,0
2024-05-27 23:25:00,1.9188,1.9188,1.9184999999999999,1.91856,60,8,0
2024-05-27 23:30:00,1.91856,1.91873,1.91852,1.91871,144,8,0
2024-05-27 23:35:00,1.91871,1.9188,1.91867,1.9186800000000002,57,8,0
2024-05-27 23:40:00,1.91869,1.91875,1.91867,1.9186999999999999,54,10,0
2024-05-27 23:45:00,1.9186999999999999,1.91871,1.9185400000000001,1.91869,325,10,0
2024-05-27 23:50:00,1.91869,1.9191,1.9186800000000002,1.91907,164,8,0
2024-05-27 23:55:00,1.91906,1.9191,1.91879,1.91883,306,8,0
2024-05-28 00:00:00,1.9188399999999999,1.9190800000000001,1.91856,1.9186999999999999,735,8,0
2024-05-28 00:05:00,1.91871,1.919,1.91848,1.91887,653,8,0
2024-05-28 00:10:00,1.91887,1.9189500000000002,1.91842,1.91862,688,8,0
2024-05-28 00:15:00,1.91862,1.91878,1.91825,1.91829,524,8,0
2024-05-28 00:20:00,1.91829,1.91862,1.91814,1.91845,664,8,0
2024-05-28 00:25:00,1.91846,1.9187400000000001,1.91837,1.91858,441,8,0
2024-05-28 00:30:00,1.91858,1.91901,1.91842,1.91865,525,8,0
2024-05-28 00:35:00,1.91866,1.9187699999999999,1.9181300000000001,1.91841,505,8,0
2024-05-28 00:40:00,1.91841,1.91841,1.91794,1.91805,497,8,0
2024-05-28 00:45:00,1.91805,1.91853,1.91801,1.91849,424,8,0
2024-05-28 00:50:00,1.91849,1.91898,1.91846,1.9189,615,8,0
2024-05-28 00:55:00,1.9189,1.9192399999999998,1.91872,1.91916,594,8,0
2024-05-28 01:00:00,1.91916,1.91925,1.91845,1.91858,743,8,0
2024-05-28 01:05:00,1.91858,1.91862,1.91787,1.91801,732,8,0
2024-05-28 01:10:00,1.91801,1.91867,1.91799,1.91841,756,8,0
2024-05-28 01:15:00,1.91841,1.91925,1.91835,1.9185400000000001,866,8,0
2024-05-28 01:20:00,1.9185400000000001,1.91865,1.91826,1.91837,421,8,0
2024-05-28 01:25:00,1.91837,1.91842,1.9177300000000002,1.9180199999999998,400,8,0
2024-05-28 01:30:00,1.91769,1.91886,1.91769,1.91795,702,8,0
2024-05-28 01:35:00,1.91795,1.91873,1.91774,1.9186299999999998,805,8,0
2024-05-28 01:40:00,1.9186299999999998,1.9188,1.91812,1.91845,622,8,0
2024-05-28 01:45:00,1.9184299999999999,1.9184299999999999,1.91723,1.91756,815,8,0
2024-05-28 01:50:00,1.91756,1.91781,1.91722,1.9177,641,8,0
2024-05-28 01:55:00,1.9177,1.9180199999999998,1.91763,1.91778,523,8,0
2024-05-28 02:00:00,1.91778,1.91785,1.91693,1.9171,539,8,0
2024-05-28 02:05:00,1.91708,1.9177499999999998,1.91703,1.91724,559,8,0
2024-05-28 02:10:00,1.91724,1.9176199999999999,1.91715,1.91726,519,8,0
2024-05-28 02:15:00,1.91726,1.91747,1.917,1.9170500000000001,436,8,0
2024-05-28 02:20:00,1.9170500000000001,1.91716,1.9165,1.91665,646,8,0
2024-05-28 02:25:00,1.91665,1.91709,1.91657,1.91696,405,8,0
2024-05-28 02:30:00,1.91696,1.91722,1.91686,1.91696,518,8,0
2024-05-28 02:35:00,1.91696,1.9172099999999999,1.91684,1.9171399999999998,491,8,0
2024-05-28 02:40:00,1.9171399999999998,1.9173,1.9166400000000001,1.91722,559,8,0
2024-05-28 02:45:00,1.91723,1.91726,1.9167800000000002,1.91711,421,8,0
2024-05-28 02:50:00,1.91711,1.91713,1.91679,1.9169,449,8,0
2024-05-28 02:55:00,1.9169,1.9169100000000001,1.91618,1.9167100000000001,595,8,0
2024-05-28 03:00:00,1.9167100000000001,1.91695,1.9165100000000002,1.9167,563,8,0
2024-05-28 03:05:00,1.9167,1.9167100000000001,1.91622,1.9163700000000001,320,8,0
2024-05-28 03:10:00,1.9163700000000001,1.91661,1.91632,1.9163999999999999,485,8,0
2024-05-28 03:15:00,1.91639,1.91658,1.91623,1.91647,452,8,0
2024-05-28 03:20:00,1.91647,1.91688,1.9164400000000001,1.91647,418,8,0
2024-05-28 03:25:00,1.91647,1.91663,1.91622,1.9165999999999999,418,8,0
2024-05-28 03:30:00,1.91662,1.91676,1.9162400000000002,1.91638,387,8,0
2024-05-28 03:35:00,1.91639,1.9164400000000001,1.9152900000000002,1.91552,508,8,0
2024-05-28 03:40:00,1.91552,1.91598,1.91552,1.91574,350,8,0
2024-05-28 03:45:00,1.91574,1.9159199999999998,1.9156499999999999,1.9158300000000001,272,8,0
2024-05-28 03:50:00,1.9158300000000001,1.91597,1.91559,1.91561,354,8,0
2024-05-28 03:55:00,1.91561,1.91566,1.91541,1.91547,207,8,0
2024-05-28 04:00:00,1.91547,1.91553,1.9153099999999998,1.91548,243,8,0
2024-05-28 04:05:00,1.91548,1.91575,1.9154499999999999,1.9156900000000001,270,8,0
2024-05-28 04:10:00,1.9156900000000001,1.91578,1.91537,1.91562,358,8,0
2024-05-28 04:15:00,1.91562,1.9157199999999999,1.91553,1.91554,169,8,0
2024-05-28 04:20:00,1.91554,1.91604,1.91554,1.9158300000000001,250,8,0
2024-05-28 04:25:00,1.9158300000000001,1.9159000000000002,1.9155600000000002,1.91577,249,8,0
2024-05-28 04:30:00,1.91577,1.9161700000000002,1.91554,1.91614,317,8,0
2024-05-28 04:35:00,1.91614,1.91634,1.91598,1.91625,322,8,0
2024-05-28 04:40:00,1.91627,1.91627,1.91588,1.916,273,8,0
2024-05-28 04:45:00,1.916,1.9161700000000002,1.91588,1.91589,315,8,0
2024-05-28 04:50:00,1.91589,1.91598,1.91544,1.91548,298,8,0
2024-05-28 04:55:00,1.9154900000000001,1.9158300000000001,1.91539,1.91557,346,8,0
2024-05-28 05:00:00,1.91557,1.91585,1.91552,1.9156300000000002,461,8,0
2024-05-28 05:05:00,1.9156300000000002,1.9161000000000001,1.91561,1.91602,263,8,0
2024-05-28 05:10:00,1.91602,1.91634,1.9159000000000002,1.91634,348,8,0
2024-05-28 05:15:00,1.91634,1.91669,1.91632,1.9165100000000002,241,8,0
2024-05-28 05:20:00,1.9165100000000002,1.9165299999999998,1.91601,1.9163000000000001,315,8,0
2024-05-28 05:25:00,1.9163000000000001,1.91669,1.91628,1.9165,363,8,0
2024-05-28 05:30:00,1.9165,1.91715,1.9164400000000001,1.91707,461,8,0
2024-05-28 05:35:00,1.91708,1.91747,1.91684,1.9168500000000002,511,8,0
2024-05-28 05:40:00,1.91684,1.91704,1.9165,1.91669,398,8,0
2024-05-28 05:45:00,1.91669,1.91697,1.91629,1.91652,389,8,0
2024-05-28 05:50:00,1.91652,1.91673,1.91643,1.91646,278,8,0
2024-05-28 05:55:00,1.91646,1.917,1.91643,1.91697,371,8,0
2024-05-28 06:00:00,1.91697,1.9171200000000002,1.91662,1.9167999999999998,788,8,0
2024-05-28 06:05:00,1.9167999999999998,1.9172,1.9166699999999999,1.91715,772,8,0
2024-05-28 06:10:00,1.91715,1.91744,1.91681,1.91708,669,8,0
2024-05-28 06:15:00,1.91708,1.9176,1.9170500000000001,1.91747,593,8,0
2024-05-28 06:20:00,1.91747,1.91785,1.91718,1.91768,640,8,0
2024-05-28 06:25:00,1.9177,1.91797,1.91761,1.91767,406,8,0
2024-05-28 06:30:00,1.91768,1.91777,1.91681,1.91686,607,8,0
2024-05-28 06:35:00,1.91686,1.91722,1.91656,1.9172099999999999,681,8,0
2024-05-28 06:40:00,1.9172099999999999,1.91747,1.9169100000000001,1.9174,647,8,0
2024-05-28 06:45:00,1.9174,1.91814,1.91731,1.9180199999999998,542,8,0
2024-05-28 06:50:00,1.9180199999999998,1.9180199999999998,1.91727,1.9175200000000001,607,8,0
2024-05-28 06:55:00,1.9175200000000001,1.9179,1.9173499999999999,1.91761,794,8,0
2024-05-28 07:00:00,1.91763,1.91814,1.91743,1.91801,975,8,0
2024-05-28 07:05:00,1.9180000000000001,1.91829,1.9178899999999999,1.91821,818,8,0
2024-05-28 07:10:00,1.91821,1.91873,1.91787,1.91852,775,8,0
2024-05-28 07:15:00,1.9185400000000001,1.91872,1.91779,1.91787,716,8,0
2024-05-28 07:20:00,1.91787,1.91818,1.91757,1.91767,725,8,0
2024-05-28 07:25:00,1.9176600000000001,1.91791,1.9175,1.91751,627,8,0
2024-05-28 07:30:00,1.91751,1.91771,1.9172,1.91727,586,8,0
2024-05-28 07:35:00,1.91727,1.91745,1.91697,1.9172,611,8,0
2024-05-28 07:40:00,1.9172,1.91753,1.91709,1.9171200000000002,524,8,0
2024-05-28 07:45:00,1.9171200000000002,1.9172500000000001,1.9167999999999998,1.9172500000000001,362,8,0
2024-05-28 07:50:00,1.9172500000000001,1.91768,1.91706,1.9175499999999999,534,8,0
2024-05-28 07:55:00,1.9175499999999999,1.9175900000000001,1.91692,1.91706,754,8,0
2024-05-28 08:00:00,1.91706,1.91764,1.917,1.91747,742,8,0
2024-05-28 08:05:00,1.91747,1.9180199999999998,1.9172799999999999,1.9178899999999999,696,8,0
2024-05-28 08:10:00,1.91788,1.91814,1.91742,1.9175,717,8,0
2024-05-28 08:15:00,1.91749,1.91756,1.9169399999999999,1.91736,683,8,0
2024-05-28 08:20:00,1.91736,1.9173900000000001,1.91688,1.91689,629,8,0
2024-05-28 08:25:00,1.91689,1.9174,1.91679,1.91731,671,8,0
2024-05-28 08:30:00,1.91731,1.91761,1.91697,1.91715,745,8,0
2024-05-28 08:35:00,1.91713,1.91747,1.91696,1.91715,489,8,0
2024-05-28 08:40:00,1.91715,1.91758,1.9171399999999998,1.91751,492,8,0
2024-05-28 08:45:00,1.91753,1.9178,1.9173499999999999,1.91742,635,8,0
2024-05-28 08:50:00,1.91742,1.91769,1.91733,1.91764,451,8,0
2024-05-28 08:55:00,1.91764,1.91772,1.91738,1.91744,554,8,0
2024-05-28 09:00:00,1.91744,1.9180899999999999,1.91744,1.91787,517,8,0
2024-05-28 09:05:00,1.91787,1.91791,1.9169399999999999,1.91709,463,8,0
2024-05-28 09:10:00,1.91709,1.91715,1.91689,1.91708,417,8,0
2024-05-28 09:15:00,1.91708,1.9171200000000002,1.91663,1.91699,409,8,0
2024-05-28 09:20:00,1.91699,1.9172500000000001,1.91638,1.91645,512,8,0
2024-05-28 09:25:00,1.91645,1.91751,1.9162599999999999,1.91749,415,8,0
2024-05-28 09:30:00,1.9175,1.91761,1.91726,1.9175900000000001,492,8,0
2024-05-28 09:35:00,1.9175900000000001,1.91784,1.91745,1.9178199999999999,553,8,0
2024-05-28 09:40:00,1.9178199999999999,1.91799,1.91745,1.91799,429,8,0
2024-05-28 09:45:00,1.91799,1.91846,1.91792,1.9184,459,8,0
2024-05-28 09:50:00,1.9184,1.91853,1.91814,1.91831,583,8,0
2024-05-28 09:55:00,1.91831,1.91883,1.91831,1.91871,570,8,0
2024-05-28 10:00:00,1.9186999999999999,1.91905,1.91869,1.91885,431,8,0
2024-05-28 10:05:00,1.91886,1.9188800000000001,1.91855,1.9186100000000001,488,8,0
2024-05-28 10:10:00,1.9186100000000001,1.91883,1.91845,1.91875,518,8,0
2024-05-28 10:15:00,1.91875,1.91879,1.91835,1.91859,604,8,0
2024-05-28 10:20:00,1.91859,1.91892,1.9182700000000001,1.91828,564,8,0
2024-05-28 10:25:00,1.91828,1.91864,1.91826,1.9186299999999998,420,8,0
2024-05-28 10:30:00,1.9186299999999998,1.91885,1.9184,1.9185400000000001,532,8,0
2024-05-28 10:35:00,1.9185400000000001,1.91876,1.91829,1.91856,559,8,0
2024-05-28 10:40:00,1.91856,1.91873,1.91832,1.91835,455,8,0
2024-05-28 10:45:00,1.9183400000000002,1.91845,1.91803,1.9182000000000001,347,8,0
2024-05-28 10:50:00,1.9182000000000001,1.9184700000000001,1.91792,1.9183400000000002,383,8,0
2024-05-28 10:55:00,1.9183400000000002,1.91846,1.91815,1.91817,380,8,0
2024-05-28 11:00:00,1.91815,1.9183,1.9178899999999999,1.9180700000000002,509,8,0
2024-05-28 11:05:00,1.9180700000000002,1.9180899999999999,1.9175499999999999,1.91781,608,8,0
2024-05-28 11:10:00,1.91781,1.91804,1.91743,1.9174799999999999,636,8,0
2024-05-28 11:15:00,1.9174799999999999,1.91785,1.9169800000000001,1.91702,663,8,0
2024-05-28 11:20:00,1.91702,1.9177,1.917,1.91765,640,8,0
2024-05-28 11:25:00,1.91765,1.9176600000000001,1.91742,1.9175200000000001,445,8,0
2024-05-28 11:30:00,1.9175200000000001,1.91769,1.9169399999999999,1.9170099999999999,514,8,0
2024-05-28 11:35:00,1.9170099999999999,1.9172500000000001,1.91672,1.91686,423,8,0
2024-05-28 11:40:00,1.91686,1.9172500000000001,1.91672,1.91719,482,8,0
2024-05-28 11:45:00,1.91719,1.91726,1.91702,1.91702,437,8,0
2024-05-28 11:50:00,1.91702,1.9171200000000002,1.9167399999999999,1.9169399999999999,429,8,0
2024-05-28 11:55:00,1.9169399999999999,1.9174099999999998,1.91672,1.9174,512,8,0
2024-05-28 12:00:00,1.9174,1.9177,1.91727,1.91737,887,8,0
2024-05-28 12:05:00,1.91738,1.91744,1.9170500000000001,1.91738,730,8,0
2024-05-28 12:10:00,1.91738,1.91772,1.91715,1.9175499999999999,715,8,0
2024-05-28 12:15:00,1.9175499999999999,1.9185400000000001,1.91751,1.91853,656,8,0
2024-05-28 12:20:00,1.91853,1.91858,1.91805,1.91815,922,8,0
2024-05-28 12:25:00,1.91815,1.91842,1.9178,1.91839,893,8,0
2024-05-28 12:30:00,1.91839,1.91852,1.91777,1.9178899999999999,864,8,0
2024-05-28 12:35:00,1.91794,1.9182700000000001,1.91758,1.9181,834,8,0
2024-05-28 12:40:00,1.9181,1.91856,1.9181,1.9184999999999999,834,8,0
2024-05-28 12:45:00,1.9184999999999999,1.91872,1.9182299999999999,1.9182299999999999,964,8,0
2024-05-28 12:50:00,1.91824,1.91826,1.91751,1.91769,1045,8,0
2024-05-28 12:55:00,1.91767,1.9179300000000001,1.9174600000000002,1.91792,781,8,0
2024-05-28 13:00:00,1.91792,1.9180000000000001,1.91754,1.91783,831,8,0
2024-05-28 13:05:00,1.91783,1.91839,1.9178,1.91814,929,8,0
2024-05-28 13:10:00,1.91814,1.91832,1.91729,1.91763,927,8,0
2024-05-28 13:15:00,1.91763,1.91769,1.91656,1.9167100000000001,1085,8,0
2024-05-28 13:20:00,1.91672,1.91689,1.91601,1.91602,1019,8,0
2024-05-28 13:25:00,1.91601,1.91681,1.91601,1.91634,1181,8,0
2024-05-28 13:30:00,1.91634,1.9169100000000001,1.91605,1.9165999999999999,1388,8,0
2024-05-28 13:35:00,1.91659,1.9171200000000002,1.91638,1.9165299999999998,1396,8,0
2024-05-28 13:40:00,1.9165299999999998,1.9169100000000001,1.91648,1.91683,1287,8,0
2024-05-28 13:45:00,1.91684,1.91804,1.91684,1.91797,1578,8,0
2024-05-28 13:50:00,1.91797,1.91841,1.9177,1.91837,1267,8,0
2024-05-28 13:55:00,1.91837,1.91899,1.91815,1.9183599999999998,912,8,0
2024-05-28 14:00:00,1.91825,1.9194,1.91812,1.91937,1506,8,0
2024-05-28 14:05:00,1.9193799999999999,1.92016,1.9192900000000002,1.91966,1492,8,0
2024-05-28 14:10:00,1.91966,1.92022,1.91943,1.92011,1221,8,0
2024-05-28 14:15:00,1.92011,1.92052,1.91975,1.9199000000000002,1198,8,0
2024-05-28 14:20:00,1.9199000000000002,1.92028,1.91939,1.9194900000000001,983,8,0
2024-05-28 14:25:00,1.9194900000000001,1.9197,1.91905,1.91921,801,8,0
2024-05-28 14:30:00,1.91921,1.9195799999999998,1.91862,1.91891,1040,8,0
2024-05-28 14:35:00,1.91892,1.9197199999999999,1.9188399999999999,1.9197,924,8,0
2024-05-28 14:40:00,1.9197,1.9198499999999998,1.91901,1.91921,1068,8,0
2024-05-28 14:45:00,1.91921,1.91953,1.9186,1.9189,1111,8,0
2024-05-28 14:50:00,1.9189,1.91894,1.91761,1.91832,1093,8,0
2024-05-28 14:55:00,1.91832,1.91832,1.9174099999999998,1.91749,1145,8,0
2024-05-28 15:00:00,1.91749,1.91846,1.9174,1.91828,1190,8,0
2024-05-28 15:05:00,1.91828,1.9191,1.91822,1.9189500000000002,935,8,0
2024-05-28 15:10:00,1.91899,1.91905,1.91814,1.91814,797,8,0
2024-05-28 15:15:00,1.91814,1.9184,1.91787,1.9181599999999999,898,8,0
2024-05-28 15:20:00,1.91817,1.9187699999999999,1.91817,1.9186299999999998,726,8,0
2024-05-28 15:25:00,1.9186299999999998,1.9186999999999999,1.91824,1.91846,625,8,0
2024-05-28 15:30:00,1.91846,1.91909,1.91842,1.91905,891,8,0
2024-05-28 15:35:00,1.91905,1.91916,1.91852,1.91873,806,8,0
2024-05-28 15:40:00,1.91872,1.9188399999999999,1.9182000000000001,1.9184299999999999,808,8,0
2024-05-28 15:45:00,1.9184299999999999,1.91864,1.91831,1.91831,670,8,0
2024-05-28 15:50:00,1.91831,1.91835,1.91779,1.91799,784,8,0
2024-05-28 15:55:00,1.91799,1.91825,1.9179599999999999,1.91814,634,8,0
2024-05-28 16:00:00,1.91811,1.91821,1.91777,1.91799,682,8,0
2024-05-28 16:05:00,1.91799,1.9183400000000002,1.91792,1.91818,806,8,0
2024-05-28 16:10:00,1.91818,1.9182000000000001,1.9175499999999999,1.91764,581,8,0
2024-05-28 16:15:00,1.91764,1.9183599999999998,1.91761,1.9182299999999999,850,8,0
2024-05-28 16:20:00,1.9182299999999999,1.9184299999999999,1.91797,1.91803,694,8,0
2024-05-28 16:25:00,1.91803,1.91808,1.9177499999999998,1.91798,611,8,0
2024-05-28 16:30:00,1.91798,1.9181,1.91774,1.91784,697,8,0
2024-05-28 16:35:00,1.91784,1.91798,1.9176199999999999,1.9179,454,8,0
2024-05-28 16:40:00,1.91792,1.9183599999999998,1.9178899999999999,1.91831,401,8,0
2024-05-28 16:45:00,1.91831,1.9183400000000002,1.91808,1.91818,576,8,0
2024-05-28 16:50:00,1.91817,1.91842,1.9181,1.91835,625,8,0
2024-05-28 16:55:00,1.91835,1.91869,1.91832,1.91862,651,8,0
2024-05-28 17:00:00,1.9186100000000001,1.91889,1.91837,1.91867,1224,8,0
2024-05-28 17:05:00,1.91867,1.91871,1.91824,1.9184299999999999,940,8,0
2024-05-28 17:10:00,1.91842,1.91872,1.91829,1.91871,747,8,0
2024-05-28 17:15:00,1.91871,1.91899,1.9185699999999999,1.9185699999999999,754,8,0
2024-05-28 17:20:00,1.91858,1.91898,1.9183400000000002,1.91855,953,8,0
2024-05-28 17:25:00,1.91855,1.91875,1.91822,1.91831,791,8,0
2024-05-28 17:30:00,1.91831,1.91875,1.91828,1.9186100000000001,716,8,0
2024-05-28 17:35:00,1.9186,1.9186800000000002,1.9181300000000001,1.91833,821,8,0
2024-05-28 17:40:00,1.91832,1.9188,1.91831,1.9186999999999999,875,8,0
2024-05-28 17:45:00,1.9186999999999999,1.91887,1.9184999999999999,1.91867,882,8,0
2024-05-28 17:50:00,1.91867,1.91899,1.91859,1.91898,949,8,0
2024-05-28 17:55:00,1.91898,1.91932,1.9189699999999998,1.91921,758,8,0
2024-05-28 18:00:00,1.9192200000000001,1.91974,1.9191799999999999,1.91923,962,8,0
2024-05-28 18:05:00,1.91923,1.91939,1.91901,1.91906,625,8,0
2024-05-28 18:10:00,1.91906,1.9192,1.9187699999999999,1.91892,755,8,0
2024-05-28 18:15:00,1.91892,1.91926,1.91889,1.91917,655,8,0
2024-05-28 18:20:00,1.91916,1.9197899999999999,1.91909,1.9197199999999999,792,8,0
2024-05-28 18:25:00,1.9197199999999999,1.91987,1.9194200000000001,1.91961,827,8,0
2024-05-28 18:30:00,1.91961,1.91998,1.9195600000000002,1.91989,1008,8,0
2024-05-28 18:35:00,1.91989,1.9200599999999999,1.9197199999999999,1.9199899999999999,1019,8,0
2024-05-28 18:40:00,1.91998,1.92001,1.91933,1.9194499999999999,817,8,0
2024-05-28 18:45:00,1.9194499999999999,1.91994,1.9193799999999999,1.91953,904,8,0
2024-05-28 18:50:00,1.91952,1.91996,1.91944,1.91947,734,8,0
2024-05-28 18:55:00,1.91947,1.91947,1.9187400000000001,1.9190399999999999,997,8,0
2024-05-28 19:00:00,1.9190399999999999,1.91953,1.91903,1.9193099999999998,804,8,0
2024-05-28 19:05:00,1.91932,1.9194,1.9192,1.9192200000000001,754,8,0
2024-05-28 19:10:00,1.9192200000000001,1.91941,1.9191099999999999,1.9193,856,8,0
2024-05-28 19:15:00,1.9193,1.91948,1.9191099999999999,1.91919,770,8,0
2024-05-28 19:20:00,1.91919,1.91973,1.9191099999999999,1.9195,768,8,0
2024-05-28 19:25:00,1.9195,1.9197,1.91928,1.91963,771,8,0
2024-05-28 19:30:00,1.91962,1.9196900000000001,1.91948,1.91959,675,8,0
2024-05-28 19:35:00,1.9196,1.91975,1.91954,1.91967,622,8,0
2024-05-28 19:40:00,1.91967,1.91982,1.9194900000000001,1.9196900000000001,701,8,0
2024-05-28 19:45:00,1.9197,1.9197,1.9193500000000001,1.9193799999999999,556,8,0
2024-05-28 19:50:00,1.9193799999999999,1.9193799999999999,1.9190399999999999,1.91905,778,8,0
2024-05-28 19:55:00,1.91905,1.91923,1.9188399999999999,1.91898,610,8,0
2024-05-28 20:00:00,1.91899,1.9191,1.9188100000000001,1.91901,329,8,0
2024-05-28 20:05:00,1.91901,1.91912,1.91896,1.91907,183,8,0
2024-05-28 20:10:00,1.91907,1.91909,1.91893,1.91901,156,8,0
2024-05-28 20:15:00,1.91901,1.9190399999999999,1.91872,1.9187400000000001,104,8,0
2024-05-28 20:20:00,1.9187400000000001,1.91885,1.91864,1.9187400000000001,176,8,0
2024-05-28 20:25:00,1.9187400000000001,1.91891,1.9187400000000001,1.91883,155,8,0
2024-05-28 20:30:00,1.91883,1.91903,1.91882,1.919,65,8,0
2024-05-28 20:35:00,1.919,1.91901,1.91889,1.91896,65,8,0
2024-05-28 20:40:00,1.9189699999999998,1.9191500000000001,1.9189699999999998,1.91913,88,8,0
2024-05-28 20:45:00,1.9191099999999999,1.9191500000000001,1.9190399999999999,1.9191099999999999,69,8,0
2024-05-28 20:50:00,1.9191099999999999,1.91926,1.9190399999999999,1.9192200000000001,121,8,0
2024-05-28 20:55:00,1.91921,1.9193099999999998,1.919,1.91901,176,8,0
2024-05-28 21:05:00,1.91614,1.91959,1.91612,1.9195799999999998,134,93,0
2024-05-28 21:10:00,1.91967,1.91967,1.9163299999999999,1.9186299999999998,166,40,0
2024-05-28 21:15:00,1.9186299999999998,1.9191500000000001,1.91769,1.9179,145,71,0
2024-05-28 21:20:00,1.9179,1.91928,1.91783,1.9186999999999999,127,82,0
2024-05-28 21:25:00,1.9186999999999999,1.9193,1.9186800000000002,1.9190800000000001,83,87,0
2024-05-28 21:30:00,1.9190800000000001,1.91919,1.91901,1.91914,108,71,0
2024-05-28 21:35:00,1.91914,1.91916,1.91898,1.91914,92,62,0
2024-05-28 21:40:00,1.91914,1.91927,1.91907,1.91917,22,58,0
2024-05-28 21:45:00,1.91916,1.91932,1.9190399999999999,1.91913,84,61,0
2024-05-28 21:50:00,1.91913,1.9193099999999998,1.91866,1.9190800000000001,199,32,0
2024-05-28 21:55:00,1.9190800000000001,1.91919,1.9182000000000001,1.91902,359,21,0
2024-05-28 22:00:00,1.91902,1.9193,1.91902,1.9192,114,8,0
2024-05-28 22:05:00,1.9192,1.91934,1.91917,1.91919,36,14,0
2024-05-28 22:10:00,1.91919,1.91925,1.91893,1.91898,78,12,0
2024-05-28 22:15:00,1.91898,1.91919,1.91898,1.91903,85,13,0
2024-05-28 22:20:00,1.91903,1.9192399999999998,1.919,1.9190399999999999,92,13,0
2024-05-28 22:25:00,1.9190399999999999,1.9192200000000001,1.9190399999999999,1.9191,42,13,0
2024-05-28 22:30:00,1.9190800000000001,1.91936,1.91907,1.91917,94,12,0
2024-05-28 22:35:00,1.91917,1.91925,1.9191099999999999,1.91917,53,13,0
2024-05-28 22:40:00,1.9191500000000001,1.91928,1.9189699999999998,1.9191099999999999,83,10,0
2024-05-28 22:45:00,1.9191099999999999,1.91923,1.91902,1.9190399999999999,67,9,0
2024-05-28 22:50:00,1.91906,1.9191,1.9186800000000002,1.91903,112,8,0
2024-05-28 22:55:00,1.91903,1.91903,1.91864,1.91879,239,8,0
2024-05-28 23:00:00,1.91878,1.9189,1.9186,1.9188800000000001,232,8,0
2024-05-28 23:05:00,1.9188800000000001,1.9189699999999998,1.91878,1.91883,157,8,0
2024-05-28 23:10:00,1.91883,1.91902,1.91869,1.9187400000000001,210,8,0
2024-05-28 23:15:00,1.9187400000000001,1.91907,1.9187400000000001,1.91903,282,8,0
2024-05-28 23:20:00,1.91903,1.9192399999999998,1.91896,1.9191,240,8,0
2024-05-28 23:25:00,1.91909,1.91932,1.91894,1.91928,157,8,0
2024-05-28 23:30:00,1.91927,1.9193,1.9188399999999999,1.91896,262,8,0
2024-05-28 23:35:00,1.91896,1.9194499999999999,1.91894,1.91941,252,8,0
2024-05-28 23:40:00,1.91941,1.91951,1.91898,1.91903,224,8,0
2024-05-28 23:45:00,1.91903,1.91917,1.91875,1.91906,262,8,0
2024-05-28 23:50:00,1.91906,1.91961,1.91902,1.91941,406,8,0
2024-05-28 23:55:00,1.91941,1.91946,1.91892,1.9190800000000001,346,8,0
2024-05-29 00:00:00,1.9190800000000001,1.9191799999999999,1.91851,1.9189500000000002,742,8,0
2024-05-29 00:05:00,1.9189500000000002,1.9191,1.91871,1.91905,664,8,0
2024-05-29 00:10:00,1.91907,1.91951,1.91891,1.9191,481,8,0
2024-05-29 00:15:00,1.9191,1.9191,1.91844,1.91855,414,8,0
2024-05-29 00:20:00,1.91855,1.9188399999999999,1.91833,1.9188399999999999,540,8,0
2024-05-29 00:25:00,1.9188399999999999,1.9196900000000001,1.9188100000000001,1.91954,526,8,0
2024-05-29 00:30:00,1.91954,1.9200300000000001,1.91947,1.92001,472,8,0
2024-05-29 00:35:00,1.92001,1.9205100000000002,1.91991,1.92042,567,8,0
2024-05-29 00:40:00,1.92042,1.92097,1.92036,1.92076,560,8,0
2024-05-29 00:45:00,1.92076,1.9207999999999998,1.92034,1.9207100000000001,510,8,0
2024-05-29 00:50:00,1.9207100000000001,1.92095,1.9205299999999998,1.92068,654,8,0
2024-05-29 00:55:00,1.92069,1.9208699999999999,1.92014,1.92021,589,8,0
2024-05-29 01:00:00,1.92021,1.92058,1.9198499999999998,1.92016,801,8,0
2024-05-29 01:05:00,1.92016,1.9201700000000002,1.91932,1.9193500000000001,698,8,0
2024-05-29 01:10:00,1.91936,1.91991,1.91923,1.9193799999999999,635,8,0
2024-05-29 01:15:00,1.9193799999999999,1.91941,1.91835,1.9183599999999998,929,8,0
2024-05-29 01:20:00,1.9183599999999998,1.91876,1.91815,1.91851,762,8,0
2024-05-29 01:25:00,1.91851,1.91852,1.9176,1.91795,628,8,0
2024-05-29 01:30:00,1.91794,1.9179599999999999,1.91394,1.9159199999999998,1420,8,0
2024-05-29 01:35:00,1.9159199999999998,1.91726,1.91573,1.91642,1323,8,0
2024-05-29 01:40:00,1.91642,1.9174099999999998,1.91615,1.91672,1060,8,0
2024-05-29 01:45:00,1.9167399999999999,1.91676,1.9156900000000001,1.91631,1072,8,0
2024-05-29 01:50:00,1.9163000000000001,1.91643,1.91598,1.9161700000000002,827,8,0
2024-05-29 01:55:00,1.9161700000000002,1.91682,1.9158,1.91673,718,8,0
2024-05-29 02:00:00,1.91672,1.91693,1.91621,1.9167399999999999,702,8,0
2024-05-29 02:05:00,1.9167399999999999,1.9173,1.9167100000000001,1.91711,749,8,0
2024-05-29 02:10:00,1.9171,1.91717,1.9161899999999998,1.91654,702,8,0
2024-05-29 02:15:00,1.91654,1.9166400000000001,1.91547,1.91577,599,8,0
2024-05-29 02:20:00,1.91578,1.91652,1.91561,1.9161299999999999,592,8,0
2024-05-29 02:25:00,1.9161299999999999,1.9166699999999999,1.91612,1.91631,484,8,0
2024-05-29 02:30:00,1.91631,1.9163299999999999,1.916,1.91607,518,8,0
2024-05-29 02:35:00,1.91607,1.91663,1.91593,1.9165999999999999,499,8,0
2024-05-29 02:40:00,1.9165999999999999,1.91693,1.91655,1.91665,587,8,0
2024-05-29 02:45:00,1.91665,1.91749,1.91658,1.91745,595,8,0
2024-05-29 02:50:00,1.91745,1.9180000000000001,1.91722,1.9179300000000001,689,8,0
2024-05-29 02:55:00,1.9179300000000001,1.9182299999999999,1.91774,1.91821,539,8,0
2024-05-29 03:00:00,1.91821,1.91832,1.91772,1.91779,573,8,0
2024-05-29 03:05:00,1.91779,1.91783,1.91724,1.9173,496,8,0
2024-05-29 03:10:00,1.9173,1.91753,1.9167399999999999,1.91709,566,8,0
2024-05-29 03:15:00,1.91709,1.9174099999999998,1.9167399999999999,1.9174099999999998,503,8,0
2024-05-29 03:20:00,1.9174099999999998,1.9174099999999998,1.9167399999999999,1.9172099999999999,550,8,0
2024-05-29 03:25:00,1.91722,1.91776,1.91713,1.9175,502,8,0
2024-05-29 03:30:00,1.9175,1.9176199999999999,1.9172500000000001,1.9174099999999998,470,8,0
2024-05-29 03:35:00,1.9174099999999998,1.91745,1.91715,1.9174,342,8,0
2024-05-29 03:40:00,1.9174,1.91756,1.9173,1.9175499999999999,382,8,0
2024-05-29 03:45:00,1.9175499999999999,1.9178199999999999,1.91743,1.91761,419,8,0
2024-05-29 03:50:00,1.91761,1.91768,1.9172799999999999,1.9173,369,8,0
2024-05-29 03:55:00,1.9173,1.91731,1.91665,1.91676,493,8,0
2024-05-29 04:00:00,1.91676,1.91722,1.91656,1.91707,517,8,0
2024-05-29 04:05:00,1.91707,1.91708,1.91656,1.91703,374,8,0
2024-05-29 04:10:00,1.91703,1.9173,1.9169399999999999,1.91729,364,8,0
2024-05-29 04:15:00,1.91729,1.91765,1.9171399999999998,1.91738,340,8,0
2024-05-29 04:20:00,1.91738,1.9174600000000002,1.91713,1.91723,335,8,0
2024-05-29 04:25:00,1.91723,1.9174600000000002,1.9171399999999998,1.9171399999999998,266,8,0
2024-05-29 04:30:00,1.91717,1.91751,1.9171399999999998,1.91749,360,8,0
2024-05-29 04:35:00,1.9175,1.9177,1.91742,1.9174799999999999,334,8,0
2024-05-29 04:40:00,1.9174799999999999,1.9176600000000001,1.91736,1.9176600000000001,249,8,0
2024-05-29 04:45:00,1.91767,1.91781,1.91753,1.9175499999999999,293,8,0
2024-05-29 04:50:00,1.9175499999999999,1.9178199999999999,1.9175,1.91776,256,8,0
2024-05-29 04:55:00,1.91776,1.91778,1.9172799999999999,1.91758,411,8,0
2024-05-29 05:00:00,1.91758,1.91781,1.9174799999999999,1.91768,423,8,0
2024-05-29 05:05:00,1.91768,1.91772,1.91729,1.91754,371,8,0
2024-05-29 05:10:00,1.91754,1.9178199999999999,1.9175,1.9178199999999999,355,8,0
2024-05-29 05:15:00,1.9178199999999999,1.91828,1.91769,1.91817,425,8,0
2024-05-29 05:20:00,1.91817,1.9186,1.9181300000000001,1.91859,466,8,0
2024-05-29 05:25:00,1.91859,1.91889,1.9184999999999999,1.9186299999999998,375,8,0
2024-05-29 05:30:00,1.9186299999999998,1.91873,1.91832,1.9186100000000001,813,8,0
2024-05-29 05:35:00,1.9186100000000001,1.91902,1.91845,1.91901,669,8,0
2024-05-29 05:40:00,1.91901,1.91944,1.9188399999999999,1.9192900000000002,668,8,0
2024-05-29 05:45:00,1.9192900000000002,1.91933,1.91841,1.9184299999999999,626,8,0
2024-05-29 05:50:00,1.91844,1.9186100000000001,1.91817,1.91828,449,8,0
2024-05-29 05:55:00,1.91829,1.91853,1.91811,1.9184299999999999,592,8,0
2024-05-29 06:00:00,1.91844,1.91879,1.91805,1.91844,746,8,0
2024-05-29 06:05:00,1.91844,1.9186299999999998,1.91761,1.91769,994,8,0
2024-05-29 06:10:00,1.91769,1.91828,1.91761,1.91805,741,8,0
2024-05-29 06:15:00,1.91805,1.9180899999999999,1.9173499999999999,1.9176,644,8,0
2024-05-29 06:20:00,1.9176,1.91779,1.9167999999999998,1.91692,547,8,0
2024-05-29 06:25:00,1.91692,1.91697,1.9165999999999999,1.91688,493,8,0
2024-05-29 06:30:00,1.91688,1.91738,1.91682,1.91706,631,8,0
2024-05-29 06:35:00,1.91706,1.9175,1.9169800000000001,1.9173499999999999,847,8,0
2024-05-29 06:40:00,1.91736,1.9180899999999999,1.91723,1.91787,859,8,0
2024-05-29 06:45:00,1.91787,1.9180700000000002,1.91754,1.91771,672,8,0
2024-05-29 06:50:00,1.9177,1.9178600000000001,1.91756,1.9177499999999998,624,8,0
2024-05-29 06:55:00,1.91776,1.9181599999999999,1.91733,1.91749,913,8,0
2024-05-29 07:00:00,1.9174799999999999,1.91767,1.91706,1.91767,936,8,0
2024-05-29 07:05:00,1.91767,1.91799,1.9173499999999999,1.91753,886,8,0
2024-05-29 07:10:00,1.91753,1.91765,1.91716,1.91731,828,8,0
2024-05-29 07:15:00,1.91731,1.9174600000000002,1.91699,1.9171,844,8,0
2024-05-29 07:20:00,1.9171,1.91772,1.91695,1.9176199999999999,667,8,0
2024-05-29 07:25:00,1.9176199999999999,1.9180899999999999,1.91742,1.91805,942,8,0
2024-05-29 07:30:00,1.91805,1.91822,1.91776,1.91814,963,8,0
2024-05-29 07:35:00,1.91814,1.9185400000000001,1.91805,1.9184,876,8,0
2024-05-29 07:40:00,1.9184,1.91848,1.9180700000000002,1.91812,828,8,0
2024-05-29 07:45:00,1.9181300000000001,1.91825,1.91777,1.91803,731,8,0
2024-05-29 07:50:00,1.91803,1.9181599999999999,1.91778,1.9181599999999999,721,8,0
2024-05-29 07:55:00,1.9181599999999999,1.91819,1.91758,1.9178600000000001,864,8,0
2024-05-29 08:00:00,1.91784,1.91784,1.91736,1.91744,1397,8,0
2024-05-29 08:05:00,1.91743,1.91858,1.91702,1.9184,1382,8,0
2024-05-29 08:10:00,1.91839,1.91839,1.91734,1.9174799999999999,1151,8,0
2024-05-29 08:15:00,1.91747,1.9175900000000001,1.9170099999999999,1.91744,1133,8,0
2024-05-29 08:20:00,1.91744,1.91851,1.9173900000000001,1.9184299999999999,996,8,0
2024-05-29 08:25:00,1.9184299999999999,1.91853,1.9178199999999999,1.91788,1054,8,0
2024-05-29 08:30:00,1.91788,1.9183599999999998,1.91778,1.91828,822,8,0
2024-05-29 08:35:00,1.91828,1.91858,1.91808,1.91837,861,8,0
2024-05-29 08:40:00,1.91837,1.91851,1.91814,1.91825,875,8,0
2024-05-29 08:45:00,1.91825,1.9184,1.91778,1.9178,623,8,0
2024-05-29 08:50:00,1.9178,1.91798,1.91754,1.91761,731,8,0
2024-05-29 08:55:00,1.9176,1.91798,1.9175,1.9179300000000001,689,8,0
2024-05-29 09:00:00,1.91794,1.91829,1.91787,1.91824,782,8,0
2024-05-29 09:05:00,1.91824,1.91892,1.91819,1.91891,722,8,0
2024-05-29 09:10:00,1.91892,1.91953,1.91885,1.9192200000000001,476,8,0
2024-05-29 09:15:00,1.9192200000000001,1.91937,1.9186100000000001,1.9186100000000001,662,8,0
2024-05-29 09:20:00,1.9186100000000001,1.9190800000000001,1.9186100000000001,1.91887,695,8,0
2024-05-29 09:25:00,1.91887,1.91916,1.91871,1.91898,606,8,0
2024-05-29 09:30:00,1.91898,1.9195,1.9189,1.9195,610,8,0
2024-05-29 09:35:00,1.9194900000000001,1.92007,1.9194200000000001,1.9200300000000001,488,8,0
2024-05-29 09:40:00,1.9200300000000001,1.92059,1.91998,1.92055,547,8,0
2024-05-29 09:45:00,1.92055,1.9207,1.9202,1.9203299999999999,437,8,0
2024-05-29 09:50:00,1.9203299999999999,1.9206699999999999,1.92024,1.92045,587,8,0
2024-05-29 09:55:00,1.92045,1.92074,1.9203000000000001,1.92056,528,8,0
2024-05-29 10:00:00,1.92056,1.9209100000000001,1.92047,1.92075,721,8,0
2024-05-29 10:05:00,1.92075,1.9209800000000001,1.9207,1.92089,544,8,0
2024-05-29 10:10:00,1.92089,1.9219,1.92089,1.92174,760,8,0
2024-05-29 10:15:00,1.92174,1.92185,1.92129,1.92129,788,8,0
2024-05-29 10:20:00,1.92129,1.9214799999999999,1.92103,1.92147,502,8,0
2024-05-29 10:25:00,1.92147,1.92156,1.92107,1.9211200000000002,649,8,0
2024-05-29 10:30:00,1.9211200000000002,1.92143,1.92102,1.92134,631,8,0
2024-05-29 10:35:00,1.92134,1.92156,1.92104,1.92138,460,8,0
2024-05-29 10:40:00,1.92136,1.9215,1.9211399999999998,1.9214799999999999,624,8,0
2024-05-29 10:45:00,1.9214799999999999,1.92158,1.92095,1.92103,653,8,0
2024-05-29 10:50:00,1.92103,1.9213,1.92088,1.92119,690,8,0
2024-05-29 10:55:00,1.92118,1.92124,1.9204599999999998,1.92054,650,8,0
2024-05-29 11:00:00,1.92054,1.92102,1.92048,1.92083,698,8,0
2024-05-29 11:05:00,1.92083,1.9211,1.92068,1.92095,698,8,0
2024-05-29 11:10:00,1.92095,1.9214799999999999,1.92069,1.9212799999999999,898,8,0
2024-05-29 11:15:00,1.9212799999999999,1.9219,1.92097,1.92172,911,8,0
2024-05-29 11:20:00,1.92172,1.92219,1.9213900000000002,1.92208,808,8,0
2024-05-29 11:25:00,1.92208,1.92222,1.92192,1.92207,692,8,0
2024-05-29 11:30:00,1.92207,1.92278,1.92197,1.92265,833,8,0
2024-05-29 11:35:00,1.92265,1.92269,1.92232,1.92268,799,8,0
2024-05-29 11:40:00,1.92268,1.9233099999999999,1.92259,1.92326,695,8,0
2024-05-29 11:45:00,1.92326,1.92333,1.92271,1.92327,798,8,0
2024-05-29 11:50:00,1.92326,1.92347,1.92285,1.92298,802,8,0
2024-05-29 11:55:00,1.92299,1.92327,1.9226999999999999,1.9226999999999999,730,8,0
2024-05-29 12:00:00,1.9226999999999999,1.92343,1.9226999999999999,1.9230800000000001,920,8,0
2024-05-29 12:05:00,1.9230800000000001,1.92348,1.92275,1.92294,765,8,0
2024-05-29 12:10:00,1.92294,1.92306,1.92251,1.92259,861,8,0
2024-05-29 12:15:00,1.92255,1.92257,1.92161,1.92167,951,8,0
2024-05-29 12:20:00,1.9216600000000001,1.9220899999999999,1.9215,1.92196,1089,8,0
2024-05-29 12:25:00,1.92196,1.9220899999999999,1.9215900000000001,1.92174,1028,8,0
2024-05-29 12:30:00,1.92174,1.92191,1.9213900000000002,1.92168,1127,8,0
2024-05-29 12:35:00,1.92168,1.92176,1.92099,1.92099,992,8,0
2024-05-29 12:40:00,1.92102,1.9213200000000001,1.9209,1.92099,791,8,0
2024-05-29 12:45:00,1.92099,1.92167,1.92075,1.92144,874,8,0
2024-05-29 12:50:00,1.92144,1.92208,1.92119,1.92208,1053,8,0
2024-05-29 12:55:00,1.92206,1.92231,1.92151,1.92208,1090,8,0
2024-05-29 13:00:00,1.92206,1.9223400000000002,1.92183,1.92194,1305,8,0
2024-05-29 13:05:00,1.92194,1.92262,1.92187,1.92228,1230,8,0
2024-05-29 13:10:00,1.92222,1.92232,1.9215900000000001,1.92174,1098,8,0
2024-05-29 13:15:00,1.92174,1.92232,1.92165,1.92225,1027,8,0
2024-05-29 13:20:00,1.92225,1.9226299999999998,1.92192,1.9219300000000001,839,8,0
2024-05-29 13:25:00,1.9219300000000001,1.92198,1.9211200000000002,1.92118,893,8,0
2024-05-29 13:30:00,1.92117,1.92196,1.92093,1.92179,1334,8,0
2024-05-29 13:35:00,1.92179,1.9221300000000001,1.92143,1.92149,1293,8,0
2024-05-29 13:40:00,1.9215,1.92204,1.9214,1.92199,1226,8,0
2024-05-29 13:45:00,1.92195,1.92268,1.92178,1.9224299999999999,1239,8,0
2024-05-29 13:50:00,1.9224299999999999,1.92262,1.92111,1.92169,1255,8,0
2024-05-29 13:55:00,1.9217,1.92179,1.92123,1.92131,1403,8,0
2024-05-29 14:00:00,1.92131,1.92196,1.92118,1.92168,1246,8,0
2024-05-29 14:05:00,1.92167,1.92231,1.92137,1.9222299999999999,1341,8,0
2024-05-29 14:10:00,1.92222,1.92282,1.9220199999999998,1.92248,1254,8,0
2024-05-29 14:15:00,1.92248,1.92259,1.92199,1.9220899999999999,1059,8,0
2024-05-29 14:20:00,1.9220899999999999,1.9226100000000002,1.9216199999999999,1.92197,1373,8,0
2024-05-29 14:25:00,1.92198,1.92221,1.9214,1.92149,1269,8,0
2024-05-29 14:30:00,1.92149,1.92167,1.92069,1.92093,1252,8,0
2024-05-29 14:35:00,1.9209399999999999,1.921,1.92045,1.92069,1299,8,0
2024-05-29 14:40:00,1.92069,1.92106,1.9199000000000002,1.9209800000000001,1396,8,0
2024-05-29 14:45:00,1.9209800000000001,1.92108,1.92038,1.92052,1298,8,0
2024-05-29 14:50:00,1.92052,1.92197,1.9203299999999999,1.92136,1666,8,0
2024-05-29 14:55:00,1.92136,1.92157,1.92029,1.9203000000000001,1871,8,0
2024-05-29 15:00:00,1.92032,1.92057,1.92004,1.92024,1663,8,0
2024-05-29 15:05:00,1.92024,1.92075,1.92015,1.9203299999999999,1186,8,0
2024-05-29 15:10:00,1.9203299999999999,1.92061,1.92016,1.9205,1172,8,0
2024-05-29 15:15:00,1.9205,1.92066,1.9201000000000001,1.92024,1290,8,0
2024-05-29 15:20:00,1.92024,1.9205100000000002,1.91995,1.92007,1106,8,0
2024-05-29 15:25:00,1.92007,1.9203999999999999,1.91989,1.92039,1080,8,0
2024-05-29 15:30:00,1.92039,1.92077,1.92027,1.92074,1112,8,0
2024-05-29 15:35:00,1.92073,1.92104,1.92069,1.9210099999999999,967,8,0
2024-05-29 15:40:00,1.9210099999999999,1.9211,1.92049,1.92074,998,8,0
2024-05-29 15:45:00,1.92074,1.92076,1.9203999999999999,1.92047,916,8,0
2024-05-29 15:50:00,1.92047,1.92076,1.92031,1.92034,977,8,0
2024-05-29 15:55:00,1.92034,1.9209800000000001,1.92029,1.92081,996,8,0
2024-05-29 16:00:00,1.92081,1.9215,1.92077,1.92115,984,8,0
2024-05-29 16:05:00,1.92115,1.92151,1.92111,1.9212,905,8,0
2024-05-29 16:10:00,1.9212,1.92205,1.9207800000000002,1.92198,855,8,0
2024-05-29 16:15:00,1.92199,1.9221,1.92146,1.92154,924,8,0
2024-05-29 16:20:00,1.92154,1.92154,1.92092,1.92109,850,8,0
2024-05-29 16:25:00,1.92109,1.92113,1.92068,1.92092,833,8,0
2024-05-29 16:30:00,1.92092,1.9213,1.9207999999999998,1.9208699999999999,806,8,0
2024-05-29 16:35:00,1.9208699999999999,1.92119,1.9208699999999999,1.9211399999999998,711,8,0
2024-05-29 16:40:00,1.9211399999999998,1.92135,1.9208699999999999,1.92126,691,8,0
2024-05-29 16:45:00,1.92126,1.9215900000000001,1.92118,1.9214099999999998,619,8,0
2024-05-29 16:50:00,1.9214099999999998,1.92144,1.9210099999999999,1.92116,685,8,0
2024-05-29 16:55:00,1.92116,1.9215200000000001,1.9210500000000001,1.92123,759,8,0
2024-05-29 17:00:00,1.92123,1.9216600000000001,1.92107,1.92158,1483,8,0
2024-05-29 17:05:00,1.92158,1.92179,1.9211200000000002,1.92149,1131,8,0
2024-05-29 17:10:00,1.9215,1.92177,1.92133,1.9217300000000002,920,8,0
2024-05-29 17:15:00,1.9217300000000002,1.92185,1.92137,1.9214099999999998,762,8,0
2024-05-29 17:20:00,1.9214099999999998,1.92163,1.92124,1.92156,817,8,0
2024-05-29 17:25:00,1.92156,1.9215900000000001,1.92097,1.92102,807,8,0
2024-05-29 17:30:00,1.92102,1.9214799999999999,1.92099,1.92131,848,8,0
2024-05-29 17:35:00,1.9213,1.92151,1.92118,1.9213900000000002,736,8,0
2024-05-29 17:40:00,1.9213900000000002,1.9216199999999999,1.92127,1.92145,730,8,0
2024-05-29 17:45:00,1.92145,1.92156,1.92115,1.92117,564,8,0
2024-05-29 17:50:00,1.92117,1.92144,1.92077,1.92088,743,8,0
2024-05-29 17:55:00,1.92089,1.9209399999999999,1.92065,1.92073,627,8,0
2024-05-29 18:00:00,1.9207100000000001,1.92095,1.92036,1.92038,523,8,0
2024-05-29 18:05:00,1.92038,1.92042,1.92014,1.92041,589,8,0
2024-05-29 18:10:00,1.92041,1.92049,1.91995,1.9203000000000001,531,8,0
2024-05-29 18:15:00,1.9203000000000001,1.9205,1.92014,1.92049,607,8,0
2024-05-29 18:20:00,1.92049,1.9205999999999999,1.92023,1.92024,594,8,0
2024-05-29 18:25:00,1.92024,1.9205299999999998,1.92024,1.9205299999999998,545,8,0
2024-05-29 18:30:00,1.9205299999999998,1.92066,1.92042,1.92065,611,8,0
2024-05-29 18:35:00,1.9206400000000001,1.9207999999999998,1.9204599999999998,1.9207800000000002,563,8,0
2024-05-29 18:40:00,1.9207800000000002,1.92082,1.92007,1.92015,692,8,0
2024-05-29 18:45:00,1.92014,1.92041,1.92008,1.92009,735,8,0
2024-05-29 18:50:00,1.92009,1.92009,1.9197199999999999,1.9198,665,8,0
2024-05-29 18:55:00,1.9198,1.92016,1.9197600000000001,1.92012,629,8,0
2024-05-29 19:00:00,1.92012,1.92012,1.91941,1.9194499999999999,489,8,0
2024-05-29 19:05:00,1.9194499999999999,1.91962,1.91917,1.91923,574,8,0
2024-05-29 19:10:00,1.9192200000000001,1.9196,1.919,1.91913,679,8,0
2024-05-29 19:15:00,1.91912,1.91928,1.91912,1.9192200000000001,539,8,0
2024-05-29 19:20:00,1.9192200000000001,1.9193500000000001,1.91898,1.91901,315,8,0
2024-05-29 19:25:00,1.91899,1.91937,1.91899,1.91934,523,8,0
2024-05-29 19:30:00,1.91934,1.9199199999999998,1.9193099999999998,1.9195600000000002,675,8,0
2024-05-29 19:35:00,1.9195600000000002,1.91971,1.91936,1.9197,496,8,0
2024-05-29 19:40:00,1.9197,1.9200599999999999,1.9197,1.92002,619,8,0
2024-05-29 19:45:00,1.92002,1.9201700000000002,1.91986,1.92011,653,8,0
2024-05-29 19:50:00,1.92011,1.9201700000000002,1.91988,1.92016,852,8,0
2024-05-29 19:55:00,1.92016,1.92039,1.92011,1.92014,726,8,0
2024-05-29 20:00:00,1.92014,1.9204400000000001,1.92009,1.92043,495,8,0
2024-05-29 20:05:00,1.92043,1.92054,1.92028,1.92029,240,8,0
2024-05-29 20:10:00,1.92029,1.92052,1.92028,1.92043,108,8,0
2024-05-29 20:15:00,1.9204400000000001,1.92055,1.92042,1.92045,69,8,0
2024-05-29 20:20:00,1.92045,1.9205299999999998,1.92036,1.92043,53,8,0
2024-05-29 20:25:00,1.92043,1.92058,1.92027,1.9205299999999998,121,8,0
2024-05-29 20:30:00,1.9205299999999998,1.92086,1.92038,1.92082,76,8,0
2024-05-29 20:35:00,1.92082,1.92097,1.92075,1.9208699999999999,147,8,0
2024-05-29 20:40:00,1.9208699999999999,1.9212099999999999,1.9208699999999999,1.92111,157,8,0
2024-05-29 20:45:00,1.92111,1.92118,1.92093,1.9211,114,8,0
2024-05-29 20:50:00,1.92108,1.92145,1.9209,1.9213200000000001,204,8,0
2024-05-29 20:55:00,1.9213200000000001,1.92149,1.9212099999999999,1.92135,227,8,0
2024-05-29 21:00:00,1.92135,1.92135,1.92065,1.9206699999999999,20,11,0
2024-05-29 21:05:00,1.9206699999999999,1.92097,1.9206400000000001,1.9207800000000002,21,47,0
2024-05-29 21:10:00,1.9207800000000002,1.92147,1.9205299999999998,1.92115,61,21,0
2024-05-29 21:15:00,1.92115,1.9216199999999999,1.92106,1.9215900000000001,46,19,0
2024-05-29 21:20:00,1.9215900000000001,1.92169,1.9215499999999999,1.9216600000000001,24,17,0
2024-05-29 21:25:00,1.92168,1.92168,1.92119,1.92123,40,47,0
2024-05-29 21:30:00,1.92118,1.92127,1.9211,1.92122,52,44,0
2024-05-29 21:35:00,1.92118,1.9212099999999999,1.92079,1.92099,67,49,0
2024-05-29 21:40:00,1.92099,1.92113,1.92097,1.9211200000000002,79,42,0
2024-05-29 21:45:00,1.9211,1.92119,1.92081,1.92118,92,29,0
2024-05-29 21:50:00,1.92118,1.9212500000000001,1.9210099999999999,1.9212,122,28,0
2024-05-29 21:55:00,1.9212,1.92129,1.9208699999999999,1.92104,175,34,0
2024-05-29 22:00:00,1.92104,1.92157,1.9206699999999999,1.92124,228,8,0
2024-05-29 22:05:00,1.92124,1.9213,1.9212099999999999,1.9212799999999999,33,8,0
2024-05-29 22:10:00,1.9212799999999999,1.92136,1.9212799999999999,1.9213200000000001,43,8,0
2024-05-29 22:15:00,1.9213200000000001,1.92144,1.9212,1.92124,62,8,0
2024-05-29 22:20:00,1.92124,1.92134,1.92124,1.9212500000000001,51,8,0
2024-05-29 22:25:00,1.9212500000000001,1.92153,1.92118,1.92144,60,8,0
2024-05-29 22:30:00,1.92144,1.9215200000000001,1.9210500000000001,1.92111,70,8,0
2024-05-29 22:35:00,1.92111,1.92163,1.92111,1.9215200000000001,106,8,0
2024-05-29 22:40:00,1.9215200000000001,1.92154,1.92135,1.9214,79,11,0
2024-05-29 22:45:00,1.9214,1.92157,1.92137,1.92146,93,8,0
2024-05-29 22:50:00,1.92146,1.92151,1.92134,1.92147,251,8,0
2024-05-29 22:55:00,1.92147,1.9215200000000001,1.9212500000000001,1.92136,140,8,0
2024-05-29 23:00:00,1.92138,1.9219300000000001,1.9212799999999999,1.92165,284,8,0
2024-05-29 23:05:00,1.92165,1.9218199999999999,1.9214799999999999,1.9215200000000001,244,8,0
2024-05-29 23:10:00,1.9215200000000001,1.9215499999999999,1.92116,1.9212500000000001,207,8,0
2024-05-29 23:15:00,1.92126,1.9213900000000002,1.92104,1.92113,195,8,0
2024-05-29 23:20:00,1.9211200000000002,1.92129,1.9210500000000001,1.9212799999999999,190,8,0
2024-05-29 23:25:00,1.9212799999999999,1.9215499999999999,1.9212799999999999,1.9213900000000002,246,8,0
2024-05-29 23:30:00,1.9213900000000002,1.92151,1.9210500000000001,1.92107,188,8,0
2024-05-29 23:35:00,1.92107,1.92124,1.92088,1.921,250,8,0
2024-05-29 23:40:00,1.921,1.9210099999999999,1.92052,1.9206400000000001,329,8,0
2024-05-29 23:45:00,1.9206400000000001,1.92068,1.92025,1.92055,303,8,0
2024-05-29 23:50:00,1.92056,1.92092,1.92045,1.92048,391,8,0
2024-05-29 23:55:00,1.92048,1.92048,1.91962,1.91991,478,8,0
2024-05-30 00:00:00,1.91991,1.9201700000000002,1.9194900000000001,1.9201700000000002,958,8,0
2024-05-30 00:05:00,1.9201700000000002,1.9203000000000001,1.9197899999999999,1.92027,600,8,0
2024-05-30 00:10:00,1.9203000000000001,1.92092,1.92025,1.9207,881,8,0
2024-05-30 00:15:00,1.9207,1.92088,1.9203999999999999,1.9205999999999999,791,8,0
2024-05-30 00:20:00,1.92061,1.92083,1.92002,1.92018,683,8,0
2024-05-30 00:25:00,1.92018,1.92042,1.91967,1.91975,610,8,0
2024-05-30 00:30:00,1.9197600000000001,1.9202599999999999,1.91975,1.9199899999999999,594,8,0
2024-05-30 00:35:00,1.91998,1.92055,1.91997,1.9202,657,8,0
2024-05-30 00:40:00,1.9201899999999998,1.9207999999999998,1.92018,1.92054,612,8,0
2024-05-30 00:45:00,1.92056,1.92059,1.91975,1.9199000000000002,568,8,0
2024-05-30 00:50:00,1.9199000000000002,1.92028,1.91975,1.92023,769,8,0
2024-05-30 00:55:00,1.92025,1.92045,1.91977,1.92012,805,8,0
2024-05-30 01:00:00,1.92012,1.92052,1.91967,1.91968,1119,8,0
2024-05-30 01:05:00,1.91968,1.91993,1.91933,1.91973,691,8,0
2024-05-30 01:10:00,1.91973,1.91978,1.9191500000000001,1.91948,630,8,0
2024-05-30 01:15:00,1.91948,1.91952,1.9186299999999998,1.9188399999999999,898,8,0
2024-05-30 01:20:00,1.9188399999999999,1.91991,1.91871,1.91963,804,8,0
2024-05-30 01:25:00,1.91963,1.9197899999999999,1.91936,1.91947,538,8,0
2024-05-30 01:30:00,1.91946,1.9203700000000001,1.91926,1.91964,1053,8,0
2024-05-30 01:35:00,1.91964,1.92004,1.91927,1.91943,1026,8,0
2024-05-30 01:40:00,1.91943,1.92013,1.91917,1.91984,1136,8,0
2024-05-30 01:45:00,1.91981,1.92015,1.91947,1.91996,1068,8,0
2024-05-30 01:50:00,1.91997,1.92075,1.9199000000000002,1.92049,941,8,0
2024-05-30 01:55:00,1.9205,1.92062,1.9201700000000002,1.9202,691,8,0
2024-05-30 02:00:00,1.92021,1.92021,1.9195799999999998,1.9200300000000001,796,8,0
2024-05-30 02:05:00,1.9200300000000001,1.92052,1.9197600000000001,1.92039,785,8,0
2024-05-30 02:10:00,1.92039,1.92054,1.9197600000000001,1.9199199999999998,506,8,0
2024-05-30 02:15:00,1.9199199999999998,1.92018,1.91984,1.91991,604,8,0
2024-05-30 02:20:00,1.91993,1.92032,1.91989,1.92022,514,8,0
2024-05-30 02:25:00,1.92022,1.92045,1.92013,1.92039,543,8,0
2024-05-30 02:30:00,1.92039,1.92116,1.9203700000000001,1.92097,561,8,0
2024-05-30 02:35:00,1.92097,1.9214799999999999,1.92082,1.9214799999999999,617,8,0
2024-05-30 02:40:00,1.92145,1.92195,1.92113,1.9219300000000001,729,8,0
2024-05-30 02:45:00,1.92194,1.92271,1.92187,1.9219300000000001,980,8,0
2024-05-30 02:50:00,1.92194,1.92219,1.92185,1.9220199999999998,653,8,0
2024-05-30 02:55:00,1.9220199999999998,1.92215,1.92154,1.92161,666,8,0
2024-05-30 03:00:00,1.92161,1.92185,1.92136,1.92154,667,8,0
2024-05-30 03:05:00,1.92154,1.92176,1.92117,1.92119,461,8,0
2024-05-30 03:10:00,1.92119,1.92135,1.92084,1.9211200000000002,416,8,0
2024-05-30 03:15:00,1.9211200000000002,1.9213200000000001,1.92068,1.9207,479,8,0
2024-05-30 03:20:00,1.9207100000000001,1.92137,1.92052,1.92117,562,8,0
2024-05-30 03:25:00,1.92117,1.9214,1.9210500000000001,1.92109,517,8,0
2024-05-30 03:30:00,1.92109,1.9214099999999998,1.9208699999999999,1.92118,563,8,0
2024-05-30 03:35:00,1.92117,1.9212500000000001,1.92075,1.9210099999999999,555,8,0
2024-05-30 03:40:00,1.9210099999999999,1.92131,1.92099,1.92099,437,8,0
2024-05-30 03:45:00,1.92099,1.92102,1.92038,1.92039,374,8,0
2024-05-30 03:50:00,1.92039,1.92072,1.9203299999999999,1.92038,475,8,0
2024-05-30 03:55:00,1.92038,1.9209100000000001,1.92034,1.92085,461,8,0
2024-05-30 04:00:00,1.92084,1.92129,1.92077,1.9207999999999998,499,8,0
2024-05-30 04:05:00,1.9207999999999998,1.92089,1.92047,1.92076,412,8,0
2024-05-30 04:10:00,1.92076,1.92077,1.9203299999999999,1.92035,401,8,0
2024-05-30 04:15:00,1.92035,1.92058,1.9203000000000001,1.92043,466,8,0
2024-05-30 04:20:00,1.92043,1.9206400000000001,1.92032,1.92036,411,8,0
2024-05-30 04:25:00,1.92036,1.9211,1.92034,1.92108,431,8,0
2024-05-30 04:30:00,1.92107,1.92124,1.92082,1.92119,409,8,0
2024-05-30 04:35:00,1.92119,1.92157,1.92099,1.92142,550,8,0
2024-05-30 04:40:00,1.92142,1.92157,1.9210500000000001,1.9212,521,8,0
2024-05-30 04:45:00,1.9212099999999999,1.9214099999999998,1.921,1.92119,491,8,0
2024-05-30 04:50:00,1.92119,1.92145,1.9211,1.9212799999999999,524,8,0
2024-05-30 04:55:00,1.92131,1.92153,1.92117,1.92147,430,8,0
2024-05-30 05:00:00,1.92147,1.9221599999999999,1.92147,1.92197,635,8,0
2024-05-30 05:05:00,1.92197,1.92214,1.9218600000000001,1.9221,419,8,0
2024-05-30 05:10:00,1.9220899999999999,1.92239,1.92197,1.92233,453,8,0
2024-05-30 05:15:00,1.92233,1.92282,1.9221599999999999,1.92268,559,8,0
2024-05-30 05:20:00,1.92268,1.9228399999999999,1.9223599999999998,1.92271,566,8,0
2024-05-30 05:25:00,1.92271,1.92323,1.9226,1.92301,653,8,0
2024-05-30 05:30:00,1.92301,1.92381,1.9229500000000002,1.92374,703,8,0
2024-05-30 05:35:00,1.92374,1.92421,1.9232,1.92421,824,8,0
2024-05-30 05:40:00,1.9241899999999998,1.9244599999999998,1.9237,1.92408,996,8,0
2024-05-30 05:45:00,1.9241000000000001,1.92445,1.92398,1.92442,815,8,0
2024-05-30 05:50:00,1.92443,1.9245100000000002,1.92359,1.9237600000000001,990,8,0
2024-05-30 05:55:00,1.9237600000000001,1.92379,1.92318,1.9234200000000001,610,8,0
2024-05-30 06:00:00,1.9234200000000001,1.92354,1.92283,1.92332,1039,8,0
2024-05-30 06:05:00,1.92332,1.92333,1.92268,1.92314,876,8,0
2024-05-30 06:10:00,1.92314,1.92395,1.9230800000000001,1.9233500000000001,893,8,0
2024-05-30 06:15:00,1.9233500000000001,1.92373,1.9231,1.9233099999999999,717,8,0
2024-05-30 06:20:00,1.9233,1.92364,1.92301,1.9233500000000001,643,8,0
2024-05-30 06:25:00,1.9233500000000001,1.9233500000000001,1.92294,1.92301,566,8,0
2024-05-30 06:30:00,1.92301,1.92359,1.92273,1.92359,765,8,0
2024-05-30 06:35:00,1.92359,1.9239199999999999,1.92332,1.9234499999999999,812,8,0
2024-05-30 06:40:00,1.9234499999999999,1.92347,1.92289,1.92291,800,8,0
2024-05-30 06:45:00,1.9229,1.92312,1.9226,1.9230399999999999,820,8,0
2024-05-30 06:50:00,1.92303,1.92318,1.92204,1.92229,957,8,0
2024-05-30 06:55:00,1.92229,1.92258,1.92201,1.92208,757,8,0
2024-05-30 07:00:00,1.92208,1.92346,1.92207,1.92339,1050,8,0
2024-05-30 07:05:00,1.92339,1.9239000000000002,1.92332,1.92363,1028,8,0
2024-05-30 07:10:00,1.92361,1.92362,1.92291,1.92346,1161,8,0
2024-05-30 07:15:00,1.92347,1.9238,1.92319,1.92323,935,8,0
2024-05-30 07:20:00,1.92323,1.92348,1.9228800000000001,1.92344,847,8,0
2024-05-30 07:25:00,1.92344,1.92344,1.92282,1.92292,879,8,0
2024-05-30 07:30:00,1.92292,1.92301,1.9224700000000001,1.92255,897,8,0
2024-05-30 07:35:00,1.92255,1.9228800000000001,1.92233,1.9224,869,8,0
2024-05-30 07:40:00,1.9224,1.92275,1.92226,1.92228,748,8,0
2024-05-30 07:45:00,1.9222700000000001,1.92251,1.92188,1.9223400000000002,1021,8,0
2024-05-30 07:50:00,1.9223400000000002,1.9227400000000001,1.92214,1.92252,669,8,0
2024-05-30 07:55:00,1.92252,1.9232,1.92248,1.92302,784,8,0
2024-05-30 08:00:00,1.923,1.92312,1.92212,1.92212,1059,8,0
2024-05-30 08:05:00,1.9221300000000001,1.92305,1.92203,1.92214,1003,8,0
2024-05-30 08:10:00,1.92215,1.9228100000000001,1.92214,1.92258,885,8,0
2024-05-30 08:15:00,1.92258,1.92266,1.9218,1.92201,959,8,0
2024-05-30 08:20:00,1.92201,1.92231,1.92181,1.92184,865,8,0
2024-05-30 08:25:00,1.92184,1.92255,1.9217499999999998,1.92228,852,8,0
2024-05-30 08:30:00,1.92228,1.92229,1.92197,1.92211,748,8,0
2024-05-30 08:35:00,1.92211,1.9222299999999999,1.92176,1.92196,790,8,0
2024-05-30 08:40:00,1.92196,1.92214,1.92171,1.9218,760,8,0
2024-05-30 08:45:00,1.92181,1.92203,1.9214799999999999,1.9217300000000002,601,8,0
2024-05-30 08:50:00,1.9217300000000002,1.9219300000000001,1.92156,1.92181,644,8,0
2024-05-30 08:55:00,1.92181,1.9223,1.9215,1.9219,797,8,0
2024-05-30 09:00:00,1.9219,1.92203,1.9215,1.92157,861,8,0
2024-05-30 09:05:00,1.92158,1.92179,1.9212799999999999,1.92165,913,8,0
2024-05-30 09:10:00,1.92165,1.92217,1.9215900000000001,1.92205,740,8,0
2024-05-30 09:15:00,1.92207,1.92207,1.92167,1.92194,691,8,0
2024-05-30 09:20:00,1.92194,1.92241,1.92177,1.92235,588,8,0
2024-05-30 09:25:00,1.92235,1.92251,1.92201,1.92229,715,8,0
2024-05-30 09:30:00,1.92229,1.92307,1.9222700000000001,1.92306,810,8,0
2024-05-30 09:35:00,1.92306,1.9233099999999999,1.92291,1.92319,986,8,0
2024-05-30 09:40:00,1.92319,1.9234,1.92258,1.9226100000000002,777,8,0
2024-05-30 09:45:00,1.9226100000000002,1.92353,1.9226100000000002,1.92325,762,8,0
2024-05-30 09:50:00,1.92325,1.92339,1.9227400000000001,1.92285,739,8,0
2024-05-30 09:55:00,1.92285,1.92289,1.92214,1.92219,700,8,0
2024-05-30 10:00:00,1.92219,1.9223599999999998,1.92181,1.92199,857,8,0
2024-05-30 10:05:00,1.92199,1.92244,1.92163,1.9223400000000002,686,8,0
2024-05-30 10:10:00,1.9223400000000002,1.92249,1.92214,1.92225,398,8,0
2024-05-30 10:15:00,1.92225,1.92245,1.92199,1.92242,590,8,0
2024-05-30 10:20:00,1.92242,1.92268,1.92231,1.92246,635,8,0
2024-05-30 10:25:00,1.92246,1.9227699999999999,1.92245,1.9224999999999999,582,8,0
2024-05-30 10:30:00,1.9224999999999999,1.92279,1.92244,1.92271,466,8,0
2024-05-30 10:35:00,1.92271,1.92291,1.92252,1.9228,472,8,0
2024-05-30 10:40:00,1.9228,1.9228,1.92201,1.92212,551,8,0
2024-05-30 10:45:00,1.9220899999999999,1.9220899999999999,1.9216199999999999,1.92165,703,8,0
2024-05-30 10:50:00,1.92165,1.92179,1.9212099999999999,1.92129,547,8,0
2024-05-30 10:55:00,1.92129,1.92151,1.921,1.92103,726,8,0
2024-05-30 11:00:00,1.92103,1.92169,1.92075,1.9215,807,8,0
2024-05-30 11:05:00,1.92151,1.92156,1.92118,1.9213900000000002,675,8,0
2024-05-30 11:10:00,1.9213900000000002,1.92199,1.9213900000000002,1.92156,516,8,0
2024-05-30 11:15:00,1.92156,1.92171,1.92129,1.92134,585,8,0
2024-05-30 11:20:00,1.92134,1.92143,1.9211,1.92113,505,8,0
2024-05-30 11:25:00,1.92113,1.92124,1.9205100000000002,1.92056,596,8,0
2024-05-30 11:30:00,1.92056,1.9206400000000001,1.91977,1.91978,635,8,0
2024-05-30 11:35:00,1.91977,1.92012,1.91963,1.9197600000000001,621,8,0
2024-05-30 11:40:00,1.91975,1.91977,1.91934,1.9193500000000001,471,8,0
2024-05-30 11:45:00,1.9193500000000001,1.91943,1.9184999999999999,1.9185699999999999,615,8,0
2024-05-30 11:50:00,1.9185699999999999,1.91896,1.91842,1.91889,511,8,0
2024-05-30 11:55:00,1.9189,1.91957,1.91855,1.91944,707,8,0
2024-05-30 12:00:00,1.91944,1.92014,1.91944,1.92013,964,8,0
2024-05-30 12:05:00,1.92013,1.92029,1.91975,1.92016,815,8,0
2024-05-30 12:10:00,1.92016,1.9203299999999999,1.9198300000000001,1.92013,738,8,0
2024-05-30 12:15:00,1.92013,1.92036,1.92004,1.9201000000000001,558,8,0
2024-05-30 12:20:00,1.92013,1.92024,1.9196,1.92007,713,8,0
2024-05-30 12:25:00,1.92007,1.92035,1.91953,1.9195600000000002,663,8,0
2024-05-30 12:30:00,1.9195600000000002,1.91997,1.9181300000000001,1.9191799999999999,2016,8,0
2024-05-30 12:35:00,1.9191799999999999,1.91928,1.91835,1.91883,1461,8,0
2024-05-30 12:40:00,1.91882,1.91883,1.91785,1.91814,1327,8,0
2024-05-30 12:45:00,1.91812,1.9182700000000001,1.9178199999999999,1.91792,1210,8,0
2024-05-30 12:50:00,1.91792,1.91865,1.91761,1.9184,1134,8,0
2024-05-30 12:55:00,1.9184,1.91845,1.91791,1.91829,1428,8,0
2024-05-30 13:00:00,1.91826,1.91842,1.91768,1.91779,1427,8,0
2024-05-30 13:05:00,1.91779,1.91783,1.91672,1.91743,1144,8,0
2024-05-30 13:10:00,1.91743,1.9178199999999999,1.91723,1.91768,1288,8,0
2024-05-30 13:15:00,1.91767,1.91862,1.91767,1.9186100000000001,1229,8,0
2024-05-30 13:20:00,1.9186100000000001,1.91883,1.9184,1.91846,863,8,0
2024-05-30 13:25:00,1.91846,1.9186299999999998,1.91794,1.9186299999999998,1021,8,0
2024-05-30 13:30:00,1.9186299999999998,1.91892,1.91792,1.9182299999999999,1494,8,0
2024-05-30 13:35:00,1.9182299999999999,1.9190399999999999,1.91818,1.91878,1336,8,0
2024-05-30 13:40:00,1.91878,1.91882,1.9182000000000001,1.9186999999999999,1408,8,0
2024-05-30 13:45:00,1.9186999999999999,1.9186999999999999,1.91764,1.9180700000000002,1386,8,0
2024-05-30 13:50:00,1.9180700000000002,1.91867,1.91768,1.91797,1112,8,0
2024-05-30 13:55:00,1.91797,1.91846,1.91785,1.91842,1176,8,0
2024-05-30 14:00:00,1.91841,1.91841,1.91711,1.9171200000000002,1539,8,0
2024-05-30 14:05:00,1.91713,1.9173499999999999,1.9163999999999999,1.91673,1192,8,0
2024-05-30 14:10:00,1.91669,1.91784,1.91669,1.9175499999999999,1295,8,0
2024-05-30 14:15:00,1.9175499999999999,1.91764,1.91668,1.91684,1071,8,0
2024-05-30 14:20:00,1.91684,1.9174600000000002,1.91669,1.91734,1057,8,0
2024-05-30 14:25:00,1.91736,1.91743,1.91634,1.91715,863,8,0
2024-05-30 14:30:00,1.91715,1.91743,1.9169399999999999,1.9171399999999998,812,8,0
2024-05-30 14:35:00,1.91711,1.91772,1.9169,1.91758,809,8,0
2024-05-30 14:40:00,1.9175900000000001,1.9180899999999999,1.9175200000000001,1.91804,1095,8,0
2024-05-30 14:45:00,1.91804,1.91844,1.91769,1.91804,1223,8,0
2024-05-30 14:50:00,1.91804,1.9184299999999999,1.91797,1.91833,1208,8,0
2024-05-30 14:55:00,1.91833,1.91864,1.91771,1.9177499999999998,1222,8,0
2024-05-30 15:00:00,1.9177499999999998,1.9182000000000001,1.9175900000000001,1.91818,1226,8,0
2024-05-30 15:05:00,1.9182000000000001,1.9189,1.9181300000000001,1.9187400000000001,1140,8,0
2024-05-30 15:10:00,1.9187400000000001,1.91882,1.91792,1.91811,910,8,0
2024-05-30 15:15:00,1.91811,1.91826,1.9177499999999998,1.91779,1006,8,0
2024-05-30 15:20:00,1.91779,1.91788,1.91745,1.91757,992,8,0
2024-05-30 15:25:00,1.91757,1.91779,1.9172099999999999,1.91744,776,8,0
2024-05-30 15:30:00,1.91744,1.9178899999999999,1.91733,1.91749,942,8,0
2024-05-30 15:35:00,1.91749,1.9181300000000001,1.9173499999999999,1.91805,882,8,0
2024-05-30 15:40:00,1.91805,1.91829,1.91776,1.91822,656,8,0
2024-05-30 15:45:00,1.9182299999999999,1.91835,1.9178600000000001,1.9183400000000002,644,8,0
2024-05-30 15:50:00,1.9183400000000002,1.91837,1.91779,1.91799,731,8,0
2024-05-30 15:55:00,1.91799,1.9182299999999999,1.91791,1.91792,769,8,0
2024-05-30 16:00:00,1.9179300000000001,1.91799,1.91764,1.91768,817,8,0
2024-05-30 16:05:00,1.91769,1.91784,1.91724,1.91768,833,8,0
2024-05-30 16:10:00,1.91768,1.91791,1.9175499999999999,1.91784,533,8,0
2024-05-30 16:15:00,1.91785,1.91798,1.91771,1.91776,688,8,0
2024-05-30 16:20:00,1.91776,1.9182299999999999,1.91772,1.91812,587,8,0
2024-05-30 16:25:00,1.91812,1.91838,1.91808,1.91818,509,8,0
2024-05-30 16:30:00,1.91818,1.91819,1.9178199999999999,1.9178600000000001,587,8,0
2024-05-30 16:35:00,1.9178600000000001,1.91838,1.91781,1.91837,562,8,0
2024-05-30 16:40:00,1.91837,1.91856,1.91811,1.9182299999999999,571,8,0
2024-05-30 16:45:00,1.91824,1.9183400000000002,1.91788,1.9182700000000001,568,8,0
2024-05-30 16:50:00,1.91826,1.91839,1.91781,1.9179599999999999,478,8,0
2024-05-30 16:55:00,1.91798,1.91803,1.91758,1.9176,582,8,0
2024-05-30 17:00:00,1.9175900000000001,1.91772,1.9174600000000002,1.9176,709,8,0
2024-05-30 17:05:00,1.9176,1.91763,1.9173499999999999,1.91751,520,8,0
2024-05-30 17:10:00,1.91751,1.91799,1.91751,1.91787,576,8,0
2024-05-30 17:15:00,1.91787,1.91811,1.9178,1.9178,598,8,0
2024-05-30 17:20:00,1.9178,1.91784,1.9176,1.91771,531,8,0
2024-05-30 17:25:00,1.91772,1.91806,1.9175900000000001,1.91788,480,8,0
2024-05-30 17:30:00,1.91788,1.91801,1.91772,1.91798,476,8,0
2024-05-30 17:35:00,1.91798,1.9181300000000001,1.91792,1.91806,461,8,0
2024-05-30 17:40:00,1.91806,1.91815,1.91794,1.9181300000000001,364,8,0
2024-05-30 17:45:00,1.9181300000000001,1.91829,1.9180000000000001,1.9181599999999999,348,8,0
2024-05-30 17:50:00,1.9181599999999999,1.91851,1.9181599999999999,1.91824,418,8,0
2024-05-30 17:55:00,1.91824,1.91832,1.91804,1.91819,457,8,0
2024-05-30 18:00:00,1.91819,1.91838,1.91792,1.91837,574,8,0
2024-05-30 18:05:00,1.91837,1.91841,1.91825,1.91833,349,8,0
2024-05-30 18:10:00,1.9183400000000002,1.91844,1.91819,1.91824,408,8,0
2024-05-30 18:15:00,1.91824,1.91876,1.91822,1.91832,674,8,0
2024-05-30 18:20:00,1.91832,1.91849,1.91819,1.91838,586,8,0
2024-05-30 18:25:00,1.91839,1.91855,1.91821,1.9182700000000001,581,8,0
2024-05-30 18:30:00,1.9182700000000001,1.9185400000000001,1.91808,1.91848,354,8,0
2024-05-30 18:35:00,1.91848,1.91875,1.91848,1.91856,389,8,0
2024-05-30 18:40:00,1.91856,1.9186,1.91839,1.91841,438,8,0
2024-05-30 18:45:00,1.91841,1.9186999999999999,1.91835,1.91862,515,8,0
2024-05-30 18:50:00,1.91862,1.91864,1.91841,1.91852,486,8,0
2024-05-30 18:55:00,1.91852,1.91876,1.91846,1.91869,526,8,0
2024-05-30 19:00:00,1.9186999999999999,1.9189,1.91855,1.91885,621,8,0
2024-05-30 19:05:00,1.91885,1.91885,1.91865,1.91871,590,8,0
2024-05-30 19:10:00,1.91872,1.91878,1.9185400000000001,1.91864,502,8,0
2024-05-30 19:15:00,1.91864,1.91893,1.91859,1.9188800000000001,463,8,0
2024-05-30 19:20:00,1.9188800000000001,1.9192200000000001,1.9187699999999999,1.9191500000000001,725,8,0
2024-05-30 19:25:00,1.9191500000000001,1.9192200000000001,1.91886,1.91899,813,8,0
2024-05-30 19:30:00,1.91899,1.91927,1.91885,1.91919,632,8,0
2024-05-30 19:35:00,1.91919,1.9198,1.91913,1.9197199999999999,534,8,0
2024-05-30 19:40:00,1.9197,1.91988,1.91939,1.9196499999999999,709,8,0
2024-05-30 19:45:00,1.9196499999999999,1.92041,1.9196499999999999,1.9203700000000001,679,8,0
2024-05-30 19:50:00,1.9203700000000001,1.92042,1.91947,1.91963,886,8,0
2024-05-30 19:55:00,1.91963,1.91966,1.91917,1.9193,917,8,0
2024-05-30 20:00:00,1.9193099999999998,1.91973,1.9193,1.9194,449,8,0
2024-05-30 20:05:00,1.9194,1.91964,1.91936,1.9195600000000002,381,8,0
2024-05-30 20:10:00,1.9195600000000002,1.91962,1.91943,1.91953,180,8,0
2024-05-30 20:15:00,1.91952,1.91984,1.91952,1.9198300000000001,186,8,0
2024-05-30 20:20:00,1.9198300000000001,1.91996,1.91966,1.91966,165,8,0
2024-05-30 20:25:00,1.91966,1.9196900000000001,1.9195,1.91955,115,8,0
2024-05-30 20:30:00,1.91955,1.9196499999999999,1.91947,1.91952,140,8,0
2024-05-30 20:35:00,1.91952,1.91974,1.91939,1.9196499999999999,101,8,0
2024-05-30 20:40:00,1.91966,1.91974,1.91964,1.91967,76,9,0
2024-05-30 20:45:00,1.91967,1.91975,1.91954,1.91962,64,8,0
2024-05-30 20:50:00,1.91962,1.91991,1.91934,1.91968,226,8,0
2024-05-30 20:55:00,1.91968,1.91975,1.91937,1.9193799999999999,349,9,0
2024-05-30 21:00:00,1.91937,1.91937,1.91937,1.91937,1,16,0
2024-05-30 21:05:00,1.91765,1.91858,1.9174,1.91764,47,111,0
2024-05-30 21:10:00,1.91764,1.9199899999999999,1.9175900000000001,1.91986,137,20,0
2024-05-30 21:15:00,1.91982,1.9199899999999999,1.91898,1.9199899999999999,96,21,0
2024-05-30 21:20:00,1.9199899999999999,1.9199899999999999,1.91907,1.9193799999999999,68,21,0
2024-05-30 21:25:00,1.9193799999999999,1.92001,1.9192,1.9194,83,35,0
2024-05-30 21:30:00,1.91932,1.91939,1.9191,1.91925,38,60,0
2024-05-30 21:35:00,1.91925,1.91941,1.91912,1.9192900000000002,77,43,0
2024-05-30 21:40:00,1.9193500000000001,1.91941,1.9191099999999999,1.91925,142,40,0
2024-05-30 21:45:00,1.91925,1.9195,1.91907,1.9194200000000001,172,45,0
2024-05-30 21:50:00,1.9194200000000001,1.91964,1.91905,1.91943,255,37,0
2024-05-30 21:55:00,1.91943,1.91966,1.9190800000000001,1.9195799999999998,220,18,0
2024-05-30 22:00:00,1.9195600000000002,1.91974,1.91925,1.91947,194,13,0
2024-05-30 22:05:00,1.91947,1.9197199999999999,1.91941,1.9196,68,12,0
2024-05-30 22:10:00,1.9196,1.9196499999999999,1.9194900000000001,1.91959,79,11,0
2024-05-30 22:15:00,1.91959,1.91984,1.9194900000000001,1.91962,116,11,0
2024-05-30 22:20:00,1.91962,1.9196499999999999,1.9194200000000001,1.9194200000000001,111,9,0
2024-05-30 22:25:00,1.9194200000000001,1.9196,1.9194,1.91951,133,8,0
2024-05-30 22:30:00,1.91951,1.91988,1.91943,1.91984,126,8,0
2024-05-30 22:35:00,1.9198499999999998,1.91989,1.91962,1.9198,108,8,0
2024-05-30 22:40:00,1.9198,1.9199000000000002,1.91962,1.9197199999999999,179,8,0
2024-05-30 22:45:00,1.9197199999999999,1.91986,1.91964,1.9198499999999998,71,13,0
2024-05-30 22:50:00,1.9198499999999998,1.91994,1.91977,1.9198,133,8,0
2024-05-30 22:55:00,1.9198,1.91989,1.91959,1.91962,86,8,0
2024-05-30 23:00:00,1.91961,1.9197899999999999,1.9194900000000001,1.91961,194,8,0
2024-05-30 23:05:00,1.91961,1.9197199999999999,1.91941,1.91954,232,8,0
2024-05-30 23:10:00,1.91959,1.9198,1.91947,1.91975,145,8,0
2024-05-30 23:15:00,1.91975,1.9199199999999998,1.91967,1.91986,138,8,0
2024-05-30 23:20:00,1.91986,1.92013,1.91973,1.92004,256,8,0
2024-05-30 23:25:00,1.92004,1.92023,1.91982,1.92021,219,8,0
2024-05-30 23:30:00,1.92021,1.9203299999999999,1.91986,1.92031,173,8,0
2024-05-30 23:35:00,1.92031,1.92049,1.92005,1.92028,247,8,0
2024-05-30 23:40:00,1.92028,1.92047,1.91996,1.91997,217,8,0
2024-05-30 23:45:00,1.91998,1.92039,1.9197600000000001,1.92027,241,8,0
2024-05-30 23:50:00,1.9202599999999999,1.9203700000000001,1.9198,1.91981,208,8,0
2024-05-30 23:55:00,1.91981,1.9201000000000001,1.91967,1.91995,244,8,0
2024-05-31 00:00:00,1.91994,1.92025,1.91953,1.9199000000000002,803,8,0
2024-05-31 00:05:00,1.9199000000000002,1.91997,1.91941,1.9194499999999999,521,8,0
2024-05-31 00:10:00,1.9194499999999999,1.9199000000000002,1.91926,1.91986,643,8,0
2024-05-31 00:15:00,1.91987,1.9203700000000001,1.9196,1.91968,565,8,0
2024-05-31 00:20:00,1.91968,1.92001,1.91939,1.91986,598,8,0
2024-05-31 00:25:00,1.91986,1.92008,1.91933,1.91947,492,8,0
2024-05-31 00:30:00,1.91947,1.9195600000000002,1.91818,1.91862,723,8,0
2024-05-31 00:35:00,1.91862,1.9189699999999998,1.91841,1.9187400000000001,614,8,0
2024-05-31 00:40:00,1.9187400000000001,1.91913,1.9185400000000001,1.9190399999999999,548,8,0
2024-05-31 00:45:00,1.91903,1.91921,1.91864,1.91899,562,8,0
2024-05-31 00:50:00,1.91901,1.91903,1.91815,1.91886,642,8,0
2024-05-31 00:55:00,1.91886,1.91889,1.9180199999999998,1.9181,611,8,0
2024-05-31 01:00:00,1.9181,1.91814,1.9173900000000001,1.91764,805,8,0
2024-05-31 01:05:00,1.91764,1.9177499999999998,1.91726,1.9174600000000002,817,8,0
2024-05-31 01:10:00,1.9174600000000002,1.91783,1.91722,1.91764,841,8,0
2024-05-31 01:15:00,1.91764,1.91852,1.9176,1.91842,1010,8,0
2024-05-31 01:20:00,1.91842,1.91846,1.91779,1.9178,604,8,0
2024-05-31 01:25:00,1.9178,1.9178199999999999,1.91713,1.91737,541,8,0
2024-05-31 01:30:00,1.91737,1.9190800000000001,1.91733,1.91837,895,8,0
2024-05-31 01:35:00,1.91837,1.91853,1.91778,1.91792,764,8,0
2024-05-31 01:40:00,1.91792,1.9183400000000002,1.91764,1.91805,739,8,0
2024-05-31 01:45:00,1.91804,1.91907,1.9180199999999998,1.91903,886,8,0
2024-05-31 01:50:00,1.91903,1.91941,1.9183599999999998,1.91891,804,8,0
2024-05-31 01:55:00,1.91891,1.91914,1.91852,1.91859,706,8,0
2024-05-31 02:00:00,1.91859,1.9186999999999999,1.91769,1.9181599999999999,967,8,0
2024-05-31 02:05:00,1.9181599999999999,1.91837,1.91787,1.9183599999999998,817,8,0
2024-05-31 02:10:00,1.9183599999999998,1.91894,1.91835,1.9187699999999999,627,8,0
2024-05-31 02:15:00,1.9187699999999999,1.91886,1.91785,1.91801,566,8,0
2024-05-31 02:20:00,1.9180199999999998,1.91826,1.91777,1.91806,536,8,0
2024-05-31 02:25:00,1.91806,1.91824,1.9179300000000001,1.91811,474,8,0
2024-05-31 02:30:00,1.91811,1.91849,1.9180899999999999,1.91832,559,8,0
2024-05-31 02:35:00,1.91833,1.91838,1.91799,1.9181,496,8,0
2024-05-31 02:40:00,1.9181,1.91822,1.91792,1.91819,536,8,0
2024-05-31 02:45:00,1.9182299999999999,1.91882,1.91784,1.91858,738,8,0
2024-05-31 02:50:00,1.91858,1.9186299999999998,1.9180199999999998,1.91814,583,8,0
2024-05-31 02:55:00,1.9181300000000001,1.91824,1.91785,1.9179300000000001,684,8,0
2024-05-31 03:00:00,1.9179300000000001,1.91822,1.9173,1.9173200000000001,706,8,0
2024-05-31 03:05:00,1.91731,1.91785,1.9172,1.91764,769,8,0
2024-05-31 03:10:00,1.91764,1.91798,1.9174,1.91779,623,8,0
2024-05-31 03:15:00,1.91779,1.91833,1.9175499999999999,1.91799,761,8,0
2024-05-31 03:20:00,1.9180000000000001,1.91811,1.9173499999999999,1.91742,547,8,0
2024-05-31 03:25:00,1.91742,1.91757,1.917,1.91719,652,8,0
2024-05-31 03:30:00,1.91719,1.91763,1.91719,1.9174099999999998,580,8,0
2024-05-31 03:35:00,1.91742,1.91761,1.91726,1.9173200000000001,535,8,0
2024-05-31 03:40:00,1.9173200000000001,1.91758,1.9170500000000001,1.91709,494,8,0
2024-05-31 03:45:00,1.91709,1.91731,1.91695,1.91708,308,8,0
2024-05-31 03:50:00,1.91708,1.91733,1.91681,1.9168500000000002,334,8,0
2024-05-31 03:55:00,1.9168500000000002,1.91731,1.91666,1.91719,356,8,0
2024-05-31 04:00:00,1.91719,1.91776,1.9171399999999998,1.91753,350,8,0
2024-05-31 04:05:00,1.91753,1.9178600000000001,1.91736,1.9177,573,8,0
2024-05-31 04:10:00,1.91771,1.9180700000000002,1.9175,1.9180199999999998,408,8,0
2024-05-31 04:15:00,1.9180199999999998,1.91839,1.91791,1.91803,345,8,0
2024-05-31 04:20:00,1.91803,1.91808,1.91771,1.91798,312,8,0
2024-05-31 04:25:00,1.91798,1.91817,1.9177,1.91771,395,8,0
2024-05-31 04:30:00,1.91772,1.9185699999999999,1.91771,1.91817,326,8,0
2024-05-31 04:35:00,1.91817,1.91846,1.91791,1.91795,344,8,0
2024-05-31 04:40:00,1.91795,1.9180899999999999,1.91726,1.91758,416,8,0
2024-05-31 04:45:00,1.91758,1.91769,1.91738,1.9175200000000001,477,8,0
2024-05-31 04:50:00,1.9175200000000001,1.9176,1.91724,1.9174799999999999,450,8,0
2024-05-31 04:55:00,1.9174799999999999,1.9177,1.91733,1.91768,483,8,0
2024-05-31 05:00:00,1.91768,1.91794,1.9174,1.9174,684,8,0
2024-05-31 05:05:00,1.9173900000000001,1.91763,1.91723,1.91726,593,8,0
2024-05-31 05:10:00,1.91726,1.91753,1.91716,1.91722,329,8,0
2024-05-31 05:15:00,1.91723,1.9174799999999999,1.91704,1.91745,361,8,0
2024-05-31 05:20:00,1.91745,1.9178,1.91727,1.91777,333,8,0
2024-05-31 05:25:00,1.91777,1.91804,1.9177300000000002,1.91791,494,8,0
2024-05-31 05:30:00,1.91791,1.91791,1.91707,1.9172,741,8,0
2024-05-31 05:35:00,1.9172,1.91744,1.91688,1.91715,626,8,0
2024-05-31 05:40:00,1.91715,1.91734,1.91666,1.9167800000000002,337,8,0
2024-05-31 05:45:00,1.9167800000000002,1.91686,1.91645,1.9165299999999998,390,8,0
2024-05-31 05:50:00,1.9165299999999998,1.9169100000000001,1.9165,1.9165999999999999,507,8,0
2024-05-31 05:55:00,1.91659,1.9170500000000001,1.91659,1.9167800000000002,583,8,0
2024-05-31 06:00:00,1.91679,1.91706,1.9165100000000002,1.91661,738,8,0
2024-05-31 06:05:00,1.91661,1.9166400000000001,1.91539,1.91616,682,8,0
2024-05-31 06:10:00,1.91616,1.91627,1.91591,1.9160300000000001,704,8,0
2024-05-31 06:15:00,1.9160300000000001,1.91608,1.9156900000000001,1.9158,502,8,0
2024-05-31 06:20:00,1.9158,1.9162599999999999,1.91537,1.91601,740,8,0
2024-05-31 06:25:00,1.91601,1.91609,1.91528,1.91536,461,8,0
2024-05-31 06:30:00,1.91536,1.91554,1.9148399999999999,1.9148800000000001,578,8,0
2024-05-31 06:35:00,1.9148800000000001,1.9154,1.91483,1.91514,572,8,0
2024-05-31 06:40:00,1.91514,1.91521,1.9146100000000001,1.91467,486,8,0
2024-05-31 06:45:00,1.91466,1.91526,1.91458,1.91505,774,8,0
2024-05-31 06:50:00,1.91505,1.9157,1.91494,1.91561,450,8,0
2024-05-31 06:55:00,1.91561,1.91584,1.91525,1.91575,671,8,0
2024-05-31 07:00:00,1.91577,1.91672,1.9157199999999999,1.91658,972,8,0
2024-05-31 07:05:00,1.91659,1.9169,1.91564,1.91577,819,8,0
2024-05-31 07:10:00,1.91577,1.9157899999999999,1.9151799999999999,1.91541,679,8,0
2024-05-31 07:15:00,1.91541,1.9155799999999998,1.9148800000000001,1.91489,800,8,0
2024-05-31 07:20:00,1.9148800000000001,1.91535,1.91465,1.91525,742,8,0
2024-05-31 07:25:00,1.91524,1.91532,1.91473,1.9151,720,8,0
2024-05-31 07:30:00,1.9151,1.9156300000000002,1.91502,1.9156300000000002,842,8,0
2024-05-31 07:35:00,1.9156300000000002,1.91604,1.91539,1.91601,796,8,0
2024-05-31 07:40:00,1.91601,1.9165100000000002,1.91584,1.91634,820,8,0
2024-05-31 07:45:00,1.91634,1.91634,1.91536,1.91551,756,8,0
2024-05-31 07:50:00,1.91551,1.9156499999999999,1.91517,1.91562,800,8,0
2024-05-31 07:55:00,1.91562,1.9162,1.9153,1.91597,856,8,0
2024-05-31 08:00:00,1.9159899999999999,1.91609,1.91536,1.91544,869,8,0
2024-05-31 08:05:00,1.91544,1.9155799999999998,1.9148,1.91507,867,8,0
2024-05-31 08:10:00,1.91507,1.91564,1.91479,1.91557,898,8,0
2024-05-31 08:15:00,1.91557,1.91593,1.9154499999999999,1.91553,607,8,0
2024-05-31 08:20:00,1.91553,1.91596,1.9154499999999999,1.9157899999999999,686,8,0
2024-05-31 08:25:00,1.9157899999999999,1.9159000000000002,1.91532,1.9154200000000001,574,8,0
2024-05-31 08:30:00,1.9154200000000001,1.91552,1.9150399999999999,1.91551,616,8,0
2024-05-31 08:35:00,1.91551,1.91554,1.91492,1.9149500000000002,665,8,0
2024-05-31 08:40:00,1.9149500000000002,1.91498,1.91388,1.9139300000000001,664,8,0
2024-05-31 08:45:00,1.9139300000000001,1.91446,1.91392,1.9142700000000001,660,8,0
2024-05-31 08:50:00,1.9142700000000001,1.91476,1.9142000000000001,1.91455,643,8,0
2024-05-31 08:55:00,1.91455,1.91469,1.91408,1.91418,694,8,0
2024-05-31 09:00:00,1.9142000000000001,1.91521,1.9141599999999999,1.9150399999999999,988,8,0
2024-05-31 09:05:00,1.9150399999999999,1.9156300000000002,1.91489,1.91527,801,8,0
2024-05-31 09:10:00,1.91527,1.91535,1.91505,1.9153099999999998,571,8,0
2024-05-31 09:15:00,1.9153099999999998,1.91533,1.9148399999999999,1.91486,671,8,0
2024-05-31 09:20:00,1.91486,1.91491,1.91437,1.91466,674,8,0
2024-05-31 09:25:00,1.91466,1.91469,1.91418,1.9145699999999999,569,8,0
2024-05-31 09:30:00,1.9145699999999999,1.9146,1.9142000000000001,1.91456,675,8,0
2024-05-31 09:35:00,1.91456,1.9148800000000001,1.91442,1.91466,658,8,0
2024-05-31 09:40:00,1.91465,1.91496,1.91437,1.91463,584,8,0
2024-05-31 09:45:00,1.9146100000000001,1.91494,1.9144999999999999,1.91463,653,8,0
2024-05-31 09:50:00,1.91463,1.9148100000000001,1.91449,1.91469,555,8,0
2024-05-31 09:55:00,1.91469,1.9148100000000001,1.91428,1.91432,524,8,0
2024-05-31 10:00:00,1.91432,1.91464,1.91408,1.9141599999999999,667,8,0
2024-05-31 10:05:00,1.9141599999999999,1.91475,1.9140000000000001,1.91469,498,8,0
2024-05-31 10:10:00,1.91469,1.9149,1.91433,1.91446,574,8,0
2024-05-31 10:15:00,1.91446,1.91476,1.91438,1.91441,545,8,0
2024-05-31 10:20:00,1.91441,1.91442,1.91391,1.9139300000000001,589,8,0
2024-05-31 10:25:00,1.9139300000000001,1.91411,1.91377,1.91402,623,1,0
2024-05-31 10:30:00,1.91402,1.91403,1.9133,1.91334,493,1,0
2024-05-31 10:35:00,1.91334,1.91334,1.91293,1.9132799999999999,570,0,0
2024-05-31 10:40:00,1.91327,1.91327,1.9125100000000002,1.91258,492,1,0
2024-05-31 10:45:00,1.91258,1.91279,1.91222,1.9125999999999999,512,0,0
2024-05-31 10:50:00,1.91259,1.91276,1.91231,1.9125,612,0,0
2024-05-31 10:55:00,1.9125,1.91256,1.91178,1.9120599999999999,665,0,0
2024-05-31 11:00:00,1.91205,1.9122,1.9114900000000001,1.9115799999999998,720,0,0
2024-05-31 11:05:00,1.9115799999999998,1.91196,1.91143,1.9115799999999998,423,0,0
2024-05-31 11:10:00,1.9115799999999998,1.91186,1.9115,1.9116,600,1,0
2024-05-31 11:15:00,1.9116,1.91194,1.9115199999999999,1.91178,543,0,0
2024-05-31 11:20:00,1.91178,1.91211,1.9116900000000001,1.9117199999999999,554,0,0
2024-05-31 11:25:00,1.9117199999999999,1.91235,1.91164,1.91214,531,1,0
2024-05-31 11:30:00,1.91214,1.91239,1.9118300000000001,1.9121899999999998,533,0,0
2024-05-31 11:35:00,1.9121899999999998,1.9122599999999998,1.91146,1.9115799999999998,482,2,0
2024-05-31 11:40:00,1.9115799999999998,1.9116,1.9109500000000001,1.91105,503,0,0
2024-05-31 11:45:00,1.91105,1.91154,1.91105,1.91139,712,0,0
2024-05-31 11:50:00,1.91139,1.9115,1.91101,1.91143,671,0,0
2024-05-31 11:55:00,1.91143,1.91193,1.91126,1.91159,736,3,0
2024-05-31 12:00:00,1.91159,1.91197,1.91139,1.9115199999999999,1029,0,0
2024-05-31 12:05:00,1.91151,1.91159,1.9111099999999999,1.91127,723,0,0
2024-05-31 12:10:00,1.91127,1.91166,1.91109,1.91154,764,0,0
2024-05-31 12:15:00,1.91154,1.91187,1.91136,1.91141,648,0,0
2024-05-31 12:20:00,1.9114,1.91178,1.91123,1.9116300000000002,767,0,0
2024-05-31 12:25:00,1.91164,1.91191,1.9105699999999999,1.9108399999999999,739,0,0
2024-05-31 12:30:00,1.91075,1.91168,1.9091399999999998,1.91062,2558,0,0
2024-05-31 12:35:00,1.91062,1.91106,1.9102000000000001,1.91069,2119,0,0
2024-05-31 12:40:00,1.91069,1.91116,1.91045,1.91116,1591,0,0
2024-05-31 12:45:00,1.91116,1.91241,1.9111099999999999,1.91225,1325,0,0
2024-05-31 12:50:00,1.9122,1.9123299999999999,1.9115799999999998,1.9117199999999999,1507,0,0
2024-05-31 12:55:00,1.91174,1.91247,1.91157,1.91228,1374,0,0
2024-05-31 13:00:00,1.91228,1.91252,1.91166,1.91215,1312,0,0
2024-05-31 13:05:00,1.91215,1.9127399999999999,1.9120300000000001,1.91266,1247,0,0
2024-05-31 13:10:00,1.91266,1.91269,1.9115199999999999,1.91198,1193,1,0
2024-05-31 13:15:00,1.91201,1.91297,1.91195,1.91279,740,0,0
2024-05-31 13:20:00,1.91279,1.91324,1.91241,1.91295,878,1,0
2024-05-31 13:25:00,1.91295,1.9131,1.91254,1.9127399999999999,919,0,0
2024-05-31 13:30:00,1.91275,1.91384,1.91246,1.91326,1286,0,0
2024-05-31 13:35:00,1.91326,1.91345,1.9127,1.91331,1007,0,0
2024-05-31 13:40:00,1.91331,1.9138199999999999,1.91258,1.91286,663,0,0
2024-05-31 13:45:00,1.91286,1.91343,1.91269,1.9131,1283,0,0
2024-05-31 13:50:00,1.9131,1.91403,1.9127399999999999,1.91399,1244,0,0
2024-05-31 13:55:00,1.91399,1.9146800000000002,1.9137300000000002,1.91388,1067,0,0
2024-05-31 14:00:00,1.91388,1.9144,1.91329,1.91341,1111,0,0
2024-05-31 14:05:00,1.91342,1.9139599999999999,1.91302,1.91302,1132,0,0
2024-05-31 14:10:00,1.91302,1.91394,1.91284,1.9136600000000001,1365,0,0
2024-05-31 14:15:00,1.9136600000000001,1.91422,1.9135900000000001,1.91412,1616,0,0
2024-05-31 14:20:00,1.91412,1.91448,1.91317,1.91444,1390,0,0
2024-05-31 14:25:00,1.9144299999999999,1.91589,1.91439,1.91582,1207,0,0
2024-05-31 14:30:00,1.91582,1.91604,1.91546,1.9155600000000002,1405,0,0
2024-05-31 14:35:00,1.9155600000000002,1.9156900000000001,1.91524,1.91554,1399,0,0
2024-05-31 14:40:00,1.91555,1.91635,1.91539,1.91627,1286,0,0
2024-05-31 14:45:00,1.91627,1.9163999999999999,1.91541,1.91559,1457,0,0
2024-05-31 14:50:00,1.9156,1.91616,1.91543,1.91609,1928,0,0
2024-05-31 14:55:00,1.91609,1.9161299999999999,1.91411,1.91444,2041,0,0
2024-05-31 15:00:00,1.91444,1.9156300000000002,1.91428,1.9153799999999999,1835,0,0
2024-05-31 15:05:00,1.9153799999999999,1.91605,1.91535,1.91546,1512,0,0
2024-05-31 15:10:00,1.91546,1.91596,1.9153099999999998,1.91554,1384,0,0
2024-05-31 15:15:00,1.91554,1.91589,1.9153799999999999,1.91586,1245,0,0
2024-05-31 15:20:00,1.91581,1.9161299999999999,1.9155600000000002,1.9156300000000002,1259,0,0
2024-05-31 15:25:00,1.9156300000000002,1.91666,1.91562,1.91639,1087,0,0
2024-05-31 15:30:00,1.91639,1.91751,1.91639,1.9173900000000001,1495,0,0
2024-05-31 15:35:00,1.91742,1.9178600000000001,1.91704,1.91783,1409,2,0
2024-05-31 15:40:00,1.91783,1.9178899999999999,1.9173,1.91784,1206,1,0
2024-05-31 15:45:00,1.91784,1.91801,1.9175,1.91772,917,1,0
2024-05-31 15:50:00,1.91772,1.9178,1.91719,1.91763,1034,1,0
2024-05-31 15:55:00,1.91763,1.91806,1.91761,1.9180000000000001,1207,0,0
2024-05-31 16:00:00,1.9180000000000001,1.91849,1.91768,1.91771,1347,0,0
2024-05-31 16:05:00,1.9177,1.9180000000000001,1.91737,1.91756,1132,0,0
2024-05-31 16:10:00,1.91756,1.91784,1.91737,1.91742,1116,2,0
2024-05-31 16:15:00,1.91744,1.91767,1.91716,1.91737,689,0,0
2024-05-31 16:20:00,1.91737,1.91779,1.91731,1.9173499999999999,794,2,0
2024-05-31 16:25:00,1.9173499999999999,1.9178600000000001,1.91727,1.91733,737,0,0
2024-05-31 16:30:00,1.91733,1.91747,1.9171200000000002,1.9172500000000001,523,0,0
2024-05-31 16:35:00,1.9172500000000001,1.9177,1.91689,1.91693,754,0,0
2024-05-31 16:40:00,1.91693,1.91715,1.91682,1.91709,693,1,0
2024-05-31 16:45:00,1.91709,1.91734,1.9166699999999999,1.91717,764,3,0
2024-05-31 16:50:00,1.91717,1.9173499999999999,1.917,1.91722,687,3,0
2024-05-31 16:55:00,1.91722,1.91731,1.9169,1.9169100000000001,735,0,0
2024-05-31 17:00:00,1.9169100000000001,1.91702,1.9166699999999999,1.9169,798,2,0
2024-05-31 17:05:00,1.9169,1.9170500000000001,1.91615,1.91632,768,2,0
2024-05-31 17:10:00,1.91631,1.91645,1.91601,1.91636,626,1,0
2024-05-31 17:15:00,1.91636,1.91645,1.91612,1.9163000000000001,644,2,0
2024-05-31 17:20:00,1.91631,1.91655,1.91598,1.91615,685,3,0
2024-05-31 17:25:00,1.91615,1.91657,1.91612,1.91638,648,0,0
2024-05-31 17:30:00,1.91638,1.9165,1.9161000000000001,1.91649,531,0,0
2024-05-31 17:35:00,1.91649,1.91669,1.9163000000000001,1.91639,588,1,0
2024-05-31 17:40:00,1.91639,1.9165100000000002,1.91614,1.91615,595,5,0
2024-05-31 17:45:00,1.91615,1.91623,1.91574,1.9157899999999999,410,0,0
2024-05-31 17:50:00,1.9157899999999999,1.91596,1.91555,1.91593,328,0,0
2024-05-31 17:55:00,1.91593,1.91602,1.91568,1.91582,334,0,0
2024-05-31 18:00:00,1.91582,1.91595,1.91564,1.9156900000000001,323,0,0
2024-05-31 18:05:00,1.9156900000000001,1.91589,1.91547,1.91555,414,0,0
2024-05-31 18:10:00,1.91555,1.91575,1.91533,1.9157199999999999,662,1,0
2024-05-31 18:15:00,1.9157199999999999,1.91574,1.91519,1.91523,596,2,0
2024-05-31 18:20:00,1.91523,1.9153099999999998,1.91516,1.91527,454,5,0
2024-05-31 18:25:00,1.91527,1.91547,1.91521,1.91537,397,2,0
2024-05-31 18:30:00,1.91537,1.9159899999999999,1.91533,1.91596,549,1,0
2024-05-31 18:35:00,1.91596,1.91597,1.9155,1.91561,489,3,0
2024-05-31 18:40:00,1.91561,1.91575,1.9153,1.91541,503,0,0
2024-05-31 18:45:00,1.91541,1.91611,1.9154,1.91602,719,2,0
2024-05-31 18:50:00,1.9160300000000001,1.9163000000000001,1.9159899999999999,1.9161299999999999,460,0,0
2024-05-31 18:55:00,1.9161299999999999,1.91636,1.91594,1.91615,699,0,0
2024-05-31 19:00:00,1.91621,1.91662,1.9161299999999999,1.91638,836,1,0
2024-05-31 19:05:00,1.9163700000000001,1.91639,1.9158300000000001,1.91595,659,2,0
2024-05-31 19:10:00,1.91596,1.9160300000000001,1.9157600000000001,1.91586,591,0,0
2024-05-31 19:15:00,1.91587,1.9160300000000001,1.9158,1.91598,647,3,0
2024-05-31 19:20:00,1.91598,1.9162,1.91585,1.91588,642,2,0
2024-05-31 19:25:00,1.91588,1.91629,1.91573,1.91627,715,3,0
2024-05-31 19:30:00,1.91627,1.9163999999999999,1.91608,1.91635,929,5,0
2024-05-31 19:35:00,1.91635,1.91657,1.9162400000000002,1.9163299999999999,719,7,0
2024-05-31 19:40:00,1.9163299999999999,1.91642,1.91593,1.916,662,4,0
2024-05-31 19:45:00,1.91601,1.91612,1.91567,1.91598,926,8,0
2024-05-31 19:50:00,1.91598,1.9160599999999999,1.91551,1.91573,1323,7,0
2024-05-31 19:55:00,1.91574,1.91582,1.9152,1.91548,1030,4,0
2024-05-31 20:00:00,1.91548,1.9156300000000002,1.91501,1.91535,839,2,0
2024-05-31 20:05:00,1.91535,1.91574,1.91534,1.91547,551,8,0
2024-05-31 20:10:00,1.91548,1.91566,1.9153799999999999,1.9153799999999999,427,8,0
2024-05-31 20:15:00,1.9153799999999999,1.91554,1.91527,1.9152900000000002,363,8,0
2024-05-31 20:20:00,1.9152900000000002,1.91541,1.91513,1.91534,376,7,0
2024-05-31 20:25:00,1.91534,1.91551,1.91525,1.9154200000000001,365,5,0
2024-05-31 20:30:00,1.9154200000000001,1.91582,1.91509,1.91582,186,3,0
2024-05-31 20:35:00,1.9158,1.91581,1.9153099999999998,1.91539,219,3,0
2024-05-31 20:40:00,1.91539,1.91554,1.91482,1.91493,276,7,0
2024-05-31 20:45:00,1.91496,1.91505,1.91459,1.9148800000000001,332,5,0
2024-05-31 20:50:00,1.9149,1.9151799999999999,1.91452,1.91499,338,11,0
2024-06-02 21:05:00,1.91282,1.91329,1.91265,1.91302,91,305,0
2024-06-02 21:10:00,1.91302,1.91372,1.91302,1.91361,80,209,0
2024-06-02 21:15:00,1.91361,1.91374,1.9135900000000001,1.91369,17,201,0
2024-06-02 21:20:00,1.91369,1.91387,1.9136,1.9136,109,190,0
2024-06-02 21:25:00,1.9136,1.9138199999999999,1.9135499999999999,1.91369,162,200,0
2024-06-02 21:30:00,1.9137,1.9141599999999999,1.91358,1.91412,168,190,0
2024-06-02 21:35:00,1.91415,1.91473,1.9138,1.91433,68,97,0
2024-06-02 21:40:00,1.91433,1.9144,1.91391,1.91392,58,117,0
2024-06-02 21:45:00,1.9142000000000001,1.91456,1.91387,1.91452,40,91,0
2024-06-02 21:50:00,1.91452,1.91498,1.91412,1.9147699999999999,66,78,0
2024-06-02 21:55:00,1.9147699999999999,1.9153799999999999,1.9144700000000001,1.91487,118,78,0
2024-06-02 22:00:00,1.91482,1.91496,1.91369,1.91474,248,6,0
2024-06-02 22:05:00,1.91472,1.91509,1.91472,1.91499,56,13,0
2024-06-02 22:10:00,1.91499,1.9153,1.9149,1.91523,93,7,0
2024-06-02 22:15:00,1.91523,1.91526,1.9149,1.91499,146,3,0
2024-06-02 22:20:00,1.91499,1.91505,1.91485,1.915,102,12,0
2024-06-02 22:25:00,1.915,1.9151099999999999,1.91476,1.9148100000000001,70,5,0
2024-06-02 22:30:00,1.9148100000000001,1.91493,1.91449,1.91469,176,6,0
2024-06-02 22:35:00,1.91469,1.9149500000000002,1.91465,1.91486,190,9,0
2024-06-02 22:40:00,1.91486,1.91517,1.91474,1.91498,152,0,0
2024-06-02 22:45:00,1.91498,1.91513,1.91476,1.91483,162,5,0
2024-06-02 22:50:00,1.91483,1.91503,1.91465,1.91465,106,0,0
2024-06-02 22:55:00,1.91463,1.91475,1.9146,1.9146800000000002,84,6,0
2024-06-02 23:00:00,1.9146800000000002,1.91476,1.91442,1.91446,127,4,0
2024-06-02 23:05:00,1.91446,1.9149500000000002,1.91441,1.9148100000000001,207,6,0
2024-06-02 23:10:00,1.9148100000000001,1.91499,1.9148100000000001,1.9149699999999998,114,6,0
2024-06-02 23:15:00,1.91496,1.91523,1.9149,1.9150399999999999,176,1,0
2024-06-02 23:20:00,1.91503,1.91539,1.91499,1.9151799999999999,186,0,0
2024-06-02 23:25:00,1.9151799999999999,1.9153799999999999,1.91499,1.9151,198,2,0
2024-06-02 23:30:00,1.9151,1.9151500000000001,1.91487,1.91506,203,0,0
2024-06-02 23:35:00,1.91506,1.91543,1.915,1.9154,163,2,0
2024-06-02 23:40:00,1.9154,1.91555,1.9151099999999999,1.9151500000000001,232,0,0
2024-06-02 23:45:00,1.9151500000000001,1.91561,1.9150800000000001,1.91553,229,3,0
2024-06-02 23:50:00,1.91553,1.91566,1.91503,1.91513,181,2,0
2024-06-02 23:55:00,1.91513,1.91521,1.9146999999999998,1.91479,290,2,0
2024-06-03 00:00:00,1.91479,1.91587,1.91479,1.91564,500,0,0
2024-06-03 00:05:00,1.91564,1.91587,1.91543,1.91562,460,0,0
2024-06-03 00:10:00,1.91562,1.91589,1.9148399999999999,1.91506,475,1,0
2024-06-03 00:15:00,1.91506,1.91514,1.91446,1.9144999999999999,325,2,0
2024-06-03 00:20:00,1.9144999999999999,1.9146800000000002,1.91431,1.91458,349,2,0
2024-06-03 00:25:00,1.9145699999999999,1.91476,1.9143,1.91475,375,0,0
2024-06-03 00:30:00,1.91475,1.91487,1.91432,1.9146100000000001,395,0,0
2024-06-03 00:35:00,1.9146100000000001,1.9151,1.9143,1.9150399999999999,403,0,0
2024-06-03 00:40:00,1.9150399999999999,1.9152,1.91492,1.91493,297,2,0
2024-06-03 00:45:00,1.91493,1.9149500000000002,1.91429,1.9146100000000001,329,1,0
2024-06-03 00:50:00,1.9146100000000001,1.91493,1.91406,1.91411,524,0,0
2024-06-03 00:55:00,1.91411,1.91456,1.91395,1.91446,583,0,0
2024-06-03 01:00:00,1.91446,1.9147699999999999,1.91413,1.91451,522,0,0
2024-06-03 01:05:00,1.91451,1.91465,1.91421,1.91446,479,3,0
2024-06-03 01:10:00,1.91446,1.91499,1.91426,1.91482,462,0,0
2024-06-03 01:15:00,1.91482,1.9151,1.9146800000000002,1.91476,497,4,0
2024-06-03 01:20:00,1.91476,1.91496,1.91446,1.91453,414,0,0
2024-06-03 01:25:00,1.91451,1.91467,1.9143,1.91452,389,0,0
2024-06-03 01:30:00,1.91452,1.9146999999999998,1.91424,1.9144299999999999,545,0,0
2024-06-03 01:35:00,1.9144299999999999,1.91463,1.91419,1.9144999999999999,446,0,0
2024-06-03 01:40:00,1.9144999999999999,1.91452,1.91338,1.91344,394,0,0
2024-06-03 01:45:00,1.91345,1.91374,1.91333,1.9136600000000001,447,0,0
2024-06-03 01:50:00,1.9136600000000001,1.91421,1.91363,1.91408,420,0,0
2024-06-03 01:55:00,1.91408,1.91418,1.91374,1.91383,409,0,0
2024-06-03 02:00:00,1.91383,1.9146100000000001,1.9135900000000001,1.91455,487,0,0
2024-06-03 02:05:00,1.91455,1.91498,1.91453,1.9148800000000001,506,0,0
2024-06-03 02:10:00,1.9148800000000001,1.91491,1.91449,1.91452,411,0,0
2024-06-03 02:15:00,1.91452,1.9149,1.91442,1.9146999999999998,386,0,0
2024-06-03 02:20:00,1.9146999999999998,1.915,1.91466,1.91491,303,0,0
2024-06-03 02:25:00,1.91491,1.91505,1.91474,1.91492,276,0,0
2024-06-03 02:30:00,1.91492,1.91523,1.91482,1.91523,238,6,0
2024-06-03 02:35:00,1.91523,1.91537,1.9150399999999999,1.9152900000000002,201,5,0
2024-06-03 02:40:00,1.9152900000000002,1.91532,1.91493,1.9153099999999998,331,6,0
2024-06-03 02:45:00,1.9153099999999998,1.91548,1.9150800000000001,1.91521,446,0,0
2024-06-03 02:50:00,1.91521,1.91548,1.91489,1.91527,506,0,0
2024-06-03 02:55:00,1.91527,1.9154200000000001,1.91463,1.91466,430,0,0
2024-06-03 03:00:00,1.91466,1.91539,1.91466,1.91499,551,1,0
2024-06-03 03:05:00,1.91499,1.91502,1.91467,1.9148100000000001,502,1,0
2024-06-03 03:10:00,1.9148100000000001,1.91525,1.9147699999999999,1.91512,494,3,0
2024-06-03 03:15:00,1.9151099999999999,1.91546,1.91499,1.9153799999999999,351,0,0
2024-06-03 03:20:00,1.9153799999999999,1.91578,1.9152,1.9156,445,0,0
2024-06-03 03:25:00,1.91564,1.9166699999999999,1.91547,1.91656,459,0,0
2024-06-03 03:30:00,1.91656,1.9167399999999999,1.91623,1.91655,564,0,0
2024-06-03 03:35:00,1.91655,1.91676,1.91612,1.91615,540,0,0
2024-06-03 03:40:00,1.91612,1.9165100000000002,1.91602,1.91638,464,0,0
2024-06-03 03:45:00,1.91638,1.91659,1.91616,1.9165,334,0,0
2024-06-03 03:50:00,1.9165,1.91711,1.9163299999999999,1.91708,462,1,0
2024-06-03 03:55:00,1.91708,1.91708,1.91646,1.91655,299,0,0
2024-06-03 04:00:00,1.91655,1.91683,1.91641,1.91641,296,0,0
2024-06-03 04:05:00,1.91641,1.91677,1.9163700000000001,1.9166699999999999,270,0,0
2024-06-03 04:10:00,1.9166699999999999,1.91682,1.91657,1.91681,205,0,0
2024-06-03 04:15:00,1.91681,1.91711,1.91673,1.9168500000000002,190,2,0
2024-06-03 04:20:00,1.9168500000000002,1.91706,1.9165299999999998,1.9169800000000001,203,0,0
2024-06-03 04:25:00,1.9169800000000001,1.91703,1.91676,1.91692,158,1,0
2024-06-03 04:30:00,1.91692,1.91719,1.9167999999999998,1.91715,138,2,0
2024-06-03 04:35:00,1.91715,1.9172099999999999,1.91681,1.91708,181,1,0
2024-06-03 04:40:00,1.91708,1.91715,1.91675,1.91692,211,0,0
2024-06-03 04:45:00,1.91692,1.91692,1.91658,1.91668,230,2,0
2024-06-03 04:50:00,1.91668,1.91702,1.9166699999999999,1.9169399999999999,200,0,0
2024-06-03 04:55:00,1.91693,1.91703,1.91684,1.91684,130,1,0
2024-06-03 05:00:00,1.91684,1.91718,1.91672,1.9171399999999998,361,0,0
2024-06-03 05:05:00,1.9171399999999998,1.91733,1.91709,1.91715,265,1,0
2024-06-03 05:10:00,1.91715,1.91715,1.91676,1.91696,306,0,0
2024-06-03 05:15:00,1.91696,1.9171200000000002,1.91682,1.9169100000000001,306,0,0
2024-06-03 05:20:00,1.9169100000000001,1.9169100000000001,1.9163299999999999,1.9163299999999999,296,0,0
2024-06-03 05:25:00,1.9163299999999999,1.9165999999999999,1.9163299999999999,1.91654,244,0,0
2024-06-03 05:30:00,1.91654,1.91704,1.91632,1.91677,509,0,0
2024-06-03 05:35:00,1.91677,1.91699,1.91641,1.91683,369,0,0
2024-06-03 05:40:00,1.91683,1.91729,1.91681,1.91726,488,0,0
2024-06-03 05:45:00,1.91726,1.91747,1.9169399999999999,1.91695,468,1,0
2024-06-03 05:50:00,1.91695,1.9172099999999999,1.91682,1.91702,343,0,0
2024-06-03 05:55:00,1.91703,1.9171399999999998,1.9166400000000001,1.91689,474,0,0
2024-06-03 06:00:00,1.9168699999999999,1.91738,1.91668,1.9172099999999999,525,0,0
2024-06-03 06:05:00,1.9172099999999999,1.9175,1.91688,1.9172099999999999,531,0,0
2024-06-03 06:10:00,1.91723,1.91774,1.91699,1.91708,502,0,0
2024-06-03 06:15:00,1.91706,1.91753,1.9169100000000001,1.91695,466,0,0
2024-06-03 06:20:00,1.91695,1.91738,1.91681,1.91718,584,3,0
2024-06-03 06:25:00,1.91718,1.91785,1.91715,1.91756,383,0,0
2024-06-03 06:30:00,1.91756,1.91831,1.91754,1.91829,555,1,0
2024-06-03 06:35:00,1.91829,1.91832,1.9178,1.91787,791,0,0
2024-06-03 06:40:00,1.91787,1.9180000000000001,1.91713,1.91747,722,2,0
2024-06-03 06:45:00,1.91747,1.91784,1.9173900000000001,1.91749,371,0,0
2024-06-03 06:50:00,1.91749,1.91838,1.91749,1.91797,574,3,0
2024-06-03 06:55:00,1.91797,1.9180199999999998,1.91722,1.91742,631,1,0
2024-06-03 07:00:00,1.91742,1.9179599999999999,1.91731,1.9175200000000001,730,0,0
2024-06-03 07:05:00,1.9175200000000001,1.91779,1.9168500000000002,1.91695,832,0,0
2024-06-03 07:10:00,1.91695,1.9174,1.91666,1.9173900000000001,821,0,0
2024-06-03 07:15:00,1.9174,1.91763,1.91699,1.91706,912,0,0
2024-06-03 07:20:00,1.91708,1.91734,1.9167800000000002,1.91684,789,0,0
2024-06-03 07:25:00,1.91684,1.9173,1.91684,1.9171,539,0,0
2024-06-03 07:30:00,1.9171,1.91768,1.91708,1.9173499999999999,612,0,0
2024-06-03 07:35:00,1.9173499999999999,1.9175200000000001,1.91707,1.91729,707,0,0
2024-06-03 07:40:00,1.9173200000000001,1.91744,1.91695,1.9172,623,0,0
2024-06-03 07:45:00,1.9172,1.9173499999999999,1.91675,1.91692,674,0,0
2024-06-03 07:50:00,1.9169,1.9174,1.91682,1.91726,809,0,0
2024-06-03 07:55:00,1.91726,1.9173499999999999,1.9161899999999998,1.91673,843,0,0
2024-06-03 08:00:00,1.91673,1.91673,1.91544,1.91557,973,0,0
2024-06-03 08:05:00,1.9155600000000002,1.91574,1.91471,1.91476,720,0,0
2024-06-03 08:10:00,1.91476,1.9148,1.9140700000000002,1.91441,544,0,0
2024-06-03 08:15:00,1.91441,1.91485,1.91437,1.91465,900,0,0
2024-06-03 08:20:00,1.91465,1.9146800000000002,1.9138899999999999,1.91413,676,0,0
2024-06-03 08:25:00,1.91413,1.91424,1.9133200000000001,1.9133900000000001,443,0,0
2024-06-03 08:30:00,1.9134,1.9134,1.91295,1.91331,638,0,0
2024-06-03 08:35:00,1.91331,1.91385,1.91318,1.91318,678,0,0
2024-06-03 08:40:00,1.91318,1.9136,1.91307,1.91318,820,0,0
2024-06-03 08:45:00,1.91318,1.9133499999999999,1.9129800000000001,1.91327,543,0,0
2024-06-03 08:50:00,1.91327,1.91331,1.9128500000000002,1.91296,461,1,0
2024-06-03 08:55:00,1.91296,1.9129800000000001,1.91255,1.91262,763,0,0
2024-06-03 09:00:00,1.91262,1.91296,1.91254,1.9127,607,0,0
2024-06-03 09:05:00,1.9127,1.91276,1.91228,1.9124400000000001,461,0,0
2024-06-03 09:10:00,1.91243,1.9125299999999998,1.91212,1.91227,576,0,0
2024-06-03 09:15:00,1.91227,1.91295,1.9121000000000001,1.91286,566,0,0
2024-06-03 09:20:00,1.91286,1.91347,1.91283,1.91347,513,0,0
2024-06-03 09:25:00,1.91347,1.91361,1.91296,1.91309,527,0,0
2024-06-03 09:30:00,1.91307,1.91398,1.91307,1.91368,707,0,0
2024-06-03 09:35:00,1.91368,1.9142000000000001,1.91365,1.91414,704,0,0
2024-06-03 09:40:00,1.91414,1.9142000000000001,1.91349,1.9135900000000001,710,0,0
2024-06-03 09:45:00,1.9135900000000001,1.9142000000000001,1.91351,1.91402,706,0,0
2024-06-03 09:50:00,1.91402,1.91422,1.91371,1.91372,663,1,0
2024-06-03 09:55:00,1.91372,1.91377,1.91338,1.91369,668,0,0
2024-06-03 10:00:00,1.91369,1.91372,1.91337,1.91342,738,0,0
2024-06-03 10:05:00,1.91342,1.91343,1.9129399999999999,1.91296,353,0,0
2024-06-03 10:10:00,1.91296,1.91304,1.9123,1.9123,386,0,0
2024-06-03 10:15:00,1.9123,1.91319,1.91229,1.91307,595,1,0
2024-06-03 10:20:00,1.91307,1.9133,1.91268,1.91286,506,0,0
2024-06-03 10:25:00,1.91284,1.91297,1.9123299999999999,1.91255,508,0,0
2024-06-03 10:30:00,1.91255,1.91317,1.9124400000000001,1.9131399999999998,781,3,0
2024-06-03 10:35:00,1.9131399999999998,1.91334,1.91289,1.91295,658,0,0
2024-06-03 10:40:00,1.91295,1.9129800000000001,1.9126400000000001,1.91293,627,0,0
2024-06-03 10:45:00,1.91291,1.91357,1.91283,1.91345,469,0,0
2024-06-03 10:50:00,1.91345,1.9136,1.91307,1.9132099999999999,305,0,0
2024-06-03 10:55:00,1.9132099999999999,1.9133900000000001,1.91268,1.91286,394,0,0
2024-06-03 11:00:00,1.91286,1.9128699999999998,1.91221,1.91255,628,0,0
2024-06-03 11:05:00,1.91255,1.91275,1.9121000000000001,1.91221,656,0,0
2024-06-03 11:10:00,1.91221,1.91291,1.9121700000000001,1.9128500000000002,714,0,0
2024-06-03 11:15:00,1.91288,1.91307,1.9127,1.9128500000000002,549,0,0
2024-06-03 11:20:00,1.9128500000000002,1.91291,1.9124400000000001,1.9125999999999999,656,2,0
2024-06-03 11:25:00,1.9125999999999999,1.91365,1.9125999999999999,1.91316,823,0,0
2024-06-03 11:30:00,1.9131200000000002,1.91337,1.91276,1.913,817,0,0
2024-06-03 11:35:00,1.913,1.9131399999999998,1.91261,1.91309,758,0,0
2024-06-03 11:40:00,1.91309,1.9131200000000002,1.91272,1.91284,588,0,0
2024-06-03 11:45:00,1.91284,1.91309,1.91256,1.91268,691,2,0
2024-06-03 11:50:00,1.91268,1.9127999999999998,1.912,1.91212,760,1,0
2024-06-03 11:55:00,1.91212,1.9121700000000001,1.91166,1.91204,585,0,0
2024-06-03 12:00:00,1.91204,1.91259,1.91196,1.91258,693,0,0
2024-06-03 12:05:00,1.91258,1.9127100000000001,1.91221,1.91235,513,1,0
2024-06-03 12:10:00,1.91235,1.91261,1.91214,1.91239,573,0,0
2024-06-03 12:15:00,1.91239,1.91262,1.91214,1.91258,657,0,0
2024-06-03 12:20:00,1.91258,1.91258,1.91164,1.91168,904,0,0
2024-06-03 12:25:00,1.91168,1.9118,1.91099,1.91128,798,0,0
2024-06-03 12:30:00,1.91128,1.91133,1.9104999999999999,1.91055,753,0,0
2024-06-03 12:35:00,1.91055,1.91064,1.9101599999999999,1.9104100000000002,651,0,0
2024-06-03 12:40:00,1.9104100000000002,1.91044,1.90999,1.91033,750,0,0
2024-06-03 12:45:00,1.91033,1.9108800000000001,1.91012,1.91013,788,0,0
2024-06-03 12:50:00,1.91013,1.9104,1.90974,1.91002,854,1,0
2024-06-03 12:55:00,1.91002,1.9105400000000001,1.90988,1.91051,869,0,0
2024-06-03 13:00:00,1.91051,1.9110800000000001,1.9104299999999999,1.9105699999999999,878,0,0
2024-06-03 13:05:00,1.91056,1.9108399999999999,1.91048,1.91063,778,0,0
2024-06-03 13:10:00,1.91062,1.91072,1.90998,1.90998,796,0,0
2024-06-03 13:15:00,1.90998,1.9104299999999999,1.9097499999999998,1.90977,610,0,0
2024-06-03 13:20:00,1.90977,1.91004,1.90937,1.91004,573,0,0
2024-06-03 13:25:00,1.91006,1.91028,1.90983,1.91025,532,0,0
2024-06-03 13:30:00,1.91025,1.91078,1.90983,1.91038,960,0,0
2024-06-03 13:35:00,1.91039,1.91103,1.9102299999999999,1.91089,777,0,0
2024-06-03 13:40:00,1.9108800000000001,1.9115799999999998,1.91085,1.91101,694,0,0
2024-06-03 13:45:00,1.91072,1.9120300000000001,1.91072,1.91187,767,0,0
2024-06-03 13:50:00,1.91187,1.91231,1.9116900000000001,1.91211,739,0,0
2024-06-03 13:55:00,1.91211,1.91248,1.91113,1.91151,536,0,0
2024-06-03 14:00:00,1.911,1.91236,1.91037,1.9114200000000001,2294,0,0
2024-06-03 14:05:00,1.9114200000000001,1.91177,1.91002,1.9110200000000002,1538,0,0
2024-06-03 14:10:00,1.9110200000000002,1.9110200000000002,1.9098000000000002,1.90991,1578,0,0
2024-06-03 14:15:00,1.90991,1.9110399999999998,1.9093900000000001,1.91086,1562,0,0
2024-06-03 14:20:00,1.91085,1.9114,1.9106,1.91112,1447,0,0
2024-06-03 14:25:00,1.91112,1.91167,1.9108100000000001,1.9108100000000001,1208,0,0
2024-06-03 14:30:00,1.91079,1.91137,1.91029,1.9113,1142,0,0
2024-06-03 14:35:00,1.9113,1.91182,1.91072,1.91075,896,0,0
2024-06-03 14:40:00,1.91075,1.9108399999999999,1.90983,1.90999,1272,0,0
2024-06-03 14:45:00,1.90999,1.9103400000000001,1.90961,1.91015,1189,0,0
2024-06-03 14:50:00,1.91015,1.91121,1.91003,1.911,953,0,0
2024-06-03 14:55:00,1.911,1.91263,1.9109099999999999,1.9124400000000001,1601,0,0
2024-06-03 15:00:00,1.91242,1.9136199999999999,1.9123700000000001,1.91334,1387,0,0
2024-06-03 15:05:00,1.91334,1.91403,1.91311,1.9132099999999999,1160,1,0
2024-06-03 15:10:00,1.91318,1.91395,1.9131399999999998,1.91356,1118,2,0
2024-06-03 15:15:00,1.91356,1.9137300000000002,1.91304,1.9132,1032,0,0
2024-06-03 15:20:00,1.91319,1.9135499999999999,1.91296,1.9134,991,0,0
2024-06-03 15:25:00,1.9134,1.91402,1.9133200000000001,1.91385,895,0,0
2024-06-03 15:30:00,1.91385,1.91476,1.91379,1.91476,1135,1,0
2024-06-03 15:35:00,1.91476,1.91487,1.91384,1.91448,986,0,0
2024-06-03 15:40:00,1.91448,1.9148,1.9143,1.91479,875,1,0
2024-06-03 15:45:00,1.91479,1.91486,1.9143599999999998,1.91452,781,2,0
2024-06-03 15:50:00,1.91452,1.91458,1.91398,1.91424,825,4,0
2024-06-03 15:55:00,1.91424,1.91455,1.91417,1.9144700000000001,858,0,0
2024-06-03 16:00:00,1.9144700000000001,1.91448,1.91361,1.91368,878,2,0
2024-06-03 16:05:00,1.91368,1.91402,1.91364,1.91387,864,0,0
2024-06-03 16:10:00,1.91387,1.91433,1.91347,1.91426,945,0,0
2024-06-03 16:15:00,1.91426,1.91462,1.91404,1.91428,1289,1,0
2024-06-03 16:20:00,1.91428,1.91486,1.91411,1.91441,1172,2,0
2024-06-03 16:25:00,1.91441,1.915,1.91433,1.91474,1154,0,0
2024-06-03 16:30:00,1.91474,1.91525,1.91463,1.91517,1332,0,0
2024-06-03 16:35:00,1.91516,1.91526,1.91489,1.9151,1046,0,0
2024-06-03 16:40:00,1.9151,1.91547,1.91475,1.91536,1141,4,0
2024-06-03 16:45:00,1.91537,1.9154200000000001,1.91501,1.91524,1159,0,0
2024-06-03 16:50:00,1.91524,1.9159000000000002,1.91523,1.91552,1052,2,0
2024-06-03 16:55:00,1.91553,1.9156900000000001,1.91516,1.9152,997,1,0
2024-06-03 17:00:00,1.9152,1.91612,1.91513,1.9161000000000001,1071,0,0
2024-06-03 17:05:00,1.9161000000000001,1.91663,1.91594,1.91656,1064,3,0
2024-06-03 17:10:00,1.91656,1.91733,1.91642,1.91724,981,0,0
2024-06-03 17:15:00,1.91724,1.9173499999999999,1.91682,1.91699,973,0,0
2024-06-03 17:20:00,1.9169800000000001,1.9172500000000001,1.91689,1.91702,888,3,0
2024-06-03 17:25:00,1.91702,1.91715,1.91677,1.91689,801,3,0
2024-06-03 17:30:00,1.91689,1.91704,1.91649,1.91666,957,2,0
2024-06-03 17:35:00,1.91666,1.9167399999999999,1.91614,1.91641,818,3,0
2024-06-03 17:40:00,1.91641,1.9167999999999998,1.9163299999999999,1.9163999999999999,825,5,0
2024-06-03 17:45:00,1.9163999999999999,1.91682,1.91636,1.91655,599,2,0
2024-06-03 17:50:00,1.91655,1.91711,1.91655,1.91704,949,1,0
2024-06-03 17:55:00,1.91703,1.91737,1.9169,1.9172,952,2,0
2024-06-03 18:00:00,1.91719,1.91745,1.9171200000000002,1.91719,846,2,0
2024-06-03 18:05:00,1.91717,1.91727,1.9166400000000001,1.9168500000000002,795,0,0
2024-06-03 18:10:00,1.9168500000000002,1.917,1.9165100000000002,1.91689,674,5,0
2024-06-03 18:15:00,1.91689,1.91708,1.91663,1.91676,569,4,0
2024-06-03 18:20:00,1.91676,1.91677,1.91602,1.91646,916,0,0
2024-06-03 18:25:00,1.91646,1.9171200000000002,1.9163000000000001,1.91704,1007,0,0
2024-06-03 18:30:00,1.9170500000000001,1.9173,1.91676,1.91722,769,1,0
2024-06-03 18:35:00,1.91723,1.91743,1.91716,1.9172099999999999,857,0,0
2024-06-03 18:40:00,1.9172099999999999,1.91738,1.9167800000000002,1.9173200000000001,842,0,0
2024-06-03 18:45:00,1.9173200000000001,1.91733,1.91679,1.91695,805,0,0
2024-06-03 18:50:00,1.91695,1.9174,1.91692,1.91731,605,0,0
2024-06-03 18:55:00,1.91731,1.9174099999999998,1.91695,1.91707,636,0,0
2024-06-03 19:00:00,1.91707,1.91727,1.91661,1.9168500000000002,689,1,0
2024-06-03 19:05:00,1.91686,1.91704,1.91649,1.91662,707,0,0
2024-06-03 19:10:00,1.91662,1.9167999999999998,1.91646,1.91669,772,1,0
2024-06-03 19:15:00,1.91669,1.9167399999999999,1.9165,1.91666,642,3,0
2024-06-03 19:20:00,1.91666,1.91666,1.91625,1.91647,641,1,0
2024-06-03 19:25:00,1.91647,1.9167,1.91645,1.91668,392,4,0
2024-06-03 19:30:00,1.91666,1.9168500000000002,1.91635,1.91647,620,3,0
2024-06-03 19:35:00,1.91647,1.91693,1.91643,1.91692,472,0,0
2024-06-03 19:40:00,1.91692,1.91702,1.91672,1.91681,543,3,0
2024-06-03 19:45:00,1.91682,1.91682,1.9161899999999998,1.9162,589,1,0
2024-06-03 19:50:00,1.9161700000000002,1.91638,1.9159199999999998,1.91611,707,0,0
2024-06-03 19:55:00,1.91611,1.91638,1.91602,1.91614,710,0,0
2024-06-03 20:00:00,1.91614,1.91629,1.91595,1.9160599999999999,348,0,0
2024-06-03 20:05:00,1.9160599999999999,1.91608,1.91573,1.91586,268,4,0
2024-06-03 20:10:00,1.91586,1.91586,1.91566,1.91574,340,1,0
2024-06-03 20:15:00,1.91574,1.91585,1.91503,1.91512,432,1,0
2024-06-03 20:20:00,1.91512,1.91513,1.91459,1.9148,221,0,0
2024-06-03 20:25:00,1.9148,1.91493,1.91451,1.91485,250,2,0
2024-06-03 20:30:00,1.91485,1.9148800000000001,1.9145400000000001,1.91463,129,4,0
2024-06-03 20:35:00,1.91463,1.9148100000000001,1.91431,1.91459,173,0,0
2024-06-03 20:40:00,1.91459,1.91475,1.91438,1.91453,145,5,0
2024-06-03 20:45:00,1.9145400000000001,1.91478,1.91435,1.9145400000000001,80,7,0
2024-06-03 20:50:00,1.9145400000000001,1.9146800000000002,1.91424,1.91437,169,4,0
2024-06-03 20:55:00,1.91439,1.91486,1.9143400000000002,1.91452,192,0,0
2024-06-03 21:00:00,1.91406,1.9144,1.9123999999999999,1.91315,35,132,0
2024-06-03 21:05:00,1.91315,1.9139599999999999,1.91292,1.91387,28,139,0
2024-06-03 21:10:00,1.9138199999999999,1.9148,1.9138199999999999,1.9140899999999998,65,87,0
2024-06-03 21:15:00,1.9140899999999998,1.91435,1.91397,1.9141,31,133,0
2024-06-03 21:20:00,1.9141,1.91456,1.91402,1.91441,39,61,0
2024-06-03 21:25:00,1.91426,1.9149699999999998,1.91411,1.91437,51,58,0
2024-06-03 21:30:00,1.91445,1.9145400000000001,1.91428,1.91428,55,80,0
2024-06-03 21:35:00,1.91433,1.91442,1.91425,1.9143599999999998,149,48,0
2024-06-03 21:40:00,1.9143599999999998,1.9145400000000001,1.9143,1.91446,65,73,0
2024-06-03 21:45:00,1.91446,1.91451,1.91402,1.91441,89,51,0
2024-06-03 21:50:00,1.91441,1.91452,1.91333,1.91395,329,41,0
2024-06-03 21:55:00,1.91395,1.91451,1.91365,1.9144,342,37,0
2024-06-03 22:00:00,1.9144,1.9144,1.9136600000000001,1.91419,236,6,0
2024-06-03 22:05:00,1.91419,1.91439,1.91417,1.91419,85,8,0
2024-06-03 22:10:00,1.91421,1.91441,1.9141599999999999,1.91419,83,10,0
2024-06-03 22:15:00,1.91419,1.91419,1.9138899999999999,1.91408,86,9,0
2024-06-03 22:20:00,1.9140700000000002,1.91456,1.91397,1.91452,117,13,0
2024-06-03 22:25:00,1.9145400000000001,1.9145400000000001,1.9140700000000002,1.9141,62,13,0
2024-06-03 22:30:00,1.9141,1.9141,1.91385,1.91391,114,9,0
2024-06-03 22:35:00,1.91392,1.9139300000000001,1.91377,1.9138,50,13,0
2024-06-03 22:40:00,1.9138,1.9140000000000001,1.91378,1.91378,63,7,0
2024-06-03 22:45:00,1.91378,1.9140700000000002,1.91368,1.9139300000000001,52,2,0
2024-06-03 22:50:00,1.9139300000000001,1.9140700000000002,1.91377,1.91381,74,5,0
2024-06-03 22:55:00,1.91381,1.9140899999999998,1.91378,1.9140000000000001,68,6,0
2024-06-03 23:00:00,1.9140000000000001,1.91426,1.9140000000000001,1.9140700000000002,132,6,0
2024-06-03 23:05:00,1.9140700000000002,1.91413,1.91383,1.91383,107,3,0
2024-06-03 23:10:00,1.91384,1.91424,1.91384,1.91408,137,1,0
2024-06-03 23:15:00,1.91408,1.9143,1.9137499999999998,1.9137499999999998,216,4,0
2024-06-03 23:20:00,1.91376,1.9139599999999999,1.91372,1.9138899999999999,260,3,0
2024-06-03 23:25:00,1.9138899999999999,1.91432,1.9138199999999999,1.91417,171,3,0
2024-06-03 23:30:00,1.91417,1.91442,1.91415,1.91438,206,6,0
2024-06-03 23:35:00,1.91438,1.91458,1.91428,1.9145400000000001,181,6,0
2024-06-03 23:40:00,1.9145400000000001,1.91479,1.9144,1.91476,226,5,0
2024-06-03 23:45:00,1.91476,1.91494,1.91469,1.91478,187,0,0
2024-06-03 23:50:00,1.91478,1.91479,1.9140700000000002,1.9144,320,0,0
2024-06-03 23:55:00,1.9144,1.91493,1.91439,1.9148399999999999,464,0,0
2024-06-04 00:00:00,1.9148399999999999,1.9148399999999999,1.91313,1.91368,1089,0,0
2024-06-04 00:05:00,1.91367,1.91412,1.9133499999999999,1.9138,713,4,0
2024-06-04 00:10:00,1.91381,1.91408,1.91331,1.91333,481,4,0
2024-06-04 00:15:00,1.91333,1.91397,1.9132500000000001,1.9139300000000001,644,3,0
2024-06-04 00:20:00,1.9139300000000001,1.91445,1.91388,1.91426,560,0,0
2024-06-04 00:25:00,1.91425,1.9144299999999999,1.9141,1.91429,350,3,0
2024-06-04 00:30:00,1.91429,1.9145400000000001,1.91398,1.91429,406,2,0
2024-06-04 00:35:00,1.9143,1.9143599999999998,1.9138,1.91422,387,3,0
2024-06-04 00:40:00,1.91422,1.91486,1.91419,1.91451,326,3,0
2024-06-04 00:45:00,1.91451,1.91537,1.9144700000000001,1.91513,488,4,0
2024-06-04 00:50:00,1.91513,1.91573,1.91505,1.9154499999999999,656,0,0
2024-06-04 00:55:00,1.91543,1.91598,1.91526,1.9156,665,1,0
2024-06-04 01:00:00,1.9155600000000002,1.91594,1.91541,1.9156499999999999,630,2,0
2024-06-04 01:05:00,1.9156499999999999,1.91616,1.91561,1.9157899999999999,666,2,0
2024-06-04 01:10:00,1.9157899999999999,1.9163999999999999,1.9156900000000001,1.91614,515,1,0
2024-06-04 01:15:00,1.91614,1.91647,1.9160300000000001,1.91609,527,0,0
2024-06-04 01:20:00,1.91609,1.91683,1.9160599999999999,1.9167999999999998,492,0,0
2024-06-04 01:25:00,1.9167999999999998,1.9169399999999999,1.9163999999999999,1.9165,594,4,0
2024-06-04 01:30:00,1.9165,1.91756,1.9161700000000002,1.91719,892,3,0
2024-06-04 01:35:00,1.91719,1.9181599999999999,1.9170500000000001,1.9181,637,0,0
2024-06-04 01:40:00,1.91808,1.9183,1.91783,1.9178899999999999,481,2,0
2024-06-04 01:45:00,1.9179,1.9182000000000001,1.91779,1.9181,547,2,0
2024-06-04 01:50:00,1.9181,1.9182700000000001,1.91736,1.91761,607,4,0
2024-06-04 01:55:00,1.9176,1.91825,1.91757,1.91794,507,0,0
2024-06-04 02:00:00,1.91794,1.9181300000000001,1.91744,1.91751,465,2,0
2024-06-04 02:05:00,1.91751,1.9181,1.9173499999999999,1.91756,574,0,0
2024-06-04 02:10:00,1.91756,1.91784,1.91715,1.91756,523,3,0
2024-06-04 02:15:00,1.9175499999999999,1.91806,1.9174600000000002,1.91799,554,0,0
2024-06-04 02:20:00,1.91799,1.91804,1.9171,1.91713,503,0,0
2024-06-04 02:25:00,1.91713,1.9175200000000001,1.91682,1.9174799999999999,517,1,0
2024-06-04 02:30:00,1.9174799999999999,1.91777,1.91724,1.91765,711,0,0
2024-06-04 02:35:00,1.91764,1.91784,1.91733,1.91754,569,0,0
2024-06-04 02:40:00,1.91754,1.91787,1.91711,1.91718,633,1,0
2024-06-04 02:45:00,1.91718,1.9173900000000001,1.91684,1.91689,399,0,0
2024-06-04 02:50:00,1.91689,1.9169,1.91649,1.91659,312,3,0
2024-06-04 02:55:00,1.91658,1.91692,1.9163299999999999,1.9164400000000001,479,2,0
2024-06-04 03:00:00,1.9164400000000001,1.91706,1.91628,1.9169100000000001,458,1,0
2024-06-04 03:05:00,1.9169100000000001,1.91723,1.91682,1.91711,358,1,0
2024-06-04 03:10:00,1.91711,1.9174,1.91682,1.91734,319,0,0
2024-06-04 03:15:00,1.91734,1.9176199999999999,1.91717,1.91757,380,3,0
2024-06-04 03:20:00,1.91757,1.91806,1.91753,1.91767,595,2,0
2024-06-04 03:25:00,1.91767,1.9179300000000001,1.91764,1.91774,572,4,0
2024-06-04 03:30:00,1.91774,1.9180000000000001,1.91761,1.9176600000000001,284,0,0
2024-06-04 03:35:00,1.9176600000000001,1.9179599999999999,1.91753,1.9175900000000001,366,0,0
2024-06-04 03:40:00,1.9175900000000001,1.9179300000000001,1.9172,1.91753,415,0,0
2024-06-04 03:45:00,1.91754,1.91777,1.91722,1.9173,360,0,0
2024-06-04 03:50:00,1.9173,1.9174600000000002,1.917,1.917,337,4,0
2024-06-04 03:55:00,1.91699,1.91744,1.91686,1.91744,352,1,0
2024-06-04 04:00:00,1.91743,1.91799,1.91743,1.91799,442,1,0
2024-06-04 04:05:00,1.91798,1.91814,1.9177300000000002,1.91778,244,4,0
2024-06-04 04:10:00,1.91778,1.91791,1.91744,1.9175200000000001,316,4,0
2024-06-04 04:15:00,1.91751,1.91754,1.91709,1.91717,290,2,0
2024-06-04 04:20:00,1.91717,1.9172,1.91681,1.91689,353,3,0
2024-06-04 04:25:00,1.91688,1.9171,1.91675,1.91706,245,7,0
2024-06-04 04:30:00,1.91706,1.91731,1.91702,1.91727,216,3,0
2024-06-04 04:35:00,1.91727,1.9174799999999999,1.91688,1.91702,217,3,0
2024-06-04 04:40:00,1.91702,1.91744,1.9170099999999999,1.91713,229,5,0
2024-06-04 04:45:00,1.91713,1.91736,1.9170500000000001,1.9172799999999999,243,3,0
2024-06-04 04:50:00,1.9172799999999999,1.91733,1.9169399999999999,1.91708,183,0,0
2024-06-04 04:55:00,1.91708,1.91713,1.91686,1.9171,262,0,0
2024-06-04 05:00:00,1.9171,1.91733,1.91707,1.91713,369,1,0
2024-06-04 05:05:00,1.91713,1.91743,1.91696,1.9173200000000001,300,1,0
2024-06-04 05:10:00,1.9173200000000001,1.91763,1.91722,1.9174799999999999,348,1,0
2024-06-04 05:15:00,1.91749,1.91788,1.91723,1.91731,371,1,0
2024-06-04 05:20:00,1.91731,1.91792,1.91729,1.9177,408,0,0
2024-06-04 05:25:00,1.9177,1.91779,1.91742,1.91776,274,1,0
2024-06-04 05:30:00,1.91776,1.91839,1.91768,1.9183400000000002,467,3,0
2024-06-04 05:35:00,1.9183400000000002,1.91887,1.9181,1.91869,458,3,0
2024-06-04 05:40:00,1.91869,1.91913,1.91855,1.919,500,1,0
2024-06-04 05:45:00,1.919,1.91966,1.9188,1.9196499999999999,536,1,0
2024-06-04 05:50:00,1.91964,1.91987,1.91933,1.91978,557,0,0
2024-06-04 05:55:00,1.91978,1.91993,1.91937,1.91966,509,0,0
2024-06-04 06:00:00,1.91963,1.9200300000000001,1.91912,1.91952,954,0,0
2024-06-04 06:05:00,1.91951,1.9204599999999998,1.91951,1.92035,650,1,0
2024-06-04 06:10:00,1.92035,1.92048,1.91989,1.91998,667,1,0
2024-06-04 06:15:00,1.91998,1.92011,1.91962,1.9199199999999998,603,0,0
2024-06-04 06:20:00,1.9199199999999998,1.91997,1.9194,1.91962,580,0,0
2024-06-04 06:25:00,1.91962,1.92032,1.91926,1.92011,472,1,0
2024-06-04 06:30:00,1.9201000000000001,1.92027,1.91981,1.91994,813,0,0
2024-06-04 06:35:00,1.91994,1.9208699999999999,1.91966,1.92001,646,2,0
2024-06-04 06:40:00,1.92001,1.9207,1.92001,1.92036,518,1,0
2024-06-04 06:45:00,1.92036,1.92042,1.91975,1.91995,739,0,0
2024-06-04 06:50:00,1.91995,1.9207999999999998,1.91982,1.92055,748,1,0
2024-06-04 06:55:00,1.92055,1.92068,1.92014,1.92027,795,1,0
2024-06-04 07:00:00,1.9202599999999999,1.92056,1.91962,1.91966,934,0,0
2024-06-04 07:05:00,1.91966,1.91966,1.91873,1.91934,508,0,0
2024-06-04 07:10:00,1.91933,1.9199899999999999,1.9191799999999999,1.91936,896,0,0
2024-06-04 07:15:00,1.91936,1.9197199999999999,1.9191799999999999,1.91941,738,0,0
2024-06-04 07:20:00,1.91941,1.9199899999999999,1.91941,1.91997,1075,0,0
2024-06-04 07:25:00,1.91997,1.92034,1.91973,1.91987,1039,0,0
2024-06-04 07:30:00,1.91987,1.92025,1.91951,1.9195799999999998,1092,1,0
2024-06-04 07:35:00,1.9195799999999998,1.91993,1.91923,1.9193500000000001,959,0,0
2024-06-04 07:40:00,1.9193500000000001,1.92,1.9193500000000001,1.91987,1027,0,0
2024-06-04 07:45:00,1.91987,1.9203299999999999,1.91987,1.9201899999999998,980,2,0
2024-06-04 07:50:00,1.9201899999999998,1.92025,1.91932,1.9194,911,2,0
2024-06-04 07:55:00,1.9194,1.92005,1.9192200000000001,1.91977,858,0,0
2024-06-04 08:00:00,1.91977,1.92122,1.9195600000000002,1.9212,1393,0,0
2024-06-04 08:05:00,1.92119,1.92151,1.92063,1.92109,795,0,0
2024-06-04 08:10:00,1.9211,1.9212099999999999,1.9204400000000001,1.92045,914,1,0
2024-06-04 08:15:00,1.9204599999999998,1.92075,1.9201700000000002,1.9207100000000001,881,0,0
2024-06-04 08:20:00,1.9207100000000001,1.92073,1.92021,1.92035,832,0,0
2024-06-04 08:25:00,1.92035,1.92086,1.92016,1.92063,807,0,0
2024-06-04 08:30:00,1.92063,1.92081,1.9202599999999999,1.92075,966,1,0
2024-06-04 08:35:00,1.92076,1.92133,1.92068,1.92127,945,0,0
2024-06-04 08:40:00,1.92127,1.9218899999999999,1.9211399999999998,1.9211399999999998,858,0,0
2024-06-04 08:45:00,1.9211399999999998,1.92127,1.92054,1.92118,993,0,0
2024-06-04 08:50:00,1.92118,1.9213900000000002,1.92089,1.92102,1005,0,0
2024-06-04 08:55:00,1.92102,1.9212500000000001,1.92075,1.92099,966,0,0
2024-06-04 09:00:00,1.92102,1.92185,1.9207999999999998,1.92174,1154,0,0
2024-06-04 09:05:00,1.9217499999999998,1.92203,1.92143,1.92158,1285,1,0
2024-06-04 09:10:00,1.92158,1.9225400000000001,1.92158,1.92185,1407,0,0
2024-06-04 09:15:00,1.92185,1.92217,1.92169,1.9218199999999999,813,0,0
2024-06-04 09:20:00,1.92185,1.9220000000000002,1.9212500000000001,1.92135,1046,1,0
2024-06-04 09:25:00,1.92135,1.92183,1.92124,1.92168,858,0,0
2024-06-04 09:30:00,1.92168,1.9217499999999998,1.92106,1.92171,884,0,0
2024-06-04 09:35:00,1.92168,1.92184,1.9212099999999999,1.9216199999999999,746,0,0
2024-06-04 09:40:00,1.92158,1.92172,1.92115,1.9212500000000001,847,0,0
2024-06-04 09:45:00,1.92123,1.9215900000000001,1.92092,1.92118,991,0,0
2024-06-04 09:50:00,1.92118,1.92183,1.92118,1.92161,897,2,0
2024-06-04 09:55:00,1.92161,1.92256,1.9215900000000001,1.92239,834,3,0
2024-06-04 10:00:00,1.92239,1.92312,1.92215,1.92306,974,1,0
2024-06-04 10:05:00,1.9231,1.9233799999999999,1.92252,1.92262,989,1,0
2024-06-04 10:10:00,1.92262,1.92314,1.9224299999999999,1.92296,931,1,0
2024-06-04 10:15:00,1.92296,1.92301,1.92199,1.9224299999999999,917,3,0
2024-06-04 10:20:00,1.92241,1.92316,1.9224,1.923,805,0,0
2024-06-04 10:25:00,1.923,1.92326,1.92265,1.92307,716,1,0
2024-06-04 10:30:00,1.92307,1.9236499999999999,1.92279,1.9228399999999999,779,0,0
2024-06-04 10:35:00,1.92286,1.92301,1.92229,1.92244,823,0,0
2024-06-04 10:40:00,1.92244,1.9224700000000001,1.9215499999999999,1.92225,1034,0,0
2024-06-04 10:45:00,1.92225,1.92229,1.9215499999999999,1.92204,934,0,0
2024-06-04 10:50:00,1.92204,1.92237,1.92171,1.92228,754,1,0
2024-06-04 10:55:00,1.92228,1.9223400000000002,1.92176,1.92201,651,3,0
2024-06-04 11:00:00,1.92201,1.92212,1.9214799999999999,1.92154,899,0,0
2024-06-04 11:05:00,1.92154,1.92157,1.9210500000000001,1.92123,520,3,0
2024-06-04 11:10:00,1.92123,1.92134,1.92072,1.92076,751,1,0
2024-06-04 11:15:00,1.92076,1.92107,1.92036,1.92068,735,0,0
2024-06-04 11:20:00,1.9207100000000001,1.92081,1.92036,1.92047,559,1,0
2024-06-04 11:25:00,1.92047,1.92116,1.92031,1.9211200000000002,685,0,0
2024-06-04 11:30:00,1.9211200000000002,1.92122,1.9207,1.92095,888,1,0
2024-06-04 11:35:00,1.92095,1.92118,1.92032,1.9205,852,3,0
2024-06-04 11:40:00,1.9205,1.9207800000000002,1.92008,1.92072,759,3,0
2024-06-04 11:45:00,1.92073,1.9211200000000002,1.92028,1.92102,845,1,0
2024-06-04 11:50:00,1.9210099999999999,1.92179,1.9209399999999999,1.92178,823,2,0
2024-06-04 11:55:00,1.92178,1.92206,1.92147,1.9215900000000001,880,2,0
2024-06-04 12:00:00,1.9216,1.92198,1.9214099999999998,1.92158,1232,0,0
2024-06-04 12:05:00,1.92158,1.9221,1.92153,1.9219,1069,3,0
2024-06-04 12:10:00,1.9219,1.9222000000000001,1.92103,1.92119,1050,0,0
2024-06-04 12:15:00,1.9212,1.92144,1.9203299999999999,1.92045,1072,1,0
2024-06-04 12:20:00,1.92045,1.92084,1.92029,1.92069,1042,2,0
2024-06-04 12:25:00,1.92069,1.9211200000000002,1.92045,1.92066,879,2,0
2024-06-04 12:30:00,1.92066,1.92097,1.9203000000000001,1.92056,779,0,0
2024-06-04 12:35:00,1.92054,1.92107,1.92041,1.92081,856,2,0
2024-06-04 12:40:00,1.92081,1.92138,1.92065,1.92126,935,1,0
2024-06-04 12:45:00,1.92126,1.92147,1.9211200000000002,1.9212500000000001,831,0,0
2024-06-04 12:50:00,1.9212500000000001,1.92134,1.92088,1.92111,992,0,0
2024-06-04 12:55:00,1.92111,1.92145,1.92108,1.92118,1005,1,0
2024-06-04 13:00:00,1.92118,1.9217,1.92103,1.92124,1114,2,0
2024-06-04 13:05:00,1.92124,1.92178,1.9209800000000001,1.92168,819,0,0
2024-06-04 13:10:00,1.92167,1.9218,1.92143,1.92174,791,1,0
2024-06-04 13:15:00,1.92167,1.92198,1.9214799999999999,1.92151,882,3,0
2024-06-04 13:20:00,1.92151,1.9218,1.92127,1.9215200000000001,1080,3,0
2024-06-04 13:25:00,1.9215,1.92221,1.9215,1.92208,1040,0,0
2024-06-04 13:30:00,1.92207,1.9231099999999999,1.92205,1.9229500000000002,1205,0,0
2024-06-04 13:35:00,1.9229699999999998,1.92303,1.92224,1.92285,1011,3,0
2024-06-04 13:40:00,1.92285,1.92381,1.92278,1.9236900000000001,1307,0,0
2024-06-04 13:45:00,1.9236499999999999,1.9239000000000002,1.92264,1.9235600000000002,1373,0,0
2024-06-04 13:50:00,1.92357,1.92377,1.92312,1.92323,1168,0,0
2024-06-04 13:55:00,1.92323,1.92366,1.92278,1.92285,1253,0,0
2024-06-04 14:00:00,1.9229,1.92294,1.92088,1.92242,2584,0,0
2024-06-04 14:05:00,1.9224,1.92301,1.9221599999999999,1.9229,2100,0,0
2024-06-04 14:10:00,1.92292,1.92354,1.9224999999999999,1.92293,1856,0,0
2024-06-04 14:15:00,1.92293,1.92317,1.9221300000000001,1.92215,1645,0,0
2024-06-04 14:20:00,1.92215,1.92344,1.92191,1.92339,1805,0,0
2024-06-04 14:25:00,1.92339,1.92375,1.9231099999999999,1.9233799999999999,1325,0,0
2024-06-04 14:30:00,1.9233799999999999,1.92441,1.9230800000000001,1.9242599999999999,1650,1,0
2024-06-04 14:35:00,1.92427,1.92527,1.92424,1.92474,1379,0,0
2024-06-04 14:40:00,1.92473,1.9249,1.92418,1.92486,1235,2,0
2024-06-04 14:45:00,1.92485,1.92527,1.92452,1.92493,1223,0,0
2024-06-04 14:50:00,1.92493,1.92504,1.9237,1.9238,1258,2,0
2024-06-04 14:55:00,1.9238,1.9238499999999998,1.92246,1.92258,1351,0,0
2024-06-04 15:00:00,1.92258,1.92312,1.92212,1.92222,1234,0,0
2024-06-04 15:05:00,1.92222,1.92292,1.92207,1.92272,1322,0,0
2024-06-04 15:10:00,1.92273,1.92278,1.9217300000000002,1.92195,1285,1,0
2024-06-04 15:15:00,1.92194,1.9228100000000001,1.92194,1.92268,1107,1,0
2024-06-04 15:20:00,1.92268,1.92307,1.92241,1.92273,1266,0,0
2024-06-04 15:25:00,1.92273,1.92362,1.9224700000000001,1.9234200000000001,1104,1,0
2024-06-04 15:30:00,1.9234499999999999,1.9243999999999999,1.92336,1.92423,1273,2,0
2024-06-04 15:35:00,1.92423,1.92434,1.92371,1.92386,1210,3,0
2024-06-04 15:40:00,1.9238499999999998,1.92432,1.92366,1.92431,1203,2,0
2024-06-04 15:45:00,1.92431,1.9247,1.924,1.92456,1043,2,0
2024-06-04 15:50:00,1.92456,1.9249399999999999,1.92436,1.92442,919,0,0
2024-06-04 15:55:00,1.92442,1.9247100000000001,1.92393,1.92469,916,0,0
2024-06-04 16:00:00,1.9246699999999999,1.92488,1.9243000000000001,1.92469,1176,0,0
2024-06-04 16:05:00,1.92469,1.9257900000000001,1.92462,1.92563,896,0,0
2024-06-04 16:10:00,1.92563,1.9258600000000001,1.92529,1.92537,891,4,0
2024-06-04 16:15:00,1.92537,1.9255200000000001,1.9251399999999999,1.92527,896,0,0
2024-06-04 16:20:00,1.92527,1.92545,1.92476,1.92504,895,3,0
2024-06-04 16:25:00,1.9250500000000001,1.9251200000000002,1.92456,1.92456,839,2,0
2024-06-04 16:30:00,1.92456,1.9251,1.92456,1.9247100000000001,752,1,0
2024-06-04 16:35:00,1.9247,1.92509,1.92459,1.92482,948,4,0
2024-06-04 16:40:00,1.92483,1.92497,1.92436,1.9246699999999999,977,3,0
2024-06-04 16:45:00,1.92468,1.9250500000000001,1.92445,1.92466,886,3,0
2024-06-04 16:50:00,1.9246400000000001,1.9250699999999998,1.92458,1.92474,806,3,0
2024-06-04 16:55:00,1.92474,1.9249800000000001,1.92448,1.92455,826,4,0
2024-06-04 17:00:00,1.92458,1.92462,1.92424,1.92438,912,3,0
2024-06-04 17:05:00,1.92438,1.92513,1.92422,1.92508,900,2,0
2024-06-04 17:10:00,1.9250699999999998,1.92515,1.92475,1.92482,928,5,0
2024-06-04 17:15:00,1.92482,1.92497,1.9245299999999999,1.92456,745,4,0
2024-06-04 17:20:00,1.9245700000000001,1.92463,1.92427,1.9243299999999999,742,3,0
2024-06-04 17:25:00,1.9243299999999999,1.92445,1.9238300000000002,1.92391,926,4,0
2024-06-04 17:30:00,1.92391,1.9241700000000002,1.92355,1.92404,1068,4,0
2024-06-04 17:35:00,1.92402,1.92425,1.92395,1.92412,906,2,0
2024-06-04 17:40:00,1.92414,1.92421,1.92378,1.92404,855,3,0
2024-06-04 17:45:00,1.92404,1.9241000000000001,1.92377,1.92381,893,0,0
2024-06-04 17:50:00,1.92381,1.92404,1.9235,1.92366,850,1,0
2024-06-04 17:55:00,1.92366,1.92397,1.9235600000000002,1.92375,848,4,0
2024-06-04 18:00:00,1.92375,1.92401,1.92361,1.9236499999999999,764,3,0
2024-06-04 18:05:00,1.9236499999999999,1.92387,1.9235600000000002,1.92371,710,1,0
2024-06-04 18:10:00,1.9237199999999999,1.9241700000000002,1.9234900000000001,1.9234900000000001,838,1,0
2024-06-04 18:15:00,1.9234900000000001,1.92351,1.92285,1.92326,1020,5,0
2024-06-04 18:20:00,1.9232399999999998,1.92337,1.92238,1.92273,1036,1,0
2024-06-04 18:25:00,1.92273,1.92309,1.92258,1.92264,944,2,0
2024-06-04 18:30:00,1.92264,1.9230399999999999,1.92248,1.92268,852,3,0
2024-06-04 18:35:00,1.92268,1.92289,1.9224299999999999,1.9226999999999999,661,2,0
2024-06-04 18:40:00,1.9226999999999999,1.9228100000000001,1.92221,1.92224,588,1,0
2024-06-04 18:45:00,1.92224,1.92228,1.92185,1.92195,745,4,0
2024-06-04 18:50:00,1.92194,1.92196,1.9215499999999999,1.92167,605,3,0
2024-06-04 18:55:00,1.92167,1.92191,1.9215900000000001,1.9217,819,1,0
2024-06-04 19:00:00,1.92167,1.92257,1.92158,1.9224999999999999,1041,1,0
2024-06-04 19:05:00,1.9224999999999999,1.92292,1.92249,1.92276,1007,5,0
2024-06-04 19:10:00,1.92278,1.92279,1.92242,1.9227699999999999,1050,4,0
2024-06-04 19:15:00,1.9227699999999999,1.9228100000000001,1.9224999999999999,1.92253,1128,4,0
2024-06-04 19:20:00,1.9225400000000001,1.92259,1.92215,1.92219,874,1,0
2024-06-04 19:25:00,1.92218,1.92226,1.92179,1.9218,584,2,0
2024-06-04 19:30:00,1.9218,1.9220000000000002,1.9213200000000001,1.9214799999999999,822,1,0
2024-06-04 19:35:00,1.9214799999999999,1.9217499999999998,1.92133,1.9215200000000001,722,2,0
2024-06-04 19:40:00,1.92153,1.92154,1.92103,1.92111,603,3,0
2024-06-04 19:45:00,1.92111,1.9213900000000002,1.92096,1.92123,671,5,0
2024-06-04 19:50:00,1.92123,1.92133,1.9209,1.9210099999999999,756,3,0
2024-06-04 19:55:00,1.9210099999999999,1.92102,1.9205999999999999,1.92073,638,6,0
2024-06-04 20:00:00,1.92074,1.92108,1.9205999999999999,1.92073,430,2,0
2024-06-04 20:05:00,1.92073,1.92082,1.92055,1.9207800000000002,184,3,0
2024-06-04 20:10:00,1.9207800000000002,1.9209100000000001,1.92065,1.92066,188,3,0
2024-06-04 20:15:00,1.92066,1.92092,1.9204599999999998,1.92083,291,2,0
2024-06-04 20:20:00,1.92083,1.92084,1.92065,1.92074,288,0,0
2024-06-04 20:25:00,1.92074,1.92077,1.92057,1.9206400000000001,137,2,0
2024-06-04 20:30:00,1.92063,1.92074,1.92036,1.9203999999999999,123,0,0
2024-06-04 20:35:00,1.9203999999999999,1.92062,1.92032,1.92054,190,2,0
2024-06-04 20:40:00,1.92054,1.9206400000000001,1.92029,1.92063,178,1,0
2024-06-04 20:45:00,1.9205999999999999,1.92061,1.92024,1.92032,288,5,0
2024-06-04 20:50:00,1.9203000000000001,1.92041,1.92013,1.9203299999999999,115,2,0
2024-06-04 20:55:00,1.92031,1.92065,1.9200599999999999,1.9203999999999999,196,7,0
2024-06-04 21:00:00,1.9203999999999999,1.9203999999999999,1.91769,1.9178199999999999,35,24,0
2024-06-04 21:05:00,1.91832,1.92004,1.91832,1.9198499999999998,38,149,0
2024-06-04 21:10:00,1.91986,1.92023,1.91923,1.91923,124,137,0
2024-06-04 21:15:00,1.9191,1.92075,1.9191,1.92023,96,85,0
2024-06-04 21:20:00,1.92023,1.92028,1.9198499999999998,1.91994,31,89,0
2024-06-04 21:25:00,1.91994,1.92055,1.91994,1.92045,31,57,0
2024-06-04 21:30:00,1.92045,1.92058,1.92041,1.92057,47,49,0
2024-06-04 21:35:00,1.92057,1.92059,1.9201000000000001,1.92039,42,60,0
2024-06-04 21:40:00,1.92039,1.92041,1.92022,1.92031,170,46,0
2024-06-04 21:45:00,1.92031,1.92059,1.92013,1.9203999999999999,234,48,0
2024-06-04 21:50:00,1.9204400000000001,1.92049,1.92027,1.9203299999999999,190,37,0
2024-06-04 21:55:00,1.92028,1.92065,1.91967,1.92054,232,49,0
2024-06-04 22:00:00,1.92054,1.92069,1.9201899999999998,1.92066,124,7,0
2024-06-04 22:05:00,1.92066,1.92086,1.92066,1.92084,62,8,0
2024-06-04 22:10:00,1.92086,1.92086,1.9207800000000002,1.9207999999999998,21,14,0
2024-06-04 22:15:00,1.9207999999999998,1.92092,1.92069,1.92069,28,12,0
2024-06-04 22:20:00,1.92069,1.92076,1.92059,1.92069,25,11,0
2024-06-04 22:25:00,1.92069,1.92077,1.92069,1.92073,27,13,0
2024-06-04 22:30:00,1.92073,1.92081,1.9205,1.92062,85,3,0
2024-06-04 22:35:00,1.92062,1.92077,1.9203999999999999,1.92072,97,7,0
2024-06-04 22:40:00,1.92072,1.92095,1.92069,1.9209100000000001,53,11,0
2024-06-04 22:45:00,1.9209100000000001,1.92108,1.92085,1.9210099999999999,79,0,0
2024-06-04 22:50:00,1.9210099999999999,1.92104,1.92092,1.9209399999999999,42,5,0
2024-06-04 22:55:00,1.9209399999999999,1.92103,1.92088,1.92096,53,11,0
2024-06-04 23:00:00,1.92096,1.92104,1.92085,1.92099,396,10,0
2024-06-04 23:05:00,1.92099,1.92118,1.92096,1.92106,134,10,0
2024-06-04 23:10:00,1.92106,1.9211399999999998,1.92103,1.92106,40,10,0
2024-06-04 23:15:00,1.92106,1.9212,1.92099,1.92107,52,10,0
2024-06-04 23:20:00,1.92107,1.92119,1.92099,1.92115,97,11,0
2024-06-04 23:25:00,1.92115,1.9213200000000001,1.92113,1.92129,28,9,0
2024-06-04 23:30:00,1.92129,1.92145,1.92113,1.92127,172,7,0
2024-06-04 23:35:00,1.92127,1.92157,1.92127,1.9215499999999999,117,4,0
2024-06-04 23:40:00,1.9215499999999999,1.9218,1.9215499999999999,1.92158,122,4,0
2024-06-04 23:45:00,1.92158,1.9219,1.92153,1.9216199999999999,190,5,0
2024-06-04 23:50:00,1.9216199999999999,1.92188,1.92138,1.92145,214,6,0
2024-06-04 23:55:00,1.92145,1.92196,1.92145,1.92187,253,5,0
2024-06-05 00:00:00,1.92187,1.92239,1.9217300000000002,1.92199,701,0,0
2024-06-05 00:05:00,1.92199,1.92237,1.92196,1.9222299999999999,590,1,0
2024-06-05 00:10:00,1.92222,1.9222700000000001,1.9214799999999999,1.92154,530,1,0
2024-06-05 00:15:00,1.92156,1.9217499999999998,1.92102,1.92123,459,2,0
2024-06-05 00:20:00,1.92122,1.92156,1.92116,1.9214799999999999,432,4,0
2024-06-05 00:25:00,1.9214799999999999,1.9216,1.92136,1.92145,260,4,0
2024-06-05 00:30:00,1.92145,1.92147,1.92086,1.9210099999999999,336,3,0
2024-06-05 00:35:00,1.9210099999999999,1.92103,1.92036,1.92055,416,2,0
2024-06-05 00:40:00,1.92055,1.9205999999999999,1.92016,1.92024,437,3,0
2024-06-05 00:45:00,1.92022,1.9202599999999999,1.91991,1.92012,434,4,0
2024-06-05 00:50:00,1.92012,1.92035,1.91952,1.9203299999999999,581,0,0
2024-06-05 00:55:00,1.9203299999999999,1.9210099999999999,1.92018,1.9209800000000001,590,0,0
2024-06-05 01:00:00,1.92099,1.92129,1.92075,1.92107,462,4,0
2024-06-05 01:05:00,1.92107,1.92145,1.9209,1.9214099999999998,452,5,0
2024-06-05 01:10:00,1.92142,1.92172,1.92116,1.92151,449,4,0
2024-06-05 01:15:00,1.92151,1.92174,1.92133,1.92142,531,0,0
2024-06-05 01:20:00,1.92142,1.92149,1.9211399999999998,1.9213900000000002,492,3,0
2024-06-05 01:25:00,1.9213900000000002,1.92164,1.92111,1.92111,386,0,0
2024-06-05 01:30:00,1.92111,1.9224700000000001,1.9199000000000002,1.92032,973,0,0
2024-06-05 01:35:00,1.9203299999999999,1.92102,1.91973,1.91993,741,2,0
2024-06-05 01:40:00,1.91995,1.9200300000000001,1.91913,1.91916,626,3,0
2024-06-05 01:45:00,1.91916,1.91917,1.91826,1.91838,961,0,0
2024-06-05 01:50:00,1.91838,1.91892,1.91805,1.9189,548,9,0
2024-06-05 01:55:00,1.91891,1.91907,1.9176,1.91774,902,2,0
2024-06-05 02:00:00,1.91774,1.9181599999999999,1.91727,1.91765,654,3,0
2024-06-05 02:05:00,1.91765,1.9183400000000002,1.91765,1.9180000000000001,743,2,0
2024-06-05 02:10:00,1.9180000000000001,1.9180899999999999,1.91757,1.91808,559,0,0
2024-06-05 02:15:00,1.91808,1.91865,1.9180700000000002,1.91829,393,2,0
2024-06-05 02:20:00,1.91829,1.91848,1.91805,1.91806,390,1,0
2024-06-05 02:25:00,1.91806,1.91853,1.91797,1.91808,401,1,0
2024-06-05 02:30:00,1.91808,1.91824,1.9177499999999998,1.91778,472,0,0
2024-06-05 02:35:00,1.9178,1.91832,1.9177300000000002,1.91811,465,3,0
2024-06-05 02:40:00,1.91811,1.91852,1.9176199999999999,1.9179599999999999,430,0,0
2024-06-05 02:45:00,1.9179599999999999,1.91819,1.9178600000000001,1.9179,391,4,0
2024-06-05 02:50:00,1.91791,1.91814,1.9177300000000002,1.91792,323,2,0
2024-06-05 02:55:00,1.9179300000000001,1.91873,1.9179,1.91829,401,0,0
2024-06-05 03:00:00,1.9183400000000002,1.91902,1.91824,1.91892,451,1,0
2024-06-05 03:05:00,1.9189,1.9190399999999999,1.9185699999999999,1.91866,406,3,0
2024-06-05 03:10:00,1.91866,1.91893,1.91853,1.91879,330,3,0
2024-06-05 03:15:00,1.91879,1.91889,1.9184999999999999,1.91869,376,2,0
2024-06-05 03:20:00,1.9186999999999999,1.91917,1.9186,1.91912,412,0,0
2024-06-05 03:25:00,1.91912,1.9192900000000002,1.91876,1.9188100000000001,356,1,0
2024-06-05 03:30:00,1.9188,1.9188100000000001,1.9181300000000001,1.91815,253,0,0
2024-06-05 03:35:00,1.91815,1.9183400000000002,1.91799,1.9182299999999999,311,2,0
2024-06-05 03:40:00,1.9182299999999999,1.91845,1.9180000000000001,1.9181,397,1,0
2024-06-05 03:45:00,1.9181,1.9182299999999999,1.91768,1.9178199999999999,252,0,0
2024-06-05 03:50:00,1.9178199999999999,1.9180199999999998,1.91778,1.9179300000000001,286,1,0
2024-06-05 03:55:00,1.9179300000000001,1.91795,1.91763,1.91788,260,2,0
2024-06-05 04:00:00,1.9179,1.91797,1.91764,1.9178899999999999,191,1,0
2024-06-05 04:05:00,1.9178899999999999,1.9178899999999999,1.9176600000000001,1.9178199999999999,172,0,0
2024-06-05 04:10:00,1.9178199999999999,1.91784,1.9175900000000001,1.9177499999999998,172,1,0
2024-06-05 04:15:00,1.9177499999999998,1.91779,1.91749,1.91761,189,2,0
2024-06-05 04:20:00,1.91761,1.91797,1.91761,1.91792,180,1,0
2024-06-05 04:25:00,1.91792,1.9184,1.9177499999999998,1.91822,249,0,0
2024-06-05 04:30:00,1.91822,1.91866,1.91812,1.91848,240,2,0
2024-06-05 04:35:00,1.91848,1.9186299999999998,1.9178600000000001,1.91794,311,3,0
2024-06-05 04:40:00,1.91794,1.91806,1.9176,1.9179599999999999,331,2,0
2024-06-05 04:45:00,1.9179300000000001,1.9181300000000001,1.91778,1.9178600000000001,242,2,0
2024-06-05 04:50:00,1.9178600000000001,1.91805,1.9176,1.91764,268,3,0
2024-06-05 04:55:00,1.91764,1.9179,1.9176199999999999,1.9178,305,0,0
2024-06-05 05:00:00,1.9178,1.91812,1.9177300000000002,1.91811,222,0,0
2024-06-05 05:05:00,1.91811,1.91825,1.9180199999999998,1.91803,290,2,0
2024-06-05 05:10:00,1.91803,1.9183400000000002,1.91803,1.91832,276,4,0
2024-06-05 05:15:00,1.91832,1.9187699999999999,1.91831,1.9187400000000001,342,1,0
2024-06-05 05:20:00,1.9187400000000001,1.9189,1.91849,1.91875,281,2,0
2024-06-05 05:25:00,1.91875,1.91902,1.91872,1.91893,304,3,0
2024-06-05 05:30:00,1.91893,1.91893,1.91828,1.91841,384,0,0
2024-06-05 05:35:00,1.9184,1.91878,1.91837,1.9186,348,2,0
2024-06-05 05:40:00,1.9186,1.91899,1.91833,1.91883,392,0,0
2024-06-05 05:45:00,1.91882,1.919,1.9182000000000001,1.91826,468,0,0
2024-06-05 05:50:00,1.91826,1.9186999999999999,1.9182000000000001,1.9183400000000002,514,0,0
2024-06-05 05:55:00,1.9183400000000002,1.91852,1.9181300000000001,1.91821,355,0,0
2024-06-05 06:00:00,1.91821,1.91848,1.91814,1.91831,448,2,0
2024-06-05 06:05:00,1.91831,1.9186299999999998,1.91811,1.91828,556,0,0
2024-06-05 06:10:00,1.91828,1.91855,1.91801,1.91814,615,1,0
2024-06-05 06:15:00,1.9181300000000001,1.91828,1.9179300000000001,1.91812,499,2,0
2024-06-05 06:20:00,1.91812,1.91826,1.91791,1.91818,505,3,0
2024-06-05 06:25:00,1.91818,1.9187699999999999,1.91811,1.9185699999999999,414,1,0
2024-06-05 06:30:00,1.9185699999999999,1.91875,1.91846,1.91859,526,1,0
2024-06-05 06:35:00,1.91859,1.91899,1.91826,1.91844,543,1,0
2024-06-05 06:40:00,1.91844,1.91866,1.91842,1.91849,550,1,0
2024-06-05 06:45:00,1.9184999999999999,1.91875,1.91835,1.91848,616,2,0
2024-06-05 06:50:00,1.91848,1.91883,1.91837,1.9187400000000001,720,0,0
2024-06-05 06:55:00,1.9187400000000001,1.91878,1.9184299999999999,1.91846,759,1,0
2024-06-05 07:00:00,1.91846,1.91919,1.91844,1.91878,1083,0,0
2024-06-05 07:05:00,1.91878,1.91919,1.91838,1.91867,922,0,0
2024-06-05 07:10:00,1.91867,1.91946,1.91845,1.9191,870,0,0
2024-06-05 07:15:00,1.9191,1.91925,1.9183599999999998,1.91865,842,0,0
2024-06-05 07:20:00,1.91866,1.91934,1.9186,1.9191,696,0,0
2024-06-05 07:25:00,1.9191,1.91967,1.9188100000000001,1.9194,764,0,0
2024-06-05 07:30:00,1.9194,1.91981,1.91907,1.91928,809,1,0
2024-06-05 07:35:00,1.91928,1.91937,1.91894,1.9192,734,0,0
2024-06-05 07:40:00,1.9192,1.91936,1.91879,1.91919,858,0,0
2024-06-05 07:45:00,1.91919,1.91954,1.91864,1.9187400000000001,1058,0,0
2024-06-05 07:50:00,1.91875,1.91875,1.91815,1.9183599999999998,911,0,0
2024-06-05 07:55:00,1.9183599999999998,1.91872,1.91821,1.9184299999999999,839,0,0
2024-06-05 08:00:00,1.91845,1.91867,1.91806,1.9180899999999999,982,0,0
2024-06-05 08:05:00,1.9180899999999999,1.91822,1.91784,1.9179599999999999,711,2,0
2024-06-05 08:10:00,1.9179599999999999,1.91831,1.91778,1.91824,669,1,0
2024-06-05 08:15:00,1.91824,1.919,1.91803,1.91899,730,0,0
2024-06-05 08:20:00,1.91898,1.91953,1.91892,1.91946,755,0,0
2024-06-05 08:25:00,1.91946,1.91967,1.91899,1.91936,580,0,0
2024-06-05 08:30:00,1.91932,1.91989,1.9193,1.91978,650,0,0
2024-06-05 08:35:00,1.9197899999999999,1.9198,1.91925,1.91936,693,0,0
2024-06-05 08:40:00,1.91937,1.91948,1.9191099999999999,1.91913,640,0,0
2024-06-05 08:45:00,1.91913,1.91966,1.91913,1.91959,734,0,0
2024-06-05 08:50:00,1.91959,1.91989,1.91959,1.91975,529,0,0
2024-06-05 08:55:00,1.91975,1.9205999999999999,1.91975,1.92049,605,3,0
2024-06-05 09:00:00,1.92049,1.92082,1.9203700000000001,1.92069,619,2,0
2024-06-05 09:05:00,1.92068,1.92099,1.92059,1.92086,494,0,0
2024-06-05 09:10:00,1.9208699999999999,1.9216600000000001,1.92079,1.92156,621,3,0
2024-06-05 09:15:00,1.92156,1.92171,1.92088,1.92108,492,0,0
2024-06-05 09:20:00,1.92108,1.9213900000000002,1.92088,1.9213200000000001,615,0,0
2024-06-05 09:25:00,1.9213200000000001,1.9216199999999999,1.92108,1.9211200000000002,611,1,0
2024-06-05 09:30:00,1.9211200000000002,1.92176,1.92097,1.9217499999999998,640,3,0
2024-06-05 09:35:00,1.92176,1.92199,1.92137,1.9213900000000002,489,2,0
2024-06-05 09:40:00,1.9213900000000002,1.9216,1.92124,1.92154,576,0,0
2024-06-05 09:45:00,1.92154,1.92212,1.92154,1.92181,562,0,0
2024-06-05 09:50:00,1.92181,1.9222000000000001,1.9218,1.9221599999999999,415,0,0
2024-06-05 09:55:00,1.9221599999999999,1.92219,1.9217300000000002,1.9218899999999999,434,0,0
2024-06-05 10:00:00,1.9218899999999999,1.9218899999999999,1.9215,1.9216,502,1,0
2024-06-05 10:05:00,1.9216,1.9222700000000001,1.9216,1.92218,563,0,0
2024-06-05 10:10:00,1.92217,1.92245,1.9218600000000001,1.92194,645,0,0
2024-06-05 10:15:00,1.92194,1.92225,1.92131,1.92224,574,0,0
2024-06-05 10:20:00,1.92224,1.92285,1.92212,1.92272,531,0,0
2024-06-05 10:25:00,1.92272,1.92285,1.92246,1.92246,539,1,0
2024-06-05 10:30:00,1.92246,1.92293,1.9224,1.92269,467,3,0
2024-06-05 10:35:00,1.92269,1.92269,1.92205,1.92226,460,1,0
2024-06-05 10:40:00,1.92226,1.92232,1.9219,1.92228,603,2,0
2024-06-05 10:45:00,1.92228,1.92251,1.9220899999999999,1.92251,583,0,0
2024-06-05 10:50:00,1.92251,1.92268,1.92241,1.92246,380,0,0
2024-06-05 10:55:00,1.92246,1.92265,1.92233,1.92249,339,1,0
2024-06-05 11:00:00,1.92245,1.92301,1.92245,1.9227400000000001,442,2,0
2024-06-05 11:05:00,1.9227400000000001,1.92286,1.92255,1.9228100000000001,392,3,0
2024-06-05 11:10:00,1.9228100000000001,1.92291,1.92228,1.92229,525,0,0
2024-06-05 11:15:00,1.92229,1.92285,1.9222299999999999,1.9228100000000001,430,0,0
2024-06-05 11:20:00,1.92279,1.9230800000000001,1.9226999999999999,1.9226999999999999,544,1,0
2024-06-05 11:25:00,1.9226999999999999,1.9228,1.92212,1.92233,489,1,0
2024-06-05 11:30:00,1.92233,1.9224,1.92194,1.9220899999999999,429,0,0
2024-06-05 11:35:00,1.9220899999999999,1.92262,1.92194,1.92249,483,0,0
2024-06-05 11:40:00,1.92249,1.92264,1.92171,1.92185,713,1,0
2024-06-05 11:45:00,1.92185,1.92185,1.9214,1.92156,540,0,0
2024-06-05 11:50:00,1.9215499999999999,1.92196,1.92146,1.92192,608,2,0
2024-06-05 11:55:00,1.92192,1.92279,1.92188,1.92249,647,3,0
2024-06-05 12:00:00,1.92249,1.92283,1.92215,1.92278,757,1,0
2024-06-05 12:05:00,1.92278,1.9228800000000001,1.92246,1.92282,608,0,0
2024-06-05 12:10:00,1.92282,1.9232399999999998,1.92265,1.9228,726,2,0
2024-06-05 12:15:00,1.92253,1.92306,1.92224,1.92273,1586,0,0
2024-06-05 12:20:00,1.92273,1.92305,1.92257,1.92298,1409,0,0
2024-06-05 12:25:00,1.92298,1.92307,1.92255,1.9227699999999999,857,0,0
2024-06-05 12:30:00,1.9227699999999999,1.92318,1.92265,1.9229,956,0,0
2024-06-05 12:35:00,1.92289,1.92379,1.9228399999999999,1.92355,831,0,0
2024-06-05 12:40:00,1.92355,1.9236,1.9229500000000002,1.923,1024,0,0
2024-06-05 12:45:00,1.923,1.92427,1.923,1.92421,1023,2,0
2024-06-05 12:50:00,1.92421,1.92431,1.92378,1.92379,934,0,0
2024-06-05 12:55:00,1.9238300000000002,1.92395,1.92363,1.9238300000000002,855,2,0
2024-06-05 13:00:00,1.9238300000000002,1.92389,1.9230800000000001,1.92312,1090,0,0
2024-06-05 13:05:00,1.92314,1.92355,1.9231099999999999,1.92337,1063,0,0
2024-06-05 13:10:00,1.92336,1.9234,1.92303,1.92307,861,0,0
2024-06-05 13:15:00,1.92307,1.92307,1.92251,1.9226,789,0,0
2024-06-05 13:20:00,1.92258,1.92271,1.92212,1.9226100000000002,832,1,0
2024-06-05 13:25:00,1.9226100000000002,1.92267,1.92218,1.9224700000000001,701,0,0
2024-06-05 13:30:00,1.9224700000000001,1.92306,1.92226,1.923,1578,0,0
2024-06-05 13:35:00,1.92303,1.9233099999999999,1.92245,1.92245,1167,0,0
2024-06-05 13:40:00,1.92246,1.92256,1.92201,1.92219,812,2,0
2024-06-05 13:45:00,1.92218,1.92382,1.92212,1.92351,1697,0,0
2024-06-05 13:50:00,1.92353,1.9239199999999999,1.92325,1.92336,1697,0,0
2024-06-05 13:55:00,1.92336,1.9236499999999999,1.923,1.92303,1020,3,0
2024-06-05 14:00:00,1.92302,1.92598,1.92015,1.92422,2896,0,0
2024-06-05 14:05:00,1.92422,1.9245700000000001,1.9237199999999999,1.92432,2020,2,0
2024-06-05 14:10:00,1.92435,1.9249,1.92374,1.92407,1879,0,0
2024-06-05 14:15:00,1.9240599999999999,1.9248699999999999,1.9236,1.92381,1785,0,0
2024-06-05 14:20:00,1.9238,1.9239899999999999,1.92283,1.92285,1830,0,0
2024-06-05 14:25:00,1.9228399999999999,1.92388,1.92259,1.92353,1402,0,0
2024-06-05 14:30:00,1.92354,1.92387,1.9226100000000002,1.9233500000000001,1605,1,0
2024-06-05 14:35:00,1.9233500000000001,1.9239000000000002,1.92307,1.92353,1430,0,0
2024-06-05 14:40:00,1.92354,1.9245999999999999,1.92333,1.92443,1376,0,0
2024-06-05 14:45:00,1.92443,1.9250699999999998,1.92438,1.92502,1296,0,0
2024-06-05 14:50:00,1.92502,1.9256600000000001,1.92489,1.9249100000000001,1408,0,0
2024-06-05 14:55:00,1.9249,1.9252099999999999,1.92428,1.9243299999999999,1306,0,0
2024-06-05 15:00:00,1.9243299999999999,1.92447,1.92359,1.92388,1212,0,0
2024-06-05 15:05:00,1.92388,1.92432,1.92359,1.9237,878,1,0
2024-06-05 15:10:00,1.9237,1.92377,1.92316,1.9232,1001,0,0
2024-06-05 15:15:00,1.92318,1.92333,1.92255,1.92293,1089,3,0
2024-06-05 15:20:00,1.92293,1.92347,1.9228100000000001,1.92303,1116,0,0
2024-06-05 15:25:00,1.92303,1.92328,1.92276,1.92296,1149,2,0
2024-06-05 15:30:00,1.92296,1.92353,1.92285,1.9233,1239,3,0
2024-06-05 15:35:00,1.9233,1.9234900000000001,1.92269,1.9230399999999999,1238,1,0
2024-06-05 15:40:00,1.9230399999999999,1.92326,1.92257,1.92283,1002,0,0
2024-06-05 15:45:00,1.92283,1.92359,1.92272,1.923,968,0,0
2024-06-05 15:50:00,1.923,1.92309,1.92266,1.92302,863,0,0
2024-06-05 15:55:00,1.92301,1.9231500000000001,1.92245,1.92253,819,0,0
2024-06-05 16:00:00,1.92253,1.92287,1.9224,1.92256,896,1,0
2024-06-05 16:05:00,1.92256,1.9229500000000002,1.9223400000000002,1.92293,481,2,0
2024-06-05 16:10:00,1.92293,1.92328,1.92279,1.9230800000000001,842,2,0
2024-06-05 16:15:00,1.9230800000000001,1.92339,1.9229500000000002,1.92309,556,0,0
2024-06-05 16:20:00,1.92309,1.92355,1.9229699999999998,1.92327,785,1,0
2024-06-05 16:25:00,1.92327,1.92371,1.9232200000000002,1.9235600000000002,635,0,0
2024-06-05 16:30:00,1.92357,1.9238,1.9233500000000001,1.92375,663,2,0
2024-06-05 16:35:00,1.92373,1.9239000000000002,1.92353,1.92366,603,2,0
2024-06-05 16:40:00,1.9236499999999999,1.92397,1.92355,1.92374,613,0,0
2024-06-05 16:45:00,1.92374,1.92378,1.9234,1.92348,619,1,0
2024-06-05 16:50:00,1.92347,1.9237,1.92333,1.92357,545,0,0
2024-06-05 16:55:00,1.9235600000000002,1.92371,1.92337,1.92364,726,0,0
2024-06-05 17:00:00,1.92364,1.92373,1.92343,1.92354,770,1,0
2024-06-05 17:05:00,1.92354,1.92374,1.92328,1.9234200000000001,636,2,0
2024-06-05 17:10:00,1.92341,1.9238300000000002,1.92334,1.92368,560,1,0
2024-06-05 17:15:00,1.92367,1.92407,1.92353,1.9240599999999999,524,1,0
2024-06-05 17:20:00,1.9240599999999999,1.9242,1.92382,1.9239899999999999,842,2,0
2024-06-05 17:25:00,1.9239899999999999,1.92423,1.9239600000000001,1.92407,533,3,0
2024-06-05 17:30:00,1.92407,1.92418,1.92381,1.9239600000000001,499,3,0
2024-06-05 17:35:00,1.92397,1.9240300000000001,1.9235600000000002,1.92364,367,3,0
2024-06-05 17:40:00,1.92364,1.92388,1.92343,1.92371,547,1,0
2024-06-05 17:45:00,1.92371,1.92371,1.92323,1.9233799999999999,591,3,0
2024-06-05 17:50:00,1.9233799999999999,1.92354,1.92334,1.92337,524,6,0
2024-06-05 17:55:00,1.92337,1.9235,1.92326,1.92336,702,5,0
2024-06-05 18:00:00,1.92336,1.92361,1.92321,1.9233,736,7,0
2024-06-05 18:05:00,1.9233,1.92346,1.92318,1.9232900000000002,535,6,0
2024-06-05 18:10:00,1.9233,1.92353,1.92325,1.92348,558,6,0
2024-06-05 18:15:00,1.92347,1.92362,1.9232900000000002,1.92357,388,2,0
2024-06-05 18:20:00,1.9235600000000002,1.92373,1.92343,1.9236900000000001,513,3,0
2024-06-05 18:25:00,1.9236900000000001,1.9237,1.9233,1.9233099999999999,452,1,0
2024-06-05 18:30:00,1.9233099999999999,1.9234,1.92251,1.92256,660,2,0
2024-06-05 18:35:00,1.92256,1.92279,1.92214,1.92275,584,4,0
2024-06-05 18:40:00,1.92275,1.9228,1.92258,1.92266,485,1,0
2024-06-05 18:45:00,1.92266,1.92298,1.92255,1.92287,530,3,0
2024-06-05 18:50:00,1.92287,1.92303,1.92273,1.9229699999999998,605,4,0
2024-06-05 18:55:00,1.9229699999999998,1.9233,1.92282,1.92309,499,4,0
2024-06-05 19:00:00,1.9231,1.92328,1.92301,1.92305,532,3,0
2024-06-05 19:05:00,1.92306,1.9232,1.92293,1.9231099999999999,474,2,0
2024-06-05 19:10:00,1.9231099999999999,1.92346,1.92305,1.92334,339,0,0
2024-06-05 19:15:00,1.92334,1.92364,1.9233099999999999,1.92348,360,3,0
2024-06-05 19:20:00,1.92348,1.92368,1.9233799999999999,1.9235,386,4,0
2024-06-05 19:25:00,1.9235,1.92354,1.92327,1.92339,427,0,0
2024-06-05 19:30:00,1.92339,1.92348,1.92309,1.92317,524,2,0
2024-06-05 19:35:00,1.92317,1.92325,1.92291,1.923,392,4,0
2024-06-05 19:40:00,1.923,1.92323,1.92298,1.92317,372,3,0
2024-06-05 19:45:00,1.92317,1.92319,1.923,1.9231,410,3,0
2024-06-05 19:50:00,1.9231,1.9232200000000002,1.92278,1.92299,467,0,0
2024-06-05 19:55:00,1.92299,1.92316,1.9228100000000001,1.92301,650,0,0
2024-06-05 20:00:00,1.92302,1.92351,1.9229699999999998,1.92319,348,4,0
2024-06-05 20:05:00,1.92319,1.92346,1.92316,1.92337,240,4,0
2024-06-05 20:10:00,1.92339,1.9236900000000001,1.9233500000000001,1.92367,183,0,0
2024-06-05 20:15:00,1.92367,1.92379,1.92357,1.92371,161,1,0
2024-06-05 20:20:00,1.92371,1.9237600000000001,1.9235600000000002,1.92357,234,2,0
2024-06-05 20:25:00,1.92357,1.92366,1.9234499999999999,1.9235,238,3,0
2024-06-05 20:30:00,1.9235,1.92367,1.9234900000000001,1.92352,149,3,0
2024-06-05 20:35:00,1.92352,1.9236499999999999,1.92336,1.92359,99,8,0
2024-06-05 20:40:00,1.92359,1.92371,1.92351,1.92351,111,5,0
2024-06-05 20:45:00,1.92351,1.9236900000000001,1.92351,1.9236499999999999,53,10,0
2024-06-05 20:50:00,1.9236499999999999,1.9238300000000002,1.92361,1.92382,119,10,0
2024-06-05 20:55:00,1.92382,1.9238499999999998,1.92334,1.92334,126,4,0
2024-06-05 21:00:00,1.92334,1.92334,1.92149,1.9227699999999999,29,23,0
2024-06-05 21:05:00,1.9227699999999999,1.92306,1.9227699999999999,1.9228,20,80,0
2024-06-05 21:10:00,1.92294,1.92328,1.92279,1.9231500000000001,28,78,0
2024-06-05 21:15:00,1.9229699999999998,1.92319,1.92252,1.92265,59,77,0
2024-06-05 21:20:00,1.9227400000000001,1.92312,1.92231,1.92259,100,57,0
2024-06-05 21:25:00,1.92251,1.92291,1.92233,1.92239,83,62,0
2024-06-05 21:30:00,1.9224,1.92265,1.92212,1.92252,61,64,0
2024-06-05 21:35:00,1.92252,1.9226,1.92252,1.92256,7,69,0
2024-06-05 21:40:00,1.92256,1.92278,1.92253,1.9227699999999999,17,40,0
2024-06-05 21:45:00,1.92278,1.9229,1.9227699999999999,1.9229,11,43,0
2024-06-05 21:50:00,1.9229,1.92292,1.92283,1.92289,17,45,0
2024-06-05 21:55:00,1.92289,1.92306,1.92231,1.92255,396,38,0
2024-06-05 22:00:00,1.92255,1.92346,1.92248,1.92321,125,12,0
2024-06-05 22:05:00,1.92321,1.9234200000000001,1.9232,1.9233099999999999,44,13,0
2024-06-05 22:10:00,1.9233099999999999,1.9234200000000001,1.9231,1.92316,71,6,0
2024-06-05 22:15:00,1.92316,1.9233,1.92309,1.92317,66,9,0
2024-06-05 22:20:00,1.92317,1.92333,1.92309,1.92333,62,13,0
2024-06-05 22:25:00,1.92333,1.92337,1.92319,1.9232399999999998,53,9,0
2024-06-05 22:30:00,1.9232399999999998,1.92337,1.92312,1.9232,79,11,0
2024-06-05 22:35:00,1.9232200000000002,1.92323,1.9230800000000001,1.9231099999999999,75,13,0
2024-06-05 22:40:00,1.9231099999999999,1.92339,1.9230800000000001,1.92323,86,12,0
2024-06-05 22:45:00,1.92323,1.92328,1.9231099999999999,1.92312,53,14,0
2024-06-05 22:50:00,1.92312,1.92319,1.92294,1.9229699999999998,61,15,0
2024-06-05 22:55:00,1.9229500000000002,1.9231,1.92289,1.92307,109,9,0
2024-06-05 23:00:00,1.92306,1.92339,1.92293,1.9230800000000001,138,12,0
2024-06-05 23:05:00,1.9230800000000001,1.92326,1.9229500000000002,1.92318,159,9,0
2024-06-05 23:10:00,1.92318,1.92339,1.92316,1.92325,93,10,0
2024-06-05 23:15:00,1.92327,1.9232900000000002,1.92307,1.9231099999999999,83,12,0
2024-06-05 23:20:00,1.9231099999999999,1.9231099999999999,1.92267,1.92269,81,12,0
2024-06-05 23:25:00,1.92271,1.9228800000000001,1.92269,1.92278,78,12,0
2024-06-05 23:30:00,1.92278,1.92293,1.9226999999999999,1.9228100000000001,93,12,0
2024-06-05 23:35:00,1.9228100000000001,1.92292,1.92275,1.9227699999999999,62,8,0
2024-06-05 23:40:00,1.9227699999999999,1.9228,1.92257,1.92265,62,8,0
2024-06-05 23:45:00,1.92265,1.92279,1.92257,1.92272,82,6,0
2024-06-05 23:50:00,1.92271,1.92293,1.92222,1.92232,186,0,0
2024-06-05 23:55:00,1.92232,1.9224999999999999,1.92194,1.92218,324,2,0
2024-06-06 00:00:00,1.92218,1.92225,1.92154,1.9215499999999999,454,5,0
2024-06-06 00:05:00,1.9215499999999999,1.92178,1.9211,1.9217300000000002,442,4,0
2024-06-06 00:10:00,1.9217300000000002,1.9218,1.92147,1.9217300000000002,285,2,0
2024-06-06 00:15:00,1.9217300000000002,1.92221,1.92168,1.92203,271,2,0
2024-06-06 00:20:00,1.92203,1.92206,1.9214,1.9215200000000001,264,3,0
2024-06-06 00:25:00,1.92149,1.92171,1.92147,1.92165,314,5,0
2024-06-06 00:30:00,1.92165,1.92172,1.9214799999999999,1.92158,212,1,0
2024-06-06 00:35:00,1.92158,1.9218199999999999,1.9213,1.92158,281,2,0
2024-06-06 00:40:00,1.92158,1.92158,1.9206699999999999,1.92084,416,1,0
2024-06-06 00:45:00,1.92084,1.92122,1.92069,1.92088,466,1,0
2024-06-06 00:50:00,1.92088,1.92093,1.92024,1.92049,648,3,0
2024-06-06 00:55:00,1.92048,1.92097,1.92048,1.9207,527,1,0
2024-06-06 01:00:00,1.9207100000000001,1.9207100000000001,1.91966,1.91996,758,2,0
2024-06-06 01:05:00,1.91996,1.91997,1.9192200000000001,1.9195600000000002,764,4,0
2024-06-06 01:10:00,1.9195600000000002,1.91963,1.91795,1.91814,869,0,0
2024-06-06 01:15:00,1.91814,1.9183599999999998,1.9175499999999999,1.9177,909,1,0
2024-06-06 01:20:00,1.9177,1.91804,1.91684,1.9171399999999998,846,2,0
2024-06-06 01:25:00,1.9171399999999998,1.91756,1.91681,1.91713,686,4,0
2024-06-06 01:30:00,1.91713,1.9173499999999999,1.9163299999999999,1.91679,1193,0,0
2024-06-06 01:35:00,1.91679,1.91737,1.91661,1.9171,682,0,0
2024-06-06 01:40:00,1.91711,1.91824,1.9171,1.91815,522,2,0
2024-06-06 01:45:00,1.9181599999999999,1.9183400000000002,1.91792,1.91795,467,0,0
2024-06-06 01:50:00,1.91795,1.91795,1.91753,1.9175499999999999,255,4,0
2024-06-06 01:55:00,1.9175499999999999,1.91798,1.9170500000000001,1.91788,727,4,0
2024-06-06 02:00:00,1.91788,1.9184700000000001,1.91776,1.9180700000000002,660,1,0
2024-06-06 02:05:00,1.9180700000000002,1.91844,1.91765,1.91791,629,4,0
2024-06-06 02:10:00,1.9178600000000001,1.9184700000000001,1.91774,1.9183400000000002,482,4,0
2024-06-06 02:15:00,1.9183400000000002,1.91891,1.91831,1.91883,458,3,0
2024-06-06 02:20:00,1.9188399999999999,1.91934,1.91873,1.91934,432,2,0
2024-06-06 02:25:00,1.91934,1.91953,1.9192200000000001,1.9193500000000001,418,4,0
2024-06-06 02:30:00,1.91933,1.91951,1.91894,1.91898,515,3,0
2024-06-06 02:35:00,1.91898,1.91906,1.91871,1.91896,429,4,0
2024-06-06 02:40:00,1.91896,1.91916,1.9188,1.9191,549,3,0
2024-06-06 02:45:00,1.9191,1.91923,1.91869,1.91892,487,2,0
2024-06-06 02:50:00,1.91892,1.91923,1.91883,1.91893,435,5,0
2024-06-06 02:55:00,1.91893,1.9196499999999999,1.91878,1.91957,363,1,0
2024-06-06 03:00:00,1.91955,1.9198300000000001,1.9192,1.91968,443,1,0
2024-06-06 03:05:00,1.91968,1.9198,1.91943,1.91954,294,1,0
2024-06-06 03:10:00,1.91954,1.9195600000000002,1.91934,1.91943,436,2,0
2024-06-06 03:15:00,1.91943,1.91959,1.91925,1.91947,448,1,0
2024-06-06 03:20:00,1.91947,1.91986,1.91941,1.91986,402,2,0
2024-06-06 03:25:00,1.91984,1.92013,1.9196,1.92008,411,0,0
2024-06-06 03:30:00,1.92009,1.92039,1.92007,1.92024,430,0,0
2024-06-06 03:35:00,1.92024,1.92057,1.92024,1.92047,387,0,0
2024-06-06 03:40:00,1.92048,1.92063,1.92038,1.92038,182,4,0
2024-06-06 03:45:00,1.92036,1.92069,1.92034,1.92047,277,2,0
2024-06-06 03:50:00,1.92047,1.92103,1.92047,1.9208699999999999,282,1,0
2024-06-06 03:55:00,1.9208699999999999,1.9209800000000001,1.92015,1.92025,201,1,0
2024-06-06 04:00:00,1.92025,1.92056,1.9201899999999998,1.9205299999999998,230,4,0
2024-06-06 04:05:00,1.9205299999999998,1.92068,1.92014,1.92054,189,4,0
2024-06-06 04:10:00,1.92054,1.92068,1.9201700000000002,1.92041,263,3,0
2024-06-06 04:15:00,1.92041,1.9206699999999999,1.92018,1.92058,279,1,0
2024-06-06 04:20:00,1.92058,1.92102,1.9205,1.92096,237,2,0
2024-06-06 04:25:00,1.92096,1.92104,1.92074,1.9208699999999999,250,2,0
2024-06-06 04:30:00,1.9208699999999999,1.92111,1.92079,1.9209399999999999,217,4,0
2024-06-06 04:35:00,1.9209399999999999,1.92097,1.92075,1.92077,218,5,0
2024-06-06 04:40:00,1.92077,1.9211200000000002,1.92025,1.92038,458,0,0
2024-06-06 04:45:00,1.92038,1.9205299999999998,1.92008,1.92022,330,3,0
2024-06-06 04:50:00,1.92022,1.92047,1.92022,1.92034,197,4,0
2024-06-06 04:55:00,1.92034,1.92086,1.92034,1.92065,282,5,0
2024-06-06 05:00:00,1.92065,1.9209800000000001,1.92063,1.92082,457,3,0
2024-06-06 05:05:00,1.92082,1.92095,1.9204400000000001,1.9204400000000001,358,1,0
2024-06-06 05:10:00,1.9204400000000001,1.9209,1.92036,1.92062,291,3,0
2024-06-06 05:15:00,1.92059,1.9207,1.9203700000000001,1.9204599999999998,291,3,0
2024-06-06 05:20:00,1.9204599999999998,1.9213900000000002,1.92038,1.9213200000000001,378,3,0
2024-06-06 05:25:00,1.9213200000000001,1.92149,1.9212099999999999,1.9213200000000001,430,4,0
2024-06-06 05:30:00,1.9213200000000001,1.92144,1.92097,1.92097,332,3,0
2024-06-06 05:35:00,1.92097,1.92099,1.9206400000000001,1.9206400000000001,367,1,0
2024-06-06 05:40:00,1.9206400000000001,1.92145,1.9205999999999999,1.92135,478,4,0
2024-06-06 05:45:00,1.92135,1.9215,1.92109,1.92135,396,2,0
2024-06-06 05:50:00,1.92135,1.92158,1.92103,1.9211200000000002,477,0,0
2024-06-06 05:55:00,1.9211200000000002,1.92133,1.9209,1.92106,381,3,0
2024-06-06 06:00:00,1.92106,1.92143,1.92082,1.92092,793,1,0
2024-06-06 06:05:00,1.92092,1.92099,1.92042,1.9209399999999999,393,2,0
2024-06-06 06:10:00,1.92095,1.9213200000000001,1.9209,1.9211200000000002,628,1,0
2024-06-06 06:15:00,1.92113,1.92184,1.92113,1.9216,680,3,0
2024-06-06 06:20:00,1.9216,1.92207,1.92116,1.92161,682,0,0
2024-06-06 06:25:00,1.92161,1.9218,1.92122,1.92144,577,2,0
2024-06-06 06:30:00,1.92143,1.9222000000000001,1.92142,1.92197,597,0,0
2024-06-06 06:35:00,1.92197,1.92238,1.9219,1.92232,596,2,0
2024-06-06 06:40:00,1.92232,1.92256,1.9217499999999998,1.9217499999999998,681,0,0
2024-06-06 06:45:00,1.92176,1.92208,1.92095,1.9209800000000001,812,0,0
2024-06-06 06:50:00,1.9209800000000001,1.92145,1.9207800000000002,1.92108,633,0,0
2024-06-06 06:55:00,1.92108,1.9215200000000001,1.92092,1.92109,768,0,0
2024-06-06 07:00:00,1.92109,1.9213200000000001,1.9209,1.92093,1016,0,0
2024-06-06 07:05:00,1.92092,1.9211200000000002,1.92045,1.9204599999999998,822,0,0
2024-06-06 07:10:00,1.9204599999999998,1.9213,1.92039,1.92123,825,1,0
2024-06-06 07:15:00,1.92122,1.9218600000000001,1.92117,1.9218199999999999,734,0,0
2024-06-06 07:20:00,1.9218199999999999,1.92245,1.9218,1.92204,674,1,0
2024-06-06 07:25:00,1.92205,1.92252,1.92195,1.92229,654,0,0
2024-06-06 07:30:00,1.92229,1.92242,1.92196,1.92217,560,1,0
2024-06-06 07:35:00,1.92217,1.92238,1.9219,1.92205,698,0,0
2024-06-06 07:40:00,1.92205,1.92267,1.92198,1.9224700000000001,668,1,0
2024-06-06 07:45:00,1.92248,1.92275,1.92242,1.92266,582,2,0
2024-06-06 07:50:00,1.92266,1.92301,1.92257,1.92276,704,3,0
2024-06-06 07:55:00,1.9227699999999999,1.92387,1.92272,1.9237600000000001,766,0,0
2024-06-06 08:00:00,1.9237600000000001,1.9239600000000001,1.92353,1.9238499999999998,515,0,0
2024-06-06 08:05:00,1.9238499999999998,1.9243299999999999,1.92378,1.9238300000000002,610,0,0
2024-06-06 08:10:00,1.9238499999999998,1.92408,1.92333,1.92333,487,1,0
2024-06-06 08:15:00,1.92333,1.92354,1.9233099999999999,1.92346,361,2,0
2024-06-06 08:20:00,1.92346,1.92373,1.92346,1.92359,460,0,0
2024-06-06 08:25:00,1.9235799999999998,1.9236,1.9229500000000002,1.92325,447,2,0
2024-06-06 08:30:00,1.92325,1.92378,1.92321,1.92362,653,2,0
2024-06-06 08:35:00,1.92362,1.92378,1.923,1.923,528,0,0
2024-06-06 08:40:00,1.92299,1.9232200000000002,1.92269,1.92283,648,0,0
2024-06-06 08:45:00,1.92283,1.92283,1.92233,1.92244,532,0,0
2024-06-06 08:50:00,1.92244,1.92285,1.92241,1.9226100000000002,506,2,0
2024-06-06 08:55:00,1.9226,1.92286,1.92257,1.92271,509,1,0
2024-06-06 09:00:00,1.92273,1.9234499999999999,1.9226999999999999,1.92344,561,1,0
2024-06-06 09:05:00,1.92344,1.92367,1.92328,1.9236,483,3,0
2024-06-06 09:10:00,1.9236,1.92363,1.9232399999999998,1.92359,454,2,0
2024-06-06 09:15:00,1.92359,1.92359,1.92321,1.92339,460,2,0
2024-06-06 09:20:00,1.9234,1.92364,1.9233,1.92351,528,5,0
2024-06-06 09:25:00,1.92351,1.92367,1.92334,1.92348,475,4,0
2024-06-06 09:30:00,1.92348,1.92364,1.9232,1.9233799999999999,527,2,0
2024-06-06 09:35:00,1.9233799999999999,1.9235600000000002,1.9226,1.9226100000000002,513,3,0
2024-06-06 09:40:00,1.9226100000000002,1.92265,1.9223400000000002,1.92256,550,3,0
2024-06-06 09:45:00,1.92256,1.9229,1.92244,1.92278,555,4,0
2024-06-06 09:50:00,1.92278,1.9228,1.92248,1.92255,655,1,0
2024-06-06 09:55:00,1.92255,1.9227400000000001,1.92215,1.9223400000000002,556,2,0
2024-06-06 10:00:00,1.92235,1.9224,1.9221,1.92215,499,2,0
2024-06-06 10:05:00,1.92215,1.92282,1.92211,1.92272,371,0,0
2024-06-06 10:10:00,1.92272,1.92294,1.9226999999999999,1.92287,345,1,0
2024-06-06 10:15:00,1.92287,1.92302,1.92257,1.92279,400,0,0
2024-06-06 10:20:00,1.92279,1.9228,1.92232,1.92242,524,0,0
2024-06-06 10:25:00,1.92242,1.92271,1.9223400000000002,1.92259,530,0,0
2024-06-06 10:30:00,1.92256,1.92289,1.92242,1.92282,447,0,0
2024-06-06 10:35:00,1.92282,1.92313,1.92267,1.9230800000000001,361,0,0
2024-06-06 10:40:00,1.9230800000000001,1.92357,1.92301,1.92326,375,1,0
2024-06-06 10:45:00,1.92326,1.92343,1.92307,1.92318,313,0,0
2024-06-06 10:50:00,1.92317,1.92321,1.92244,1.92249,423,3,0
2024-06-06 10:55:00,1.92249,1.9226,1.92218,1.92231,623,0,0
2024-06-06 11:00:00,1.92231,1.92278,1.92224,1.92278,653,3,0
2024-06-06 11:05:00,1.92278,1.92282,1.92238,1.92259,557,3,0
2024-06-06 11:10:00,1.92259,1.9228800000000001,1.92256,1.92267,441,4,0
2024-06-06 11:15:00,1.92267,1.92289,1.92259,1.92287,234,1,0
2024-06-06 11:20:00,1.92287,1.92298,1.92255,1.9226100000000002,319,1,0
2024-06-06 11:25:00,1.9226100000000002,1.92269,1.92256,1.9226299999999998,478,3,0
2024-06-06 11:30:00,1.9226299999999998,1.9232200000000002,1.92244,1.9231500000000001,290,2,0
2024-06-06 11:35:00,1.9231500000000001,1.92325,1.92293,1.92323,354,0,0
2024-06-06 11:40:00,1.92323,1.92333,1.92292,1.92299,496,0,0
2024-06-06 11:45:00,1.92299,1.92319,1.92279,1.92301,416,0,0
2024-06-06 11:50:00,1.92301,1.92368,1.92291,1.92348,538,3,0
2024-06-06 11:55:00,1.92347,1.9239199999999999,1.92325,1.92384,773,0,0
2024-06-06 12:00:00,1.92384,1.9240300000000001,1.92373,1.92393,790,2,0
2024-06-06 12:05:00,1.92393,1.92407,1.92337,1.92357,805,0,0
2024-06-06 12:10:00,1.92357,1.92366,1.92319,1.9235,599,3,0
2024-06-06 12:15:00,1.92351,1.92431,1.9233,1.9237600000000001,1727,0,0
2024-06-06 12:20:00,1.92375,1.9245,1.92357,1.92388,1629,0,0
2024-06-06 12:25:00,1.92389,1.9242599999999999,1.92352,1.9239199999999999,1119,4,0
2024-06-06 12:30:00,1.9234200000000001,1.92436,1.9217300000000002,1.92415,2253,3,0
2024-06-06 12:35:00,1.92415,1.9247100000000001,1.9239199999999999,1.92452,1849,0,0
2024-06-06 12:40:00,1.9245100000000002,1.9246400000000001,1.9238300000000002,1.92431,1452,0,0
2024-06-06 12:45:00,1.92431,1.92469,1.92405,1.9245700000000001,1358,0,0
2024-06-06 12:50:00,1.9245700000000001,1.92485,1.92425,1.92463,1533,0,0
2024-06-06 12:55:00,1.92463,1.92484,1.92442,1.92481,1440,0,0
2024-06-06 13:00:00,1.92481,1.9251800000000001,1.92445,1.9245299999999999,1882,3,0
2024-06-06 13:05:00,1.92454,1.92468,1.92382,1.92422,1570,0,0
2024-06-06 13:10:00,1.9242,1.9245700000000001,1.92379,1.92416,1700,1,0
2024-06-06 13:15:00,1.92416,1.9243000000000001,1.92375,1.92418,1490,0,0
2024-06-06 13:20:00,1.92418,1.92423,1.9234,1.92351,1416,3,0
2024-06-06 13:25:00,1.92351,1.92351,1.92273,1.92289,1294,0,0
2024-06-06 13:30:00,1.92289,1.92314,1.92205,1.92206,1582,1,0
2024-06-06 13:35:00,1.92206,1.92218,1.92104,1.9212099999999999,1708,2,0
2024-06-06 13:40:00,1.9212,1.9214799999999999,1.92025,1.92027,1625,0,0
2024-06-06 13:45:00,1.92027,1.92133,1.92021,1.92133,1155,0,0
2024-06-06 13:50:00,1.92133,1.9221300000000001,1.9212099999999999,1.9217499999999998,1283,0,0
2024-06-06 13:55:00,1.9217499999999998,1.92264,1.9213900000000002,1.92255,749,2,0
2024-06-06 14:00:00,1.92256,1.92348,1.9222299999999999,1.92287,991,0,0
2024-06-06 14:05:00,1.92287,1.92299,1.92187,1.92187,1236,1,0
2024-06-06 14:10:00,1.92187,1.92286,1.9218600000000001,1.9226999999999999,1181,0,0
2024-06-06 14:15:00,1.9226999999999999,1.92303,1.92215,1.92286,1180,2,0
2024-06-06 14:20:00,1.92286,1.9231099999999999,1.92221,1.92252,1278,4,0
2024-06-06 14:25:00,1.92252,1.92317,1.9224999999999999,1.92271,1130,0,0
2024-06-06 14:30:00,1.92271,1.92306,1.9221,1.92222,1155,2,0
2024-06-06 14:35:00,1.92222,1.92237,1.92178,1.92178,920,0,0
2024-06-06 14:40:00,1.92179,1.9222000000000001,1.9215499999999999,1.9218899999999999,1068,1,0
2024-06-06 14:45:00,1.9218899999999999,1.92199,1.92083,1.92116,1092,2,0
2024-06-06 14:50:00,1.92116,1.92153,1.9207,1.92106,1170,0,0
2024-06-06 14:55:00,1.92108,1.92111,1.92038,1.92047,1033,0,0
2024-06-06 15:00:00,1.92047,1.92118,1.92024,1.9210500000000001,954,0,0
2024-06-06 15:05:00,1.9210500000000001,1.9213,1.9199899999999999,1.92011,1032,0,0
2024-06-06 15:10:00,1.92011,1.92036,1.91981,1.9201000000000001,881,0,0
2024-06-06 15:15:00,1.9201000000000001,1.92016,1.9197199999999999,1.92,753,0,0
2024-06-06 15:20:00,1.92,1.92005,1.91947,1.91959,766,0,0
2024-06-06 15:25:00,1.91961,1.91971,1.91925,1.91928,904,3,0
2024-06-06 15:30:00,1.91928,1.9193500000000001,1.9188100000000001,1.9190399999999999,1245,2,0
2024-06-06 15:35:00,1.9190399999999999,1.91948,1.91885,1.9194,794,0,0
2024-06-06 15:40:00,1.9194,1.9195600000000002,1.9192200000000001,1.9193,602,0,0
2024-06-06 15:45:00,1.9193,1.91953,1.9190800000000001,1.9191799999999999,687,0,0
2024-06-06 15:50:00,1.9191799999999999,1.9195,1.91906,1.91921,706,0,0
2024-06-06 15:55:00,1.91921,1.91944,1.91896,1.9190800000000001,836,0,0
2024-06-06 16:00:00,1.91907,1.91978,1.91873,1.9196499999999999,770,0,0
2024-06-06 16:05:00,1.91967,1.9198300000000001,1.9194200000000001,1.91953,588,0,0
2024-06-06 16:10:00,1.91953,1.91971,1.9191500000000001,1.9195,610,0,0
2024-06-06 16:15:00,1.9195,1.9197,1.91919,1.9196499999999999,639,0,0
2024-06-06 16:20:00,1.91967,1.91987,1.91948,1.9197,614,0,0
2024-06-06 16:25:00,1.9196900000000001,1.91974,1.9193099999999998,1.9193799999999999,661,0,0
2024-06-06 16:30:00,1.9193799999999999,1.91967,1.9192399999999998,1.9193799999999999,619,1,0
2024-06-06 16:35:00,1.9193799999999999,1.91952,1.91905,1.91906,763,4,0
2024-06-06 16:40:00,1.91906,1.91925,1.91894,1.9191500000000001,638,5,0
2024-06-06 16:45:00,1.9191500000000001,1.9191500000000001,1.9183599999999998,1.91845,533,5,0
2024-06-06 16:50:00,1.91845,1.9186100000000001,1.91818,1.91831,471,4,0
2024-06-06 16:55:00,1.9183,1.91852,1.91806,1.9182299999999999,570,2,0
2024-06-06 17:00:00,1.9182299999999999,1.91852,1.91817,1.91849,631,3,0
2024-06-06 17:05:00,1.9184999999999999,1.91867,1.91838,1.91842,509,7,0
2024-06-06 17:10:00,1.91842,1.9184999999999999,1.91825,1.91849,442,6,0
2024-06-06 17:15:00,1.91849,1.9185400000000001,1.9182000000000001,1.9183,649,3,0
2024-06-06 17:20:00,1.9183,1.91835,1.9175,1.91758,854,5,0
2024-06-06 17:25:00,1.91758,1.91778,1.9174099999999998,1.9176600000000001,519,2,0
2024-06-06 17:30:00,1.9176600000000001,1.91771,1.9173900000000001,1.9174099999999998,714,3,0
2024-06-06 17:35:00,1.9173900000000001,1.9178,1.9172799999999999,1.91778,640,5,0
2024-06-06 17:40:00,1.91778,1.9178,1.9173900000000001,1.91742,701,4,0
2024-06-06 17:45:00,1.9174099999999998,1.9180899999999999,1.91736,1.9180700000000002,716,3,0
2024-06-06 17:50:00,1.9180700000000002,1.91835,1.91795,1.91797,608,7,0
2024-06-06 17:55:00,1.91797,1.91833,1.9179300000000001,1.91806,441,4,0
2024-06-06 18:00:00,1.91808,1.91832,1.9180000000000001,1.9182299999999999,388,3,0
2024-06-06 18:05:00,1.91825,1.91875,1.91825,1.91849,920,3,0
2024-06-06 18:10:00,1.91849,1.9187400000000001,1.9184,1.91864,478,3,0
2024-06-06 18:15:00,1.91864,1.91869,1.91838,1.91849,499,4,0
2024-06-06 18:20:00,1.91849,1.91865,1.91835,1.9184,544,3,0
2024-06-06 18:25:00,1.9184,1.91855,1.91797,1.9181599999999999,635,0,0
2024-06-06 18:30:00,1.9181599999999999,1.91822,1.9178,1.91818,660,3,0
2024-06-06 18:35:00,1.91818,1.9183400000000002,1.91806,1.91821,580,2,0
2024-06-06 18:40:00,1.91821,1.91831,1.91795,1.91817,513,2,0
2024-06-06 18:45:00,1.91817,1.91817,1.9176600000000001,1.9177499999999998,528,5,0
2024-06-06 18:50:00,1.9177499999999998,1.9178899999999999,1.91736,1.91763,678,3,0
2024-06-06 18:55:00,1.91763,1.91769,1.9173900000000001,1.9176,542,6,0
2024-06-06 19:00:00,1.9175900000000001,1.91774,1.91745,1.91763,619,4,0
2024-06-06 19:05:00,1.91763,1.9176600000000001,1.91737,1.9175900000000001,568,0,0
2024-06-06 19:10:00,1.9175900000000001,1.91774,1.91751,1.91768,419,6,0
2024-06-06 19:15:00,1.91767,1.91795,1.9175900000000001,1.91777,419,4,0
2024-06-06 19:20:00,1.91777,1.91806,1.91765,1.91799,378,3,0
2024-06-06 19:25:00,1.91799,1.91818,1.91783,1.91803,870,1,0
2024-06-06 19:30:00,1.91803,1.91846,1.91776,1.91846,787,3,0
2024-06-06 19:35:00,1.91846,1.9186800000000002,1.91831,1.91835,934,1,0
2024-06-06 19:40:00,1.9183599999999998,1.91844,1.91806,1.91842,932,2,0
2024-06-06 19:45:00,1.91842,1.9185699999999999,1.9181300000000001,1.91837,743,4,0
2024-06-06 19:50:00,1.91831,1.91856,1.91826,1.91837,734,4,0
2024-06-06 19:55:00,1.91837,1.91869,1.9182700000000001,1.91853,743,4,0
2024-06-06 20:00:00,1.9185400000000001,1.91893,1.9184700000000001,1.91872,539,6,0
2024-06-06 20:05:00,1.91872,1.91873,1.91838,1.91851,369,7,0
2024-06-06 20:10:00,1.91851,1.9189699999999998,1.9184999999999999,1.91889,392,9,0
2024-06-06 20:15:00,1.91889,1.91889,1.91869,1.91882,127,9,0
2024-06-06 20:20:00,1.91882,1.9188800000000001,1.91875,1.9188800000000001,142,9,0
2024-06-06 20:25:00,1.9188800000000001,1.91907,1.9188399999999999,1.91907,170,9,0
2024-06-06 20:30:00,1.91907,1.9193099999999998,1.91899,1.91914,111,11,0
2024-06-06 20:35:00,1.91914,1.91914,1.91883,1.91883,80,12,0
2024-06-06 20:40:00,1.9188399999999999,1.91885,1.91859,1.91864,70,9,0
2024-06-06 20:45:00,1.91864,1.9186800000000002,1.91848,1.9184999999999999,95,12,0
2024-06-06 20:50:00,1.9184999999999999,1.91875,1.91845,1.91869,146,12,0
2024-06-06 20:55:00,1.91869,1.9187400000000001,1.91832,1.91839,225,11,0
2024-06-06 21:00:00,1.91839,1.91839,1.91452,1.9179,25,54,0
2024-06-06 21:05:00,1.9179,1.9180700000000002,1.9174600000000002,1.91765,20,78,0
2024-06-06 21:10:00,1.91765,1.9181,1.91765,1.91787,68,59,0
2024-06-06 21:15:00,1.91798,1.9180700000000002,1.91769,1.91795,183,56,0
2024-06-06 21:20:00,1.91788,1.91812,1.91776,1.91812,79,55,0
2024-06-06 21:25:00,1.91812,1.91831,1.9177,1.91785,67,53,0
2024-06-06 21:30:00,1.91783,1.91801,1.91783,1.91797,87,58,0
2024-06-06 21:35:00,1.91795,1.9180899999999999,1.9178199999999999,1.9179300000000001,246,41,0
2024-06-06 21:40:00,1.9178899999999999,1.91804,1.91777,1.9180199999999998,204,36,0
2024-06-06 21:45:00,1.9180199999999998,1.91858,1.9180000000000001,1.91833,265,33,0
2024-06-06 21:50:00,1.91833,1.91846,1.9179599999999999,1.91817,144,33,0
2024-06-06 21:55:00,1.9181300000000001,1.91839,1.91768,1.91778,166,31,0
2024-06-06 22:00:00,1.91778,1.91839,1.9177300000000002,1.91829,160,9,0
2024-06-06 22:05:00,1.91829,1.9186,1.91829,1.9185699999999999,43,11,0
2024-06-06 22:10:00,1.91856,1.91859,1.9184,1.9184700000000001,27,9,0
2024-06-06 22:15:00,1.9184700000000001,1.9186100000000001,1.91845,1.91852,45,9,0
2024-06-06 22:20:00,1.91852,1.9185400000000001,1.9184700000000001,1.91853,36,9,0
2024-06-06 22:25:00,1.91853,1.91856,1.91851,1.9185400000000001,14,6,0
2024-06-06 22:30:00,1.9185400000000001,1.9185400000000001,1.9181599999999999,1.9182299999999999,34,5,0
2024-06-06 22:35:00,1.9182299999999999,1.91829,1.91811,1.91814,63,10,0
2024-06-06 22:40:00,1.91814,1.9182299999999999,1.91811,1.91814,42,11,0
2024-06-06 22:45:00,1.91814,1.91841,1.91811,1.91839,75,7,0
2024-06-06 22:50:00,1.91837,1.91837,1.91828,1.9183,45,7,0
2024-06-06 22:55:00,1.9183,1.91833,1.91821,1.91822,26,6,0
2024-06-06 23:00:00,1.91822,1.91841,1.91814,1.91815,82,11,0
2024-06-06 23:05:00,1.91817,1.91831,1.9181,1.91814,51,7,0
2024-06-06 23:10:00,1.91814,1.9184999999999999,1.9180000000000001,1.91817,83,4,0
2024-06-06 23:15:00,1.9181599999999999,1.91826,1.91812,1.91815,53,4,0
2024-06-06 23:20:00,1.91814,1.9182299999999999,1.91792,1.91812,91,4,0
2024-06-06 23:25:00,1.9181300000000001,1.91821,1.91791,1.9181,71,3,0
2024-06-06 23:30:00,1.9181,1.91815,1.9180000000000001,1.91806,56,5,0
2024-06-06 23:35:00,1.91806,1.91814,1.91799,1.91801,111,1,0
2024-06-06 23:40:00,1.91801,1.9182299999999999,1.9178899999999999,1.91803,137,5,0
2024-06-06 23:45:00,1.91803,1.9183,1.91799,1.9181599999999999,123,3,0
2024-06-06 23:50:00,1.9181599999999999,1.91819,1.91785,1.9178899999999999,170,3,0
2024-06-06 23:55:00,1.9178899999999999,1.9181599999999999,1.91783,1.91797,249,5,0
2024-06-07 00:00:00,1.91797,1.91831,1.9176,1.91781,440,6,0
2024-06-07 00:05:00,1.91781,1.91801,1.91771,1.9179599999999999,272,8,0
2024-06-07 00:10:00,1.9179599999999999,1.91822,1.9178199999999999,1.9181599999999999,347,5,0
2024-06-07 00:15:00,1.9181599999999999,1.91841,1.91791,1.91835,360,5,0
2024-06-07 00:20:00,1.9183400000000002,1.9186,1.91801,1.91839,301,7,0
2024-06-07 00:25:00,1.91839,1.91903,1.9183599999999998,1.91883,342,6,0
2024-06-07 00:30:00,1.91883,1.91889,1.91853,1.9187699999999999,271,7,0
2024-06-07 00:35:00,1.9187699999999999,1.91898,1.91865,1.91869,246,4,0
2024-06-07 00:40:00,1.91869,1.9188,1.9180899999999999,1.9182299999999999,393,1,0
2024-06-07 00:45:00,1.9182299999999999,1.91824,1.91776,1.91792,371,6,0
2024-06-07 00:50:00,1.91792,1.91817,1.91758,1.91799,410,0,0
2024-06-07 00:55:00,1.91788,1.91855,1.91788,1.91845,511,0,0
2024-06-07 01:00:00,1.91845,1.91871,1.91797,1.91855,567,2,0
2024-06-07 01:05:00,1.91855,1.91871,1.91839,1.9185400000000001,534,0,0
2024-06-07 01:10:00,1.9185400000000001,1.9187699999999999,1.91835,1.91864,550,1,0
2024-06-07 01:15:00,1.91866,1.91875,1.91811,1.91821,526,0,0
2024-06-07 01:20:00,1.91825,1.91848,1.91812,1.91831,449,0,0
2024-06-07 01:25:00,1.91831,1.9187699999999999,1.91815,1.9184,509,3,0
2024-06-07 01:30:00,1.9184,1.91859,1.9173900000000001,1.91761,627,2,0
2024-06-07 01:35:00,1.91761,1.91801,1.91733,1.9179300000000001,554,0,0
2024-06-07 01:40:00,1.9179300000000001,1.91815,1.91771,1.9180000000000001,631,2,0
2024-06-07 01:45:00,1.9180000000000001,1.91856,1.9179599999999999,1.91846,601,3,0
2024-06-07 01:50:00,1.91846,1.91856,1.9181,1.9183400000000002,588,0,0
2024-06-07 01:55:00,1.9183599999999998,1.91875,1.91835,1.91839,543,1,0
2024-06-07 02:00:00,1.91839,1.91946,1.91825,1.91927,639,3,0
2024-06-07 02:05:00,1.91927,1.91947,1.91913,1.9192399999999998,503,3,0
2024-06-07 02:10:00,1.91919,1.91921,1.91869,1.91898,473,4,0
2024-06-07 02:15:00,1.91898,1.91906,1.91835,1.9183599999999998,404,2,0
2024-06-07 02:20:00,1.9183599999999998,1.91851,1.9181300000000001,1.91833,346,0,0
2024-06-07 02:25:00,1.91833,1.91835,1.91785,1.91794,414,1,0
2024-06-07 02:30:00,1.91795,1.9183599999999998,1.91785,1.9183,452,1,0
2024-06-07 02:35:00,1.9183,1.9183599999999998,1.91795,1.91795,316,4,0
2024-06-07 02:40:00,1.91795,1.91824,1.9178600000000001,1.9179,355,4,0
2024-06-07 02:45:00,1.9178899999999999,1.91805,1.91768,1.91776,387,2,0
2024-06-07 02:50:00,1.91776,1.91788,1.91756,1.9176600000000001,340,5,0
2024-06-07 02:55:00,1.91765,1.91799,1.91756,1.91776,407,4,0
2024-06-07 03:00:00,1.9177499999999998,1.9179300000000001,1.91753,1.9178,395,2,0
2024-06-07 03:05:00,1.9178,1.9180700000000002,1.9176199999999999,1.9179599999999999,366,5,0
2024-06-07 03:10:00,1.91797,1.9180899999999999,1.9175499999999999,1.9176199999999999,420,2,0
2024-06-07 03:15:00,1.91763,1.91774,1.9173499999999999,1.9177,391,5,0
2024-06-07 03:20:00,1.9177,1.91785,1.91699,1.91707,290,0,0
2024-06-07 03:25:00,1.91706,1.91711,1.9167800000000002,1.91684,327,0,0
2024-06-07 03:30:00,1.91684,1.91704,1.91635,1.91641,233,4,0
2024-06-07 03:35:00,1.91641,1.91655,1.91615,1.91627,298,2,0
2024-06-07 03:40:00,1.91627,1.91642,1.91622,1.91632,190,6,0
2024-06-07 03:45:00,1.91632,1.91673,1.91623,1.9167,259,1,0
2024-06-07 03:50:00,1.9167,1.91689,1.91665,1.91675,232,5,0
2024-06-07 03:55:00,1.91677,1.91718,1.91673,1.91711,230,5,0
2024-06-07 04:00:00,1.9171,1.91754,1.91708,1.91716,222,3,0
2024-06-07 04:05:00,1.91716,1.91716,1.91686,1.91689,206,6,0
2024-06-07 04:10:00,1.91689,1.91689,1.91636,1.91642,217,3,0
2024-06-07 04:15:00,1.91641,1.91647,1.91595,1.91604,231,3,0
2024-06-07 04:20:00,1.9160300000000001,1.91622,1.9158,1.91582,250,4,0
2024-06-07 04:25:00,1.91582,1.91591,1.91537,1.91553,208,6,0
2024-06-07 04:30:00,1.91553,1.9158,1.9154900000000001,1.9157199999999999,232,5,0
2024-06-07 04:35:00,1.9157199999999999,1.9157600000000001,1.91547,1.9155799999999998,229,3,0
2024-06-07 04:40:00,1.9155799999999998,1.91612,1.91551,1.91612,268,3,0
2024-06-07 04:45:00,1.91612,1.91647,1.9159899999999999,1.91642,367,1,0
2024-06-07 04:50:00,1.91642,1.91655,1.91631,1.91646,262,3,0
2024-06-07 04:55:00,1.91646,1.91652,1.9161000000000001,1.91612,236,3,0
2024-06-07 05:00:00,1.91612,1.91638,1.91611,1.9163000000000001,312,3,0
2024-06-07 05:05:00,1.9163000000000001,1.91673,1.9162,1.91661,217,7,0
2024-06-07 05:10:00,1.91661,1.91736,1.91656,1.91731,363,6,0
2024-06-07 05:15:00,1.91731,1.9173499999999999,1.9170099999999999,1.9170500000000001,334,5,0
2024-06-07 05:20:00,1.9170500000000001,1.9174600000000002,1.91689,1.91707,332,4,0
2024-06-07 05:25:00,1.91707,1.91731,1.91681,1.9172,354,3,0
2024-06-07 05:30:00,1.9172,1.91736,1.9169800000000001,1.91717,466,2,0
2024-06-07 05:35:00,1.91718,1.9172500000000001,1.9167,1.91693,430,3,0
2024-06-07 05:40:00,1.91693,1.9172,1.91625,1.91628,389,3,0
2024-06-07 05:45:00,1.91628,1.9165999999999999,1.9160599999999999,1.91655,394,1,0
2024-06-07 05:50:00,1.91655,1.91681,1.91629,1.9166400000000001,520,0,0
2024-06-07 05:55:00,1.9166400000000001,1.91666,1.91587,1.91593,453,3,0
2024-06-07 06:00:00,1.91593,1.91614,1.91541,1.91596,488,5,0
2024-06-07 06:05:00,1.91596,1.9161299999999999,1.91541,1.91611,559,7,0
2024-06-07 06:10:00,1.91611,1.9161700000000002,1.91553,1.91557,386,6,0
2024-06-07 06:15:00,1.91557,1.91557,1.91505,1.9155,438,6,0
2024-06-07 06:20:00,1.9155,1.91608,1.91527,1.91584,417,7,0
2024-06-07 06:25:00,1.91584,1.91614,1.91566,1.91594,512,1,0
2024-06-07 06:30:00,1.91594,1.91632,1.9154499999999999,1.91625,815,2,0
2024-06-07 06:35:00,1.9162599999999999,1.91658,1.91615,1.91631,801,1,0
2024-06-07 06:40:00,1.91631,1.9167800000000002,1.91628,1.91666,647,4,0
2024-06-07 06:45:00,1.91666,1.91695,1.91656,1.91676,587,0,0
2024-06-07 06:50:00,1.91677,1.917,1.91669,1.91695,683,2,0
2024-06-07 06:55:00,1.91696,1.91711,1.9167100000000001,1.91681,764,3,0
2024-06-07 07:00:00,1.9167999999999998,1.9172799999999999,1.91657,1.9171399999999998,853,1,0
2024-06-07 07:05:00,1.9171399999999998,1.91727,1.9167100000000001,1.91695,701,0,0
2024-06-07 07:10:00,1.91695,1.91696,1.9159000000000002,1.91595,759,3,0
2024-06-07 07:15:00,1.91594,1.91697,1.91587,1.9167399999999999,718,1,0
2024-06-07 07:20:00,1.9167399999999999,1.91702,1.91649,1.91696,814,3,0
2024-06-07 07:25:00,1.91696,1.91709,1.91636,1.91658,789,1,0
2024-06-07 07:30:00,1.91659,1.9167399999999999,1.91608,1.91627,905,2,0
2024-06-07 07:35:00,1.9162599999999999,1.91656,1.9161899999999998,1.91655,956,2,0
2024-06-07 07:40:00,1.91654,1.91684,1.9163299999999999,1.91679,796,4,0
2024-06-07 07:45:00,1.91679,1.91708,1.91668,1.91703,825,4,0
2024-06-07 07:50:00,1.91704,1.91753,1.917,1.91738,811,5,0
2024-06-07 07:55:00,1.91738,1.9183599999999998,1.91734,1.91815,946,1,0
2024-06-07 08:00:00,1.91815,1.9189500000000002,1.9180199999999998,1.9186100000000001,1435,3,0
2024-06-07 08:05:00,1.9186100000000001,1.9189500000000002,1.91829,1.91837,1309,2,0
2024-06-07 08:10:00,1.91837,1.91871,1.9179,1.9186299999999998,897,2,0
2024-06-07 08:15:00,1.9186299999999998,1.9188100000000001,1.91828,1.91849,792,7,0
2024-06-07 08:20:00,1.91849,1.91876,1.9182000000000001,1.91829,856,0,0
2024-06-07 08:25:00,1.91829,1.91842,1.91811,1.91832,765,0,0
2024-06-07 08:30:00,1.9183400000000002,1.91846,1.9179300000000001,1.91814,912,2,0
2024-06-07 08:35:00,1.91815,1.91875,1.9180700000000002,1.91875,725,0,0
2024-06-07 08:40:00,1.91875,1.91882,1.91817,1.91845,747,1,0
2024-06-07 08:45:00,1.91845,1.91889,1.91831,1.9188800000000001,722,2,0
2024-06-07 08:50:00,1.91887,1.91905,1.91838,1.91858,598,0,0
2024-06-07 08:55:00,1.91858,1.91892,1.91835,1.91838,494,3,0
2024-06-07 09:00:00,1.91838,1.91925,1.91832,1.9191799999999999,822,2,0
2024-06-07 09:05:00,1.9191799999999999,1.91927,1.9188800000000001,1.9189,841,6,0
2024-06-07 09:10:00,1.9189,1.9189,1.9184700000000001,1.9186100000000001,694,2,0
2024-06-07 09:15:00,1.91859,1.91926,1.91844,1.91916,578,1,0
2024-06-07 09:20:00,1.91917,1.91947,1.91905,1.9192200000000001,791,5,0
2024-06-07 09:25:00,1.9192200000000001,1.91981,1.9192200000000001,1.91966,718,0,0
2024-06-07 09:30:00,1.91966,1.92012,1.91957,1.9199899999999999,736,1,0
2024-06-07 09:35:00,1.92,1.92036,1.9199899999999999,1.92027,648,0,0
2024-06-07 09:40:00,1.92028,1.92058,1.92024,1.92055,487,0,0
2024-06-07 09:45:00,1.92054,1.9213200000000001,1.92043,1.92116,589,0,0
2024-06-07 09:50:00,1.92116,1.92149,1.92103,1.92122,596,4,0
2024-06-07 09:55:00,1.92122,1.9213,1.92038,1.92047,755,0,0
2024-06-07 10:00:00,1.92048,1.92089,1.9203700000000001,1.92041,700,0,0
2024-06-07 10:05:00,1.92041,1.92095,1.92034,1.9205999999999999,528,0,0
2024-06-07 10:10:00,1.9205999999999999,1.92061,1.92029,1.92034,416,3,0
2024-06-07 10:15:00,1.92034,1.92075,1.92034,1.92052,379,3,0
2024-06-07 10:20:00,1.92052,1.92106,1.92031,1.92096,439,2,0
2024-06-07 10:25:00,1.92096,1.92133,1.92047,1.92047,537,0,0
2024-06-07 10:30:00,1.92047,1.92082,1.92042,1.92068,480,1,0
2024-06-07 10:35:00,1.92069,1.92096,1.92055,1.9207100000000001,526,4,0
2024-06-07 10:40:00,1.9207100000000001,1.92075,1.92041,1.92055,432,3,0
2024-06-07 10:45:00,1.92055,1.92099,1.92024,1.92095,485,0,0
2024-06-07 10:50:00,1.92096,1.92131,1.92092,1.92122,511,0,0
2024-06-07 10:55:00,1.92122,1.92144,1.92106,1.92116,542,0,0
2024-06-07 11:00:00,1.92116,1.92127,1.92097,1.92116,564,0,0
2024-06-07 11:05:00,1.92117,1.92119,1.92054,1.92066,649,0,0
2024-06-07 11:10:00,1.9206699999999999,1.9207999999999998,1.9203700000000001,1.92079,521,3,0
2024-06-07 11:15:00,1.92079,1.92118,1.92041,1.92117,475,0,0
2024-06-07 11:20:00,1.92117,1.9213900000000002,1.92077,1.9211,638,6,0
2024-06-07 11:25:00,1.9211,1.92127,1.92031,1.9205299999999998,669,4,0
2024-06-07 11:30:00,1.9205299999999998,1.9210099999999999,1.92042,1.9209399999999999,504,0,0
2024-06-07 11:35:00,1.9209399999999999,1.92116,1.92055,1.9207100000000001,693,0,0
2024-06-07 11:40:00,1.9207100000000001,1.92075,1.91974,1.91974,860,2,0
2024-06-07 11:45:00,1.91974,1.9203000000000001,1.91959,1.92025,816,0,0
2024-06-07 11:50:00,1.92025,1.92045,1.91984,1.92007,543,4,0
2024-06-07 11:55:00,1.92007,1.92106,1.91994,1.9210099999999999,894,0,0
2024-06-07 12:00:00,1.9210099999999999,1.92127,1.9203999999999999,1.9204599999999998,1451,0,0
2024-06-07 12:05:00,1.9204599999999998,1.92055,1.92011,1.92021,672,1,0
2024-06-07 12:10:00,1.92021,1.9204400000000001,1.92009,1.92035,1033,1,0
2024-06-07 12:15:00,1.92035,1.92077,1.92022,1.92024,1175,0,0
2024-06-07 12:20:00,1.92024,1.92056,1.9199000000000002,1.92052,1131,2,0
2024-06-07 12:25:00,1.92052,1.92147,1.9201700000000002,1.9204599999999998,998,1,0
2024-06-07 12:30:00,1.9205299999999998,1.9255200000000001,1.91453,1.9228100000000001,3487,0,0
2024-06-07 12:35:00,1.92286,1.9255499999999999,1.92273,1.92425,3122,0,0
2024-06-07 12:40:00,1.92424,1.92569,1.9241700000000002,1.92553,2449,0,0
2024-06-07 12:45:00,1.92553,1.92624,1.92553,1.9261300000000001,2125,0,0
2024-06-07 12:50:00,1.92615,1.92658,1.92515,1.92642,2032,0,0
2024-06-07 12:55:00,1.92642,1.92824,1.9264000000000001,1.9278499999999998,2199,0,0
2024-06-07 13:00:00,1.9278499999999998,1.92816,1.9258,1.9259300000000001,1895,0,0
2024-06-07 13:05:00,1.92594,1.92605,1.92534,1.9256600000000001,1881,1,0
2024-06-07 13:10:00,1.9256600000000001,1.92713,1.9256600000000001,1.92676,1702,0,0
2024-06-07 13:15:00,1.92668,1.92705,1.92644,1.9268399999999999,1734,0,0
2024-06-07 13:20:00,1.9268399999999999,1.9268800000000001,1.92563,1.9256799999999998,1668,0,0
2024-06-07 13:25:00,1.92569,1.92644,1.9252500000000001,1.92617,1347,0,0
2024-06-07 13:30:00,1.92617,1.92767,1.9261599999999999,1.92757,1668,0,0
2024-06-07 13:35:00,1.92757,1.9275799999999998,1.92666,1.92709,1674,0,0
2024-06-07 13:40:00,1.92709,1.92755,1.92691,1.9274900000000001,1798,1,0
2024-06-07 13:45:00,1.9274900000000001,1.92848,1.92736,1.9283000000000001,1402,0,0
2024-06-07 13:50:00,1.9283299999999999,1.9293200000000001,1.928,1.9292799999999999,1495,0,0
2024-06-07 13:55:00,1.9292799999999999,1.92987,1.9289,1.92926,1472,0,0
2024-06-07 14:00:00,1.92926,1.92965,1.92889,1.92935,1671,0,0
2024-06-07 14:05:00,1.92935,1.9295900000000001,1.92892,1.92934,1536,0,0
2024-06-07 14:10:00,1.92934,1.93028,1.92934,1.93026,1522,0,0
2024-06-07 14:15:00,1.93026,1.93048,1.92934,1.9294,1575,0,0
2024-06-07 14:20:00,1.9294,1.93022,1.92904,1.92916,1459,0,0
2024-06-07 14:25:00,1.92917,1.93007,1.92912,1.9297,1194,0,0
2024-06-07 14:30:00,1.9296600000000002,1.93106,1.92949,1.93094,1345,0,0
2024-06-07 14:35:00,1.93094,1.931,1.9295200000000001,1.92971,1632,0,0
2024-06-07 14:40:00,1.92971,1.93021,1.9292500000000001,1.9299300000000001,1368,0,0
2024-06-07 14:45:00,1.9299300000000001,1.93083,1.9297,1.9308100000000001,1562,0,0
2024-06-07 14:50:00,1.9308100000000001,1.9312399999999998,1.9296,1.9299,1668,1,0
2024-06-07 14:55:00,1.9299,1.93031,1.9291399999999999,1.92923,1315,0,0
2024-06-07 15:00:00,1.92923,1.93107,1.92913,1.93091,1498,0,0
2024-06-07 15:05:00,1.93091,1.93136,1.93067,1.93068,1642,0,0
2024-06-07 15:10:00,1.93068,1.93166,1.93068,1.93153,1246,0,0
2024-06-07 15:15:00,1.93153,1.93189,1.93117,1.93168,1112,0,0
2024-06-07 15:20:00,1.93168,1.9321000000000002,1.9316,1.93195,667,0,0
2024-06-07 15:25:00,1.93197,1.93266,1.93186,1.9325299999999999,1033,4,0
2024-06-07 15:30:00,1.9325299999999999,1.93301,1.9325299999999999,1.93266,1389,3,0
2024-06-07 15:35:00,1.93266,1.93297,1.9321700000000002,1.93232,1169,0,0
2024-06-07 15:40:00,1.9323299999999999,1.93288,1.93227,1.93276,960,3,0
2024-06-07 15:45:00,1.93275,1.93276,1.93209,1.93229,841,0,0
2024-06-07 15:50:00,1.9322599999999999,1.9323000000000001,1.93177,1.93184,963,3,0
2024-06-07 15:55:00,1.93184,1.9320599999999999,1.93145,1.9315600000000002,1081,0,0
2024-06-07 16:00:00,1.93155,1.9322300000000001,1.93143,1.93197,995,4,0
2024-06-07 16:05:00,1.93197,1.9325299999999999,1.9315,1.93153,1148,0,0
2024-06-07 16:10:00,1.93153,1.93189,1.93132,1.93161,935,1,0
2024-06-07 16:15:00,1.93161,1.9316499999999999,1.9311,1.93144,1003,4,0
2024-06-07 16:20:00,1.93144,1.9315600000000002,1.9306299999999998,1.93064,1163,0,0
2024-06-07 16:25:00,1.93064,1.93134,1.93062,1.9308999999999998,836,0,0
2024-06-07 16:30:00,1.93091,1.93171,1.93062,1.93159,941,3,0
2024-06-07 16:35:00,1.9316,1.93173,1.93132,1.9313500000000001,883,0,0
2024-06-07 16:40:00,1.93136,1.93184,1.93125,1.93132,834,2,0
2024-06-07 16:45:00,1.93132,1.9318499999999998,1.93127,1.93141,770,0,0
2024-06-07 16:50:00,1.93144,1.9319,1.93137,1.9313799999999999,874,0,0
2024-06-07 16:55:00,1.9313799999999999,1.9317199999999999,1.9308800000000002,1.9309500000000002,982,2,0
2024-06-07 17:00:00,1.93092,1.9317600000000001,1.9308800000000002,1.93168,1160,2,0
2024-06-07 17:05:00,1.9317,1.9317,1.93121,1.9316,850,4,0
2024-06-07 17:10:00,1.9316,1.93174,1.9314200000000001,1.93159,782,4,0
2024-06-07 17:15:00,1.9317600000000001,1.93189,1.9313,1.93144,657,2,0
2024-06-07 17:20:00,1.93144,1.9316900000000001,1.93119,1.93132,748,0,0
2024-06-07 17:25:00,1.93132,1.93154,1.9310800000000001,1.93119,721,0,0
2024-06-07 17:30:00,1.93119,1.93153,1.93119,1.9313099999999999,599,3,0
2024-06-07 17:35:00,1.9313099999999999,1.9314200000000001,1.93113,1.93133,588,5,0
2024-06-07 17:40:00,1.93134,1.93159,1.93121,1.93144,617,4,0
2024-06-07 17:45:00,1.93143,1.93163,1.93119,1.93143,720,3,0
2024-06-07 17:50:00,1.93143,1.93171,1.93134,1.93168,607,6,0
2024-06-07 17:55:00,1.93168,1.93194,1.93161,1.93177,714,8,0
2024-06-07 18:00:00,1.93177,1.9323000000000001,1.93177,1.9318300000000002,1035,4,0
2024-06-07 18:05:00,1.9318300000000002,1.93221,1.93175,1.932,791,7,0
2024-06-07 18:10:00,1.93201,1.93231,1.93195,1.93216,692,9,0
2024-06-07 18:15:00,1.9321700000000002,1.93231,1.93205,1.93221,826,4,0
2024-06-07 18:20:00,1.93221,1.93221,1.93181,1.9319600000000001,951,3,0
2024-06-07 18:25:00,1.9319600000000001,1.9319600000000001,1.93155,1.9317,940,9,0
2024-06-07 18:30:00,1.9316900000000001,1.9318300000000002,1.93153,1.93179,711,2,0
2024-06-07 18:35:00,1.93179,1.93184,1.93143,1.93153,615,0,0
2024-06-07 18:40:00,1.93152,1.93166,1.93144,1.93154,625,3,0
2024-06-07 18:45:00,1.93155,1.93168,1.93139,1.93159,691,3,0
2024-06-07 18:50:00,1.93157,1.93189,1.93139,1.9316,782,3,0
2024-06-07 18:55:00,1.9316,1.93182,1.93154,1.9315600000000002,568,0,0
2024-06-07 19:00:00,1.9315600000000002,1.9317199999999999,1.9313099999999999,1.93166,457,0,0
2024-06-07 19:05:00,1.93166,1.93189,1.9315099999999998,1.9317,417,0,0
2024-06-07 19:10:00,1.9317,1.93268,1.93154,1.93254,575,0,0
2024-06-07 19:15:00,1.93248,1.93259,1.93216,1.93227,1076,1,0
2024-06-07 19:20:00,1.9323000000000001,1.93251,1.93213,1.93235,1177,4,0
2024-06-07 19:25:00,1.93235,1.9325,1.93224,1.9323299999999999,896,2,0
2024-06-07 19:30:00,1.9323299999999999,1.9324599999999998,1.93215,1.93238,587,3,0
2024-06-07 19:35:00,1.93238,1.93282,1.93228,1.93272,879,3,0
2024-06-07 19:40:00,1.93272,1.93297,1.93254,1.93263,815,3,0
2024-06-07 19:45:00,1.93263,1.9328699999999999,1.93247,1.93279,658,1,0
2024-06-07 19:50:00,1.9327800000000002,1.9328699999999999,1.93235,1.93252,734,2,0
2024-06-07 19:55:00,1.93249,1.93322,1.93247,1.93304,929,1,0
2024-06-07 20:00:00,1.93304,1.9332,1.9328400000000001,1.93296,539,8,0
2024-06-07 20:05:00,1.93296,1.93316,1.93285,1.93299,508,2,0
2024-06-07 20:10:00,1.93299,1.93322,1.93296,1.93317,285,8,0
2024-06-07 20:15:00,1.93316,1.93327,1.93306,1.93323,76,3,0
2024-06-07 20:20:00,1.93323,1.93333,1.93312,1.9333,43,2,0
2024-06-07 20:25:00,1.9333,1.93343,1.93313,1.9334,104,0,0
2024-06-07 20:30:00,1.9334,1.9334099999999999,1.93313,1.93329,74,4,0
2024-06-07 20:35:00,1.93322,1.93323,1.9329,1.93312,91,7,0
2024-06-07 20:40:00,1.93312,1.9335499999999999,1.93312,1.9335,154,4,0
2024-06-07 20:45:00,1.9335,1.93356,1.9328699999999999,1.9330500000000002,108,4,0
2024-06-07 20:50:00,1.9330500000000002,1.9330500000000002,1.9327299999999998,1.93282,65,18,0
2024-06-09 21:05:00,1.9324,1.93259,1.93197,1.93251,42,348,0
2024-06-09 21:10:00,1.93251,1.9337900000000001,1.9315099999999998,1.93241,68,107,0
2024-06-09 21:15:00,1.93239,1.9334099999999999,1.9317199999999999,1.93221,60,86,0
2024-06-09 21:20:00,1.93221,1.93224,1.93204,1.93224,7,229,0
2024-06-09 21:25:00,1.93224,1.93261,1.93224,1.93228,10,197,0
2024-06-09 21:30:00,1.93228,1.9335200000000001,1.93227,1.9328400000000001,63,121,0
2024-06-09 21:35:00,1.9328400000000001,1.93295,1.93241,1.9328400000000001,221,123,0
2024-06-09 21:40:00,1.9328400000000001,1.9329800000000001,1.9325,1.93295,586,124,0
2024-06-09 21:45:00,1.93295,1.93374,1.9329,1.93367,47,51,0
2024-06-09 21:50:00,1.93367,1.93399,1.93289,1.9336799999999998,106,69,0
2024-06-09 21:55:00,1.9336799999999998,1.93396,1.93326,1.93326,98,68,0
2024-06-09 22:00:00,1.9332099999999999,1.9347400000000001,1.932,1.93423,382,18,0
2024-06-09 22:05:00,1.93425,1.93434,1.93358,1.93391,157,9,0
2024-06-09 22:10:00,1.93391,1.93397,1.93351,1.93351,136,0,0
2024-06-09 22:15:00,1.93351,1.93392,1.93331,1.9337900000000001,202,5,0
2024-06-09 22:20:00,1.9337900000000001,1.93384,1.9336600000000002,1.93374,75,14,0
2024-06-09 22:25:00,1.93374,1.93439,1.9335900000000001,1.9340899999999999,113,6,0
2024-06-09 22:30:00,1.9340899999999999,1.93432,1.93335,1.93362,483,6,0
2024-06-09 22:35:00,1.93362,1.9337,1.9334500000000001,1.9336600000000002,279,10,0
2024-06-09 22:40:00,1.9336600000000002,1.9337,1.93349,1.93362,209,6,0
2024-06-09 22:45:00,1.93361,1.93407,1.93354,1.93394,213,9,0
2024-06-09 22:50:00,1.93394,1.93415,1.9338,1.93387,227,7,0
2024-06-09 22:55:00,1.93387,1.93396,1.93367,1.9337900000000001,204,6,0
2024-06-09 23:00:00,1.9338,1.93401,1.93361,1.93401,242,3,0
2024-06-09 23:05:00,1.93401,1.93439,1.9339499999999998,1.93407,322,4,0
2024-06-09 23:10:00,1.93407,1.93452,1.9340600000000001,1.93448,219,1,0
2024-06-09 23:15:00,1.93448,1.9346299999999998,1.93432,1.9344000000000001,241,6,0
2024-06-09 23:20:00,1.9344000000000001,1.93444,1.9340000000000002,1.93426,253,1,0
2024-06-09 23:25:00,1.93426,1.93455,1.9340600000000001,1.9340899999999999,238,1,0
2024-06-09 23:30:00,1.9340899999999999,1.93444,1.93399,1.9344000000000001,168,2,0
2024-06-09 23:35:00,1.9344000000000001,1.93445,1.93411,1.9341599999999999,211,5,0
2024-06-09 23:40:00,1.93414,1.93431,1.9338,1.9343,165,3,0
2024-06-09 23:45:00,1.9343,1.93445,1.93374,1.93376,212,4,0
2024-06-09 23:50:00,1.93376,1.93381,1.9335,1.93356,147,7,0
2024-06-09 23:55:00,1.93356,1.9338600000000001,1.93354,1.9337499999999999,267,2,0
2024-06-10 00:00:00,1.9337499999999999,1.9338600000000001,1.93354,1.9335499999999999,366,4,0
2024-06-10 00:05:00,1.9335499999999999,1.93363,1.93306,1.93322,556,3,0
2024-06-10 00:10:00,1.93322,1.93391,1.93322,1.93374,492,1,0
2024-06-10 00:15:00,1.93374,1.93435,1.9337,1.93399,560,1,0
2024-06-10 00:20:00,1.93398,1.93419,1.93381,1.93381,413,2,0
2024-06-10 00:25:00,1.93381,1.93415,1.9335900000000001,1.9340199999999999,309,5,0
2024-06-10 00:30:00,1.9340199999999999,1.9340199999999999,1.9334099999999999,1.93363,421,0,0
2024-06-10 00:35:00,1.93361,1.93383,1.9334799999999999,1.9337,298,0,0
2024-06-10 00:40:00,1.9337,1.9338,1.9335,1.9337,370,1,0
2024-06-10 00:45:00,1.9337,1.93381,1.93344,1.93353,324,1,0
2024-06-10 00:50:00,1.93353,1.93446,1.93353,1.93433,520,0,0
2024-06-10 00:55:00,1.93432,1.93441,1.9339,1.93398,633,3,0
2024-06-10 01:00:00,1.93398,1.9340000000000002,1.9335200000000001,1.93356,567,2,0
2024-06-10 01:05:00,1.93356,1.9342000000000001,1.93344,1.93417,418,4,0
2024-06-10 01:10:00,1.93419,1.93439,1.9340000000000002,1.93425,460,2,0
2024-06-10 01:15:00,1.9342700000000002,1.93451,1.93408,1.93411,328,3,0
2024-06-10 01:20:00,1.93411,1.93452,1.93411,1.93421,325,2,0
2024-06-10 01:25:00,1.93421,1.93444,1.9340600000000001,1.9340899999999999,349,3,0
2024-06-10 01:30:00,1.9340899999999999,1.9341,1.93372,1.93384,400,4,0
2024-06-10 01:35:00,1.93384,1.93405,1.93344,1.93353,228,3,0
2024-06-10 01:40:00,1.93353,1.93353,1.93311,1.93337,269,0,0
2024-06-10 01:45:00,1.93337,1.9334099999999999,1.93281,1.93282,376,2,0
2024-06-10 01:50:00,1.93282,1.93289,1.93245,1.93249,335,5,0
2024-06-10 01:55:00,1.93249,1.93251,1.93179,1.93191,421,4,0
2024-06-10 02:00:00,1.93191,1.93208,1.93177,1.93204,210,3,0
2024-06-10 02:05:00,1.93204,1.9321899999999999,1.93194,1.932,321,4,0
2024-06-10 02:10:00,1.932,1.932,1.93167,1.93174,193,0,0
2024-06-10 02:15:00,1.9317600000000001,1.93184,1.93148,1.93178,136,2,0
2024-06-10 02:20:00,1.93178,1.93184,1.93146,1.93161,136,1,0
2024-06-10 02:25:00,1.93161,1.9318499999999998,1.9315799999999999,1.93174,107,2,0
2024-06-10 02:30:00,1.9317600000000001,1.93193,1.9316499999999999,1.9317600000000001,233,4,0
2024-06-10 02:35:00,1.9317600000000001,1.9318300000000002,1.93153,1.9317600000000001,230,3,0
2024-06-10 02:40:00,1.9317600000000001,1.93184,1.93117,1.93121,207,4,0
2024-06-10 02:45:00,1.9312,1.93121,1.93062,1.93067,266,4,0
2024-06-10 02:50:00,1.93067,1.93093,1.93034,1.9304299999999999,292,4,0
2024-06-10 02:55:00,1.9304299999999999,1.93096,1.93021,1.93066,308,1,0
2024-06-10 03:00:00,1.93066,1.9307400000000001,1.9304299999999999,1.9304700000000001,301,3,0
2024-06-10 03:05:00,1.9304700000000001,1.93066,1.93022,1.93038,318,1,0
2024-06-10 03:10:00,1.93038,1.93048,1.9301,1.9303599999999999,269,2,0
2024-06-10 03:15:00,1.93037,1.93086,1.9303599999999999,1.93072,262,1,0
2024-06-10 03:20:00,1.93072,1.9308800000000002,1.93051,1.9306299999999998,226,5,0
2024-06-10 03:25:00,1.93066,1.93067,1.93038,1.93044,166,5,0
2024-06-10 03:30:00,1.93044,1.93075,1.93039,1.9306999999999999,165,6,0
2024-06-10 03:35:00,1.9306999999999999,1.93106,1.93066,1.93069,186,1,0
2024-06-10 03:40:00,1.93069,1.93075,1.93041,1.93051,186,3,0
2024-06-10 03:45:00,1.93051,1.93072,1.9303599999999999,1.9306999999999999,243,2,0
2024-06-10 03:50:00,1.9306999999999999,1.93085,1.93053,1.93064,245,0,0
2024-06-10 03:55:00,1.93064,1.93065,1.9302000000000001,1.93021,260,0,0
2024-06-10 04:00:00,1.93021,1.93021,1.92947,1.92949,244,0,0
2024-06-10 04:05:00,1.92949,1.92963,1.92923,1.92933,291,1,0
2024-06-10 04:10:00,1.92933,1.92934,1.92881,1.92881,263,5,0
2024-06-10 04:15:00,1.92881,1.92897,1.92868,1.92883,248,0,0
2024-06-10 04:20:00,1.92883,1.92892,1.9284599999999998,1.92868,336,2,0
2024-06-10 04:25:00,1.92868,1.92893,1.9285999999999999,1.92881,281,2,0
2024-06-10 04:30:00,1.92881,1.92934,1.9287,1.9293,296,4,0
2024-06-10 04:35:00,1.9293,1.92944,1.9290699999999998,1.92942,350,1,0
2024-06-10 04:40:00,1.9293900000000002,1.92963,1.9293,1.92942,304,0,0
2024-06-10 04:45:00,1.92942,1.9295499999999999,1.9292500000000001,1.9293,254,2,0
2024-06-10 04:50:00,1.9293,1.92956,1.9292500000000001,1.9294799999999999,280,4,0
2024-06-10 04:55:00,1.9294799999999999,1.92962,1.92937,1.92946,219,3,0
2024-06-10 05:00:00,1.92946,1.93008,1.92943,1.92999,254,3,0
2024-06-10 05:05:00,1.92999,1.93011,1.92958,1.92967,291,0,0
2024-06-10 05:10:00,1.92967,1.9300899999999999,1.92958,1.92994,282,2,0
2024-06-10 05:15:00,1.92994,1.93003,1.9298,1.92995,299,5,0
2024-06-10 05:20:00,1.92995,1.93003,1.92983,1.93001,221,3,0
2024-06-10 05:25:00,1.9300199999999998,1.93015,1.92998,1.9300000000000002,184,6,0
2024-06-10 05:30:00,1.9300000000000002,1.93026,1.92991,1.9301300000000001,274,1,0
2024-06-10 05:35:00,1.93015,1.93021,1.9298199999999999,1.92988,226,0,0
2024-06-10 05:40:00,1.9298600000000001,1.93005,1.92981,1.92991,244,2,0
2024-06-10 05:45:00,1.92991,1.9304000000000001,1.92985,1.93028,272,4,0
2024-06-10 05:50:00,1.93028,1.93028,1.92893,1.92919,462,0,0
2024-06-10 05:55:00,1.9291800000000001,1.92923,1.92865,1.92908,469,2,0
2024-06-10 06:00:00,1.92908,1.92916,1.92881,1.9289399999999999,788,1,0
2024-06-10 06:05:00,1.9289399999999999,1.92934,1.92855,1.92861,659,3,0
2024-06-10 06:10:00,1.92861,1.92875,1.9281199999999998,1.9281899999999998,546,2,0
2024-06-10 06:15:00,1.9281700000000002,1.92854,1.92804,1.9281000000000001,484,0,0
2024-06-10 06:20:00,1.92811,1.92834,1.92787,1.92808,651,0,0
2024-06-10 06:25:00,1.92808,1.92823,1.9277600000000001,1.92805,580,2,0
2024-06-10 06:30:00,1.92805,1.92822,1.9276499999999999,1.92774,946,0,0
2024-06-10 06:35:00,1.92773,1.92869,1.92771,1.92863,760,1,0
2024-06-10 06:40:00,1.92863,1.92868,1.9280300000000001,1.9281199999999998,853,2,0
2024-06-10 06:45:00,1.92813,1.92863,1.92813,1.92829,704,4,0
2024-06-10 06:50:00,1.92829,1.92845,1.9278300000000002,1.9278300000000002,828,4,0
2024-06-10 06:55:00,1.92784,1.92848,1.92778,1.92834,584,0,0
2024-06-10 07:00:00,1.92834,1.92839,1.9273500000000001,1.92797,1078,0,0
2024-06-10 07:05:00,1.9279600000000001,1.9287800000000002,1.92793,1.92861,1001,0,0
2024-06-10 07:10:00,1.92861,1.92977,1.92856,1.9294799999999999,895,0,0
2024-06-10 07:15:00,1.92947,1.92949,1.92873,1.92915,1031,0,0
2024-06-10 07:20:00,1.92919,1.92924,1.9285299999999999,1.9286400000000001,1084,0,0
2024-06-10 07:25:00,1.9286400000000001,1.9287,1.92807,1.9283700000000001,968,0,0
2024-06-10 07:30:00,1.92838,1.9291800000000001,1.9283000000000001,1.92904,1037,1,0
2024-06-10 07:35:00,1.92903,1.92957,1.929,1.92908,1030,2,0
2024-06-10 07:40:00,1.92909,1.92937,1.92884,1.92903,896,0,0
2024-06-10 07:45:00,1.92903,1.9298,1.92895,1.92969,863,2,0
2024-06-10 07:50:00,1.92974,1.92985,1.9291399999999999,1.9291399999999999,1017,0,0
2024-06-10 07:55:00,1.9291399999999999,1.9295,1.92899,1.92934,864,0,0
2024-06-10 08:00:00,1.9293,1.9294,1.9286400000000001,1.92899,1112,2,0
2024-06-10 08:05:00,1.92899,1.92902,1.92859,1.92869,938,1,0
2024-06-10 08:10:00,1.92869,1.9288699999999999,1.92841,1.9286400000000001,867,0,0
2024-06-10 08:15:00,1.9286400000000001,1.92919,1.92841,1.9290699999999998,957,2,0
2024-06-10 08:20:00,1.9290699999999998,1.92919,1.92884,1.92909,733,2,0
2024-06-10 08:25:00,1.92909,1.9296799999999998,1.92858,1.92963,906,2,0
2024-06-10 08:30:00,1.92963,1.92977,1.92934,1.92936,829,0,0
2024-06-10 08:35:00,1.92936,1.9298199999999999,1.92926,1.92973,696,0,0
2024-06-10 08:40:00,1.92973,1.9300899999999999,1.92963,1.9300199999999998,717,0,0
2024-06-10 08:45:00,1.9300199999999998,1.93034,1.92984,1.93028,659,0,0
2024-06-10 08:50:00,1.93028,1.93049,1.92991,1.92994,745,0,0
2024-06-10 08:55:00,1.92994,1.92998,1.92927,1.9295200000000001,800,2,0
2024-06-10 09:00:00,1.9295200000000001,1.92957,1.92851,1.92865,819,0,0
2024-06-10 09:05:00,1.92862,1.9292799999999999,1.9285999999999999,1.9292500000000001,834,0,0
2024-06-10 09:10:00,1.9292500000000001,1.92929,1.9285999999999999,1.9285999999999999,941,0,0
2024-06-10 09:15:00,1.9285999999999999,1.9286699999999999,1.9282599999999999,1.92865,764,0,0
2024-06-10 09:20:00,1.92865,1.92879,1.92841,1.92851,697,0,0
2024-06-10 09:25:00,1.92851,1.92869,1.9282599999999999,1.9283700000000001,868,0,0
2024-06-10 09:30:00,1.9283700000000001,1.92843,1.9279,1.92795,872,1,0
2024-06-10 09:35:00,1.92794,1.92822,1.9278300000000002,1.92786,576,2,0
2024-06-10 09:40:00,1.92786,1.92801,1.9276900000000001,1.92801,614,0,0
2024-06-10 09:45:00,1.9280599999999999,1.92822,1.92784,1.9282,606,0,0
2024-06-10 09:50:00,1.9282,1.9285700000000001,1.9281000000000001,1.9282,805,0,0
2024-06-10 09:55:00,1.9282,1.92839,1.9278300000000002,1.92784,834,0,0
2024-06-10 10:00:00,1.92784,1.92786,1.92686,1.92696,960,0,0
2024-06-10 10:05:00,1.92696,1.92702,1.92644,1.9269500000000002,909,1,0
2024-06-10 10:10:00,1.9269500000000002,1.92705,1.9261300000000001,1.92621,848,4,0
2024-06-10 10:15:00,1.92621,1.9264299999999999,1.92596,1.9262700000000001,743,0,0
2024-06-10 10:20:00,1.9262700000000001,1.92637,1.9255900000000001,1.9258899999999999,738,0,0
2024-06-10 10:25:00,1.9258899999999999,1.92652,1.92587,1.92648,677,1,0
2024-06-10 10:30:00,1.92648,1.92658,1.92572,1.9262299999999999,738,0,0
2024-06-10 10:35:00,1.9262299999999999,1.9264999999999999,1.9260899999999999,1.92646,862,0,0
2024-06-10 10:40:00,1.92648,1.92671,1.92625,1.9266999999999999,738,1,0
2024-06-10 10:45:00,1.9266999999999999,1.92712,1.9266299999999998,1.9268399999999999,612,1,0
2024-06-10 10:50:00,1.9268399999999999,1.9274200000000001,1.9268399999999999,1.92718,526,0,0
2024-06-10 10:55:00,1.92718,1.92725,1.92676,1.9271,598,0,0
2024-06-10 11:00:00,1.9271,1.92732,1.92668,1.9273099999999999,538,0,0
2024-06-10 11:05:00,1.9273099999999999,1.92782,1.9271500000000001,1.92746,422,0,0
2024-06-10 11:10:00,1.92746,1.92761,1.9271500000000001,1.92725,551,0,0
2024-06-10 11:15:00,1.92725,1.9274200000000001,1.92696,1.9271,594,2,0
2024-06-10 11:20:00,1.9271,1.9278499999999998,1.92702,1.92773,590,0,0
2024-06-10 11:25:00,1.92773,1.92805,1.9277199999999999,1.9279600000000001,550,5,0
2024-06-10 11:30:00,1.9279600000000001,1.9281199999999998,1.92777,1.92782,442,0,0
2024-06-10 11:35:00,1.92787,1.92815,1.92778,1.92802,524,0,0
2024-06-10 11:40:00,1.92802,1.92862,1.92795,1.9284,491,0,0
2024-06-10 11:45:00,1.9284,1.9284,1.928,1.92822,436,1,0
2024-06-10 11:50:00,1.92822,1.92855,1.928,1.9280599999999999,561,0,0
2024-06-10 11:55:00,1.9280599999999999,1.9285700000000001,1.92797,1.92851,723,0,0
2024-06-10 12:00:00,1.92851,1.9286699999999999,1.9278300000000002,1.92788,1046,2,0
2024-06-10 12:05:00,1.92788,1.9281899999999998,1.92779,1.92795,862,2,0
2024-06-10 12:10:00,1.92795,1.92822,1.9276900000000001,1.9280599999999999,968,3,0
2024-06-10 12:15:00,1.9280599999999999,1.92824,1.92787,1.92795,998,1,0
2024-06-10 12:20:00,1.92795,1.9286400000000001,1.92787,1.92851,910,1,0
2024-06-10 12:25:00,1.92851,1.92908,1.92851,1.929,686,2,0
2024-06-10 12:30:00,1.929,1.92924,1.92861,1.92906,841,0,0
2024-06-10 12:35:00,1.92906,1.92919,1.92845,1.9289399999999999,763,2,0
2024-06-10 12:40:00,1.9289399999999999,1.92901,1.92862,1.9289,780,1,0
2024-06-10 12:45:00,1.9289,1.92916,1.92835,1.92838,784,3,0
2024-06-10 12:50:00,1.92838,1.9286699999999999,1.9283700000000001,1.92866,668,2,0
2024-06-10 12:55:00,1.92866,1.92874,1.92822,1.92861,631,0,0
2024-06-10 13:00:00,1.92861,1.92868,1.9278499999999998,1.92814,870,0,0
2024-06-10 13:05:00,1.92814,1.92842,1.9279,1.92802,881,0,0
2024-06-10 13:10:00,1.92802,1.92809,1.92764,1.92794,843,3,0
2024-06-10 13:15:00,1.92795,1.92829,1.92755,1.92818,811,2,0
2024-06-10 13:20:00,1.92818,1.92847,1.92789,1.92797,967,2,0
2024-06-10 13:25:00,1.92798,1.92869,1.92795,1.92869,857,3,0
2024-06-10 13:30:00,1.92869,1.92922,1.9286699999999999,1.9289800000000001,1357,1,0
2024-06-10 13:35:00,1.9289800000000001,1.9291,1.92839,1.92842,1430,0,0
2024-06-10 13:40:00,1.92842,1.92888,1.92834,1.9285700000000001,1253,0,0
2024-06-10 13:45:00,1.9285700000000001,1.92889,1.9285299999999999,1.9286400000000001,916,0,0
2024-06-10 13:50:00,1.9286400000000001,1.9287100000000001,1.9279600000000001,1.92807,1125,1,0
2024-06-10 13:55:00,1.92807,1.9281199999999998,1.92686,1.92696,1133,0,0
2024-06-10 14:00:00,1.92696,1.9270800000000001,1.92652,1.92686,1057,2,0
2024-06-10 14:05:00,1.92686,1.92741,1.9266100000000002,1.92729,778,0,0
2024-06-10 14:10:00,1.92729,1.92774,1.92723,1.9272399999999998,947,0,0
2024-06-10 14:15:00,1.92717,1.9275099999999998,1.927,1.92723,916,1,0
2024-06-10 14:20:00,1.92723,1.92748,1.9270800000000001,1.92721,921,0,0
2024-06-10 14:25:00,1.92719,1.92741,1.9270800000000001,1.92714,842,0,0
2024-06-10 14:30:00,1.92714,1.92764,1.92676,1.9268100000000001,939,0,0
2024-06-10 14:35:00,1.9268100000000001,1.92692,1.92608,1.92632,931,0,0
2024-06-10 14:40:00,1.92632,1.9270800000000001,1.9262299999999999,1.92685,725,0,0
2024-06-10 14:45:00,1.92685,1.92718,1.92659,1.9271099999999999,937,0,0
2024-06-10 14:50:00,1.9271099999999999,1.92744,1.92705,1.92733,1161,0,0
2024-06-10 14:55:00,1.92733,1.9278,1.92732,1.92763,1258,0,0
2024-06-10 15:00:00,1.92763,1.9278300000000002,1.9273799999999999,1.9277,1078,0,0
2024-06-10 15:05:00,1.92768,1.92773,1.92714,1.92718,710,0,0
2024-06-10 15:10:00,1.92718,1.9272399999999998,1.92666,1.92675,855,1,0
2024-06-10 15:15:00,1.9267400000000001,1.92696,1.92614,1.92625,911,5,0
2024-06-10 15:20:00,1.92625,1.92658,1.9261599999999999,1.92624,691,0,0
2024-06-10 15:25:00,1.92624,1.92644,1.92603,1.92618,429,1,0
2024-06-10 15:30:00,1.92618,1.92673,1.92604,1.92662,677,3,0
2024-06-10 15:35:00,1.92662,1.92686,1.92653,1.92662,626,0,0
2024-06-10 15:40:00,1.92662,1.92667,1.92606,1.92615,535,1,0
2024-06-10 15:45:00,1.92615,1.92617,1.9258,1.92601,704,3,0
2024-06-10 15:50:00,1.92601,1.92607,1.9257300000000002,1.92585,494,0,0
2024-06-10 15:55:00,1.92585,1.92618,1.92577,1.92596,671,0,0
2024-06-10 16:00:00,1.92596,1.92644,1.92594,1.92631,546,3,0
2024-06-10 16:05:00,1.9262899999999998,1.9264700000000001,1.92621,1.92639,571,2,0
2024-06-10 16:10:00,1.92639,1.92729,1.92639,1.92718,807,0,0
2024-06-10 16:15:00,1.92718,1.92774,1.92709,1.92767,963,1,0
2024-06-10 16:20:00,1.92767,1.9276900000000001,1.92723,1.92739,708,0,0
2024-06-10 16:25:00,1.92739,1.92773,1.92723,1.92734,593,1,0
2024-06-10 16:30:00,1.92734,1.9275099999999998,1.9272200000000002,1.9273799999999999,508,0,0
2024-06-10 16:35:00,1.92736,1.92739,1.92707,1.9271500000000001,534,3,0
2024-06-10 16:40:00,1.9271500000000001,1.92725,1.927,1.9271099999999999,481,4,0
2024-06-10 16:45:00,1.9271099999999999,1.9274900000000001,1.9270800000000001,1.9273799999999999,602,3,0
2024-06-10 16:50:00,1.9273799999999999,1.92739,1.92702,1.92713,530,2,0
2024-06-10 16:55:00,1.92713,1.92718,1.92692,1.9270100000000001,579,3,0
2024-06-10 17:00:00,1.92702,1.92786,1.92699,1.92775,594,0,0
2024-06-10 17:05:00,1.9277600000000001,1.92791,1.9273099999999999,1.92753,646,2,0
2024-06-10 17:10:00,1.92755,1.92759,1.927,1.92716,726,3,0
2024-06-10 17:15:00,1.92716,1.92744,1.92712,1.9272200000000002,421,3,0
2024-06-10 17:20:00,1.9272200000000002,1.92741,1.9270800000000001,1.9273799999999999,300,2,0
2024-06-10 17:25:00,1.9273799999999999,1.9277,1.9273,1.92761,630,2,0
2024-06-10 17:30:00,1.92766,1.9277600000000001,1.92736,1.92752,527,4,0
2024-06-10 17:35:00,1.92752,1.92753,1.92717,1.9273799999999999,554,6,0
2024-06-10 17:40:00,1.9273799999999999,1.92755,1.92726,1.92729,557,3,0
2024-06-10 17:45:00,1.92729,1.92741,1.92699,1.92709,909,2,0
2024-06-10 17:50:00,1.92709,1.92739,1.92699,1.92721,874,5,0
2024-06-10 17:55:00,1.9272200000000002,1.9274200000000001,1.92717,1.9272399999999998,642,4,0
2024-06-10 18:00:00,1.92725,1.92763,1.9272200000000002,1.9274,562,3,0
2024-06-10 18:05:00,1.9274,1.9275,1.92732,1.92744,639,1,0
2024-06-10 18:10:00,1.92744,1.9276,1.92728,1.92736,605,3,0
2024-06-10 18:15:00,1.92736,1.92747,1.92714,1.9273799999999999,582,5,0
2024-06-10 18:20:00,1.9273799999999999,1.92757,1.9272399999999998,1.92732,625,5,0
2024-06-10 18:25:00,1.92732,1.9275799999999998,1.92729,1.9274200000000001,519,7,0
2024-06-10 18:30:00,1.92741,1.92747,1.92714,1.92714,530,3,0
2024-06-10 18:35:00,1.92716,1.92719,1.9268399999999999,1.9269500000000002,825,3,0
2024-06-10 18:40:00,1.9269500000000002,1.92718,1.9268,1.92718,564,4,0
2024-06-10 18:45:00,1.92718,1.9274200000000001,1.92713,1.92719,595,4,0
2024-06-10 18:50:00,1.92719,1.92723,1.9270100000000001,1.9271,600,6,0
2024-06-10 18:55:00,1.9271,1.9273,1.9268999999999998,1.92723,765,5,0
2024-06-10 19:00:00,1.92723,1.9274,1.9271500000000001,1.92719,442,6,0
2024-06-10 19:05:00,1.92719,1.9272,1.92689,1.9270100000000001,457,3,0
2024-06-10 19:10:00,1.927,1.9270100000000001,1.92642,1.92642,556,3,0
2024-06-10 19:15:00,1.92642,1.92656,1.9262899999999998,1.92653,392,4,0
2024-06-10 19:20:00,1.92653,1.9266,1.92632,1.9264000000000001,523,4,0
2024-06-10 19:25:00,1.9264000000000001,1.92645,1.92612,1.92624,357,0,0
2024-06-10 19:30:00,1.92624,1.92631,1.92618,1.92625,452,5,0
2024-06-10 19:35:00,1.92625,1.92632,1.92611,1.92624,419,9,0
2024-06-10 19:40:00,1.92624,1.92628,1.92599,1.92612,547,7,0
2024-06-10 19:45:00,1.92612,1.9262299999999999,1.92597,1.92612,399,6,0
2024-06-10 19:50:00,1.92612,1.9263,1.92608,1.92624,515,3,0
2024-06-10 19:55:00,1.92624,1.9263599999999999,1.92615,1.9263,873,6,0
2024-06-10 20:00:00,1.9263,1.92657,1.9263,1.92651,360,5,0
2024-06-10 20:05:00,1.92651,1.92655,1.9264299999999999,1.9264700000000001,203,4,0
2024-06-10 20:10:00,1.9264700000000001,1.92653,1.92625,1.92635,308,4,0
2024-06-10 20:15:00,1.9263599999999999,1.9264000000000001,1.9262899999999998,1.9262899999999998,155,9,0
2024-06-10 20:20:00,1.9262899999999998,1.9264999999999999,1.92625,1.9262899999999998,80,5,0
2024-06-10 20:25:00,1.9262899999999998,1.9262899999999998,1.9261300000000001,1.9261599999999999,34,9,0
2024-06-10 20:30:00,1.9261599999999999,1.92621,1.92611,1.92615,44,5,0
2024-06-10 20:35:00,1.92615,1.9262700000000001,1.9261,1.92611,40,5,0
2024-06-10 20:40:00,1.92611,1.9261300000000001,1.92596,1.92596,73,6,0
2024-06-10 20:45:00,1.92594,1.92603,1.9258,1.92603,79,4,0
2024-06-10 20:50:00,1.92604,1.92608,1.9257900000000001,1.92585,60,8,0
2024-06-10 20:55:00,1.92585,1.92594,1.9255900000000001,1.9259300000000001,139,9,0
2024-06-10 21:00:00,1.9259300000000001,1.9259300000000001,1.92298,1.925,28,24,0
2024-06-10 21:05:00,1.925,1.92614,1.92456,1.9260000000000002,39,107,0
2024-06-10 21:10:00,1.92599,1.92605,1.92391,1.92402,93,83,0
2024-06-10 21:15:00,1.9240300000000001,1.92588,1.9240300000000001,1.92547,66,82,0
2024-06-10 21:20:00,1.92547,1.92567,1.92535,1.92567,62,114,0
2024-06-10 21:25:00,1.92567,1.9256799999999998,1.92533,1.9255900000000001,61,80,0
2024-06-10 21:30:00,1.9256799999999998,1.9256799999999998,1.9255200000000001,1.92564,32,103,0
2024-06-10 21:35:00,1.9256199999999999,1.92565,1.92549,1.92564,41,72,0
2024-06-10 21:40:00,1.92564,1.92567,1.92547,1.92554,40,68,0
2024-06-10 21:45:00,1.92554,1.92556,1.9253900000000002,1.92545,63,68,0
2024-06-10 21:50:00,1.92545,1.92553,1.92542,1.92547,32,64,0
2024-06-10 21:55:00,1.92544,1.92553,1.92486,1.92545,382,66,0
2024-06-10 22:00:00,1.92542,1.92581,1.92515,1.92537,258,0,0
2024-06-10 22:05:00,1.92537,1.92547,1.92535,1.92546,29,23,0
2024-06-10 22:10:00,1.9255200000000001,1.92576,1.92547,1.92571,65,11,0
2024-06-10 22:15:00,1.9257300000000002,1.92576,1.92547,1.9256199999999999,128,16,0
2024-06-10 22:20:00,1.9256199999999999,1.92578,1.9256199999999999,1.92571,89,21,0
2024-06-10 22:25:00,1.92571,1.92574,1.9256600000000001,1.92569,53,27,0
2024-06-10 22:30:00,1.92569,1.92572,1.92554,1.9257,76,26,0
2024-06-10 22:35:00,1.9257,1.92599,1.92569,1.9258899999999999,54,24,0
2024-06-10 22:40:00,1.9258899999999999,1.9260899999999999,1.9258600000000001,1.9260199999999998,91,15,0
2024-06-10 22:45:00,1.9260199999999998,1.92625,1.9260000000000002,1.92619,101,12,0
2024-06-10 22:50:00,1.92619,1.92622,1.9258899999999999,1.92596,86,19,0
2024-06-10 22:55:00,1.92596,1.9262299999999999,1.92596,1.92614,76,10,0
2024-06-10 23:00:00,1.92614,1.92638,1.92594,1.92603,108,10,0
2024-06-10 23:05:00,1.92603,1.92603,1.9256799999999998,1.92569,174,5,0
2024-06-10 23:10:00,1.92569,1.92596,1.9256,1.92583,254,5,0
2024-06-10 23:15:00,1.92583,1.9261,1.9257300000000002,1.9257499999999999,268,4,0
2024-06-10 23:20:00,1.9257499999999999,1.9261599999999999,1.9256600000000001,1.9261300000000001,244,4,0
2024-06-10 23:25:00,1.9261300000000001,1.92646,1.92612,1.92631,170,5,0
2024-06-10 23:30:00,1.92631,1.92646,1.9261,1.9262299999999999,173,2,0
2024-06-10 23:35:00,1.9262299999999999,1.9262899999999998,1.92594,1.9260899999999999,239,4,0
2024-06-10 23:40:00,1.9260899999999999,1.92618,1.9258199999999999,1.9258600000000001,138,2,0
2024-06-10 23:45:00,1.92584,1.92624,1.9258199999999999,1.92603,216,4,0
2024-06-10 23:50:00,1.92603,1.9261599999999999,1.92583,1.92588,193,7,0
2024-06-10 23:55:00,1.92588,1.9259300000000001,1.92569,1.9259,230,7,0
2024-06-11 00:00:00,1.9259,1.9269699999999998,1.9259,1.92682,516,3,0
2024-06-11 00:05:00,1.92682,1.9271099999999999,1.92651,1.92706,468,6,0
2024-06-11 00:10:00,1.92706,1.92726,1.92694,1.92712,459,2,0
2024-06-11 00:15:00,1.9271099999999999,1.9274,1.9269500000000002,1.92719,410,4,0
2024-06-11 00:20:00,1.92719,1.9274900000000001,1.9268999999999998,1.9274,353,3,0
2024-06-11 00:25:00,1.9274,1.92744,1.92707,1.9272200000000002,273,2,0
2024-06-11 00:30:00,1.9272200000000002,1.9276900000000001,1.92712,1.92733,494,2,0
2024-06-11 00:35:00,1.92733,1.9273799999999999,1.9271,1.92736,451,0,0
2024-06-11 00:40:00,1.9273799999999999,1.92755,1.92713,1.9273799999999999,349,3,0
2024-06-11 00:45:00,1.9273799999999999,1.92775,1.9272399999999998,1.92736,385,0,0
2024-06-11 00:50:00,1.92736,1.92757,1.9273,1.92746,460,4,0
2024-06-11 00:55:00,1.92746,1.92786,1.92736,1.9278300000000002,461,0,0
2024-06-11 01:00:00,1.92784,1.92823,1.9275799999999998,1.92793,794,1,0
2024-06-11 01:05:00,1.92793,1.92823,1.9276200000000001,1.92809,480,1,0
2024-06-11 01:10:00,1.92809,1.9285299999999999,1.92809,1.9281899999999998,509,4,0
2024-06-11 01:15:00,1.9281899999999998,1.9289100000000001,1.9281199999999998,1.92886,650,3,0
2024-06-11 01:20:00,1.92886,1.92886,1.92854,1.92859,528,6,0
2024-06-11 01:25:00,1.92859,1.92913,1.92854,1.92883,456,2,0
2024-06-11 01:30:00,1.92883,1.92927,1.9284400000000002,1.9289,831,2,0
2024-06-11 01:35:00,1.9289,1.9292099999999999,1.9285999999999999,1.9285999999999999,649,0,0
2024-06-11 01:40:00,1.9285999999999999,1.92893,1.9279600000000001,1.9279600000000001,532,0,0
2024-06-11 01:45:00,1.9279600000000001,1.9281700000000002,1.9277600000000001,1.9280599999999999,588,0,0
2024-06-11 01:50:00,1.9280599999999999,1.92881,1.9279,1.92877,647,0,0
2024-06-11 01:55:00,1.92877,1.92956,1.9286699999999999,1.92896,697,0,0
2024-06-11 02:00:00,1.92896,1.92974,1.92895,1.9293900000000002,679,1,0
2024-06-11 02:05:00,1.9293900000000002,1.93008,1.9291399999999999,1.92964,631,0,0
2024-06-11 02:10:00,1.92964,1.9298199999999999,1.9293900000000002,1.92971,633,2,0
2024-06-11 02:15:00,1.92971,1.93034,1.92969,1.9302700000000002,481,1,0
2024-06-11 02:20:00,1.9302700000000002,1.93033,1.92976,1.92995,322,0,0
2024-06-11 02:25:00,1.92994,1.93019,1.92978,1.93018,335,0,0
2024-06-11 02:30:00,1.93018,1.9309500000000002,1.93008,1.93086,569,0,0
2024-06-11 02:35:00,1.93086,1.9313,1.93075,1.93121,427,0,0
2024-06-11 02:40:00,1.9312,1.93146,1.93098,1.93132,444,0,0
2024-06-11 02:45:00,1.93132,1.93154,1.93099,1.93099,489,3,0
2024-06-11 02:50:00,1.93099,1.93102,1.93048,1.93064,476,2,0
2024-06-11 02:55:00,1.93064,1.9308,1.9303,1.93053,516,2,0
2024-06-11 03:00:00,1.93053,1.93076,1.9302899999999998,1.9305400000000001,521,0,0
2024-06-11 03:05:00,1.9305400000000001,1.93078,1.93023,1.93059,442,1,0
2024-06-11 03:10:00,1.93059,1.9308100000000001,1.93034,1.93069,397,0,0
2024-06-11 03:15:00,1.93069,1.93121,1.93069,1.93112,420,0,0
2024-06-11 03:20:00,1.93112,1.9316900000000001,1.9311,1.9314900000000002,392,0,0
2024-06-11 03:25:00,1.9314900000000002,1.93189,1.93127,1.93161,421,0,0
2024-06-11 03:30:00,1.93161,1.93178,1.93154,1.93163,340,2,0
2024-06-11 03:35:00,1.93164,1.93171,1.93133,1.93139,287,2,0
2024-06-11 03:40:00,1.93137,1.9315600000000002,1.93096,1.93105,329,2,0
2024-06-11 03:45:00,1.93105,1.93112,1.93076,1.93092,247,1,0
2024-06-11 03:50:00,1.93092,1.93094,1.93057,1.93064,323,2,0
2024-06-11 03:55:00,1.93064,1.93075,1.9304299999999999,1.93058,234,3,0
2024-06-11 04:00:00,1.93057,1.93109,1.93056,1.93083,251,4,0
2024-06-11 04:05:00,1.93083,1.93102,1.93066,1.93066,256,2,0
2024-06-11 04:10:00,1.93068,1.93078,1.93038,1.93045,271,0,0
2024-06-11 04:15:00,1.93045,1.93056,1.9301300000000001,1.9301300000000001,258,0,0
2024-06-11 04:20:00,1.9301300000000001,1.93022,1.92999,1.93003,208,0,0
2024-06-11 04:25:00,1.93003,1.93035,1.92995,1.93017,238,1,0
2024-06-11 04:30:00,1.93017,1.93066,1.9301300000000001,1.9306299999999998,268,3,0
2024-06-11 04:35:00,1.93064,1.93076,1.93056,1.93058,265,1,0
2024-06-11 04:40:00,1.93058,1.93071,1.93049,1.93049,178,5,0
2024-06-11 04:45:00,1.93049,1.9306100000000002,1.9302899999999998,1.93032,218,3,0
2024-06-11 04:50:00,1.93032,1.93037,1.93006,1.93017,142,4,0
2024-06-11 04:55:00,1.93017,1.9302700000000002,1.92995,1.93014,191,2,0
2024-06-11 05:00:00,1.93014,1.93024,1.92946,1.9295,132,1,0
2024-06-11 05:05:00,1.9295,1.93019,1.92947,1.93007,225,4,0
2024-06-11 05:10:00,1.93007,1.9302899999999998,1.92983,1.93028,197,3,0
2024-06-11 05:15:00,1.9302899999999998,1.9302899999999998,1.92961,1.92962,158,3,0
2024-06-11 05:20:00,1.92962,1.92962,1.92931,1.92934,174,0,0
2024-06-11 05:25:00,1.92934,1.92964,1.92929,1.92957,254,0,0
2024-06-11 05:30:00,1.92957,1.93004,1.9294799999999999,1.92985,377,3,0
2024-06-11 05:35:00,1.92985,1.9299,1.9296799999999998,1.92972,304,2,0
2024-06-11 05:40:00,1.92972,1.92995,1.92922,1.9298600000000001,367,1,0
2024-06-11 05:45:00,1.9298600000000001,1.9299300000000001,1.92958,1.92973,454,3,0
2024-06-11 05:50:00,1.92973,1.9299,1.9293,1.92945,374,1,0
2024-06-11 05:55:00,1.92945,1.92947,1.929,1.9290500000000002,503,4,0
2024-06-11 06:00:00,1.9290500000000002,1.92988,1.92718,1.92759,931,4,0
2024-06-11 06:05:00,1.92759,1.92759,1.92628,1.92638,694,0,0
2024-06-11 06:10:00,1.92638,1.92658,1.92581,1.92585,713,0,0
2024-06-11 06:15:00,1.92585,1.92607,1.92563,1.92574,536,0,0
2024-06-11 06:20:00,1.92574,1.9266100000000002,1.9257300000000002,1.9264999999999999,412,0,0
2024-06-11 06:25:00,1.9264999999999999,1.92669,1.9263,1.92668,409,4,0
2024-06-11 06:30:00,1.92668,1.92672,1.92499,1.92499,946,0,0
2024-06-11 06:35:00,1.92499,1.92535,1.92475,1.92522,726,1,0
2024-06-11 06:40:00,1.92522,1.9255200000000001,1.9251800000000001,1.92526,619,3,0
2024-06-11 06:45:00,1.92526,1.9253900000000002,1.92503,1.92533,662,1,0
2024-06-11 06:50:00,1.92533,1.92576,1.92523,1.92572,646,4,0
2024-06-11 06:55:00,1.92569,1.9257900000000001,1.9248699999999999,1.92492,699,0,0
2024-06-11 07:00:00,1.92492,1.9252500000000001,1.92477,1.92508,963,1,0
2024-06-11 07:05:00,1.9250699999999998,1.92587,1.92493,1.9257900000000001,718,1,0
2024-06-11 07:10:00,1.9257900000000001,1.9264000000000001,1.92577,1.92604,589,1,0
2024-06-11 07:15:00,1.92604,1.92622,1.9256600000000001,1.9261599999999999,597,0,0
2024-06-11 07:20:00,1.9261599999999999,1.92628,1.9257900000000001,1.9261599999999999,647,0,0
2024-06-11 07:25:00,1.92614,1.9264999999999999,1.92611,1.9262299999999999,595,0,0
2024-06-11 07:30:00,1.92633,1.92649,1.92603,1.9262700000000001,503,0,0
2024-06-11 07:35:00,1.9262700000000001,1.92638,1.92595,1.9263599999999999,542,0,0
2024-06-11 07:40:00,1.9263599999999999,1.9264999999999999,1.92604,1.92619,525,3,0
2024-06-11 07:45:00,1.92619,1.92638,1.92564,1.92612,603,0,0
2024-06-11 07:50:00,1.92612,1.92641,1.9258199999999999,1.92588,527,2,0
2024-06-11 07:55:00,1.92588,1.92659,1.92588,1.92644,547,0,0
2024-06-11 08:00:00,1.92646,1.92699,1.9264299999999999,1.9265400000000001,860,2,0
2024-06-11 08:05:00,1.9265400000000001,1.92675,1.92628,1.92628,623,2,0
2024-06-11 08:10:00,1.9262899999999998,1.92645,1.9261,1.92645,715,0,0
2024-06-11 08:15:00,1.92645,1.9273,1.92644,1.92717,583,2,0
2024-06-11 08:20:00,1.92717,1.92753,1.9270100000000001,1.92737,680,2,0
2024-06-11 08:25:00,1.9273500000000001,1.92828,1.92728,1.92816,617,0,0
2024-06-11 08:30:00,1.92818,1.92818,1.92774,1.92779,603,3,0
2024-06-11 08:35:00,1.92779,1.9278499999999998,1.92743,1.92782,548,0,0
2024-06-11 08:40:00,1.92781,1.92858,1.92781,1.92838,621,1,0
2024-06-11 08:45:00,1.92838,1.92855,1.92822,1.92824,853,1,0
2024-06-11 08:50:00,1.92824,1.92865,1.9281199999999998,1.92828,794,2,0
2024-06-11 08:55:00,1.92828,1.9283299999999999,1.92763,1.9279199999999999,814,2,0
2024-06-11 09:00:00,1.9279199999999999,1.92877,1.9277,1.92869,1057,1,0
2024-06-11 09:05:00,1.92868,1.9291399999999999,1.9285299999999999,1.92885,879,3,0
2024-06-11 09:10:00,1.92885,1.92919,1.92881,1.92904,793,1,0
2024-06-11 09:15:00,1.92904,1.92929,1.92888,1.92924,778,2,0
2024-06-11 09:20:00,1.92924,1.92933,1.92893,1.92911,719,1,0
2024-06-11 09:25:00,1.92911,1.92924,1.92869,1.92913,772,2,0
2024-06-11 09:30:00,1.92912,1.9300000000000002,1.92912,1.92996,1014,0,0
2024-06-11 09:35:00,1.92996,1.93049,1.92991,1.9301,489,0,0
2024-06-11 09:40:00,1.9301,1.93031,1.9296799999999998,1.9298199999999999,592,1,0
2024-06-11 09:45:00,1.9298199999999999,1.93021,1.92981,1.92999,724,0,0
2024-06-11 09:50:00,1.92998,1.93123,1.9298199999999999,1.93099,721,0,0
2024-06-11 09:55:00,1.93099,1.93114,1.93059,1.9308,509,0,0
2024-06-11 10:00:00,1.9308,1.9312399999999998,1.93069,1.9308999999999998,868,0,0
2024-06-11 10:05:00,1.9308999999999998,1.93232,1.93087,1.93222,829,0,0
2024-06-11 10:10:00,1.93222,1.93249,1.9314900000000002,1.93166,805,0,0
2024-06-11 10:15:00,1.93166,1.9317600000000001,1.93098,1.93116,847,1,0
2024-06-11 10:20:00,1.93116,1.9314,1.93049,1.93052,803,2,0
2024-06-11 10:25:00,1.93052,1.93134,1.93046,1.93127,736,0,0
2024-06-11 10:30:00,1.93127,1.9315,1.93118,1.9312399999999998,602,0,0
2024-06-11 10:35:00,1.9312399999999998,1.93128,1.93083,1.931,560,0,0
2024-06-11 10:40:00,1.931,1.93154,1.93096,1.93133,648,0,0
2024-06-11 10:45:00,1.93133,1.9316,1.93107,1.9315099999999998,811,3,0
2024-06-11 10:50:00,1.9315099999999998,1.93159,1.93067,1.9306999999999999,674,0,0
2024-06-11 10:55:00,1.9306999999999999,1.93154,1.93067,1.93069,901,4,0
2024-06-11 11:00:00,1.93069,1.93174,1.9306,1.93167,879,2,0
2024-06-11 11:05:00,1.93167,1.93254,1.93163,1.9325,862,2,0
2024-06-11 11:10:00,1.9325,1.9327800000000002,1.93214,1.93272,989,2,0
2024-06-11 11:15:00,1.93272,1.93289,1.93239,1.93286,1065,0,0
2024-06-11 11:20:00,1.93286,1.93293,1.93189,1.9321000000000002,1009,1,0
2024-06-11 11:25:00,1.9321000000000002,1.9322599999999999,1.93182,1.93201,593,0,0
2024-06-11 11:30:00,1.93201,1.9326699999999999,1.93201,1.93231,390,0,0
2024-06-11 11:35:00,1.93231,1.9327,1.93197,1.93207,803,0,0
2024-06-11 11:40:00,1.93207,1.93221,1.93182,1.93204,536,0,0
2024-06-11 11:45:00,1.93204,1.9321199999999998,1.9317600000000001,1.9319600000000001,792,4,0
2024-06-11 11:50:00,1.9319600000000001,1.9322599999999999,1.93191,1.93224,722,2,0
2024-06-11 11:55:00,1.93224,1.93238,1.93173,1.9318300000000002,1032,1,0
2024-06-11 12:00:00,1.93178,1.93197,1.93121,1.93126,1153,4,0
2024-06-11 12:05:00,1.93126,1.9316,1.93083,1.93107,875,1,0
2024-06-11 12:10:00,1.93107,1.9312399999999998,1.93045,1.93045,1156,1,0
2024-06-11 12:15:00,1.93045,1.93073,1.93033,1.93048,847,1,0
2024-06-11 12:20:00,1.93048,1.93067,1.93038,1.93053,917,0,0
2024-06-11 12:25:00,1.93053,1.93096,1.9303599999999999,1.9305400000000001,1074,3,0
2024-06-11 12:30:00,1.9305400000000001,1.9305400000000001,1.92976,1.93011,1010,3,0
2024-06-11 12:35:00,1.9301,1.93052,1.92988,1.93025,1038,0,0
2024-06-11 12:40:00,1.93025,1.9306299999999998,1.93005,1.9304000000000001,860,2,0
2024-06-11 12:45:00,1.9304000000000001,1.93065,1.9302899999999998,1.93048,713,3,0
2024-06-11 12:50:00,1.93048,1.9306299999999998,1.9297900000000001,1.9297900000000001,942,4,0
2024-06-11 12:55:00,1.9297900000000001,1.92998,1.92935,1.9297900000000001,1008,2,0
2024-06-11 13:00:00,1.9297900000000001,1.9298600000000001,1.92888,1.9289399999999999,1335,2,0
2024-06-11 13:05:00,1.9289399999999999,1.9290699999999998,1.9281000000000001,1.92858,1067,0,0
2024-06-11 13:10:00,1.92858,1.92889,1.92843,1.92876,1022,0,0
2024-06-11 13:15:00,1.92876,1.92882,1.92804,1.92805,1106,1,0
2024-06-11 13:20:00,1.92805,1.9284599999999998,1.92798,1.92825,845,2,0
2024-06-11 13:25:00,1.92825,1.92917,1.9282,1.92915,746,0,0
2024-06-11 13:30:00,1.92915,1.9295900000000001,1.9291,1.92923,1333,0,0
2024-06-11 13:35:00,1.92924,1.92967,1.92912,1.9293900000000002,1297,0,0
2024-06-11 13:40:00,1.9293900000000002,1.9297499999999999,1.92919,1.92933,997,0,0
2024-06-11 13:45:00,1.92933,1.92983,1.9289399999999999,1.92911,1308,0,0
2024-06-11 13:50:00,1.92912,1.92922,1.92786,1.92804,1615,0,0
2024-06-11 13:55:00,1.92804,1.9283700000000001,1.92784,1.92825,1332,0,0
2024-06-11 14:00:00,1.92828,1.92855,1.9277600000000001,1.92808,1643,0,0
2024-06-11 14:05:00,1.92808,1.92825,1.92759,1.92775,1418,0,0
2024-06-11 14:10:00,1.92775,1.92795,1.92739,1.9277600000000001,1217,3,0
2024-06-11 14:15:00,1.9277600000000001,1.92841,1.92757,1.92804,1001,0,0
2024-06-11 14:20:00,1.92804,1.9281199999999998,1.92761,1.92771,1085,0,0
2024-06-11 14:25:00,1.9277199999999999,1.9281000000000001,1.92757,1.92784,1052,3,0
2024-06-11 14:30:00,1.92779,1.92793,1.92714,1.9271500000000001,1063,2,0
2024-06-11 14:35:00,1.9271500000000001,1.9273500000000001,1.92668,1.92672,892,0,0
2024-06-11 14:40:00,1.92672,1.92692,1.92639,1.92682,1098,0,0
2024-06-11 14:45:00,1.92683,1.92726,1.9268100000000001,1.927,1236,2,0
2024-06-11 14:50:00,1.9270100000000001,1.92754,1.92696,1.9272200000000002,1298,0,0
2024-06-11 14:55:00,1.92723,1.92748,1.9271,1.9272200000000002,1266,0,0
2024-06-11 15:00:00,1.92721,1.9286699999999999,1.92717,1.9285,1386,0,0
2024-06-11 15:05:00,1.92854,1.92938,1.9285299999999999,1.92904,1040,3,0
2024-06-11 15:10:00,1.92904,1.9293900000000002,1.9287999999999998,1.92913,1219,4,0
2024-06-11 15:15:00,1.92916,1.92933,1.92892,1.92896,1033,0,0
2024-06-11 15:20:00,1.92896,1.92901,1.92841,1.92869,1077,1,0
2024-06-11 15:25:00,1.92869,1.92903,1.92862,1.92883,699,0,0
2024-06-11 15:30:00,1.92883,1.92886,1.92813,1.9282599999999999,1009,4,0
2024-06-11 15:35:00,1.9282599999999999,1.92838,1.92795,1.92805,876,1,0
2024-06-11 15:40:00,1.92805,1.9291800000000001,1.9280300000000001,1.92881,886,4,0
2024-06-11 15:45:00,1.9287999999999998,1.92911,1.92849,1.92866,975,0,0
2024-06-11 15:50:00,1.9286699999999999,1.92875,1.9282,1.9283000000000001,818,2,0
2024-06-11 15:55:00,1.9283000000000001,1.92851,1.92808,1.92839,931,5,0
2024-06-11 16:00:00,1.92839,1.92852,1.92805,1.9280599999999999,736,4,0
2024-06-11 16:05:00,1.9280599999999999,1.92824,1.9279899999999999,1.9281000000000001,742,6,0
2024-06-11 16:10:00,1.9281000000000001,1.92838,1.9279600000000001,1.92834,704,6,0
2024-06-11 16:15:00,1.92835,1.92843,1.9281700000000002,1.9284,603,4,0
2024-06-11 16:20:00,1.9284,1.9289,1.92829,1.9286699999999999,699,6,0
2024-06-11 16:25:00,1.9286699999999999,1.92889,1.9284599999999998,1.92851,580,3,0
2024-06-11 16:30:00,1.92851,1.92859,1.92808,1.9281199999999998,825,5,0
2024-06-11 16:35:00,1.9281199999999998,1.9284,1.9279899999999999,1.92835,832,3,0
2024-06-11 16:40:00,1.9283700000000001,1.92838,1.92789,1.92808,744,7,0
2024-06-11 16:45:00,1.92808,1.92816,1.92784,1.928,637,5,0
2024-06-11 16:50:00,1.928,1.9283299999999999,1.92782,1.9282,550,4,0
2024-06-11 16:55:00,1.9282,1.92827,1.9279199999999999,1.92822,327,4,0
2024-06-11 17:00:00,1.92822,1.92824,1.92757,1.92795,1278,0,0
2024-06-11 17:05:00,1.92795,1.92807,1.92768,1.92807,1242,6,0
2024-06-11 17:10:00,1.92807,1.9281700000000002,1.92802,1.92813,900,0,0
2024-06-11 17:15:00,1.92813,1.9283299999999999,1.92805,1.92824,520,0,0
2024-06-11 17:20:00,1.92824,1.92834,1.9281700000000002,1.92825,528,0,0
2024-06-11 17:25:00,1.92825,1.92839,1.9281899999999998,1.9282,403,0,0
2024-06-11 17:30:00,1.9282,1.92845,1.9281899999999998,1.92842,385,0,0
2024-06-11 17:35:00,1.92842,1.92845,1.92797,1.92815,468,3,0
2024-06-11 17:40:00,1.92815,1.92827,1.92797,1.9281000000000001,462,5,0
2024-06-11 17:45:00,1.9281000000000001,1.9281199999999998,1.92782,1.9279199999999999,624,4,0
2024-06-11 17:50:00,1.92791,1.92791,1.9274,1.9274900000000001,663,3,0
2024-06-11 17:55:00,1.9274900000000001,1.9275799999999998,1.92725,1.92747,735,6,0
2024-06-11 18:00:00,1.92747,1.9278499999999998,1.9274499999999999,1.92759,664,3,0
2024-06-11 18:05:00,1.9276,1.92788,1.92741,1.9277600000000001,830,6,0
2024-06-11 18:10:00,1.9277600000000001,1.92794,1.9276,1.9276499999999999,650,7,0
2024-06-11 18:15:00,1.9276499999999999,1.92773,1.9273,1.9275,732,6,0
2024-06-11 18:20:00,1.9275,1.92777,1.92746,1.92763,675,6,0
2024-06-11 18:25:00,1.92763,1.92766,1.9275,1.92759,693,7,0
2024-06-11 18:30:00,1.92759,1.9276499999999999,1.92732,1.92753,788,8,0
2024-06-11 18:35:00,1.92753,1.92775,1.92748,1.92775,778,6,0
2024-06-11 18:40:00,1.92775,1.92828,1.9275,1.92825,491,4,0
2024-06-11 18:45:00,1.92825,1.92829,1.928,1.9281700000000002,340,2,0
2024-06-11 18:50:00,1.92814,1.92823,1.9279899999999999,1.92808,532,6,0
2024-06-11 18:55:00,1.92808,1.9281199999999998,1.9279,1.92801,701,6,0
2024-06-11 19:00:00,1.928,1.9280599999999999,1.92775,1.92795,719,3,0
2024-06-11 19:05:00,1.92795,1.92825,1.92789,1.92814,588,5,0
2024-06-11 19:10:00,1.92814,1.92838,1.92814,1.92828,666,8,0
2024-06-11 19:15:00,1.92827,1.92834,1.92805,1.92823,585,3,0
2024-06-11 19:20:00,1.92823,1.9284400000000002,1.9281000000000001,1.92815,544,2,0
2024-06-11 19:25:00,1.92815,1.92839,1.92813,1.92834,398,7,0
2024-06-11 19:30:00,1.92835,1.9287999999999998,1.92828,1.92863,601,7,0
2024-06-11 19:35:00,1.92862,1.92873,1.92842,1.92859,535,7,0
2024-06-11 19:40:00,1.9285700000000001,1.9286400000000001,1.92828,1.92852,538,3,0
2024-06-11 19:45:00,1.92852,1.92884,1.92848,1.9287100000000001,524,7,0
2024-06-11 19:50:00,1.9287,1.92872,1.92828,1.9283299999999999,658,7,0
2024-06-11 19:55:00,1.9283299999999999,1.92836,1.9279600000000001,1.92829,622,3,0
2024-06-11 20:00:00,1.92829,1.92841,1.9281700000000002,1.9281700000000002,375,3,0
2024-06-11 20:05:00,1.9281700000000002,1.92845,1.92815,1.92835,335,9,0
2024-06-11 20:10:00,1.92835,1.92843,1.9281199999999998,1.92828,178,6,0
2024-06-11 20:15:00,1.9283000000000001,1.92836,1.92804,1.9281199999999998,138,3,0
2024-06-11 20:20:00,1.92813,1.92815,1.9277600000000001,1.92778,129,5,0
2024-06-11 20:25:00,1.92778,1.9278,1.9276900000000001,1.9277600000000001,90,7,0
2024-06-11 20:30:00,1.92775,1.9277600000000001,1.92761,1.92763,71,9,0
2024-06-11 20:35:00,1.92768,1.9278300000000002,1.92766,1.92775,70,11,0
2024-06-11 20:40:00,1.92775,1.92798,1.9277,1.92797,124,7,0
2024-06-11 20:45:00,1.92797,1.9282599999999999,1.92797,1.9281700000000002,109,7,0
2024-06-11 20:50:00,1.9281700000000002,1.9284599999999998,1.9279899999999999,1.92824,153,0,0
2024-06-11 20:55:00,1.92824,1.92858,1.92824,1.92839,215,1,0
2024-06-11 21:00:00,1.92836,1.92836,1.92544,1.92669,17,22,0
2024-06-11 21:05:00,1.92669,1.92699,1.92635,1.92635,30,161,0
2024-06-11 21:10:00,1.92635,1.92788,1.92635,1.92752,67,80,0
2024-06-11 21:15:00,1.92752,1.92828,1.92725,1.92828,56,58,0
2024-06-11 21:20:00,1.92818,1.92827,1.92729,1.92754,43,54,0
2024-06-11 21:25:00,1.92754,1.92773,1.92734,1.92734,42,61,0
2024-06-11 21:30:00,1.9273500000000001,1.9277600000000001,1.9273500000000001,1.9275799999999998,55,69,0
2024-06-11 21:35:00,1.92761,1.9279199999999999,1.92746,1.9279,42,59,0
2024-06-11 21:40:00,1.9277600000000001,1.92823,1.9276200000000001,1.92815,52,41,0
2024-06-11 21:45:00,1.92814,1.92816,1.9278499999999998,1.92787,48,49,0
2024-06-11 21:50:00,1.92787,1.92816,1.92786,1.92813,29,58,0
2024-06-11 21:55:00,1.92813,1.92836,1.92795,1.92823,38,50,0
2024-06-11 22:00:00,1.92827,1.92855,1.92801,1.92834,163,0,0
2024-06-11 22:05:00,1.92834,1.92845,1.92831,1.92835,28,6,0
2024-06-11 22:10:00,1.92835,1.92843,1.92829,1.9283700000000001,35,8,0
2024-06-11 22:15:00,1.92835,1.92843,1.92827,1.92829,33,15,0
2024-06-11 22:20:00,1.92829,1.92836,1.9282599999999999,1.92831,31,13,0
2024-06-11 22:25:00,1.9283299999999999,1.92849,1.92827,1.92849,43,12,0
2024-06-11 22:30:00,1.92852,1.9285299999999999,1.9281199999999998,1.92818,57,13,0
2024-06-11 22:35:00,1.92818,1.92821,1.92811,1.9281899999999998,38,15,0
2024-06-11 22:40:00,1.9281899999999998,1.9281899999999998,1.9281199999999998,1.92813,26,16,0
2024-06-11 22:45:00,1.92813,1.92821,1.92811,1.9281199999999998,23,13,0
2024-06-11 22:50:00,1.9281199999999998,1.9281199999999998,1.9279600000000001,1.92797,28,15,0
2024-06-11 22:55:00,1.92797,1.928,1.92795,1.92795,21,14,0
2024-06-11 23:00:00,1.92795,1.9281000000000001,1.92795,1.92804,39,11,0
2024-06-11 23:05:00,1.9280599999999999,1.9280599999999999,1.92791,1.9279199999999999,31,10,0
2024-06-11 23:10:00,1.92793,1.9279600000000001,1.92775,1.92775,32,9,0
2024-06-11 23:15:00,1.92773,1.92773,1.92755,1.92761,44,10,0
2024-06-11 23:20:00,1.92761,1.92771,1.92761,1.9276900000000001,30,11,0
2024-06-11 23:25:00,1.9276900000000001,1.9276900000000001,1.92733,1.92736,66,6,0
2024-06-11 23:30:00,1.92736,1.92784,1.92734,1.92779,159,2,0
2024-06-11 23:35:00,1.92779,1.92781,1.92759,1.9277,49,9,0
2024-06-11 23:40:00,1.9276900000000001,1.9277199999999999,1.92754,1.92759,108,8,0
2024-06-11 23:45:00,1.92759,1.92775,1.92748,1.9276499999999999,185,4,0
2024-06-11 23:50:00,1.9276499999999999,1.92782,1.92759,1.92775,232,0,0
2024-06-11 23:55:00,1.92775,1.9281199999999998,1.92766,1.92802,297,0,0
2024-06-12 00:00:00,1.92802,1.92822,1.9277199999999999,1.9277600000000001,628,0,0
2024-06-12 00:05:00,1.9277600000000001,1.9278300000000002,1.9273500000000001,1.92752,382,1,0
2024-06-12 00:10:00,1.92753,1.92775,1.92747,1.92755,334,3,0
2024-06-12 00:15:00,1.92755,1.9278499999999998,1.92752,1.9276900000000001,308,0,0
2024-06-12 00:20:00,1.92768,1.92786,1.9275799999999998,1.9275799999999998,185,4,0
2024-06-12 00:25:00,1.9275799999999998,1.92764,1.92733,1.92748,320,1,0
2024-06-12 00:30:00,1.92748,1.92766,1.92733,1.92744,363,4,0
2024-06-12 00:35:00,1.92744,1.92789,1.92739,1.92789,180,2,0
2024-06-12 00:40:00,1.92789,1.9283299999999999,1.92777,1.92824,256,2,0
2024-06-12 00:45:00,1.92824,1.92845,1.92794,1.9283700000000001,421,0,0
2024-06-12 00:50:00,1.9283700000000001,1.93005,1.92816,1.9300000000000002,721,0,0
2024-06-12 00:55:00,1.92999,1.9300000000000002,1.92937,1.92942,468,1,0
2024-06-12 01:00:00,1.92942,1.92963,1.92855,1.92856,557,4,0
2024-06-12 01:05:00,1.92856,1.9287,1.92827,1.9284599999999998,518,1,0
2024-06-12 01:10:00,1.9284599999999998,1.92852,1.92823,1.9283700000000001,456,2,0
2024-06-12 01:15:00,1.9283700000000001,1.92858,1.9282,1.9283000000000001,519,1,0
2024-06-12 01:20:00,1.9283000000000001,1.9285999999999999,1.9281899999999998,1.92831,587,0,0
2024-06-12 01:25:00,1.9283000000000001,1.9286400000000001,1.92807,1.9281199999999998,405,3,0
2024-06-12 01:30:00,1.9281199999999998,1.92829,1.9272200000000002,1.92723,645,2,0
2024-06-12 01:35:00,1.92723,1.9275,1.92706,1.92747,760,3,0
2024-06-12 01:40:00,1.92747,1.9277,1.9270100000000001,1.92714,658,1,0
2024-06-12 01:45:00,1.92714,1.92734,1.92662,1.92683,664,1,0
2024-06-12 01:50:00,1.9268399999999999,1.9268800000000001,1.92544,1.9256,756,1,0
2024-06-12 01:55:00,1.9256,1.9260199999999998,1.92543,1.92581,630,2,0
2024-06-12 02:00:00,1.92581,1.9264299999999999,1.92556,1.9263599999999999,437,0,0
2024-06-12 02:05:00,1.9263599999999999,1.9271500000000001,1.9262899999999998,1.9270399999999999,344,0,0
2024-06-12 02:10:00,1.9270399999999999,1.9273799999999999,1.9269699999999998,1.92717,358,0,0
2024-06-12 02:15:00,1.92717,1.92725,1.92692,1.92699,413,3,0
2024-06-12 02:20:00,1.92699,1.92718,1.92666,1.92673,431,0,0
2024-06-12 02:25:00,1.92675,1.92678,1.92621,1.92653,506,0,0
2024-06-12 02:30:00,1.9265400000000001,1.9268,1.9263400000000002,1.92653,445,3,0
2024-06-12 02:35:00,1.92652,1.92699,1.92651,1.9269699999999998,423,0,0
2024-06-12 02:40:00,1.9269699999999998,1.92699,1.92659,1.92683,325,0,0
2024-06-12 02:45:00,1.92683,1.92694,1.9264299999999999,1.92657,296,0,0
2024-06-12 02:50:00,1.92657,1.92669,1.92592,1.92607,281,1,0
2024-06-12 02:55:00,1.92607,1.92628,1.92587,1.92628,280,0,0
2024-06-12 03:00:00,1.92628,1.92637,1.92599,1.92626,404,0,0
2024-06-12 03:05:00,1.92626,1.92655,1.92605,1.9264999999999999,283,0,0
2024-06-12 03:10:00,1.9264999999999999,1.9268800000000001,1.9264000000000001,1.9268800000000001,408,1,0
2024-06-12 03:15:00,1.92687,1.9268999999999998,1.92635,1.92639,434,3,0
2024-06-12 03:20:00,1.92639,1.92646,1.92614,1.92642,450,1,0
2024-06-12 03:25:00,1.92639,1.92642,1.92585,1.92603,343,4,0
2024-06-12 03:30:00,1.92603,1.92611,1.9257900000000001,1.92605,320,5,0
2024-06-12 03:35:00,1.92605,1.9261300000000001,1.92583,1.9259300000000001,204,0,0
2024-06-12 03:40:00,1.9259300000000001,1.92611,1.9258600000000001,1.9260199999999998,257,0,0
2024-06-12 03:45:00,1.92601,1.92614,1.9259,1.92606,206,0,0
2024-06-12 03:50:00,1.92608,1.92615,1.92595,1.92605,166,0,0
2024-06-12 03:55:00,1.92605,1.92611,1.92584,1.9258600000000001,209,2,0
2024-06-12 04:00:00,1.92585,1.9259300000000001,1.9257300000000002,1.92578,269,4,0
2024-06-12 04:05:00,1.92578,1.92611,1.92577,1.9260199999999998,223,4,0
2024-06-12 04:10:00,1.9260199999999998,1.92617,1.92594,1.9260000000000002,197,3,0
2024-06-12 04:15:00,1.9260000000000002,1.92642,1.92595,1.92632,207,3,0
2024-06-12 04:20:00,1.92632,1.92642,1.9260199999999998,1.9261599999999999,216,1,0
2024-06-12 04:25:00,1.9261599999999999,1.9263599999999999,1.9261599999999999,1.9263,161,3,0
2024-06-12 04:30:00,1.92631,1.9264299999999999,1.92618,1.9262700000000001,202,2,0
2024-06-12 04:35:00,1.9262700000000001,1.92628,1.9260899999999999,1.92622,232,3,0
2024-06-12 04:40:00,1.92622,1.92622,1.92591,1.92591,156,0,0
2024-06-12 04:45:00,1.92591,1.92598,1.92581,1.92592,151,3,0
2024-06-12 04:50:00,1.92592,1.92607,1.9258899999999999,1.92606,115,0,0
2024-06-12 04:55:00,1.92606,1.92639,1.92605,1.92637,106,3,0
2024-06-12 05:00:00,1.92637,1.92665,1.9262700000000001,1.92657,279,0,0
2024-06-12 05:05:00,1.92656,1.9266,1.92606,1.92625,291,4,0
2024-06-12 05:10:00,1.92625,1.92631,1.92592,1.92592,157,0,0
2024-06-12 05:15:00,1.9259300000000001,1.92607,1.9257900000000001,1.92592,219,3,0
2024-06-12 05:20:00,1.92592,1.92597,1.9254799999999999,1.9255499999999999,236,0,0
2024-06-12 05:25:00,1.9255499999999999,1.92567,1.92523,1.9253200000000001,182,3,0
2024-06-12 05:30:00,1.9253200000000001,1.92534,1.92447,1.9246699999999999,373,0,0
2024-06-12 05:35:00,1.92465,1.9252099999999999,1.92463,1.92517,268,4,0
2024-06-12 05:40:00,1.92517,1.9253900000000002,1.92511,1.92513,394,4,0
2024-06-12 05:45:00,1.92513,1.92543,1.92509,1.92537,339,3,0
2024-06-12 05:50:00,1.92535,1.9256600000000001,1.92526,1.9253,411,0,0
2024-06-12 05:55:00,1.9253,1.92567,1.92508,1.9253,276,0,0
2024-06-12 06:00:00,1.9253900000000002,1.92632,1.92468,1.9258,718,0,0
2024-06-12 06:05:00,1.9258,1.92585,1.9255200000000001,1.92577,503,1,0
2024-06-12 06:10:00,1.92577,1.92637,1.9255900000000001,1.92618,486,4,0
2024-06-12 06:15:00,1.92618,1.9262700000000001,1.92546,1.9256,437,0,0
2024-06-12 06:20:00,1.9256,1.92588,1.9253900000000002,1.92565,670,0,0
2024-06-12 06:25:00,1.9256600000000001,1.92572,1.92513,1.9255,481,0,0
2024-06-12 06:30:00,1.9255,1.92558,1.92483,1.92522,802,0,0
2024-06-12 06:35:00,1.92522,1.92545,1.9251200000000002,1.92529,677,2,0
2024-06-12 06:40:00,1.92529,1.92569,1.92517,1.92535,514,0,0
2024-06-12 06:45:00,1.92535,1.9256799999999998,1.92526,1.9252799999999999,632,0,0
2024-06-12 06:50:00,1.9252799999999999,1.92594,1.92522,1.92569,711,1,0
2024-06-12 06:55:00,1.92569,1.92714,1.9255900000000001,1.92699,883,1,0
2024-06-12 07:00:00,1.92699,1.92721,1.9266299999999998,1.9267400000000001,711,0,0
2024-06-12 07:05:00,1.9267400000000001,1.92728,1.92641,1.92718,612,0,0
2024-06-12 07:10:00,1.92718,1.9274499999999999,1.9269500000000002,1.92723,747,0,0
2024-06-12 07:15:00,1.92721,1.92763,1.92705,1.9273799999999999,799,0,0
2024-06-12 07:20:00,1.9273799999999999,1.92808,1.9273,1.92795,698,3,0
2024-06-12 07:25:00,1.92797,1.9283700000000001,1.9275600000000002,1.9275799999999998,759,0,0
2024-06-12 07:30:00,1.9276,1.9277600000000001,1.92719,1.92761,755,2,0
2024-06-12 07:35:00,1.9276200000000001,1.92771,1.9271099999999999,1.92728,568,0,0
2024-06-12 07:40:00,1.92728,1.92754,1.92699,1.92707,603,4,0
2024-06-12 07:45:00,1.92707,1.9274200000000001,1.9267400000000001,1.92741,367,4,0
2024-06-12 07:50:00,1.92741,1.92744,1.92653,1.9268800000000001,437,0,0
2024-06-12 07:55:00,1.9268800000000001,1.9273500000000001,1.92682,1.927,544,0,0
2024-06-12 08:00:00,1.9270100000000001,1.92728,1.9268999999999998,1.9270399999999999,877,5,0
2024-06-12 08:05:00,1.9270399999999999,1.9282,1.92703,1.92798,781,0,0
2024-06-12 08:10:00,1.92798,1.92809,1.9276,1.92788,476,6,0
2024-06-12 08:15:00,1.92787,1.928,1.92741,1.92754,698,4,0
2024-06-12 08:20:00,1.92754,1.92809,1.92746,1.928,596,0,0
2024-06-12 08:25:00,1.92798,1.92839,1.92771,1.9283299999999999,608,0,0
2024-06-12 08:30:00,1.9283299999999999,1.92885,1.92827,1.9287999999999998,529,1,0
2024-06-12 08:35:00,1.92881,1.92927,1.9287100000000001,1.92888,519,1,0
2024-06-12 08:40:00,1.92888,1.92903,1.92862,1.92888,563,4,0
2024-06-12 08:45:00,1.92888,1.92888,1.92834,1.92856,555,4,0
2024-06-12 08:50:00,1.9285700000000001,1.92904,1.92855,1.92896,538,0,0
2024-06-12 08:55:00,1.92895,1.9292799999999999,1.92874,1.9292799999999999,592,4,0
2024-06-12 09:00:00,1.9292799999999999,1.92943,1.92858,1.92858,702,2,0
2024-06-12 09:05:00,1.92858,1.9286699999999999,1.92821,1.92831,720,0,0
2024-06-12 09:10:00,1.92831,1.92834,1.92788,1.92805,637,2,0
2024-06-12 09:15:00,1.92805,1.92828,1.92791,1.9280300000000001,495,0,0
2024-06-12 09:20:00,1.9280300000000001,1.9286699999999999,1.9280300000000001,1.92821,473,1,0
2024-06-12 09:25:00,1.92821,1.92827,1.9279899999999999,1.92814,560,0,0
2024-06-12 09:30:00,1.92814,1.9283700000000001,1.9279600000000001,1.92827,699,1,0
2024-06-12 09:35:00,1.92827,1.9283700000000001,1.92805,1.92822,653,7,0
2024-06-12 09:40:00,1.92822,1.92834,1.9279899999999999,1.92821,393,4,0
2024-06-12 09:45:00,1.92821,1.92832,1.92808,1.92811,525,3,0
2024-06-12 09:50:00,1.9281199999999998,1.92845,1.92807,1.92832,324,3,0
2024-06-12 09:55:00,1.92832,1.92862,1.92829,1.9284599999999998,494,0,0
2024-06-12 10:00:00,1.9284599999999998,1.9285299999999999,1.9281899999999998,1.92836,587,2,0
2024-06-12 10:05:00,1.92836,1.9285299999999999,1.92809,1.92825,437,3,0
2024-06-12 10:10:00,1.92825,1.9287,1.92807,1.92869,496,1,0
2024-06-12 10:15:00,1.9287,1.9289800000000001,1.92868,1.92876,379,2,0
2024-06-12 10:20:00,1.92876,1.9291,1.92876,1.9289,440,2,0
2024-06-12 10:25:00,1.9289,1.92895,1.92849,1.92859,439,3,0
2024-06-12 10:30:00,1.92859,1.92876,1.9283000000000001,1.9284400000000002,406,2,0
2024-06-12 10:35:00,1.9284400000000002,1.9287999999999998,1.92838,1.9287100000000001,297,2,0
2024-06-12 10:40:00,1.9287100000000001,1.92892,1.92856,1.9287100000000001,416,0,0
2024-06-12 10:45:00,1.9287100000000001,1.92893,1.92861,1.92886,419,0,0
2024-06-12 10:50:00,1.92886,1.92906,1.92861,1.92868,426,3,0
2024-06-12 10:55:00,1.92868,1.92938,1.92847,1.92919,466,3,0
2024-06-12 11:00:00,1.92919,1.92963,1.92896,1.92956,613,2,0
2024-06-12 11:05:00,1.92956,1.93019,1.92949,1.92985,759,3,0
2024-06-12 11:10:00,1.9298199999999999,1.93001,1.92963,1.92997,734,3,0
2024-06-12 11:15:00,1.92997,1.9301300000000001,1.9297499999999999,1.92981,532,3,0
2024-06-12 11:20:00,1.92981,1.92992,1.92951,1.92953,573,0,0
2024-06-12 11:25:00,1.92953,1.92953,1.92893,1.92903,746,2,0
2024-06-12 11:30:00,1.92902,1.92923,1.92888,1.9291399999999999,656,1,0
2024-06-12 11:35:00,1.9291399999999999,1.92985,1.92899,1.92985,523,0,0
2024-06-12 11:40:00,1.92985,1.93003,1.92963,1.92965,483,3,0
2024-06-12 11:45:00,1.92965,1.92971,1.92926,1.92969,542,2,0
2024-06-12 11:50:00,1.92969,1.92997,1.9296,1.92962,393,2,0
2024-06-12 11:55:00,1.92962,1.92969,1.92924,1.9295200000000001,582,0,0
2024-06-12 12:00:00,1.9295200000000001,1.9297499999999999,1.92929,1.92963,924,0,0
2024-06-12 12:05:00,1.92963,1.92992,1.92956,1.9295900000000001,544,0,0
2024-06-12 12:10:00,1.92961,1.92964,1.9289,1.9289800000000001,582,0,0
2024-06-12 12:15:00,1.9289800000000001,1.92923,1.92856,1.92862,540,2,0
2024-06-12 12:20:00,1.92862,1.92977,1.92854,1.9296600000000002,676,0,0
2024-06-12 12:25:00,1.9296600000000002,1.93045,1.92935,1.9298600000000001,803,0,0
2024-06-12 12:30:00,1.92977,1.92977,1.91902,1.9217499999999998,3741,0,0
2024-06-12 12:35:00,1.92177,1.92299,1.92138,1.92272,2920,0,0
2024-06-12 12:40:00,1.92272,1.92319,1.92217,1.92251,2456,0,0
2024-06-12 12:45:00,1.92253,1.9233099999999999,1.92177,1.92207,2487,1,0
2024-06-12 12:50:00,1.92206,1.92258,1.92172,1.92208,2038,2,0
2024-06-12 12:55:00,1.92207,1.92224,1.9211,1.92174,1883,0,0
2024-06-12 13:00:00,1.9217499999999998,1.92231,1.92111,1.9213,2102,0,0
2024-06-12 13:05:00,1.92134,1.92269,1.92129,1.92237,1779,0,0
2024-06-12 13:10:00,1.9223599999999998,1.9226999999999999,1.92192,1.92228,1732,0,0
2024-06-12 13:15:00,1.92228,1.92319,1.92221,1.92253,1731,0,0
2024-06-12 13:20:00,1.9224700000000001,1.92255,1.9214799999999999,1.92156,1376,0,0
2024-06-12 13:25:00,1.92156,1.92169,1.92011,1.92015,1604,0,0
2024-06-12 13:30:00,1.92016,1.92086,1.91973,1.9198300000000001,1570,0,0
2024-06-12 13:35:00,1.9198300000000001,1.9208699999999999,1.91966,1.92025,1965,0,0
2024-06-12 13:40:00,1.92027,1.9204599999999998,1.91842,1.91887,1708,0,0
2024-06-12 13:45:00,1.91876,1.91997,1.91875,1.91941,1790,0,0
2024-06-12 13:50:00,1.91941,1.9195,1.9184,1.91883,1668,0,0
2024-06-12 13:55:00,1.91879,1.9188399999999999,1.91763,1.91776,1630,0,0
2024-06-12 14:00:00,1.91777,1.92038,1.9177499999999998,1.92028,1727,0,0
2024-06-12 14:05:00,1.9202599999999999,1.92049,1.91961,1.91968,1540,0,0
2024-06-12 14:10:00,1.91968,1.91995,1.91867,1.9188399999999999,1278,2,0
2024-06-12 14:15:00,1.91886,1.91906,1.91776,1.9178899999999999,1071,0,0
2024-06-12 14:20:00,1.9178899999999999,1.9186999999999999,1.9177499999999998,1.91869,984,1,0
2024-06-12 14:25:00,1.91869,1.91933,1.91826,1.91909,936,0,0
2024-06-12 14:30:00,1.91909,1.9193099999999998,1.91794,1.9183,1503,0,0
2024-06-12 14:35:00,1.91831,1.91948,1.91829,1.91919,1278,0,0
2024-06-12 14:40:00,1.91919,1.91959,1.91887,1.9190800000000001,1612,0,0
2024-06-12 14:45:00,1.9190800000000001,1.91912,1.9182700000000001,1.91876,1415,0,0
2024-06-12 14:50:00,1.91878,1.91968,1.91875,1.9191,1473,0,0
2024-06-12 14:55:00,1.9191,1.91913,1.91806,1.91864,953,0,0
2024-06-12 15:00:00,1.91864,1.9189,1.91814,1.91839,1199,0,0
2024-06-12 15:05:00,1.91838,1.91844,1.9177499999999998,1.9182299999999999,1138,0,0
2024-06-12 15:10:00,1.9182299999999999,1.9182700000000001,1.9174099999999998,1.9177300000000002,883,1,0
2024-06-12 15:15:00,1.91774,1.91783,1.9163000000000001,1.9164400000000001,982,0,0
2024-06-12 15:20:00,1.9164400000000001,1.91649,1.91564,1.91571,1140,3,0
2024-06-12 15:25:00,1.91571,1.91672,1.91571,1.91641,898,0,0
2024-06-12 15:30:00,1.91641,1.91695,1.91634,1.91679,933,0,0
2024-06-12 15:35:00,1.91672,1.9167800000000002,1.9162599999999999,1.91676,1007,1,0
2024-06-12 15:40:00,1.91676,1.91697,1.9166699999999999,1.9167999999999998,851,2,0
2024-06-12 15:45:00,1.9167999999999998,1.91704,1.91631,1.91631,1054,6,0
2024-06-12 15:50:00,1.91631,1.91635,1.91594,1.91605,844,0,0
2024-06-12 15:55:00,1.9160599999999999,1.91658,1.91597,1.91655,724,2,0
2024-06-12 16:00:00,1.91655,1.91682,1.9163700000000001,1.91656,1046,2,0
2024-06-12 16:05:00,1.91656,1.9167,1.91593,1.9163700000000001,887,0,0
2024-06-12 16:10:00,1.9163999999999999,1.91656,1.91607,1.91621,764,1,0
2024-06-12 16:15:00,1.9161899999999998,1.91676,1.9161899999999998,1.9167399999999999,816,0,0
2024-06-12 16:20:00,1.9167399999999999,1.9171399999999998,1.91666,1.9169399999999999,719,5,0
2024-06-12 16:25:00,1.91695,1.9176199999999999,1.9169,1.9176199999999999,793,2,0
2024-06-12 16:30:00,1.9176199999999999,1.91785,1.9173200000000001,1.9173499999999999,748,2,0
2024-06-12 16:35:00,1.91734,1.91747,1.9171,1.91722,766,0,0
2024-06-12 16:40:00,1.91722,1.9172500000000001,1.91699,1.91715,756,0,0
2024-06-12 16:45:00,1.91715,1.9175200000000001,1.91706,1.91733,707,3,0
2024-06-12 16:50:00,1.91733,1.91753,1.9169100000000001,1.9171200000000002,801,3,0
2024-06-12 16:55:00,1.91711,1.91731,1.9168500000000002,1.91697,1098,3,0
2024-06-12 17:00:00,1.91697,1.9174,1.9169399999999999,1.9172500000000001,947,1,0
2024-06-12 17:05:00,1.91724,1.91734,1.9169399999999999,1.91708,779,3,0
2024-06-12 17:10:00,1.91708,1.91715,1.9167,1.9170099999999999,663,1,0
2024-06-12 17:15:00,1.9170099999999999,1.91722,1.9169,1.91713,587,3,0
2024-06-12 17:20:00,1.91713,1.91743,1.9170500000000001,1.91729,482,2,0
2024-06-12 17:25:00,1.9172799999999999,1.91749,1.9171200000000002,1.91745,528,0,0
2024-06-12 17:30:00,1.91744,1.91787,1.9173499999999999,1.9174799999999999,833,0,0
2024-06-12 17:35:00,1.91749,1.91764,1.91717,1.91749,743,0,0
2024-06-12 17:40:00,1.91749,1.91797,1.91738,1.91771,646,2,0
2024-06-12 17:45:00,1.91771,1.9179599999999999,1.91768,1.9178199999999999,749,4,0
2024-06-12 17:50:00,1.91781,1.91788,1.91751,1.91767,952,4,0
2024-06-12 17:55:00,1.91767,1.9177499999999998,1.91598,1.91614,836,3,0
2024-06-12 18:00:00,1.91546,1.92103,1.91526,1.91964,3655,4,0
2024-06-12 18:05:00,1.91964,1.92001,1.91925,1.9194499999999999,2481,0,0
2024-06-12 18:10:00,1.9194499999999999,1.91996,1.91916,1.9194,2036,0,0
2024-06-12 18:15:00,1.9194200000000001,1.91968,1.919,1.91919,1664,0,0
2024-06-12 18:20:00,1.91919,1.91933,1.919,1.91923,1429,0,0
2024-06-12 18:25:00,1.9192200000000001,1.91928,1.9178199999999999,1.91792,1288,0,0
2024-06-12 18:30:00,1.91792,1.91947,1.9175900000000001,1.91846,3038,0,0
2024-06-12 18:35:00,1.91844,1.9196,1.9175499999999999,1.9175900000000001,3263,0,0
2024-06-12 18:40:00,1.9176,1.91991,1.91711,1.9191,3076,0,0
2024-06-12 18:45:00,1.91916,1.9202,1.91907,1.91961,3230,0,0
2024-06-12 18:50:00,1.91962,1.92059,1.9189500000000002,1.92018,2673,0,0
2024-06-12 18:55:00,1.9201899999999998,1.9203700000000001,1.91879,1.91962,2679,0,0
2024-06-12 19:00:00,1.91962,1.9203700000000001,1.91951,1.92015,1991,2,0
2024-06-12 19:05:00,1.92015,1.92085,1.91993,1.92039,1797,0,0
2024-06-12 19:10:00,1.92039,1.9207800000000002,1.92014,1.92039,1669,1,0
2024-06-12 19:15:00,1.92041,1.92076,1.9201000000000001,1.92028,1517,0,0
2024-06-12 19:20:00,1.92031,1.9213200000000001,1.92,1.92117,1612,3,0
2024-06-12 19:25:00,1.92118,1.92177,1.9206699999999999,1.9217,2143,0,0
2024-06-12 19:30:00,1.9217,1.92211,1.92116,1.92123,1752,0,0
2024-06-12 19:35:00,1.92119,1.9218199999999999,1.92075,1.92169,1938,2,0
2024-06-12 19:40:00,1.9217,1.92205,1.9213200000000001,1.92145,1723,4,0
2024-06-12 19:45:00,1.92146,1.9219300000000001,1.9212500000000001,1.92181,1535,3,0
2024-06-12 19:50:00,1.92181,1.92221,1.92158,1.92207,1421,0,0
2024-06-12 19:55:00,1.92207,1.9223400000000002,1.92156,1.92164,1142,3,0
2024-06-12 20:00:00,1.92164,1.9218199999999999,1.9213200000000001,1.92143,597,5,0
2024-06-12 20:05:00,1.92143,1.92154,1.9212,1.92131,365,7,0
2024-06-12 20:10:00,1.9213,1.92138,1.9211,1.92131,269,6,0
2024-06-12 20:15:00,1.9213200000000001,1.92133,1.9205100000000002,1.92075,533,2,0
2024-06-12 20:20:00,1.92075,1.9212500000000001,1.9207,1.9212500000000001,348,4,0
2024-06-12 20:25:00,1.92124,1.92136,1.9210500000000001,1.9212500000000001,274,4,0
2024-06-12 20:30:00,1.9212500000000001,1.92129,1.92073,1.92081,129,10,0
2024-06-12 20:35:00,1.92081,1.92089,1.92063,1.92079,117,9,0
2024-06-12 20:40:00,1.92077,1.92099,1.92069,1.92086,128,7,0
2024-06-12 20:45:00,1.92086,1.92086,1.9203999999999999,1.92056,112,7,0
2024-06-12 20:50:00,1.92056,1.92086,1.92056,1.92084,110,11,0
2024-06-12 20:55:00,1.92084,1.92095,1.9205299999999998,1.92056,157,2,0
2024-06-12 21:00:00,1.9200599999999999,1.9200599999999999,1.9178600000000001,1.91955,36,101,0
2024-06-12 21:05:00,1.91955,1.92061,1.9180700000000002,1.92032,59,67,0
2024-06-12 21:10:00,1.92032,1.92093,1.92005,1.92005,66,59,0
2024-06-12 21:15:00,1.92008,1.92011,1.91995,1.91998,85,72,0
2024-06-12 21:20:00,1.91998,1.91998,1.9199000000000002,1.9199000000000002,32,82,0
2024-06-12 21:25:00,1.91989,1.91996,1.91989,1.91994,13,85,0
2024-06-12 21:30:00,1.91994,1.92008,1.91994,1.91994,12,72,0
2024-06-12 21:35:00,1.91994,1.92016,1.91917,1.91941,112,60,0
2024-06-12 21:40:00,1.91941,1.92016,1.91916,1.92002,118,52,0
2024-06-12 21:45:00,1.92002,1.92048,1.91994,1.92027,50,53,0
2024-06-12 21:50:00,1.92027,1.92042,1.91966,1.92032,86,52,0
2024-06-12 21:55:00,1.92032,1.92083,1.92013,1.9207800000000002,78,0,0
2024-06-12 22:00:00,1.92084,1.9210099999999999,1.91987,1.9207,279,0,0
2024-06-12 22:05:00,1.9207,1.92076,1.92048,1.92057,62,8,0
2024-06-12 22:10:00,1.92057,1.92058,1.92039,1.92043,56,12,0
2024-06-12 22:15:00,1.92043,1.92048,1.92012,1.92032,72,13,0
2024-06-12 22:20:00,1.92032,1.9203700000000001,1.9201000000000001,1.92032,259,10,0
2024-06-12 22:25:00,1.92032,1.9206400000000001,1.9203000000000001,1.9204599999999998,225,7,0
2024-06-12 22:30:00,1.92047,1.92048,1.92011,1.92025,300,4,0
2024-06-12 22:35:00,1.92025,1.9205100000000002,1.92025,1.9203999999999999,160,1,0
2024-06-12 22:40:00,1.9203999999999999,1.92065,1.9203999999999999,1.92062,103,9,0
2024-06-12 22:45:00,1.9205999999999999,1.92096,1.9205999999999999,1.9209100000000001,88,10,0
2024-06-12 22:50:00,1.9209,1.92099,1.92082,1.92093,105,23,0
2024-06-12 22:55:00,1.92093,1.92126,1.9209,1.9210099999999999,156,25,0
2024-06-12 23:00:00,1.92104,1.92123,1.9207800000000002,1.92107,213,8,0
2024-06-12 23:05:00,1.92107,1.9211,1.9207800000000002,1.92083,273,7,0
2024-06-12 23:10:00,1.92083,1.9209,1.9203299999999999,1.92055,199,7,0
2024-06-12 23:15:00,1.92055,1.9206400000000001,1.92005,1.92008,170,6,0
2024-06-12 23:20:00,1.92008,1.92024,1.9196900000000001,1.91977,248,1,0
2024-06-12 23:25:00,1.91977,1.91988,1.91943,1.91978,171,14,0
2024-06-12 23:30:00,1.9197600000000001,1.92009,1.91974,1.91998,217,8,0
2024-06-12 23:35:00,1.91998,1.92085,1.91998,1.92082,196,11,0
2024-06-12 23:40:00,1.92082,1.92085,1.9206400000000001,1.92074,191,8,0
2024-06-12 23:45:00,1.92074,1.9211,1.9206400000000001,1.92106,264,8,0
2024-06-12 23:50:00,1.92106,1.92115,1.92074,1.9208699999999999,379,3,0
2024-06-12 23:55:00,1.92086,1.9208699999999999,1.92034,1.92034,312,1,0
2024-06-13 00:00:00,1.92034,1.92042,1.91998,1.92032,642,1,0
2024-06-13 00:05:00,1.92032,1.9205,1.91989,1.92005,588,0,0
2024-06-13 00:10:00,1.92005,1.9204599999999998,1.91996,1.9204599999999998,487,3,0
2024-06-13 00:15:00,1.9204599999999998,1.92076,1.92036,1.92066,575,0,0
2024-06-13 00:20:00,1.92068,1.9209399999999999,1.92048,1.92069,611,1,0
2024-06-13 00:25:00,1.92069,1.92073,1.92036,1.92065,435,2,0
2024-06-13 00:30:00,1.9207,1.9209100000000001,1.92032,1.92047,480,3,0
2024-06-13 00:35:00,1.92047,1.92115,1.9204400000000001,1.92106,333,0,0
2024-06-13 00:40:00,1.92106,1.92143,1.9209800000000001,1.92134,451,4,0
2024-06-13 00:45:00,1.92135,1.92179,1.9212,1.9215499999999999,518,1,0
2024-06-13 00:50:00,1.9215499999999999,1.9219,1.92137,1.92188,383,0,0
2024-06-13 00:55:00,1.9218600000000001,1.9222000000000001,1.92165,1.9218600000000001,702,1,0
2024-06-13 01:00:00,1.9218600000000001,1.9221,1.9212099999999999,1.92135,898,0,0
2024-06-13 01:05:00,1.92135,1.92221,1.9212799999999999,1.92217,716,0,0
2024-06-13 01:10:00,1.92217,1.92264,1.9216199999999999,1.9220199999999998,833,0,0
2024-06-13 01:15:00,1.9220199999999998,1.92286,1.92198,1.92225,675,0,0
2024-06-13 01:20:00,1.92225,1.9226,1.92184,1.92187,593,0,0
2024-06-13 01:25:00,1.92187,1.9226,1.9217499999999998,1.92198,613,7,0
2024-06-13 01:30:00,1.92198,1.92225,1.9191500000000001,1.91989,1250,0,0
2024-06-13 01:35:00,1.9199000000000002,1.92137,1.91951,1.92113,1174,0,0
2024-06-13 01:40:00,1.92113,1.9219300000000001,1.921,1.92185,970,1,0
2024-06-13 01:45:00,1.92184,1.9234900000000001,1.9216600000000001,1.92312,973,0,0
2024-06-13 01:50:00,1.9231099999999999,1.9235799999999998,1.92289,1.92318,902,1,0
2024-06-13 01:55:00,1.92318,1.9233,1.92237,1.92291,780,0,0
2024-06-13 02:00:00,1.9229,1.9233,1.9227400000000001,1.92293,579,0,0
2024-06-13 02:05:00,1.9229500000000002,1.9229500000000002,1.92197,1.92221,615,0,0
2024-06-13 02:10:00,1.92222,1.92237,1.92171,1.9218899999999999,624,2,0
2024-06-13 02:15:00,1.9218899999999999,1.92217,1.92171,1.9218199999999999,466,2,0
2024-06-13 02:20:00,1.9218199999999999,1.9222000000000001,1.9218,1.92191,520,5,0
2024-06-13 02:25:00,1.9219,1.9224,1.92174,1.92219,529,0,0
2024-06-13 02:30:00,1.92221,1.92336,1.9221599999999999,1.9231,665,0,0
2024-06-13 02:35:00,1.9231,1.9236499999999999,1.92289,1.9232399999999998,615,0,0
2024-06-13 02:40:00,1.9232200000000002,1.92353,1.92305,1.92325,492,0,0
2024-06-13 02:45:00,1.92325,1.9232900000000002,1.9229500000000002,1.9230800000000001,393,0,0
2024-06-13 02:50:00,1.9230800000000001,1.92318,1.9226100000000002,1.92278,535,0,0
2024-06-13 02:55:00,1.9227699999999999,1.92302,1.9224999999999999,1.92272,563,3,0
2024-06-13 03:00:00,1.92272,1.92302,1.92265,1.92276,467,2,0
2024-06-13 03:05:00,1.92276,1.92299,1.92221,1.92231,371,6,0
2024-06-13 03:10:00,1.9223,1.92248,1.92203,1.9223,347,3,0
2024-06-13 03:15:00,1.92229,1.9223400000000002,1.92201,1.9223400000000002,319,6,0
2024-06-13 03:20:00,1.9223400000000002,1.92289,1.92221,1.92273,386,0,0
2024-06-13 03:25:00,1.92273,1.92294,1.92208,1.92218,557,3,0
2024-06-13 03:30:00,1.92218,1.92222,1.92169,1.92179,467,6,0
2024-06-13 03:35:00,1.92179,1.92196,1.9214,1.92147,372,2,0
2024-06-13 03:40:00,1.92146,1.9215900000000001,1.92126,1.9213,291,5,0
2024-06-13 03:45:00,1.9213200000000001,1.92169,1.9211399999999998,1.92116,411,6,0
2024-06-13 03:50:00,1.92116,1.9212099999999999,1.92047,1.92062,516,1,0
2024-06-13 03:55:00,1.92062,1.92093,1.92056,1.92092,326,3,0
2024-06-13 04:00:00,1.92092,1.92103,1.92068,1.92093,267,3,0
2024-06-13 04:05:00,1.92093,1.9211200000000002,1.92068,1.92104,191,4,0
2024-06-13 04:10:00,1.92104,1.92181,1.92096,1.92168,260,6,0
2024-06-13 04:15:00,1.92169,1.92194,1.9216600000000001,1.92181,207,6,0
2024-06-13 04:20:00,1.92181,1.92204,1.92171,1.9220199999999998,230,6,0
2024-06-13 04:25:00,1.9220199999999998,1.9223,1.92192,1.92211,263,6,0
2024-06-13 04:30:00,1.92211,1.9223,1.92199,1.9221,253,5,0
2024-06-13 04:35:00,1.9221,1.92239,1.92192,1.92228,245,6,0
2024-06-13 04:40:00,1.92228,1.92244,1.92204,1.92224,257,2,0
2024-06-13 04:45:00,1.92224,1.9226,1.92211,1.9224999999999999,290,4,0
2024-06-13 04:50:00,1.9224999999999999,1.92266,1.92235,1.92249,305,2,0
2024-06-13 04:55:00,1.92249,1.92272,1.92238,1.92246,247,0,0
2024-06-13 05:00:00,1.92246,1.9226,1.92218,1.92237,412,3,0
2024-06-13 05:05:00,1.92237,1.92237,1.92199,1.9221599999999999,318,4,0
2024-06-13 05:10:00,1.9221599999999999,1.92237,1.92179,1.92208,357,2,0
2024-06-13 05:15:00,1.92208,1.92251,1.92192,1.92198,399,0,0
2024-06-13 05:20:00,1.92198,1.9220000000000002,1.9214099999999998,1.9216,340,5,0
2024-06-13 05:25:00,1.9216,1.92167,1.92115,1.92138,312,6,0
2024-06-13 05:30:00,1.92138,1.9220899999999999,1.92138,1.92188,502,6,0
2024-06-13 05:35:00,1.92187,1.9218899999999999,1.9215200000000001,1.92177,373,4,0
2024-06-13 05:40:00,1.92177,1.92238,1.92172,1.9223,485,4,0
2024-06-13 05:45:00,1.92231,1.9233,1.92231,1.9232399999999998,570,4,0
2024-06-13 05:50:00,1.92325,1.92381,1.9229699999999998,1.9235799999999998,381,0,0
2024-06-13 05:55:00,1.9236,1.9247100000000001,1.9236,1.9244400000000002,601,1,0
2024-06-13 06:00:00,1.92443,1.92458,1.9233799999999999,1.92348,842,0,0
2024-06-13 06:05:00,1.92348,1.92363,1.92323,1.9235799999999998,1060,4,0
2024-06-13 06:10:00,1.9235799999999998,1.92434,1.92354,1.9241700000000002,692,3,0
2024-06-13 06:15:00,1.9241700000000002,1.92422,1.92373,1.9238,405,3,0
2024-06-13 06:20:00,1.9238,1.9238499999999998,1.92289,1.92326,427,0,0
2024-06-13 06:25:00,1.92326,1.92361,1.92317,1.92352,580,4,0
2024-06-13 06:30:00,1.92352,1.92401,1.9234,1.92374,668,3,0
2024-06-13 06:35:00,1.92375,1.92375,1.92275,1.9231,614,0,0
2024-06-13 06:40:00,1.9231,1.92314,1.92258,1.9226299999999998,467,2,0
2024-06-13 06:45:00,1.9226299999999998,1.92303,1.92258,1.92273,441,0,0
2024-06-13 06:50:00,1.92273,1.9234499999999999,1.92268,1.9231,597,0,0
2024-06-13 06:55:00,1.9231,1.92314,1.92253,1.9226100000000002,509,1,0
2024-06-13 07:00:00,1.9226100000000002,1.92291,1.92217,1.92231,572,3,0
2024-06-13 07:05:00,1.92231,1.9223599999999998,1.92176,1.92199,561,3,0
2024-06-13 07:10:00,1.92199,1.92246,1.92179,1.9224,639,2,0
2024-06-13 07:15:00,1.9224,1.92265,1.92212,1.92212,520,3,0
2024-06-13 07:20:00,1.92212,1.92266,1.9218899999999999,1.92252,632,3,0
2024-06-13 07:25:00,1.92253,1.92262,1.92212,1.9225400000000001,629,0,0
2024-06-13 07:30:00,1.9225400000000001,1.92262,1.9222000000000001,1.92232,610,3,0
2024-06-13 07:35:00,1.92232,1.92276,1.9220199999999998,1.9226100000000002,656,0,0
2024-06-13 07:40:00,1.9226100000000002,1.92275,1.92205,1.92208,526,0,0
2024-06-13 07:45:00,1.92208,1.9222299999999999,1.9218600000000001,1.92218,537,2,0
2024-06-13 07:50:00,1.92218,1.92242,1.92203,1.9221300000000001,418,2,0
2024-06-13 07:55:00,1.9221300000000001,1.92283,1.92212,1.9227400000000001,625,0,0
2024-06-13 08:00:00,1.92273,1.9228100000000001,1.9224700000000001,1.92267,574,4,0
2024-06-13 08:05:00,1.92267,1.92319,1.92267,1.92313,576,4,0
2024-06-13 08:10:00,1.92313,1.92355,1.92301,1.92348,540,2,0
2024-06-13 08:15:00,1.92348,1.92389,1.92314,1.92314,630,6,0
2024-06-13 08:20:00,1.92314,1.92355,1.92313,1.9234499999999999,577,6,0
2024-06-13 08:25:00,1.9234499999999999,1.92415,1.92336,1.92408,554,3,0
2024-06-13 08:30:00,1.92408,1.92429,1.9239199999999999,1.92421,643,3,0
2024-06-13 08:35:00,1.92421,1.9246699999999999,1.92415,1.9243700000000001,477,0,0
2024-06-13 08:40:00,1.9243700000000001,1.92452,1.9239600000000001,1.9240300000000001,495,4,0
2024-06-13 08:45:00,1.92408,1.9243299999999999,1.9238300000000002,1.92398,434,0,0
2024-06-13 08:50:00,1.9239899999999999,1.92407,1.9233799999999999,1.92361,386,1,0
2024-06-13 08:55:00,1.92361,1.92377,1.92323,1.9237600000000001,722,0,0
2024-06-13 09:00:00,1.9237600000000001,1.9238300000000002,1.9230399999999999,1.92323,727,0,0
2024-06-13 09:05:00,1.92323,1.92339,1.9229,1.9233099999999999,440,0,0
2024-06-13 09:10:00,1.9233099999999999,1.9235,1.92291,1.92336,410,4,0
2024-06-13 09:15:00,1.9233500000000001,1.92346,1.92285,1.92293,570,0,0
2024-06-13 09:20:00,1.92293,1.923,1.9226100000000002,1.9227699999999999,389,0,0
2024-06-13 09:25:00,1.92279,1.9230399999999999,1.92252,1.9228399999999999,481,3,0
2024-06-13 09:30:00,1.9228399999999999,1.9228399999999999,1.92233,1.92252,419,1,0
2024-06-13 09:35:00,1.92252,1.92268,1.92237,1.9225400000000001,295,3,0
2024-06-13 09:40:00,1.9225400000000001,1.92262,1.92218,1.92229,382,4,0
2024-06-13 09:45:00,1.92229,1.92251,1.9222000000000001,1.9224700000000001,517,0,0
2024-06-13 09:50:00,1.9224700000000001,1.9225400000000001,1.9220899999999999,1.92218,383,0,0
2024-06-13 09:55:00,1.92215,1.92221,1.92158,1.92161,435,3,0
2024-06-13 10:00:00,1.92161,1.92161,1.9211399999999998,1.92115,421,2,0
2024-06-13 10:05:00,1.9211399999999998,1.9220899999999999,1.9210099999999999,1.9220899999999999,530,0,0
2024-06-13 10:10:00,1.9220899999999999,1.92226,1.92163,1.92167,502,0,0
2024-06-13 10:15:00,1.92168,1.9218600000000001,1.9213200000000001,1.92178,456,0,0
2024-06-13 10:20:00,1.92178,1.92185,1.92149,1.92165,399,2,0
2024-06-13 10:25:00,1.92165,1.9217499999999998,1.9215,1.92172,477,0,0
2024-06-13 10:30:00,1.92172,1.9221300000000001,1.92153,1.92207,530,2,0
2024-06-13 10:35:00,1.92207,1.92232,1.92194,1.92208,524,1,0
2024-06-13 10:40:00,1.9221,1.9221,1.9216600000000001,1.92168,349,0,0
2024-06-13 10:45:00,1.92168,1.92194,1.9215200000000001,1.9216,380,3,0
2024-06-13 10:50:00,1.9216,1.92179,1.9212799999999999,1.9213200000000001,584,0,0
2024-06-13 10:55:00,1.9213200000000001,1.92183,1.92099,1.9217499999999998,599,1,0
2024-06-13 11:00:00,1.9217499999999998,1.92187,1.92135,1.92177,384,0,0
2024-06-13 11:05:00,1.92177,1.92276,1.92176,1.9226,360,0,0
2024-06-13 11:10:00,1.9226,1.92282,1.92228,1.9226100000000002,496,3,0
2024-06-13 11:15:00,1.92262,1.92275,1.92244,1.92272,493,0,0
2024-06-13 11:20:00,1.92273,1.92287,1.92252,1.9226100000000002,506,3,0
2024-06-13 11:25:00,1.92262,1.92264,1.92211,1.92219,618,1,0
2024-06-13 11:30:00,1.92219,1.92252,1.92212,1.92225,761,1,0
2024-06-13 11:35:00,1.92225,1.92287,1.9221599999999999,1.92285,664,2,0
2024-06-13 11:40:00,1.92282,1.9232399999999998,1.92272,1.92319,631,0,0
2024-06-13 11:45:00,1.92319,1.92323,1.92259,1.92259,535,3,0
2024-06-13 11:50:00,1.92259,1.92268,1.9220000000000002,1.9221300000000001,605,4,0
2024-06-13 11:55:00,1.9221599999999999,1.92224,1.92174,1.92185,527,4,0
2024-06-13 12:00:00,1.9218600000000001,1.92192,1.92143,1.9217300000000002,878,0,0
2024-06-13 12:05:00,1.9217,1.92215,1.92167,1.9217499999999998,892,3,0
2024-06-13 12:10:00,1.9217499999999998,1.92183,1.92127,1.92131,749,1,0
2024-06-13 12:15:00,1.9213200000000001,1.92143,1.9209100000000001,1.9213900000000002,790,0,0
2024-06-13 12:20:00,1.9214,1.92143,1.9210099999999999,1.9211,869,0,0
2024-06-13 12:25:00,1.9211200000000002,1.92134,1.9205,1.9207,890,4,0
2024-06-13 12:30:00,1.92065,1.92117,1.91756,1.91889,2828,0,0
2024-06-13 12:35:00,1.91889,1.92054,1.91878,1.9201000000000001,2799,0,0
2024-06-13 12:40:00,1.92011,1.92031,1.919,1.9194900000000001,1892,0,0
2024-06-13 12:45:00,1.91948,1.9200300000000001,1.9187400000000001,1.9199199999999998,1960,0,0
2024-06-13 12:50:00,1.9199199999999998,1.92034,1.9192399999999998,1.91943,1841,2,0
2024-06-13 12:55:00,1.9194200000000001,1.9203700000000001,1.91923,1.91997,1295,1,0
2024-06-13 13:00:00,1.91996,1.92093,1.9194900000000001,1.92085,1822,0,0
2024-06-13 13:05:00,1.92088,1.92102,1.92007,1.92018,1691,0,0
2024-06-13 13:10:00,1.92018,1.9211,1.91996,1.92092,1241,0,0
2024-06-13 13:15:00,1.92093,1.92129,1.92027,1.92074,1490,0,0
2024-06-13 13:20:00,1.92074,1.92118,1.92057,1.92109,1434,2,0
2024-06-13 13:25:00,1.92109,1.92135,1.9207800000000002,1.92097,1485,2,0
2024-06-13 13:30:00,1.92096,1.92124,1.92023,1.9202599999999999,1802,0,0
2024-06-13 13:35:00,1.92011,1.92063,1.9198300000000001,1.9198499999999998,1519,0,0
2024-06-13 13:40:00,1.9198300000000001,1.9207,1.9195,1.92028,1177,0,0
2024-06-13 13:45:00,1.92028,1.9209800000000001,1.9199899999999999,1.92032,1514,0,0
2024-06-13 13:50:00,1.92029,1.92161,1.9202599999999999,1.92158,1443,1,0
2024-06-13 13:55:00,1.92158,1.92211,1.92142,1.92191,1064,0,0
2024-06-13 14:00:00,1.92191,1.9222700000000001,1.9216199999999999,1.9216600000000001,1400,0,0
2024-06-13 14:05:00,1.9216600000000001,1.9218600000000001,1.9212,1.9214799999999999,981,0,0
2024-06-13 14:10:00,1.92147,1.92265,1.92146,1.92264,1307,0,0
2024-06-13 14:15:00,1.9226999999999999,1.9233,1.9224999999999999,1.92319,1234,0,0
2024-06-13 14:20:00,1.92319,1.92374,1.92291,1.9237199999999999,1366,2,0
2024-06-13 14:25:00,1.9237199999999999,1.92445,1.92353,1.9240599999999999,1382,0,0
2024-06-13 14:30:00,1.92405,1.92449,1.92379,1.9239199999999999,1365,1,0
2024-06-13 14:35:00,1.92389,1.92428,1.92362,1.9237,1460,0,0
2024-06-13 14:40:00,1.9237,1.92449,1.92359,1.92428,1342,0,0
2024-06-13 14:45:00,1.92427,1.92436,1.92332,1.9235799999999998,1332,1,0
2024-06-13 14:50:00,1.9235799999999998,1.92359,1.9223,1.92233,1243,3,0
2024-06-13 14:55:00,1.92233,1.92328,1.9223,1.9224999999999999,1021,0,0
2024-06-13 15:00:00,1.9224999999999999,1.92285,1.92206,1.9228100000000001,937,0,0
2024-06-13 15:05:00,1.92278,1.92291,1.92197,1.92246,1114,0,0
2024-06-13 15:10:00,1.92246,1.9226299999999998,1.92215,1.92226,1266,0,0
2024-06-13 15:15:00,1.92226,1.92251,1.92158,1.9216199999999999,1338,1,0
2024-06-13 15:20:00,1.92164,1.92168,1.9207999999999998,1.92124,1075,1,0
2024-06-13 15:25:00,1.92124,1.92137,1.92081,1.92131,1183,3,0
2024-06-13 15:30:00,1.92131,1.92176,1.9212,1.92169,931,4,0
2024-06-13 15:35:00,1.92169,1.92171,1.92116,1.92143,1230,3,0
2024-06-13 15:40:00,1.9214,1.9218,1.921,1.92167,1233,5,0
2024-06-13 15:45:00,1.92164,1.9218899999999999,1.92138,1.9215,1179,1,0
2024-06-13 15:50:00,1.9215200000000001,1.9216600000000001,1.92119,1.92158,1096,3,0
2024-06-13 15:55:00,1.92156,1.92211,1.92135,1.92205,915,0,0
2024-06-13 16:00:00,1.92205,1.9229500000000002,1.9215900000000001,1.92287,1384,0,0
2024-06-13 16:05:00,1.92287,1.92303,1.92178,1.92294,1373,0,0
2024-06-13 16:10:00,1.92294,1.9230800000000001,1.92262,1.92291,1152,3,0
2024-06-13 16:15:00,1.92291,1.92334,1.92279,1.92323,1084,3,0
2024-06-13 16:20:00,1.92321,1.92339,1.92271,1.92321,1137,3,0
2024-06-13 16:25:00,1.92321,1.92321,1.92256,1.92302,1209,1,0
2024-06-13 16:30:00,1.92302,1.9230399999999999,1.92199,1.92212,1258,1,0
2024-06-13 16:35:00,1.92214,1.92271,1.9221,1.92238,916,3,0
2024-06-13 16:40:00,1.92239,1.92248,1.9220899999999999,1.92222,908,1,0
2024-06-13 16:45:00,1.92222,1.92259,1.92218,1.9224999999999999,890,2,0
2024-06-13 16:50:00,1.9224999999999999,1.9227400000000001,1.92214,1.92237,959,0,0
2024-06-13 16:55:00,1.92237,1.92272,1.9222299999999999,1.92231,1067,5,0
2024-06-13 17:00:00,1.92229,1.9223400000000002,1.92165,1.92167,1514,0,0
2024-06-13 17:05:00,1.92167,1.92215,1.92161,1.92185,1009,0,0
2024-06-13 17:10:00,1.92185,1.9220199999999998,1.92176,1.9218,642,0,0
2024-06-13 17:15:00,1.9218,1.92214,1.9218,1.92208,997,4,0
2024-06-13 17:20:00,1.9220899999999999,1.9225400000000001,1.92194,1.92242,1035,7,0
2024-06-13 17:25:00,1.9224,1.92259,1.92197,1.92221,965,6,0
2024-06-13 17:30:00,1.92219,1.9226999999999999,1.92207,1.92262,733,4,0
2024-06-13 17:35:00,1.9226299999999998,1.92278,1.9224299999999999,1.92255,797,6,0
2024-06-13 17:40:00,1.92255,1.9231,1.92231,1.9230800000000001,709,3,0
2024-06-13 17:45:00,1.9230800000000001,1.9233500000000001,1.9229699999999998,1.923,623,1,0
2024-06-13 17:50:00,1.923,1.92317,1.92245,1.92253,410,4,0
2024-06-13 17:55:00,1.92253,1.9231,1.9224299999999999,1.92302,483,1,0
2024-06-13 18:00:00,1.92302,1.92323,1.9228399999999999,1.92318,639,2,0
2024-06-13 18:05:00,1.92317,1.9232,1.92253,1.92271,758,4,0
2024-06-13 18:10:00,1.92271,1.92283,1.92232,1.92256,576,4,0
2024-06-13 18:15:00,1.92256,1.92296,1.92246,1.92285,642,2,0
2024-06-13 18:20:00,1.9228399999999999,1.9228399999999999,1.9224299999999999,1.9226,628,2,0
2024-06-13 18:25:00,1.9226,1.9231,1.9224999999999999,1.92307,723,3,0
2024-06-13 18:30:00,1.92307,1.9231099999999999,1.92233,1.92239,603,3,0
2024-06-13 18:35:00,1.92239,1.92275,1.92233,1.92267,530,1,0
2024-06-13 18:40:00,1.92267,1.9227400000000001,1.92251,1.92257,567,3,0
2024-06-13 18:45:00,1.92255,1.92267,1.92232,1.92256,582,1,0
2024-06-13 18:50:00,1.92256,1.9226100000000002,1.9222700000000001,1.9224,384,0,0
2024-06-13 18:55:00,1.9224,1.9232200000000002,1.92238,1.92307,423,2,0
2024-06-13 19:00:00,1.92306,1.92363,1.92306,1.92318,702,4,0
2024-06-13 19:05:00,1.92319,1.9233099999999999,1.92302,1.92309,592,7,0
2024-06-13 19:10:00,1.92309,1.9232399999999998,1.9229500000000002,1.9230399999999999,665,5,0
2024-06-13 19:15:00,1.92305,1.92317,1.92289,1.92291,613,5,0
2024-06-13 19:20:00,1.92291,1.92307,1.92273,1.9229699999999998,575,5,0
2024-06-13 19:25:00,1.9229699999999998,1.92317,1.92291,1.92313,534,5,0
2024-06-13 19:30:00,1.9231099999999999,1.92328,1.92291,1.92296,885,7,0
2024-06-13 19:35:00,1.9229500000000002,1.92314,1.92289,1.92296,608,5,0
2024-06-13 19:40:00,1.9229699999999998,1.92312,1.9228399999999999,1.923,647,8,0
2024-06-13 19:45:00,1.92299,1.92326,1.9229,1.9230800000000001,800,6,0
2024-06-13 19:50:00,1.9230800000000001,1.92326,1.92298,1.92316,840,1,0
2024-06-13 19:55:00,1.92316,1.9234499999999999,1.92301,1.92344,1021,3,0
2024-06-13 20:00:00,1.92348,1.92348,1.9231,1.9233099999999999,455,5,0
2024-06-13 20:05:00,1.9233099999999999,1.9234900000000001,1.92319,1.92344,354,7,0
2024-06-13 20:10:00,1.92343,1.92351,1.92319,1.92334,295,4,0
2024-06-13 20:15:00,1.92334,1.92357,1.9231500000000001,1.92334,317,5,0
2024-06-13 20:20:00,1.92334,1.9235,1.92325,1.9233,236,6,0
2024-06-13 20:25:00,1.9233099999999999,1.92343,1.92323,1.92323,227,4,0
2024-06-13 20:30:00,1.92323,1.92343,1.9232200000000002,1.9233799999999999,80,7,0
2024-06-13 20:35:00,1.9233799999999999,1.92363,1.92325,1.92361,187,9,0
2024-06-13 20:40:00,1.92361,1.92368,1.9234499999999999,1.9236,134,9,0
2024-06-13 20:45:00,1.9236,1.9237,1.9232,1.9232399999999998,153,8,0
2024-06-13 20:50:00,1.92326,1.9234,1.92316,1.92316,155,8,0
2024-06-13 20:55:00,1.92316,1.92336,1.923,1.92312,240,4,0
2024-06-13 21:00:00,1.92298,1.92298,1.92038,1.92038,32,41,0
2024-06-13 21:05:00,1.92038,1.92146,1.91896,1.9212,18,148,0
2024-06-13 21:10:00,1.9212,1.9217,1.92113,1.9217,27,161,0
2024-06-13 21:15:00,1.9217,1.92196,1.9216600000000001,1.92194,59,136,0
2024-06-13 21:20:00,1.9219300000000001,1.92203,1.92187,1.92195,25,131,0
2024-06-13 21:25:00,1.92195,1.92206,1.9219,1.92206,55,131,0
2024-06-13 21:30:00,1.92206,1.92258,1.92203,1.92256,23,58,0
2024-06-13 21:35:00,1.92256,1.9229500000000002,1.92252,1.92266,40,40,0
2024-06-13 21:40:00,1.92266,1.92266,1.92206,1.92231,102,51,0
2024-06-13 21:45:00,1.92231,1.92233,1.92228,1.92232,24,138,0
2024-06-13 21:50:00,1.92232,1.92259,1.9222299999999999,1.92258,60,128,0
2024-06-13 21:55:00,1.92258,1.92264,1.92252,1.92264,41,101,0
2024-06-13 22:00:00,1.92264,1.92374,1.92256,1.92344,150,10,0
2024-06-13 22:05:00,1.92344,1.92347,1.92313,1.92321,73,6,0
2024-06-13 22:10:00,1.92321,1.9233500000000001,1.92293,1.92301,84,10,0
2024-06-13 22:15:00,1.92301,1.92336,1.92301,1.92318,99,13,0
2024-06-13 22:20:00,1.92318,1.92319,1.92296,1.92302,93,13,0
2024-06-13 22:25:00,1.92302,1.92306,1.92287,1.92292,117,15,0
2024-06-13 22:30:00,1.92292,1.9232399999999998,1.9228800000000001,1.9232200000000002,87,9,0
2024-06-13 22:35:00,1.92319,1.9232,1.92299,1.92319,84,15,0
2024-06-13 22:40:00,1.92319,1.92323,1.92309,1.92318,87,12,0
2024-06-13 22:45:00,1.92317,1.9232,1.92283,1.92287,89,15,0
2024-06-13 22:50:00,1.92287,1.92301,1.9228100000000001,1.9229699999999998,53,11,0
2024-06-13 22:55:00,1.9229699999999998,1.92317,1.9228100000000001,1.92317,91,9,0
2024-06-13 23:00:00,1.92317,1.92328,1.92306,1.92306,74,7,0
2024-06-13 23:05:00,1.92306,1.9232399999999998,1.9230399999999999,1.9231,79,11,0
2024-06-13 23:10:00,1.9231,1.92312,1.92285,1.92303,127,7,0
2024-06-13 23:15:00,1.92303,1.92307,1.92282,1.92294,176,4,0
2024-06-13 23:20:00,1.92294,1.92346,1.9228800000000001,1.92343,302,5,0
2024-06-13 23:25:00,1.9234499999999999,1.92348,1.92318,1.92334,181,0,0
2024-06-13 23:30:00,1.92334,1.92337,1.9229500000000002,1.92299,188,2,0
2024-06-13 23:35:00,1.92299,1.92305,1.9228,1.9229,161,3,0
2024-06-13 23:40:00,1.9229,1.92312,1.9227699999999999,1.92278,239,3,0
2024-06-13 23:45:00,1.92278,1.9229699999999998,1.92272,1.92296,223,4,0
2024-06-13 23:50:00,1.92296,1.92326,1.92286,1.92309,308,4,0
2024-06-13 23:55:00,1.9230800000000001,1.92347,1.92296,1.92332,275,2,0
2024-06-14 00:00:00,1.92332,1.9238,1.9228,1.9238,736,0,0
2024-06-14 00:05:00,1.9238,1.92482,1.9236900000000001,1.9247999999999998,505,2,0
2024-06-14 00:10:00,1.9247999999999998,1.92558,1.92475,1.9254799999999999,770,0,0
2024-06-14 00:15:00,1.92549,1.92591,1.9253200000000001,1.92572,601,0,0
2024-06-14 00:20:00,1.9257300000000002,1.9257900000000001,1.92503,1.92517,457,0,0
2024-06-14 00:25:00,1.92517,1.92534,1.9247800000000002,1.92486,482,3,0
2024-06-14 00:30:00,1.92485,1.92543,1.92477,1.92535,453,1,0
2024-06-14 00:35:00,1.92535,1.92549,1.9250699999999998,1.92513,345,0,0
2024-06-14 00:40:00,1.92513,1.92549,1.925,1.9254799999999999,376,0,0
2024-06-14 00:45:00,1.92547,1.92576,1.9252799999999999,1.92564,407,0,0
2024-06-14 00:50:00,1.92564,1.92591,1.92549,1.92583,458,0,0
2024-06-14 00:55:00,1.9259300000000001,1.92606,1.92546,1.9254799999999999,534,0,0
2024-06-14 01:00:00,1.9254799999999999,1.9254799999999999,1.92473,1.9252500000000001,388,0,0
2024-06-14 01:05:00,1.9252500000000001,1.92529,1.925,1.9252099999999999,401,3,0
2024-06-14 01:10:00,1.9252099999999999,1.92526,1.92449,1.92449,472,0,0
2024-06-14 01:15:00,1.92449,1.92466,1.9241899999999998,1.92423,600,0,0
2024-06-14 01:20:00,1.92424,1.92459,1.92412,1.9245299999999999,522,0,0
2024-06-14 01:25:00,1.9245299999999999,1.92459,1.92421,1.9243299999999999,478,1,0
2024-06-14 01:30:00,1.9243299999999999,1.92443,1.92386,1.92435,494,2,0
2024-06-14 01:35:00,1.92435,1.9245,1.92351,1.92381,441,2,0
2024-06-14 01:40:00,1.92386,1.92389,1.92323,1.92363,529,1,0
2024-06-14 01:45:00,1.92363,1.92382,1.92317,1.92327,486,0,0
2024-06-14 01:50:00,1.92327,1.92339,1.9224700000000001,1.92264,597,0,0
2024-06-14 01:55:00,1.92264,1.92266,1.92225,1.92228,591,2,0
2024-06-14 02:00:00,1.92228,1.92317,1.92221,1.9231099999999999,563,0,0
2024-06-14 02:05:00,1.9231,1.9234,1.9229699999999998,1.92327,531,0,0
2024-06-14 02:10:00,1.92327,1.92334,1.92271,1.9228800000000001,515,2,0
2024-06-14 02:15:00,1.92289,1.92319,1.9227400000000001,1.92291,506,0,0
2024-06-14 02:20:00,1.92291,1.9231099999999999,1.92283,1.92293,320,0,0
2024-06-14 02:25:00,1.92293,1.92339,1.9229,1.92319,305,0,0
2024-06-14 02:30:00,1.92319,1.92332,1.9228100000000001,1.92332,454,2,0
2024-06-14 02:35:00,1.92332,1.92334,1.9226100000000002,1.92283,398,2,0
2024-06-14 02:40:00,1.92283,1.9229,1.9226,1.9228,293,4,0
2024-06-14 02:45:00,1.9228,1.92305,1.92266,1.92293,326,2,0
2024-06-14 02:50:00,1.92292,1.92298,1.92273,1.92282,247,2,0
2024-06-14 02:55:00,1.9228,1.92283,1.92233,1.92268,392,3,0
2024-06-14 03:00:00,1.92268,1.92305,1.92256,1.92275,393,2,0
2024-06-14 03:05:00,1.92275,1.9229,1.92262,1.9226299999999998,357,0,0
2024-06-14 03:10:00,1.9226100000000002,1.92265,1.92214,1.9223,556,2,0
2024-06-14 03:15:00,1.92231,1.92231,1.92158,1.9219300000000001,641,5,0
2024-06-14 03:20:00,1.9219300000000001,1.92375,1.92191,1.9233,875,2,0
2024-06-14 03:25:00,1.9233,1.92357,1.92314,1.92353,813,2,0
2024-06-14 03:30:00,1.92353,1.92374,1.9231099999999999,1.9236900000000001,724,0,0
2024-06-14 03:35:00,1.9236900000000001,1.92452,1.92368,1.92408,689,0,0
2024-06-14 03:40:00,1.92408,1.92429,1.92346,1.9236,569,0,0
2024-06-14 03:45:00,1.9236,1.92379,1.92328,1.92347,508,0,0
2024-06-14 03:50:00,1.92347,1.92379,1.9233099999999999,1.92339,373,0,0
2024-06-14 03:55:00,1.92339,1.92371,1.92328,1.9233099999999999,453,0,0
2024-06-14 04:00:00,1.9233099999999999,1.92361,1.92319,1.92323,438,0,0
2024-06-14 04:05:00,1.92323,1.92336,1.92268,1.9229,339,0,0
2024-06-14 04:10:00,1.9229,1.92318,1.9226100000000002,1.9231,345,4,0
2024-06-14 04:15:00,1.9231,1.92332,1.92301,1.9233099999999999,236,1,0
2024-06-14 04:20:00,1.9233099999999999,1.92341,1.92302,1.92316,228,0,0
2024-06-14 04:25:00,1.92316,1.92348,1.92298,1.9234200000000001,199,0,0
2024-06-14 04:30:00,1.92344,1.9238,1.92341,1.9234900000000001,471,1,0
2024-06-14 04:35:00,1.9234900000000001,1.92367,1.92344,1.92355,158,1,0
2024-06-14 04:40:00,1.92355,1.9235600000000002,1.9229500000000002,1.92301,276,1,0
2024-06-14 04:45:00,1.92298,1.9237600000000001,1.9228800000000001,1.92368,297,0,0
2024-06-14 04:50:00,1.92368,1.92412,1.9236499999999999,1.92405,298,3,0
2024-06-14 04:55:00,1.92405,1.92421,1.92382,1.92404,331,3,0
2024-06-14 05:00:00,1.92397,1.92409,1.92368,1.9239000000000002,333,0,0
2024-06-14 05:05:00,1.9239000000000002,1.9243000000000001,1.9239000000000002,1.92416,256,0,0
2024-06-14 05:10:00,1.92416,1.92424,1.92382,1.924,256,1,0
2024-06-14 05:15:00,1.924,1.9240300000000001,1.9233500000000001,1.92341,301,0,0
2024-06-14 05:20:00,1.92341,1.92341,1.9229500000000002,1.9231500000000001,293,2,0
2024-06-14 05:25:00,1.9231500000000001,1.9232399999999998,1.9228,1.9231500000000001,322,0,0
2024-06-14 05:30:00,1.9231500000000001,1.92318,1.92275,1.9228399999999999,365,0,0
2024-06-14 05:35:00,1.9228399999999999,1.92286,1.92238,1.92242,259,0,0
2024-06-14 05:40:00,1.92242,1.92265,1.9221599999999999,1.92218,308,4,0
2024-06-14 05:45:00,1.92218,1.9226,1.92217,1.92258,434,2,0
2024-06-14 05:50:00,1.92257,1.9234900000000001,1.92245,1.92305,526,4,0
2024-06-14 05:55:00,1.9230800000000001,1.9238,1.9230800000000001,1.9236900000000001,464,3,0
2024-06-14 06:00:00,1.92364,1.92391,1.92314,1.92337,722,0,0
2024-06-14 06:05:00,1.92337,1.92462,1.92337,1.92462,965,2,0
2024-06-14 06:10:00,1.92462,1.9256199999999999,1.9245700000000001,1.92544,733,0,0
2024-06-14 06:15:00,1.92544,1.92545,1.92423,1.92435,632,0,0
2024-06-14 06:20:00,1.92435,1.92445,1.9239600000000001,1.92402,704,2,0
2024-06-14 06:25:00,1.92402,1.92422,1.9238,1.92397,657,4,0
2024-06-14 06:30:00,1.92397,1.9242,1.92374,1.9240300000000001,880,0,0
2024-06-14 06:35:00,1.92404,1.92404,1.92251,1.92255,1500,0,0
2024-06-14 06:40:00,1.92256,1.92333,1.9223,1.92289,1070,3,0
2024-06-14 06:45:00,1.92289,1.92353,1.92268,1.92344,701,3,0
2024-06-14 06:50:00,1.92344,1.9240599999999999,1.92344,1.92378,674,5,0
2024-06-14 06:55:00,1.92378,1.92387,1.9233,1.92334,958,0,0
2024-06-14 07:00:00,1.92336,1.92339,1.92239,1.92309,1136,0,0
2024-06-14 07:05:00,1.92309,1.92438,1.92309,1.92425,1098,0,0
2024-06-14 07:10:00,1.92425,1.92588,1.92425,1.92482,1177,0,0
2024-06-14 07:15:00,1.92482,1.9249800000000001,1.9244400000000002,1.9247800000000002,1302,0,0
2024-06-14 07:20:00,1.92477,1.92488,1.92424,1.9243700000000001,1089,0,0
2024-06-14 07:25:00,1.9243700000000001,1.92448,1.92363,1.92388,1097,0,0
2024-06-14 07:30:00,1.92388,1.92411,1.9228800000000001,1.9230399999999999,983,2,0
2024-06-14 07:35:00,1.9230399999999999,1.9236900000000001,1.92296,1.92351,1136,2,0
2024-06-14 07:40:00,1.92351,1.9240599999999999,1.9234900000000001,1.92398,1257,0,0
2024-06-14 07:45:00,1.9239899999999999,1.92492,1.92377,1.9247800000000002,1202,0,0
2024-06-14 07:50:00,1.9247800000000002,1.9247999999999998,1.9232200000000002,1.9233799999999999,1133,0,0
2024-06-14 07:55:00,1.92336,1.92375,1.9231099999999999,1.92352,1164,1,0
2024-06-14 08:00:00,1.92352,1.92407,1.9233799999999999,1.92374,1201,0,0
2024-06-14 08:05:00,1.92374,1.92449,1.9237199999999999,1.92375,1387,2,0
2024-06-14 08:10:00,1.92374,1.92447,1.9232399999999998,1.92327,1492,2,0
2024-06-14 08:15:00,1.92327,1.92357,1.923,1.92318,1127,0,0
2024-06-14 08:20:00,1.92318,1.92363,1.92302,1.9235600000000002,731,0,0
2024-06-14 08:25:00,1.9235799999999998,1.92404,1.9234200000000001,1.9237,916,0,0
2024-06-14 08:30:00,1.9237,1.924,1.92352,1.92378,977,2,0
2024-06-14 08:35:00,1.92378,1.92436,1.9236,1.92411,1020,5,0
2024-06-14 08:40:00,1.92411,1.92428,1.92352,1.92352,977,2,0
2024-06-14 08:45:00,1.9235799999999998,1.92422,1.9234499999999999,1.92375,971,0,0
2024-06-14 08:50:00,1.92375,1.92414,1.92328,1.92364,930,0,0
2024-06-14 08:55:00,1.92364,1.92381,1.9231,1.92371,1027,0,0
2024-06-14 09:00:00,1.92371,1.9239600000000001,1.9232,1.92326,1104,0,0
2024-06-14 09:05:00,1.92328,1.9235,1.92301,1.92318,926,0,0
2024-06-14 09:10:00,1.9232,1.92363,1.9229699999999998,1.92341,1333,0,0
2024-06-14 09:15:00,1.92341,1.92348,1.9229699999999998,1.9231,901,0,0
2024-06-14 09:20:00,1.9231,1.9231500000000001,1.92241,1.9226,685,0,0
2024-06-14 09:25:00,1.9226,1.9227699999999999,1.9222299999999999,1.92259,755,0,0
2024-06-14 09:30:00,1.9226100000000002,1.92314,1.92245,1.92272,1228,0,0
2024-06-14 09:35:00,1.9227400000000001,1.92301,1.9216,1.9216,1697,0,0
2024-06-14 09:40:00,1.9216,1.92225,1.92156,1.92191,1363,0,0
2024-06-14 09:45:00,1.9219,1.92206,1.92109,1.9214099999999998,1489,4,0
2024-06-14 09:50:00,1.92138,1.9219300000000001,1.9212799999999999,1.92183,1418,0,0
2024-06-14 09:55:00,1.9218199999999999,1.92226,1.92169,1.92219,1401,2,0
2024-06-14 10:00:00,1.9222000000000001,1.9232900000000002,1.92208,1.92289,1289,0,0
2024-06-14 10:05:00,1.92289,1.92325,1.9226299999999998,1.92296,1209,0,0
2024-06-14 10:10:00,1.92296,1.9230399999999999,1.92249,1.9227699999999999,959,0,0
2024-06-14 10:15:00,1.92269,1.9228,1.9221599999999999,1.92239,1041,0,0
2024-06-14 10:20:00,1.92239,1.92256,1.9221599999999999,1.92238,1278,4,0
2024-06-14 10:25:00,1.92238,1.92241,1.9214099999999998,1.92145,1432,1,0
2024-06-14 10:30:00,1.92145,1.92161,1.92084,1.9211,1175,2,0
2024-06-14 10:35:00,1.9211,1.92137,1.92083,1.9209399999999999,1068,2,0
2024-06-14 10:40:00,1.92093,1.92097,1.92043,1.9207,900,0,0
2024-06-14 10:45:00,1.9207,1.92104,1.9204599999999998,1.92085,871,2,0
2024-06-14 10:50:00,1.9208699999999999,1.92115,1.92025,1.92035,1006,1,0
2024-06-14 10:55:00,1.92035,1.9207999999999998,1.92027,1.9207,1165,2,0
2024-06-14 11:00:00,1.9207,1.92108,1.92041,1.92047,1413,0,0
2024-06-14 11:05:00,1.92048,1.92102,1.9204599999999998,1.92077,1247,2,0
2024-06-14 11:10:00,1.9207800000000002,1.92108,1.92043,1.92074,1117,4,0
2024-06-14 11:15:00,1.92074,1.92107,1.92009,1.92012,973,0,0
2024-06-14 11:20:00,1.92011,1.92045,1.92001,1.92011,905,0,0
2024-06-14 11:25:00,1.92011,1.9204599999999998,1.91959,1.92008,884,0,0
2024-06-14 11:30:00,1.92008,1.92054,1.91988,1.92048,1027,0,0
2024-06-14 11:35:00,1.92048,1.92096,1.92028,1.9204599999999998,873,1,0
2024-06-14 11:40:00,1.9204599999999998,1.9205999999999999,1.92008,1.92048,970,0,0
2024-06-14 11:45:00,1.92048,1.92069,1.92024,1.92031,923,0,0
2024-06-14 11:50:00,1.9203000000000001,1.92089,1.92014,1.92061,1190,0,0
2024-06-14 11:55:00,1.92061,1.92135,1.92012,1.92012,1474,0,0
2024-06-14 12:00:00,1.92012,1.9203700000000001,1.91894,1.9190800000000001,1403,1,0
2024-06-14 12:05:00,1.9190800000000001,1.91913,1.91841,1.91865,1447,0,0
2024-06-14 12:10:00,1.91867,1.91917,1.91867,1.91901,1198,3,0
2024-06-14 12:15:00,1.91901,1.91927,1.91876,1.91892,1035,3,0
2024-06-14 12:20:00,1.91892,1.91905,1.91851,1.91859,1247,1,0
2024-06-14 12:25:00,1.91859,1.9194,1.91835,1.9187400000000001,1313,0,0
2024-06-14 12:30:00,1.9187400000000001,1.9198,1.9183599999999998,1.91951,1861,0,0
2024-06-14 12:35:00,1.91951,1.91964,1.91837,1.91903,1315,0,0
2024-06-14 12:40:00,1.91903,1.91989,1.91899,1.9194900000000001,1075,0,0
2024-06-14 12:45:00,1.91948,1.91967,1.91882,1.9189,1422,4,0
2024-06-14 12:50:00,1.91886,1.91996,1.91882,1.9195600000000002,1188,4,0
2024-06-14 12:55:00,1.9195600000000002,1.92031,1.91954,1.92023,1377,2,0
2024-06-14 13:00:00,1.92023,1.92085,1.92023,1.92048,1346,0,0
2024-06-14 13:05:00,1.92049,1.92052,1.91952,1.9199899999999999,1243,2,0
2024-06-14 13:10:00,1.9199899999999999,1.92012,1.9195600000000002,1.91968,1388,1,0
2024-06-14 13:15:00,1.91968,1.91997,1.9192900000000002,1.91953,1242,0,0
2024-06-14 13:20:00,1.91953,1.9198499999999998,1.9190800000000001,1.91917,1276,2,0
2024-06-14 13:25:00,1.91917,1.9197,1.91912,1.91927,1266,0,0
2024-06-14 13:30:00,1.91927,1.91994,1.91867,1.91875,1768,0,0
2024-06-14 13:35:00,1.9187400000000001,1.91981,1.91859,1.91905,1245,1,0
2024-06-14 13:40:00,1.91905,1.9192,1.9186100000000001,1.9191,1039,2,0
2024-06-14 13:45:00,1.9191,1.9197,1.919,1.91946,1149,1,0
2024-06-14 13:50:00,1.91947,1.91966,1.91914,1.9195600000000002,1129,1,0
2024-06-14 13:55:00,1.9195600000000002,1.91959,1.91864,1.91893,1029,5,0
2024-06-14 14:00:00,1.91878,1.9198300000000001,1.91867,1.9197899999999999,1711,0,0
2024-06-14 14:05:00,1.9197899999999999,1.9199199999999998,1.919,1.9197,1700,0,0
2024-06-14 14:10:00,1.9196900000000001,1.9204400000000001,1.91967,1.92032,1428,0,0
2024-06-14 14:15:00,1.92032,1.92083,1.92011,1.9203999999999999,1190,3,0
2024-06-14 14:20:00,1.9203999999999999,1.92043,1.9193500000000001,1.9193799999999999,1320,1,0
2024-06-14 14:25:00,1.9193799999999999,1.9195,1.9187699999999999,1.91932,1439,0,0
2024-06-14 14:30:00,1.91932,1.91994,1.9193099999999998,1.9197,1222,0,0
2024-06-14 14:35:00,1.9197,1.92072,1.91941,1.92072,1092,0,0
2024-06-14 14:40:00,1.92072,1.92097,1.9199199999999998,1.9202599999999999,1371,0,0
2024-06-14 14:45:00,1.9202599999999999,1.92027,1.91953,1.9197,1490,0,0
2024-06-14 14:50:00,1.91974,1.9197899999999999,1.91718,1.9172500000000001,1612,0,0
2024-06-14 14:55:00,1.9172500000000001,1.91733,1.9163999999999999,1.91654,1339,0,0
2024-06-14 15:00:00,1.91654,1.9174600000000002,1.91648,1.9172799999999999,1464,0,0
2024-06-14 15:05:00,1.9173,1.91765,1.91665,1.91692,1123,0,0
2024-06-14 15:10:00,1.91692,1.9171,1.9163700000000001,1.9169100000000001,1180,3,0
2024-06-14 15:15:00,1.9169399999999999,1.91731,1.91648,1.9172799999999999,1032,0,0
2024-06-14 15:20:00,1.91727,1.91772,1.91704,1.9175200000000001,986,1,0
2024-06-14 15:25:00,1.9175200000000001,1.9181,1.91733,1.91788,699,0,0
2024-06-14 15:30:00,1.9178899999999999,1.91839,1.91788,1.9181300000000001,890,4,0
2024-06-14 15:35:00,1.9181300000000001,1.91814,1.9171399999999998,1.91743,899,3,0
2024-06-14 15:40:00,1.9174,1.9181300000000001,1.91733,1.91778,880,0,0
2024-06-14 15:45:00,1.91778,1.91778,1.9171,1.9171200000000002,936,1,0
2024-06-14 15:50:00,1.9171200000000002,1.91797,1.9171200000000002,1.91785,821,0,0
2024-06-14 15:55:00,1.91785,1.91795,1.91726,1.9173,1090,0,0
2024-06-14 16:00:00,1.9173,1.91743,1.91666,1.91715,842,2,0
2024-06-14 16:05:00,1.9171399999999998,1.9171399999999998,1.9163700000000001,1.9169,652,2,0
2024-06-14 16:10:00,1.9169,1.9169,1.91645,1.91648,896,3,0
2024-06-14 16:15:00,1.91648,1.91757,1.91629,1.9175499999999999,661,0,0
2024-06-14 16:20:00,1.91756,1.91765,1.91708,1.91733,670,4,0
2024-06-14 16:25:00,1.91733,1.91765,1.9173,1.91754,815,2,0
2024-06-14 16:30:00,1.9175499999999999,1.91787,1.91745,1.9175499999999999,737,2,0
2024-06-14 16:35:00,1.91754,1.9176199999999999,1.91699,1.91703,678,2,0
2024-06-14 16:40:00,1.91704,1.91727,1.91677,1.91699,834,4,0
2024-06-14 16:45:00,1.917,1.91715,1.91682,1.9169399999999999,502,3,0
2024-06-14 16:50:00,1.9169399999999999,1.91736,1.91663,1.9172099999999999,459,1,0
2024-06-14 16:55:00,1.9172099999999999,1.9173,1.91697,1.91724,638,1,0
2024-06-14 17:00:00,1.91724,1.91734,1.91697,1.9172500000000001,706,3,0
2024-06-14 17:05:00,1.91724,1.91736,1.91699,1.91718,606,2,0
2024-06-14 17:10:00,1.91718,1.91744,1.91709,1.9172799999999999,558,0,0
2024-06-14 17:15:00,1.9172799999999999,1.91756,1.91702,1.9173900000000001,674,4,0
2024-06-14 17:20:00,1.9173900000000001,1.9177300000000002,1.91736,1.91764,683,5,0
2024-06-14 17:25:00,1.91764,1.91764,1.91724,1.9172799999999999,658,3,0
2024-06-14 17:30:00,1.9172799999999999,1.9175900000000001,1.91715,1.91736,682,4,0
2024-06-14 17:35:00,1.91736,1.9176199999999999,1.91718,1.9172799999999999,669,5,0
2024-06-14 17:40:00,1.9172799999999999,1.91763,1.9172799999999999,1.91757,659,7,0
2024-06-14 17:45:00,1.91757,1.9180000000000001,1.91749,1.9179300000000001,643,1,0
2024-06-14 17:50:00,1.9179300000000001,1.9180000000000001,1.91772,1.9179,599,7,0
2024-06-14 17:55:00,1.9179,1.91825,1.91771,1.91821,772,2,0
2024-06-14 18:00:00,1.91821,1.91887,1.91814,1.91883,773,0,0
2024-06-14 18:05:00,1.91883,1.91927,1.9186,1.9192399999999998,816,2,0
2024-06-14 18:10:00,1.9192399999999998,1.91975,1.9191500000000001,1.9197199999999999,685,4,0
2024-06-14 18:15:00,1.9197,1.92002,1.9197,1.91995,625,5,0
2024-06-14 18:20:00,1.91995,1.91998,1.91906,1.91909,708,4,0
2024-06-14 18:25:00,1.91909,1.9192900000000002,1.9189500000000002,1.9192200000000001,583,4,0
2024-06-14 18:30:00,1.9192200000000001,1.9193099999999998,1.91892,1.91909,730,3,0
2024-06-14 18:35:00,1.91909,1.91921,1.91875,1.91883,725,3,0
2024-06-14 18:40:00,1.91882,1.91901,1.9186999999999999,1.91872,658,5,0
2024-06-14 18:45:00,1.9186999999999999,1.91912,1.91859,1.9186100000000001,728,5,0
2024-06-14 18:50:00,1.9186100000000001,1.9186100000000001,1.9179300000000001,1.91795,662,5,0
2024-06-14 18:55:00,1.9179599999999999,1.9182299999999999,1.91745,1.91754,774,2,0
2024-06-14 19:00:00,1.91754,1.9180899999999999,1.91751,1.9179300000000001,741,2,0
2024-06-14 19:05:00,1.9179300000000001,1.91799,1.91758,1.9177300000000002,625,3,0
2024-06-14 19:10:00,1.91774,1.91779,1.91758,1.91779,521,6,0
2024-06-14 19:15:00,1.91778,1.91798,1.9177499999999998,1.91784,531,6,0
2024-06-14 19:20:00,1.91784,1.91792,1.91765,1.91778,395,6,0
2024-06-14 19:25:00,1.91778,1.91787,1.9176600000000001,1.9176600000000001,384,5,0
2024-06-14 19:30:00,1.9176600000000001,1.91794,1.91764,1.9178899999999999,523,4,0
2024-06-14 19:35:00,1.9179,1.91806,1.91785,1.91803,416,2,0
2024-06-14 19:40:00,1.91803,1.91828,1.91803,1.91821,272,2,0
2024-06-14 19:45:00,1.91821,1.91837,1.91821,1.9183,346,7,0
2024-06-14 19:50:00,1.9183,1.91848,1.9181,1.91817,482,6,0
2024-06-14 19:55:00,1.91817,1.91832,1.91804,1.91814,756,9,0
2024-06-14 20:00:00,1.91814,1.9182299999999999,1.9179300000000001,1.91794,533,2,0
2024-06-14 20:05:00,1.9179300000000001,1.9180700000000002,1.9178899999999999,1.9179599999999999,269,7,0
2024-06-14 20:10:00,1.9179599999999999,1.9180199999999998,1.91768,1.91772,385,8,0
2024-06-14 20:15:00,1.9177300000000002,1.91785,1.91763,1.91772,308,10,0
2024-06-14 20:20:00,1.91771,1.9178899999999999,1.91754,1.91765,167,7,0
2024-06-14 20:25:00,1.91765,1.91765,1.9172500000000001,1.91731,283,9,0
2024-06-14 20:30:00,1.91731,1.9175,1.91723,1.91726,175,8,0
2024-06-14 20:35:00,1.91726,1.9173,1.9172099999999999,1.9172500000000001,112,12,0
2024-06-14 20:40:00,1.9172500000000001,1.91763,1.91722,1.91757,135,8,0
2024-06-14 20:45:00,1.91757,1.91778,1.91737,1.91764,200,0,0
2024-06-14 20:50:00,1.91764,1.91781,1.9173900000000001,1.91765,269,8,0
2024-06-16 21:05:00,1.91724,1.91724,1.91566,1.91578,114,252,0
2024-06-16 21:10:00,1.91578,1.91757,1.91551,1.9173,61,76,0
2024-06-16 21:15:00,1.9173,1.91751,1.91726,1.91734,13,73,0
2024-06-16 21:20:00,1.91734,1.9175499999999999,1.91623,1.91648,125,69,0
2024-06-16 21:25:00,1.91648,1.9169,1.91571,1.91643,67,135,0
2024-06-16 21:30:00,1.91643,1.91727,1.91631,1.91706,32,121,0
2024-06-16 21:35:00,1.91706,1.91745,1.91668,1.91677,84,111,0
2024-06-16 21:40:00,1.91677,1.9170500000000001,1.9167,1.91686,33,101,0
2024-06-16 21:45:00,1.91686,1.91703,1.91648,1.91684,61,72,0
2024-06-16 21:50:00,1.91684,1.91702,1.91654,1.9169399999999999,71,63,0
2024-06-16 21:55:00,1.9169399999999999,1.91743,1.91656,1.9169399999999999,103,63,0
2024-06-16 22:00:00,1.9169399999999999,1.91767,1.91614,1.91745,301,4,0
2024-06-16 22:05:00,1.91745,1.9177,1.91722,1.9176199999999999,182,25,0
2024-06-16 22:10:00,1.9176199999999999,1.9177499999999998,1.91756,1.91758,92,22,0
2024-06-16 22:15:00,1.91758,1.91787,1.91758,1.91778,129,19,0
2024-06-16 22:20:00,1.91778,1.91794,1.91771,1.91791,91,16,0
2024-06-16 22:25:00,1.91791,1.91792,1.91761,1.91761,65,11,0
2024-06-16 22:30:00,1.91761,1.9177300000000002,1.91723,1.91742,202,5,0
2024-06-16 22:35:00,1.91742,1.91756,1.91697,1.91697,192,15,0
2024-06-16 22:40:00,1.91697,1.91751,1.91695,1.9172500000000001,155,9,0
2024-06-16 22:45:00,1.9172500000000001,1.91737,1.91713,1.91716,91,10,0
2024-06-16 22:50:00,1.91718,1.91749,1.91717,1.91736,72,6,0
2024-06-16 22:55:00,1.91736,1.9174,1.91722,1.91726,114,8,0
2024-06-16 23:00:00,1.91723,1.91729,1.91697,1.91704,149,5,0
2024-06-16 23:05:00,1.91704,1.91723,1.9169399999999999,1.9172099999999999,126,3,0
2024-06-16 23:10:00,1.9172099999999999,1.9172799999999999,1.91686,1.9170500000000001,179,3,0
2024-06-16 23:15:00,1.9170500000000001,1.91711,1.91683,1.91697,160,2,0
2024-06-16 23:20:00,1.91697,1.91722,1.91696,1.91704,204,0,0
2024-06-16 23:25:00,1.91704,1.9172,1.9169399999999999,1.91715,160,6,0
2024-06-16 23:30:00,1.91713,1.9173,1.91704,1.91719,178,5,0
2024-06-16 23:35:00,1.91719,1.91731,1.91707,1.91709,168,0,0
2024-06-16 23:40:00,1.91709,1.91717,1.91677,1.91697,287,1,0
2024-06-16 23:45:00,1.9169800000000001,1.91724,1.9169100000000001,1.9170099999999999,174,7,0
2024-06-16 23:50:00,1.9170099999999999,1.91754,1.917,1.91751,186,4,0
2024-06-16 23:55:00,1.91753,1.9180899999999999,1.9174600000000002,1.9180700000000002,316,4,0
2024-06-17 00:00:00,1.9180700000000002,1.91818,1.91731,1.9173900000000001,741,2,0
2024-06-17 00:05:00,1.9173900000000001,1.91794,1.91729,1.91749,694,1,0
2024-06-17 00:10:00,1.91751,1.9178600000000001,1.9174600000000002,1.91756,555,2,0
2024-06-17 00:15:00,1.91754,1.91779,1.91743,1.91776,419,3,0
2024-06-17 00:20:00,1.91776,1.91803,1.9172500000000001,1.91736,519,1,0
2024-06-17 00:25:00,1.91736,1.91761,1.91722,1.9172500000000001,457,5,0
2024-06-17 00:30:00,1.9172500000000001,1.91765,1.91702,1.91761,423,4,0
2024-06-17 00:35:00,1.9176,1.9178,1.9174099999999998,1.91744,381,2,0
2024-06-17 00:40:00,1.91744,1.9175,1.91724,1.91744,364,5,0
2024-06-17 00:45:00,1.91744,1.91745,1.91716,1.91737,241,5,0
2024-06-17 00:50:00,1.91736,1.91797,1.91736,1.91791,484,2,0
2024-06-17 00:55:00,1.91791,1.91917,1.91783,1.9191500000000001,641,0,0
2024-06-17 01:00:00,1.9191500000000001,1.92013,1.9191099999999999,1.92008,991,3,0
2024-06-17 01:05:00,1.92008,1.92059,1.9199899999999999,1.92028,643,2,0
2024-06-17 01:10:00,1.92029,1.9205100000000002,1.92014,1.9202,598,3,0
2024-06-17 01:15:00,1.9202,1.92062,1.91994,1.91996,694,1,0
2024-06-17 01:20:00,1.91996,1.92023,1.9195799999999998,1.92004,567,4,0
2024-06-17 01:25:00,1.92002,1.92043,1.92001,1.9203700000000001,494,3,0
2024-06-17 01:30:00,1.92039,1.92039,1.9198499999999998,1.91988,755,6,0
2024-06-17 01:35:00,1.91988,1.9201000000000001,1.91971,1.91971,566,6,0
2024-06-17 01:40:00,1.91971,1.92072,1.91952,1.92059,631,0,0
2024-06-17 01:45:00,1.9205999999999999,1.92093,1.9205,1.9207800000000002,509,0,0
2024-06-17 01:50:00,1.92079,1.9210099999999999,1.92057,1.92057,235,0,0
2024-06-17 01:55:00,1.9205999999999999,1.92073,1.92004,1.92027,475,1,0
2024-06-17 02:00:00,1.92027,1.9211399999999998,1.92027,1.92068,516,0,0
2024-06-17 02:05:00,1.92068,1.9209,1.92032,1.92062,492,3,0
2024-06-17 02:10:00,1.92062,1.92072,1.92016,1.92022,451,4,0
2024-06-17 02:15:00,1.92022,1.92054,1.91997,1.9202,530,4,0
2024-06-17 02:20:00,1.9202,1.92052,1.92015,1.92041,377,6,0
2024-06-17 02:25:00,1.92041,1.92065,1.92022,1.92059,323,5,0
2024-06-17 02:30:00,1.92059,1.9206400000000001,1.92015,1.92024,389,4,0
2024-06-17 02:35:00,1.92024,1.92052,1.91997,1.91998,354,5,0
2024-06-17 02:40:00,1.91998,1.92052,1.91995,1.9204599999999998,280,4,0
2024-06-17 02:45:00,1.9204599999999998,1.92092,1.9203999999999999,1.9209100000000001,374,4,0
2024-06-17 02:50:00,1.9209100000000001,1.92157,1.92088,1.9214099999999998,417,4,0
2024-06-17 02:55:00,1.9214099999999998,1.9219,1.9213200000000001,1.9215900000000001,384,7,0
2024-06-17 03:00:00,1.92161,1.92192,1.9210099999999999,1.92118,563,5,0
2024-06-17 03:05:00,1.92118,1.9212099999999999,1.9207,1.9208699999999999,404,0,0
2024-06-17 03:10:00,1.9208699999999999,1.92124,1.9205999999999999,1.92106,341,6,0
2024-06-17 03:15:00,1.92106,1.92119,1.9208699999999999,1.9210500000000001,243,10,0
2024-06-17 03:20:00,1.9210500000000001,1.92109,1.92058,1.92058,247,8,0
2024-06-17 03:25:00,1.92058,1.92069,1.9203999999999999,1.92043,222,6,0
2024-06-17 03:30:00,1.92043,1.92061,1.9203000000000001,1.9204400000000001,224,4,0
2024-06-17 03:35:00,1.9204599999999998,1.92069,1.9203000000000001,1.92056,269,1,0
2024-06-17 03:40:00,1.92056,1.92102,1.92054,1.92093,233,4,0
2024-06-17 03:45:00,1.92093,1.9210099999999999,1.92052,1.92056,176,6,0
2024-06-17 03:50:00,1.92056,1.92082,1.92028,1.9203000000000001,226,0,0
2024-06-17 03:55:00,1.9203000000000001,1.92045,1.92009,1.92031,202,7,0
2024-06-17 04:00:00,1.92031,1.92049,1.92005,1.9202,220,0,0
2024-06-17 04:05:00,1.9202,1.92036,1.92008,1.92012,140,0,0
2024-06-17 04:10:00,1.92012,1.92045,1.92008,1.92038,107,0,0
2024-06-17 04:15:00,1.92038,1.92041,1.92005,1.92012,142,2,0
2024-06-17 04:20:00,1.92012,1.92031,1.92009,1.92031,206,0,0
2024-06-17 04:25:00,1.92031,1.92031,1.92013,1.92023,192,5,0
2024-06-17 04:30:00,1.92023,1.92066,1.92011,1.92058,212,7,0
2024-06-17 04:35:00,1.92057,1.92075,1.9205,1.9206400000000001,232,4,0
2024-06-17 04:40:00,1.9206400000000001,1.9206699999999999,1.9203999999999999,1.92056,226,2,0
2024-06-17 04:45:00,1.92056,1.92086,1.92056,1.92077,189,1,0
2024-06-17 04:50:00,1.92077,1.92118,1.92074,1.9211,294,0,0
2024-06-17 04:55:00,1.92109,1.92122,1.92065,1.92068,253,1,0
2024-06-17 05:00:00,1.92068,1.92086,1.92062,1.92081,374,3,0
2024-06-17 05:05:00,1.92081,1.9210500000000001,1.9207100000000001,1.92082,310,1,0
2024-06-17 05:10:00,1.92082,1.9212099999999999,1.92081,1.92102,342,2,0
2024-06-17 05:15:00,1.92102,1.92123,1.92063,1.92063,299,1,0
2024-06-17 05:20:00,1.92063,1.92082,1.92054,1.92062,234,2,0
2024-06-17 05:25:00,1.92062,1.9209399999999999,1.92045,1.9209,365,0,0
2024-06-17 05:30:00,1.9209,1.9214,1.92084,1.92109,599,0,0
2024-06-17 05:35:00,1.92109,1.92133,1.92086,1.92131,416,1,0
2024-06-17 05:40:00,1.9213200000000001,1.92137,1.9210099999999999,1.92104,413,2,0
2024-06-17 05:45:00,1.92104,1.92118,1.9203999999999999,1.92054,346,4,0
2024-06-17 05:50:00,1.92054,1.92083,1.92038,1.9207100000000001,403,2,0
2024-06-17 05:55:00,1.92072,1.92085,1.92052,1.92055,415,4,0
2024-06-17 06:00:00,1.92055,1.9209,1.92039,1.9204599999999998,928,3,0
2024-06-17 06:05:00,1.9204599999999998,1.9212099999999999,1.92027,1.9212099999999999,683,0,0
2024-06-17 06:10:00,1.92122,1.92198,1.92115,1.92122,688,0,0
2024-06-17 06:15:00,1.92122,1.9213200000000001,1.9208699999999999,1.92095,569,1,0
2024-06-17 06:20:00,1.92097,1.9214799999999999,1.9208699999999999,1.92113,647,0,0
2024-06-17 06:25:00,1.92113,1.9217,1.92079,1.9214799999999999,554,0,0
2024-06-17 06:30:00,1.9214799999999999,1.92158,1.92052,1.92097,742,1,0
2024-06-17 06:35:00,1.92097,1.92149,1.92066,1.92142,918,0,0
2024-06-17 06:40:00,1.92142,1.92163,1.92081,1.92113,949,1,0
2024-06-17 06:45:00,1.92113,1.9212099999999999,1.92032,1.92082,854,3,0
2024-06-17 06:50:00,1.92082,1.9209100000000001,1.92018,1.92025,843,2,0
2024-06-17 06:55:00,1.92025,1.92066,1.92014,1.92038,925,2,0
2024-06-17 07:00:00,1.92038,1.92079,1.91952,1.91971,1223,1,0
2024-06-17 07:05:00,1.9197,1.91973,1.9191500000000001,1.9194499999999999,946,1,0
2024-06-17 07:10:00,1.91946,1.91953,1.91876,1.91887,793,0,0
2024-06-17 07:15:00,1.91887,1.9191500000000001,1.9186,1.91909,860,0,0
2024-06-17 07:20:00,1.91909,1.9192,1.91844,1.91851,864,2,0
2024-06-17 07:25:00,1.9185400000000001,1.91905,1.9183,1.9183599999999998,979,1,0
2024-06-17 07:30:00,1.9183599999999998,1.9187699999999999,1.91815,1.9182299999999999,873,1,0
2024-06-17 07:35:00,1.91824,1.91839,1.91785,1.91811,881,0,0
2024-06-17 07:40:00,1.9181300000000001,1.91831,1.91774,1.91819,613,0,0
2024-06-17 07:45:00,1.91819,1.91848,1.91812,1.91822,587,0,0
2024-06-17 07:50:00,1.9182299999999999,1.91871,1.91776,1.91856,810,0,0
2024-06-17 07:55:00,1.91856,1.919,1.91856,1.9186100000000001,624,0,0
2024-06-17 08:00:00,1.9186100000000001,1.9192,1.9184,1.9190800000000001,459,0,0
2024-06-17 08:05:00,1.9190800000000001,1.91953,1.91899,1.91944,663,0,0
2024-06-17 08:10:00,1.91943,1.91944,1.91805,1.91835,855,0,0
2024-06-17 08:15:00,1.9183400000000002,1.9186100000000001,1.91805,1.91851,988,0,0
2024-06-17 08:20:00,1.91851,1.91879,1.91826,1.91845,722,0,0
2024-06-17 08:25:00,1.91845,1.9188100000000001,1.91826,1.91867,581,0,0
2024-06-17 08:30:00,1.91867,1.91903,1.91853,1.91853,822,1,0
2024-06-17 08:35:00,1.91853,1.91872,1.91838,1.91859,550,1,0
2024-06-17 08:40:00,1.91859,1.9187699999999999,1.9180199999999998,1.91859,613,1,0
2024-06-17 08:45:00,1.91859,1.9186,1.91783,1.9178899999999999,788,0,0
2024-06-17 08:50:00,1.9178899999999999,1.91846,1.9176,1.91844,858,0,0
2024-06-17 08:55:00,1.91844,1.91878,1.91805,1.91864,716,0,0
2024-06-17 09:00:00,1.9186299999999998,1.91906,1.9184,1.91842,699,0,0
2024-06-17 09:05:00,1.91842,1.9191,1.91837,1.91896,641,0,0
2024-06-17 09:10:00,1.91896,1.91914,1.9186,1.9187699999999999,677,0,0
2024-06-17 09:15:00,1.91878,1.91894,1.91842,1.9184299999999999,739,2,0
2024-06-17 09:20:00,1.9184299999999999,1.91856,1.91743,1.91744,637,0,0
2024-06-17 09:25:00,1.91744,1.91771,1.91703,1.9176,577,3,0
2024-06-17 09:30:00,1.9176199999999999,1.9178899999999999,1.91749,1.91778,585,1,0
2024-06-17 09:35:00,1.91778,1.91778,1.9173,1.91742,752,2,0
2024-06-17 09:40:00,1.91743,1.91765,1.91733,1.91742,546,0,0
2024-06-17 09:45:00,1.91742,1.91785,1.91737,1.9173900000000001,539,0,0
2024-06-17 09:50:00,1.9173900000000001,1.9176600000000001,1.91738,1.91758,447,0,0
2024-06-17 09:55:00,1.91758,1.91783,1.91747,1.9175499999999999,542,0,0
2024-06-17 10:00:00,1.9175499999999999,1.91784,1.91747,1.9177499999999998,451,0,0
2024-06-17 10:05:00,1.9177499999999998,1.91791,1.91757,1.91777,550,0,0
2024-06-17 10:10:00,1.91777,1.91805,1.9177,1.91776,622,3,0
2024-06-17 10:15:00,1.91776,1.9179300000000001,1.91758,1.9179300000000001,485,1,0
2024-06-17 10:20:00,1.91794,1.9180199999999998,1.91745,1.91757,548,1,0
2024-06-17 10:25:00,1.91757,1.91771,1.91738,1.9175,497,0,0
2024-06-17 10:30:00,1.9175,1.91769,1.91722,1.9175499999999999,715,1,0
2024-06-17 10:35:00,1.9175499999999999,1.91779,1.91742,1.91749,528,1,0
2024-06-17 10:40:00,1.91749,1.9180199999999998,1.91744,1.91795,457,3,0
2024-06-17 10:45:00,1.91795,1.9180899999999999,1.91771,1.91803,499,3,0
2024-06-17 10:50:00,1.91803,1.9181,1.9178,1.91785,461,0,0
2024-06-17 10:55:00,1.9178600000000001,1.91798,1.91744,1.9175,487,2,0
2024-06-17 11:00:00,1.9174799999999999,1.91787,1.91734,1.91777,559,2,0
2024-06-17 11:05:00,1.91777,1.91821,1.91772,1.9179599999999999,435,0,0
2024-06-17 11:10:00,1.9179599999999999,1.91846,1.9178199999999999,1.91835,421,0,0
2024-06-17 11:15:00,1.91835,1.9189,1.91824,1.91883,472,0,0
2024-06-17 11:20:00,1.91883,1.91901,1.91878,1.9189,432,0,0
2024-06-17 11:25:00,1.9189,1.9191099999999999,1.91871,1.91893,512,0,0
2024-06-17 11:30:00,1.91893,1.9203000000000001,1.91891,1.92024,619,0,0
2024-06-17 11:35:00,1.92024,1.92099,1.92021,1.92075,788,2,0
2024-06-17 11:40:00,1.92073,1.92104,1.92059,1.9209800000000001,542,1,0
2024-06-17 11:45:00,1.92099,1.92099,1.92059,1.92088,542,0,0
2024-06-17 11:50:00,1.92088,1.92102,1.92058,1.92085,614,1,0
2024-06-17 11:55:00,1.92085,1.92104,1.92062,1.9206699999999999,626,1,0
2024-06-17 12:00:00,1.92066,1.92113,1.92049,1.92085,1061,2,0
2024-06-17 12:05:00,1.92085,1.92107,1.92074,1.9209800000000001,899,1,0
2024-06-17 12:10:00,1.9209800000000001,1.921,1.92059,1.92075,822,2,0
2024-06-17 12:15:00,1.92075,1.92095,1.92062,1.92069,617,0,0
2024-06-17 12:20:00,1.92068,1.92096,1.92045,1.92073,903,1,0
2024-06-17 12:25:00,1.92073,1.9213,1.92057,1.92057,647,2,0
2024-06-17 12:30:00,1.9205999999999999,1.9218600000000001,1.92059,1.92185,991,0,0
2024-06-17 12:35:00,1.92185,1.9224700000000001,1.92184,1.9224299999999999,1095,2,0
2024-06-17 12:40:00,1.9224299999999999,1.92272,1.92215,1.92245,803,2,0
2024-06-17 12:45:00,1.92245,1.92305,1.9224,1.92292,710,1,0
2024-06-17 12:50:00,1.92291,1.9233799999999999,1.9228,1.9228100000000001,873,0,0
2024-06-17 12:55:00,1.9228,1.92289,1.9217499999999998,1.9218,997,1,0
2024-06-17 13:00:00,1.9218,1.92183,1.92107,1.92146,745,3,0
2024-06-17 13:05:00,1.92146,1.92153,1.92088,1.92097,821,3,0
2024-06-17 13:10:00,1.92096,1.9210500000000001,1.92073,1.92089,658,0,0
2024-06-17 13:15:00,1.92089,1.92097,1.92045,1.92062,756,1,0
2024-06-17 13:20:00,1.92062,1.92081,1.91995,1.9201899999999998,939,4,0
2024-06-17 13:25:00,1.9201899999999998,1.92039,1.9199199999999998,1.92025,803,2,0
2024-06-17 13:30:00,1.92024,1.92138,1.9199899999999999,1.92035,1283,0,0
2024-06-17 13:35:00,1.92035,1.92092,1.92035,1.92054,1157,2,0
2024-06-17 13:40:00,1.92054,1.92099,1.92047,1.92083,1048,1,0
2024-06-17 13:45:00,1.92083,1.92088,1.92028,1.92074,1120,1,0
2024-06-17 13:50:00,1.92072,1.92097,1.9203700000000001,1.9207,793,1,0
2024-06-17 13:55:00,1.9207,1.92075,1.92022,1.92065,1125,1,0
2024-06-17 14:00:00,1.92065,1.92163,1.92041,1.92157,910,0,0
2024-06-17 14:05:00,1.92157,1.92302,1.92153,1.92283,1080,0,0
2024-06-17 14:10:00,1.92283,1.9234900000000001,1.92276,1.9232200000000002,947,0,0
2024-06-17 14:15:00,1.9232200000000002,1.9234200000000001,1.9227699999999999,1.92309,1077,0,0
2024-06-17 14:20:00,1.92309,1.9232900000000002,1.9228800000000001,1.92317,1018,2,0
2024-06-17 14:25:00,1.92317,1.92382,1.92312,1.9234499999999999,1050,0,0
2024-06-17 14:30:00,1.92348,1.92355,1.9228100000000001,1.92299,906,2,0
2024-06-17 14:35:00,1.92299,1.92316,1.92264,1.92285,958,0,0
2024-06-17 14:40:00,1.92285,1.9234,1.9228100000000001,1.9232399999999998,742,1,0
2024-06-17 14:45:00,1.9232399999999998,1.92366,1.9232200000000002,1.9235799999999998,727,2,0
2024-06-17 14:50:00,1.9235799999999998,1.92373,1.92287,1.92299,1072,2,0
2024-06-17 14:55:00,1.9229500000000002,1.92346,1.9227400000000001,1.92323,907,0,0
2024-06-17 15:00:00,1.92321,1.92334,1.92265,1.92275,1077,0,0
2024-06-17 15:05:00,1.92275,1.92294,1.92248,1.92275,805,3,0
2024-06-17 15:10:00,1.92275,1.92309,1.9226100000000002,1.9228399999999999,631,0,0
2024-06-17 15:15:00,1.92285,1.92328,1.92278,1.92317,635,0,0
2024-06-17 15:20:00,1.92317,1.9232399999999998,1.92221,1.9222700000000001,764,0,0
2024-06-17 15:25:00,1.92225,1.92271,1.9221599999999999,1.92269,663,0,0
2024-06-17 15:30:00,1.92269,1.92328,1.92265,1.92316,744,3,0
2024-06-17 15:35:00,1.92316,1.92354,1.92314,1.9234499999999999,796,1,0
2024-06-17 15:40:00,1.9234499999999999,1.92351,1.92276,1.9229699999999998,829,0,0
2024-06-17 15:45:00,1.9229699999999998,1.9231099999999999,1.92266,1.92301,583,0,0
2024-06-17 15:50:00,1.92301,1.92323,1.92279,1.92309,491,2,0
2024-06-17 15:55:00,1.92309,1.9233500000000001,1.9228399999999999,1.9231099999999999,657,0,0
2024-06-17 16:00:00,1.9231099999999999,1.92326,1.9228,1.92293,658,0,0
2024-06-17 16:05:00,1.92293,1.92319,1.92279,1.92293,372,3,0
2024-06-17 16:10:00,1.92292,1.9230399999999999,1.92244,1.92267,630,0,0
2024-06-17 16:15:00,1.92267,1.9227400000000001,1.9221,1.92212,669,0,0
2024-06-17 16:20:00,1.92212,1.9221300000000001,1.9218199999999999,1.92206,593,2,0
2024-06-17 16:25:00,1.92205,1.92225,1.9217300000000002,1.9218199999999999,659,0,0
2024-06-17 16:30:00,1.92181,1.92181,1.92142,1.9217499999999998,590,0,0
2024-06-17 16:35:00,1.92174,1.9220199999999998,1.92157,1.9217499999999998,645,0,0
2024-06-17 16:40:00,1.92176,1.92192,1.92161,1.9218899999999999,670,0,0
2024-06-17 16:45:00,1.9218899999999999,1.9221,1.9216199999999999,1.92207,656,3,0
2024-06-17 16:50:00,1.92207,1.92219,1.92178,1.92199,512,2,0
2024-06-17 16:55:00,1.9220000000000002,1.9223400000000002,1.9215499999999999,1.92185,674,0,0
2024-06-17 17:00:00,1.92185,1.92185,1.92135,1.92163,519,0,0
2024-06-17 17:05:00,1.92163,1.92168,1.9214799999999999,1.9216199999999999,185,2,0
2024-06-17 17:10:00,1.9216199999999999,1.92178,1.92153,1.9217,364,2,0
2024-06-17 17:15:00,1.9217,1.92178,1.92154,1.92172,613,2,0
2024-06-17 17:20:00,1.92172,1.92178,1.92145,1.92145,574,5,0
2024-06-17 17:25:00,1.9214799999999999,1.92178,1.9214099999999998,1.9215,653,5,0
2024-06-17 17:30:00,1.92149,1.92177,1.92143,1.92163,589,3,0
2024-06-17 17:35:00,1.92163,1.92164,1.92126,1.92131,779,2,0
2024-06-17 17:40:00,1.92131,1.92167,1.92127,1.92137,438,1,0
2024-06-17 17:45:00,1.92138,1.92151,1.9209800000000001,1.92142,518,3,0
2024-06-17 17:50:00,1.92142,1.92151,1.9212500000000001,1.92127,582,0,0
2024-06-17 17:55:00,1.9212799999999999,1.92144,1.9211399999999998,1.92131,507,0,0
2024-06-17 18:00:00,1.92131,1.92135,1.9211200000000002,1.92116,839,2,0
2024-06-17 18:05:00,1.92116,1.92117,1.9204599999999998,1.92048,990,3,0
2024-06-17 18:10:00,1.9204599999999998,1.92082,1.9204599999999998,1.92081,839,2,0
2024-06-17 18:15:00,1.92082,1.92123,1.9207100000000001,1.92108,727,1,0
2024-06-17 18:20:00,1.92108,1.9214799999999999,1.92103,1.92124,795,1,0
2024-06-17 18:25:00,1.92124,1.9215200000000001,1.92107,1.92116,634,4,0
2024-06-17 18:30:00,1.92116,1.9212,1.92079,1.92083,695,3,0
2024-06-17 18:35:00,1.92083,1.92116,1.92079,1.92109,439,4,0
2024-06-17 18:40:00,1.92109,1.92113,1.92088,1.92099,467,3,0
2024-06-17 18:45:00,1.92099,1.92107,1.92081,1.92081,574,1,0
2024-06-17 18:50:00,1.92081,1.92096,1.92066,1.92092,451,3,0
2024-06-17 18:55:00,1.92092,1.92099,1.92076,1.9208699999999999,540,5,0
2024-06-17 19:00:00,1.92088,1.9210500000000001,1.92069,1.9209399999999999,409,2,0
2024-06-17 19:05:00,1.9209399999999999,1.9211399999999998,1.9209100000000001,1.9210099999999999,474,2,0
2024-06-17 19:10:00,1.9210099999999999,1.9211399999999998,1.92081,1.92086,524,4,0
2024-06-17 19:15:00,1.92086,1.92102,1.9207800000000002,1.9209100000000001,507,3,0
2024-06-17 19:20:00,1.9209100000000001,1.9209800000000001,1.92081,1.92088,361,5,0
2024-06-17 19:25:00,1.92088,1.92089,1.92069,1.92072,479,5,0
2024-06-17 19:30:00,1.92073,1.9209399999999999,1.9207100000000001,1.92074,724,4,0
2024-06-17 19:35:00,1.92074,1.92107,1.92068,1.92104,716,5,0
2024-06-17 19:40:00,1.92104,1.9210500000000001,1.92077,1.92102,582,4,0
2024-06-17 19:45:00,1.92102,1.92111,1.92083,1.92085,653,4,0
2024-06-17 19:50:00,1.92085,1.92106,1.92069,1.92093,698,5,0
2024-06-17 19:55:00,1.92093,1.92093,1.92043,1.92047,898,6,0
2024-06-17 20:00:00,1.9204599999999998,1.9210099999999999,1.9204599999999998,1.9209,355,4,0
2024-06-17 20:05:00,1.9209,1.9209100000000001,1.92075,1.92084,203,3,0
2024-06-17 20:10:00,1.92085,1.92102,1.92079,1.92099,198,4,0
2024-06-17 20:15:00,1.9209800000000001,1.92104,1.92086,1.921,182,8,0
2024-06-17 20:20:00,1.921,1.92102,1.92088,1.92096,123,8,0
2024-06-17 20:25:00,1.92096,1.92117,1.92093,1.9211,142,7,0
2024-06-17 20:30:00,1.9211,1.92143,1.92109,1.92129,134,7,0
2024-06-17 20:35:00,1.92129,1.92131,1.92109,1.9211399999999998,47,6,0
2024-06-17 20:40:00,1.9211399999999998,1.92124,1.92103,1.92122,93,8,0
2024-06-17 20:45:00,1.92122,1.9213900000000002,1.92116,1.92134,99,7,0
2024-06-17 20:50:00,1.92134,1.9214799999999999,1.92117,1.9212099999999999,141,9,0
2024-06-17 20:55:00,1.9212099999999999,1.9212099999999999,1.9208699999999999,1.92104,143,9,0
2024-06-17 21:00:00,1.92102,1.92102,1.91849,1.9191500000000001,23,37,0
2024-06-17 21:05:00,1.91944,1.9214099999999998,1.91944,1.92077,64,105,0
2024-06-17 21:10:00,1.92081,1.92081,1.9203299999999999,1.92049,53,38,0
2024-06-17 21:15:00,1.92049,1.92049,1.9201700000000002,1.9201700000000002,8,60,0
2024-06-17 21:20:00,1.9201700000000002,1.9201700000000002,1.92004,1.92009,7,77,0
2024-06-17 21:25:00,1.92009,1.92049,1.92009,1.92049,6,59,0
2024-06-17 21:30:00,1.92049,1.9213,1.92028,1.92102,41,67,0
2024-06-17 21:35:00,1.9210099999999999,1.92147,1.9210099999999999,1.9212799999999999,80,46,0
2024-06-17 21:40:00,1.9213,1.9213,1.9206400000000001,1.92083,44,29,0
2024-06-17 21:45:00,1.92083,1.9210099999999999,1.92059,1.92099,42,54,0
2024-06-17 21:50:00,1.92099,1.92156,1.92093,1.9214799999999999,142,29,0
2024-06-17 21:55:00,1.9214799999999999,1.92149,1.92093,1.92106,91,26,0
2024-06-17 22:00:00,1.92106,1.9215200000000001,1.9207100000000001,1.92074,106,0,0
2024-06-17 22:05:00,1.92074,1.92095,1.9207,1.92086,28,17,0
2024-06-17 22:10:00,1.92086,1.92086,1.92072,1.92077,39,15,0
2024-06-17 22:15:00,1.92077,1.92081,1.92062,1.92068,30,15,0
2024-06-17 22:20:00,1.92068,1.9208699999999999,1.92068,1.92083,50,12,0
2024-06-17 22:25:00,1.92083,1.92085,1.92072,1.92077,43,11,0
2024-06-17 22:30:00,1.92077,1.92084,1.92068,1.9207800000000002,71,5,0
2024-06-17 22:35:00,1.9207800000000002,1.92086,1.92068,1.9207800000000002,66,6,0
2024-06-17 22:40:00,1.9207800000000002,1.92097,1.92077,1.92082,83,4,0
2024-06-17 22:45:00,1.92081,1.9209100000000001,1.92062,1.92081,127,0,0
2024-06-17 22:50:00,1.9207999999999998,1.9209100000000001,1.9207,1.9207800000000002,56,4,0
2024-06-17 22:55:00,1.92077,1.92086,1.92065,1.92084,90,5,0
2024-06-17 23:00:00,1.92085,1.92137,1.92081,1.92134,308,3,0
2024-06-17 23:05:00,1.92134,1.92149,1.92118,1.9214799999999999,145,3,0
2024-06-17 23:10:00,1.9214799999999999,1.9216600000000001,1.92127,1.92138,178,2,0
2024-06-17 23:15:00,1.92138,1.92163,1.92127,1.9215499999999999,193,1,0
2024-06-17 23:20:00,1.9215499999999999,1.9216,1.9213900000000002,1.92145,250,0,0
2024-06-17 23:25:00,1.92145,1.9218,1.92145,1.9215,238,1,0
2024-06-17 23:30:00,1.9215,1.92171,1.92145,1.9216,252,2,0
2024-06-17 23:35:00,1.9216,1.92172,1.92144,1.9215900000000001,118,6,0
2024-06-17 23:40:00,1.9215900000000001,1.92174,1.92149,1.92151,160,5,0
2024-06-17 23:45:00,1.9215,1.9215,1.92096,1.921,324,0,0
2024-06-17 23:50:00,1.92099,1.92145,1.92097,1.92111,316,2,0
2024-06-17 23:55:00,1.92111,1.92113,1.9206699999999999,1.9211200000000002,273,0,0
2024-06-18 00:00:00,1.9211200000000002,1.92116,1.92048,1.92084,633,0,0
2024-06-18 00:05:00,1.92084,1.9216,1.92084,1.92156,581,0,0
2024-06-18 00:10:00,1.92156,1.92167,1.9212,1.9214799999999999,573,0,0
2024-06-18 00:15:00,1.9214799999999999,1.9214799999999999,1.92104,1.92122,486,2,0
2024-06-18 00:20:00,1.92123,1.92138,1.9210500000000001,1.92113,345,3,0
2024-06-18 00:25:00,1.92113,1.92119,1.92099,1.92115,321,6,0
2024-06-18 00:30:00,1.92115,1.92119,1.92028,1.92034,450,4,0
2024-06-18 00:35:00,1.92034,1.9205,1.9203000000000001,1.9204599999999998,468,2,0
2024-06-18 00:40:00,1.9204599999999998,1.92061,1.92012,1.92023,442,0,0
2024-06-18 00:45:00,1.92023,1.92029,1.91988,1.92004,396,0,0
2024-06-18 00:50:00,1.92004,1.9204599999999998,1.91996,1.92034,471,2,0
2024-06-18 00:55:00,1.92038,1.92109,1.9203700000000001,1.92099,688,1,0
2024-06-18 01:00:00,1.92099,1.92102,1.92024,1.92027,525,1,0
2024-06-18 01:05:00,1.92027,1.9203999999999999,1.9199899999999999,1.9202599999999999,474,2,0
2024-06-18 01:10:00,1.9202599999999999,1.92088,1.92024,1.9207100000000001,564,3,0
2024-06-18 01:15:00,1.9207100000000001,1.92074,1.9203299999999999,1.92035,437,1,0
2024-06-18 01:20:00,1.92035,1.92134,1.92034,1.9209100000000001,724,3,0
2024-06-18 01:25:00,1.9209,1.921,1.9207,1.9207100000000001,436,1,0
2024-06-18 01:30:00,1.9207100000000001,1.92079,1.92021,1.9205299999999998,752,0,0
2024-06-18 01:35:00,1.9205299999999998,1.92102,1.9205,1.92082,771,0,0
2024-06-18 01:40:00,1.92082,1.92178,1.9204599999999998,1.92146,771,0,0
2024-06-18 01:45:00,1.92146,1.9216199999999999,1.9210500000000001,1.92157,514,0,0
2024-06-18 01:50:00,1.92157,1.9219,1.9213900000000002,1.92145,531,2,0
2024-06-18 01:55:00,1.92142,1.92207,1.9212099999999999,1.9218199999999999,567,2,0
2024-06-18 02:00:00,1.92181,1.92194,1.92136,1.9216600000000001,664,2,0
2024-06-18 02:05:00,1.9216600000000001,1.92168,1.92107,1.92136,680,0,0
2024-06-18 02:10:00,1.92134,1.92136,1.92075,1.92082,549,0,0
2024-06-18 02:15:00,1.92079,1.92089,1.92047,1.92079,436,0,0
2024-06-18 02:20:00,1.92079,1.92116,1.9207100000000001,1.92108,304,2,0
2024-06-18 02:25:00,1.92106,1.92123,1.92068,1.92082,458,2,0
2024-06-18 02:30:00,1.9207999999999998,1.92115,1.9203999999999999,1.92045,506,2,0
2024-06-18 02:35:00,1.92045,1.92048,1.91988,1.91989,667,4,0
2024-06-18 02:40:00,1.91989,1.92023,1.91971,1.91993,524,0,0
2024-06-18 02:45:00,1.91993,1.92038,1.91993,1.92025,416,0,0
2024-06-18 02:50:00,1.92025,1.9207,1.92018,1.92069,366,1,0
2024-06-18 02:55:00,1.9207,1.92073,1.92034,1.9205,414,0,0
2024-06-18 03:00:00,1.92049,1.92113,1.9203999999999999,1.92107,388,0,0
2024-06-18 03:05:00,1.92106,1.92123,1.92073,1.92116,388,3,0
2024-06-18 03:10:00,1.92116,1.92116,1.92074,1.92113,386,0,0
2024-06-18 03:15:00,1.92113,1.92142,1.92103,1.9212500000000001,447,2,0
2024-06-18 03:20:00,1.92127,1.9214,1.9210500000000001,1.92122,417,3,0
2024-06-18 03:25:00,1.92122,1.9213200000000001,1.921,1.92108,250,2,0
2024-06-18 03:30:00,1.92108,1.9215200000000001,1.92099,1.9215200000000001,421,0,0
2024-06-18 03:35:00,1.9215200000000001,1.92161,1.92127,1.92131,392,3,0
2024-06-18 03:40:00,1.92131,1.9218199999999999,1.92119,1.92179,322,3,0
2024-06-18 03:45:00,1.92179,1.92187,1.92151,1.9215900000000001,266,2,0
2024-06-18 03:50:00,1.9215900000000001,1.92176,1.9215499999999999,1.92156,380,4,0
2024-06-18 03:55:00,1.92156,1.92165,1.92123,1.92156,284,4,0
2024-06-18 04:00:00,1.92156,1.92197,1.92153,1.92178,344,2,0
2024-06-18 04:05:00,1.92179,1.92196,1.92156,1.92161,225,0,0
2024-06-18 04:10:00,1.92161,1.92194,1.9215499999999999,1.92184,279,3,0
2024-06-18 04:15:00,1.92184,1.92187,1.92156,1.92183,265,3,0
2024-06-18 04:20:00,1.92183,1.92195,1.9216199999999999,1.92181,327,1,0
2024-06-18 04:25:00,1.92181,1.92224,1.92135,1.92135,318,4,0
2024-06-18 04:30:00,1.92122,1.92334,1.92001,1.92014,833,1,0
2024-06-18 04:35:00,1.92011,1.9201899999999998,1.91892,1.91997,945,0,0
2024-06-18 04:40:00,1.91996,1.92032,1.91981,1.92002,617,0,0
2024-06-18 04:45:00,1.91996,1.92063,1.91988,1.92054,518,2,0
2024-06-18 04:50:00,1.92054,1.92079,1.92035,1.92063,449,2,0
2024-06-18 04:55:00,1.92065,1.92122,1.92052,1.92093,525,0,0
2024-06-18 05:00:00,1.9209399999999999,1.92117,1.92005,1.92021,490,2,0
2024-06-18 05:05:00,1.92023,1.9203000000000001,1.91993,1.9200599999999999,300,1,0
2024-06-18 05:10:00,1.9200599999999999,1.92013,1.919,1.919,362,0,0
2024-06-18 05:15:00,1.91902,1.91927,1.9185699999999999,1.9186800000000002,438,3,0
2024-06-18 05:20:00,1.9186800000000002,1.91892,1.91848,1.9186100000000001,394,2,0
2024-06-18 05:25:00,1.91859,1.91892,1.91828,1.9184999999999999,297,0,0
2024-06-18 05:30:00,1.9184999999999999,1.9191099999999999,1.9172099999999999,1.91723,843,1,0
2024-06-18 05:35:00,1.9172099999999999,1.9173200000000001,1.91584,1.91615,847,0,0
2024-06-18 05:40:00,1.91614,1.9165999999999999,1.91587,1.91659,592,0,0
2024-06-18 05:45:00,1.91659,1.91754,1.91604,1.91618,861,0,0
2024-06-18 05:50:00,1.91618,1.91632,1.91577,1.91594,619,0,0
2024-06-18 05:55:00,1.91594,1.91608,1.9155,1.9159899999999999,572,0,0
2024-06-18 06:00:00,1.9159899999999999,1.9159899999999999,1.91544,1.91559,814,0,0
2024-06-18 06:05:00,1.91559,1.9169800000000001,1.91559,1.91679,846,0,0
2024-06-18 06:10:00,1.91679,1.91723,1.91628,1.91713,816,0,0
2024-06-18 06:15:00,1.91713,1.9173200000000001,1.91659,1.91665,648,0,0
2024-06-18 06:20:00,1.91665,1.91665,1.91585,1.91612,905,0,0
2024-06-18 06:25:00,1.91612,1.91612,1.91478,1.91482,873,0,0
2024-06-18 06:30:00,1.91482,1.9148399999999999,1.91401,1.91414,898,0,0
2024-06-18 06:35:00,1.91414,1.9148399999999999,1.91383,1.91482,797,0,0
2024-06-18 06:40:00,1.91482,1.91491,1.9137,1.91394,988,1,0
2024-06-18 06:45:00,1.91394,1.91544,1.9139,1.91543,1063,0,0
2024-06-18 06:50:00,1.91543,1.91595,1.91501,1.91533,881,0,0
2024-06-18 06:55:00,1.91533,1.91568,1.9152,1.9154900000000001,950,1,0
2024-06-18 07:00:00,1.9154900000000001,1.91561,1.9148100000000001,1.9154200000000001,1072,2,0
2024-06-18 07:05:00,1.9154200000000001,1.9157899999999999,1.91525,1.9156300000000002,816,0,0
2024-06-18 07:10:00,1.9156300000000002,1.91591,1.91536,1.91588,932,3,0
2024-06-18 07:15:00,1.91588,1.91609,1.9155,1.91593,1212,0,0
2024-06-18 07:20:00,1.91593,1.91657,1.91588,1.9163000000000001,1014,1,0
2024-06-18 07:25:00,1.9163000000000001,1.91641,1.91501,1.916,971,0,0
2024-06-18 07:30:00,1.916,1.9163700000000001,1.9156900000000001,1.91614,877,0,0
2024-06-18 07:35:00,1.91612,1.91638,1.91586,1.91631,1101,0,0
2024-06-18 07:40:00,1.91631,1.91684,1.9161700000000002,1.91652,813,0,0
2024-06-18 07:45:00,1.91654,1.9168500000000002,1.9160300000000001,1.9160300000000001,972,0,0
2024-06-18 07:50:00,1.91604,1.9165999999999999,1.91596,1.91596,754,0,0
2024-06-18 07:55:00,1.91596,1.91686,1.91586,1.91679,919,0,0
2024-06-18 08:00:00,1.91679,1.91757,1.91649,1.9173200000000001,1083,0,0
2024-06-18 08:05:00,1.91737,1.91791,1.91719,1.91781,932,0,0
2024-06-18 08:10:00,1.91781,1.91838,1.91777,1.91821,772,1,0
2024-06-18 08:15:00,1.91821,1.9188399999999999,1.91805,1.91866,757,1,0
2024-06-18 08:20:00,1.9186299999999998,1.9188,1.91806,1.91872,916,0,0
2024-06-18 08:25:00,1.91873,1.91883,1.91842,1.9184999999999999,839,0,0
2024-06-18 08:30:00,1.9184999999999999,1.91856,1.91724,1.9173,871,0,0
2024-06-18 08:35:00,1.91731,1.9173499999999999,1.91692,1.91731,878,1,0
2024-06-18 08:40:00,1.91731,1.91754,1.91699,1.91706,652,0,0
2024-06-18 08:45:00,1.9170500000000001,1.91726,1.91654,1.91661,753,0,0
2024-06-18 08:50:00,1.91661,1.9169,1.9165,1.9167100000000001,721,0,0
2024-06-18 08:55:00,1.9167,1.91676,1.91628,1.9167,574,0,0
2024-06-18 09:00:00,1.9167,1.9174799999999999,1.91628,1.91643,943,0,0
2024-06-18 09:05:00,1.91643,1.9169,1.9161299999999999,1.9166699999999999,1001,3,0
2024-06-18 09:10:00,1.9166699999999999,1.91722,1.91666,1.9167,947,1,0
2024-06-18 09:15:00,1.9167,1.91704,1.9165,1.9166400000000001,1115,0,0
2024-06-18 09:20:00,1.91663,1.91676,1.9162599999999999,1.91676,926,0,0
2024-06-18 09:25:00,1.91677,1.9175,1.9167399999999999,1.91743,922,0,0
2024-06-18 09:30:00,1.91742,1.9176600000000001,1.91715,1.91724,931,0,0
2024-06-18 09:35:00,1.91724,1.91726,1.9166699999999999,1.91676,659,3,0
2024-06-18 09:40:00,1.91676,1.91686,1.91654,1.91686,784,0,0
2024-06-18 09:45:00,1.91686,1.9169100000000001,1.91618,1.91621,575,0,0
2024-06-18 09:50:00,1.91621,1.9165999999999999,1.91618,1.9165999999999999,668,0,0
2024-06-18 09:55:00,1.9165999999999999,1.9171399999999998,1.91654,1.91699,820,2,0
2024-06-18 10:00:00,1.917,1.91703,1.9161299999999999,1.9162599999999999,698,0,0
2024-06-18 10:05:00,1.9162599999999999,1.9167999999999998,1.91615,1.91669,615,1,0
2024-06-18 10:10:00,1.91669,1.91692,1.91661,1.91683,646,1,0
2024-06-18 10:15:00,1.91683,1.91688,1.91574,1.91582,577,1,0
2024-06-18 10:20:00,1.9158300000000001,1.9158300000000001,1.9154,1.91562,648,1,0
2024-06-18 10:25:00,1.91562,1.9167100000000001,1.91561,1.91657,638,0,0
2024-06-18 10:30:00,1.91657,1.91673,1.91623,1.91656,706,0,0
2024-06-18 10:35:00,1.91656,1.91676,1.91625,1.91631,561,0,0
2024-06-18 10:40:00,1.91631,1.91666,1.91618,1.9163999999999999,570,0,0
2024-06-18 10:45:00,1.9163999999999999,1.91695,1.91638,1.9166699999999999,759,1,0
2024-06-18 10:50:00,1.91666,1.91695,1.91654,1.9168500000000002,842,1,0
2024-06-18 10:55:00,1.9168500000000002,1.91736,1.91681,1.9173200000000001,651,0,0
2024-06-18 11:00:00,1.9173200000000001,1.91757,1.91719,1.91743,694,2,0
2024-06-18 11:05:00,1.91742,1.91771,1.91719,1.91761,707,0,0
2024-06-18 11:10:00,1.9176199999999999,1.91763,1.91717,1.91744,716,0,0
2024-06-18 11:15:00,1.91744,1.91791,1.91742,1.91781,462,0,0
2024-06-18 11:20:00,1.91781,1.91835,1.91749,1.9181599999999999,496,0,0
2024-06-18 11:25:00,1.9181599999999999,1.91846,1.91795,1.9179599999999999,806,4,0
2024-06-18 11:30:00,1.91795,1.91818,1.9178,1.91799,735,0,0
2024-06-18 11:35:00,1.91799,1.9180700000000002,1.91737,1.9177,607,3,0
2024-06-18 11:40:00,1.91772,1.91783,1.91711,1.9172799999999999,593,5,0
2024-06-18 11:45:00,1.9172799999999999,1.9173,1.91639,1.91643,499,0,0
2024-06-18 11:50:00,1.91643,1.91697,1.91628,1.91697,486,1,0
2024-06-18 11:55:00,1.91696,1.91711,1.9165100000000002,1.91703,525,0,0
2024-06-18 12:00:00,1.91702,1.9175499999999999,1.9169399999999999,1.91704,1046,0,0
2024-06-18 12:05:00,1.91707,1.9172099999999999,1.91676,1.91702,585,1,0
2024-06-18 12:10:00,1.91702,1.9172099999999999,1.91657,1.91689,589,0,0
2024-06-18 12:15:00,1.91689,1.9169399999999999,1.91578,1.9158,696,1,0
2024-06-18 12:20:00,1.9158,1.91641,1.9157199999999999,1.91593,436,0,0
2024-06-18 12:25:00,1.9159199999999998,1.91641,1.91584,1.91641,365,2,0
2024-06-18 12:30:00,1.91628,1.9164400000000001,1.9143599999999998,1.91494,2784,5,0
2024-06-18 12:35:00,1.91494,1.91524,1.9145400000000001,1.91458,2182,0,0
2024-06-18 12:40:00,1.91458,1.91496,1.91401,1.9144299999999999,1883,1,0
2024-06-18 12:45:00,1.9144299999999999,1.91499,1.91414,1.91491,1611,0,0
2024-06-18 12:50:00,1.9148800000000001,1.91524,1.91448,1.9151099999999999,1369,0,0
2024-06-18 12:55:00,1.91512,1.91559,1.91489,1.9153099999999998,1190,2,0
2024-06-18 13:00:00,1.9153,1.9156499999999999,1.91449,1.91465,1425,0,0
2024-06-18 13:05:00,1.91465,1.9148399999999999,1.91397,1.91413,1266,0,0
2024-06-18 13:10:00,1.9141599999999999,1.91439,1.91357,1.9139300000000001,1201,0,0
2024-06-18 13:15:00,1.91391,1.91465,1.9137499999999998,1.91422,1353,1,0
2024-06-18 13:20:00,1.9142000000000001,1.91507,1.9141599999999999,1.91473,880,0,0
2024-06-18 13:25:00,1.91476,1.91494,1.91452,1.9147699999999999,992,0,0
2024-06-18 13:30:00,1.91476,1.9157,1.91425,1.91561,1557,0,0
2024-06-18 13:35:00,1.9156,1.9157199999999999,1.91467,1.91471,1408,0,0
2024-06-18 13:40:00,1.91471,1.91473,1.91309,1.91311,1398,0,0
2024-06-18 13:45:00,1.91311,1.91418,1.91299,1.9137,1214,0,0
2024-06-18 13:50:00,1.91371,1.9137499999999998,1.9127800000000001,1.91322,1180,0,0
2024-06-18 13:55:00,1.91322,1.9135,1.9129399999999999,1.91349,996,0,0
2024-06-18 14:00:00,1.9134600000000002,1.9137300000000002,1.91269,1.91306,1064,0,0
2024-06-18 14:05:00,1.91307,1.91361,1.91211,1.91225,945,1,0
2024-06-18 14:10:00,1.91225,1.9127,1.91185,1.91252,1213,1,0
2024-06-18 14:15:00,1.91252,1.91299,1.91193,1.91229,1095,0,0
2024-06-18 14:20:00,1.9123,1.91242,1.9113,1.9113799999999999,1085,0,0
2024-06-18 14:25:00,1.9113799999999999,1.9115799999999998,1.91086,1.91101,1035,0,0
2024-06-18 14:30:00,1.91101,1.91132,1.9104700000000001,1.91114,1247,0,0
2024-06-18 14:35:00,1.91116,1.9113099999999998,1.91072,1.91121,1281,0,0
2024-06-18 14:40:00,1.91121,1.91175,1.91094,1.91123,1225,0,0
2024-06-18 14:45:00,1.91124,1.91135,1.91046,1.9106100000000001,1045,0,0
2024-06-18 14:50:00,1.9106100000000001,1.91162,1.91032,1.91153,1849,0,0
2024-06-18 14:55:00,1.91153,1.91184,1.9106800000000002,1.9106999999999998,1501,0,0
2024-06-18 15:00:00,1.91072,1.91103,1.91015,1.91032,1410,0,0
2024-06-18 15:05:00,1.91032,1.91062,1.90999,1.9100700000000002,1147,1,0
2024-06-18 15:10:00,1.91008,1.91033,1.9096199999999999,1.9102299999999999,1054,0,0
2024-06-18 15:15:00,1.91022,1.91038,1.90951,1.90958,1220,0,0
2024-06-18 15:20:00,1.90957,1.91005,1.9094600000000002,1.90961,1014,1,0
2024-06-18 15:25:00,1.9096199999999999,1.91001,1.9091399999999998,1.90918,915,1,0
2024-06-18 15:30:00,1.90918,1.90923,1.90821,1.9085999999999999,917,0,0
2024-06-18 15:35:00,1.9085999999999999,1.90895,1.90834,1.90839,772,2,0
2024-06-18 15:40:00,1.90836,1.90872,1.90822,1.9083,1047,1,0
2024-06-18 15:45:00,1.90831,1.90846,1.90794,1.9080300000000001,841,0,0
2024-06-18 15:50:00,1.9080300000000001,1.90822,1.90789,1.90802,765,2,0
2024-06-18 15:55:00,1.9080300000000001,1.90886,1.90802,1.9088,807,2,0
2024-06-18 16:00:00,1.9088,1.9089,1.9083,1.90865,886,0,0
2024-06-18 16:05:00,1.90865,1.90865,1.9079899999999999,1.908,805,0,0
2024-06-18 16:10:00,1.908,1.90816,1.90775,1.9078,671,3,0
2024-06-18 16:15:00,1.9078,1.90827,1.9077,1.90811,522,3,0
2024-06-18 16:20:00,1.90811,1.9083,1.9078,1.90788,595,1,0
2024-06-18 16:25:00,1.90788,1.90804,1.9077,1.9079899999999999,703,3,0
2024-06-18 16:30:00,1.90798,1.90854,1.90789,1.90841,643,3,0
2024-06-18 16:35:00,1.90841,1.90855,1.9080599999999999,1.90843,607,0,0
2024-06-18 16:40:00,1.90843,1.9088500000000002,1.9083700000000001,1.9087800000000001,666,1,0
2024-06-18 16:45:00,1.90881,1.90903,1.90857,1.90863,609,0,0
2024-06-18 16:50:00,1.90862,1.90866,1.90836,1.90866,567,5,0
2024-06-18 16:55:00,1.90866,1.9089399999999999,1.9085299999999998,1.90891,726,6,0
2024-06-18 17:00:00,1.90892,1.90934,1.90879,1.90916,1106,0,0
2024-06-18 17:05:00,1.90916,1.9093,1.90902,1.9091900000000002,797,0,0
2024-06-18 17:10:00,1.9092099999999999,1.90941,1.90886,1.90911,877,3,0
2024-06-18 17:15:00,1.90911,1.9093900000000001,1.90903,1.90918,691,5,0
2024-06-18 17:20:00,1.90917,1.90953,1.90915,1.9092,804,0,0
2024-06-18 17:25:00,1.9092,1.9097300000000001,1.90913,1.9093900000000001,778,0,0
2024-06-18 17:30:00,1.9093900000000001,1.91018,1.90934,1.91015,684,0,0
2024-06-18 17:35:00,1.91014,1.91022,1.9098899999999999,1.91004,661,0,0
2024-06-18 17:40:00,1.91003,1.91008,1.90974,1.9097499999999998,617,3,0
2024-06-18 17:45:00,1.9097499999999998,1.9098000000000002,1.9095,1.90967,744,3,0
2024-06-18 17:50:00,1.90967,1.91002,1.90965,1.90984,645,4,0
2024-06-18 17:55:00,1.90984,1.90999,1.9096600000000001,1.9099599999999999,615,2,0
2024-06-18 18:00:00,1.9099599999999999,1.91062,1.90983,1.91035,933,1,0
2024-06-18 18:05:00,1.9103599999999998,1.91039,1.9100000000000001,1.9100000000000001,641,0,0
2024-06-18 18:10:00,1.9100000000000001,1.9100700000000002,1.90977,1.90977,651,0,0
2024-06-18 18:15:00,1.90978,1.90994,1.90961,1.9096899999999999,525,4,0
2024-06-18 18:20:00,1.9097,1.90985,1.90945,1.90954,495,3,0
2024-06-18 18:25:00,1.90954,1.9098899999999999,1.90951,1.9098199999999999,601,3,0
2024-06-18 18:30:00,1.9098199999999999,1.91015,1.9097499999999998,1.91003,624,2,0
2024-06-18 18:35:00,1.91003,1.91014,1.90987,1.9098899999999999,745,4,0
2024-06-18 18:40:00,1.9098899999999999,1.90994,1.90937,1.9096899999999999,692,4,0
2024-06-18 18:45:00,1.9097,1.90971,1.90949,1.9096,621,6,0
2024-06-18 18:50:00,1.9096,1.90964,1.90941,1.9095499999999999,565,3,0
2024-06-18 18:55:00,1.9095499999999999,1.9095499999999999,1.90882,1.90924,856,0,0
2024-06-18 19:00:00,1.90924,1.9100899999999998,1.90922,1.91006,804,0,0
2024-06-18 19:05:00,1.91006,1.91017,1.9098600000000001,1.9099599999999999,571,0,0
2024-06-18 19:10:00,1.90997,1.91003,1.90979,1.9099,450,6,0
2024-06-18 19:15:00,1.9099,1.9099599999999999,1.90974,1.90994,450,5,0
2024-06-18 19:20:00,1.90994,1.90999,1.90971,1.90984,453,4,0
2024-06-18 19:25:00,1.90984,1.9099,1.90957,1.90977,739,7,0
2024-06-18 19:30:00,1.90977,1.90984,1.90956,1.90958,513,3,0
2024-06-18 19:35:00,1.90958,1.9099300000000001,1.90954,1.9096899999999999,586,3,0
2024-06-18 19:40:00,1.9096899999999999,1.90981,1.9095900000000001,1.90976,447,5,0
2024-06-18 19:45:00,1.90976,1.90987,1.90968,1.90974,455,3,0
2024-06-18 19:50:00,1.90974,1.90976,1.90933,1.90937,476,5,0
2024-06-18 19:55:00,1.90937,1.90949,1.90916,1.9092099999999999,694,2,0
2024-06-18 20:00:00,1.9092099999999999,1.90938,1.90915,1.9093200000000001,276,6,0
2024-06-18 20:05:00,1.9093200000000001,1.9095499999999999,1.9093,1.9095,224,3,0
2024-06-18 20:10:00,1.9095,1.9095499999999999,1.90922,1.90933,269,9,0
2024-06-18 20:15:00,1.90933,1.90941,1.9092099999999999,1.90938,190,7,0
2024-06-18 20:20:00,1.90938,1.90941,1.90917,1.9092,126,5,0
2024-06-18 20:25:00,1.9092,1.90926,1.90907,1.90909,101,8,0
2024-06-18 20:30:00,1.90909,1.90949,1.90906,1.90941,167,5,0
2024-06-18 20:35:00,1.90941,1.9094799999999998,1.9093,1.9093499999999999,118,11,0
2024-06-18 20:40:00,1.9093499999999999,1.90965,1.90933,1.90958,144,7,0
2024-06-18 20:45:00,1.90958,1.90965,1.90954,1.90956,37,6,0
2024-06-18 20:50:00,1.90956,1.90956,1.90945,1.90945,19,5,0
2024-06-18 20:55:00,1.90945,1.90945,1.909,1.90918,124,8,0
2024-06-18 21:00:00,1.9090799999999999,1.9090799999999999,1.90564,1.9077,35,35,0
2024-06-18 21:05:00,1.9077,1.90889,1.9077,1.9087399999999999,19,128,0
2024-06-18 21:10:00,1.9087399999999999,1.90922,1.90869,1.9091,40,103,0
2024-06-18 21:15:00,1.90907,1.90953,1.9085800000000002,1.90952,110,60,0
2024-06-18 21:20:00,1.90952,1.90952,1.90888,1.90896,21,45,0
2024-06-18 21:25:00,1.9089800000000001,1.90913,1.9089800000000001,1.90907,24,71,0
2024-06-18 21:30:00,1.90907,1.9091900000000002,1.9090099999999999,1.90917,59,76,0
2024-06-18 21:35:00,1.90917,1.90937,1.90904,1.90918,85,47,0
2024-06-18 21:40:00,1.90918,1.9094,1.90911,1.90911,373,27,0
2024-06-18 21:45:00,1.9091,1.90949,1.9091,1.9091900000000002,373,24,0
2024-06-18 21:50:00,1.90926,1.9093200000000001,1.90859,1.90859,224,19,0
2024-06-18 21:55:00,1.90859,1.90937,1.90859,1.90909,168,45,0
2024-06-18 22:00:00,1.90909,1.90968,1.9088,1.90886,145,11,0
2024-06-18 22:05:00,1.90886,1.909,1.9088500000000002,1.90888,52,10,0
2024-06-18 22:10:00,1.90888,1.9089399999999999,1.90886,1.90889,34,12,0
2024-06-18 22:15:00,1.90889,1.90903,1.90886,1.9089399999999999,59,13,0
2024-06-18 22:20:00,1.9089399999999999,1.90909,1.90892,1.90903,47,14,0
2024-06-18 22:25:00,1.90903,1.9091,1.90883,1.90883,91,15,0
2024-06-18 22:30:00,1.90883,1.9089399999999999,1.90849,1.9085299999999998,74,13,0
2024-06-18 22:35:00,1.9085299999999998,1.90868,1.90842,1.9086400000000001,117,13,0
2024-06-18 22:40:00,1.9086400000000001,1.9088500000000002,1.90862,1.90875,73,14,0
2024-06-18 22:45:00,1.90875,1.90876,1.90861,1.90875,54,11,0
2024-06-18 22:50:00,1.90875,1.90876,1.9085999999999999,1.90868,36,12,0
2024-06-18 22:55:00,1.90868,1.9088500000000002,1.90868,1.9088,38,13,0
2024-06-18 23:00:00,1.9087800000000001,1.90889,1.9086400000000001,1.9086699999999999,105,10,0
2024-06-18 23:05:00,1.90866,1.90877,1.90857,1.90857,91,3,0
2024-06-18 23:10:00,1.90857,1.9085800000000002,1.90842,1.90854,86,7,0
2024-06-18 23:15:00,1.9085299999999998,1.9087100000000001,1.90845,1.90859,135,2,0
2024-06-18 23:20:00,1.90859,1.9085999999999999,1.90839,1.90854,132,3,0
2024-06-18 23:25:00,1.90854,1.9086699999999999,1.90842,1.90845,190,2,0
2024-06-18 23:30:00,1.90845,1.9085299999999998,1.9083700000000001,1.90838,107,4,0
2024-06-18 23:35:00,1.90838,1.90849,1.90834,1.90846,106,7,0
2024-06-18 23:40:00,1.90846,1.90848,1.90827,1.90828,85,7,0
2024-06-18 23:45:00,1.90828,1.9083,1.90814,1.90815,117,1,0
2024-06-18 23:50:00,1.90815,1.90815,1.90755,1.90764,220,2,0
2024-06-18 23:55:00,1.90764,1.90787,1.90757,1.90758,262,0,0
2024-06-19 00:00:00,1.90758,1.90762,1.90717,1.90737,530,1,0
2024-06-19 00:05:00,1.90737,1.9074,1.90708,1.90721,516,4,0
2024-06-19 00:10:00,1.90721,1.9073799999999999,1.9072,1.9072900000000002,532,3,0
2024-06-19 00:15:00,1.90728,1.90754,1.90725,1.90735,315,5,0
2024-06-19 00:20:00,1.90735,1.9073799999999999,1.90709,1.90714,330,5,0
2024-06-19 00:25:00,1.90714,1.9073799999999999,1.90705,1.90733,261,5,0
2024-06-19 00:30:00,1.90733,1.9076300000000002,1.9073,1.90743,224,4,0
2024-06-19 00:35:00,1.90744,1.90758,1.9074,1.9075199999999999,316,2,0
2024-06-19 00:40:00,1.9075199999999999,1.9075600000000001,1.90719,1.90724,449,1,0
2024-06-19 00:45:00,1.90724,1.9072900000000002,1.90701,1.9071500000000001,219,5,0
2024-06-19 00:50:00,1.9071500000000001,1.90746,1.90712,1.90716,295,0,0
2024-06-19 00:55:00,1.90714,1.90719,1.9067699999999999,1.90697,410,1,0
2024-06-19 01:00:00,1.90697,1.90701,1.9064,1.90649,406,0,0
2024-06-19 01:05:00,1.90649,1.90656,1.90619,1.90631,434,1,0
2024-06-19 01:10:00,1.9062999999999999,1.90667,1.90629,1.90646,269,0,0
2024-06-19 01:15:00,1.90646,1.90655,1.90591,1.90594,427,1,0
2024-06-19 01:20:00,1.90594,1.90648,1.90583,1.9064100000000002,374,0,0
2024-06-19 01:25:00,1.9064100000000002,1.90719,1.9064100000000002,1.9071099999999999,392,0,0
2024-06-19 01:30:00,1.9071099999999999,1.9076,1.9070399999999998,1.90734,633,1,0
2024-06-19 01:35:00,1.90734,1.9075600000000001,1.90723,1.9074,371,3,0
2024-06-19 01:40:00,1.9074,1.90744,1.9066800000000002,1.90671,407,1,0
2024-06-19 01:45:00,1.90672,1.90675,1.90614,1.90639,546,3,0
2024-06-19 01:50:00,1.90639,1.90662,1.90618,1.90662,481,1,0
2024-06-19 01:55:00,1.90662,1.90699,1.90648,1.90674,494,0,0
2024-06-19 02:00:00,1.90674,1.9068800000000001,1.90658,1.90685,414,0,0
2024-06-19 02:05:00,1.90685,1.90719,1.90666,1.90706,378,0,0
2024-06-19 02:10:00,1.90708,1.90727,1.90682,1.90693,382,0,0
2024-06-19 02:15:00,1.90693,1.90705,1.9066100000000001,1.9067699999999999,557,0,0
2024-06-19 02:20:00,1.9067699999999999,1.90683,1.90644,1.90658,280,1,0
2024-06-19 02:25:00,1.90658,1.9066100000000001,1.90614,1.90644,311,0,0
2024-06-19 02:30:00,1.90644,1.9064999999999999,1.90612,1.9064100000000002,351,3,0
2024-06-19 02:35:00,1.9064100000000002,1.90663,1.90632,1.90652,421,0,0
2024-06-19 02:40:00,1.90652,1.90656,1.9061599999999999,1.90622,303,2,0
2024-06-19 02:45:00,1.90622,1.90652,1.90611,1.9064999999999999,317,2,0
2024-06-19 02:50:00,1.90651,1.90682,1.90651,1.90664,425,0,0
2024-06-19 02:55:00,1.90664,1.9069099999999999,1.90662,1.90676,264,1,0
2024-06-19 03:00:00,1.90676,1.90686,1.90658,1.90667,256,1,0
2024-06-19 03:05:00,1.90667,1.90672,1.90644,1.90652,308,2,0
2024-06-19 03:10:00,1.90652,1.90673,1.9064299999999998,1.90651,351,3,0
2024-06-19 03:15:00,1.90651,1.90696,1.90648,1.9068800000000001,303,0,0
2024-06-19 03:20:00,1.90686,1.9074,1.90686,1.90735,343,3,0
2024-06-19 03:25:00,1.90734,1.9074499999999999,1.90721,1.9073099999999998,313,3,0
2024-06-19 03:30:00,1.9073,1.90777,1.90725,1.9077600000000001,510,2,0
2024-06-19 03:35:00,1.9077600000000001,1.90794,1.9076300000000002,1.90769,327,0,0
2024-06-19 03:40:00,1.90769,1.90777,1.90758,1.90771,208,0,0
2024-06-19 03:45:00,1.9077199999999999,1.9081000000000001,1.90771,1.9077600000000001,245,1,0
2024-06-19 03:50:00,1.9077600000000001,1.90781,1.90764,1.90774,164,2,0
2024-06-19 03:55:00,1.90774,1.90786,1.9076300000000002,1.90786,166,1,0
2024-06-19 04:00:00,1.90786,1.90808,1.90762,1.90766,167,2,0
2024-06-19 04:05:00,1.90766,1.90773,1.90755,1.9077,216,2,0
2024-06-19 04:10:00,1.9077,1.90791,1.90727,1.9073600000000002,229,3,0
2024-06-19 04:15:00,1.9073600000000002,1.9074900000000001,1.90725,1.90728,188,4,0
2024-06-19 04:20:00,1.90728,1.9073,1.90703,1.90726,167,4,0
2024-06-19 04:25:00,1.90726,1.90737,1.90708,1.9071099999999999,178,2,0
2024-06-19 04:30:00,1.9071099999999999,1.9071500000000001,1.90669,1.90669,198,2,0
2024-06-19 04:35:00,1.90669,1.90674,1.90652,1.90663,252,1,0
2024-06-19 04:40:00,1.90664,1.90682,1.90649,1.90658,173,0,0
2024-06-19 04:45:00,1.90658,1.9068399999999999,1.90653,1.90673,112,2,0
2024-06-19 04:50:00,1.90673,1.90723,1.9066999999999998,1.90723,207,4,0
2024-06-19 04:55:00,1.90723,1.90723,1.9070399999999998,1.9071099999999999,171,4,0
2024-06-19 05:00:00,1.9071099999999999,1.9072900000000002,1.9070200000000002,1.90717,286,0,0
2024-06-19 05:05:00,1.90717,1.90726,1.9067699999999999,1.90701,285,2,0
2024-06-19 05:10:00,1.9070200000000002,1.90714,1.90685,1.90686,260,3,0
2024-06-19 05:15:00,1.90686,1.90699,1.9065400000000001,1.9066100000000001,397,1,0
2024-06-19 05:20:00,1.90662,1.9070200000000002,1.90644,1.90646,384,2,0
2024-06-19 05:25:00,1.90646,1.90655,1.90598,1.90598,283,0,0
2024-06-19 05:30:00,1.90598,1.90649,1.90586,1.90645,415,0,0
2024-06-19 05:35:00,1.90645,1.90653,1.90619,1.90633,387,1,0
2024-06-19 05:40:00,1.90633,1.90639,1.9059300000000001,1.90626,356,0,0
2024-06-19 05:45:00,1.90628,1.90632,1.9059599999999999,1.90606,333,3,0
2024-06-19 05:50:00,1.90606,1.9061,1.90531,1.9054,307,5,0
2024-06-19 05:55:00,1.9054,1.9055900000000001,1.90454,1.90534,470,3,0
2024-06-19 06:00:00,1.90491,1.90735,1.90484,1.90552,1122,0,0
2024-06-19 06:05:00,1.90556,1.90617,1.90527,1.9059,600,0,0
2024-06-19 06:10:00,1.9059,1.9064299999999998,1.90563,1.9062700000000001,602,0,0
2024-06-19 06:15:00,1.90621,1.90639,1.90599,1.90617,613,0,0
2024-06-19 06:20:00,1.90617,1.90638,1.90579,1.90613,481,0,0
2024-06-19 06:25:00,1.90612,1.90624,1.90586,1.90624,554,1,0
2024-06-19 06:30:00,1.90624,1.9073099999999998,1.90618,1.9072200000000001,760,0,0
2024-06-19 06:35:00,1.9072200000000001,1.9081700000000001,1.90706,1.90801,674,0,0
2024-06-19 06:40:00,1.90801,1.9083,1.9072,1.90735,513,0,0
2024-06-19 06:45:00,1.90735,1.9079199999999998,1.90733,1.9078300000000001,438,0,0
2024-06-19 06:50:00,1.9078300000000001,1.90829,1.90775,1.90812,662,0,0
2024-06-19 06:55:00,1.90812,1.90812,1.90748,1.90773,729,1,0
2024-06-19 07:00:00,1.9077199999999999,1.90777,1.90723,1.9073099999999998,773,0,0
2024-06-19 07:05:00,1.9073099999999998,1.90778,1.9071799999999999,1.9075600000000001,666,0,0
2024-06-19 07:10:00,1.9075600000000001,1.90789,1.9073099999999998,1.90755,742,1,0
2024-06-19 07:15:00,1.90755,1.90791,1.90732,1.90773,948,3,0
2024-06-19 07:20:00,1.90773,1.90777,1.90685,1.90754,873,2,0
2024-06-19 07:25:00,1.90754,1.9077,1.9071799999999999,1.90751,723,3,0
2024-06-19 07:30:00,1.90751,1.90762,1.90671,1.90692,685,0,0
2024-06-19 07:35:00,1.9069,1.90727,1.9069,1.90726,718,0,0
2024-06-19 07:40:00,1.90726,1.90747,1.90692,1.90732,650,0,0
2024-06-19 07:45:00,1.90733,1.90791,1.90728,1.90758,601,2,0
2024-06-19 07:50:00,1.90758,1.90795,1.90744,1.90767,683,4,0
2024-06-19 07:55:00,1.90767,1.90795,1.90735,1.9074499999999999,788,4,0
2024-06-19 08:00:00,1.9074499999999999,1.90819,1.90743,1.9078300000000001,733,1,0
2024-06-19 08:05:00,1.9078300000000001,1.90798,1.9075199999999999,1.90796,492,1,0
2024-06-19 08:10:00,1.90796,1.90816,1.9077199999999999,1.9079700000000002,491,0,0
2024-06-19 08:15:00,1.9079700000000002,1.90804,1.90748,1.90754,556,2,0
2024-06-19 08:20:00,1.9075600000000001,1.90802,1.9074499999999999,1.90764,597,2,0
2024-06-19 08:25:00,1.90764,1.90798,1.9074499999999999,1.90789,604,0,0
2024-06-19 08:30:00,1.90789,1.90816,1.90764,1.908,655,0,0
2024-06-19 08:35:00,1.9079899999999999,1.90825,1.90778,1.90821,606,2,0
2024-06-19 08:40:00,1.90821,1.90865,1.9082,1.90841,479,0,0
2024-06-19 08:45:00,1.90841,1.90852,1.908,1.90827,492,5,0
2024-06-19 08:50:00,1.90827,1.90859,1.9082599999999998,1.90859,511,3,0
2024-06-19 08:55:00,1.90859,1.90882,1.90852,1.90859,649,0,0
2024-06-19 09:00:00,1.90859,1.9087,1.90819,1.90845,703,1,0
2024-06-19 09:05:00,1.90845,1.90861,1.90819,1.90854,652,2,0
2024-06-19 09:10:00,1.90854,1.90862,1.90828,1.90845,500,2,0
2024-06-19 09:15:00,1.90845,1.90861,1.9077600000000001,1.9078300000000001,588,0,0
2024-06-19 09:20:00,1.90784,1.90808,1.9074900000000001,1.90788,715,0,0
2024-06-19 09:25:00,1.90788,1.90798,1.9075199999999999,1.9077199999999999,592,0,0
2024-06-19 09:30:00,1.9077199999999999,1.9079700000000002,1.9076300000000002,1.90786,680,0,0
2024-06-19 09:35:00,1.90786,1.90818,1.9078,1.90782,538,0,0
2024-06-19 09:40:00,1.9078300000000001,1.90841,1.90766,1.90839,592,1,0
2024-06-19 09:45:00,1.90839,1.9091,1.9082599999999998,1.90904,430,0,0
2024-06-19 09:50:00,1.90904,1.9090799999999999,1.90842,1.90877,521,0,0
2024-06-19 09:55:00,1.90877,1.90892,1.90863,1.90865,443,0,0
2024-06-19 10:00:00,1.9086699999999999,1.9087800000000001,1.9085100000000002,1.90862,512,0,0
2024-06-19 10:05:00,1.90863,1.90906,1.9085999999999999,1.90886,413,0,0
2024-06-19 10:10:00,1.90886,1.90899,1.9086400000000001,1.9087399999999999,429,1,0
2024-06-19 10:15:00,1.9087399999999999,1.90879,1.9083299999999999,1.9085299999999998,483,1,0
2024-06-19 10:20:00,1.9085299999999998,1.90866,1.90829,1.9083700000000001,406,0,0
2024-06-19 10:25:00,1.9083700000000001,1.90855,1.90814,1.90836,402,0,0
2024-06-19 10:30:00,1.90836,1.90862,1.90795,1.9079700000000002,523,0,0
2024-06-19 10:35:00,1.9079700000000002,1.90807,1.90754,1.90787,575,0,0
2024-06-19 10:40:00,1.90786,1.90793,1.9077,1.90793,499,0,0
2024-06-19 10:45:00,1.90793,1.90816,1.9078,1.90805,416,0,0
2024-06-19 10:50:00,1.9080599999999999,1.9087,1.90801,1.90827,461,2,0
2024-06-19 10:55:00,1.90827,1.9085800000000002,1.9082,1.9084699999999999,685,0,0
2024-06-19 11:00:00,1.90846,1.9085999999999999,1.90815,1.90818,858,2,0
2024-06-19 11:05:00,1.90818,1.90834,1.90784,1.9082599999999998,474,3,0
2024-06-19 11:10:00,1.9082599999999998,1.9084699999999999,1.90808,1.90846,397,0,0
2024-06-19 11:15:00,1.90846,1.9087100000000001,1.90839,1.9085299999999998,479,1,0
2024-06-19 11:20:00,1.9085299999999998,1.90859,1.90836,1.9084699999999999,475,3,0
2024-06-19 11:25:00,1.90849,1.9085800000000002,1.9082400000000002,1.9083,351,2,0
2024-06-19 11:30:00,1.9083,1.9083700000000001,1.9081000000000001,1.90823,352,3,0
2024-06-19 11:35:00,1.90823,1.90845,1.9080300000000001,1.90805,422,4,0
2024-06-19 11:40:00,1.90805,1.90821,1.90788,1.90818,380,2,0
2024-06-19 11:45:00,1.90818,1.90822,1.90774,1.9080599999999999,485,4,0
2024-06-19 11:50:00,1.9080599999999999,1.90838,1.9079899999999999,1.90838,449,0,0
2024-06-19 11:55:00,1.90838,1.90917,1.90838,1.9089800000000001,534,2,0
2024-06-19 12:00:00,1.90897,1.9093200000000001,1.9089,1.9092799999999999,786,1,0
2024-06-19 12:05:00,1.9092799999999999,1.90934,1.90899,1.9091900000000002,647,0,0
2024-06-19 12:10:00,1.90917,1.9094799999999998,1.90904,1.90926,618,0,0
2024-06-19 12:15:00,1.9092500000000001,1.9094600000000002,1.9089399999999999,1.9093900000000001,563,0,0
2024-06-19 12:20:00,1.9094,1.9095900000000001,1.90904,1.9090500000000001,676,0,0
2024-06-19 12:25:00,1.9090500000000001,1.9092799999999999,1.90892,1.9091399999999998,731,0,0
2024-06-19 12:30:00,1.90915,1.90915,1.90838,1.9083999999999999,529,0,0
2024-06-19 12:35:00,1.90841,1.90886,1.90841,1.9087,593,0,0
2024-06-19 12:40:00,1.9087,1.90879,1.90823,1.90834,626,1,0
2024-06-19 12:45:00,1.90836,1.90843,1.90766,1.90774,649,2,0
2024-06-19 12:50:00,1.90774,1.90774,1.90693,1.90712,772,2,0
2024-06-19 12:55:00,1.9071099999999999,1.90712,1.90652,1.9068399999999999,834,0,0
2024-06-19 13:00:00,1.9068399999999999,1.90703,1.90656,1.90692,782,0,0
2024-06-19 13:05:00,1.90692,1.90719,1.90686,1.90693,675,1,0
2024-06-19 13:10:00,1.9069500000000001,1.9071799999999999,1.90673,1.9071799999999999,635,1,0
2024-06-19 13:15:00,1.9071799999999999,1.9074499999999999,1.90712,1.90713,638,3,0
2024-06-19 13:20:00,1.90713,1.9072900000000002,1.90697,1.90706,684,5,0
2024-06-19 13:25:00,1.90706,1.90708,1.90682,1.90692,758,0,0
2024-06-19 13:30:00,1.9069099999999999,1.90725,1.90683,1.90714,594,0,0
2024-06-19 13:35:00,1.90714,1.90734,1.9070200000000002,1.90728,481,0,0
2024-06-19 13:40:00,1.90728,1.9074200000000001,1.90699,1.90701,529,1,0
2024-06-19 13:45:00,1.90701,1.90725,1.90694,1.90709,575,1,0
2024-06-19 13:50:00,1.90709,1.90773,1.9070200000000002,1.90727,584,0,0
2024-06-19 13:55:00,1.90727,1.90737,1.90674,1.9069099999999999,418,0,0
2024-06-19 14:00:00,1.9069099999999999,1.9072,1.9066999999999998,1.90701,673,0,0
2024-06-19 14:05:00,1.907,1.90743,1.90683,1.90689,524,2,0
2024-06-19 14:10:00,1.9068800000000001,1.9073099999999998,1.9068800000000001,1.90709,472,0,0
2024-06-19 14:15:00,1.90709,1.90732,1.9068800000000001,1.90698,548,1,0
2024-06-19 14:20:00,1.90699,1.90754,1.90696,1.9074900000000001,473,0,0
2024-06-19 14:25:00,1.9074900000000001,1.90777,1.9073600000000002,1.9073799999999999,575,3,0
2024-06-19 14:30:00,1.9073799999999999,1.90827,1.9073799999999999,1.90808,545,0,0
2024-06-19 14:35:00,1.90808,1.9085800000000002,1.90808,1.90856,427,2,0
2024-06-19 14:40:00,1.90856,1.9085999999999999,1.908,1.9083299999999999,539,1,0
2024-06-19 14:45:00,1.90832,1.90842,1.90767,1.90774,552,0,0
2024-06-19 14:50:00,1.90774,1.90823,1.90768,1.9080300000000001,594,0,0
2024-06-19 14:55:00,1.9080300000000001,1.90807,1.9072,1.90725,827,0,0
2024-06-19 15:00:00,1.90725,1.9072900000000002,1.90656,1.90705,940,0,0
2024-06-19 15:05:00,1.9070399999999998,1.9074900000000001,1.90689,1.9069,633,2,0
2024-06-19 15:10:00,1.9069099999999999,1.90728,1.90672,1.90712,556,4,0
2024-06-19 15:15:00,1.90712,1.90726,1.907,1.90703,516,0,0
2024-06-19 15:20:00,1.90703,1.90747,1.90703,1.90712,326,3,0
2024-06-19 15:25:00,1.90713,1.90773,1.9071,1.90746,370,0,0
2024-06-19 15:30:00,1.90746,1.90746,1.9071,1.9071799999999999,297,0,0
2024-06-19 15:35:00,1.9071799999999999,1.90724,1.90693,1.90705,275,1,0
2024-06-19 15:40:00,1.90705,1.90719,1.90686,1.90696,392,0,0
2024-06-19 15:45:00,1.90696,1.9070200000000002,1.9066,1.90671,381,0,0
2024-06-19 15:50:00,1.90672,1.90672,1.9064999999999999,1.9065400000000001,312,0,0
2024-06-19 15:55:00,1.9065400000000001,1.90678,1.90638,1.90645,277,2,0
2024-06-19 16:00:00,1.9064299999999998,1.90645,1.9061,1.90639,372,4,0
2024-06-19 16:05:00,1.90639,1.9066800000000002,1.9063400000000001,1.90662,227,5,0
2024-06-19 16:10:00,1.90662,1.9068399999999999,1.9066100000000001,1.9066800000000002,155,8,0
2024-06-19 16:15:00,1.9066800000000002,1.90689,1.9066800000000002,1.9068,279,5,0
2024-06-19 16:20:00,1.9068,1.90682,1.90659,1.90666,277,4,0
2024-06-19 16:25:00,1.90667,1.90675,1.90664,1.90669,231,3,0
2024-06-19 16:30:00,1.9066800000000002,1.90689,1.90663,1.9068800000000001,183,3,0
2024-06-19 16:35:00,1.9068800000000001,1.90697,1.9067699999999999,1.90694,181,5,0
2024-06-19 16:40:00,1.90694,1.907,1.9069,1.9069,150,5,0
2024-06-19 16:45:00,1.9069099999999999,1.9069099999999999,1.90655,1.9066100000000001,357,0,0
2024-06-19 16:50:00,1.9066100000000001,1.90675,1.90656,1.90675,350,4,0
2024-06-19 16:55:00,1.90675,1.9068399999999999,1.90659,1.90665,318,3,0
2024-06-19 17:00:00,1.90666,1.90685,1.90656,1.90685,96,5,0
2024-06-19 17:05:00,1.90685,1.90692,1.90679,1.9068,92,3,0
2024-06-19 17:10:00,1.9068100000000001,1.9069500000000001,1.90679,1.9068399999999999,56,5,0
2024-06-19 17:15:00,1.9068399999999999,1.9071799999999999,1.90682,1.9071799999999999,43,2,0
2024-06-19 17:20:00,1.9071799999999999,1.90721,1.9070200000000002,1.9070200000000002,26,5,0
2024-06-19 17:25:00,1.9070200000000002,1.90712,1.90693,1.907,162,4,0
2024-06-19 17:30:00,1.907,1.907,1.90674,1.90675,124,5,0
2024-06-19 17:35:00,1.90675,1.90689,1.90631,1.90633,232,6,0
2024-06-19 17:40:00,1.90633,1.90638,1.90624,1.90636,68,5,0
2024-06-19 17:45:00,1.9064,1.9064,1.9061599999999999,1.90621,79,5,0
2024-06-19 17:50:00,1.90621,1.90633,1.90615,1.90626,59,0,0
2024-06-19 17:55:00,1.90626,1.90637,1.90617,1.90619,95,1,0
2024-06-19 18:00:00,1.90619,1.9065699999999999,1.90613,1.9063400000000001,115,6,0
2024-06-19 18:05:00,1.9063400000000001,1.90648,1.90633,1.90645,45,4,0
2024-06-19 18:10:00,1.90645,1.90649,1.90624,1.90628,57,8,0
2024-06-19 18:15:00,1.90626,1.90629,1.90624,1.90629,32,7,0
2024-06-19 18:20:00,1.90629,1.90642,1.90629,1.90632,45,3,0
2024-06-19 18:25:00,1.90632,1.90635,1.90629,1.90632,39,8,0
2024-06-19 18:30:00,1.90632,1.90632,1.9062299999999999,1.90624,25,4,0
2024-06-19 18:35:00,1.90624,1.9062999999999999,1.90622,1.9062299999999999,28,8,0
2024-06-19 18:40:00,1.9062299999999999,1.9064299999999998,1.9062299999999999,1.90639,80,4,0
2024-06-19 18:45:00,1.90639,1.90665,1.90639,1.90648,76,4,0
2024-06-19 18:50:00,1.90648,1.90664,1.90633,1.90664,78,5,0
2024-06-19 18:55:00,1.90663,1.9069099999999999,1.90663,1.9069099999999999,51,4,0
2024-06-19 19:00:00,1.90692,1.90706,1.9068,1.9068,61,2,0
2024-06-19 19:05:00,1.9068,1.9068100000000001,1.90673,1.9068,13,4,0
2024-06-19 19:10:00,1.9068,1.90687,1.90662,1.90666,35,3,0
2024-06-19 19:15:00,1.90666,1.90679,1.90663,1.90669,101,7,0
2024-06-19 19:20:00,1.9066999999999998,1.9066999999999998,1.90658,1.9066100000000001,20,4,0
2024-06-19 19:25:00,1.9066100000000001,1.90665,1.90647,1.90648,71,2,0
2024-06-19 19:30:00,1.90648,1.90658,1.90645,1.9065699999999999,56,11,0
2024-06-19 19:35:00,1.9065699999999999,1.90664,1.90646,1.90651,49,1,0
2024-06-19 19:40:00,1.90651,1.90655,1.90644,1.90644,75,12,0
2024-06-19 19:45:00,1.90644,1.90645,1.90628,1.90638,66,8,0
2024-06-19 19:50:00,1.90637,1.9064299999999998,1.9063400000000001,1.90639,192,9,0
2024-06-19 19:55:00,1.90639,1.90645,1.90625,1.90625,145,7,0
2024-06-19 20:00:00,1.90626,1.90638,1.90622,1.90631,68,5,0
2024-06-19 20:05:00,1.90631,1.90639,1.90624,1.9063400000000001,72,2,0
2024-06-19 20:10:00,1.90633,1.90644,1.90633,1.9064,37,3,0
2024-06-19 20:15:00,1.9064,1.90662,1.90635,1.90637,99,3,0
2024-06-19 20:20:00,1.90637,1.90642,1.9062999999999999,1.90636,58,6,0
2024-06-19 20:25:00,1.90636,1.90648,1.9063400000000001,1.90635,58,5,0
2024-06-19 20:30:00,1.90635,1.9064299999999998,1.90635,1.90638,40,8,0
2024-06-19 20:35:00,1.90638,1.9064299999999998,1.90631,1.9064,47,8,0
2024-06-19 20:40:00,1.9064,1.90648,1.90626,1.90639,65,9,0
2024-06-19 20:45:00,1.90639,1.9065400000000001,1.90632,1.90652,56,12,0
2024-06-19 20:50:00,1.9064999999999999,1.9064999999999999,1.90628,1.90637,62,10,0
2024-06-19 20:55:00,1.90638,1.90647,1.90551,1.90551,76,10,0
2024-06-19 21:00:00,1.9053900000000001,1.9053900000000001,1.90434,1.90434,26,200,0
2024-06-19 21:05:00,1.90434,1.90644,1.90412,1.90644,29,149,0
2024-06-19 21:10:00,1.90644,1.90669,1.90617,1.90642,36,91,0
2024-06-19 21:15:00,1.90642,1.9065699999999999,1.90635,1.90653,38,84,0
2024-06-19 21:20:00,1.90653,1.90683,1.90637,1.90683,35,85,0
2024-06-19 21:25:00,1.90639,1.90685,1.90639,1.90676,21,54,0
2024-06-19 21:30:00,1.90685,1.90686,1.90637,1.9064299999999998,38,49,0
2024-06-19 21:35:00,1.90636,1.90669,1.90636,1.90646,52,50,0
2024-06-19 21:40:00,1.90651,1.90659,1.90638,1.90659,46,69,0
2024-06-19 21:45:00,1.90659,1.90659,1.90624,1.90639,18,68,0
2024-06-19 21:50:00,1.90639,1.90687,1.90633,1.90673,92,46,0
2024-06-19 21:55:00,1.90673,1.90706,1.90663,1.90686,60,55,0
2024-06-19 22:00:00,1.90679,1.90679,1.90522,1.90635,321,3,0
2024-06-19 22:05:00,1.90635,1.90663,1.90631,1.9065699999999999,135,21,0
2024-06-19 22:10:00,1.9065699999999999,1.9065699999999999,1.90637,1.90653,50,17,0
2024-06-19 22:15:00,1.90653,1.90665,1.90648,1.90665,44,14,0
2024-06-19 22:20:00,1.90667,1.9068399999999999,1.90665,1.9068399999999999,38,16,0
2024-06-19 22:25:00,1.9068399999999999,1.90708,1.9068100000000001,1.90693,74,14,0
2024-06-19 22:30:00,1.90693,1.90696,1.90666,1.90686,77,9,0
2024-06-19 22:35:00,1.90686,1.90693,1.90678,1.90679,55,13,0
2024-06-19 22:40:00,1.90679,1.90692,1.90669,1.9067699999999999,69,14,0
2024-06-19 22:45:00,1.90672,1.90698,1.90614,1.90635,389,4,0
2024-06-19 22:50:00,1.90635,1.9066100000000001,1.9062000000000001,1.9062999999999999,227,0,0
2024-06-19 22:55:00,1.9062999999999999,1.9064,1.90618,1.90636,133,3,0
2024-06-19 23:00:00,1.90633,1.9063400000000001,1.9057,1.90588,155,3,0
2024-06-19 23:05:00,1.9058899999999999,1.90629,1.9058199999999998,1.90585,112,6,0
2024-06-19 23:10:00,1.90585,1.90606,1.90579,1.9058199999999998,120,6,0
2024-06-19 23:15:00,1.9058199999999998,1.90622,1.90575,1.90617,108,7,0
2024-06-19 23:20:00,1.90617,1.90624,1.90585,1.90606,111,6,0
2024-06-19 23:25:00,1.90606,1.90611,1.9058199999999998,1.90599,82,5,0
2024-06-19 23:30:00,1.90599,1.90613,1.90591,1.90601,104,7,0
2024-06-19 23:35:00,1.90601,1.90613,1.90592,1.90604,89,7,0
2024-06-19 23:40:00,1.90604,1.90606,1.90586,1.90594,83,6,0
2024-06-19 23:45:00,1.90594,1.9064100000000002,1.90594,1.90626,220,3,0
2024-06-19 23:50:00,1.90626,1.90626,1.90557,1.90565,282,0,0
2024-06-19 23:55:00,1.90565,1.90599,1.9055900000000001,1.90592,525,0,0
2024-06-20 00:00:00,1.90594,1.9062700000000001,1.90563,1.90584,568,2,0
2024-06-20 00:05:00,1.90584,1.90612,1.90575,1.9058199999999998,438,4,0
2024-06-20 00:10:00,1.90581,1.90606,1.9057300000000001,1.90595,442,1,0
2024-06-20 00:15:00,1.90599,1.90604,1.9058000000000002,1.90592,341,3,0
2024-06-20 00:20:00,1.90592,1.90614,1.90587,1.90601,287,2,0
2024-06-20 00:25:00,1.90601,1.90629,1.9060000000000001,1.9061599999999999,291,3,0
2024-06-20 00:30:00,1.90617,1.90647,1.9061599999999999,1.90618,345,2,0
2024-06-20 00:35:00,1.90618,1.9063400000000001,1.90603,1.90615,312,2,0
2024-06-20 00:40:00,1.90615,1.9061599999999999,1.9057300000000001,1.90575,370,7,0
2024-06-20 00:45:00,1.90575,1.90575,1.90496,1.9049800000000001,394,4,0
2024-06-20 00:50:00,1.9049800000000001,1.9054799999999998,1.90481,1.90542,516,0,0
2024-06-20 00:55:00,1.90541,1.90606,1.9053200000000001,1.9056600000000001,681,0,0
2024-06-20 01:00:00,1.9056600000000001,1.9056600000000001,1.905,1.90507,595,2,0
2024-06-20 01:05:00,1.90506,1.9054,1.90502,1.90518,440,2,0
2024-06-20 01:10:00,1.90518,1.9054600000000002,1.90511,1.90533,372,3,0
2024-06-20 01:15:00,1.90534,1.90674,1.90527,1.90612,1122,2,0
2024-06-20 01:20:00,1.90612,1.90618,1.90568,1.90614,733,2,0
2024-06-20 01:25:00,1.90615,1.90617,1.90563,1.90565,408,0,0
2024-06-20 01:30:00,1.90565,1.90575,1.90491,1.90529,644,0,0
2024-06-20 01:35:00,1.90529,1.9056,1.9048699999999998,1.9053499999999999,635,2,0
2024-06-20 01:40:00,1.9053499999999999,1.90542,1.90472,1.90499,603,4,0
2024-06-20 01:45:00,1.90499,1.90518,1.9046699999999999,1.9050799999999999,554,3,0
2024-06-20 01:50:00,1.9050799999999999,1.90529,1.9049,1.9050500000000001,437,5,0
2024-06-20 01:55:00,1.9050500000000001,1.90553,1.9050500000000001,1.90542,595,3,0
2024-06-20 02:00:00,1.90542,1.90617,1.9054,1.9059599999999999,443,3,0
2024-06-20 02:05:00,1.90595,1.90595,1.90556,1.90585,460,3,0
2024-06-20 02:10:00,1.90583,1.9058899999999999,1.90552,1.9056600000000001,314,1,0
2024-06-20 02:15:00,1.9056600000000001,1.90599,1.90556,1.90565,328,1,0
2024-06-20 02:20:00,1.90565,1.90586,1.90553,1.9055900000000001,325,4,0
2024-06-20 02:25:00,1.9055900000000001,1.9057300000000001,1.90516,1.9057300000000001,427,0,0
2024-06-20 02:30:00,1.90575,1.90624,1.9057300000000001,1.90613,444,2,0
2024-06-20 02:35:00,1.90614,1.90649,1.90595,1.90603,438,0,0
2024-06-20 02:40:00,1.90603,1.9061599999999999,1.90578,1.90585,429,0,0
2024-06-20 02:45:00,1.90585,1.90598,1.9055900000000001,1.90567,373,1,0
2024-06-20 02:50:00,1.90567,1.90581,1.90551,1.90572,418,0,0
2024-06-20 02:55:00,1.90572,1.9057300000000001,1.90529,1.90565,292,0,0
2024-06-20 03:00:00,1.90565,1.90581,1.90541,1.90545,272,2,0
2024-06-20 03:05:00,1.90545,1.90576,1.9053200000000001,1.90565,301,4,0
2024-06-20 03:10:00,1.90564,1.90567,1.9053200000000001,1.90547,293,0,0
2024-06-20 03:15:00,1.90547,1.90568,1.90515,1.9052099999999998,264,3,0
2024-06-20 03:20:00,1.9052099999999998,1.90541,1.90516,1.90536,236,2,0
2024-06-20 03:25:00,1.90536,1.90542,1.90515,1.90529,234,4,0
2024-06-20 03:30:00,1.90529,1.90557,1.90525,1.90544,310,3,0
2024-06-20 03:35:00,1.90544,1.90565,1.90527,1.90537,236,1,0
2024-06-20 03:40:00,1.90537,1.90538,1.90506,1.90507,235,1,0
2024-06-20 03:45:00,1.90507,1.90518,1.90489,1.90489,183,0,0
2024-06-20 03:50:00,1.90489,1.90492,1.90454,1.90475,179,1,0
2024-06-20 03:55:00,1.90475,1.9051399999999998,1.90465,1.90504,301,0,0
2024-06-20 04:00:00,1.90504,1.90511,1.90464,1.9046699999999999,245,1,0
2024-06-20 04:05:00,1.9046699999999999,1.90511,1.90465,1.9050799999999999,130,1,0
2024-06-20 04:10:00,1.9050799999999999,1.9053900000000001,1.90502,1.90533,92,1,0
2024-06-20 04:15:00,1.90533,1.90538,1.90476,1.90476,309,0,0
2024-06-20 04:20:00,1.90476,1.9050099999999999,1.90456,1.90484,232,0,0
2024-06-20 04:25:00,1.90484,1.90503,1.90483,1.90496,222,3,0
2024-06-20 04:30:00,1.90496,1.9055,1.90496,1.90541,291,2,0
2024-06-20 04:35:00,1.9054,1.90578,1.90529,1.90563,266,4,0
2024-06-20 04:40:00,1.90563,1.9056899999999999,1.90549,1.90553,207,3,0
2024-06-20 04:45:00,1.90553,1.90576,1.90544,1.90571,212,0,0
2024-06-20 04:50:00,1.90571,1.90583,1.90556,1.90577,184,4,0
2024-06-20 04:55:00,1.90577,1.9058199999999998,1.90549,1.9057,247,2,0
2024-06-20 05:00:00,1.9057,1.90584,1.90553,1.90557,261,0,0
2024-06-20 05:05:00,1.90557,1.9059,1.90552,1.90585,384,4,0
2024-06-20 05:10:00,1.90585,1.90594,1.9056600000000001,1.9058000000000002,193,4,0
2024-06-20 05:15:00,1.90579,1.90618,1.90576,1.90588,259,0,0
2024-06-20 05:20:00,1.90588,1.90618,1.90586,1.9058899999999999,322,0,0
2024-06-20 05:25:00,1.9058899999999999,1.90592,1.9055900000000001,1.90564,242,1,0
2024-06-20 05:30:00,1.9056199999999999,1.90611,1.9056199999999999,1.90602,429,2,0
2024-06-20 05:35:00,1.90603,1.9063400000000001,1.90586,1.9059300000000001,417,1,0
2024-06-20 05:40:00,1.90594,1.90599,1.90564,1.9058000000000002,344,3,0
2024-06-20 05:45:00,1.9058000000000002,1.90611,1.90578,1.9059599999999999,274,1,0
2024-06-20 05:50:00,1.9059599999999999,1.90617,1.90572,1.90577,408,2,0
2024-06-20 05:55:00,1.90577,1.90639,1.90558,1.90604,679,0,0
2024-06-20 06:00:00,1.90601,1.9066999999999998,1.9057300000000001,1.90639,638,0,0
2024-06-20 06:05:00,1.9064,1.9074,1.90637,1.90708,694,0,0
2024-06-20 06:10:00,1.90706,1.90719,1.9068399999999999,1.90689,414,0,0
2024-06-20 06:15:00,1.90689,1.9069099999999999,1.90597,1.9060700000000002,385,2,0
2024-06-20 06:20:00,1.9060700000000002,1.9062700000000001,1.9058000000000002,1.90595,480,2,0
2024-06-20 06:25:00,1.90595,1.90622,1.90579,1.90594,477,0,0
2024-06-20 06:30:00,1.90594,1.90601,1.90542,1.90557,778,1,0
2024-06-20 06:35:00,1.90557,1.90588,1.90544,1.90571,548,0,0
2024-06-20 06:40:00,1.9056899999999999,1.90586,1.9054600000000002,1.90571,515,0,0
2024-06-20 06:45:00,1.90571,1.90571,1.90531,1.90551,617,3,0
2024-06-20 06:50:00,1.90551,1.90576,1.90544,1.90575,407,0,0
2024-06-20 06:55:00,1.90575,1.90597,1.90536,1.90592,609,0,0
2024-06-20 07:00:00,1.90592,1.9062000000000001,1.9055499999999999,1.90578,893,0,0
2024-06-20 07:05:00,1.90577,1.90636,1.90575,1.90615,738,0,0
2024-06-20 07:10:00,1.90615,1.90639,1.90585,1.90603,557,0,0
2024-06-20 07:15:00,1.90604,1.90604,1.9053,1.90534,614,0,0
2024-06-20 07:20:00,1.90534,1.9054799999999998,1.90481,1.90495,630,0,0
2024-06-20 07:25:00,1.90495,1.9050500000000001,1.90422,1.90449,474,0,0
2024-06-20 07:30:00,1.90449,1.9046699999999999,1.90324,1.9043,1418,0,0
2024-06-20 07:35:00,1.9043,1.90439,1.9039899999999998,1.90415,1111,0,0
2024-06-20 07:40:00,1.90415,1.9050799999999999,1.9041299999999999,1.90504,997,0,0
2024-06-20 07:45:00,1.90504,1.9053200000000001,1.90464,1.90507,850,0,0
2024-06-20 07:50:00,1.9050799999999999,1.90537,1.9047399999999999,1.90492,894,0,0
2024-06-20 07:55:00,1.90492,1.9051200000000001,1.90486,1.90495,925,0,0
2024-06-20 08:00:00,1.90495,1.90547,1.9047399999999999,1.9052799999999999,1027,0,0
2024-06-20 08:05:00,1.90526,1.9055499999999999,1.9050799999999999,1.9052099999999998,1055,0,0
2024-06-20 08:10:00,1.9052099999999998,1.90529,1.90429,1.90431,822,0,0
2024-06-20 08:15:00,1.90431,1.90502,1.90419,1.90443,867,1,0
2024-06-20 08:20:00,1.90443,1.90476,1.90423,1.9043299999999999,781,3,0
2024-06-20 08:25:00,1.9043299999999999,1.90441,1.9039000000000001,1.90436,944,2,0
2024-06-20 08:30:00,1.90436,1.90442,1.90382,1.9042599999999998,1004,1,0
2024-06-20 08:35:00,1.9042599999999998,1.90434,1.9038599999999999,1.9041000000000001,667,1,0
2024-06-20 08:40:00,1.9041000000000001,1.90463,1.9041000000000001,1.9045999999999998,545,0,0
2024-06-20 08:45:00,1.90461,1.90502,1.90438,1.90482,761,0,0
2024-06-20 08:50:00,1.90483,1.9048500000000002,1.9043999999999999,1.90463,835,0,0
2024-06-20 08:55:00,1.90463,1.90503,1.90416,1.9043299999999999,807,0,0
2024-06-20 09:00:00,1.90434,1.90454,1.90396,1.90452,936,0,0
2024-06-20 09:05:00,1.90452,1.90525,1.90446,1.90483,823,0,0
2024-06-20 09:10:00,1.9048699999999998,1.90537,1.9047100000000001,1.90529,780,0,0
2024-06-20 09:15:00,1.90523,1.90531,1.90468,1.90496,659,0,0
2024-06-20 09:20:00,1.90496,1.90506,1.90463,1.90483,611,0,0
2024-06-20 09:25:00,1.90483,1.9054,1.90457,1.90517,688,0,0
2024-06-20 09:30:00,1.90517,1.9052099999999998,1.90445,1.90461,636,0,0
2024-06-20 09:35:00,1.90461,1.90504,1.9043299999999999,1.90484,442,0,0
2024-06-20 09:40:00,1.9048500000000002,1.90526,1.9047800000000001,1.90482,554,6,0
2024-06-20 09:45:00,1.90482,1.90492,1.90456,1.9045800000000002,600,4,0
2024-06-20 09:50:00,1.90459,1.90488,1.9043999999999999,1.90479,648,1,0
2024-06-20 09:55:00,1.9047800000000001,1.90556,1.90476,1.90542,784,1,0
2024-06-20 10:00:00,1.9054,1.90551,1.90486,1.9049,549,0,0
2024-06-20 10:05:00,1.9049,1.90525,1.9048500000000002,1.90524,512,0,0
2024-06-20 10:10:00,1.90524,1.90524,1.90449,1.90462,389,0,0
2024-06-20 10:15:00,1.90462,1.9050500000000001,1.90452,1.9049,455,3,0
2024-06-20 10:20:00,1.9049,1.90497,1.9045,1.9045100000000001,465,0,0
2024-06-20 10:25:00,1.9045100000000001,1.9045100000000001,1.90381,1.9039199999999998,520,0,0
2024-06-20 10:30:00,1.9039199999999998,1.90414,1.90381,1.90404,545,0,0
2024-06-20 10:35:00,1.90404,1.90455,1.904,1.90429,637,3,0
2024-06-20 10:40:00,1.90429,1.90435,1.90408,1.9042,613,4,0
2024-06-20 10:45:00,1.9042,1.90421,1.90373,1.90384,607,4,0
2024-06-20 10:50:00,1.90384,1.90388,1.90364,1.90377,611,2,0
2024-06-20 10:55:00,1.90377,1.90377,1.90309,1.90346,735,0,0
2024-06-20 11:00:00,1.90324,1.9040599999999999,1.9003299999999999,1.9014,1810,0,0
2024-06-20 11:05:00,1.9013900000000001,1.90156,1.90048,1.90103,1323,2,0
2024-06-20 11:10:00,1.9010500000000001,1.90117,1.9005800000000002,1.90089,1198,1,0
2024-06-20 11:15:00,1.90088,1.90188,1.90083,1.90188,630,0,0
2024-06-20 11:20:00,1.90188,1.9020000000000001,1.90088,1.90103,935,0,0
2024-06-20 11:25:00,1.90104,1.9015900000000001,1.90103,1.9015499999999999,867,5,0
2024-06-20 11:30:00,1.9015499999999999,1.9019300000000001,1.90141,1.90167,811,0,0
2024-06-20 11:35:00,1.90167,1.90181,1.9013900000000001,1.90176,756,0,0
2024-06-20 11:40:00,1.90175,1.9024100000000002,1.90175,1.9022700000000001,830,2,0
2024-06-20 11:45:00,1.90228,1.90238,1.9018899999999999,1.90221,680,1,0
2024-06-20 11:50:00,1.90221,1.90225,1.90177,1.9018899999999999,663,1,0
2024-06-20 11:55:00,1.9018899999999999,1.90215,1.90151,1.90213,884,1,0
2024-06-20 12:00:00,1.90213,1.90239,1.90183,1.9022000000000001,1132,0,0
2024-06-20 12:05:00,1.9022000000000001,1.9025699999999999,1.90205,1.90205,989,0,0
2024-06-20 12:10:00,1.90204,1.90228,1.90176,1.90208,1039,2,0
2024-06-20 12:15:00,1.90208,1.90244,1.90201,1.90201,713,2,0
2024-06-20 12:20:00,1.90202,1.90213,1.90171,1.90171,858,0,0
2024-06-20 12:25:00,1.90171,1.90185,1.90064,1.9007800000000001,634,0,0
2024-06-20 12:30:00,1.9007800000000001,1.90157,1.90023,1.90113,1736,0,0
2024-06-20 12:35:00,1.90116,1.9021599999999999,1.9010099999999999,1.9021599999999999,1643,0,0
2024-06-20 12:40:00,1.9021599999999999,1.9031,1.90194,1.90262,1543,0,0
2024-06-20 12:45:00,1.90262,1.90274,1.9022700000000001,1.9024999999999999,1232,0,0
2024-06-20 12:50:00,1.90251,1.9026,1.9018199999999998,1.90231,1118,0,0
2024-06-20 12:55:00,1.90232,1.90273,1.9022299999999999,1.90245,1402,1,0
2024-06-20 13:00:00,1.9024299999999998,1.9027500000000002,1.90213,1.9026800000000001,1263,0,0
2024-06-20 13:05:00,1.9026800000000001,1.90327,1.90242,1.9032,1274,0,0
2024-06-20 13:10:00,1.90321,1.90339,1.90274,1.9027699999999999,1042,0,0
2024-06-20 13:15:00,1.9027699999999999,1.90293,1.90242,1.90289,912,0,0
2024-06-20 13:20:00,1.90289,1.90301,1.9026,1.9028,1089,0,0
2024-06-20 13:25:00,1.90279,1.90309,1.9026,1.90272,953,1,0
2024-06-20 13:30:00,1.90272,1.9039199999999998,1.9026,1.9031,1285,0,0
2024-06-20 13:35:00,1.9031,1.9033,1.90279,1.9028100000000001,1219,0,0
2024-06-20 13:40:00,1.9028100000000001,1.90286,1.90163,1.90171,1178,0,0
2024-06-20 13:45:00,1.90171,1.90198,1.90097,1.90106,1221,0,0
2024-06-20 13:50:00,1.90106,1.9013900000000001,1.9008,1.90122,975,0,0
2024-06-20 13:55:00,1.90122,1.9016600000000001,1.90117,1.90134,850,1,0
2024-06-20 14:00:00,1.9013499999999999,1.90165,1.90114,1.90156,1053,0,0
2024-06-20 14:05:00,1.90156,1.90183,1.90088,1.90168,1126,0,0
2024-06-20 14:10:00,1.90167,1.9017,1.9011200000000001,1.9016600000000001,1187,0,0
2024-06-20 14:15:00,1.9016600000000001,1.9018000000000002,1.90129,1.90137,1265,0,0
2024-06-20 14:20:00,1.90137,1.9015499999999999,1.9009399999999999,1.90118,1164,0,0
2024-06-20 14:25:00,1.90118,1.90122,1.90054,1.90055,1048,0,0
2024-06-20 14:30:00,1.90055,1.9009800000000001,1.90029,1.9009,953,0,0
2024-06-20 14:35:00,1.9009,1.90116,1.90077,1.9010799999999999,928,0,0
2024-06-20 14:40:00,1.90107,1.90177,1.90102,1.90168,886,0,0
2024-06-20 14:45:00,1.9016600000000001,1.90217,1.90133,1.9013900000000001,1138,0,0
2024-06-20 14:50:00,1.9013900000000001,1.90248,1.90129,1.90237,936,0,0
2024-06-20 14:55:00,1.90237,1.90314,1.90236,1.9030399999999998,1194,0,0
2024-06-20 15:00:00,1.9030200000000002,1.90321,1.90251,1.90266,1167,1,0
2024-06-20 15:05:00,1.90266,1.9030399999999998,1.90229,1.9025400000000001,993,2,0
2024-06-20 15:10:00,1.9025400000000001,1.90316,1.90245,1.90297,1147,0,0
2024-06-20 15:15:00,1.90297,1.90334,1.90266,1.90321,1213,0,0
2024-06-20 15:20:00,1.9032200000000001,1.90462,1.90321,1.9043299999999999,1142,0,0
2024-06-20 15:25:00,1.90431,1.90463,1.9040300000000001,1.9042400000000002,982,3,0
2024-06-20 15:30:00,1.9042599999999998,1.9043,1.90317,1.9032200000000001,1009,0,0
2024-06-20 15:35:00,1.90323,1.9032499999999999,1.9028800000000001,1.9032200000000001,813,0,0
2024-06-20 15:40:00,1.9032200000000001,1.90324,1.90266,1.90273,766,0,0
2024-06-20 15:45:00,1.90273,1.9032,1.9024100000000002,1.9032,875,0,0
2024-06-20 15:50:00,1.90319,1.90326,1.90296,1.90313,576,0,0
2024-06-20 15:55:00,1.90314,1.9033799999999998,1.90293,1.90324,883,1,0
2024-06-20 16:00:00,1.90324,1.9035199999999999,1.90319,1.90334,1090,0,0
2024-06-20 16:05:00,1.90332,1.90348,1.90309,1.90319,856,0,0
2024-06-20 16:10:00,1.90319,1.9032200000000001,1.90259,1.90286,741,0,0
2024-06-20 16:15:00,1.90286,1.90297,1.90245,1.90272,902,2,0
2024-06-20 16:20:00,1.90273,1.9031500000000001,1.90255,1.90308,817,1,0
2024-06-20 16:25:00,1.90308,1.9035600000000001,1.90298,1.90353,836,3,0
2024-06-20 16:30:00,1.9035,1.90389,1.9034900000000001,1.90374,1108,0,0
2024-06-20 16:35:00,1.90374,1.90459,1.9037199999999999,1.90415,977,0,0
2024-06-20 16:40:00,1.90415,1.90419,1.90328,1.9035600000000001,956,0,0
2024-06-20 16:45:00,1.9035600000000001,1.90369,1.90317,1.90319,1018,4,0
2024-06-20 16:50:00,1.90321,1.90339,1.90292,1.9032,1086,0,0
2024-06-20 16:55:00,1.90321,1.90327,1.903,1.90326,842,4,0
2024-06-20 17:00:00,1.90326,1.90348,1.9031799999999999,1.9033600000000002,896,2,0
2024-06-20 17:05:00,1.9033600000000002,1.9035600000000001,1.90319,1.9033099999999998,1080,0,0
2024-06-20 17:10:00,1.90333,1.90335,1.90285,1.90298,839,0,0
2024-06-20 17:15:00,1.90297,1.9033799999999998,1.90283,1.9031500000000001,728,0,0
2024-06-20 17:20:00,1.9031500000000001,1.9037199999999999,1.90305,1.90348,882,0,0
2024-06-20 17:25:00,1.90348,1.90371,1.90339,1.9036,928,0,0
2024-06-20 17:30:00,1.9036,1.9039000000000001,1.9033799999999998,1.90362,1024,2,0
2024-06-20 17:35:00,1.90364,1.90428,1.90362,1.90412,1040,3,0
2024-06-20 17:40:00,1.90412,1.90429,1.90348,1.90353,735,4,0
2024-06-20 17:45:00,1.90353,1.90366,1.90333,1.9034,559,3,0
2024-06-20 17:50:00,1.9034,1.90346,1.90317,1.90327,675,3,0
2024-06-20 17:55:00,1.90327,1.90334,1.90297,1.9031799999999999,884,6,0
2024-06-20 18:00:00,1.9031799999999999,1.90319,1.90242,1.90249,849,3,0
2024-06-20 18:05:00,1.90248,1.90258,1.90226,1.90256,706,3,0
2024-06-20 18:10:00,1.90255,1.90286,1.9024299999999998,1.9027500000000002,665,4,0
2024-06-20 18:15:00,1.90274,1.90321,1.90271,1.9030200000000002,551,0,0
2024-06-20 18:20:00,1.9030200000000002,1.9033099999999998,1.9029099999999999,1.90293,579,0,0
2024-06-20 18:25:00,1.90293,1.90306,1.90271,1.90272,821,2,0
2024-06-20 18:30:00,1.90272,1.90307,1.90251,1.90267,754,4,0
2024-06-20 18:35:00,1.90267,1.90294,1.90263,1.9028,772,0,0
2024-06-20 18:40:00,1.90279,1.90298,1.90271,1.90289,668,0,0
2024-06-20 18:45:00,1.90289,1.90305,1.90266,1.90273,719,3,0
2024-06-20 18:50:00,1.90273,1.90293,1.90256,1.9025699999999999,628,5,0
2024-06-20 18:55:00,1.9025699999999999,1.90267,1.9020700000000001,1.90219,627,2,0
2024-06-20 19:00:00,1.90219,1.90306,1.90219,1.9028399999999999,995,0,0
2024-06-20 19:05:00,1.90282,1.90313,1.90262,1.90262,794,3,0
2024-06-20 19:10:00,1.90262,1.90273,1.90248,1.90267,659,1,0
2024-06-20 19:15:00,1.90267,1.90273,1.90252,1.9025400000000001,551,3,0
2024-06-20 19:20:00,1.90252,1.90267,1.90245,1.90247,628,3,0
2024-06-20 19:25:00,1.90247,1.90253,1.90218,1.9022999999999999,795,2,0
2024-06-20 19:30:00,1.9022999999999999,1.9024100000000002,1.90202,1.90205,714,0,0
2024-06-20 19:35:00,1.90205,1.90231,1.9020299999999999,1.9021,690,3,0
2024-06-20 19:40:00,1.9021,1.9022000000000001,1.90198,1.9020000000000001,662,4,0
2024-06-20 19:45:00,1.9020000000000001,1.9021400000000002,1.9018899999999999,1.90204,679,3,0
2024-06-20 19:50:00,1.90204,1.90215,1.9016600000000001,1.9017300000000001,927,3,0
2024-06-20 19:55:00,1.9017300000000001,1.9021599999999999,1.90172,1.90185,854,0,0
2024-06-20 20:00:00,1.90187,1.90226,1.90184,1.90206,430,4,0
2024-06-20 20:05:00,1.9020700000000001,1.90236,1.90197,1.9021599999999999,288,3,0
2024-06-20 20:10:00,1.90217,1.90218,1.90201,1.9020899999999998,143,2,0
2024-06-20 20:15:00,1.9020899999999998,1.9024299999999998,1.90205,1.90228,292,3,0
2024-06-20 20:20:00,1.90228,1.90238,1.90212,1.90213,191,6,0
2024-06-20 20:25:00,1.90213,1.9021599999999999,1.9018000000000002,1.90194,165,0,0
2024-06-20 20:30:00,1.90194,1.90197,1.90175,1.90187,606,0,0
2024-06-20 20:35:00,1.90187,1.9019300000000001,1.90149,1.9016,311,0,0
2024-06-20 20:40:00,1.9016,1.90188,1.9014799999999998,1.90185,155,6,0
2024-06-20 20:45:00,1.90185,1.90208,1.9018199999999998,1.90201,118,11,0
2024-06-20 20:50:00,1.90201,1.9022000000000001,1.90165,1.90165,153,3,0
2024-06-20 20:55:00,1.90167,1.90179,1.90131,1.9016600000000001,172,5,0
2024-06-20 21:00:00,1.9016600000000001,1.9016600000000001,1.8994499999999999,1.8997899999999999,36,21,0
2024-06-20 21:05:00,1.90048,1.90109,1.89992,1.90082,41,71,0
2024-06-20 21:10:00,1.9007800000000001,1.9014600000000002,1.90062,1.90125,29,59,0
2024-06-20 21:15:00,1.90111,1.90168,1.9005999999999998,1.9005999999999998,54,67,0
2024-06-20 21:20:00,1.9005999999999998,1.9018899999999999,1.90055,1.90187,80,66,0
2024-06-20 21:25:00,1.90187,1.90197,1.9014799999999998,1.9014799999999998,77,64,0
2024-06-20 21:30:00,1.9014199999999999,1.90152,1.9011200000000001,1.90118,21,61,0
2024-06-20 21:35:00,1.90118,1.9013499999999999,1.90103,1.9013499999999999,204,36,0
2024-06-20 21:40:00,1.9013499999999999,1.90171,1.9009,1.90109,287,34,0
2024-06-20 21:45:00,1.90114,1.90202,1.901,1.9018000000000002,237,6,0
2024-06-20 21:50:00,1.9018000000000002,1.90181,1.90177,1.90181,28,5,0
2024-06-20 21:55:00,1.90181,1.9019599999999999,1.90165,1.90179,66,5,0
2024-06-20 22:00:00,1.90179,1.90191,1.90158,1.9016600000000001,110,18,0
2024-06-20 22:05:00,1.9016600000000001,1.90174,1.9016600000000001,1.9016899999999999,15,26,0
2024-06-20 22:10:00,1.9016899999999999,1.9021599999999999,1.90168,1.9021599999999999,37,20,0
2024-06-20 22:15:00,1.9021599999999999,1.9022700000000001,1.90198,1.90218,84,15,0
2024-06-20 22:20:00,1.90218,1.9022000000000001,1.9020899999999998,1.90215,46,14,0
2024-06-20 22:25:00,1.90215,1.90217,1.90206,1.90215,33,12,0
2024-06-20 22:30:00,1.90213,1.90218,1.9020299999999999,1.9021599999999999,102,11,0
2024-06-20 22:35:00,1.9021599999999999,1.90219,1.9020000000000001,1.90206,109,8,0
2024-06-20 22:40:00,1.90206,1.90208,1.90168,1.90174,108,4,0
2024-06-20 22:45:00,1.90174,1.9018199999999998,1.90171,1.90181,76,4,0
2024-06-20 22:50:00,1.90181,1.9019300000000001,1.9017300000000001,1.9019300000000001,74,2,0
2024-06-20 22:55:00,1.90194,1.90194,1.90152,1.90158,332,2,0
2024-06-20 23:00:00,1.90158,1.90165,1.90134,1.90138,199,2,0
2024-06-20 23:05:00,1.90138,1.90141,1.90095,1.90102,153,5,0
2024-06-20 23:10:00,1.90103,1.9011200000000001,1.90091,1.90099,181,2,0
2024-06-20 23:15:00,1.90099,1.90114,1.9008699999999998,1.90104,197,5,0
2024-06-20 23:20:00,1.90103,1.9013200000000001,1.90095,1.90111,217,2,0
2024-06-20 23:25:00,1.90111,1.90125,1.90103,1.90111,133,3,0
2024-06-20 23:30:00,1.90111,1.90116,1.90102,1.90102,131,5,0
2024-06-20 23:35:00,1.90103,1.90104,1.90073,1.90073,100,3,0
2024-06-20 23:40:00,1.90072,1.90106,1.90065,1.9009,126,0,0
2024-06-20 23:45:00,1.9009,1.90106,1.9007399999999999,1.9007399999999999,112,1,0
2024-06-20 23:50:00,1.9007399999999999,1.90075,1.9003999999999999,1.90063,157,2,0
2024-06-20 23:55:00,1.90063,1.90069,1.9001299999999999,1.90068,236,4,0
2024-06-21 00:00:00,1.90068,1.90068,1.90004,1.9002599999999998,429,3,0
2024-06-21 00:05:00,1.9002599999999998,1.90061,1.90014,1.90061,341,0,0
2024-06-21 00:10:00,1.90061,1.9010099999999999,1.9005999999999998,1.90086,412,2,0
2024-06-21 00:15:00,1.9008500000000002,1.9009200000000002,1.90039,1.90045,470,2,0
2024-06-21 00:20:00,1.90045,1.90062,1.9002599999999998,1.90062,367,3,0
2024-06-21 00:25:00,1.90062,1.90086,1.90029,1.9005100000000001,283,4,0
2024-06-21 00:30:00,1.9005100000000001,1.90056,1.9001299999999999,1.90032,448,3,0
2024-06-21 00:35:00,1.90032,1.9005999999999998,1.9002400000000002,1.9005100000000001,307,5,0
2024-06-21 00:40:00,1.9005,1.90118,1.9005,1.90115,316,3,0
2024-06-21 00:45:00,1.90115,1.90122,1.90095,1.90115,272,5,0
2024-06-21 00:50:00,1.90115,1.90126,1.90099,1.90106,298,5,0
2024-06-21 00:55:00,1.90106,1.90185,1.90104,1.90165,803,1,0
2024-06-21 01:00:00,1.90168,1.90168,1.9012799999999999,1.90141,657,0,0
2024-06-21 01:05:00,1.9014,1.90161,1.90126,1.90147,516,2,0
2024-06-21 01:10:00,1.90147,1.9016600000000001,1.90137,1.9015900000000001,427,0,0
2024-06-21 01:15:00,1.9015900000000001,1.90185,1.90075,1.90083,800,0,0
2024-06-21 01:20:00,1.90083,1.9008699999999998,1.9002400000000002,1.9004699999999999,589,3,0
2024-06-21 01:25:00,1.90046,1.90068,1.9003299999999999,1.9003700000000001,471,4,0
2024-06-21 01:30:00,1.90038,1.9010099999999999,1.9001700000000001,1.9008699999999998,778,1,0
2024-06-21 01:35:00,1.90088,1.90111,1.9008,1.90084,618,4,0
2024-06-21 01:40:00,1.90084,1.90122,1.90084,1.9010099999999999,369,4,0
2024-06-21 01:45:00,1.9010099999999999,1.90137,1.90059,1.9007800000000001,347,0,0
2024-06-21 01:50:00,1.9007800000000001,1.90102,1.9,1.9001000000000001,557,3,0
2024-06-21 01:55:00,1.90012,1.9004400000000001,1.8999700000000002,1.9004400000000001,531,0,0
2024-06-21 02:00:00,1.9004400000000001,1.9008,1.90012,1.90012,549,0,0
2024-06-21 02:05:00,1.90012,1.90034,1.89989,1.90029,432,0,0
2024-06-21 02:10:00,1.9003,1.90054,1.90014,1.9003100000000002,477,0,0
2024-06-21 02:15:00,1.9003100000000002,1.90089,1.90028,1.9008699999999998,364,0,0
2024-06-21 02:20:00,1.9008699999999998,1.90111,1.9006699999999999,1.9009800000000001,343,0,0
2024-06-21 02:25:00,1.90099,1.90141,1.9009399999999999,1.90133,376,0,0
2024-06-21 02:30:00,1.90133,1.9015,1.9003299999999999,1.90049,427,0,0
2024-06-21 02:35:00,1.90049,1.90089,1.9004699999999999,1.9007100000000001,415,2,0
2024-06-21 02:40:00,1.90072,1.90125,1.9007100000000001,1.90123,473,1,0
2024-06-21 02:45:00,1.90123,1.9013200000000001,1.90097,1.90097,443,0,0
2024-06-21 02:50:00,1.90097,1.9010099999999999,1.90065,1.9008699999999998,470,1,0
2024-06-21 02:55:00,1.9009,1.90114,1.90073,1.9008500000000002,484,1,0
2024-06-21 03:00:00,1.9008500000000002,1.90127,1.90079,1.90125,419,0,0
2024-06-21 03:05:00,1.90125,1.90127,1.90068,1.90073,319,2,0
2024-06-21 03:10:00,1.90073,1.90093,1.90065,1.9008,336,3,0
2024-06-21 03:15:00,1.9008,1.90091,1.90053,1.90055,304,0,0
2024-06-21 03:20:00,1.90055,1.90055,1.90007,1.9001000000000001,339,2,0
2024-06-21 03:25:00,1.9001000000000001,1.9001000000000001,1.89947,1.89954,436,0,0
2024-06-21 03:30:00,1.89954,1.89962,1.8993,1.89941,273,3,0
2024-06-21 03:35:00,1.8994,1.89946,1.89921,1.8992499999999999,187,3,0
2024-06-21 03:40:00,1.8992499999999999,1.89928,1.8990399999999998,1.89909,278,2,0
2024-06-21 03:45:00,1.89909,1.8992499999999999,1.89905,1.89916,256,1,0
2024-06-21 03:50:00,1.89916,1.89928,1.89897,1.89916,216,3,0
2024-06-21 03:55:00,1.89916,1.8991799999999999,1.89887,1.8991500000000001,205,0,0
2024-06-21 04:00:00,1.8991500000000001,1.89921,1.89898,1.899,178,0,0
2024-06-21 04:05:00,1.899,1.8991099999999999,1.8988399999999999,1.89894,176,0,0
2024-06-21 04:10:00,1.89894,1.89898,1.89871,1.8988,202,3,0
2024-06-21 04:15:00,1.8988,1.89886,1.8987,1.89878,192,2,0
2024-06-21 04:20:00,1.89878,1.89883,1.89867,1.89883,214,2,0
2024-06-21 04:25:00,1.89883,1.89894,1.89876,1.89889,128,0,0
2024-06-21 04:30:00,1.89889,1.899,1.89883,1.89892,114,0,0
2024-06-21 04:35:00,1.89892,1.8992200000000001,1.89872,1.899,237,1,0
2024-06-21 04:40:00,1.899,1.89916,1.89885,1.89905,236,0,0
2024-06-21 04:45:00,1.89905,1.89919,1.8989,1.89919,191,0,0
2024-06-21 04:50:00,1.89919,1.89923,1.89894,1.89903,274,0,0
2024-06-21 04:55:00,1.89903,1.89913,1.89887,1.89909,277,0,0
2024-06-21 05:00:00,1.89909,1.89919,1.8989500000000001,1.8990200000000002,291,3,0
2024-06-21 05:05:00,1.8990200000000002,1.8990200000000002,1.8986,1.89878,284,0,0
2024-06-21 05:10:00,1.89878,1.8993600000000002,1.89874,1.89923,295,1,0
2024-06-21 05:15:00,1.89923,1.8994900000000001,1.89913,1.89947,308,2,0
2024-06-21 05:20:00,1.89947,1.89968,1.89946,1.89955,187,2,0
2024-06-21 05:25:00,1.89955,1.89966,1.8995,1.8996,185,2,0
2024-06-21 05:30:00,1.8996,1.8996,1.89931,1.8994900000000001,300,3,0
2024-06-21 05:35:00,1.89948,1.89954,1.89916,1.8992900000000001,338,5,0
2024-06-21 05:40:00,1.8993,1.89994,1.89926,1.89985,295,0,0
2024-06-21 05:45:00,1.89985,1.90043,1.89977,1.9002,325,1,0
2024-06-21 05:50:00,1.9002,1.90029,1.89993,1.90008,313,2,0
2024-06-21 05:55:00,1.90008,1.90025,1.89982,1.9002400000000002,416,4,0
2024-06-21 06:00:00,1.8999899999999998,1.90163,1.8998300000000001,1.90088,794,1,0
2024-06-21 06:05:00,1.90086,1.90111,1.90065,1.9010500000000001,476,3,0
2024-06-21 06:10:00,1.90104,1.90141,1.9009399999999999,1.90096,483,2,0
2024-06-21 06:15:00,1.90096,1.90096,1.90065,1.9008099999999999,480,0,0
2024-06-21 06:20:00,1.9008099999999999,1.9009800000000001,1.90063,1.90076,350,0,0
2024-06-21 06:25:00,1.90075,1.90089,1.90041,1.9007,645,0,0
2024-06-21 06:30:00,1.9007,1.90089,1.90028,1.90043,807,0,0
2024-06-21 06:35:00,1.90043,1.90054,1.90014,1.9003,679,2,0
2024-06-21 06:40:00,1.9003100000000002,1.90061,1.9002,1.90035,613,2,0
2024-06-21 06:45:00,1.90035,1.90063,1.90018,1.90021,541,0,0
2024-06-21 06:50:00,1.90021,1.9002599999999998,1.8998,1.89987,553,0,0
2024-06-21 06:55:00,1.89985,1.90005,1.8994499999999999,1.89946,744,3,0
2024-06-21 07:00:00,1.8994499999999999,1.89974,1.89909,1.8994900000000001,834,0,0
2024-06-21 07:05:00,1.8994900000000001,1.89954,1.89873,1.89901,968,1,0
2024-06-21 07:10:00,1.89901,1.8994900000000001,1.8988800000000001,1.8994499999999999,884,2,0
2024-06-21 07:15:00,1.8994499999999999,1.90003,1.8989099999999999,1.8999899999999998,1303,0,0
2024-06-21 07:20:00,1.89998,1.9008699999999998,1.89993,1.90075,905,7,0
2024-06-21 07:25:00,1.90075,1.90086,1.90045,1.9007,837,2,0
2024-06-21 07:30:00,1.90069,1.9012,1.90036,1.90109,1736,0,0
2024-06-21 07:35:00,1.90109,1.90143,1.90061,1.90064,1358,0,0
2024-06-21 07:40:00,1.90065,1.90111,1.90038,1.9008099999999999,1015,2,0
2024-06-21 07:45:00,1.9008099999999999,1.90116,1.9007399999999999,1.90114,1024,0,0
2024-06-21 07:50:00,1.90113,1.90123,1.90075,1.9010500000000001,909,0,0
2024-06-21 07:55:00,1.9010500000000001,1.90156,1.90075,1.90089,1051,0,0
2024-06-21 08:00:00,1.9009200000000002,1.9012099999999998,1.90065,1.9009,1074,1,0
2024-06-21 08:05:00,1.9009,1.90143,1.9008099999999999,1.90123,956,1,0
2024-06-21 08:10:00,1.90123,1.90133,1.9006699999999999,1.90079,905,1,0
2024-06-21 08:15:00,1.90079,1.90122,1.90054,1.9011,943,0,0
2024-06-21 08:20:00,1.9011,1.9019599999999999,1.90079,1.9009200000000002,881,0,0
2024-06-21 08:25:00,1.9009200000000002,1.90123,1.90073,1.90102,853,5,0
2024-06-21 08:30:00,1.90103,1.9015300000000002,1.8984100000000002,1.9013200000000001,1498,3,0
2024-06-21 08:35:00,1.90134,1.9013900000000001,1.90079,1.90129,1010,1,0
2024-06-21 08:40:00,1.9012799999999999,1.90204,1.90123,1.90176,946,1,0
2024-06-21 08:45:00,1.90176,1.9022000000000001,1.9016899999999999,1.9019,761,0,0
2024-06-21 08:50:00,1.90191,1.90202,1.90109,1.9011900000000002,768,1,0
2024-06-21 08:55:00,1.9012,1.9019300000000001,1.90109,1.90188,890,1,0
2024-06-21 09:00:00,1.90188,1.9022000000000001,1.90172,1.90205,797,0,0
2024-06-21 09:05:00,1.90205,1.90256,1.90192,1.90242,705,0,0
2024-06-21 09:10:00,1.90242,1.90265,1.90185,1.90219,970,0,0
2024-06-21 09:15:00,1.90219,1.90327,1.90219,1.90312,1031,0,0
2024-06-21 09:20:00,1.90312,1.9032499999999999,1.90244,1.9030399999999998,825,0,0
2024-06-21 09:25:00,1.9030399999999998,1.9037,1.9030200000000002,1.90341,783,0,0
2024-06-21 09:30:00,1.90341,1.90368,1.90317,1.90327,846,2,0
2024-06-21 09:35:00,1.90327,1.90343,1.90306,1.90326,681,2,0
2024-06-21 09:40:00,1.90326,1.90358,1.90321,1.90333,696,0,0
2024-06-21 09:45:00,1.90333,1.90337,1.90265,1.9028100000000001,638,0,0
2024-06-21 09:50:00,1.9028100000000001,1.90303,1.90224,1.90228,748,0,0
2024-06-21 09:55:00,1.90228,1.90236,1.90161,1.9020899999999998,692,2,0
2024-06-21 10:00:00,1.9020899999999998,1.9020899999999998,1.9015900000000001,1.9016899999999999,786,1,0
2024-06-21 10:05:00,1.9016899999999999,1.90244,1.90144,1.90221,653,0,0
2024-06-21 10:10:00,1.90221,1.90235,1.90163,1.90185,697,1,0
2024-06-21 10:15:00,1.90186,1.90237,1.90174,1.90231,652,0,0
2024-06-21 10:20:00,1.90231,1.90238,1.90123,1.9013200000000001,553,0,0
2024-06-21 10:25:00,1.9013200000000001,1.90143,1.90102,1.9012799999999999,574,2,0
2024-06-21 10:30:00,1.9012799999999999,1.9014199999999999,1.90091,1.9013499999999999,816,0,0
2024-06-21 10:35:00,1.9013499999999999,1.90144,1.9006699999999999,1.9007100000000001,562,2,0
2024-06-21 10:40:00,1.9007100000000001,1.90091,1.89996,1.89996,559,0,0
2024-06-21 10:45:00,1.89995,1.90007,1.89934,1.89971,668,0,0
2024-06-21 10:50:00,1.89971,1.89984,1.8993,1.89934,558,0,0
2024-06-21 10:55:00,1.89934,1.8993799999999998,1.89871,1.8987500000000002,455,0,0
2024-06-21 11:00:00,1.8987500000000002,1.8988800000000001,1.89833,1.89833,819,2,0
2024-06-21 11:05:00,1.89833,1.8984,1.8979,1.89804,625,0,0
2024-06-21 11:10:00,1.89804,1.89826,1.89788,1.89794,549,0,0
2024-06-21 11:15:00,1.89794,1.8981,1.8978199999999998,1.89801,618,0,0
2024-06-21 11:20:00,1.89801,1.89801,1.8972,1.89745,667,0,0
2024-06-21 11:25:00,1.89745,1.89751,1.89717,1.89738,664,0,0
2024-06-21 11:30:00,1.89738,1.8975300000000002,1.8971900000000002,1.89737,542,2,0
2024-06-21 11:35:00,1.89737,1.89738,1.8970099999999999,1.8970099999999999,504,2,0
2024-06-21 11:40:00,1.8970099999999999,1.89751,1.8970099999999999,1.89745,427,3,0
2024-06-21 11:45:00,1.89745,1.89763,1.8971900000000002,1.89763,611,0,0
2024-06-21 11:50:00,1.89757,1.8981,1.89751,1.8976199999999999,791,0,0
2024-06-21 11:55:00,1.8976199999999999,1.89764,1.89688,1.89689,821,0,0
2024-06-21 12:00:00,1.89689,1.89689,1.89575,1.89578,1016,0,0
2024-06-21 12:05:00,1.89578,1.8966699999999999,1.89571,1.8964400000000001,758,0,0
2024-06-21 12:10:00,1.89645,1.89726,1.89641,1.8969,944,0,0
2024-06-21 12:15:00,1.8969,1.89703,1.89659,1.8970099999999999,641,0,0
2024-06-21 12:20:00,1.897,1.8984299999999998,1.8969200000000002,1.8984,699,0,0
2024-06-21 12:25:00,1.8984,1.89852,1.89794,1.89801,563,0,0
2024-06-21 12:30:00,1.89801,1.89809,1.89748,1.89772,803,0,0
2024-06-21 12:35:00,1.89772,1.89786,1.8970799999999999,1.8972099999999998,923,0,0
2024-06-21 12:40:00,1.89716,1.8973499999999999,1.89679,1.89688,711,1,0
2024-06-21 12:45:00,1.89688,1.89765,1.89682,1.8975300000000002,618,1,0
2024-06-21 12:50:00,1.8975300000000002,1.89835,1.89748,1.89833,819,0,0
2024-06-21 12:55:00,1.89833,1.89893,1.8982299999999999,1.8988800000000001,941,0,0
2024-06-21 13:00:00,1.8988800000000001,1.8991799999999999,1.89849,1.8985400000000001,1054,0,0
2024-06-21 13:05:00,1.89852,1.89882,1.89842,1.8986,1089,0,0
2024-06-21 13:10:00,1.8986,1.8991799999999999,1.89832,1.89897,1133,0,0
2024-06-21 13:15:00,1.89897,1.89906,1.89855,1.89874,973,1,0
2024-06-21 13:20:00,1.8987,1.89989,1.8986100000000001,1.89987,977,0,0
2024-06-21 13:25:00,1.89987,1.90061,1.89981,1.9003999999999999,1029,0,0
2024-06-21 13:30:00,1.90041,1.90089,1.90034,1.9004699999999999,1473,0,0
2024-06-21 13:35:00,1.9004699999999999,1.90064,1.9002,1.9004699999999999,1606,1,0
2024-06-21 13:40:00,1.9004699999999999,1.90124,1.90023,1.90023,1347,1,0
2024-06-21 13:45:00,1.90023,1.90177,1.90023,1.90095,2560,0,0
2024-06-21 13:50:00,1.9009399999999999,1.90172,1.90077,1.90125,2084,3,0
2024-06-21 13:55:00,1.90125,1.90127,1.90028,1.90064,1532,2,0
2024-06-21 14:00:00,1.90063,1.90171,1.90053,1.90147,1972,2,0
2024-06-21 14:05:00,1.90147,1.9017,1.90118,1.9015,1788,1,0
2024-06-21 14:10:00,1.90147,1.9015900000000001,1.90084,1.90109,1582,0,0
2024-06-21 14:15:00,1.90109,1.90164,1.90054,1.90103,1498,0,0
2024-06-21 14:20:00,1.90104,1.90185,1.9009200000000002,1.90183,1520,0,0
2024-06-21 14:25:00,1.9018199999999998,1.9019,1.90099,1.90102,1138,0,0
2024-06-21 14:30:00,1.90103,1.90215,1.9009200000000002,1.9020899999999998,1424,0,0
2024-06-21 14:35:00,1.9020899999999998,1.903,1.90198,1.9029500000000001,1221,0,0
2024-06-21 14:40:00,1.9029500000000001,1.90317,1.9028,1.9030200000000002,1136,0,0
2024-06-21 14:45:00,1.9030200000000002,1.90343,1.90287,1.90303,1366,2,0
2024-06-21 14:50:00,1.90303,1.9034,1.9028100000000001,1.9033099999999998,1537,0,0
2024-06-21 14:55:00,1.9033099999999998,1.90332,1.90224,1.90235,1598,0,0
2024-06-21 15:00:00,1.90236,1.90348,1.90228,1.90327,1322,0,0
2024-06-21 15:05:00,1.90327,1.9033600000000002,1.90278,1.90307,1312,0,0
2024-06-21 15:10:00,1.90306,1.9031099999999999,1.90266,1.90282,1043,1,0
2024-06-21 15:15:00,1.90282,1.90357,1.90279,1.9033799999999998,1320,0,0
2024-06-21 15:20:00,1.9033600000000002,1.90367,1.90328,1.90359,935,0,0
2024-06-21 15:25:00,1.90359,1.9037600000000001,1.90339,1.90364,1096,0,0
2024-06-21 15:30:00,1.9036499999999998,1.90387,1.90344,1.90375,1034,2,0
2024-06-21 15:35:00,1.90374,1.9047800000000001,1.90362,1.9047399999999999,860,0,0
2024-06-21 15:40:00,1.9047399999999999,1.90484,1.9045100000000001,1.9048,803,0,0
2024-06-21 15:45:00,1.90479,1.90482,1.90404,1.90416,631,0,0
2024-06-21 15:50:00,1.90415,1.90429,1.90354,1.90369,777,0,0
2024-06-21 15:55:00,1.90369,1.9043,1.90369,1.9042599999999998,1196,1,0
2024-06-21 16:00:00,1.9042599999999998,1.90429,1.90393,1.90396,898,1,0
2024-06-21 16:05:00,1.90396,1.9043700000000001,1.9034,1.90414,697,0,0
2024-06-21 16:10:00,1.90414,1.90436,1.90391,1.9042599999999998,979,3,0
2024-06-21 16:15:00,1.9042599999999998,1.90489,1.9042400000000002,1.90457,787,0,0
2024-06-21 16:20:00,1.90456,1.9048,1.90436,1.90479,709,3,0
2024-06-21 16:25:00,1.90479,1.90489,1.90461,1.90466,635,3,0
2024-06-21 16:30:00,1.90466,1.9048,1.90454,1.90459,752,6,0
2024-06-21 16:35:00,1.90459,1.90472,1.9044699999999999,1.90459,793,3,0
2024-06-21 16:40:00,1.9045800000000002,1.90464,1.90427,1.90459,762,2,0
2024-06-21 16:45:00,1.9045800000000002,1.90472,1.90434,1.90446,745,3,0
2024-06-21 16:50:00,1.9044699999999999,1.90465,1.90357,1.9036,736,0,0
2024-06-21 16:55:00,1.9036,1.90364,1.90285,1.9029500000000001,623,0,0
2024-06-21 17:00:00,1.9029500000000001,1.90332,1.9026999999999998,1.90323,691,1,0
2024-06-21 17:05:00,1.90323,1.90346,1.90307,1.9033600000000002,664,1,0
2024-06-21 17:10:00,1.9033600000000002,1.90339,1.90303,1.9032200000000001,620,0,0
2024-06-21 17:15:00,1.9032200000000001,1.9032200000000001,1.90289,1.903,617,3,0
2024-06-21 17:20:00,1.9030200000000002,1.90317,1.9029099999999999,1.90307,927,3,0
2024-06-21 17:25:00,1.9031,1.90321,1.90293,1.90313,595,3,0
2024-06-21 17:30:00,1.90313,1.90393,1.90313,1.90382,537,3,0
2024-06-21 17:35:00,1.90381,1.9039899999999998,1.9036499999999998,1.90375,596,5,0
2024-06-21 17:40:00,1.90375,1.90416,1.90368,1.9040599999999999,480,1,0
2024-06-21 17:45:00,1.90407,1.90407,1.90361,1.9036499999999998,514,3,0
2024-06-21 17:50:00,1.9036499999999998,1.9037,1.90307,1.90327,571,1,0
2024-06-21 17:55:00,1.90328,1.9038,1.90324,1.90368,706,2,0
2024-06-21 18:00:00,1.90368,1.90414,1.90368,1.9037600000000001,655,3,0
2024-06-21 18:05:00,1.9037600000000001,1.9039199999999998,1.90366,1.90385,604,4,0
2024-06-21 18:10:00,1.90385,1.90395,1.9037,1.9039000000000001,539,3,0
2024-06-21 18:15:00,1.90389,1.90389,1.90343,1.90355,554,3,0
2024-06-21 18:20:00,1.90355,1.9036499999999998,1.90323,1.90351,540,5,0
2024-06-21 18:25:00,1.90351,1.90351,1.90314,1.9033099999999998,522,0,0
2024-06-21 18:30:00,1.9033099999999998,1.90357,1.90324,1.9035600000000001,444,5,0
2024-06-21 18:35:00,1.9035600000000001,1.90373,1.9034,1.90366,491,2,0
2024-06-21 18:40:00,1.90366,1.90411,1.90364,1.90398,581,1,0
2024-06-21 18:45:00,1.90398,1.90398,1.90367,1.90374,450,1,0
2024-06-21 18:50:00,1.90374,1.90398,1.90371,1.90373,369,2,0
2024-06-21 18:55:00,1.90373,1.9038599999999999,1.90353,1.90354,577,1,0
2024-06-21 19:00:00,1.90355,1.90369,1.9032499999999999,1.9032900000000001,666,3,0
2024-06-21 19:05:00,1.9032900000000001,1.90354,1.9032499999999999,1.90346,451,1,0
2024-06-21 19:10:00,1.90346,1.90371,1.9034,1.9035600000000001,415,2,0
2024-06-21 19:15:00,1.90357,1.90364,1.9034499999999999,1.90361,548,3,0
2024-06-21 19:20:00,1.90361,1.90369,1.90324,1.90328,582,2,0
2024-06-21 19:25:00,1.90326,1.9036499999999998,1.90326,1.90364,597,4,0
2024-06-21 19:30:00,1.90362,1.9037199999999999,1.9035199999999999,1.90367,666,1,0
2024-06-21 19:35:00,1.90367,1.90367,1.9032499999999999,1.90348,537,3,0
2024-06-21 19:40:00,1.90348,1.9040599999999999,1.90344,1.90394,655,5,0
2024-06-21 19:45:00,1.90393,1.90409,1.90375,1.9039700000000002,499,3,0
2024-06-21 19:50:00,1.9039700000000002,1.9039899999999998,1.90364,1.9037,999,7,0
2024-06-21 19:55:00,1.9037,1.90422,1.9036499999999998,1.9041299999999999,954,7,0
2024-06-21 20:00:00,1.90414,1.9043299999999999,1.9039899999999998,1.90423,421,4,0
2024-06-21 20:05:00,1.90423,1.90431,1.90409,1.90431,220,8,0
2024-06-21 20:10:00,1.90431,1.90442,1.90411,1.90418,234,6,0
2024-06-21 20:15:00,1.9041700000000001,1.9042599999999998,1.90409,1.9042400000000002,262,7,0
2024-06-21 20:20:00,1.9042400000000002,1.9042400000000002,1.9039700000000002,1.9041700000000001,225,9,0
2024-06-21 20:25:00,1.9041700000000001,1.9043999999999999,1.90412,1.9043700000000001,172,5,0
2024-06-21 20:30:00,1.9043700000000001,1.90439,1.90418,1.90436,164,4,0
2024-06-21 20:35:00,1.90436,1.9045999999999998,1.9043299999999999,1.90449,156,6,0
2024-06-21 20:40:00,1.90449,1.90452,1.9042,1.9042599999999998,198,0,0
2024-06-21 20:45:00,1.9042599999999998,1.90434,1.90343,1.9036,235,0,0
2024-06-21 20:50:00,1.90358,1.90362,1.90285,1.90312,333,5,0
2024-06-23 21:05:00,1.90141,1.9027699999999999,1.90088,1.9027699999999999,108,320,0
2024-06-23 21:10:00,1.9027699999999999,1.90374,1.90233,1.90308,38,116,0
2024-06-23 21:15:00,1.90308,1.90395,1.90305,1.90362,71,122,0
2024-06-23 21:20:00,1.90362,1.90401,1.90319,1.90344,46,90,0
2024-06-23 21:25:00,1.90362,1.9037899999999999,1.90265,1.90265,83,85,0
2024-06-23 21:30:00,1.90265,1.90348,1.9025400000000001,1.9032900000000001,96,60,0
2024-06-23 21:35:00,1.9032900000000001,1.9038300000000001,1.90267,1.9038300000000001,36,26,0
2024-06-23 21:40:00,1.9038300000000001,1.9038300000000001,1.90351,1.90362,13,86,0
2024-06-23 21:45:00,1.90362,1.90418,1.9034,1.90354,29,66,0
2024-06-23 21:50:00,1.90354,1.90432,1.90354,1.90371,46,58,0
2024-06-23 21:55:00,1.90378,1.90422,1.90367,1.9040599999999999,39,82,0
2024-06-23 22:00:00,1.9040599999999999,1.9041700000000001,1.90273,1.9036,255,24,0
2024-06-23 22:05:00,1.9035600000000001,1.90396,1.90354,1.90396,68,24,0
2024-06-23 22:10:00,1.90396,1.9039899999999998,1.90377,1.9039899999999998,56,22,0
2024-06-23 22:15:00,1.90393,1.90419,1.90393,1.90416,88,19,0
2024-06-23 22:20:00,1.90416,1.90422,1.90412,1.9041700000000001,61,20,0
2024-06-23 22:25:00,1.9041700000000001,1.9042400000000002,1.9041299999999999,1.90415,99,17,0
2024-06-23 22:30:00,1.9041700000000001,1.90421,1.904,1.90409,133,18,0
2024-06-23 22:35:00,1.90409,1.9044699999999999,1.9040300000000001,1.90429,253,16,0
2024-06-23 22:40:00,1.90429,1.90438,1.90411,1.90414,113,14,0
2024-06-23 22:45:00,1.90412,1.90415,1.90351,1.90353,148,11,0
2024-06-23 22:50:00,1.90353,1.90369,1.90327,1.90347,248,6,0
2024-06-23 22:55:00,1.90347,1.9037199999999999,1.9034499999999999,1.90367,191,7,0
2024-06-23 23:00:00,1.90367,1.90407,1.90366,1.9039000000000001,281,6,0
2024-06-23 23:05:00,1.90389,1.90404,1.90378,1.90388,199,0,0
2024-06-23 23:10:00,1.90388,1.9039000000000001,1.90357,1.90373,219,3,0
2024-06-23 23:15:00,1.90371,1.90415,1.90369,1.90414,164,4,0
2024-06-23 23:20:00,1.90415,1.90431,1.90401,1.9042400000000002,228,7,0
2024-06-23 23:25:00,1.9042400000000002,1.90427,1.90391,1.90401,151,5,0
2024-06-23 23:30:00,1.90401,1.9047100000000001,1.90394,1.90455,195,1,0
2024-06-23 23:35:00,1.90455,1.90463,1.90448,1.90449,110,1,0
2024-06-23 23:40:00,1.90449,1.90461,1.9044400000000001,1.9044699999999999,305,4,0
2024-06-23 23:45:00,1.90446,1.90482,1.90445,1.9047100000000001,210,1,0
2024-06-23 23:50:00,1.9047,1.90481,1.90454,1.90477,306,0,0
2024-06-23 23:55:00,1.90477,1.90502,1.9047399999999999,1.90481,301,2,0
2024-06-24 00:00:00,1.90481,1.9050500000000001,1.90454,1.90462,595,0,0
2024-06-24 00:05:00,1.90462,1.9050799999999999,1.90452,1.90483,463,2,0
2024-06-24 00:10:00,1.90483,1.90492,1.90429,1.90457,479,1,0
2024-06-24 00:15:00,1.90457,1.90464,1.90431,1.90448,413,0,0
2024-06-24 00:20:00,1.90448,1.9048,1.9044400000000001,1.90479,359,0,0
2024-06-24 00:25:00,1.90479,1.9048699999999998,1.90427,1.90428,334,0,0
2024-06-24 00:30:00,1.90428,1.90436,1.90408,1.90421,411,2,0
2024-06-24 00:35:00,1.90421,1.90436,1.90393,1.90428,334,2,0
2024-06-24 00:40:00,1.90428,1.90434,1.9039700000000002,1.90404,442,0,0
2024-06-24 00:45:00,1.90404,1.90443,1.90402,1.90415,365,0,0
2024-06-24 00:50:00,1.90415,1.90435,1.904,1.9041000000000001,423,1,0
2024-06-24 00:55:00,1.90423,1.90436,1.90393,1.90409,426,0,0
2024-06-24 01:00:00,1.90409,1.90481,1.90409,1.90445,726,1,0
2024-06-24 01:05:00,1.90445,1.9052,1.90423,1.90516,663,2,0
2024-06-24 01:10:00,1.90516,1.90587,1.90503,1.9054600000000002,932,1,0
2024-06-24 01:15:00,1.90551,1.90653,1.9055,1.90594,1443,0,0
2024-06-24 01:20:00,1.90594,1.90642,1.9053900000000001,1.9054,864,2,0
2024-06-24 01:25:00,1.9054,1.90584,1.90515,1.90571,819,1,0
2024-06-24 01:30:00,1.90571,1.9059,1.90509,1.90533,920,0,0
2024-06-24 01:35:00,1.90533,1.90534,1.90491,1.90526,762,2,0
2024-06-24 01:40:00,1.90526,1.90556,1.90502,1.9051,612,0,0
2024-06-24 01:45:00,1.9051,1.90517,1.90456,1.9045800000000002,499,0,0
2024-06-24 01:50:00,1.9045800000000002,1.90493,1.9043,1.90482,589,0,0
2024-06-24 01:55:00,1.90483,1.905,1.90463,1.90475,488,0,0
2024-06-24 02:00:00,1.90475,1.9051399999999998,1.90448,1.90464,428,2,0
2024-06-24 02:05:00,1.90464,1.90482,1.90448,1.90472,555,2,0
2024-06-24 02:10:00,1.9047100000000001,1.90515,1.90456,1.90502,614,4,0
2024-06-24 02:15:00,1.90502,1.90511,1.9042400000000002,1.9042400000000002,489,0,0
2024-06-24 02:20:00,1.9042400000000002,1.90434,1.90359,1.9036,474,2,0
2024-06-24 02:25:00,1.90359,1.90362,1.90326,1.9032900000000001,345,0,0
2024-06-24 02:30:00,1.9032900000000001,1.90422,1.90317,1.90421,353,0,0
2024-06-24 02:35:00,1.90421,1.90442,1.90393,1.90432,361,3,0
2024-06-24 02:40:00,1.90432,1.9044699999999999,1.90412,1.90432,407,4,0
2024-06-24 02:45:00,1.90432,1.9046699999999999,1.90432,1.90442,282,0,0
2024-06-24 02:50:00,1.90442,1.90513,1.90442,1.90511,303,1,0
2024-06-24 02:55:00,1.90511,1.90585,1.90493,1.90563,634,0,0
2024-06-24 03:00:00,1.90563,1.90584,1.90473,1.90479,511,0,0
2024-06-24 03:05:00,1.90479,1.9052,1.90466,1.90513,346,0,0
2024-06-24 03:10:00,1.90513,1.90529,1.90496,1.9052,279,5,0
2024-06-24 03:15:00,1.9052,1.90563,1.90509,1.9053900000000001,377,5,0
2024-06-24 03:20:00,1.9053900000000001,1.9057300000000001,1.90537,1.90556,255,5,0
2024-06-24 03:25:00,1.90556,1.90588,1.90529,1.90567,359,2,0
2024-06-24 03:30:00,1.90567,1.90588,1.90553,1.9058000000000002,239,6,0
2024-06-24 03:35:00,1.9058000000000002,1.90591,1.90563,1.9057300000000001,235,4,0
2024-06-24 03:40:00,1.90574,1.90578,1.90533,1.9055900000000001,321,0,0
2024-06-24 03:45:00,1.9055900000000001,1.90588,1.9055499999999999,1.90578,281,1,0
2024-06-24 03:50:00,1.90578,1.90581,1.9054799999999998,1.9055499999999999,267,3,0
2024-06-24 03:55:00,1.9055499999999999,1.90568,1.90549,1.90563,160,6,0
2024-06-24 04:00:00,1.9056199999999999,1.90581,1.90529,1.90544,241,0,0
2024-06-24 04:05:00,1.90544,1.9058000000000002,1.90529,1.90579,260,0,0
2024-06-24 04:10:00,1.90579,1.9060700000000002,1.90543,1.90545,282,3,0
2024-06-24 04:15:00,1.90545,1.90557,1.90464,1.90479,470,2,0
2024-06-24 04:20:00,1.90479,1.90507,1.90479,1.9050500000000001,338,0,0
2024-06-24 04:25:00,1.9050500000000001,1.90506,1.90472,1.9048500000000002,246,4,0
2024-06-24 04:30:00,1.9048500000000002,1.90491,1.90455,1.90489,270,2,0
2024-06-24 04:35:00,1.9049,1.9050500000000001,1.9047,1.90486,204,0,0
2024-06-24 04:40:00,1.90486,1.90515,1.90482,1.90509,199,0,0
2024-06-24 04:45:00,1.90509,1.9051900000000002,1.9049800000000001,1.905,232,5,0
2024-06-24 04:50:00,1.905,1.90518,1.90496,1.9051399999999998,140,1,0
2024-06-24 04:55:00,1.9051399999999998,1.90524,1.90495,1.90497,127,0,0
2024-06-24 05:00:00,1.90497,1.90523,1.90479,1.9051200000000001,333,4,0
2024-06-24 05:05:00,1.9051200000000001,1.90517,1.9047100000000001,1.905,362,2,0
2024-06-24 05:10:00,1.905,1.9050099999999999,1.90464,1.90479,366,3,0
2024-06-24 05:15:00,1.90479,1.9048500000000002,1.90441,1.90442,304,3,0
2024-06-24 05:20:00,1.90443,1.9046699999999999,1.90435,1.9045100000000001,279,1,0
2024-06-24 05:25:00,1.9045100000000001,1.90459,1.90434,1.90438,302,2,0
2024-06-24 05:30:00,1.90438,1.9043999999999999,1.90411,1.90423,559,2,0
2024-06-24 05:35:00,1.90423,1.90449,1.9041000000000001,1.90445,371,0,0
2024-06-24 05:40:00,1.90445,1.90455,1.9042,1.9045100000000001,350,4,0
2024-06-24 05:45:00,1.9045100000000001,1.90452,1.90395,1.9039899999999998,354,0,0
2024-06-24 05:50:00,1.9039899999999998,1.90455,1.9039700000000002,1.90449,323,2,0
2024-06-24 05:55:00,1.90449,1.90469,1.90431,1.9045100000000001,510,3,0
2024-06-24 06:00:00,1.90452,1.9045299999999998,1.90416,1.9045,666,2,0
2024-06-24 06:05:00,1.9045,1.90456,1.90367,1.90402,475,1,0
2024-06-24 06:10:00,1.90401,1.90442,1.90393,1.90408,396,1,0
2024-06-24 06:15:00,1.90408,1.90438,1.90402,1.9040599999999999,403,2,0
2024-06-24 06:20:00,1.90405,1.90423,1.9038300000000001,1.90412,420,1,0
2024-06-24 06:25:00,1.90412,1.90435,1.90401,1.90404,453,3,0
2024-06-24 06:30:00,1.90404,1.9042400000000002,1.9034,1.9034200000000001,710,4,0
2024-06-24 06:35:00,1.9034200000000001,1.90407,1.90335,1.9039899999999998,401,0,0
2024-06-24 06:40:00,1.9039899999999998,1.9042,1.9038,1.9040599999999999,421,0,0
2024-06-24 06:45:00,1.90407,1.90414,1.90369,1.9039000000000001,235,0,0
2024-06-24 06:50:00,1.9039000000000001,1.90398,1.9032499999999999,1.90332,330,3,0
2024-06-24 06:55:00,1.90332,1.9033799999999998,1.9030399999999998,1.90328,643,1,0
2024-06-24 07:00:00,1.90327,1.90343,1.90303,1.9033600000000002,867,0,0
2024-06-24 07:05:00,1.9033600000000002,1.90351,1.90314,1.9033099999999998,614,0,0
2024-06-24 07:10:00,1.9033099999999998,1.90351,1.9029500000000001,1.90326,687,0,0
2024-06-24 07:15:00,1.90326,1.90333,1.9028399999999999,1.90296,701,1,0
2024-06-24 07:20:00,1.90296,1.90312,1.9028,1.90282,482,1,0
2024-06-24 07:25:00,1.90282,1.90287,1.90253,1.90283,679,4,0
2024-06-24 07:30:00,1.90283,1.90321,1.9024999999999999,1.9029,840,1,0
2024-06-24 07:35:00,1.9029,1.903,1.90262,1.9029,701,0,0
2024-06-24 07:40:00,1.9029,1.9029500000000001,1.90265,1.9028100000000001,735,0,0
2024-06-24 07:45:00,1.90279,1.90309,1.9024,1.90245,767,0,0
2024-06-24 07:50:00,1.90245,1.9026999999999998,1.90228,1.90248,844,0,0
2024-06-24 07:55:00,1.90248,1.90258,1.90191,1.9019300000000001,588,0,0
2024-06-24 08:00:00,1.9019300000000001,1.90226,1.90165,1.90212,892,1,0
2024-06-24 08:05:00,1.90212,1.9026800000000001,1.90194,1.90249,1000,1,0
2024-06-24 08:10:00,1.90249,1.9030200000000002,1.90244,1.90265,797,2,0
2024-06-24 08:15:00,1.90265,1.90301,1.90258,1.9028800000000001,663,1,0
2024-06-24 08:20:00,1.9028800000000001,1.90309,1.9025699999999999,1.9028,778,2,0
2024-06-24 08:25:00,1.9028,1.90305,1.90247,1.90251,697,0,0
2024-06-24 08:30:00,1.90251,1.90263,1.9022999999999999,1.90238,721,0,0
2024-06-24 08:35:00,1.90238,1.90255,1.9021599999999999,1.90237,666,0,0
2024-06-24 08:40:00,1.90237,1.9029,1.90229,1.90271,640,0,0
2024-06-24 08:45:00,1.90271,1.90287,1.90242,1.9028399999999999,902,0,0
2024-06-24 08:50:00,1.90285,1.90301,1.90266,1.9029500000000001,675,0,0
2024-06-24 08:55:00,1.9029500000000001,1.9029500000000001,1.90252,1.90252,779,3,0
2024-06-24 09:00:00,1.90253,1.90258,1.9021599999999999,1.90228,702,0,0
2024-06-24 09:05:00,1.90228,1.90246,1.9020299999999999,1.90242,744,0,0
2024-06-24 09:10:00,1.90242,1.90271,1.90236,1.90249,437,1,0
2024-06-24 09:15:00,1.90249,1.9035600000000001,1.9024299999999998,1.90307,725,0,0
2024-06-24 09:20:00,1.90312,1.9031799999999999,1.90246,1.90265,812,0,0
2024-06-24 09:25:00,1.90271,1.90324,1.90246,1.90323,960,3,0
2024-06-24 09:30:00,1.90323,1.9041299999999999,1.9032,1.90401,836,0,0
2024-06-24 09:35:00,1.90401,1.90416,1.9038300000000001,1.90395,604,0,0
2024-06-24 09:40:00,1.90395,1.90425,1.90387,1.90402,607,0,0
2024-06-24 09:45:00,1.90402,1.90425,1.9039000000000001,1.90415,718,0,0
2024-06-24 09:50:00,1.90414,1.9045999999999998,1.9041000000000001,1.9043299999999999,784,0,0
2024-06-24 09:55:00,1.9043299999999999,1.90496,1.9042400000000002,1.90492,657,1,0
2024-06-24 10:00:00,1.90492,1.90536,1.90489,1.9051900000000002,518,0,0
2024-06-24 10:05:00,1.90518,1.90525,1.90463,1.9052099999999998,1914,0,0
2024-06-24 10:10:00,1.9052099999999998,1.90565,1.9051200000000001,1.9055,1182,2,0
2024-06-24 10:15:00,1.90551,1.9056199999999999,1.90518,1.90542,897,1,0
2024-06-24 10:20:00,1.90542,1.9062000000000001,1.90542,1.90602,902,0,0
2024-06-24 10:25:00,1.90602,1.90628,1.90577,1.90591,717,0,0
2024-06-24 10:30:00,1.90592,1.9061,1.90543,1.90608,732,1,0
2024-06-24 10:35:00,1.9060700000000002,1.9060899999999998,1.9052099999999998,1.90542,804,1,0
2024-06-24 10:40:00,1.90542,1.9057300000000001,1.90497,1.9057300000000001,470,0,0
2024-06-24 10:45:00,1.9057300000000001,1.90588,1.9053,1.90544,493,0,0
2024-06-24 10:50:00,1.90544,1.90556,1.90475,1.9048,551,0,0
2024-06-24 10:55:00,1.9048,1.90518,1.90446,1.90454,639,0,0
2024-06-24 11:00:00,1.90454,1.9045999999999998,1.90387,1.90405,764,2,0
2024-06-24 11:05:00,1.90405,1.90422,1.9037899999999999,1.90418,647,2,0
2024-06-24 11:10:00,1.90418,1.90462,1.90411,1.9045299999999998,606,0,0
2024-06-24 11:15:00,1.9045299999999998,1.9049,1.90449,1.9049,441,2,0
2024-06-24 11:20:00,1.9049,1.90552,1.90486,1.90547,545,1,0
2024-06-24 11:25:00,1.9054799999999998,1.9056,1.90523,1.9054799999999998,735,0,0
2024-06-24 11:30:00,1.9054799999999998,1.9055900000000001,1.90497,1.90511,620,2,0
2024-06-24 11:35:00,1.90511,1.90541,1.90506,1.90538,556,0,0
2024-06-24 11:40:00,1.90538,1.9055900000000001,1.9053,1.9054600000000002,477,0,0
2024-06-24 11:45:00,1.9054600000000002,1.90576,1.90531,1.90571,557,0,0
2024-06-24 11:50:00,1.90571,1.9059,1.90554,1.90577,528,1,0
2024-06-24 11:55:00,1.90577,1.90647,1.9056899999999999,1.9061599999999999,978,0,0
2024-06-24 12:00:00,1.9061599999999999,1.90683,1.9061599999999999,1.9068,1074,0,0
2024-06-24 12:05:00,1.9068,1.90706,1.90658,1.90693,574,0,0
2024-06-24 12:10:00,1.90693,1.90719,1.90686,1.9071799999999999,503,2,0
2024-06-24 12:15:00,1.9071799999999999,1.9073799999999999,1.90713,1.90719,608,0,0
2024-06-24 12:20:00,1.9072,1.9072900000000002,1.9064299999999998,1.9064999999999999,902,2,0
2024-06-24 12:25:00,1.9064999999999999,1.9066800000000002,1.90628,1.9064,643,2,0
2024-06-24 12:30:00,1.90642,1.9068100000000001,1.90638,1.90656,576,3,0
2024-06-24 12:35:00,1.90656,1.9072200000000001,1.90651,1.9070200000000002,784,0,0
2024-06-24 12:40:00,1.9070200000000002,1.90716,1.9065699999999999,1.90672,697,0,0
2024-06-24 12:45:00,1.90672,1.90724,1.90672,1.90705,631,2,0
2024-06-24 12:50:00,1.90705,1.90707,1.9061,1.90625,962,2,0
2024-06-24 12:55:00,1.90625,1.90633,1.90568,1.90571,875,0,0
2024-06-24 13:00:00,1.90572,1.90605,1.90561,1.90595,682,0,0
2024-06-24 13:05:00,1.90595,1.90598,1.90536,1.9054600000000002,478,0,0
2024-06-24 13:10:00,1.9054600000000002,1.90588,1.90542,1.90575,714,2,0
2024-06-24 13:15:00,1.90575,1.9064,1.90571,1.90639,733,3,0
2024-06-24 13:20:00,1.90639,1.9068,1.90622,1.90653,670,1,0
2024-06-24 13:25:00,1.90653,1.90674,1.90585,1.9062000000000001,726,0,0
2024-06-24 13:30:00,1.90621,1.90651,1.90603,1.90618,1535,0,0
2024-06-24 13:35:00,1.90618,1.90637,1.90553,1.90556,1157,0,0
2024-06-24 13:40:00,1.90556,1.90603,1.90542,1.90592,1118,0,0
2024-06-24 13:45:00,1.90595,1.9062000000000001,1.90554,1.9056,1261,0,0
2024-06-24 13:50:00,1.90561,1.9057,1.90482,1.90534,1442,0,0
2024-06-24 13:55:00,1.90534,1.90587,1.90531,1.9055,1368,0,0
2024-06-24 14:00:00,1.9055,1.90568,1.90511,1.9055,1261,1,0
2024-06-24 14:05:00,1.9055,1.9055,1.90435,1.90435,1061,0,0
2024-06-24 14:10:00,1.90434,1.9047800000000001,1.90407,1.9042,1251,0,0
2024-06-24 14:15:00,1.9042,1.90473,1.9041000000000001,1.90461,1184,1,0
2024-06-24 14:20:00,1.90461,1.90537,1.9045100000000001,1.90506,998,0,0
2024-06-24 14:25:00,1.9050500000000001,1.9056600000000001,1.9048699999999998,1.90563,1143,0,0
2024-06-24 14:30:00,1.90564,1.90568,1.90499,1.90513,1260,0,0
2024-06-24 14:35:00,1.9052099999999998,1.9054799999999998,1.9047399999999999,1.90482,902,0,0
2024-06-24 14:40:00,1.90482,1.90542,1.90482,1.90507,974,0,0
2024-06-24 14:45:00,1.90509,1.90578,1.9050099999999999,1.90522,898,0,0
2024-06-24 14:50:00,1.9052099999999998,1.90587,1.90507,1.90531,1038,0,0
2024-06-24 14:55:00,1.90531,1.9059,1.9052799999999999,1.9053900000000001,1151,0,0
2024-06-24 15:00:00,1.9053900000000001,1.90558,1.9051,1.90552,1060,0,0
2024-06-24 15:05:00,1.90552,1.90579,1.9052,1.90524,833,0,0
2024-06-24 15:10:00,1.90524,1.90563,1.90506,1.9056,584,0,0
2024-06-24 15:15:00,1.9056,1.9058899999999999,1.9050799999999999,1.90513,917,0,0
2024-06-24 15:20:00,1.90513,1.90572,1.90513,1.9056600000000001,812,2,0
2024-06-24 15:25:00,1.9056600000000001,1.9056899999999999,1.9052099999999998,1.90556,726,1,0
2024-06-24 15:30:00,1.90553,1.9057,1.9052,1.9057,959,1,0
2024-06-24 15:35:00,1.9056899999999999,1.90598,1.90564,1.90598,741,2,0
2024-06-24 15:40:00,1.90598,1.90644,1.90567,1.90588,1122,0,0
2024-06-24 15:45:00,1.90588,1.9065699999999999,1.90574,1.9062999999999999,848,0,0
2024-06-24 15:50:00,1.90628,1.9062999999999999,1.9058899999999999,1.90597,834,0,0
2024-06-24 15:55:00,1.90598,1.90601,1.9055900000000001,1.90567,866,1,0
2024-06-24 16:00:00,1.90567,1.90587,1.9049,1.90513,956,1,0
2024-06-24 16:05:00,1.9051399999999998,1.90552,1.90509,1.90542,633,0,0
2024-06-24 16:10:00,1.90542,1.90561,1.9052099999999998,1.90561,626,0,0
2024-06-24 16:15:00,1.9055900000000001,1.9057,1.9053,1.9053900000000001,543,0,0
2024-06-24 16:20:00,1.90538,1.90547,1.90491,1.90493,703,0,0
2024-06-24 16:25:00,1.90493,1.90517,1.90483,1.90511,557,4,0
2024-06-24 16:30:00,1.90511,1.90515,1.90476,1.9048,729,2,0
2024-06-24 16:35:00,1.9048,1.9052,1.90473,1.90516,593,0,0
2024-06-24 16:40:00,1.90517,1.9055900000000001,1.90517,1.90543,415,4,0
2024-06-24 16:45:00,1.90543,1.9059,1.90541,1.90572,636,2,0
2024-06-24 16:50:00,1.90572,1.90588,1.9055499999999999,1.90586,572,2,0
2024-06-24 16:55:00,1.90586,1.90586,1.9053200000000001,1.9053900000000001,671,1,0
2024-06-24 17:00:00,1.9053900000000001,1.9054,1.9048699999999998,1.9048699999999998,608,4,0
2024-06-24 17:05:00,1.9048699999999998,1.90526,1.9048699999999998,1.90523,701,2,0
2024-06-24 17:10:00,1.90522,1.90549,1.9050099999999999,1.90538,729,3,0
2024-06-24 17:15:00,1.90538,1.90553,1.90526,1.9054,575,1,0
2024-06-24 17:20:00,1.9054,1.90568,1.90526,1.9056,636,2,0
2024-06-24 17:25:00,1.9056,1.90586,1.90549,1.90571,589,1,0
2024-06-24 17:30:00,1.90571,1.90605,1.90561,1.90602,840,3,0
2024-06-24 17:35:00,1.90602,1.90611,1.90571,1.90575,718,1,0
2024-06-24 17:40:00,1.90575,1.90606,1.90567,1.90601,597,3,0
2024-06-24 17:45:00,1.90601,1.90612,1.90586,1.90603,629,5,0
2024-06-24 17:50:00,1.90603,1.90622,1.90592,1.90602,277,0,0
2024-06-24 17:55:00,1.90602,1.9060899999999998,1.90572,1.90604,707,0,0
2024-06-24 18:00:00,1.90604,1.90613,1.90553,1.90565,632,1,0
2024-06-24 18:05:00,1.90564,1.9056600000000001,1.90506,1.90517,680,2,0
2024-06-24 18:10:00,1.90517,1.9053,1.9050799999999999,1.90515,734,6,0
2024-06-24 18:15:00,1.90515,1.90524,1.90499,1.9051200000000001,630,1,0
2024-06-24 18:20:00,1.9051399999999998,1.90524,1.90491,1.90524,697,2,0
2024-06-24 18:25:00,1.90524,1.90542,1.9051,1.90524,589,0,0
2024-06-24 18:30:00,1.90523,1.90541,1.90513,1.9051399999999998,708,4,0
2024-06-24 18:35:00,1.9051399999999998,1.90518,1.90476,1.90477,725,3,0
2024-06-24 18:40:00,1.90476,1.9051399999999998,1.90462,1.90511,503,1,0
2024-06-24 18:45:00,1.90511,1.9051399999999998,1.90496,1.9051,707,6,0
2024-06-24 18:50:00,1.9051,1.9055900000000001,1.905,1.90554,635,3,0
2024-06-24 18:55:00,1.90554,1.90565,1.9051399999999998,1.90524,602,1,0
2024-06-24 19:00:00,1.90524,1.90554,1.90509,1.90547,735,1,0
2024-06-24 19:05:00,1.9054600000000002,1.90552,1.90517,1.90524,440,1,0
2024-06-24 19:10:00,1.90524,1.90543,1.9052099999999998,1.90533,303,3,0
2024-06-24 19:15:00,1.9053200000000001,1.90551,1.90526,1.9054799999999998,208,3,0
2024-06-24 19:20:00,1.9054799999999998,1.90568,1.9054600000000002,1.90564,355,1,0
2024-06-24 19:25:00,1.90565,1.90577,1.90544,1.90558,767,0,0
2024-06-24 19:30:00,1.90558,1.90568,1.9054799999999998,1.90558,630,2,0
2024-06-24 19:35:00,1.90558,1.9056600000000001,1.90536,1.90543,880,3,0
2024-06-24 19:40:00,1.90544,1.90584,1.90531,1.9058199999999998,855,2,0
2024-06-24 19:45:00,1.9058199999999998,1.90603,1.90571,1.9058899999999999,582,0,0
2024-06-24 19:50:00,1.90587,1.90602,1.9057,1.90575,397,0,0
2024-06-24 19:55:00,1.90575,1.9059599999999999,1.90537,1.90545,731,0,0
2024-06-24 20:00:00,1.9055499999999999,1.90578,1.90526,1.9054799999999998,466,0,0
2024-06-24 20:05:00,1.9054799999999998,1.90557,1.90531,1.90557,365,0,0
2024-06-24 20:10:00,1.90557,1.90592,1.9055499999999999,1.90591,151,0,0
2024-06-24 20:15:00,1.9058899999999999,1.90594,1.9056600000000001,1.9057,167,2,0
2024-06-24 20:20:00,1.9057,1.9059300000000001,1.9057,1.9058000000000002,224,2,0
2024-06-24 20:25:00,1.9058000000000002,1.90598,1.90578,1.9058199999999998,143,5,0
2024-06-24 20:30:00,1.9058199999999998,1.90606,1.90579,1.90597,226,5,0
2024-06-24 20:35:00,1.90597,1.90603,1.90561,1.90561,187,2,0
2024-06-24 20:40:00,1.90561,1.90576,1.90557,1.90575,126,0,0
2024-06-24 20:45:00,1.90575,1.9058199999999998,1.90556,1.9058199999999998,71,7,0
2024-06-24 20:50:00,1.9058199999999998,1.90583,1.9056,1.90578,80,8,0
2024-06-24 20:55:00,1.90578,1.90597,1.90483,1.90483,163,8,0
2024-06-24 21:00:00,1.90483,1.90483,1.9028100000000001,1.9034499999999999,12,164,0
2024-06-24 21:05:00,1.9047100000000001,1.9047100000000001,1.9034499999999999,1.9044400000000001,22,135,0
2024-06-24 21:10:00,1.9044400000000001,1.90457,1.9044400000000001,1.90457,11,110,0
2024-06-24 21:15:00,1.90457,1.90504,1.90457,1.90504,28,75,0
2024-06-24 21:20:00,1.90504,1.90511,1.90482,1.90511,45,92,0
2024-06-24 21:25:00,1.90511,1.90545,1.90489,1.90545,38,70,0
2024-06-24 21:30:00,1.90544,1.9059300000000001,1.90543,1.90575,55,66,0
2024-06-24 21:35:00,1.90575,1.90597,1.90545,1.90583,263,35,0
2024-06-24 21:40:00,1.90583,1.9067699999999999,1.9054600000000002,1.9059,293,29,0
2024-06-24 21:45:00,1.9059,1.90648,1.90543,1.9055499999999999,500,20,0
2024-06-24 21:50:00,1.90551,1.90591,1.90544,1.9057,333,32,0
2024-06-24 21:55:00,1.9057,1.90599,1.90552,1.90585,353,36,0
2024-06-24 22:00:00,1.90585,1.9061,1.9054,1.90558,202,0,0
2024-06-24 22:05:00,1.9056,1.9056899999999999,1.9054799999999998,1.9056600000000001,68,4,0
2024-06-24 22:10:00,1.9056600000000001,1.9056600000000001,1.9055900000000001,1.90564,40,13,0
2024-06-24 22:15:00,1.90564,1.9058000000000002,1.90558,1.9058000000000002,19,12,0
2024-06-24 22:20:00,1.9058000000000002,1.90594,1.90576,1.9059,25,12,0
2024-06-24 22:25:00,1.9059,1.90603,1.90576,1.9058000000000002,36,13,0
2024-06-24 22:30:00,1.9058000000000002,1.90584,1.90568,1.90581,84,11,0
2024-06-24 22:35:00,1.90581,1.90595,1.90575,1.90594,39,11,0
2024-06-24 22:40:00,1.90594,1.9059599999999999,1.90575,1.90583,75,10,0
2024-06-24 22:45:00,1.90583,1.90583,1.90575,1.90579,10,10,0
2024-06-24 22:50:00,1.90579,1.9059300000000001,1.90579,1.90592,16,11,0
2024-06-24 22:55:00,1.90592,1.90667,1.90592,1.90655,232,10,0
2024-06-24 23:00:00,1.90655,1.90675,1.9064299999999998,1.90644,244,1,0
2024-06-24 23:05:00,1.90644,1.9066100000000001,1.90629,1.90652,204,2,0
2024-06-24 23:10:00,1.90652,1.9066,1.9062999999999999,1.9063400000000001,150,2,0
2024-06-24 23:15:00,1.9063400000000001,1.90656,1.90626,1.90629,179,1,0
2024-06-24 23:20:00,1.90631,1.90635,1.90612,1.90633,120,3,0
2024-06-24 23:25:00,1.90637,1.9064,1.90605,1.90617,118,3,0
2024-06-24 23:30:00,1.90617,1.90622,1.90599,1.90606,207,4,0
2024-06-24 23:35:00,1.9060700000000002,1.90633,1.9060700000000002,1.90617,264,2,0
2024-06-24 23:40:00,1.90617,1.9063400000000001,1.90611,1.9062299999999999,187,3,0
2024-06-24 23:45:00,1.90624,1.90629,1.90606,1.90612,244,4,0
2024-06-24 23:50:00,1.90612,1.90619,1.9058000000000002,1.9058899999999999,261,4,0
2024-06-24 23:55:00,1.9058899999999999,1.9059300000000001,1.9056600000000001,1.90591,230,1,0
2024-06-25 00:00:00,1.90591,1.90599,1.90553,1.9058199999999998,504,0,0
2024-06-25 00:05:00,1.9058199999999998,1.90638,1.9055900000000001,1.90617,434,0,0
2024-06-25 00:10:00,1.90617,1.90653,1.90606,1.90647,407,1,0
2024-06-25 00:15:00,1.90647,1.90664,1.90632,1.90648,369,2,0
2024-06-25 00:20:00,1.90649,1.9065400000000001,1.9061599999999999,1.90619,321,1,0
2024-06-25 00:25:00,1.9062000000000001,1.90629,1.90603,1.90604,310,5,0
2024-06-25 00:30:00,1.90598,1.90617,1.9059300000000001,1.9061599999999999,332,2,0
2024-06-25 00:35:00,1.90611,1.90649,1.90604,1.90647,368,3,0
2024-06-25 00:40:00,1.90647,1.90721,1.90642,1.90694,495,1,0
2024-06-25 00:45:00,1.90694,1.90717,1.90676,1.90687,506,0,0
2024-06-25 00:50:00,1.90687,1.90708,1.90656,1.9069,584,1,0
2024-06-25 00:55:00,1.9068800000000001,1.90728,1.9066800000000002,1.9066800000000002,663,1,0
2024-06-25 01:00:00,1.9066800000000002,1.9067699999999999,1.90635,1.9064999999999999,705,2,0
2024-06-25 01:05:00,1.9064999999999999,1.90682,1.9062299999999999,1.90675,676,2,0
2024-06-25 01:10:00,1.90675,1.90682,1.9059599999999999,1.9062299999999999,604,2,0
2024-06-25 01:15:00,1.9062299999999999,1.9067699999999999,1.9061,1.90648,747,2,0
2024-06-25 01:20:00,1.90648,1.90678,1.9061599999999999,1.9064299999999998,553,0,0
2024-06-25 01:25:00,1.9064299999999998,1.9068100000000001,1.90629,1.90676,593,2,0
2024-06-25 01:30:00,1.90676,1.90699,1.90624,1.90652,780,0,0
2024-06-25 01:35:00,1.90652,1.90663,1.90629,1.90639,638,1,0
2024-06-25 01:40:00,1.9064,1.9064100000000002,1.9057300000000001,1.90574,520,1,0
2024-06-25 01:45:00,1.90575,1.90598,1.90558,1.90571,677,1,0
2024-06-25 01:50:00,1.90572,1.90622,1.9056,1.90601,704,3,0
2024-06-25 01:55:00,1.90601,1.90631,1.90568,1.90598,503,0,0
2024-06-25 02:00:00,1.90598,1.90608,1.9056199999999999,1.90571,611,2,0
2024-06-25 02:05:00,1.9057,1.90575,1.90554,1.90567,361,4,0
2024-06-25 02:10:00,1.90567,1.90574,1.90542,1.90568,462,2,0
2024-06-25 02:15:00,1.90568,1.9057,1.9051200000000001,1.90527,521,2,0
2024-06-25 02:20:00,1.90526,1.90563,1.90515,1.9056,340,3,0
2024-06-25 02:25:00,1.9056,1.90575,1.9050799999999999,1.9052799999999999,368,1,0
2024-06-25 02:30:00,1.90526,1.90577,1.90525,1.90574,532,4,0
2024-06-25 02:35:00,1.90575,1.9059599999999999,1.90526,1.90551,540,4,0
2024-06-25 02:40:00,1.9055,1.90605,1.9054799999999998,1.90597,358,1,0
2024-06-25 02:45:00,1.90597,1.9061599999999999,1.9056199999999999,1.90608,353,5,0
2024-06-25 02:50:00,1.90608,1.90608,1.90544,1.90551,451,4,0
2024-06-25 02:55:00,1.90551,1.90592,1.90544,1.90568,404,3,0
2024-06-25 03:00:00,1.90568,1.9057,1.90542,1.9054799999999998,400,3,0
2024-06-25 03:05:00,1.9054799999999998,1.90572,1.9051200000000001,1.9052,573,0,0
2024-06-25 03:10:00,1.9051900000000002,1.90527,1.90459,1.90524,505,0,0
2024-06-25 03:15:00,1.90524,1.9053499999999999,1.90493,1.90518,458,0,0
2024-06-25 03:20:00,1.90518,1.90577,1.90502,1.90572,473,1,0
2024-06-25 03:25:00,1.90572,1.9059599999999999,1.9055499999999999,1.90585,371,2,0
2024-06-25 03:30:00,1.90585,1.90649,1.90579,1.9064100000000002,251,3,0
2024-06-25 03:35:00,1.9064100000000002,1.9064100000000002,1.90594,1.90599,299,2,0
2024-06-25 03:40:00,1.90599,1.90636,1.90586,1.90622,365,2,0
2024-06-25 03:45:00,1.9062000000000001,1.90628,1.90585,1.90592,255,3,0
2024-06-25 03:50:00,1.90592,1.90615,1.90576,1.90604,280,4,0
2024-06-25 03:55:00,1.90604,1.90614,1.90588,1.90613,246,3,0
2024-06-25 04:00:00,1.90613,1.90617,1.90558,1.9056600000000001,202,0,0
2024-06-25 04:05:00,1.9056600000000001,1.90568,1.9053900000000001,1.90541,149,0,0
2024-06-25 04:10:00,1.90541,1.90615,1.9053900000000001,1.9061,167,0,0
2024-06-25 04:15:00,1.9061,1.9062999999999999,1.90592,1.90612,171,0,0
2024-06-25 04:20:00,1.90612,1.90615,1.90594,1.90603,231,2,0
2024-06-25 04:25:00,1.90603,1.90617,1.90584,1.90602,195,2,0
2024-06-25 04:30:00,1.90601,1.90628,1.90598,1.90625,187,1,0
2024-06-25 04:35:00,1.90625,1.90649,1.90619,1.90629,220,4,0
2024-06-25 04:40:00,1.90629,1.90633,1.9055900000000001,1.90568,367,0,0
2024-06-25 04:45:00,1.90568,1.90577,1.90551,1.90565,203,2,0
2024-06-25 04:50:00,1.90565,1.9056600000000001,1.90533,1.9054600000000002,232,0,0
2024-06-25 04:55:00,1.90545,1.90576,1.9053900000000001,1.90565,139,4,0
2024-06-25 05:00:00,1.90565,1.90591,1.90541,1.90556,307,3,0
2024-06-25 05:05:00,1.90556,1.90565,1.90529,1.90533,261,1,0
2024-06-25 05:10:00,1.90533,1.9055900000000001,1.90517,1.90558,294,6,0
2024-06-25 05:15:00,1.90558,1.90578,1.9054799999999998,1.90551,259,3,0
2024-06-25 05:20:00,1.90551,1.90558,1.9050799999999999,1.9051900000000002,257,7,0
2024-06-25 05:25:00,1.9051900000000002,1.90544,1.90507,1.90507,300,5,0
2024-06-25 05:30:00,1.9050799999999999,1.9051399999999998,1.9047,1.90482,425,0,0
2024-06-25 05:35:00,1.90482,1.9048500000000002,1.90425,1.9047800000000001,398,0,0
2024-06-25 05:40:00,1.9047800000000001,1.90504,1.90441,1.90477,434,3,0
2024-06-25 05:45:00,1.90477,1.90522,1.9047399999999999,1.90496,403,1,0
2024-06-25 05:50:00,1.90496,1.90513,1.90466,1.905,391,0,0
2024-06-25 05:55:00,1.905,1.90529,1.90486,1.90507,328,3,0
2024-06-25 06:00:00,1.90507,1.9050799999999999,1.90465,1.90481,504,0,0
2024-06-25 06:05:00,1.90482,1.90488,1.90446,1.90466,418,3,0
2024-06-25 06:10:00,1.90466,1.90473,1.90449,1.90469,422,4,0
2024-06-25 06:15:00,1.9047,1.9047399999999999,1.9044699999999999,1.9045299999999998,456,1,0
2024-06-25 06:20:00,1.9045299999999998,1.90465,1.90427,1.9043999999999999,513,2,0
2024-06-25 06:25:00,1.9043999999999999,1.90445,1.9041000000000001,1.90411,419,2,0
2024-06-25 06:30:00,1.90411,1.90416,1.90378,1.9039700000000002,454,0,0
2024-06-25 06:35:00,1.9039700000000002,1.90418,1.9037199999999999,1.9037600000000001,538,1,0
2024-06-25 06:40:00,1.9037600000000001,1.90381,1.9030399999999998,1.9032,537,0,0
2024-06-25 06:45:00,1.9032,1.9035,1.9030399999999998,1.90312,488,0,0
2024-06-25 06:50:00,1.90312,1.90334,1.9016199999999999,1.9016199999999999,613,0,0
2024-06-25 06:55:00,1.9016199999999999,1.90231,1.9015499999999999,1.9020899999999998,868,0,0
2024-06-25 07:00:00,1.9021,1.90287,1.9021,1.90287,1277,0,0
2024-06-25 07:05:00,1.90287,1.90305,1.9024,1.9028100000000001,938,0,0
2024-06-25 07:10:00,1.9028100000000001,1.90305,1.90263,1.9026999999999998,749,0,0
2024-06-25 07:15:00,1.9026999999999998,1.90278,1.9018199999999998,1.90249,908,1,0
2024-06-25 07:20:00,1.90249,1.90306,1.90248,1.90278,756,0,0
2024-06-25 07:25:00,1.9027699999999999,1.90343,1.9025400000000001,1.90278,935,0,0
2024-06-25 07:30:00,1.9027699999999999,1.90316,1.9023400000000001,1.90244,924,1,0
2024-06-25 07:35:00,1.90244,1.90285,1.90229,1.9024999999999999,797,1,0
2024-06-25 07:40:00,1.9024999999999999,1.90385,1.90248,1.9038,754,0,0
2024-06-25 07:45:00,1.90378,1.90384,1.90346,1.90377,833,0,0
2024-06-25 07:50:00,1.9037600000000001,1.90394,1.90343,1.9038,700,2,0
2024-06-25 07:55:00,1.9038,1.9040300000000001,1.90317,1.90323,699,2,0
2024-06-25 08:00:00,1.90323,1.90388,1.90298,1.90358,1032,0,0
2024-06-25 08:05:00,1.90358,1.90367,1.90326,1.90347,765,1,0
2024-06-25 08:10:00,1.90347,1.90427,1.9033799999999998,1.9041000000000001,802,0,0
2024-06-25 08:15:00,1.9041000000000001,1.90427,1.90389,1.90404,639,0,0
2024-06-25 08:20:00,1.90405,1.90416,1.90368,1.90373,601,1,0
2024-06-25 08:25:00,1.90371,1.9041000000000001,1.9036,1.90401,584,0,0
2024-06-25 08:30:00,1.90401,1.90499,1.9039700000000002,1.9049,691,2,0
2024-06-25 08:35:00,1.90492,1.9053900000000001,1.90483,1.9053499999999999,646,1,0
2024-06-25 08:40:00,1.90536,1.90561,1.90504,1.90553,550,0,0
2024-06-25 08:45:00,1.90553,1.90595,1.90525,1.9056899999999999,709,0,0
2024-06-25 08:50:00,1.9056899999999999,1.90611,1.90563,1.90606,595,1,0
2024-06-25 08:55:00,1.9060700000000002,1.90613,1.90583,1.90603,635,0,0
2024-06-25 09:00:00,1.90601,1.90646,1.9059300000000001,1.90628,638,2,0
2024-06-25 09:05:00,1.90628,1.90647,1.90595,1.9059599999999999,525,0,0
2024-06-25 09:10:00,1.90597,1.90655,1.9059599999999999,1.90652,581,0,0
2024-06-25 09:15:00,1.90652,1.9066800000000002,1.90622,1.90629,635,1,0
2024-06-25 09:20:00,1.90629,1.90655,1.90591,1.90602,650,3,0
2024-06-25 09:25:00,1.90601,1.9060899999999998,1.90526,1.90536,684,0,0
2024-06-25 09:30:00,1.90537,1.90575,1.90537,1.90558,472,2,0
2024-06-25 09:35:00,1.9055900000000001,1.90605,1.90558,1.90599,456,0,0
2024-06-25 09:40:00,1.9060000000000001,1.9062000000000001,1.90597,1.9061,517,3,0
2024-06-25 09:45:00,1.90611,1.90624,1.90594,1.90599,485,3,0
2024-06-25 09:50:00,1.90599,1.90602,1.9056600000000001,1.90575,537,1,0
2024-06-25 09:55:00,1.90575,1.90592,1.90551,1.90565,729,1,0
2024-06-25 10:00:00,1.90565,1.90614,1.90531,1.90586,665,1,0
2024-06-25 10:05:00,1.90586,1.90594,1.90554,1.9058000000000002,717,0,0
2024-06-25 10:10:00,1.9058000000000002,1.90583,1.90497,1.9050099999999999,634,1,0
2024-06-25 10:15:00,1.90502,1.9051399999999998,1.90479,1.9051399999999998,354,2,0
2024-06-25 10:20:00,1.9051399999999998,1.90545,1.90497,1.9050799999999999,575,4,0
2024-06-25 10:25:00,1.9050799999999999,1.90522,1.90496,1.90518,459,3,0
2024-06-25 10:30:00,1.90518,1.9055900000000001,1.90497,1.9055499999999999,513,1,0
2024-06-25 10:35:00,1.90556,1.90571,1.90522,1.9053,484,2,0
2024-06-25 10:40:00,1.9053,1.9056,1.9052799999999999,1.90543,520,2,0
2024-06-25 10:45:00,1.90543,1.90594,1.90537,1.9059300000000001,453,3,0
2024-06-25 10:50:00,1.90592,1.9064,1.9056899999999999,1.90633,524,0,0
2024-06-25 10:55:00,1.90633,1.90637,1.90538,1.9054600000000002,563,0,0
2024-06-25 11:00:00,1.9054600000000002,1.90642,1.90516,1.90629,666,0,0
2024-06-25 11:05:00,1.90629,1.90706,1.90618,1.90701,537,2,0
2024-06-25 11:10:00,1.90701,1.90708,1.90682,1.9068399999999999,460,1,0
2024-06-25 11:15:00,1.9068399999999999,1.90696,1.90629,1.9064100000000002,584,1,0
2024-06-25 11:20:00,1.90646,1.90651,1.90614,1.90649,559,0,0
2024-06-25 11:25:00,1.90649,1.90768,1.90649,1.90753,532,1,0
2024-06-25 11:30:00,1.90753,1.90778,1.90732,1.90743,560,1,0
2024-06-25 11:35:00,1.90743,1.9078,1.90714,1.90751,789,0,0
2024-06-25 11:40:00,1.90753,1.90804,1.9073799999999999,1.9080300000000001,951,2,0
2024-06-25 11:45:00,1.90804,1.90849,1.90781,1.9082400000000002,775,1,0
2024-06-25 11:50:00,1.9082400000000002,1.90835,1.9077,1.90773,896,0,0
2024-06-25 11:55:00,1.90773,1.9079000000000002,1.9072900000000002,1.90758,829,0,0
2024-06-25 12:00:00,1.90758,1.90773,1.90673,1.90701,848,1,0
2024-06-25 12:05:00,1.90701,1.9072900000000002,1.90693,1.90708,827,0,0
2024-06-25 12:10:00,1.90708,1.90771,1.907,1.90759,741,0,0
2024-06-25 12:15:00,1.9076,1.90768,1.9071500000000001,1.90717,838,0,0
2024-06-25 12:20:00,1.90717,1.90735,1.9069099999999999,1.90734,939,0,0
2024-06-25 12:25:00,1.90733,1.90734,1.9069,1.90698,467,2,0
2024-06-25 12:30:00,1.90697,1.907,1.90576,1.90597,1566,0,0
2024-06-25 12:35:00,1.90597,1.90674,1.90572,1.9065699999999999,1179,0,0
2024-06-25 12:40:00,1.90656,1.90775,1.9065400000000001,1.90762,1116,0,0
2024-06-25 12:45:00,1.90762,1.90794,1.9073600000000002,1.90786,783,0,0
2024-06-25 12:50:00,1.90786,1.90804,1.9074499999999999,1.9075199999999999,1029,1,0
2024-06-25 12:55:00,1.9075199999999999,1.90786,1.90732,1.90762,718,0,0
2024-06-25 13:00:00,1.90764,1.90768,1.90717,1.90724,1006,0,0
2024-06-25 13:05:00,1.9072200000000001,1.9073,1.90673,1.90675,1187,4,0
2024-06-25 13:10:00,1.90675,1.90705,1.90663,1.90676,1045,3,0
2024-06-25 13:15:00,1.90676,1.90764,1.90663,1.90734,1162,0,0
2024-06-25 13:20:00,1.90734,1.90753,1.90712,1.90751,877,0,0
2024-06-25 13:25:00,1.90751,1.90819,1.90744,1.90816,917,0,0
2024-06-25 13:30:00,1.90816,1.90832,1.90769,1.9078300000000001,1564,0,0
2024-06-25 13:35:00,1.9078300000000001,1.90868,1.90781,1.90863,1397,2,0
2024-06-25 13:40:00,1.90863,1.90891,1.90838,1.90866,1354,0,0
2024-06-25 13:45:00,1.90861,1.90947,1.9085999999999999,1.9094,1309,0,0
2024-06-25 13:50:00,1.9094,1.90994,1.90917,1.90994,1354,0,0
2024-06-25 13:55:00,1.9099300000000001,1.91056,1.9097300000000001,1.90976,869,0,0
2024-06-25 14:00:00,1.90916,1.91079,1.90916,1.9104999999999999,1560,3,0
2024-06-25 14:05:00,1.9104999999999999,1.91076,1.91018,1.9102700000000001,1260,2,0
2024-06-25 14:10:00,1.91026,1.9103599999999998,1.90918,1.90922,1326,0,0
2024-06-25 14:15:00,1.90922,1.91008,1.90904,1.90995,859,0,0
2024-06-25 14:20:00,1.90995,1.9100899999999998,1.90956,1.90983,1015,1,0
2024-06-25 14:25:00,1.90983,1.91028,1.9096199999999999,1.91003,1201,0,0
2024-06-25 14:30:00,1.91003,1.9103400000000001,1.90994,1.91024,1203,0,0
2024-06-25 14:35:00,1.91024,1.91092,1.90984,1.9100000000000001,1119,1,0
2024-06-25 14:40:00,1.9100000000000001,1.9104999999999999,1.90976,1.9101599999999999,1064,1,0
2024-06-25 14:45:00,1.91014,1.91065,1.91012,1.91017,1003,0,0
2024-06-25 14:50:00,1.9101599999999999,1.9101599999999999,1.90842,1.9088,1088,0,0
2024-06-25 14:55:00,1.9088,1.90903,1.9085800000000002,1.90873,932,0,0
2024-06-25 15:00:00,1.90873,1.9088699999999998,1.90843,1.9087100000000001,846,0,0
2024-06-25 15:05:00,1.9087,1.9094799999999998,1.90868,1.9087800000000001,1043,0,0
2024-06-25 15:10:00,1.9087800000000001,1.90917,1.9087800000000001,1.90896,1017,0,0
2024-06-25 15:15:00,1.90896,1.90918,1.9087100000000001,1.90877,986,0,0
2024-06-25 15:20:00,1.90877,1.909,1.90849,1.90899,1163,0,0
2024-06-25 15:25:00,1.90899,1.90933,1.90891,1.9091900000000002,935,1,0
2024-06-25 15:30:00,1.9091900000000002,1.90957,1.90917,1.9093499999999999,1267,2,0
2024-06-25 15:35:00,1.9093499999999999,1.90953,1.90902,1.90918,898,1,0
2024-06-25 15:40:00,1.90918,1.9092099999999999,1.90856,1.90881,827,0,0
2024-06-25 15:45:00,1.90881,1.9088500000000002,1.90815,1.90823,950,2,0
2024-06-25 15:50:00,1.90823,1.90845,1.90808,1.9081000000000001,758,2,0
2024-06-25 15:55:00,1.90809,1.9084400000000001,1.90805,1.90842,952,6,0
2024-06-25 16:00:00,1.90842,1.90936,1.90841,1.9093,952,0,0
2024-06-25 16:05:00,1.90931,1.90995,1.9093,1.90995,702,2,0
2024-06-25 16:10:00,1.90995,1.90995,1.90967,1.90983,746,3,0
2024-06-25 16:15:00,1.90983,1.9100899999999998,1.9097300000000001,1.91004,801,0,0
2024-06-25 16:20:00,1.91004,1.9102299999999999,1.90992,1.91022,876,2,0
2024-06-25 16:25:00,1.91022,1.91038,1.91006,1.9102999999999999,795,2,0
2024-06-25 16:30:00,1.9102999999999999,1.91059,1.91024,1.9104999999999999,720,0,0
2024-06-25 16:35:00,1.9104999999999999,1.91059,1.9100700000000002,1.91014,931,3,0
2024-06-25 16:40:00,1.91014,1.91055,1.91008,1.91039,661,2,0
2024-06-25 16:45:00,1.91039,1.91073,1.91026,1.9103400000000001,877,5,0
2024-06-25 16:50:00,1.91031,1.91044,1.9101,1.9102299999999999,942,4,0
2024-06-25 16:55:00,1.91024,1.91044,1.9098199999999999,1.90984,910,3,0
2024-06-25 17:00:00,1.90984,1.91013,1.90971,1.9100700000000002,675,0,0
2024-06-25 17:05:00,1.91006,1.9103599999999998,1.90992,1.91025,813,3,0
2024-06-25 17:10:00,1.91024,1.91044,1.9102000000000001,1.91031,703,2,0
2024-06-25 17:15:00,1.9102999999999999,1.91048,1.91026,1.91039,681,2,0
2024-06-25 17:20:00,1.91039,1.91044,1.91024,1.91026,534,2,0
2024-06-25 17:25:00,1.91026,1.9102700000000001,1.9096,1.90963,602,1,0
2024-06-25 17:30:00,1.9096199999999999,1.90979,1.9095,1.90961,545,3,0
2024-06-25 17:35:00,1.90961,1.9096600000000001,1.9092,1.9095499999999999,608,4,0
2024-06-25 17:40:00,1.9095499999999999,1.90965,1.9092799999999999,1.90929,597,3,0
2024-06-25 17:45:00,1.90929,1.9095499999999999,1.9091900000000002,1.9094600000000002,616,2,0
2024-06-25 17:50:00,1.90945,1.90952,1.90926,1.9093900000000001,709,4,0
2024-06-25 17:55:00,1.9093900000000001,1.9093900000000001,1.90904,1.9093,821,2,0
2024-06-25 18:00:00,1.90931,1.90951,1.9092500000000001,1.90944,617,3,0
2024-06-25 18:05:00,1.90944,1.9096199999999999,1.9092799999999999,1.9093200000000001,630,2,0
2024-06-25 18:10:00,1.9093200000000001,1.90938,1.90911,1.9093499999999999,469,2,0
2024-06-25 18:15:00,1.9093499999999999,1.9093499999999999,1.90904,1.9092500000000001,377,2,0
2024-06-25 18:20:00,1.9092500000000001,1.90937,1.90918,1.9092500000000001,452,5,0
2024-06-25 18:25:00,1.9092500000000001,1.9092500000000001,1.9089,1.9091200000000002,325,1,0
2024-06-25 18:30:00,1.9091200000000002,1.9092,1.9090099999999999,1.90911,311,4,0
2024-06-25 18:35:00,1.90911,1.90927,1.909,1.90917,588,4,0
2024-06-25 18:40:00,1.90916,1.9092799999999999,1.90899,1.9090799999999999,409,3,0
2024-06-25 18:45:00,1.9090799999999999,1.9092500000000001,1.9088699999999998,1.9091200000000002,524,1,0
2024-06-25 18:50:00,1.90913,1.90952,1.90909,1.9094,375,0,0
2024-06-25 18:55:00,1.9094,1.90942,1.90883,1.9091399999999998,546,0,0
2024-06-25 19:00:00,1.9091399999999998,1.90916,1.90879,1.90889,628,2,0
2024-06-25 19:05:00,1.90889,1.90892,1.9086400000000001,1.90892,367,0,0
2024-06-25 19:10:00,1.90892,1.9091399999999998,1.9088699999999998,1.90909,332,2,0
2024-06-25 19:15:00,1.90909,1.90913,1.90893,1.90906,400,5,0
2024-06-25 19:20:00,1.90904,1.9091,1.90883,1.90889,268,3,0
2024-06-25 19:25:00,1.90889,1.9090799999999999,1.90888,1.9090099999999999,304,0,0
2024-06-25 19:30:00,1.9090099999999999,1.90929,1.9090099999999999,1.9091399999999998,384,4,0
2024-06-25 19:35:00,1.9091399999999998,1.9093,1.9090500000000001,1.90926,353,4,0
2024-06-25 19:40:00,1.90926,1.90933,1.90915,1.90918,232,4,0
2024-06-25 19:45:00,1.90918,1.9093,1.90913,1.9091399999999998,310,4,0
2024-06-25 19:50:00,1.90915,1.90944,1.90907,1.9091900000000002,395,6,0
2024-06-25 19:55:00,1.9091900000000002,1.90929,1.9083999999999999,1.90856,747,1,0
2024-06-25 20:00:00,1.9085800000000002,1.90889,1.90855,1.9088,381,1,0
2024-06-25 20:05:00,1.9088,1.9091,1.90877,1.90902,166,0,0
2024-06-25 20:10:00,1.9090099999999999,1.90909,1.90893,1.9089800000000001,170,4,0
2024-06-25 20:15:00,1.9089800000000001,1.9090799999999999,1.90895,1.90904,139,2,0
2024-06-25 20:20:00,1.90904,1.90904,1.90877,1.9088,95,1,0
2024-06-25 20:25:00,1.9087800000000001,1.90907,1.9087800000000001,1.909,155,3,0
2024-06-25 20:30:00,1.909,1.90917,1.90892,1.90913,108,5,0
2024-06-25 20:35:00,1.90913,1.9091399999999998,1.9088,1.9088500000000002,87,5,0
2024-06-25 20:40:00,1.90883,1.9088699999999998,1.9086400000000001,1.9086400000000001,103,5,0
2024-06-25 20:45:00,1.9086400000000001,1.90868,1.90852,1.90866,74,3,0
2024-06-25 20:50:00,1.9086699999999999,1.90879,1.90861,1.90876,96,7,0
2024-06-25 20:55:00,1.90876,1.9088,1.90835,1.9084400000000001,115,3,0
2024-06-25 21:00:00,1.9084400000000001,1.9084400000000001,1.90592,1.90608,27,26,0
2024-06-25 21:05:00,1.90608,1.90886,1.90605,1.90863,22,122,0
2024-06-25 21:10:00,1.9085299999999998,1.9087100000000001,1.90798,1.90831,29,136,0
2024-06-25 21:15:00,1.90841,1.90863,1.9078,1.9080300000000001,36,147,0
2024-06-25 21:20:00,1.9080300000000001,1.9083,1.90747,1.90767,31,167,0
2024-06-25 21:25:00,1.90768,1.90842,1.9074200000000001,1.9080599999999999,52,95,0
2024-06-25 21:30:00,1.9080599999999999,1.90854,1.9080599999999999,1.9083700000000001,44,76,0
2024-06-25 21:35:00,1.9083700000000001,1.90845,1.90809,1.9081700000000001,40,57,0
2024-06-25 21:40:00,1.9081700000000001,1.9082599999999998,1.90777,1.908,63,47,0
2024-06-25 21:45:00,1.90784,1.90846,1.90746,1.90843,192,34,0
2024-06-25 21:50:00,1.90843,1.90843,1.90773,1.9078300000000001,296,33,0
2024-06-25 21:55:00,1.9077899999999999,1.9082599999999998,1.9073099999999998,1.90805,132,24,0
2024-06-25 22:00:00,1.90805,1.90814,1.9076499999999998,1.90814,147,11,0
2024-06-25 22:05:00,1.90814,1.90815,1.9079199999999998,1.90801,41,13,0
2024-06-25 22:10:00,1.90801,1.90832,1.90791,1.90828,78,13,0
2024-06-25 22:15:00,1.90829,1.9083299999999999,1.9082400000000002,1.90831,66,12,0
2024-06-25 22:20:00,1.9083,1.90848,1.9082400000000002,1.9083700000000001,77,11,0
2024-06-25 22:25:00,1.9083700000000001,1.90843,1.90834,1.9083999999999999,61,12,0
2024-06-25 22:30:00,1.9083999999999999,1.90863,1.90838,1.90863,75,13,0
2024-06-25 22:35:00,1.90863,1.90876,1.90862,1.90872,59,12,0
2024-06-25 22:40:00,1.90872,1.90876,1.90854,1.9085999999999999,96,12,0
2024-06-25 22:45:00,1.9085800000000002,1.90879,1.90855,1.90876,103,11,0
2024-06-25 22:50:00,1.90876,1.9088699999999998,1.90869,1.90879,96,10,0
2024-06-25 22:55:00,1.90877,1.90879,1.90857,1.90869,93,10,0
2024-06-25 23:00:00,1.9086699999999999,1.90881,1.90834,1.9084400000000001,181,8,0
2024-06-25 23:05:00,1.90846,1.9086699999999999,1.90845,1.9086699999999999,109,7,0
2024-06-25 23:10:00,1.9086699999999999,1.90876,1.90861,1.90876,100,7,0
2024-06-25 23:15:00,1.90876,1.90882,1.9085800000000002,1.9085800000000002,127,6,0
2024-06-25 23:20:00,1.9085800000000002,1.9086699999999999,1.9083,1.90834,158,0,0
2024-06-25 23:25:00,1.90834,1.9084699999999999,1.9082599999999998,1.9083999999999999,151,0,0
2024-06-25 23:30:00,1.9083999999999999,1.90869,1.9083999999999999,1.9086400000000001,112,0,0
2024-06-25 23:35:00,1.90861,1.90869,1.9083999999999999,1.90854,116,1,0
2024-06-25 23:40:00,1.90854,1.90859,1.90836,1.90838,152,1,0
2024-06-25 23:45:00,1.9083700000000001,1.90859,1.9083700000000001,1.90846,216,0,0
2024-06-25 23:50:00,1.90845,1.90883,1.90845,1.90877,205,0,0
2024-06-25 23:55:00,1.90877,1.90896,1.90869,1.90889,206,1,0
2024-06-26 00:00:00,1.90889,1.9096,1.90882,1.90958,524,1,0
2024-06-26 00:05:00,1.90958,1.9103400000000001,1.9095499999999999,1.91028,533,0,0
2024-06-26 00:10:00,1.91028,1.91075,1.91028,1.91045,481,1,0
2024-06-26 00:15:00,1.91045,1.91055,1.90987,1.91002,549,0,0
2024-06-26 00:20:00,1.91002,1.91002,1.90952,1.9096899999999999,546,0,0
2024-06-26 00:25:00,1.9096899999999999,1.90974,1.90926,1.9093499999999999,311,3,0
2024-06-26 00:30:00,1.9093499999999999,1.90968,1.90923,1.9096,409,2,0
2024-06-26 00:35:00,1.9096,1.9099300000000001,1.90956,1.9099,387,3,0
2024-06-26 00:40:00,1.9099,1.91006,1.90972,1.90983,447,0,0
2024-06-26 00:45:00,1.90983,1.9099300000000001,1.90954,1.90979,243,0,0
2024-06-26 00:50:00,1.9098199999999999,1.9099300000000001,1.9096600000000001,1.90991,412,1,0
2024-06-26 00:55:00,1.90991,1.90998,1.90952,1.90952,533,0,0
2024-06-26 01:00:00,1.90952,1.90967,1.90902,1.9091399999999998,495,4,0
2024-06-26 01:05:00,1.9091399999999998,1.9091900000000002,1.90888,1.90917,516,2,0
2024-06-26 01:10:00,1.90917,1.90934,1.90902,1.90904,464,3,0
2024-06-26 01:15:00,1.9090500000000001,1.90934,1.90869,1.9087,662,0,0
2024-06-26 01:20:00,1.9087,1.90889,1.90836,1.9084699999999999,400,2,0
2024-06-26 01:25:00,1.9084699999999999,1.9096899999999999,1.90842,1.90934,320,0,0
2024-06-26 01:30:00,1.90936,1.90938,1.90272,1.90292,1805,0,0
2024-06-26 01:35:00,1.90292,1.9035600000000001,1.90235,1.90328,1230,0,0
2024-06-26 01:40:00,1.9032900000000001,1.90414,1.90263,1.9029,1267,0,0
2024-06-26 01:45:00,1.90293,1.9031,1.9017300000000001,1.90286,1304,0,0
2024-06-26 01:50:00,1.90286,1.9031,1.90174,1.90217,1243,0,0
2024-06-26 01:55:00,1.90217,1.90245,1.90116,1.9012099999999998,1014,0,0
2024-06-26 02:00:00,1.9012099999999998,1.90136,1.89988,1.90027,970,1,0
2024-06-26 02:05:00,1.90027,1.9009399999999999,1.90007,1.90007,932,0,0
2024-06-26 02:10:00,1.90008,1.90095,1.90004,1.90082,946,0,0
2024-06-26 02:15:00,1.9008,1.9010799999999999,1.90054,1.90065,809,0,0
2024-06-26 02:20:00,1.90065,1.90079,1.90008,1.90076,748,0,0
2024-06-26 02:25:00,1.90076,1.9009800000000001,1.90049,1.90066,636,0,0
2024-06-26 02:30:00,1.90068,1.90179,1.90062,1.9016899999999999,655,0,0
2024-06-26 02:35:00,1.90167,1.90246,1.9015300000000002,1.90211,665,0,0
2024-06-26 02:40:00,1.90211,1.9022299999999999,1.9010099999999999,1.90141,594,0,0
2024-06-26 02:45:00,1.90141,1.90201,1.9014,1.90165,543,0,0
2024-06-26 02:50:00,1.90165,1.90225,1.90158,1.90186,666,1,0
2024-06-26 02:55:00,1.90186,1.9021400000000002,1.90172,1.9018199999999998,436,1,0
2024-06-26 03:00:00,1.9018199999999998,1.90202,1.90163,1.9017,457,1,0
2024-06-26 03:05:00,1.90171,1.90219,1.90165,1.90187,430,3,0
2024-06-26 03:10:00,1.90187,1.90197,1.90164,1.90178,457,3,0
2024-06-26 03:15:00,1.90178,1.90181,1.90115,1.90122,399,3,0
2024-06-26 03:20:00,1.90122,1.9013200000000001,1.9004400000000001,1.90065,505,0,0
2024-06-26 03:25:00,1.90065,1.90096,1.90032,1.9003999999999999,474,0,0
2024-06-26 03:30:00,1.9003999999999999,1.90048,1.9000599999999999,1.90036,476,2,0
2024-06-26 03:35:00,1.90036,1.90054,1.8999700000000002,1.9001700000000001,446,3,0
2024-06-26 03:40:00,1.9001700000000001,1.9003999999999999,1.8998300000000001,1.90038,430,0,0
2024-06-26 03:45:00,1.90038,1.90064,1.90028,1.90057,452,2,0
2024-06-26 03:50:00,1.90057,1.90117,1.90046,1.90115,381,3,0
2024-06-26 03:55:00,1.90115,1.90151,1.90115,1.9014,280,0,0
2024-06-26 04:00:00,1.9014,1.9015,1.9007800000000001,1.9007800000000001,357,1,0
2024-06-26 04:05:00,1.9007800000000001,1.9007800000000001,1.9002400000000002,1.9002599999999998,223,2,0
2024-06-26 04:10:00,1.90025,1.90049,1.9001299999999999,1.9004699999999999,316,0,0
2024-06-26 04:15:00,1.9004699999999999,1.9005999999999998,1.90023,1.9003700000000001,207,3,0
2024-06-26 04:20:00,1.90036,1.9005,1.90016,1.90048,188,0,0
2024-06-26 04:25:00,1.90049,1.9005999999999998,1.90009,1.9001000000000001,162,0,0
2024-06-26 04:30:00,1.9001000000000001,1.90038,1.89992,1.89995,276,0,0
2024-06-26 04:35:00,1.89995,1.90007,1.89982,1.89989,209,2,0
2024-06-26 04:40:00,1.89989,1.90005,1.89946,1.89947,282,2,0
2024-06-26 04:45:00,1.89947,1.89964,1.8991500000000001,1.89923,247,0,0
2024-06-26 04:50:00,1.89923,1.8993799999999998,1.8990399999999998,1.8991,273,0,0
2024-06-26 04:55:00,1.8991,1.89985,1.89909,1.89958,365,3,0
2024-06-26 05:00:00,1.89958,1.89967,1.89917,1.89951,349,1,0
2024-06-26 05:05:00,1.89951,1.8996499999999998,1.8993799999999998,1.89964,346,0,0
2024-06-26 05:10:00,1.89964,1.89964,1.89908,1.89914,342,3,0
2024-06-26 05:15:00,1.89914,1.89916,1.89878,1.8988800000000001,328,4,0
2024-06-26 05:20:00,1.8988800000000001,1.8988800000000001,1.89795,1.8980000000000001,367,0,0
2024-06-26 05:25:00,1.8980000000000001,1.89839,1.89799,1.89825,444,0,0
2024-06-26 05:30:00,1.89825,1.8982700000000001,1.8975,1.89758,582,1,0
2024-06-26 05:35:00,1.89758,1.89819,1.89749,1.89783,445,0,0
2024-06-26 05:40:00,1.89783,1.89784,1.89744,1.89774,491,0,0
2024-06-26 05:45:00,1.89774,1.89821,1.8976,1.8980000000000001,487,0,0
2024-06-26 05:50:00,1.8980000000000001,1.89804,1.8976199999999999,1.89791,468,2,0
2024-06-26 05:55:00,1.89791,1.8982700000000001,1.8977,1.89806,512,0,0
2024-06-26 06:00:00,1.89804,1.89804,1.8968500000000001,1.8968500000000001,723,1,0
2024-06-26 06:05:00,1.8968500000000001,1.8971200000000001,1.89657,1.8967399999999999,546,0,0
2024-06-26 06:10:00,1.8967399999999999,1.8971200000000001,1.8967399999999999,1.89696,593,1,0
2024-06-26 06:15:00,1.89696,1.89715,1.89673,1.89702,496,0,0
2024-06-26 06:20:00,1.89702,1.89783,1.89702,1.8977,611,0,0
2024-06-26 06:25:00,1.8977,1.8977,1.89668,1.89689,486,2,0
2024-06-26 06:30:00,1.89689,1.89702,1.8963299999999998,1.89648,1015,2,0
2024-06-26 06:35:00,1.89648,1.8970099999999999,1.89642,1.8965999999999998,666,0,0
2024-06-26 06:40:00,1.8965999999999998,1.89761,1.89654,1.89749,807,2,0
2024-06-26 06:45:00,1.89747,1.8978000000000002,1.8974199999999999,1.89763,504,0,0
2024-06-26 06:50:00,1.89763,1.8981,1.89743,1.89747,514,0,0
2024-06-26 06:55:00,1.89747,1.89754,1.89703,1.89726,584,3,0
2024-06-26 07:00:00,1.89726,1.89751,1.8968500000000001,1.89743,500,3,0
2024-06-26 07:05:00,1.89743,1.89825,1.8974,1.89821,563,2,0
2024-06-26 07:10:00,1.89821,1.89853,1.89774,1.8978899999999999,670,0,0
2024-06-26 07:15:00,1.8979,1.89813,1.89757,1.8979599999999999,607,0,0
2024-06-26 07:20:00,1.8979599999999999,1.89813,1.89772,1.89808,914,0,0
2024-06-26 07:25:00,1.89808,1.89828,1.89718,1.89733,715,0,0
2024-06-26 07:30:00,1.89733,1.89737,1.89683,1.8972799999999999,583,0,0
2024-06-26 07:35:00,1.8972799999999999,1.89747,1.89661,1.89684,699,0,0
2024-06-26 07:40:00,1.89684,1.89758,1.89668,1.89749,605,0,0
2024-06-26 07:45:00,1.89749,1.89845,1.8974600000000001,1.8978899999999999,717,0,0
2024-06-26 07:50:00,1.8978899999999999,1.89804,1.8975499999999998,1.8976,755,0,0
2024-06-26 07:55:00,1.8976,1.8976199999999999,1.8965100000000001,1.8966699999999999,906,0,0
2024-06-26 08:00:00,1.89666,1.8967800000000001,1.89615,1.89636,758,0,0
2024-06-26 08:05:00,1.8963700000000001,1.8971,1.8963,1.8969200000000002,823,0,0
2024-06-26 08:10:00,1.8969200000000002,1.8970500000000001,1.8967100000000001,1.8967399999999999,377,0,0
2024-06-26 08:15:00,1.8967399999999999,1.8971200000000001,1.89656,1.89663,478,0,0
2024-06-26 08:20:00,1.89663,1.89675,1.8954900000000001,1.8954900000000001,649,0,0
2024-06-26 08:25:00,1.8954900000000001,1.89571,1.8953,1.89533,725,0,0
2024-06-26 08:30:00,1.89532,1.8955,1.89513,1.89544,525,0,0
2024-06-26 08:35:00,1.89544,1.89564,1.89531,1.8953799999999998,616,3,0
2024-06-26 08:40:00,1.8953799999999998,1.89627,1.89527,1.89618,549,0,0
2024-06-26 08:45:00,1.89618,1.89666,1.89618,1.89638,563,3,0
2024-06-26 08:50:00,1.89638,1.8969399999999998,1.8962400000000001,1.8969399999999998,663,2,0
2024-06-26 08:55:00,1.8969399999999998,1.89737,1.89659,1.8973200000000001,760,0,0
2024-06-26 09:00:00,1.89729,1.89764,1.8971,1.89716,659,0,0
2024-06-26 09:05:00,1.89716,1.89733,1.89683,1.8969200000000002,710,1,0
2024-06-26 09:10:00,1.8969399999999998,1.8970799999999999,1.89654,1.8966699999999999,612,0,0
2024-06-26 09:15:00,1.8966699999999999,1.8967399999999999,1.89596,1.89623,569,0,0
2024-06-26 09:20:00,1.89623,1.89716,1.89611,1.8971200000000001,572,0,0
2024-06-26 09:25:00,1.8971200000000001,1.8981599999999998,1.8971200000000001,1.89808,706,0,0
2024-06-26 09:30:00,1.89808,1.89824,1.8976,1.89772,673,0,0
2024-06-26 09:35:00,1.89772,1.89828,1.8976600000000001,1.8978899999999999,1000,1,0
2024-06-26 09:40:00,1.8979,1.89829,1.89785,1.8981599999999998,825,1,0
2024-06-26 09:45:00,1.8981599999999998,1.89856,1.8980000000000001,1.89838,663,0,0
2024-06-26 09:50:00,1.89837,1.89853,1.89805,1.89828,558,0,0
2024-06-26 09:55:00,1.89828,1.89873,1.89822,1.89858,716,0,0
2024-06-26 10:00:00,1.89858,1.8989,1.8985400000000001,1.89874,619,0,0
2024-06-26 10:05:00,1.89874,1.89892,1.8982700000000001,1.8989099999999999,547,0,0
2024-06-26 10:10:00,1.8989099999999999,1.89948,1.8986800000000001,1.89943,700,2,0
2024-06-26 10:15:00,1.89943,1.8997600000000001,1.8992900000000001,1.89958,929,1,0
2024-06-26 10:20:00,1.89958,1.90001,1.89935,1.89953,940,0,0
2024-06-26 10:25:00,1.89953,1.9005100000000001,1.8994900000000001,1.90002,770,1,0
2024-06-26 10:30:00,1.90002,1.90064,1.89994,1.90046,674,2,0
2024-06-26 10:35:00,1.90046,1.9011200000000001,1.90046,1.9010799999999999,755,0,0
2024-06-26 10:40:00,1.90107,1.90124,1.90018,1.90027,784,1,0
2024-06-26 10:45:00,1.90028,1.9005800000000002,1.9002599999999998,1.9003700000000001,750,0,0
2024-06-26 10:50:00,1.90036,1.90054,1.89993,1.89994,787,1,0
2024-06-26 10:55:00,1.89994,1.90079,1.8998599999999999,1.90068,693,0,0
2024-06-26 11:00:00,1.90069,1.90134,1.9004699999999999,1.90104,804,0,0
2024-06-26 11:05:00,1.90104,1.9013499999999999,1.901,1.90125,959,1,0
2024-06-26 11:10:00,1.90125,1.90147,1.90103,1.90103,806,0,0
2024-06-26 11:15:00,1.90103,1.9010799999999999,1.90061,1.90068,754,0,0
2024-06-26 11:20:00,1.90068,1.9008500000000002,1.90036,1.90048,747,0,0
2024-06-26 11:25:00,1.9004699999999999,1.9008699999999998,1.9,1.9,922,1,0
2024-06-26 11:30:00,1.9,1.9003299999999999,1.89962,1.9003299999999999,1089,1,0
2024-06-26 11:35:00,1.90032,1.90083,1.90015,1.90021,838,0,0
2024-06-26 11:40:00,1.90021,1.9005100000000001,1.89991,1.9001700000000001,606,0,0
2024-06-26 11:45:00,1.9001700000000001,1.90099,1.90016,1.90061,830,1,0
2024-06-26 11:50:00,1.90061,1.90103,1.90049,1.9009800000000001,684,1,0
2024-06-26 11:55:00,1.9009800000000001,1.90175,1.9009399999999999,1.90133,800,1,0
2024-06-26 12:00:00,1.90133,1.90136,1.9003,1.90032,923,0,0
2024-06-26 12:05:00,1.90032,1.9008099999999999,1.90032,1.90064,766,2,0
2024-06-26 12:10:00,1.90064,1.9010799999999999,1.90048,1.90099,590,2,0
2024-06-26 12:15:00,1.90099,1.9013200000000001,1.90009,1.9004400000000001,896,0,0
2024-06-26 12:20:00,1.9004400000000001,1.9009399999999999,1.9003,1.90063,1197,0,0
2024-06-26 12:25:00,1.90063,1.90089,1.90057,1.90077,1002,1,0
2024-06-26 12:30:00,1.90077,1.9009800000000001,1.90029,1.9003,964,2,0
2024-06-26 12:35:00,1.90029,1.90041,1.89982,1.9000599999999999,981,0,0
2024-06-26 12:40:00,1.9000599999999999,1.90035,1.89958,1.8996300000000002,955,0,0
2024-06-26 12:45:00,1.8996499999999998,1.9,1.89958,1.89989,980,0,0
2024-06-26 12:50:00,1.89989,1.90009,1.8993600000000002,1.89937,1293,0,0
2024-06-26 12:55:00,1.8993799999999998,1.89987,1.8991099999999999,1.89985,1254,0,0
2024-06-26 13:00:00,1.89985,1.90018,1.89964,1.8997199999999999,1046,0,0
2024-06-26 13:05:00,1.8997199999999999,1.9001000000000001,1.89931,1.90002,1473,0,0
2024-06-26 13:10:00,1.90002,1.9003700000000001,1.89973,1.8997899999999999,1316,0,0
2024-06-26 13:15:00,1.8997899999999999,1.90096,1.89966,1.90062,1336,0,0
2024-06-26 13:20:00,1.90061,1.90095,1.90007,1.90091,1211,0,0
2024-06-26 13:25:00,1.90091,1.90164,1.90091,1.90154,992,0,0
2024-06-26 13:30:00,1.90152,1.90174,1.90124,1.90147,1530,0,0
2024-06-26 13:35:00,1.9014799999999998,1.9018899999999999,1.90129,1.9016199999999999,1349,0,0
2024-06-26 13:40:00,1.9016199999999999,1.90183,1.901,1.9010500000000001,1342,0,0
2024-06-26 13:45:00,1.9010500000000001,1.9011200000000001,1.89994,1.90009,1316,0,0
2024-06-26 13:50:00,1.90009,1.90049,1.89937,1.90041,1077,0,0
2024-06-26 13:55:00,1.90041,1.9009800000000001,1.90004,1.90014,884,0,0
2024-06-26 14:00:00,1.90012,1.9004400000000001,1.89926,1.89939,1364,0,0
2024-06-26 14:05:00,1.89939,1.89946,1.8983400000000001,1.8991,1136,0,0
2024-06-26 14:10:00,1.8991,1.8991099999999999,1.89838,1.8989,1133,0,0
2024-06-26 14:15:00,1.8989500000000001,1.89985,1.8988399999999999,1.8997199999999999,1302,0,0
2024-06-26 14:20:00,1.8997199999999999,1.89978,1.89899,1.8990399999999998,1289,0,0
2024-06-26 14:25:00,1.8990200000000002,1.89995,1.89887,1.89978,1327,0,0
2024-06-26 14:30:00,1.89978,1.90063,1.89931,1.90057,1207,0,0
2024-06-26 14:35:00,1.90057,1.90154,1.90042,1.9014799999999998,1055,0,0
2024-06-26 14:40:00,1.9014799999999998,1.90164,1.90068,1.90069,1200,0,0
2024-06-26 14:45:00,1.90069,1.9009399999999999,1.89955,1.89957,1274,0,0
2024-06-26 14:50:00,1.89957,1.89957,1.89673,1.89715,1613,0,0
2024-06-26 14:55:00,1.89714,1.89896,1.89714,1.89784,2049,0,0
2024-06-26 15:00:00,1.89785,1.89916,1.8978199999999998,1.8986399999999999,1331,0,0
2024-06-26 15:05:00,1.8986399999999999,1.89917,1.89842,1.8988800000000001,799,0,0
2024-06-26 15:10:00,1.8988800000000001,1.8997600000000001,1.89882,1.89974,1370,0,0
2024-06-26 15:15:00,1.89974,1.89975,1.8987,1.899,953,1,0
2024-06-26 15:20:00,1.899,1.89939,1.8987500000000002,1.8988,1153,1,0
2024-06-26 15:25:00,1.89878,1.89892,1.8982,1.89876,944,1,0
2024-06-26 15:30:00,1.89876,1.89909,1.8984999999999999,1.89873,986,0,0
2024-06-26 15:35:00,1.89872,1.89964,1.89862,1.89954,821,1,0
2024-06-26 15:40:00,1.89954,1.8997600000000001,1.8992,1.89935,789,1,0
2024-06-26 15:45:00,1.89935,1.89935,1.89863,1.8986399999999999,755,2,0
2024-06-26 15:50:00,1.8986399999999999,1.89894,1.8983400000000001,1.89851,908,2,0
2024-06-26 15:55:00,1.8984999999999999,1.8991,1.8984999999999999,1.89883,959,0,0
2024-06-26 16:00:00,1.8988399999999999,1.89921,1.89837,1.89897,964,3,0
2024-06-26 16:05:00,1.89896,1.8991099999999999,1.89837,1.89837,975,2,0
2024-06-26 16:10:00,1.89837,1.89907,1.8983400000000001,1.89897,946,2,0
2024-06-26 16:15:00,1.89897,1.89909,1.8986800000000001,1.89879,932,1,0
2024-06-26 16:20:00,1.89879,1.8990399999999998,1.89865,1.89892,559,0,0
2024-06-26 16:25:00,1.8989099999999999,1.89931,1.8984100000000002,1.89856,891,3,0
2024-06-26 16:30:00,1.8985699999999999,1.89937,1.89851,1.89916,763,3,0
2024-06-26 16:35:00,1.89916,1.89954,1.8991,1.89912,638,3,0
2024-06-26 16:40:00,1.89913,1.89939,1.89896,1.89932,788,3,0
2024-06-26 16:45:00,1.89932,1.89953,1.89914,1.89942,904,1,0
2024-06-26 16:50:00,1.89942,1.89944,1.8990200000000002,1.8992200000000001,627,1,0
2024-06-26 16:55:00,1.8992200000000001,1.89927,1.8986800000000001,1.89878,588,0,0
2024-06-26 17:00:00,1.89878,1.8993600000000002,1.89872,1.8992499999999999,1112,0,0
2024-06-26 17:05:00,1.8992499999999999,1.8994499999999999,1.89905,1.89913,855,1,0
2024-06-26 17:10:00,1.89913,1.8991500000000001,1.8985699999999999,1.89871,765,0,0
2024-06-26 17:15:00,1.8987,1.89892,1.89867,1.8988399999999999,781,1,0
2024-06-26 17:20:00,1.89886,1.8991099999999999,1.89878,1.8989500000000001,927,3,0
2024-06-26 17:25:00,1.89894,1.8991099999999999,1.8986800000000001,1.89869,848,2,0
2024-06-26 17:30:00,1.89869,1.89907,1.8986399999999999,1.89903,806,2,0
2024-06-26 17:35:00,1.89903,1.8994499999999999,1.89872,1.89886,916,1,0
2024-06-26 17:40:00,1.89886,1.89926,1.89878,1.89878,864,0,0
2024-06-26 17:45:00,1.89878,1.89879,1.89821,1.89852,618,0,0
2024-06-26 17:50:00,1.89852,1.8985400000000001,1.89771,1.89772,770,0,0
2024-06-26 17:55:00,1.8977300000000001,1.89777,1.89741,1.89745,762,4,0
2024-06-26 18:00:00,1.89745,1.8978899999999999,1.89743,1.8977,748,2,0
2024-06-26 18:05:00,1.89771,1.8980000000000001,1.8975300000000002,1.89788,689,1,0
2024-06-26 18:10:00,1.8978899999999999,1.89817,1.89783,1.89811,741,4,0
2024-06-26 18:15:00,1.89812,1.8984100000000002,1.89804,1.89837,643,2,0
2024-06-26 18:20:00,1.89838,1.8984999999999999,1.89817,1.89826,684,3,0
2024-06-26 18:25:00,1.8982700000000001,1.89855,1.89817,1.8983400000000001,709,3,0
2024-06-26 18:30:00,1.8983400000000001,1.8983400000000001,1.8979599999999999,1.8979599999999999,622,2,0
2024-06-26 18:35:00,1.89795,1.8982999999999999,1.8977300000000001,1.8979300000000001,612,5,0
2024-06-26 18:40:00,1.89794,1.89825,1.89786,1.89811,708,2,0
2024-06-26 18:45:00,1.89811,1.89821,1.89777,1.89781,615,1,0
2024-06-26 18:50:00,1.89781,1.89788,1.89764,1.8978199999999998,567,3,0
2024-06-26 18:55:00,1.8978199999999998,1.89809,1.89764,1.89776,884,0,0
2024-06-26 19:00:00,1.89776,1.89847,1.89768,1.8984100000000002,884,4,0
2024-06-26 19:05:00,1.8984100000000002,1.89845,1.8982,1.89826,545,3,0
2024-06-26 19:10:00,1.89826,1.89858,1.8980700000000001,1.89842,762,3,0
2024-06-26 19:15:00,1.89842,1.89844,1.8981,1.89812,669,4,0
2024-06-26 19:20:00,1.89812,1.89832,1.89797,1.89799,423,1,0
2024-06-26 19:25:00,1.8980000000000001,1.89815,1.89794,1.89802,477,3,0
2024-06-26 19:30:00,1.89802,1.89829,1.89794,1.89819,551,2,0
2024-06-26 19:35:00,1.8982,1.89822,1.8979599999999999,1.89813,450,3,0
2024-06-26 19:40:00,1.89812,1.8982999999999999,1.89788,1.8979599999999999,494,3,0
2024-06-26 19:45:00,1.8979599999999999,1.89819,1.89795,1.8981,553,6,0
2024-06-26 19:50:00,1.8981,1.89829,1.89791,1.8980299999999999,767,6,0
2024-06-26 19:55:00,1.89804,1.8981599999999998,1.89787,1.89804,975,4,0
2024-06-26 20:00:00,1.89804,1.8984999999999999,1.89798,1.89821,552,1,0
2024-06-26 20:05:00,1.89821,1.89822,1.89784,1.8979,331,2,0
2024-06-26 20:10:00,1.8979,1.8982,1.89785,1.89806,155,2,0
2024-06-26 20:15:00,1.89806,1.89806,1.8978899999999999,1.8980000000000001,182,4,0
2024-06-26 20:20:00,1.89801,1.89815,1.89794,1.89808,174,3,0
2024-06-26 20:25:00,1.89808,1.89817,1.89798,1.8981599999999998,209,5,0
2024-06-26 20:30:00,1.89815,1.8982700000000001,1.8980700000000001,1.89819,134,6,0
2024-06-26 20:35:00,1.89819,1.89845,1.89809,1.89842,129,1,0
2024-06-26 20:40:00,1.89842,1.89863,1.8983400000000001,1.8986,98,1,0
2024-06-26 20:45:00,1.8986,1.89873,1.89831,1.89845,132,3,0
2024-06-26 20:50:00,1.89845,1.8986399999999999,1.89831,1.89836,223,5,0
2024-06-26 20:55:00,1.89836,1.89867,1.89822,1.8986,192,5,0
2024-06-26 21:00:00,1.89849,1.89849,1.89598,1.89641,32,42,0
2024-06-26 21:05:00,1.8965100000000001,1.89836,1.8965100000000001,1.89804,68,117,0
2024-06-26 21:10:00,1.89797,1.89801,1.8972,1.89767,73,82,0
2024-06-26 21:15:00,1.89767,1.89779,1.89744,1.89765,43,81,0
2024-06-26 21:20:00,1.89765,1.89791,1.8975300000000002,1.89791,23,74,0
2024-06-26 21:25:00,1.89791,1.89806,1.89738,1.89776,61,66,0
2024-06-26 21:30:00,1.89776,1.89791,1.89767,1.89784,58,55,0
2024-06-26 21:35:00,1.89784,1.8982299999999999,1.8976899999999999,1.89818,159,54,0
2024-06-26 21:40:00,1.89818,1.89897,1.89809,1.89867,249,32,0
2024-06-26 21:45:00,1.8987,1.8987500000000002,1.89634,1.89831,261,33,0
2024-06-26 21:50:00,1.89818,1.89844,1.89806,1.89809,196,32,0
2024-06-26 21:55:00,1.89808,1.89867,1.8980000000000001,1.8981400000000002,210,29,0
2024-06-26 22:00:00,1.8981400000000002,1.8989,1.89804,1.89867,443,16,0
2024-06-26 22:05:00,1.89867,1.89867,1.89835,1.89856,55,16,0
2024-06-26 22:10:00,1.8985699999999999,1.8987,1.8985400000000001,1.8985699999999999,59,13,0
2024-06-26 22:15:00,1.8985699999999999,1.8987500000000002,1.8984999999999999,1.89872,36,11,0
2024-06-26 22:20:00,1.89872,1.89879,1.89815,1.89837,123,11,0
2024-06-26 22:25:00,1.89837,1.8984299999999998,1.8982299999999999,1.89838,134,6,0
2024-06-26 22:30:00,1.89838,1.89881,1.89825,1.89866,125,1,0
2024-06-26 22:35:00,1.89866,1.89885,1.89863,1.8986800000000001,75,2,0
2024-06-26 22:40:00,1.8986800000000001,1.89874,1.89825,1.89832,158,3,0
2024-06-26 22:45:00,1.89832,1.89856,1.89832,1.8984999999999999,74,4,0
2024-06-26 22:50:00,1.8984999999999999,1.89853,1.89828,1.89832,57,6,0
2024-06-26 22:55:00,1.89832,1.89859,1.8982999999999999,1.89855,83,3,0
2024-06-26 23:00:00,1.8985400000000001,1.8991500000000001,1.8985400000000001,1.89909,179,3,0
2024-06-26 23:05:00,1.89909,1.89953,1.89909,1.8994499999999999,183,1,0
2024-06-26 23:10:00,1.8994499999999999,1.8997000000000002,1.8994499999999999,1.89968,198,0,0
2024-06-26 23:15:00,1.89968,1.89968,1.8993799999999998,1.89959,299,5,0
2024-06-26 23:20:00,1.89959,1.89973,1.8995600000000001,1.8996499999999998,174,4,0
2024-06-26 23:25:00,1.8996499999999998,1.89992,1.89964,1.89989,118,5,0
2024-06-26 23:30:00,1.89989,1.89992,1.89934,1.89942,252,4,0
2024-06-26 23:35:00,1.89944,1.8995600000000001,1.89917,1.8991799999999999,169,1,0
2024-06-26 23:40:00,1.89919,1.8992,1.89889,1.89894,190,3,0
2024-06-26 23:45:00,1.89894,1.8989500000000001,1.89879,1.89892,184,6,0
2024-06-26 23:50:00,1.8989099999999999,1.8991500000000001,1.89886,1.8991500000000001,153,1,0
2024-06-26 23:55:00,1.8991500000000001,1.8995,1.89909,1.89919,279,1,0
2024-06-27 00:00:00,1.89919,1.8995,1.89866,1.89876,738,0,0
2024-06-27 00:05:00,1.89876,1.89901,1.89866,1.8987,500,0,0
2024-06-27 00:10:00,1.8987,1.89881,1.89847,1.89867,422,1,0
2024-06-27 00:15:00,1.89867,1.89874,1.89849,1.89859,261,2,0
2024-06-27 00:20:00,1.89859,1.89887,1.89838,1.8987500000000002,335,3,0
2024-06-27 00:25:00,1.8987500000000002,1.899,1.89833,1.89842,309,1,0
2024-06-27 00:30:00,1.89842,1.89869,1.8981599999999998,1.89866,351,4,0
2024-06-27 00:35:00,1.89866,1.89917,1.8986100000000001,1.8991099999999999,333,2,0
2024-06-27 00:40:00,1.89912,1.89955,1.89901,1.89919,463,2,0
2024-06-27 00:45:00,1.89919,1.89954,1.89912,1.89926,582,2,0
2024-06-27 00:50:00,1.8992499999999999,1.89959,1.89893,1.8991799999999999,446,0,0
2024-06-27 00:55:00,1.89917,1.8992,1.89845,1.89866,472,0,0
2024-06-27 01:00:00,1.89866,1.8988399999999999,1.8984100000000002,1.89858,556,4,0
2024-06-27 01:05:00,1.89858,1.8986100000000001,1.89799,1.8981599999999998,553,2,0
2024-06-27 01:10:00,1.8981599999999998,1.89835,1.89788,1.8982,583,2,0
2024-06-27 01:15:00,1.8982,1.89872,1.89808,1.8984999999999999,634,5,0
2024-06-27 01:20:00,1.8984999999999999,1.8992900000000001,1.8983400000000001,1.89909,558,2,0
2024-06-27 01:25:00,1.8991099999999999,1.89946,1.89859,1.89878,490,3,0
2024-06-27 01:30:00,1.89878,1.8989099999999999,1.89838,1.89889,770,0,0
2024-06-27 01:35:00,1.8988800000000001,1.89954,1.8988800000000001,1.89937,637,0,0
2024-06-27 01:40:00,1.8993600000000002,1.89942,1.89906,1.89928,536,2,0
2024-06-27 01:45:00,1.8992900000000001,1.8992900000000001,1.89863,1.89893,512,1,0
2024-06-27 01:50:00,1.89893,1.89897,1.89853,1.89872,725,1,0
2024-06-27 01:55:00,1.89872,1.89873,1.89832,1.89838,550,2,0
2024-06-27 02:00:00,1.89838,1.89847,1.8975,1.89751,809,3,0
2024-06-27 02:05:00,1.89754,1.89822,1.89744,1.89822,489,2,0
2024-06-27 02:10:00,1.89822,1.89894,1.89818,1.8989099999999999,331,1,0
2024-06-27 02:15:00,1.8989099999999999,1.89932,1.89876,1.89898,264,0,0
2024-06-27 02:20:00,1.89898,1.89955,1.8989099999999999,1.89951,317,0,0
2024-06-27 02:25:00,1.89951,1.89955,1.89899,1.89901,381,0,0
2024-06-27 02:30:00,1.89901,1.8992499999999999,1.8989500000000001,1.89913,407,2,0
2024-06-27 02:35:00,1.89913,1.89921,1.89889,1.8989,275,2,0
2024-06-27 02:40:00,1.8989,1.89893,1.8982999999999999,1.89831,363,2,0
2024-06-27 02:45:00,1.8982999999999999,1.8984,1.8976,1.8978899999999999,460,0,0
2024-06-27 02:50:00,1.8978899999999999,1.89799,1.89764,1.89778,293,4,0
2024-06-27 02:55:00,1.89778,1.8980299999999999,1.89759,1.89779,236,0,0
2024-06-27 03:00:00,1.89779,1.89787,1.8975300000000002,1.8976600000000001,263,0,0
2024-06-27 03:05:00,1.8976600000000001,1.89785,1.8976,1.89774,221,0,0
2024-06-27 03:10:00,1.89774,1.89787,1.89765,1.8976899999999999,285,2,0
2024-06-27 03:15:00,1.89768,1.8977,1.89717,1.89729,333,2,0
2024-06-27 03:20:00,1.89729,1.89741,1.89664,1.89668,351,2,0
2024-06-27 03:25:00,1.8966699999999999,1.89691,1.89662,1.89668,389,1,0
2024-06-27 03:30:00,1.89668,1.89668,1.89614,1.89632,323,0,0
2024-06-27 03:35:00,1.89632,1.8963999999999999,1.8961299999999999,1.89625,279,3,0
2024-06-27 03:40:00,1.89625,1.89654,1.89625,1.89635,363,3,0
2024-06-27 03:45:00,1.89635,1.89638,1.89592,1.89593,253,1,0
2024-06-27 03:50:00,1.89593,1.89602,1.89568,1.8959000000000001,295,3,0
2024-06-27 03:55:00,1.8959000000000001,1.8961000000000001,1.8958300000000001,1.89601,324,0,0
2024-06-27 04:00:00,1.89601,1.8962400000000001,1.8959700000000002,1.89614,191,4,0
2024-06-27 04:05:00,1.8961299999999999,1.89625,1.89603,1.89614,347,0,0
2024-06-27 04:10:00,1.89614,1.89619,1.89591,1.89598,219,3,0
2024-06-27 04:15:00,1.89598,1.89598,1.89567,1.89569,244,1,0
2024-06-27 04:20:00,1.89569,1.89577,1.8954499999999999,1.89575,312,3,0
2024-06-27 04:25:00,1.8957600000000001,1.89589,1.89561,1.89573,326,1,0
2024-06-27 04:30:00,1.8957199999999998,1.8963100000000002,1.89561,1.89623,321,3,0
2024-06-27 04:35:00,1.89623,1.89652,1.89622,1.89642,175,2,0
2024-06-27 04:40:00,1.89641,1.89642,1.89627,1.89632,255,4,0
2024-06-27 04:45:00,1.89632,1.89634,1.89589,1.89594,238,2,0
2024-06-27 04:50:00,1.89594,1.8961000000000001,1.89577,1.89578,267,0,0
2024-06-27 04:55:00,1.89578,1.89598,1.89561,1.8958599999999999,411,3,0
2024-06-27 05:00:00,1.89585,1.8963,1.89571,1.89573,366,1,0
2024-06-27 05:05:00,1.89573,1.89639,1.89561,1.89629,353,2,0
2024-06-27 05:10:00,1.89629,1.89652,1.89618,1.8963999999999999,228,0,0
2024-06-27 05:15:00,1.89641,1.89654,1.89621,1.89632,280,0,0
2024-06-27 05:20:00,1.89632,1.89635,1.89601,1.89611,326,2,0
2024-06-27 05:25:00,1.89615,1.89618,1.89587,1.89605,341,3,0
2024-06-27 05:30:00,1.89608,1.8961000000000001,1.8955899999999999,1.8956,416,4,0
2024-06-27 05:35:00,1.89561,1.89588,1.8955600000000001,1.8956300000000001,340,3,0
2024-06-27 05:40:00,1.89562,1.89595,1.8955899999999999,1.89595,358,3,0
2024-06-27 05:45:00,1.89595,1.8961000000000001,1.89581,1.89595,347,3,0
2024-06-27 05:50:00,1.89595,1.89634,1.8957199999999998,1.89589,346,3,0
2024-06-27 05:55:00,1.89589,1.89598,1.89561,1.8959000000000001,513,4,0
2024-06-27 06:00:00,1.8959000000000001,1.89608,1.89514,1.8953799999999998,695,4,0
2024-06-27 06:05:00,1.8953799999999998,1.89541,1.89503,1.89503,437,0,0
2024-06-27 06:10:00,1.89503,1.89513,1.89452,1.89471,537,3,0
2024-06-27 06:15:00,1.89471,1.89532,1.8947,1.89519,424,2,0
2024-06-27 06:20:00,1.89519,1.89521,1.89453,1.8950900000000002,437,0,0
2024-06-27 06:25:00,1.89506,1.89537,1.89473,1.89494,438,4,0
2024-06-27 06:30:00,1.89494,1.89524,1.89471,1.8950399999999998,651,0,0
2024-06-27 06:35:00,1.8950399999999998,1.89577,1.89486,1.8956,759,2,0
2024-06-27 06:40:00,1.8955899999999999,1.89603,1.8954499999999999,1.8957000000000002,742,0,0
2024-06-27 06:45:00,1.8957000000000002,1.8959899999999998,1.8957000000000002,1.8957600000000001,464,0,0
2024-06-27 06:50:00,1.8957600000000001,1.89619,1.89557,1.89614,539,0,0
2024-06-27 06:55:00,1.89614,1.89648,1.8959700000000002,1.8961700000000001,766,0,0
2024-06-27 07:00:00,1.89618,1.89621,1.89442,1.89445,1034,0,0
2024-06-27 07:05:00,1.89445,1.89499,1.89433,1.89471,831,0,0
2024-06-27 07:10:00,1.89471,1.89539,1.89462,1.8953600000000002,665,0,0
2024-06-27 07:15:00,1.8953600000000002,1.89598,1.8953,1.8957600000000001,1015,0,0
2024-06-27 07:20:00,1.89575,1.89587,1.89539,1.89582,745,0,0
2024-06-27 07:25:00,1.89582,1.89636,1.8956,1.89623,1042,0,0
2024-06-27 07:30:00,1.89623,1.89634,1.8958,1.89605,1042,0,0
2024-06-27 07:35:00,1.8960599999999999,1.89654,1.89603,1.89638,956,1,0
2024-06-27 07:40:00,1.89638,1.89657,1.89614,1.8963,978,0,0
2024-06-27 07:45:00,1.8963,1.8965999999999998,1.896,1.89603,589,2,0
2024-06-27 07:50:00,1.89603,1.89638,1.89595,1.89608,661,4,0
2024-06-27 07:55:00,1.89608,1.89625,1.89573,1.89604,710,1,0
2024-06-27 08:00:00,1.89604,1.8963700000000001,1.89587,1.89593,928,1,0
2024-06-27 08:05:00,1.89594,1.89595,1.89517,1.89539,745,1,0
2024-06-27 08:10:00,1.89539,1.8954900000000001,1.8950200000000001,1.89527,554,1,0
2024-06-27 08:15:00,1.89527,1.8953600000000002,1.89467,1.8949,571,0,0
2024-06-27 08:20:00,1.8949,1.89537,1.8948800000000001,1.89526,595,0,0
2024-06-27 08:25:00,1.89528,1.89595,1.89528,1.89591,833,1,0
2024-06-27 08:30:00,1.89591,1.89673,1.8958599999999999,1.89663,790,0,0
2024-06-27 08:35:00,1.89664,1.89672,1.8961000000000001,1.89611,774,0,0
2024-06-27 08:40:00,1.89611,1.89621,1.8957600000000001,1.89596,812,0,0
2024-06-27 08:45:00,1.89596,1.896,1.8956300000000001,1.89566,763,1,0
2024-06-27 08:50:00,1.89566,1.89566,1.89533,1.89543,747,2,0
2024-06-27 08:55:00,1.89546,1.8957899999999999,1.8951500000000001,1.89542,644,0,0
2024-06-27 09:00:00,1.89542,1.8959700000000002,1.89507,1.89588,785,0,0
2024-06-27 09:05:00,1.89588,1.8962599999999998,1.89581,1.89618,740,0,0
2024-06-27 09:10:00,1.89618,1.8963,1.8957899999999999,1.89595,760,2,0
2024-06-27 09:15:00,1.89595,1.89595,1.89537,1.8957199999999998,681,2,0
2024-06-27 09:20:00,1.8957199999999998,1.89602,1.8954900000000001,1.89589,792,0,0
2024-06-27 09:25:00,1.89589,1.89623,1.8958,1.89604,731,0,0
2024-06-27 09:30:00,1.89609,1.89611,1.8956,1.89594,616,0,0
2024-06-27 09:35:00,1.89594,1.8961999999999999,1.89574,1.8961299999999999,570,0,0
2024-06-27 09:40:00,1.89612,1.8962400000000001,1.89603,1.89604,613,0,0
2024-06-27 09:45:00,1.89603,1.8963100000000002,1.89591,1.8961999999999999,641,1,0
2024-06-27 09:50:00,1.8961999999999999,1.89654,1.89609,1.8963100000000002,483,2,0
2024-06-27 09:55:00,1.89632,1.89676,1.89619,1.89652,704,0,0
2024-06-27 10:00:00,1.89653,1.89673,1.89639,1.8966699999999999,595,0,0
2024-06-27 10:05:00,1.8966699999999999,1.89686,1.89625,1.89677,618,0,0
2024-06-27 10:10:00,1.89677,1.89733,1.8967100000000001,1.89693,847,1,0
2024-06-27 10:15:00,1.89693,1.8971200000000001,1.8967399999999999,1.89697,585,0,0
2024-06-27 10:20:00,1.89697,1.89801,1.89695,1.89797,760,0,0
2024-06-27 10:25:00,1.89797,1.8988399999999999,1.89788,1.8987500000000002,749,0,0
2024-06-27 10:30:00,1.8987500000000002,1.89959,1.89867,1.89957,794,1,0
2024-06-27 10:35:00,1.89957,1.90021,1.89951,1.89975,782,2,0
2024-06-27 10:40:00,1.89974,1.89991,1.89967,1.89973,614,2,0
2024-06-27 10:45:00,1.89973,1.90034,1.8997000000000002,1.9001700000000001,727,3,0
2024-06-27 10:50:00,1.9001700000000001,1.90053,1.89982,1.89988,572,0,0
2024-06-27 10:55:00,1.89988,1.89988,1.89913,1.89933,656,0,0
2024-06-27 11:00:00,1.89933,1.89996,1.89912,1.89967,728,0,0
2024-06-27 11:05:00,1.89967,1.90003,1.89941,1.89971,610,1,0
2024-06-27 11:10:00,1.89971,1.90049,1.89967,1.90043,463,3,0
2024-06-27 11:15:00,1.90038,1.90088,1.9003100000000002,1.9007399999999999,574,1,0
2024-06-27 11:20:00,1.90075,1.9010500000000001,1.90065,1.90066,645,1,0
2024-06-27 11:25:00,1.90066,1.90099,1.90041,1.90063,597,0,0
2024-06-27 11:30:00,1.90063,1.90076,1.90048,1.90065,616,1,0
2024-06-27 11:35:00,1.90061,1.90066,1.9000599999999999,1.90059,559,0,0
2024-06-27 11:40:00,1.90059,1.9007,1.90039,1.90059,719,2,0
2024-06-27 11:45:00,1.9005999999999998,1.9008699999999998,1.9004699999999999,1.90069,681,0,0
2024-06-27 11:50:00,1.90069,1.90072,1.9001000000000001,1.90021,599,1,0
2024-06-27 11:55:00,1.90021,1.90049,1.90003,1.9003999999999999,810,0,0
2024-06-27 12:00:00,1.90039,1.90103,1.90025,1.90099,849,0,0
2024-06-27 12:05:00,1.90099,1.90138,1.90063,1.90065,712,0,0
2024-06-27 12:10:00,1.90065,1.90065,1.8998,1.90007,911,0,0
2024-06-27 12:15:00,1.90007,1.90023,1.8997000000000002,1.8997000000000002,687,0,0
2024-06-27 12:20:00,1.8997000000000002,1.90042,1.89969,1.90039,742,1,0
2024-06-27 12:25:00,1.90039,1.90075,1.8993600000000002,1.8993600000000002,726,2,0
2024-06-27 12:30:00,1.89928,1.90195,1.89913,1.90106,2510,4,0
2024-06-27 12:35:00,1.90114,1.90114,1.89926,1.89948,2042,0,0
2024-06-27 12:40:00,1.89948,1.8995199999999999,1.89839,1.89842,1488,0,0
2024-06-27 12:45:00,1.89842,1.89912,1.8984100000000002,1.89897,1591,1,0
2024-06-27 12:50:00,1.89897,1.899,1.89851,1.8985699999999999,1502,2,0
2024-06-27 12:55:00,1.8985699999999999,1.89879,1.89819,1.89848,1772,0,0
2024-06-27 13:00:00,1.89848,1.8989099999999999,1.89815,1.89833,1493,0,0
2024-06-27 13:05:00,1.89833,1.8986399999999999,1.8979599999999999,1.89808,1305,0,0
2024-06-27 13:10:00,1.89808,1.89826,1.8975,1.89804,1225,0,0
2024-06-27 13:15:00,1.8980299999999999,1.89892,1.8978899999999999,1.89867,1038,0,0
2024-06-27 13:20:00,1.89867,1.8991500000000001,1.89852,1.89903,980,0,0
2024-06-27 13:25:00,1.89903,1.89959,1.89867,1.89959,1060,0,0
2024-06-27 13:30:00,1.89959,1.90054,1.89948,1.90028,1567,0,0
2024-06-27 13:35:00,1.90028,1.90075,1.90011,1.90063,1425,0,0
2024-06-27 13:40:00,1.90063,1.90115,1.90061,1.9006699999999999,1352,0,0
2024-06-27 13:45:00,1.9006699999999999,1.9011,1.90062,1.90106,1325,0,0
2024-06-27 13:50:00,1.90106,1.90185,1.90097,1.90158,1353,0,0
2024-06-27 13:55:00,1.90158,1.9016899999999999,1.90079,1.90125,1239,0,0
2024-06-27 14:00:00,1.90125,1.90157,1.90063,1.90095,1710,0,0
2024-06-27 14:05:00,1.90095,1.90133,1.90029,1.90042,1658,0,0
2024-06-27 14:10:00,1.90046,1.90057,1.89998,1.9004400000000001,1547,0,0
2024-06-27 14:15:00,1.90043,1.90055,1.90003,1.90029,1369,0,0
2024-06-27 14:20:00,1.90029,1.90114,1.9002400000000002,1.90103,1454,0,0
2024-06-27 14:25:00,1.90103,1.90133,1.9007,1.90091,1348,0,0
2024-06-27 14:30:00,1.9009200000000002,1.9018000000000002,1.9009,1.9017,1309,0,0
2024-06-27 14:35:00,1.90171,1.9017300000000001,1.90115,1.9013200000000001,855,0,0
2024-06-27 14:40:00,1.9013200000000001,1.90151,1.90048,1.90115,1252,0,0
2024-06-27 14:45:00,1.90115,1.9016899999999999,1.90072,1.9008099999999999,1280,0,0
2024-06-27 14:50:00,1.9008099999999999,1.90134,1.89988,1.90005,1425,0,0
2024-06-27 14:55:00,1.90005,1.90012,1.8995,1.8995,1060,0,0
2024-06-27 15:00:00,1.89948,1.9012799999999999,1.89948,1.9010500000000001,1003,0,0
2024-06-27 15:05:00,1.9010500000000001,1.90134,1.90083,1.9012099999999998,1195,1,0
2024-06-27 15:10:00,1.9012099999999998,1.90147,1.90096,1.90114,1082,0,0
2024-06-27 15:15:00,1.90117,1.9016,1.9010099999999999,1.9015,923,0,0
2024-06-27 15:20:00,1.90152,1.90181,1.90143,1.90174,1046,0,0
2024-06-27 15:25:00,1.90175,1.90326,1.9017,1.9031099999999999,1156,0,0
2024-06-27 15:30:00,1.9031099999999999,1.90335,1.90219,1.90301,1092,0,0
2024-06-27 15:35:00,1.90301,1.90346,1.90276,1.90279,928,0,0
2024-06-27 15:40:00,1.90279,1.9029500000000001,1.90236,1.90282,943,0,0
2024-06-27 15:45:00,1.90283,1.90312,1.9027500000000002,1.90286,917,0,0
2024-06-27 15:50:00,1.90289,1.9033799999999998,1.9026100000000001,1.90334,749,0,0
2024-06-27 15:55:00,1.90334,1.90344,1.9030200000000002,1.90314,753,1,0
2024-06-27 16:00:00,1.90317,1.90373,1.9031099999999999,1.90321,711,0,0
2024-06-27 16:05:00,1.90321,1.90357,1.90308,1.9031799999999999,950,0,0
2024-06-27 16:10:00,1.9031799999999999,1.9032900000000001,1.9027500000000002,1.90285,1120,0,0
2024-06-27 16:15:00,1.90285,1.90353,1.90285,1.90351,872,0,0
2024-06-27 16:20:00,1.90351,1.90354,1.90319,1.9033099999999998,626,1,0
2024-06-27 16:25:00,1.90332,1.90355,1.90324,1.90351,590,2,0
2024-06-27 16:30:00,1.9035199999999999,1.90355,1.90314,1.90319,724,4,0
2024-06-27 16:35:00,1.90319,1.90337,1.9029500000000001,1.90296,669,1,0
2024-06-27 16:40:00,1.90296,1.90319,1.9028399999999999,1.90305,678,3,0
2024-06-27 16:45:00,1.90305,1.90305,1.9028399999999999,1.9029099999999999,620,3,0
2024-06-27 16:50:00,1.9029099999999999,1.90293,1.9026100000000001,1.9027500000000002,749,4,0
2024-06-27 16:55:00,1.9027500000000002,1.9029099999999999,1.90252,1.9026,766,0,0
2024-06-27 17:00:00,1.90259,1.90274,1.90231,1.90235,910,2,0
2024-06-27 17:05:00,1.90235,1.90237,1.90205,1.9020899999999998,669,1,0
2024-06-27 17:10:00,1.9020899999999998,1.90225,1.90199,1.90208,665,0,0
2024-06-27 17:15:00,1.90208,1.9021599999999999,1.90183,1.90201,669,1,0
2024-06-27 17:20:00,1.90202,1.9020299999999999,1.90164,1.90167,687,4,0
2024-06-27 17:25:00,1.9016600000000001,1.90179,1.9014600000000002,1.90164,523,4,0
2024-06-27 17:30:00,1.90164,1.90184,1.9016199999999999,1.90183,513,5,0
2024-06-27 17:35:00,1.90183,1.9019599999999999,1.90174,1.9019300000000001,487,4,0
2024-06-27 17:40:00,1.9019300000000001,1.90221,1.90183,1.90208,516,1,0
2024-06-27 17:45:00,1.90208,1.9021,1.9016899999999999,1.90179,385,2,0
2024-06-27 17:50:00,1.90177,1.9024299999999998,1.90177,1.90239,611,0,0
2024-06-27 17:55:00,1.9024100000000002,1.90263,1.9020299999999999,1.9020899999999998,666,0,0
2024-06-27 18:00:00,1.9020899999999998,1.9024,1.90208,1.9022000000000001,812,0,0
2024-06-27 18:05:00,1.9022000000000001,1.9024,1.90212,1.9022999999999999,407,1,0
2024-06-27 18:10:00,1.9022999999999999,1.90278,1.90219,1.90251,438,0,0
2024-06-27 18:15:00,1.90251,1.90272,1.9024999999999999,1.9026,878,1,0
2024-06-27 18:20:00,1.9026100000000001,1.9027699999999999,1.90255,1.9027500000000002,726,2,0
2024-06-27 18:25:00,1.9027500000000002,1.90306,1.90274,1.90278,416,0,0
2024-06-27 18:30:00,1.90278,1.9030399999999998,1.90265,1.90269,670,2,0
2024-06-27 18:35:00,1.90269,1.9029500000000001,1.9025400000000001,1.90294,523,3,0
2024-06-27 18:40:00,1.90294,1.90317,1.90285,1.9031,499,0,0
2024-06-27 18:45:00,1.9031,1.90317,1.9028399999999999,1.9029099999999999,606,3,0
2024-06-27 18:50:00,1.9029099999999999,1.90294,1.90265,1.90271,483,3,0
2024-06-27 18:55:00,1.90271,1.90276,1.9020899999999998,1.90213,731,0,0
2024-06-27 19:00:00,1.90213,1.90229,1.90192,1.9020299999999999,693,2,0
2024-06-27 19:05:00,1.9020299999999999,1.90205,1.90179,1.90192,525,3,0
2024-06-27 19:10:00,1.90192,1.90201,1.9017300000000001,1.90177,580,1,0
2024-06-27 19:15:00,1.90177,1.90195,1.9016899999999999,1.9019,466,0,0
2024-06-27 19:20:00,1.9019,1.90192,1.90175,1.90188,421,2,0
2024-06-27 19:25:00,1.90188,1.90194,1.90158,1.9017,347,1,0
2024-06-27 19:30:00,1.9017,1.90198,1.90165,1.90198,563,1,0
2024-06-27 19:35:00,1.90197,1.9020899999999998,1.90171,1.90179,513,2,0
2024-06-27 19:40:00,1.90179,1.90198,1.90176,1.9019,516,2,0
2024-06-27 19:45:00,1.9019,1.90215,1.90183,1.9019599999999999,358,4,0
2024-06-27 19:50:00,1.9019599999999999,1.90206,1.90172,1.9018000000000002,461,4,0
2024-06-27 19:55:00,1.90178,1.90181,1.9012799999999999,1.90141,487,2,0
2024-06-27 20:00:00,1.90141,1.9015,1.90113,1.90123,436,2,0
2024-06-27 20:05:00,1.90123,1.9014600000000002,1.90123,1.90134,275,3,0
2024-06-27 20:10:00,1.90134,1.90143,1.90129,1.90131,227,2,0
2024-06-27 20:15:00,1.90131,1.90143,1.90126,1.90129,170,7,0
2024-06-27 20:20:00,1.90129,1.9013499999999999,1.9012099999999998,1.90127,91,7,0
2024-06-27 20:25:00,1.90127,1.90143,1.90123,1.90129,112,7,0
2024-06-27 20:30:00,1.90129,1.90134,1.90117,1.90134,45,9,0
2024-06-27 20:35:00,1.90134,1.90134,1.90124,1.90127,40,7,0
2024-06-27 20:40:00,1.9013,1.90145,1.9013,1.90144,52,1,0
2024-06-27 20:45:00,1.90144,1.90144,1.90113,1.90114,102,5,0
2024-06-27 20:50:00,1.90114,1.90151,1.90114,1.9014,140,1,0
2024-06-27 20:55:00,1.9014,1.90152,1.90134,1.9014199999999999,104,5,0
2024-06-27 21:00:00,1.9013200000000001,1.9013200000000001,1.8997899999999999,1.9001000000000001,26,34,0
2024-06-27 21:05:00,1.9001000000000001,1.90156,1.9001000000000001,1.90111,37,108,0
2024-06-27 21:10:00,1.90111,1.90225,1.90097,1.90097,65,57,0
2024-06-27 21:15:00,1.90097,1.9012,1.90073,1.9012,45,25,0
2024-06-27 21:20:00,1.9012,1.90147,1.9007,1.90147,34,0,0
2024-06-27 21:25:00,1.90147,1.90161,1.90144,1.90157,20,54,0
2024-06-27 21:30:00,1.9015900000000001,1.9015900000000001,1.9006699999999999,1.9006699999999999,88,62,0
2024-06-27 21:35:00,1.9006699999999999,1.9013,1.9006699999999999,1.90118,203,55,0
2024-06-27 21:40:00,1.90118,1.9018199999999998,1.90103,1.90127,293,31,0
2024-06-27 21:45:00,1.90123,1.90151,1.9011200000000001,1.90143,179,36,0
2024-06-27 21:50:00,1.90143,1.90152,1.9013200000000001,1.90138,106,49,0
2024-06-27 21:55:00,1.90138,1.90154,1.90133,1.90149,112,44,0
2024-06-27 22:00:00,1.9014600000000002,1.90165,1.90115,1.90138,148,8,0
2024-06-27 22:05:00,1.9014,1.9015499999999999,1.9014,1.9015300000000002,30,14,0
2024-06-27 22:10:00,1.90151,1.90161,1.90138,1.90156,79,13,0
2024-06-27 22:15:00,1.90156,1.90156,1.90138,1.90138,64,12,0
2024-06-27 22:20:00,1.9013900000000001,1.9015499999999999,1.9012799999999999,1.9013499999999999,69,10,0
2024-06-27 22:25:00,1.9013499999999999,1.90147,1.90134,1.90147,91,9,0
2024-06-27 22:30:00,1.90147,1.90164,1.90147,1.90152,50,3,0
2024-06-27 22:35:00,1.90152,1.90156,1.9012099999999998,1.90124,111,3,0
2024-06-27 22:40:00,1.90124,1.90145,1.9011,1.90144,113,5,0
2024-06-27 22:45:00,1.90144,1.90177,1.9014199999999999,1.90163,117,8,0
2024-06-27 22:50:00,1.90167,1.9016899999999999,1.90154,1.90164,89,6,0
2024-06-27 22:55:00,1.90164,1.9018000000000002,1.90161,1.9016600000000001,73,5,0
2024-06-27 23:00:00,1.9016600000000001,1.90179,1.9016,1.90174,162,5,0
2024-06-27 23:05:00,1.90175,1.90177,1.9014199999999999,1.9014600000000002,121,6,0
2024-06-27 23:10:00,1.9014600000000002,1.9015300000000002,1.9014,1.90145,68,7,0
2024-06-27 23:15:00,1.9014600000000002,1.90154,1.90127,1.90145,74,7,0
2024-06-27 23:20:00,1.90145,1.90158,1.90143,1.9014600000000002,77,6,0
2024-06-27 23:25:00,1.90147,1.90152,1.90125,1.90141,94,7,0
2024-06-27 23:30:00,1.9014,1.90158,1.9013200000000001,1.9014,144,4,0
2024-06-27 23:35:00,1.9014,1.9015,1.9012,1.9014799999999998,171,6,0
2024-06-27 23:40:00,1.9014799999999998,1.90149,1.90064,1.90099,258,2,0
2024-06-27 23:45:00,1.90099,1.90145,1.90099,1.90143,154,4,0
2024-06-27 23:50:00,1.90143,1.90156,1.90117,1.9012799999999999,255,0,0
2024-06-27 23:55:00,1.9012799999999999,1.9015499999999999,1.90125,1.9013900000000001,278,2,0
2024-06-28 00:00:00,1.9013900000000001,1.90156,1.9012,1.90137,484,2,0
2024-06-28 00:05:00,1.90137,1.90168,1.90127,1.90164,546,3,0
2024-06-28 00:10:00,1.9016600000000001,1.90176,1.90151,1.90154,321,2,0
2024-06-28 00:15:00,1.90154,1.90197,1.90151,1.9019300000000001,400,0,0
2024-06-28 00:20:00,1.9019300000000001,1.90204,1.9018000000000002,1.90181,313,4,0
2024-06-28 00:25:00,1.90181,1.90201,1.90109,1.90134,367,0,0
2024-06-28 00:30:00,1.90134,1.90147,1.90096,1.90126,435,1,0
2024-06-28 00:35:00,1.90126,1.9014600000000002,1.90107,1.9012,395,4,0
2024-06-28 00:40:00,1.90118,1.90164,1.9011200000000001,1.90163,335,5,0
2024-06-28 00:45:00,1.90163,1.90172,1.9014799999999998,1.9015300000000002,331,2,0
2024-06-28 00:50:00,1.90152,1.9018199999999998,1.90133,1.90167,578,3,0
2024-06-28 00:55:00,1.90168,1.90198,1.90145,1.90192,812,2,0
2024-06-28 01:00:00,1.9019300000000001,1.90297,1.90184,1.9029500000000001,823,1,0
2024-06-28 01:05:00,1.9029500000000001,1.9043700000000001,1.9028399999999999,1.9043299999999999,798,1,0
2024-06-28 01:10:00,1.9043299999999999,1.90504,1.90416,1.90491,796,1,0
2024-06-28 01:15:00,1.90491,1.90567,1.90491,1.9055900000000001,917,3,0
2024-06-28 01:20:00,1.90558,1.90678,1.90557,1.9056899999999999,1061,0,0
2024-06-28 01:25:00,1.9056899999999999,1.9066,1.90561,1.90646,924,0,0
2024-06-28 01:30:00,1.90646,1.90679,1.90571,1.90642,1464,0,0
2024-06-28 01:35:00,1.90642,1.90663,1.9056600000000001,1.90577,1110,0,0
2024-06-28 01:40:00,1.90577,1.90599,1.9047100000000001,1.9052799999999999,832,0,0
2024-06-28 01:45:00,1.9052799999999999,1.90673,1.90513,1.9062000000000001,1119,0,0
2024-06-28 01:50:00,1.9062000000000001,1.9065400000000001,1.90565,1.90575,840,0,0
2024-06-28 01:55:00,1.90575,1.90635,1.90536,1.9061,953,0,0
2024-06-28 02:00:00,1.9061,1.90613,1.90533,1.90597,897,0,0
2024-06-28 02:05:00,1.9059599999999999,1.90606,1.90552,1.90552,697,1,0
2024-06-28 02:10:00,1.90552,1.90558,1.90423,1.9042599999999998,854,1,0
2024-06-28 02:15:00,1.9042599999999998,1.9044400000000001,1.90354,1.9035600000000001,817,0,0
2024-06-28 02:20:00,1.9035600000000001,1.9039199999999998,1.90327,1.9038,943,0,0
2024-06-28 02:25:00,1.9038,1.90425,1.9037600000000001,1.90402,766,0,0
2024-06-28 02:30:00,1.90402,1.90407,1.90337,1.90361,753,0,0
2024-06-28 02:35:00,1.90364,1.9038,1.90323,1.9037600000000001,685,0,0
2024-06-28 02:40:00,1.9037600000000001,1.90428,1.90373,1.9039899999999998,548,1,0
2024-06-28 02:45:00,1.9039700000000002,1.90425,1.9038,1.9040300000000001,592,3,0
2024-06-28 02:50:00,1.9040300000000001,1.90448,1.90395,1.90436,504,3,0
2024-06-28 02:55:00,1.90436,1.90484,1.90432,1.90465,598,1,0
2024-06-28 03:00:00,1.90465,1.90493,1.90441,1.90492,469,2,0
2024-06-28 03:05:00,1.90492,1.9058000000000002,1.90488,1.90568,585,0,0
2024-06-28 03:10:00,1.90568,1.90576,1.9048500000000002,1.9052,428,3,0
2024-06-28 03:15:00,1.9052,1.90526,1.90482,1.9050500000000001,450,0,0
2024-06-28 03:20:00,1.9050500000000001,1.9050500000000001,1.90442,1.9049399999999999,505,3,0
2024-06-28 03:25:00,1.9049399999999999,1.90515,1.90449,1.90457,492,3,0
2024-06-28 03:30:00,1.90457,1.9047399999999999,1.90434,1.9045299999999998,330,2,0
2024-06-28 03:35:00,1.9045299999999998,1.90455,1.9040599999999999,1.9044400000000001,323,2,0
2024-06-28 03:40:00,1.9044400000000001,1.90509,1.90439,1.90504,369,1,0
2024-06-28 03:45:00,1.90504,1.9055900000000001,1.90488,1.9055499999999999,541,2,0
2024-06-28 03:50:00,1.9055499999999999,1.9060899999999998,1.90553,1.9059599999999999,391,1,0
2024-06-28 03:55:00,1.90597,1.90608,1.90574,1.90587,321,0,0
2024-06-28 04:00:00,1.90587,1.90636,1.90572,1.90603,525,0,0
2024-06-28 04:05:00,1.90604,1.90606,1.90558,1.9056,525,1,0
2024-06-28 04:10:00,1.9056,1.90567,1.9053900000000001,1.90558,314,2,0
2024-06-28 04:15:00,1.90558,1.9062700000000001,1.90557,1.90625,324,0,0
2024-06-28 04:20:00,1.90625,1.90626,1.90597,1.90611,300,4,0
2024-06-28 04:25:00,1.90612,1.90647,1.90594,1.90595,379,2,0
2024-06-28 04:30:00,1.90594,1.90653,1.9058899999999999,1.9062299999999999,503,1,0
2024-06-28 04:35:00,1.90625,1.90626,1.90588,1.90592,460,3,0
2024-06-28 04:40:00,1.90592,1.90608,1.90578,1.9059,355,0,0
2024-06-28 04:45:00,1.9058899999999999,1.90635,1.90586,1.9061599999999999,463,0,0
2024-06-28 04:50:00,1.90618,1.90632,1.90588,1.90613,511,0,0
2024-06-28 04:55:00,1.90615,1.90626,1.9058199999999998,1.90597,333,0,0
2024-06-28 05:00:00,1.90597,1.90605,1.90563,1.90579,534,1,0
2024-06-28 05:05:00,1.90579,1.90606,1.90563,1.90597,392,0,0
2024-06-28 05:10:00,1.90597,1.90613,1.90586,1.90611,321,0,0
2024-06-28 05:15:00,1.90611,1.90642,1.90611,1.90635,296,0,0
2024-06-28 05:20:00,1.9063400000000001,1.90686,1.9063400000000001,1.90671,240,0,0
2024-06-28 05:25:00,1.90671,1.90701,1.90652,1.90669,381,0,0
2024-06-28 05:30:00,1.90669,1.9069,1.90651,1.90665,617,0,0
2024-06-28 05:35:00,1.90665,1.90687,1.9064100000000002,1.90678,518,1,0
2024-06-28 05:40:00,1.9068,1.9068800000000001,1.9064299999999998,1.90644,613,3,0
2024-06-28 05:45:00,1.90644,1.9076,1.9064100000000002,1.90758,461,4,0
2024-06-28 05:50:00,1.90764,1.90777,1.90741,1.90774,483,0,0
2024-06-28 05:55:00,1.90775,1.9078,1.90683,1.90692,422,0,0
2024-06-28 06:00:00,1.9068800000000001,1.90759,1.9066999999999998,1.9071099999999999,616,1,0
2024-06-28 06:05:00,1.9071099999999999,1.9074,1.90665,1.90732,497,4,0
2024-06-28 06:10:00,1.90732,1.90733,1.9062700000000001,1.9062700000000001,586,3,0
2024-06-28 06:15:00,1.9062700000000001,1.90649,1.9054799999999998,1.9055900000000001,484,0,0
2024-06-28 06:20:00,1.9055900000000001,1.90579,1.90524,1.90529,571,0,0
2024-06-28 06:25:00,1.90529,1.9055499999999999,1.90517,1.9053,478,0,0
2024-06-28 06:30:00,1.9053,1.90554,1.90506,1.90551,858,0,0
2024-06-28 06:35:00,1.90551,1.90588,1.90533,1.90588,764,4,0
2024-06-28 06:40:00,1.90588,1.90645,1.90588,1.90629,696,3,0
2024-06-28 06:45:00,1.9062700000000001,1.90676,1.90624,1.90638,564,0,0
2024-06-28 06:50:00,1.90639,1.9064299999999998,1.90584,1.90605,564,2,0
2024-06-28 06:55:00,1.90605,1.9062999999999999,1.9059,1.90619,595,0,0
2024-06-28 07:00:00,1.9062000000000001,1.9068100000000001,1.9061,1.90636,939,0,0
2024-06-28 07:05:00,1.90636,1.90689,1.90621,1.90669,991,0,0
2024-06-28 07:10:00,1.90669,1.9076,1.9066,1.90727,861,0,0
2024-06-28 07:15:00,1.90727,1.90727,1.90618,1.90618,1056,0,0
2024-06-28 07:20:00,1.9062000000000001,1.9064100000000002,1.90594,1.9063400000000001,945,0,0
2024-06-28 07:25:00,1.9063400000000001,1.90635,1.90558,1.90618,1013,1,0
2024-06-28 07:30:00,1.90621,1.9072900000000002,1.90613,1.90686,851,0,0
2024-06-28 07:35:00,1.90686,1.90692,1.90646,1.90651,760,0,0
2024-06-28 07:40:00,1.90651,1.90685,1.90618,1.9062000000000001,831,0,0
2024-06-28 07:45:00,1.90619,1.90619,1.90551,1.9058000000000002,807,0,0
2024-06-28 07:50:00,1.9058000000000002,1.90619,1.9057300000000001,1.90598,460,1,0
2024-06-28 07:55:00,1.90598,1.90638,1.9058199999999998,1.90585,621,0,0
2024-06-28 08:00:00,1.90585,1.90619,1.90563,1.90567,829,2,0
2024-06-28 08:05:00,1.90567,1.90584,1.9054,1.90553,951,1,0
2024-06-28 08:10:00,1.90553,1.90586,1.90551,1.90563,683,1,0
2024-06-28 08:15:00,1.90563,1.90577,1.9050500000000001,1.90509,851,0,0
2024-06-28 08:20:00,1.90509,1.9052099999999998,1.9040599999999999,1.90412,816,1,0
2024-06-28 08:25:00,1.90412,1.90414,1.90384,1.9040599999999999,673,0,0
2024-06-28 08:30:00,1.9040599999999999,1.90409,1.9035,1.9035,718,1,0
2024-06-28 08:35:00,1.9035199999999999,1.90357,1.9028,1.90283,682,1,0
2024-06-28 08:40:00,1.90283,1.9031,1.90221,1.90225,721,0,0
2024-06-28 08:45:00,1.9022700000000001,1.90246,1.90195,1.90213,675,0,0
2024-06-28 08:50:00,1.90213,1.90292,1.90194,1.9028800000000001,727,3,0
2024-06-28 08:55:00,1.90287,1.9028800000000001,1.90211,1.9022999999999999,1129,0,0
2024-06-28 09:00:00,1.90229,1.90245,1.90145,1.9014799999999998,1068,0,0
2024-06-28 09:05:00,1.9014799999999998,1.90222,1.90141,1.90171,1101,1,0
2024-06-28 09:10:00,1.9017,1.9021,1.90154,1.9019300000000001,904,0,0
2024-06-28 09:15:00,1.90194,1.90218,1.9015900000000001,1.9016199999999999,874,0,0
2024-06-28 09:20:00,1.9016199999999999,1.9018899999999999,1.90154,1.90181,824,0,0
2024-06-28 09:25:00,1.90181,1.9020000000000001,1.90143,1.90165,634,2,0
2024-06-28 09:30:00,1.90165,1.90168,1.90063,1.90069,654,1,0
2024-06-28 09:35:00,1.90069,1.90072,1.9000599999999999,1.90048,831,0,0
2024-06-28 09:40:00,1.90048,1.90056,1.89998,1.90041,976,1,0
2024-06-28 09:45:00,1.9003999999999999,1.9007800000000001,1.90008,1.9003100000000002,848,0,0
2024-06-28 09:50:00,1.9003100000000002,1.90069,1.9001299999999999,1.90066,664,0,0
2024-06-28 09:55:00,1.90065,1.90107,1.90057,1.9006699999999999,860,1,0
2024-06-28 10:00:00,1.9006699999999999,1.90084,1.9003700000000001,1.9005800000000002,988,1,0
2024-06-28 10:05:00,1.9005800000000002,1.90068,1.90028,1.90049,883,0,0
2024-06-28 10:10:00,1.90048,1.90061,1.89998,1.9001299999999999,768,1,0
2024-06-28 10:15:00,1.9001299999999999,1.9008,1.9001299999999999,1.90048,672,2,0
2024-06-28 10:20:00,1.90048,1.9005100000000001,1.89998,1.90012,683,4,0
2024-06-28 10:25:00,1.90012,1.90042,1.89991,1.90012,670,0,0
2024-06-28 10:30:00,1.90012,1.90053,1.89995,1.90041,913,4,0
2024-06-28 10:35:00,1.90041,1.90048,1.89969,1.89984,836,0,0
2024-06-28 10:40:00,1.89982,1.90032,1.89967,1.89975,840,0,0
2024-06-28 10:45:00,1.89975,1.90052,1.89973,1.90041,721,2,0
2024-06-28 10:50:00,1.90041,1.90055,1.90009,1.90049,766,2,0
2024-06-28 10:55:00,1.90049,1.90065,1.8999700000000002,1.90025,663,1,0
2024-06-28 11:00:00,1.9002599999999998,1.90052,1.90007,1.90028,874,1,0
2024-06-28 11:05:00,1.9002599999999998,1.90052,1.89996,1.90003,640,1,0
2024-06-28 11:10:00,1.90003,1.90018,1.8999899999999998,1.90012,549,3,0
2024-06-28 11:15:00,1.90012,1.9001299999999999,1.89953,1.8997600000000001,672,2,0
2024-06-28 11:20:00,1.8997600000000001,1.9002400000000002,1.8996300000000002,1.90016,586,0,0
2024-06-28 11:25:00,1.90016,1.90025,1.89996,1.90003,687,1,0
2024-06-28 11:30:00,1.90004,1.90008,1.89934,1.89964,684,0,0
2024-06-28 11:35:00,1.89964,1.90018,1.8994900000000001,1.89996,663,1,0
2024-06-28 11:40:00,1.89996,1.9002,1.8998599999999999,1.90008,718,1,0
2024-06-28 11:45:00,1.90008,1.90018,1.8995600000000001,1.8996,572,0,0
2024-06-28 11:50:00,1.8996,1.8997199999999999,1.8992,1.89942,709,1,0
2024-06-28 11:55:00,1.89942,1.89996,1.89934,1.89988,866,0,0
2024-06-28 12:00:00,1.89988,1.9002,1.89933,1.89964,1071,0,0
2024-06-28 12:05:00,1.89964,1.90015,1.89954,1.8997000000000002,977,1,0
2024-06-28 12:10:00,1.8997000000000002,1.89982,1.89942,1.8995199999999999,727,0,0
2024-06-28 12:15:00,1.89953,1.8997600000000001,1.89898,1.89905,807,1,0
2024-06-28 12:20:00,1.89903,1.8992900000000001,1.89878,1.89905,1035,0,0
2024-06-28 12:25:00,1.89905,1.89912,1.89759,1.89759,804,0,0
2024-06-28 12:30:00,1.89759,1.89943,1.8960599999999999,1.89802,2633,0,0
2024-06-28 12:35:00,1.8980299999999999,1.89837,1.8975300000000002,1.89799,2026,2,0
2024-06-28 12:40:00,1.89798,1.89901,1.89761,1.89838,1999,2,0
2024-06-28 12:45:00,1.89837,1.89839,1.89729,1.89752,1371,0,0
2024-06-28 12:50:00,1.89751,1.89771,1.89661,1.89749,1342,0,0
2024-06-28 12:55:00,1.89749,1.8975,1.89693,1.89715,1416,0,0
2024-06-28 13:00:00,1.8971200000000001,1.8972099999999998,1.89663,1.89664,1607,0,0
2024-06-28 13:05:00,1.89663,1.89669,1.89514,1.8951500000000001,1255,0,0
2024-06-28 13:10:00,1.8951500000000001,1.8951500000000001,1.8942,1.89432,1425,0,0
2024-06-28 13:15:00,1.89433,1.89462,1.8940299999999999,1.89419,1318,0,0
2024-06-28 13:20:00,1.89419,1.89508,1.8941599999999998,1.8949,1526,0,0
2024-06-28 13:25:00,1.89489,1.89513,1.89449,1.89487,1211,0,0
2024-06-28 13:30:00,1.89487,1.89501,1.89343,1.89351,1874,0,0
2024-06-28 13:35:00,1.8935,1.89351,1.89297,1.89311,1430,0,0
2024-06-28 13:40:00,1.89311,1.89404,1.89291,1.8931,1265,1,0
2024-06-28 13:45:00,1.89304,1.89405,1.8928500000000001,1.8939599999999999,1556,1,0
2024-06-28 13:50:00,1.89395,1.89428,1.89371,1.89381,1376,1,0
2024-06-28 13:55:00,1.89381,1.89478,1.8936,1.8944100000000001,1139,0,0
2024-06-28 14:00:00,1.8943699999999999,1.89479,1.8937,1.89453,1835,0,0
2024-06-28 14:05:00,1.89453,1.89458,1.89364,1.89364,1899,0,0
2024-06-28 14:10:00,1.89365,1.89428,1.8932099999999998,1.89322,1834,0,0
2024-06-28 14:15:00,1.89322,1.89409,1.8930099999999999,1.89409,1402,0,0
2024-06-28 14:20:00,1.89408,1.89445,1.89371,1.89379,1300,0,0
2024-06-28 14:25:00,1.89379,1.89404,1.89303,1.89384,1409,0,0
2024-06-28 14:30:00,1.89384,1.89386,1.89256,1.89309,1313,0,0
2024-06-28 14:35:00,1.89309,1.8935300000000002,1.89243,1.89336,1492,0,0
2024-06-28 14:40:00,1.89336,1.89499,1.89322,1.89446,1541,0,0
2024-06-28 14:45:00,1.89446,1.8944800000000002,1.89214,1.8921700000000001,1878,0,0
2024-06-28 14:50:00,1.89216,1.8933,1.8911799999999999,1.8911799999999999,2398,0,0
2024-06-28 14:55:00,1.8911799999999999,1.8937599999999999,1.89116,1.8928,2410,0,0
2024-06-28 15:00:00,1.8928,1.8944100000000001,1.89254,1.8936199999999999,2194,0,0
2024-06-28 15:05:00,1.89363,1.89455,1.89331,1.89444,1883,0,0
2024-06-28 15:10:00,1.89444,1.89463,1.8936600000000001,1.89381,1561,0,0
2024-06-28 15:15:00,1.8938199999999998,1.89503,1.8936600000000001,1.8947699999999998,1592,0,0
2024-06-28 15:20:00,1.89476,1.89492,1.89419,1.89436,1306,0,0
2024-06-28 15:25:00,1.89436,1.89462,1.89399,1.8940299999999999,1409,0,0
2024-06-28 15:30:00,1.8940299999999999,1.89418,1.89357,1.8939,1350,2,0
2024-06-28 15:35:00,1.8938899999999999,1.89404,1.89323,1.8934,1351,0,0
2024-06-28 15:40:00,1.8934,1.89344,1.89279,1.89318,1208,2,0
2024-06-28 15:45:00,1.89318,1.8938199999999998,1.89311,1.8938000000000001,1025,2,0
2024-06-28 15:50:00,1.8938000000000001,1.89445,1.8936899999999999,1.89422,1112,3,0
2024-06-28 15:55:00,1.89421,1.8942999999999999,1.89302,1.89336,1093,0,0
2024-06-28 16:00:00,1.8933499999999999,1.8937300000000001,1.8931,1.89331,1359,0,0
2024-06-28 16:05:00,1.8933200000000001,1.89375,1.89325,1.89374,1406,2,0
2024-06-28 16:10:00,1.89374,1.89405,1.89364,1.8936600000000001,1309,5,0
2024-06-28 16:15:00,1.89367,1.8946100000000001,1.89352,1.8946,1233,4,0
2024-06-28 16:20:00,1.8946,1.89479,1.8942700000000001,1.89435,1254,3,0
2024-06-28 16:25:00,1.89435,1.89452,1.89415,1.89428,1014,5,0
2024-06-28 16:30:00,1.8942700000000001,1.89452,1.89394,1.89426,865,2,0
2024-06-28 16:35:00,1.89426,1.89478,1.89404,1.8946800000000001,760,0,0
2024-06-28 16:40:00,1.8946800000000001,1.89496,1.8944999999999999,1.89481,951,0,0
2024-06-28 16:45:00,1.89482,1.89505,1.89458,1.89471,1024,3,0
2024-06-28 16:50:00,1.89472,1.8948,1.89428,1.89438,928,4,0
2024-06-28 16:55:00,1.89438,1.8944800000000002,1.89406,1.89418,785,2,0
2024-06-28 17:00:00,1.89419,1.89429,1.89388,1.89418,947,2,0
2024-06-28 17:05:00,1.8942,1.8942700000000001,1.89375,1.89386,861,1,0
2024-06-28 17:10:00,1.8938700000000002,1.89431,1.8938199999999998,1.89413,699,1,0
2024-06-28 17:15:00,1.89413,1.8942700000000001,1.89345,1.89371,640,0,0
2024-06-28 17:20:00,1.8937,1.89384,1.8931900000000002,1.8934199999999999,637,2,0
2024-06-28 17:25:00,1.8934199999999999,1.8937599999999999,1.8934,1.8935300000000002,617,4,0
2024-06-28 17:30:00,1.89352,1.89365,1.8932600000000002,1.89347,766,1,0
2024-06-28 17:35:00,1.89348,1.89411,1.8934600000000001,1.89375,669,1,0
2024-06-28 17:40:00,1.89375,1.89417,1.8936600000000001,1.8941599999999998,545,2,0
2024-06-28 17:45:00,1.8941599999999998,1.8946,1.8940700000000001,1.89422,702,1,0
2024-06-28 17:50:00,1.89424,1.8942700000000001,1.8938700000000002,1.8942299999999999,585,3,0
2024-06-28 17:55:00,1.8942299999999999,1.89458,1.89415,1.89433,779,3,0
2024-06-28 18:00:00,1.89433,1.89458,1.8942,1.8942700000000001,668,4,0
2024-06-28 18:05:00,1.89428,1.8944100000000001,1.89391,1.89402,729,6,0
2024-06-28 18:10:00,1.89402,1.8942700000000001,1.89391,1.89405,707,3,0
2024-06-28 18:15:00,1.89405,1.8942,1.8939300000000001,1.8940700000000001,359,0,0
2024-06-28 18:20:00,1.8940700000000001,1.89473,1.8940700000000001,1.89445,382,2,0
2024-06-28 18:25:00,1.89445,1.89501,1.89436,1.8949500000000001,503,0,0
2024-06-28 18:30:00,1.8949500000000001,1.8952900000000001,1.8948399999999999,1.89521,613,0,0
2024-06-28 18:35:00,1.89517,1.89546,1.8951,1.89531,494,0,0
2024-06-28 18:40:00,1.89531,1.8954,1.89503,1.89513,776,2,0
2024-06-28 18:45:00,1.89513,1.8952,1.89487,1.89501,643,3,0
2024-06-28 18:50:00,1.89501,1.8950900000000002,1.8948,1.89496,690,3,0
2024-06-28 18:55:00,1.89496,1.89551,1.89494,1.8954499999999999,724,3,0
2024-06-28 19:00:00,1.89542,1.8958599999999999,1.89542,1.8958,600,1,0
2024-06-28 19:05:00,1.8958,1.8959700000000002,1.89542,1.8954499999999999,579,0,0
2024-06-28 19:10:00,1.8954499999999999,1.8955,1.89506,1.89517,554,1,0
2024-06-28 19:15:00,1.89517,1.89532,1.89508,1.89527,506,0,0
2024-06-28 19:20:00,1.89527,1.89539,1.89512,1.89513,723,0,0
2024-06-28 19:25:00,1.89514,1.8953799999999998,1.8950200000000001,1.8952,788,1,0
2024-06-28 19:30:00,1.89521,1.8957199999999998,1.89493,1.89544,1273,6,0
2024-06-28 19:35:00,1.8954499999999999,1.89553,1.89516,1.89519,931,6,0
2024-06-28 19:40:00,1.8952,1.8955600000000001,1.89514,1.89533,987,6,0
2024-06-28 19:45:00,1.89534,1.89535,1.89503,1.89508,691,4,0
2024-06-28 19:50:00,1.8950900000000002,1.89513,1.89452,1.89494,696,2,0
2024-06-28 19:55:00,1.89494,1.89508,1.89446,1.89472,1198,3,0
2024-06-28 20:00:00,1.89474,1.8957199999999998,1.89472,1.8955199999999999,938,1,0
2024-06-28 20:05:00,1.8955199999999999,1.89568,1.89539,1.89558,435,7,0
2024-06-28 20:10:00,1.89558,1.89569,1.89533,1.89534,319,7,0
2024-06-28 20:15:00,1.89534,1.8954,1.8950900000000002,1.8953,441,3,0
2024-06-28 20:20:00,1.89528,1.89582,1.89528,1.89557,376,3,0
2024-06-28 20:25:00,1.89557,1.8958300000000001,1.89555,1.89562,475,6,0
2024-06-28 20:30:00,1.89562,1.89582,1.89551,1.89581,196,10,0
2024-06-28 20:35:00,1.89581,1.89585,1.89561,1.8958300000000001,245,10,0
2024-06-28 20:40:00,1.8958300000000001,1.8959700000000002,1.89569,1.89573,249,8,0
2024-06-28 20:45:00,1.89573,1.8957899999999999,1.89542,1.89558,265,1,0
2024-06-28 20:50:00,1.8955899999999999,1.89574,1.89532,1.89562,254,12,0
2024-06-30 21:05:00,1.89264,1.89375,1.89248,1.89375,19,133,0
2024-06-30 21:10:00,1.8937300000000001,1.89451,1.89364,1.89447,39,35,0
2024-06-30 21:15:00,1.89447,1.89469,1.8914900000000001,1.89169,71,83,0
2024-06-30 21:20:00,1.89169,1.8935300000000002,1.89165,1.8931900000000002,47,104,0
2024-06-30 21:25:00,1.8931900000000002,1.8933200000000001,1.8931200000000001,1.8931900000000002,15,107,0
2024-06-30 21:30:00,1.8931900000000002,1.89413,1.89307,1.8937,55,80,0
2024-06-30 21:35:00,1.8937,1.89447,1.89365,1.89424,80,55,0
2024-06-30 21:40:00,1.89424,1.8944,1.8941400000000002,1.89428,63,58,0
2024-06-30 21:45:00,1.89428,1.89446,1.89413,1.89435,83,66,0
2024-06-30 21:50:00,1.89435,1.8948800000000001,1.89431,1.89459,89,32,0
2024-06-30 21:55:00,1.89459,1.8947500000000002,1.89409,1.89417,91,51,0
2024-06-30 22:00:00,1.8940700000000001,1.89463,1.8938899999999999,1.89439,285,24,0
2024-06-30 22:05:00,1.89438,1.89446,1.8939599999999999,1.8941599999999998,107,22,0
2024-06-30 22:10:00,1.8941599999999998,1.89435,1.89398,1.89428,85,24,0
2024-06-30 22:15:00,1.89428,1.8943699999999999,1.8939300000000001,1.89397,202,18,0
2024-06-30 22:20:00,1.89397,1.89433,1.89397,1.89429,91,15,0
2024-06-30 22:25:00,1.89429,1.89446,1.8940700000000001,1.8941599999999998,159,18,0
2024-06-30 22:30:00,1.8941599999999998,1.8944800000000002,1.8940700000000001,1.89446,257,9,0
2024-06-30 22:35:00,1.89445,1.89451,1.8942999999999999,1.8944999999999999,280,13,0
2024-06-30 22:40:00,1.8944999999999999,1.8946,1.89432,1.89445,240,12,0
2024-06-30 22:45:00,1.89445,1.89459,1.89425,1.89447,143,8,0
2024-06-30 22:50:00,1.89447,1.8947,1.8942999999999999,1.8946399999999999,202,12,0
2024-06-30 22:55:00,1.8946399999999999,1.8946399999999999,1.89436,1.8944800000000002,174,13,0
2024-06-30 23:00:00,1.8944999999999999,1.8946,1.89424,1.89429,342,11,0
2024-06-30 23:05:00,1.89429,1.89431,1.89408,1.8941400000000002,207,11,0
2024-06-30 23:10:00,1.8941400000000002,1.89422,1.8937,1.8938899999999999,321,6,0
2024-06-30 23:15:00,1.8938899999999999,1.89428,1.8938700000000002,1.89426,294,6,0
2024-06-30 23:20:00,1.89426,1.89429,1.8940299999999999,1.89408,197,5,0
2024-06-30 23:25:00,1.89408,1.89442,1.89401,1.89412,207,8,0
2024-06-30 23:30:00,1.89412,1.89413,1.89392,1.89406,182,3,0
2024-06-30 23:35:00,1.89406,1.89421,1.89397,1.8942,114,5,0
2024-06-30 23:40:00,1.8942,1.89433,1.8942,1.89432,142,6,0
2024-06-30 23:45:00,1.89432,1.89432,1.89386,1.89388,140,7,0
2024-06-30 23:50:00,1.89388,1.8949099999999999,1.89384,1.8948800000000001,363,3,0
2024-06-30 23:55:00,1.8948800000000001,1.89554,1.89482,1.8952499999999999,499,3,0
2024-07-01 00:00:00,1.8952499999999999,1.8957199999999998,1.89512,1.89546,977,0,0
2024-07-01 00:05:00,1.89544,1.896,1.89534,1.89543,659,2,0
2024-07-01 00:10:00,1.89544,1.89553,1.89506,1.89521,468,0,0
2024-07-01 00:15:00,1.89521,1.89577,1.8951799999999999,1.8955899999999999,734,4,0
2024-07-01 00:20:00,1.89554,1.89612,1.8955199999999999,1.89598,764,3,0
2024-07-01 00:25:00,1.89598,1.89669,1.89598,1.8965999999999998,503,3,0
2024-07-01 00:30:00,1.8965999999999998,1.89691,1.89648,1.8968699999999998,445,2,0
2024-07-01 00:35:00,1.89686,1.8969,1.89657,1.89669,511,1,0
2024-07-01 00:40:00,1.89669,1.89669,1.8963,1.89661,364,2,0
2024-07-01 00:45:00,1.89661,1.8975,1.89653,1.8974199999999999,575,2,0
2024-07-01 00:50:00,1.8974199999999999,1.89756,1.89704,1.89745,498,2,0
2024-07-01 00:55:00,1.89749,1.89764,1.89672,1.89675,833,3,0
2024-07-01 01:00:00,1.89676,1.89792,1.89649,1.8975499999999998,987,3,0
2024-07-01 01:05:00,1.8975499999999998,1.89757,1.89666,1.89684,822,0,0
2024-07-01 01:10:00,1.89684,1.89718,1.8968099999999999,1.8971200000000001,716,0,0
2024-07-01 01:15:00,1.8971200000000001,1.89832,1.89704,1.8980299999999999,680,2,0
2024-07-01 01:20:00,1.8980299999999999,1.89808,1.8973900000000001,1.8975300000000002,571,1,0
2024-07-01 01:25:00,1.89751,1.89784,1.89714,1.8978199999999998,658,1,0
2024-07-01 01:30:00,1.8978199999999998,1.8982999999999999,1.89759,1.89776,824,1,0
2024-07-01 01:35:00,1.89776,1.89829,1.89748,1.89815,710,2,0
2024-07-01 01:40:00,1.89815,1.8982999999999999,1.89779,1.89826,368,0,0
2024-07-01 01:45:00,1.89826,1.89826,1.8976199999999999,1.89824,437,0,0
2024-07-01 01:50:00,1.89824,1.8984,1.89801,1.8982999999999999,367,2,0
2024-07-01 01:55:00,1.8982999999999999,1.8982999999999999,1.89729,1.89729,271,0,0
2024-07-01 02:00:00,1.89729,1.8975,1.89714,1.89724,301,0,0
2024-07-01 02:05:00,1.89724,1.8982299999999999,1.89722,1.8980299999999999,467,2,0
2024-07-01 02:10:00,1.8980299999999999,1.8984299999999998,1.89788,1.89795,478,1,0
2024-07-01 02:15:00,1.89795,1.89842,1.8977300000000001,1.89838,398,1,0
2024-07-01 02:20:00,1.89838,1.89855,1.89819,1.89847,333,0,0
2024-07-01 02:25:00,1.89847,1.89847,1.89802,1.89804,357,2,0
2024-07-01 02:30:00,1.89806,1.89808,1.89745,1.89781,437,0,0
2024-07-01 02:35:00,1.8978000000000002,1.8978899999999999,1.8976,1.89768,308,0,0
2024-07-01 02:40:00,1.89768,1.89797,1.89758,1.89765,286,0,0
2024-07-01 02:45:00,1.89765,1.89767,1.8972,1.89723,281,0,0
2024-07-01 02:50:00,1.89723,1.8976600000000001,1.89717,1.89758,468,5,0
2024-07-01 02:55:00,1.89756,1.89794,1.89754,1.8979300000000001,394,3,0
2024-07-01 03:00:00,1.8979300000000001,1.89818,1.89785,1.89811,273,2,0
2024-07-01 03:05:00,1.89811,1.8986,1.89804,1.89825,335,1,0
2024-07-01 03:10:00,1.89825,1.89836,1.89802,1.89806,319,1,0
2024-07-01 03:15:00,1.89806,1.89839,1.8980299999999999,1.8982299999999999,294,5,0
2024-07-01 03:20:00,1.8982299999999999,1.8984100000000002,1.89805,1.89815,324,4,0
2024-07-01 03:25:00,1.89817,1.89844,1.8980000000000001,1.8981400000000002,281,2,0
2024-07-01 03:30:00,1.8981400000000002,1.89851,1.89811,1.8983400000000001,281,3,0
2024-07-01 03:35:00,1.8983400000000001,1.89855,1.89818,1.8985400000000001,328,2,0
2024-07-01 03:40:00,1.8985400000000001,1.8987,1.8984100000000002,1.89855,250,3,0
2024-07-01 03:45:00,1.89855,1.8985699999999999,1.89808,1.89808,204,4,0
2024-07-01 03:50:00,1.89808,1.89812,1.89786,1.89788,190,2,0
2024-07-01 03:55:00,1.89786,1.89818,1.89784,1.89809,174,1,0
2024-07-01 04:00:00,1.89809,1.89831,1.8980700000000001,1.89821,258,0,0
2024-07-01 04:05:00,1.89821,1.8985699999999999,1.89805,1.89819,262,1,0
2024-07-01 04:10:00,1.89819,1.89855,1.89808,1.89848,273,3,0
2024-07-01 04:15:00,1.89848,1.8987,1.89839,1.8986399999999999,298,3,0
2024-07-01 04:20:00,1.8986399999999999,1.8986399999999999,1.89832,1.89832,185,2,0
2024-07-01 04:25:00,1.89832,1.89867,1.8982999999999999,1.89862,298,2,0
2024-07-01 04:30:00,1.89862,1.89872,1.8983400000000001,1.89837,246,3,0
2024-07-01 04:35:00,1.89837,1.8987699999999998,1.89836,1.89853,223,4,0
2024-07-01 04:40:00,1.89853,1.8989,1.89851,1.89874,211,2,0
2024-07-01 04:45:00,1.89874,1.8989,1.89865,1.8988399999999999,212,4,0
2024-07-01 04:50:00,1.8988399999999999,1.89893,1.8987699999999998,1.89887,274,5,0
2024-07-01 04:55:00,1.89887,1.89898,1.8986800000000001,1.89878,319,1,0
2024-07-01 05:00:00,1.89878,1.89937,1.8987699999999998,1.8992900000000001,371,4,0
2024-07-01 05:05:00,1.89928,1.8993799999999998,1.89908,1.8991500000000001,206,4,0
2024-07-01 05:10:00,1.8991500000000001,1.8991500000000001,1.89826,1.89883,309,3,0
2024-07-01 05:15:00,1.8988399999999999,1.89917,1.89876,1.8991099999999999,269,2,0
2024-07-01 05:20:00,1.89912,1.8991799999999999,1.89871,1.89876,379,0,0
2024-07-01 05:25:00,1.89876,1.89892,1.89871,1.89882,299,5,0
2024-07-01 05:30:00,1.89882,1.89955,1.8986399999999999,1.89946,377,0,0
2024-07-01 05:35:00,1.89946,1.89947,1.8991099999999999,1.89928,366,2,0
2024-07-01 05:40:00,1.89928,1.8994,1.89905,1.89931,430,3,0
2024-07-01 05:45:00,1.89931,1.8996,1.89907,1.8996,323,6,0
2024-07-01 05:50:00,1.8996,1.8997899999999999,1.89919,1.89971,364,2,0
2024-07-01 05:55:00,1.89971,1.90002,1.89948,1.89969,493,1,0
2024-07-01 06:00:00,1.8996499999999998,1.9002400000000002,1.89953,1.90002,575,3,0
2024-07-01 06:05:00,1.90002,1.90041,1.89982,1.9003999999999999,546,0,0
2024-07-01 06:10:00,1.9003999999999999,1.90091,1.90021,1.90059,740,1,0
2024-07-01 06:15:00,1.90059,1.90114,1.90055,1.90096,645,2,0
2024-07-01 06:20:00,1.90097,1.90157,1.90082,1.9015499999999999,586,1,0
2024-07-01 06:25:00,1.9015499999999999,1.9015499999999999,1.90034,1.90046,600,0,0
2024-07-01 06:30:00,1.90048,1.9008099999999999,1.90039,1.90066,752,0,0
2024-07-01 06:35:00,1.90068,1.90136,1.90056,1.90123,930,0,0
2024-07-01 06:40:00,1.90124,1.90176,1.90122,1.90141,878,1,0
2024-07-01 06:45:00,1.90141,1.90174,1.9011900000000002,1.9016899999999999,911,1,0
2024-07-01 06:50:00,1.9016899999999999,1.9018199999999998,1.9014,1.90165,616,2,0
2024-07-01 06:55:00,1.90165,1.90222,1.90126,1.9013900000000001,959,0,0
2024-07-01 07:00:00,1.9013900000000001,1.9015900000000001,1.8992200000000001,1.8992200000000001,1345,0,0
2024-07-01 07:05:00,1.89924,1.89946,1.89894,1.89931,1238,1,0
2024-07-01 07:10:00,1.8993,1.89971,1.89881,1.89892,1241,0,0
2024-07-01 07:15:00,1.89892,1.89907,1.89866,1.89873,1070,2,0
2024-07-01 07:20:00,1.89873,1.89886,1.8982,1.8982999999999999,989,0,0
2024-07-01 07:25:00,1.8982999999999999,1.89831,1.89774,1.8980299999999999,593,0,0
2024-07-01 07:30:00,1.8980299999999999,1.89847,1.89779,1.89822,775,0,0
2024-07-01 07:35:00,1.89822,1.8991799999999999,1.89822,1.89905,1120,0,0
2024-07-01 07:40:00,1.89905,1.89913,1.89805,1.89805,1034,1,0
2024-07-01 07:45:00,1.89805,1.8982299999999999,1.8972,1.89725,821,0,0
2024-07-01 07:50:00,1.89726,1.89744,1.89665,1.8968699999999998,663,1,0
2024-07-01 07:55:00,1.89686,1.89703,1.89663,1.8968500000000001,747,1,0
2024-07-01 08:00:00,1.8968500000000001,1.89716,1.89656,1.8968500000000001,790,0,0
2024-07-01 08:05:00,1.89684,1.89696,1.89664,1.8968099999999999,1041,2,0
2024-07-01 08:10:00,1.8968099999999999,1.8970099999999999,1.8965800000000002,1.897,932,3,0
2024-07-01 08:15:00,1.897,1.897,1.89602,1.89621,943,0,0
2024-07-01 08:20:00,1.89621,1.89709,1.89607,1.89695,898,1,0
2024-07-01 08:25:00,1.89695,1.89703,1.89662,1.89669,629,1,0
2024-07-01 08:30:00,1.89662,1.8969,1.89612,1.89623,840,0,0
2024-07-01 08:35:00,1.89623,1.8966699999999999,1.89603,1.89648,762,0,0
2024-07-01 08:40:00,1.89648,1.89676,1.89607,1.89664,749,2,0
2024-07-01 08:45:00,1.89663,1.8967100000000001,1.89614,1.89621,788,4,0
2024-07-01 08:50:00,1.89621,1.8962599999999998,1.8957600000000001,1.89584,750,1,0
2024-07-01 08:55:00,1.89584,1.89605,1.89574,1.89593,690,2,0
2024-07-01 09:00:00,1.89593,1.89645,1.89582,1.89628,720,2,0
2024-07-01 09:05:00,1.89628,1.8972,1.89615,1.89696,675,1,0
2024-07-01 09:10:00,1.89696,1.89733,1.89683,1.89726,489,2,0
2024-07-01 09:15:00,1.89727,1.89779,1.89725,1.89759,521,2,0
2024-07-01 09:20:00,1.89759,1.8981,1.89757,1.89798,584,5,0
2024-07-01 09:25:00,1.89798,1.89837,1.89781,1.89795,576,0,0
2024-07-01 09:30:00,1.89795,1.8982999999999999,1.8974600000000001,1.89756,593,0,0
2024-07-01 09:35:00,1.89756,1.89772,1.89693,1.89703,497,3,0
2024-07-01 09:40:00,1.89703,1.89734,1.89702,1.89723,560,0,0
2024-07-01 09:45:00,1.89726,1.89736,1.8968500000000001,1.8971,595,3,0
2024-07-01 09:50:00,1.8971,1.89718,1.89689,1.89709,609,4,0
2024-07-01 09:55:00,1.89709,1.8974,1.89696,1.89707,622,1,0
2024-07-01 10:00:00,1.8970799999999999,1.89749,1.89695,1.8974600000000001,617,3,0
2024-07-01 10:05:00,1.8974600000000001,1.89781,1.8974,1.8976199999999999,551,2,0
2024-07-01 10:10:00,1.8976199999999999,1.89784,1.8973900000000001,1.89745,647,0,0
2024-07-01 10:15:00,1.8974600000000001,1.8976,1.89711,1.8972799999999999,672,2,0
2024-07-01 10:20:00,1.89729,1.89741,1.89695,1.89713,667,1,0
2024-07-01 10:25:00,1.8971200000000001,1.89792,1.8971200000000001,1.89787,594,0,0
2024-07-01 10:30:00,1.89787,1.89817,1.89757,1.89776,573,0,0
2024-07-01 10:35:00,1.89776,1.89832,1.89765,1.8981,569,0,0
2024-07-01 10:40:00,1.8981,1.8982700000000001,1.89788,1.8979300000000001,535,1,0
2024-07-01 10:45:00,1.8979300000000001,1.89833,1.89792,1.89829,508,0,0
2024-07-01 10:50:00,1.89829,1.8987,1.8980000000000001,1.8984299999999998,626,1,0
2024-07-01 10:55:00,1.8984299999999998,1.89862,1.8982999999999999,1.8985400000000001,778,3,0
2024-07-01 11:00:00,1.8985400000000001,1.89914,1.8984999999999999,1.8991099999999999,560,0,0
2024-07-01 11:05:00,1.8991099999999999,1.89954,1.89899,1.89948,474,3,0
2024-07-01 11:10:00,1.8995,1.8997000000000002,1.89901,1.89905,523,4,0
2024-07-01 11:15:00,1.89905,1.89912,1.89874,1.89909,809,2,0
2024-07-01 11:20:00,1.8991099999999999,1.89919,1.89876,1.8990200000000002,579,3,0
2024-07-01 11:25:00,1.8990200000000002,1.89941,1.8989,1.89898,493,4,0
2024-07-01 11:30:00,1.89898,1.89944,1.89886,1.89897,619,3,0
2024-07-01 11:35:00,1.89897,1.8990399999999998,1.8982299999999999,1.8982999999999999,753,1,0
2024-07-01 11:40:00,1.8982999999999999,1.89831,1.89754,1.89763,785,1,0
2024-07-01 11:45:00,1.89763,1.8986399999999999,1.89763,1.8980000000000001,615,1,0
2024-07-01 11:50:00,1.89798,1.8992,1.89798,1.899,677,0,0
2024-07-01 11:55:00,1.899,1.8997600000000001,1.899,1.8994499999999999,659,2,0
2024-07-01 12:00:00,1.89943,1.89996,1.89937,1.89968,621,0,0
2024-07-01 12:05:00,1.89968,1.90019,1.89953,1.89985,953,2,0
2024-07-01 12:10:00,1.89985,1.9004400000000001,1.89975,1.89975,1016,3,0
2024-07-01 12:15:00,1.89975,1.9001000000000001,1.8994900000000001,1.89982,960,2,0
2024-07-01 12:20:00,1.89982,1.9012799999999999,1.89978,1.90096,966,1,0
2024-07-01 12:25:00,1.90096,1.9014799999999998,1.9009399999999999,1.90115,1234,3,0
2024-07-01 12:30:00,1.90115,1.90131,1.9007399999999999,1.901,928,0,0
2024-07-01 12:35:00,1.9010099999999999,1.9012799999999999,1.9007399999999999,1.90118,1168,2,0
2024-07-01 12:40:00,1.90116,1.9019300000000001,1.90097,1.9016199999999999,1150,1,0
2024-07-01 12:45:00,1.90161,1.90174,1.90099,1.90114,1161,1,0
2024-07-01 12:50:00,1.90114,1.9014600000000002,1.90068,1.90086,905,3,0
2024-07-01 12:55:00,1.90086,1.90106,1.90057,1.90063,1052,2,0
2024-07-01 13:00:00,1.90065,1.9008699999999998,1.89968,1.9003100000000002,1266,2,0
2024-07-01 13:05:00,1.9003100000000002,1.90048,1.89992,1.90012,1125,3,0
2024-07-01 13:10:00,1.90012,1.90049,1.89998,1.90016,1160,1,0
2024-07-01 13:15:00,1.90016,1.9001700000000001,1.89964,1.89993,1012,4,0
2024-07-01 13:20:00,1.89989,1.90022,1.89962,1.90018,1016,0,0
2024-07-01 13:25:00,1.90014,1.9002,1.89919,1.8993799999999998,995,0,0
2024-07-01 13:30:00,1.8993799999999998,1.8996,1.89867,1.89882,1118,0,0
2024-07-01 13:35:00,1.89882,1.89882,1.89756,1.89783,1481,0,0
2024-07-01 13:40:00,1.8978199999999998,1.8988,1.89768,1.89853,960,1,0
2024-07-01 13:45:00,1.89847,1.8989500000000001,1.8981599999999998,1.89892,1036,0,0
2024-07-01 13:50:00,1.89894,1.8996,1.8987699999999998,1.89958,1472,3,0
2024-07-01 13:55:00,1.89958,1.90032,1.8995199999999999,1.89992,1048,0,0
2024-07-01 14:00:00,1.89951,1.90042,1.8986800000000001,1.8996300000000002,2610,0,0
2024-07-01 14:05:00,1.8996300000000002,1.8999700000000002,1.89879,1.8994499999999999,2035,0,0
2024-07-01 14:10:00,1.8994499999999999,1.90099,1.89937,1.90084,1933,0,0
2024-07-01 14:15:00,1.90084,1.90215,1.9008,1.90212,1131,0,0
2024-07-01 14:20:00,1.90212,1.9033099999999998,1.90208,1.90309,1644,0,0
2024-07-01 14:25:00,1.90309,1.9034,1.90245,1.90245,1577,0,0
2024-07-01 14:30:00,1.90248,1.9030200000000002,1.90213,1.90283,1811,0,0
2024-07-01 14:35:00,1.9029099999999999,1.9029099999999999,1.90177,1.90205,1461,1,0
2024-07-01 14:40:00,1.90208,1.90232,1.9017,1.90184,1644,2,0
2024-07-01 14:45:00,1.90184,1.90247,1.90172,1.90242,1649,0,0
2024-07-01 14:50:00,1.9024100000000002,1.90242,1.9007100000000001,1.9009399999999999,1621,2,0
2024-07-01 14:55:00,1.9009399999999999,1.90161,1.9006699999999999,1.90157,1461,0,0
2024-07-01 15:00:00,1.90157,1.9023400000000001,1.9010799999999999,1.9021,1265,0,0
2024-07-01 15:05:00,1.9021,1.9024100000000002,1.90122,1.9014199999999999,1472,0,0
2024-07-01 15:10:00,1.90144,1.90168,1.9003100000000002,1.9003100000000002,1631,1,0
2024-07-01 15:15:00,1.9003100000000002,1.90077,1.90002,1.9001700000000001,1356,1,0
2024-07-01 15:20:00,1.9001700000000001,1.9007800000000001,1.90014,1.9005,1330,3,0
2024-07-01 15:25:00,1.9005,1.9009399999999999,1.90032,1.90077,1159,0,0
2024-07-01 15:30:00,1.9007800000000001,1.9009200000000002,1.90004,1.90021,965,1,0
2024-07-01 15:35:00,1.90021,1.90175,1.8999000000000001,1.90149,986,0,0
2024-07-01 15:40:00,1.9014600000000002,1.90192,1.90126,1.90158,955,0,0
2024-07-01 15:45:00,1.90158,1.90163,1.90062,1.90093,949,1,0
2024-07-01 15:50:00,1.90093,1.90117,1.90056,1.90077,861,2,0
2024-07-01 15:55:00,1.90077,1.9014199999999999,1.9007100000000001,1.9010099999999999,701,0,0
2024-07-01 16:00:00,1.9010099999999999,1.90168,1.90088,1.90137,725,0,0
2024-07-01 16:05:00,1.90137,1.90151,1.90104,1.90118,756,7,0
2024-07-01 16:10:00,1.90117,1.90137,1.9007800000000001,1.90082,960,1,0
2024-07-01 16:15:00,1.90082,1.9009800000000001,1.90072,1.90079,867,4,0
2024-07-01 16:20:00,1.90077,1.90125,1.9007100000000001,1.9011,932,7,0
2024-07-01 16:25:00,1.9011,1.90115,1.90036,1.90039,951,6,0
2024-07-01 16:30:00,1.90039,1.90062,1.90001,1.90061,921,3,0
2024-07-01 16:35:00,1.90057,1.9007,1.90028,1.90066,882,0,0
2024-07-01 16:40:00,1.90066,1.90072,1.90005,1.9001299999999999,761,5,0
2024-07-01 16:45:00,1.9001299999999999,1.90041,1.89993,1.90028,727,3,0
2024-07-01 16:50:00,1.90028,1.90063,1.9002599999999998,1.90056,700,5,0
2024-07-01 16:55:00,1.90057,1.90113,1.9004699999999999,1.901,626,4,0
2024-07-01 17:00:00,1.901,1.9010799999999999,1.90043,1.90049,748,4,0
2024-07-01 17:05:00,1.90049,1.90056,1.90018,1.9002599999999998,641,4,0
2024-07-01 17:10:00,1.90027,1.90029,1.89987,1.89993,553,3,0
2024-07-01 17:15:00,1.89993,1.90016,1.8997199999999999,1.90004,547,2,0
2024-07-01 17:20:00,1.90004,1.90009,1.89959,1.89962,298,0,0
2024-07-01 17:25:00,1.89961,1.89969,1.89919,1.89934,741,5,0
2024-07-01 17:30:00,1.89935,1.8995600000000001,1.8992200000000001,1.89943,615,2,0
2024-07-01 17:35:00,1.89939,1.89941,1.89897,1.89924,561,2,0
2024-07-01 17:40:00,1.89924,1.89933,1.89901,1.89913,506,5,0
2024-07-01 17:45:00,1.89913,1.89926,1.89897,1.8991,578,3,0
2024-07-01 17:50:00,1.8991099999999999,1.89943,1.89909,1.89941,495,5,0
2024-07-01 17:55:00,1.89941,1.89967,1.8994,1.8995,593,0,0
2024-07-01 18:00:00,1.8995,1.89987,1.8994499999999999,1.89974,781,1,0
2024-07-01 18:05:00,1.89974,1.8999000000000001,1.89957,1.89977,556,1,0
2024-07-01 18:10:00,1.89977,1.89982,1.89926,1.8992900000000001,565,2,0
2024-07-01 18:15:00,1.8992900000000001,1.89954,1.8991799999999999,1.89948,481,2,0
2024-07-01 18:20:00,1.89948,1.9,1.8994499999999999,1.8999899999999998,499,1,0
2024-07-01 18:25:00,1.8999899999999998,1.90041,1.89992,1.90034,572,2,0
2024-07-01 18:30:00,1.90034,1.90042,1.90011,1.90012,691,1,0
2024-07-01 18:35:00,1.90012,1.9002400000000002,1.89984,1.9001000000000001,445,2,0
2024-07-01 18:40:00,1.9001000000000001,1.90045,1.90009,1.90035,267,2,0
2024-07-01 18:45:00,1.90035,1.90075,1.90028,1.90073,314,2,0
2024-07-01 18:50:00,1.90073,1.9007399999999999,1.90041,1.9004699999999999,212,0,0
2024-07-01 18:55:00,1.90046,1.90076,1.90042,1.90063,431,3,0
2024-07-01 19:00:00,1.90063,1.90072,1.90035,1.90043,520,1,0
2024-07-01 19:05:00,1.90043,1.9004699999999999,1.89991,1.90035,510,3,0
2024-07-01 19:10:00,1.90035,1.9007,1.90035,1.90057,506,0,0
2024-07-01 19:15:00,1.90057,1.90122,1.9003700000000001,1.9009,659,2,0
2024-07-01 19:20:00,1.9009,1.90104,1.90045,1.90049,429,4,0
2024-07-01 19:25:00,1.9005,1.9005800000000002,1.90018,1.90022,583,4,0
2024-07-01 19:30:00,1.90021,1.90039,1.8999899999999998,1.9000599999999999,463,2,0
2024-07-01 19:35:00,1.9000599999999999,1.90027,1.89994,1.90005,578,4,0
2024-07-01 19:40:00,1.9000599999999999,1.9002400000000002,1.89995,1.90005,678,3,0
2024-07-01 19:45:00,1.90005,1.90016,1.89987,1.9001299999999999,444,4,0
2024-07-01 19:50:00,1.90012,1.9002599999999998,1.90001,1.90003,460,0,0
2024-07-01 19:55:00,1.90003,1.90022,1.89961,1.89964,924,2,0
2024-07-01 20:00:00,1.89964,1.89966,1.8993799999999998,1.8996,420,4,0
2024-07-01 20:05:00,1.89959,1.89985,1.89959,1.89977,204,4,0
2024-07-01 20:10:00,1.89978,1.8999000000000001,1.89973,1.89987,199,0,0
2024-07-01 20:15:00,1.89988,1.89991,1.8997199999999999,1.89975,409,1,0
2024-07-01 20:20:00,1.8997600000000001,1.89987,1.89969,1.8997199999999999,393,4,0
2024-07-01 20:25:00,1.8997199999999999,1.89974,1.89961,1.89966,256,7,0
2024-07-01 20:30:00,1.89966,1.89967,1.89939,1.8994499999999999,91,4,0
2024-07-01 20:35:00,1.8994499999999999,1.89947,1.8993799999999998,1.89942,44,5,0
2024-07-01 20:40:00,1.89942,1.8996499999999998,1.89942,1.89955,92,6,0
2024-07-01 20:45:00,1.8995199999999999,1.8996,1.89923,1.89958,185,2,0
2024-07-01 20:50:00,1.89958,1.89984,1.89947,1.8998300000000001,194,3,0
2024-07-01 20:55:00,1.89981,1.89987,1.89924,1.8993,186,0,0
2024-07-01 21:00:00,1.8993,1.8993,1.89711,1.89759,21,32,0
2024-07-01 21:05:00,1.89759,1.89886,1.89711,1.89872,37,118,0
2024-07-01 21:10:00,1.8987,1.89944,1.89863,1.8992900000000001,46,68,0
2024-07-01 21:15:00,1.8992900000000001,1.89931,1.89905,1.8991099999999999,34,69,0
2024-07-01 21:20:00,1.8991099999999999,1.9002599999999998,1.89881,1.8998,56,29,0
2024-07-01 21:25:00,1.8998,1.8998,1.89971,1.8997600000000001,11,70,0
2024-07-01 21:30:00,1.89984,1.90018,1.89947,1.89968,92,45,0
2024-07-01 21:35:00,1.89968,1.89977,1.89939,1.89966,71,52,0
2024-07-01 21:40:00,1.89969,1.89991,1.8996,1.89991,71,39,0
2024-07-01 21:45:00,1.89982,1.89987,1.89942,1.89973,94,43,0
2024-07-01 21:50:00,1.89973,1.8998,1.89962,1.89964,83,51,0
2024-07-01 21:55:00,1.89964,1.8997199999999999,1.89924,1.89924,96,25,0
2024-07-01 22:00:00,1.8992499999999999,1.8996499999999998,1.89906,1.8994900000000001,218,0,0
2024-07-01 22:05:00,1.89947,1.8995600000000001,1.8992499999999999,1.8995600000000001,51,0,0
2024-07-01 22:10:00,1.8995600000000001,1.89969,1.89924,1.89943,67,7,0
2024-07-01 22:15:00,1.89941,1.89964,1.89939,1.89946,91,8,0
2024-07-01 22:20:00,1.89946,1.89955,1.89944,1.8995,50,3,0
2024-07-01 22:25:00,1.8995,1.89988,1.8994900000000001,1.89973,102,6,0
2024-07-01 22:30:00,1.89973,1.90004,1.89971,1.89981,163,1,0
2024-07-01 22:35:00,1.89981,1.89987,1.89973,1.89987,80,7,0
2024-07-01 22:40:00,1.89987,1.90005,1.89985,1.90004,81,5,0
2024-07-01 22:45:00,1.90004,1.90005,1.89991,1.89993,65,6,0
2024-07-01 22:50:00,1.89993,1.90005,1.89993,1.9,136,6,0
2024-07-01 22:55:00,1.8999899999999998,1.9,1.89985,1.89995,84,5,0
2024-07-01 23:00:00,1.8999700000000002,1.9003100000000002,1.89995,1.90025,193,1,0
2024-07-01 23:05:00,1.9002400000000002,1.90064,1.9002400000000002,1.90062,177,5,0
2024-07-01 23:10:00,1.90063,1.90064,1.90043,1.9005,103,3,0
2024-07-01 23:15:00,1.90052,1.90064,1.90042,1.90045,106,3,0
2024-07-01 23:20:00,1.90045,1.90048,1.90029,1.9003,82,2,0
2024-07-01 23:25:00,1.9003,1.9004400000000001,1.9002599999999998,1.90042,76,6,0
2024-07-01 23:30:00,1.9004400000000001,1.9005,1.90032,1.90034,130,4,0
2024-07-01 23:35:00,1.90036,1.9005,1.9003,1.90045,115,4,0
2024-07-01 23:40:00,1.90045,1.90062,1.90039,1.9005999999999998,88,3,0
2024-07-01 23:45:00,1.90059,1.90086,1.9005800000000002,1.9007100000000001,132,7,0
2024-07-01 23:50:00,1.9007100000000001,1.9007800000000001,1.9003100000000002,1.9003700000000001,123,7,0
2024-07-01 23:55:00,1.9003700000000001,1.90045,1.90021,1.90025,164,4,0
2024-07-02 00:00:00,1.90025,1.9004400000000001,1.9,1.90042,507,2,0
2024-07-02 00:05:00,1.90045,1.90069,1.9003700000000001,1.90038,402,6,0
2024-07-02 00:10:00,1.90038,1.90039,1.89957,1.89962,409,3,0
2024-07-02 00:15:00,1.89962,1.9000599999999999,1.89962,1.89974,422,4,0
2024-07-02 00:20:00,1.89974,1.90005,1.89957,1.89969,460,3,0
2024-07-02 00:25:00,1.89969,1.8997899999999999,1.8994900000000001,1.89957,339,5,0
2024-07-02 00:30:00,1.89954,1.90016,1.8995199999999999,1.90016,353,2,0
2024-07-02 00:35:00,1.90016,1.90072,1.9000599999999999,1.90065,420,4,0
2024-07-02 00:40:00,1.90065,1.90116,1.90049,1.9008500000000002,456,1,0
2024-07-02 00:45:00,1.9008500000000002,1.90127,1.90083,1.90107,413,5,0
2024-07-02 00:50:00,1.9010799999999999,1.90115,1.9009800000000001,1.9011,434,4,0
2024-07-02 00:55:00,1.90111,1.90138,1.90103,1.90113,636,1,0
2024-07-02 01:00:00,1.90113,1.90143,1.90096,1.9012799999999999,584,3,0
2024-07-02 01:05:00,1.9012799999999999,1.90151,1.9011900000000002,1.9014799999999998,350,6,0
2024-07-02 01:10:00,1.9014600000000002,1.9020700000000001,1.90141,1.9019300000000001,268,3,0
2024-07-02 01:15:00,1.9019300000000001,1.90252,1.90154,1.90171,568,3,0
2024-07-02 01:20:00,1.90171,1.90222,1.9016899999999999,1.90204,353,1,0
2024-07-02 01:25:00,1.90204,1.90211,1.90126,1.90129,276,0,0
2024-07-02 01:30:00,1.9013,1.90131,1.90038,1.9011200000000001,617,0,0
2024-07-02 01:35:00,1.9011200000000001,1.9011900000000002,1.90039,1.90117,572,3,0
2024-07-02 01:40:00,1.90117,1.9012099999999998,1.90083,1.9009399999999999,418,0,0
2024-07-02 01:45:00,1.9009399999999999,1.901,1.90046,1.90082,663,3,0
2024-07-02 01:50:00,1.90082,1.90109,1.90072,1.90077,539,2,0
2024-07-02 01:55:00,1.90077,1.90111,1.9005,1.9010500000000001,571,3,0
2024-07-02 02:00:00,1.9010500000000001,1.90167,1.90084,1.9012099999999998,631,2,0
2024-07-02 02:05:00,1.9012,1.9015,1.90106,1.9013499999999999,481,0,0
2024-07-02 02:10:00,1.9013499999999999,1.90187,1.9012799999999999,1.90186,357,2,0
2024-07-02 02:15:00,1.90184,1.90244,1.90184,1.90211,443,0,0
2024-07-02 02:20:00,1.90211,1.90215,1.90185,1.9021,316,3,0
2024-07-02 02:25:00,1.9021,1.90226,1.9020299999999999,1.90218,333,4,0
2024-07-02 02:30:00,1.90218,1.90256,1.9020899999999998,1.9025400000000001,364,0,0
2024-07-02 02:35:00,1.9025400000000001,1.90283,1.90235,1.9024299999999998,359,0,0
2024-07-02 02:40:00,1.90245,1.90263,1.9022299999999999,1.9022999999999999,331,4,0
2024-07-02 02:45:00,1.9022999999999999,1.90312,1.90219,1.9028100000000001,352,2,0
2024-07-02 02:50:00,1.90283,1.9033799999999998,1.90251,1.9033099999999998,471,4,0
2024-07-02 02:55:00,1.9033099999999998,1.90335,1.90272,1.903,349,4,0
2024-07-02 03:00:00,1.903,1.9031099999999999,1.9026,1.90272,268,5,0
2024-07-02 03:05:00,1.90272,1.90422,1.90271,1.90409,290,6,0
2024-07-02 03:10:00,1.90409,1.9043,1.9039899999999998,1.90418,456,5,0
2024-07-02 03:15:00,1.90418,1.90435,1.90412,1.90415,306,1,0
2024-07-02 03:20:00,1.90415,1.90423,1.9037899999999999,1.9038,419,1,0
2024-07-02 03:25:00,1.90378,1.90384,1.9032499999999999,1.90337,394,0,0
2024-07-02 03:30:00,1.90337,1.9034499999999999,1.9029,1.9030200000000002,340,0,0
2024-07-02 03:35:00,1.9030399999999998,1.90312,1.90269,1.9028,234,1,0
2024-07-02 03:40:00,1.90279,1.90283,1.90235,1.90235,316,1,0
2024-07-02 03:45:00,1.90235,1.9026399999999999,1.90228,1.90237,226,4,0
2024-07-02 03:50:00,1.90236,1.90237,1.90199,1.90208,142,8,0
2024-07-02 03:55:00,1.90208,1.90231,1.9019300000000001,1.90201,205,3,0
2024-07-02 04:00:00,1.90201,1.90211,1.90179,1.90205,189,5,0
2024-07-02 04:05:00,1.90205,1.9021599999999999,1.90191,1.90202,232,6,0
2024-07-02 04:10:00,1.90202,1.90236,1.90198,1.90226,237,0,0
2024-07-02 04:15:00,1.90226,1.90238,1.90198,1.90208,336,3,0
2024-07-02 04:20:00,1.90206,1.9022700000000001,1.90194,1.9020899999999998,276,0,0
2024-07-02 04:25:00,1.9020899999999998,1.90222,1.90181,1.90208,268,3,0
2024-07-02 04:30:00,1.9020700000000001,1.90219,1.90191,1.90219,216,5,0
2024-07-02 04:35:00,1.90219,1.90246,1.9021,1.90245,298,5,0
2024-07-02 04:40:00,1.90245,1.90294,1.90242,1.90289,327,1,0
2024-07-02 04:45:00,1.90289,1.9030399999999998,1.9016899999999999,1.9019,496,4,0
2024-07-02 04:50:00,1.90191,1.90204,1.90136,1.90171,531,3,0
2024-07-02 04:55:00,1.9017,1.9019,1.90136,1.9016600000000001,404,3,0
2024-07-02 05:00:00,1.90165,1.90204,1.90152,1.90201,440,3,0
2024-07-02 05:05:00,1.90201,1.90285,1.90192,1.9023400000000001,628,2,0
2024-07-02 05:10:00,1.9023400000000001,1.9026999999999998,1.9021599999999999,1.90242,547,2,0
2024-07-02 05:15:00,1.9024100000000002,1.90245,1.90212,1.90232,374,0,0
2024-07-02 05:20:00,1.90232,1.90273,1.9022999999999999,1.90258,335,1,0
2024-07-02 05:25:00,1.90258,1.9026399999999999,1.90206,1.90212,297,4,0
2024-07-02 05:30:00,1.90212,1.9024999999999999,1.9020000000000001,1.9021599999999999,344,1,0
2024-07-02 05:35:00,1.9021599999999999,1.90222,1.9014199999999999,1.90144,559,1,0
2024-07-02 05:40:00,1.90144,1.9015300000000002,1.90096,1.90125,458,2,0
2024-07-02 05:45:00,1.90125,1.90165,1.90109,1.9015,648,4,0
2024-07-02 05:50:00,1.9014799999999998,1.90163,1.9009800000000001,1.9014600000000002,619,2,0
2024-07-02 05:55:00,1.90141,1.90183,1.9011900000000002,1.90178,592,1,0
2024-07-02 06:00:00,1.90177,1.9018199999999998,1.9010799999999999,1.90161,901,0,0
2024-07-02 06:05:00,1.90161,1.90192,1.90117,1.90192,674,2,0
2024-07-02 06:10:00,1.90192,1.90274,1.9018899999999999,1.90255,699,2,0
2024-07-02 06:15:00,1.90256,1.9026,1.90199,1.9024299999999998,748,2,0
2024-07-02 06:20:00,1.9024299999999998,1.9028100000000001,1.90232,1.9024100000000002,716,0,0
2024-07-02 06:25:00,1.9024100000000002,1.90305,1.9022700000000001,1.9029500000000001,615,0,0
2024-07-02 06:30:00,1.9029500000000001,1.9030399999999998,1.9022999999999999,1.9024999999999999,691,2,0
2024-07-02 06:35:00,1.9024999999999999,1.9027500000000002,1.90245,1.9026,771,0,0
2024-07-02 06:40:00,1.9026,1.90289,1.9021599999999999,1.9022299999999999,887,1,0
2024-07-02 06:45:00,1.9022299999999999,1.9024299999999998,1.90198,1.90221,833,0,0
2024-07-02 06:50:00,1.90219,1.90255,1.90213,1.90217,681,2,0
2024-07-02 06:55:00,1.90217,1.90225,1.90152,1.9018000000000002,886,0,0
2024-07-02 07:00:00,1.90179,1.90204,1.90141,1.9015,1099,0,0
2024-07-02 07:05:00,1.9015,1.90161,1.90064,1.9009800000000001,1031,0,0
2024-07-02 07:10:00,1.90097,1.90122,1.90011,1.9005100000000001,844,0,0
2024-07-02 07:15:00,1.9005100000000001,1.90104,1.9001000000000001,1.90015,1151,0,0
2024-07-02 07:20:00,1.90015,1.90029,1.89961,1.8999899999999998,1207,0,0
2024-07-02 07:25:00,1.89994,1.89994,1.8993600000000002,1.8997199999999999,1041,0,0
2024-07-02 07:30:00,1.8997199999999999,1.89993,1.89871,1.89899,1141,0,0
2024-07-02 07:35:00,1.8990200000000002,1.89977,1.89852,1.89942,971,0,0
2024-07-02 07:40:00,1.89941,1.8995199999999999,1.8986800000000001,1.89887,1010,1,0
2024-07-02 07:45:00,1.89889,1.89921,1.89876,1.89892,1048,1,0
2024-07-02 07:50:00,1.89892,1.8990399999999998,1.89822,1.89886,784,0,0
2024-07-02 07:55:00,1.89886,1.89897,1.89852,1.89882,955,1,0
2024-07-02 08:00:00,1.8987500000000002,1.89934,1.8986399999999999,1.89914,1039,0,0
2024-07-02 08:05:00,1.89913,1.89917,1.89838,1.89862,1067,2,0
2024-07-02 08:10:00,1.89862,1.89894,1.8985400000000001,1.89886,937,0,0
2024-07-02 08:15:00,1.89886,1.8997899999999999,1.89876,1.89948,941,2,0
2024-07-02 08:20:00,1.89948,1.8997600000000001,1.89935,1.89975,601,0,0
2024-07-02 08:25:00,1.89975,1.8999700000000002,1.89951,1.89985,813,0,0
2024-07-02 08:30:00,1.8999000000000001,1.8999700000000002,1.89968,1.89981,858,1,0
2024-07-02 08:35:00,1.89981,1.8999899999999998,1.8995600000000001,1.8997199999999999,730,3,0
2024-07-02 08:40:00,1.8997199999999999,1.90008,1.89953,1.89989,711,0,0
2024-07-02 08:45:00,1.89989,1.9001700000000001,1.89975,1.89987,742,0,0
2024-07-02 08:50:00,1.89987,1.8999000000000001,1.8992200000000001,1.8994900000000001,855,1,0
2024-07-02 08:55:00,1.8994900000000001,1.89951,1.89876,1.89876,647,3,0
2024-07-02 09:00:00,1.8986800000000001,1.8994499999999999,1.89865,1.89927,820,3,0
2024-07-02 09:05:00,1.89927,1.8998300000000001,1.89914,1.89969,465,0,0
2024-07-02 09:10:00,1.89969,1.90025,1.89969,1.89992,263,0,0
2024-07-02 09:15:00,1.89992,1.9,1.89962,1.89985,622,0,0
2024-07-02 09:20:00,1.89985,1.89992,1.89909,1.89928,666,2,0
2024-07-02 09:25:00,1.8992900000000001,1.89946,1.89908,1.89933,639,0,0
2024-07-02 09:30:00,1.89933,1.8999700000000002,1.8993,1.8999700000000002,649,1,0
2024-07-02 09:35:00,1.8999700000000002,1.90016,1.89958,1.89974,607,0,0
2024-07-02 09:40:00,1.89974,1.89988,1.89953,1.8998599999999999,473,1,0
2024-07-02 09:45:00,1.8998599999999999,1.90011,1.8995600000000001,1.8999000000000001,301,0,0
2024-07-02 09:50:00,1.8999000000000001,1.89992,1.8995199999999999,1.89971,388,1,0
2024-07-02 09:55:00,1.89971,1.8997600000000001,1.89939,1.89953,560,2,0
2024-07-02 10:00:00,1.89953,1.89958,1.89905,1.89939,646,1,0
2024-07-02 10:05:00,1.8994,1.89951,1.89886,1.89893,498,0,0
2024-07-02 10:10:00,1.89893,1.89899,1.8987500000000002,1.8989099999999999,516,2,0
2024-07-02 10:15:00,1.8989099999999999,1.8992200000000001,1.89885,1.89892,497,4,0
2024-07-02 10:20:00,1.89892,1.89907,1.89847,1.89898,547,1,0
2024-07-02 10:25:00,1.89898,1.89948,1.89882,1.89948,557,3,0
2024-07-02 10:30:00,1.89948,1.90009,1.89927,1.90007,499,1,0
2024-07-02 10:35:00,1.90007,1.9003,1.8997899999999999,1.90011,581,0,0
2024-07-02 10:40:00,1.90011,1.90032,1.89961,1.8997899999999999,531,0,0
2024-07-02 10:45:00,1.8998,1.9007100000000001,1.89959,1.90048,719,0,0
2024-07-02 10:50:00,1.90048,1.90095,1.90038,1.90093,637,2,0
2024-07-02 10:55:00,1.90095,1.9011200000000001,1.90052,1.90065,699,0,0
2024-07-02 11:00:00,1.90065,1.90174,1.9005800000000002,1.9016,590,3,0
2024-07-02 11:05:00,1.9016,1.9019599999999999,1.90145,1.90187,379,4,0
2024-07-02 11:10:00,1.90187,1.90208,1.9016600000000001,1.9019300000000001,455,1,0
2024-07-02 11:15:00,1.9019300000000001,1.90251,1.9019300000000001,1.90248,383,0,0
2024-07-02 11:20:00,1.90248,1.90259,1.90177,1.90184,660,0,0
2024-07-02 11:25:00,1.90184,1.90202,1.90157,1.90163,568,0,0
2024-07-02 11:30:00,1.90163,1.90178,1.90129,1.90145,497,0,0
2024-07-02 11:35:00,1.90145,1.9018899999999999,1.9013,1.9018899999999999,669,0,0
2024-07-02 11:40:00,1.9018899999999999,1.9024299999999998,1.9018000000000002,1.90237,610,1,0
2024-07-02 11:45:00,1.90237,1.90255,1.9020299999999999,1.90252,608,0,0
2024-07-02 11:50:00,1.90252,1.90267,1.90222,1.90247,711,0,0
2024-07-02 11:55:00,1.90247,1.9027500000000002,1.90232,1.90249,725,0,0
2024-07-02 12:00:00,1.90249,1.90269,1.9021599999999999,1.90231,1079,0,0
2024-07-02 12:05:00,1.90231,1.9024299999999998,1.90178,1.9018899999999999,809,1,0
2024-07-02 12:10:00,1.9018899999999999,1.90195,1.90104,1.9013900000000001,912,0,0
2024-07-02 12:15:00,1.9013900000000001,1.9016600000000001,1.90103,1.90116,848,0,0
2024-07-02 12:20:00,1.90116,1.90229,1.90111,1.90175,913,0,0
2024-07-02 12:25:00,1.90175,1.90175,1.90117,1.90136,904,0,0
2024-07-02 12:30:00,1.90136,1.9014600000000002,1.9009800000000001,1.90122,656,0,0
2024-07-02 12:35:00,1.9012099999999998,1.90186,1.9011200000000001,1.90178,815,0,0
2024-07-02 12:40:00,1.90178,1.90251,1.90171,1.90236,796,0,0
2024-07-02 12:45:00,1.90236,1.90258,1.9020000000000001,1.90251,782,0,0
2024-07-02 12:50:00,1.90251,1.90316,1.90248,1.9028399999999999,817,0,0
2024-07-02 12:55:00,1.9028100000000001,1.9031500000000001,1.90247,1.90296,1061,1,0
2024-07-02 13:00:00,1.90297,1.9032900000000001,1.9023400000000001,1.9032200000000001,1405,0,0
2024-07-02 13:05:00,1.9032200000000001,1.90339,1.9026800000000001,1.9026999999999998,1095,0,0
2024-07-02 13:10:00,1.9026999999999998,1.90308,1.90245,1.9029099999999999,1060,0,0
2024-07-02 13:15:00,1.9029,1.90334,1.90276,1.9029099999999999,981,1,0
2024-07-02 13:20:00,1.9029099999999999,1.90316,1.9028,1.9029500000000001,1049,0,0
2024-07-02 13:25:00,1.90297,1.9032499999999999,1.9028399999999999,1.9028399999999999,704,2,0
2024-07-02 13:30:00,1.90287,1.90387,1.90278,1.9033600000000002,1032,0,0
2024-07-02 13:35:00,1.9033600000000002,1.9034200000000001,1.9022000000000001,1.90253,1796,0,0
2024-07-02 13:40:00,1.9024999999999999,1.90253,1.90125,1.90195,1634,0,0
2024-07-02 13:45:00,1.90194,1.90247,1.90167,1.90236,1432,0,0
2024-07-02 13:50:00,1.90237,1.90274,1.9020700000000001,1.90218,1788,0,0
2024-07-02 13:55:00,1.90218,1.9026,1.9015499999999999,1.9016600000000001,1419,0,0
2024-07-02 14:00:00,1.90163,1.90248,1.90056,1.9015499999999999,2394,0,0
2024-07-02 14:05:00,1.90154,1.90201,1.90089,1.9019599999999999,2310,0,0
2024-07-02 14:10:00,1.9019599999999999,1.90347,1.9019300000000001,1.90252,2174,0,0
2024-07-02 14:15:00,1.90253,1.90278,1.90198,1.90237,1875,1,0
2024-07-02 14:20:00,1.90236,1.90263,1.90178,1.9026,1866,0,0
2024-07-02 14:25:00,1.9026100000000001,1.90262,1.90205,1.90208,1692,1,0
2024-07-02 14:30:00,1.90208,1.90213,1.9007800000000001,1.90088,1393,0,0
2024-07-02 14:35:00,1.90091,1.90266,1.90079,1.90255,1412,0,0
2024-07-02 14:40:00,1.90256,1.9045,1.9025400000000001,1.9043700000000001,1729,0,0
2024-07-02 14:45:00,1.9043999999999999,1.9053200000000001,1.90339,1.90489,1801,0,0
2024-07-02 14:50:00,1.90489,1.90489,1.9025699999999999,1.90282,1648,0,0
2024-07-02 14:55:00,1.90283,1.90375,1.9021599999999999,1.9023400000000001,1920,0,0
2024-07-02 15:00:00,1.90235,1.90332,1.90224,1.9033099999999998,1572,1,0
2024-07-02 15:05:00,1.9033099999999998,1.90361,1.90293,1.9035600000000001,1429,3,0
2024-07-02 15:10:00,1.9035600000000001,1.90408,1.90312,1.9037899999999999,1377,2,0
2024-07-02 15:15:00,1.90377,1.9042,1.9035,1.90398,1331,5,0
2024-07-02 15:20:00,1.90398,1.9045,1.90391,1.9043,1170,2,0
2024-07-02 15:25:00,1.9043,1.90475,1.90409,1.90438,770,0,0
2024-07-02 15:30:00,1.90439,1.90468,1.90409,1.90443,1011,1,0
2024-07-02 15:35:00,1.90448,1.90488,1.90414,1.90469,863,2,0
2024-07-02 15:40:00,1.90469,1.90488,1.90452,1.90459,855,0,0
2024-07-02 15:45:00,1.90459,1.90463,1.9042599999999998,1.90428,903,5,0
2024-07-02 15:50:00,1.90428,1.90432,1.90374,1.90389,783,2,0
2024-07-02 15:55:00,1.90389,1.9041299999999999,1.90366,1.90378,845,2,0
2024-07-02 16:00:00,1.9037899999999999,1.90398,1.90354,1.90357,837,2,0
2024-07-02 16:05:00,1.90357,1.9037600000000001,1.9031099999999999,1.9031799999999999,645,0,0
2024-07-02 16:10:00,1.9031799999999999,1.90357,1.90285,1.90293,589,0,0
2024-07-02 16:15:00,1.90293,1.90343,1.9029099999999999,1.9031099999999999,562,2,0
2024-07-02 16:20:00,1.9031099999999999,1.9032200000000001,1.90287,1.90293,700,4,0
2024-07-02 16:25:00,1.90293,1.90303,1.9025699999999999,1.90265,640,5,0
2024-07-02 16:30:00,1.90263,1.9029099999999999,1.90249,1.90252,646,4,0
2024-07-02 16:35:00,1.90251,1.90293,1.90245,1.90293,458,2,0
2024-07-02 16:40:00,1.9029099999999999,1.90306,1.90276,1.9027699999999999,495,2,0
2024-07-02 16:45:00,1.9027699999999999,1.9029500000000001,1.9025699999999999,1.90263,605,5,0
2024-07-02 16:50:00,1.9026100000000001,1.90266,1.90213,1.9021599999999999,541,6,0
2024-07-02 16:55:00,1.9021599999999999,1.90297,1.90205,1.9029,544,6,0
2024-07-02 17:00:00,1.9029,1.9032200000000001,1.9028399999999999,1.9029099999999999,539,2,0
2024-07-02 17:05:00,1.9029099999999999,1.9029099999999999,1.90183,1.90186,652,3,0
2024-07-02 17:10:00,1.90186,1.90201,1.90178,1.90188,525,4,0
2024-07-02 17:15:00,1.9019,1.9019,1.90158,1.90177,419,2,0
2024-07-02 17:20:00,1.90177,1.90185,1.90147,1.90181,327,0,0
2024-07-02 17:25:00,1.90181,1.9018899999999999,1.90151,1.90165,302,2,0
2024-07-02 17:30:00,1.90164,1.90225,1.9013499999999999,1.9022299999999999,465,4,0
2024-07-02 17:35:00,1.9022299999999999,1.90246,1.9021400000000002,1.9022000000000001,502,5,0
2024-07-02 17:40:00,1.90221,1.9022700000000001,1.90197,1.9020299999999999,597,4,0
2024-07-02 17:45:00,1.90204,1.9021599999999999,1.90187,1.90201,338,4,0
2024-07-02 17:50:00,1.90201,1.90208,1.9018000000000002,1.90185,625,5,0
2024-07-02 17:55:00,1.90187,1.90242,1.90178,1.9024100000000002,572,2,0
2024-07-02 18:00:00,1.9024100000000002,1.90246,1.90226,1.90236,568,5,0
2024-07-02 18:05:00,1.90236,1.90247,1.90215,1.90239,487,3,0
2024-07-02 18:10:00,1.90239,1.90239,1.9021599999999999,1.90233,556,4,0
2024-07-02 18:15:00,1.90233,1.90246,1.90226,1.90232,441,6,0
2024-07-02 18:20:00,1.90232,1.90233,1.90215,1.9022000000000001,363,0,0
2024-07-02 18:25:00,1.90219,1.9024299999999998,1.90217,1.90238,442,6,0
2024-07-02 18:30:00,1.90238,1.90265,1.90226,1.90253,485,3,0
2024-07-02 18:35:00,1.90253,1.90262,1.90238,1.90252,512,5,0
2024-07-02 18:40:00,1.90252,1.90252,1.9023400000000001,1.90247,462,4,0
2024-07-02 18:45:00,1.90247,1.90252,1.90217,1.9023400000000001,521,5,0
2024-07-02 18:50:00,1.90233,1.9024100000000002,1.90224,1.90238,425,0,0
2024-07-02 18:55:00,1.90237,1.90239,1.90197,1.9020299999999999,506,0,0
2024-07-02 19:00:00,1.90201,1.9024299999999998,1.90183,1.90235,535,3,0
2024-07-02 19:05:00,1.90235,1.90253,1.90233,1.9024999999999999,458,5,0
2024-07-02 19:10:00,1.9024999999999999,1.90256,1.90236,1.9024299999999998,228,6,0
2024-07-02 19:15:00,1.9024299999999998,1.90249,1.90232,1.90238,288,5,0
2024-07-02 19:20:00,1.90238,1.9024100000000002,1.9020899999999998,1.9021599999999999,442,3,0
2024-07-02 19:25:00,1.9021599999999999,1.90219,1.90177,1.90186,389,2,0
2024-07-02 19:30:00,1.90186,1.90202,1.90179,1.90187,342,3,0
2024-07-02 19:35:00,1.90187,1.90217,1.90186,1.9020299999999999,323,2,0
2024-07-02 19:40:00,1.9020299999999999,1.90208,1.9019,1.9020299999999999,428,2,0
2024-07-02 19:45:00,1.9020299999999999,1.90219,1.9019599999999999,1.90206,314,2,0
2024-07-02 19:50:00,1.90206,1.90225,1.90195,1.90197,308,3,0
2024-07-02 19:55:00,1.90197,1.9022299999999999,1.90192,1.9020000000000001,669,1,0
2024-07-02 20:00:00,1.90199,1.9021599999999999,1.90178,1.90212,407,3,0
2024-07-02 20:05:00,1.90211,1.90218,1.90208,1.9021599999999999,140,6,0
2024-07-02 20:10:00,1.9021599999999999,1.9022000000000001,1.9019,1.90201,143,2,0
2024-07-02 20:15:00,1.90201,1.9021400000000002,1.90201,1.90212,75,4,0
2024-07-02 20:20:00,1.90212,1.90226,1.90204,1.90224,105,3,0
2024-07-02 20:25:00,1.90224,1.9024999999999999,1.90221,1.90242,188,5,0
2024-07-02 20:30:00,1.90242,1.90245,1.90222,1.90222,116,2,0
2024-07-02 20:35:00,1.90222,1.90244,1.9021400000000002,1.90238,103,7,0
2024-07-02 20:40:00,1.90238,1.90258,1.90236,1.90258,80,5,0
2024-07-02 20:45:00,1.90258,1.90267,1.90246,1.90248,129,4,0
2024-07-02 20:50:00,1.90248,1.90253,1.90238,1.9024999999999999,75,10,0
2024-07-02 20:55:00,1.9024999999999999,1.90273,1.90248,1.9024999999999999,146,9,0
2024-07-02 21:00:00,1.9024999999999999,1.9024999999999999,1.89845,1.90109,23,25,0
2024-07-02 21:05:00,1.89958,1.90201,1.89955,1.90188,42,124,0
2024-07-02 21:10:00,1.90188,1.90197,1.90163,1.9019300000000001,42,90,0
2024-07-02 21:15:00,1.9019300000000001,1.9020000000000001,1.9016899999999999,1.90197,39,100,0
2024-07-02 21:20:00,1.90197,1.9020700000000001,1.90152,1.90152,29,85,0
2024-07-02 21:25:00,1.90152,1.9028100000000001,1.90152,1.90266,47,70,0
2024-07-02 21:30:00,1.90279,1.90279,1.9019599999999999,1.90197,39,59,0
2024-07-02 21:35:00,1.90194,1.9022299999999999,1.90192,1.9021599999999999,252,102,0
2024-07-02 21:40:00,1.9021599999999999,1.90232,1.90201,1.90232,155,93,0
2024-07-02 21:45:00,1.90232,1.90259,1.90226,1.90252,33,41,0
2024-07-02 21:50:00,1.90252,1.90282,1.90237,1.90249,54,56,0
2024-07-02 21:55:00,1.90244,1.90283,1.90221,1.90259,141,60,0
2024-07-02 22:00:00,1.90259,1.90259,1.9019599999999999,1.90222,157,0,0
2024-07-02 22:05:00,1.90222,1.9024,1.90215,1.90229,45,16,0
2024-07-02 22:10:00,1.90229,1.90255,1.90228,1.90238,62,13,0
2024-07-02 22:15:00,1.90238,1.90279,1.90236,1.90265,91,12,0
2024-07-02 22:20:00,1.90265,1.90266,1.90246,1.90258,112,9,0
2024-07-02 22:25:00,1.90258,1.9026800000000001,1.90242,1.90245,123,5,0
2024-07-02 22:30:00,1.90242,1.90251,1.90236,1.9024999999999999,76,8,0
2024-07-02 22:35:00,1.9024999999999999,1.90253,1.90228,1.90244,44,4,0
2024-07-02 22:40:00,1.90244,1.9025400000000001,1.90237,1.90244,79,5,0
2024-07-02 22:45:00,1.90244,1.90255,1.90233,1.90248,110,6,0
2024-07-02 22:50:00,1.90248,1.90267,1.9022999999999999,1.90263,151,0,0
2024-07-02 22:55:00,1.90263,1.90269,1.90249,1.90256,126,8,0
2024-07-02 23:00:00,1.90256,1.90282,1.90231,1.90278,199,5,0
2024-07-02 23:05:00,1.90278,1.90285,1.90262,1.90265,97,6,0
2024-07-02 23:10:00,1.90265,1.90279,1.9026399999999999,1.90269,107,5,0
2024-07-02 23:15:00,1.90271,1.9027500000000002,1.90252,1.9026999999999998,104,3,0
2024-07-02 23:20:00,1.90271,1.9027699999999999,1.90259,1.9027699999999999,124,5,0
2024-07-02 23:25:00,1.9027500000000002,1.90285,1.90262,1.90273,166,4,0
2024-07-02 23:30:00,1.90273,1.9028100000000001,1.9026399999999999,1.9028100000000001,86,6,0
2024-07-02 23:35:00,1.9028100000000001,1.90294,1.9027699999999999,1.90283,157,4,0
2024-07-02 23:40:00,1.90283,1.90286,1.90253,1.9026,112,5,0
2024-07-02 23:45:00,1.90259,1.90259,1.90231,1.9024100000000002,117,6,0
2024-07-02 23:50:00,1.9024100000000002,1.90276,1.90235,1.90265,156,2,0
2024-07-02 23:55:00,1.90265,1.9027500000000002,1.90251,1.90253,135,4,0
2024-07-03 00:00:00,1.90253,1.90259,1.9020299999999999,1.90213,430,1,0
2024-07-03 00:05:00,1.90213,1.90272,1.9017300000000001,1.90186,614,0,0
2024-07-03 00:10:00,1.9018899999999999,1.90228,1.90163,1.90211,493,4,0
2024-07-03 00:15:00,1.90211,1.90258,1.90195,1.90256,463,3,0
2024-07-03 00:20:00,1.9025699999999999,1.9026399999999999,1.90185,1.9020299999999999,474,6,0
2024-07-03 00:25:00,1.9020299999999999,1.9020899999999998,1.90154,1.9015900000000001,384,3,0
2024-07-03 00:30:00,1.9015900000000001,1.9022999999999999,1.90131,1.90211,478,2,0
2024-07-03 00:35:00,1.90212,1.90246,1.90204,1.9024,290,4,0
2024-07-03 00:40:00,1.9024,1.90262,1.9021599999999999,1.9022299999999999,371,5,0
2024-07-03 00:45:00,1.9022299999999999,1.90231,1.9019,1.9020899999999998,333,4,0
2024-07-03 00:50:00,1.9021,1.90217,1.90187,1.90204,417,0,0
2024-07-03 00:55:00,1.90202,1.90248,1.90199,1.90247,491,5,0
2024-07-03 01:00:00,1.90247,1.9028,1.9024,1.90274,503,2,0
2024-07-03 01:05:00,1.90274,1.90283,1.90239,1.9026,422,3,0
2024-07-03 01:10:00,1.9026100000000001,1.9028800000000001,1.90255,1.90256,416,3,0
2024-07-03 01:15:00,1.90256,1.9029099999999999,1.90249,1.90278,498,0,0
2024-07-03 01:20:00,1.90278,1.9032200000000001,1.9026800000000001,1.90316,320,2,0
2024-07-03 01:25:00,1.9031799999999999,1.90327,1.90244,1.90247,339,4,0
2024-07-03 01:30:00,1.90247,1.90247,1.8997600000000001,1.90034,999,0,0
2024-07-03 01:35:00,1.90035,1.9007100000000001,1.89988,1.90007,807,0,0
2024-07-03 01:40:00,1.90007,1.90072,1.9,1.90072,476,4,0
2024-07-03 01:45:00,1.9007100000000001,1.9012,1.90016,1.90053,524,0,0
2024-07-03 01:50:00,1.90053,1.90125,1.9005,1.90116,502,2,0
2024-07-03 01:55:00,1.90116,1.90123,1.90064,1.90076,554,1,0
2024-07-03 02:00:00,1.90076,1.9008699999999998,1.90016,1.90054,485,0,0
2024-07-03 02:05:00,1.90055,1.90055,1.89988,1.89989,391,0,0
2024-07-03 02:10:00,1.89991,1.90041,1.89978,1.9003100000000002,379,2,0
2024-07-03 02:15:00,1.9003100000000002,1.90059,1.90021,1.9003100000000002,437,1,0
2024-07-03 02:20:00,1.90032,1.9004699999999999,1.89998,1.89998,263,0,0
2024-07-03 02:25:00,1.89998,1.90034,1.8999700000000002,1.9003100000000002,214,0,0
2024-07-03 02:30:00,1.9003100000000002,1.9010799999999999,1.9003,1.90103,199,0,0
2024-07-03 02:35:00,1.90103,1.90113,1.9006699999999999,1.9010500000000001,316,0,0
2024-07-03 02:40:00,1.9010500000000001,1.90154,1.9009399999999999,1.90149,351,0,0
2024-07-03 02:45:00,1.90149,1.9018199999999998,1.90149,1.9016199999999999,311,1,0
2024-07-03 02:50:00,1.9016199999999999,1.90183,1.90125,1.9013499999999999,365,4,0
2024-07-03 02:55:00,1.9013499999999999,1.9014600000000002,1.90116,1.90123,350,4,0
2024-07-03 03:00:00,1.90125,1.90133,1.90089,1.90099,420,2,0
2024-07-03 03:05:00,1.90099,1.90099,1.90072,1.90079,306,2,0
2024-07-03 03:10:00,1.9008,1.90086,1.9005999999999998,1.9007100000000001,198,4,0
2024-07-03 03:15:00,1.90069,1.90089,1.90045,1.9008099999999999,331,2,0
2024-07-03 03:20:00,1.9008099999999999,1.9010799999999999,1.90062,1.90062,260,1,0
2024-07-03 03:25:00,1.90062,1.90062,1.8999899999999998,1.90004,374,4,0
2024-07-03 03:30:00,1.90004,1.9000599999999999,1.89969,1.89971,319,0,0
2024-07-03 03:35:00,1.89971,1.8999000000000001,1.8996,1.89966,192,4,0
2024-07-03 03:40:00,1.89966,1.89977,1.89942,1.8995600000000001,230,4,0
2024-07-03 03:45:00,1.89958,1.89982,1.89946,1.8997600000000001,181,5,0
2024-07-03 03:50:00,1.8997600000000001,1.90007,1.89975,1.89993,210,1,0
2024-07-03 03:55:00,1.89993,1.90004,1.89982,1.89993,186,5,0
2024-07-03 04:00:00,1.89993,1.8999700000000002,1.8994900000000001,1.89951,195,3,0
2024-07-03 04:05:00,1.89951,1.89966,1.89941,1.89954,221,4,0
2024-07-03 04:10:00,1.89954,1.89954,1.89937,1.89947,216,5,0
2024-07-03 04:15:00,1.89948,1.89962,1.89934,1.89962,175,5,0
2024-07-03 04:20:00,1.89962,1.89974,1.8995199999999999,1.8995199999999999,112,4,0
2024-07-03 04:25:00,1.8995199999999999,1.89957,1.89913,1.89927,228,4,0
2024-07-03 04:30:00,1.89926,1.89958,1.89926,1.89937,249,4,0
2024-07-03 04:35:00,1.8993600000000002,1.89971,1.89935,1.8997000000000002,218,3,0
2024-07-03 04:40:00,1.8997000000000002,1.8999700000000002,1.89966,1.8998599999999999,229,2,0
2024-07-03 04:45:00,1.8998599999999999,1.8998599999999999,1.89957,1.8997199999999999,184,2,0
2024-07-03 04:50:00,1.89973,1.90009,1.89964,1.90008,236,1,0
2024-07-03 04:55:00,1.90008,1.90046,1.9000599999999999,1.90045,243,3,0
2024-07-03 05:00:00,1.9004699999999999,1.90066,1.8996499999999998,1.8997199999999999,309,4,0
2024-07-03 05:05:00,1.8997199999999999,1.90005,1.89951,1.90005,339,4,0
2024-07-03 05:10:00,1.90005,1.9002599999999998,1.89978,1.90019,403,7,0
2024-07-03 05:15:00,1.90019,1.9008,1.90019,1.90056,221,4,0
2024-07-03 05:20:00,1.90063,1.90077,1.90035,1.90073,275,1,0
2024-07-03 05:25:00,1.90073,1.90118,1.90063,1.90075,297,3,0
2024-07-03 05:30:00,1.90075,1.90075,1.9003100000000002,1.9005,392,0,0
2024-07-03 05:35:00,1.9005,1.90061,1.9002599999999998,1.90042,382,2,0
2024-07-03 05:40:00,1.90042,1.90064,1.90038,1.90053,308,2,0
2024-07-03 05:45:00,1.90053,1.90069,1.9003700000000001,1.9003999999999999,317,4,0
2024-07-03 05:50:00,1.9003999999999999,1.9005100000000001,1.90016,1.90022,265,4,0
2024-07-03 05:55:00,1.90022,1.90056,1.90016,1.90043,420,0,0
2024-07-03 06:00:00,1.90043,1.90048,1.89975,1.90048,525,3,0
2024-07-03 06:05:00,1.90048,1.90072,1.90032,1.90064,458,3,0
2024-07-03 06:10:00,1.90064,1.90077,1.90019,1.90022,326,1,0
2024-07-03 06:15:00,1.90022,1.90053,1.9001299999999999,1.90043,335,1,0
2024-07-03 06:20:00,1.90043,1.90068,1.90034,1.90064,349,2,0
2024-07-03 06:25:00,1.90064,1.90065,1.90019,1.9003100000000002,350,0,0
2024-07-03 06:30:00,1.9003100000000002,1.90076,1.9002599999999998,1.9005999999999998,551,4,0
2024-07-03 06:35:00,1.9005999999999998,1.90064,1.9003,1.9003299999999999,539,0,0
2024-07-03 06:40:00,1.9003299999999999,1.90048,1.89989,1.89991,710,3,0
2024-07-03 06:45:00,1.89992,1.9005100000000001,1.8997000000000002,1.9003299999999999,956,0,0
2024-07-03 06:50:00,1.9003299999999999,1.90042,1.89998,1.90019,586,1,0
2024-07-03 06:55:00,1.90019,1.90057,1.8999899999999998,1.9004699999999999,834,1,0
2024-07-03 07:00:00,1.90048,1.9006699999999999,1.90019,1.9003700000000001,1047,0,0
2024-07-03 07:05:00,1.9003700000000001,1.9004699999999999,1.89994,1.89994,821,0,0
2024-07-03 07:10:00,1.8999700000000002,1.9000599999999999,1.89906,1.8991799999999999,819,2,0
2024-07-03 07:15:00,1.8991799999999999,1.89928,1.899,1.8991,684,2,0
2024-07-03 07:20:00,1.89909,1.89937,1.89894,1.89924,665,0,0
2024-07-03 07:25:00,1.89924,1.89953,1.89914,1.8992900000000001,837,2,0
2024-07-03 07:30:00,1.8992900000000001,1.89982,1.89927,1.89974,715,2,0
2024-07-03 07:35:00,1.89974,1.89975,1.8995,1.89957,592,1,0
2024-07-03 07:40:00,1.89957,1.8997000000000002,1.89935,1.8994900000000001,697,0,0
2024-07-03 07:45:00,1.8995,1.8997899999999999,1.89912,1.89935,837,0,0
2024-07-03 07:50:00,1.89935,1.89962,1.89907,1.89943,855,0,0
2024-07-03 07:55:00,1.89943,1.89993,1.89927,1.89992,695,1,0
2024-07-03 08:00:00,1.89993,1.90011,1.89935,1.89946,825,0,0
2024-07-03 08:05:00,1.89946,1.89998,1.89944,1.89993,586,0,0
2024-07-03 08:10:00,1.89993,1.9009200000000002,1.89993,1.9009200000000002,660,0,0
2024-07-03 08:15:00,1.9009200000000002,1.90103,1.90045,1.9004699999999999,673,0,0
2024-07-03 08:20:00,1.90043,1.90052,1.9001700000000001,1.90045,537,0,0
2024-07-03 08:25:00,1.90045,1.9009800000000001,1.90038,1.9008699999999998,385,1,0
2024-07-03 08:30:00,1.9008,1.9016199999999999,1.9007800000000001,1.90106,602,0,0
2024-07-03 08:35:00,1.9010799999999999,1.9011,1.90075,1.9010799999999999,565,1,0
2024-07-03 08:40:00,1.9010799999999999,1.90141,1.90099,1.90136,784,3,0
2024-07-03 08:45:00,1.90136,1.90177,1.90125,1.90141,634,0,0
2024-07-03 08:50:00,1.90141,1.90174,1.90141,1.90168,266,0,0
2024-07-03 08:55:00,1.90168,1.9020700000000001,1.9015900000000001,1.90186,336,2,0
2024-07-03 09:00:00,1.90186,1.9021599999999999,1.9016,1.9016199999999999,561,0,0
2024-07-03 09:05:00,1.9016199999999999,1.9018000000000002,1.9015300000000002,1.90165,391,3,0
2024-07-03 09:10:00,1.90165,1.90175,1.9014799999999998,1.9014799999999998,383,3,0
2024-07-03 09:15:00,1.9015,1.90187,1.9014199999999999,1.90165,569,1,0
2024-07-03 09:20:00,1.90165,1.9019599999999999,1.90161,1.90168,482,2,0
2024-07-03 09:25:00,1.90167,1.90228,1.9016,1.90212,505,3,0
2024-07-03 09:30:00,1.9021599999999999,1.9024299999999998,1.90194,1.9022700000000001,532,2,0
2024-07-03 09:35:00,1.90228,1.9022999999999999,1.90192,1.90201,511,1,0
2024-07-03 09:40:00,1.90201,1.90218,1.90195,1.90208,438,0,0
2024-07-03 09:45:00,1.90208,1.90262,1.9020299999999999,1.90249,596,2,0
2024-07-03 09:50:00,1.90249,1.90283,1.90229,1.90274,557,3,0
2024-07-03 09:55:00,1.90274,1.90285,1.90255,1.90273,647,1,0
2024-07-03 10:00:00,1.90273,1.90276,1.90252,1.90265,618,1,0
2024-07-03 10:05:00,1.9026399999999999,1.9029500000000001,1.9025699999999999,1.9029,449,2,0
2024-07-03 10:10:00,1.9028800000000001,1.90305,1.9028100000000001,1.9029500000000001,388,0,0
2024-07-03 10:15:00,1.9029500000000001,1.90387,1.90294,1.9037600000000001,352,2,0
2024-07-03 10:20:00,1.9037600000000001,1.9039700000000002,1.9032900000000001,1.90378,586,0,0
2024-07-03 10:25:00,1.90377,1.9038300000000001,1.9033799999999998,1.9036300000000002,576,1,0
2024-07-03 10:30:00,1.9036300000000002,1.90374,1.90346,1.9034900000000001,378,1,0
2024-07-03 10:35:00,1.90348,1.90421,1.90339,1.90394,652,0,0
2024-07-03 10:40:00,1.90394,1.90404,1.90361,1.9037600000000001,512,2,0
2024-07-03 10:45:00,1.9037600000000001,1.90391,1.90328,1.9034,440,2,0
2024-07-03 10:50:00,1.9034,1.9041000000000001,1.90327,1.90404,515,2,0
2024-07-03 10:55:00,1.90404,1.9041700000000001,1.90375,1.90377,474,4,0
2024-07-03 11:00:00,1.90377,1.90416,1.9035199999999999,1.90371,578,2,0
2024-07-03 11:05:00,1.9037199999999999,1.90388,1.9033799999999998,1.90385,519,3,0
2024-07-03 11:10:00,1.90385,1.90405,1.9037899999999999,1.90391,523,2,0
2024-07-03 11:15:00,1.90391,1.90416,1.9034900000000001,1.90351,480,4,0
2024-07-03 11:20:00,1.90351,1.9036300000000002,1.90319,1.9034499999999999,501,3,0
2024-07-03 11:25:00,1.9034499999999999,1.9037199999999999,1.90316,1.90328,552,5,0
2024-07-03 11:30:00,1.90328,1.9038300000000001,1.9030399999999998,1.90378,565,4,0
2024-07-03 11:35:00,1.90378,1.90411,1.90362,1.90367,537,0,0
2024-07-03 11:40:00,1.90367,1.90396,1.90344,1.90344,555,3,0
2024-07-03 11:45:00,1.90344,1.90395,1.9033799999999998,1.90395,490,1,0
2024-07-03 11:50:00,1.90394,1.90419,1.90378,1.90411,514,5,0
2024-07-03 11:55:00,1.90411,1.90427,1.90384,1.9041700000000001,642,0,0
2024-07-03 12:00:00,1.90419,1.90419,1.90369,1.90375,910,2,0
2024-07-03 12:05:00,1.90375,1.90415,1.9037199999999999,1.90405,679,0,0
2024-07-03 12:10:00,1.90405,1.90461,1.90385,1.90422,708,0,0
2024-07-03 12:15:00,1.90423,1.90491,1.9039199999999998,1.9048500000000002,1403,6,0
2024-07-03 12:20:00,1.9048500000000002,1.9053499999999999,1.90462,1.90524,1355,5,0
2024-07-03 12:25:00,1.90524,1.9053,1.90333,1.90366,813,1,0
2024-07-03 12:30:00,1.9032900000000001,1.90472,1.9032900000000001,1.90387,1382,0,0
2024-07-03 12:35:00,1.90387,1.9039700000000002,1.90324,1.90347,1413,4,0
2024-07-03 12:40:00,1.90346,1.90387,1.90314,1.90387,1311,3,0
2024-07-03 12:45:00,1.90387,1.90428,1.9037899999999999,1.90407,1117,1,0
2024-07-03 12:50:00,1.90405,1.90481,1.9040300000000001,1.90446,1065,0,0
2024-07-03 12:55:00,1.90446,1.90477,1.90412,1.9044400000000001,930,2,0
2024-07-03 13:00:00,1.9044400000000001,1.90459,1.90393,1.90416,866,0,0
2024-07-03 13:05:00,1.90416,1.9045800000000002,1.90415,1.9043999999999999,1074,3,0
2024-07-03 13:10:00,1.9043999999999999,1.90459,1.9040300000000001,1.9043,1103,0,0
2024-07-03 13:15:00,1.9043,1.90443,1.9039899999999998,1.90411,1103,0,0
2024-07-03 13:20:00,1.9041000000000001,1.90441,1.9039000000000001,1.90421,861,1,0
2024-07-03 13:25:00,1.90422,1.9045,1.90395,1.90429,815,2,0
2024-07-03 13:30:00,1.90429,1.90435,1.90317,1.90317,1237,0,0
2024-07-03 13:35:00,1.9031799999999999,1.90341,1.90287,1.9029099999999999,1248,0,0
2024-07-03 13:40:00,1.9029099999999999,1.90348,1.90267,1.90332,922,0,0
2024-07-03 13:45:00,1.90326,1.90364,1.9032,1.90348,1390,3,0
2024-07-03 13:50:00,1.90348,1.90353,1.9024100000000002,1.90242,1120,0,0
2024-07-03 13:55:00,1.90242,1.90274,1.90212,1.9022000000000001,936,0,0
2024-07-03 14:00:00,1.90213,1.90518,1.89886,1.89934,2604,1,0
2024-07-03 14:05:00,1.89933,1.89966,1.8981,1.89853,1917,0,0
2024-07-03 14:10:00,1.8986,1.89887,1.8980000000000001,1.89826,1872,1,0
2024-07-03 14:15:00,1.8982299999999999,1.8984100000000002,1.89734,1.89808,1497,0,0
2024-07-03 14:20:00,1.89808,1.8992499999999999,1.8980000000000001,1.89852,2267,0,0
2024-07-03 14:25:00,1.89852,1.89974,1.89821,1.8997199999999999,1736,1,0
2024-07-03 14:30:00,1.8997199999999999,1.89974,1.8982299999999999,1.89887,1824,0,0
2024-07-03 14:35:00,1.89887,1.89927,1.8984999999999999,1.89923,1449,0,0
2024-07-03 14:40:00,1.8992200000000001,1.8995600000000001,1.89848,1.89913,1572,0,0
2024-07-03 14:45:00,1.89913,1.89924,1.8981599999999998,1.8983400000000001,1716,3,0
2024-07-03 14:50:00,1.8983400000000001,1.89876,1.89791,1.89833,1837,1,0
2024-07-03 14:55:00,1.8982999999999999,1.89932,1.8980299999999999,1.89892,1881,0,0
2024-07-03 15:00:00,1.89892,1.89933,1.89852,1.89928,1806,0,0
2024-07-03 15:05:00,1.89928,1.89971,1.89905,1.89928,1684,3,0
2024-07-03 15:10:00,1.89927,1.89993,1.8992,1.8993600000000002,1680,4,0
2024-07-03 15:15:00,1.89933,1.8999000000000001,1.8991,1.8995,1465,1,0
2024-07-03 15:20:00,1.8995,1.90011,1.89939,1.89989,1656,3,0
2024-07-03 15:25:00,1.8999000000000001,1.90054,1.89974,1.90029,1518,3,0
2024-07-03 15:30:00,1.9003,1.9013200000000001,1.90022,1.90107,1225,0,0
2024-07-03 15:35:00,1.9011,1.90118,1.9003,1.9004400000000001,1166,1,0
2024-07-03 15:40:00,1.9004400000000001,1.90123,1.90011,1.9011200000000001,1253,1,0
2024-07-03 15:45:00,1.9011200000000001,1.90131,1.90072,1.9008500000000002,1238,1,0
2024-07-03 15:50:00,1.9008500000000002,1.90102,1.90021,1.90027,1106,2,0
2024-07-03 15:55:00,1.90027,1.90032,1.8996300000000002,1.89988,1219,1,0
2024-07-03 16:00:00,1.89987,1.9002599999999998,1.89974,1.89992,794,0,0
2024-07-03 16:05:00,1.89992,1.90032,1.8998300000000001,1.90002,818,1,0
2024-07-03 16:10:00,1.90003,1.90043,1.8997899999999999,1.89987,853,3,0
2024-07-03 16:15:00,1.89987,1.90014,1.89961,1.89998,619,4,0
2024-07-03 16:20:00,1.89998,1.90003,1.89959,1.8998,817,3,0
2024-07-03 16:25:00,1.89981,1.8999000000000001,1.8995,1.8997000000000002,684,1,0
2024-07-03 16:30:00,1.8997000000000002,1.89987,1.89955,1.89969,705,2,0
2024-07-03 16:35:00,1.8997000000000002,1.90004,1.8996499999999998,1.89968,850,4,0
2024-07-03 16:40:00,1.89968,1.89992,1.89957,1.89984,551,3,0
2024-07-03 16:45:00,1.89984,1.90009,1.89977,1.8998599999999999,704,2,0
2024-07-03 16:50:00,1.89987,1.8999000000000001,1.8995600000000001,1.89964,804,2,0
2024-07-03 16:55:00,1.89964,1.89977,1.8994499999999999,1.8994900000000001,902,1,0
2024-07-03 17:00:00,1.89947,1.89995,1.89944,1.8996300000000002,640,2,0
2024-07-03 17:05:00,1.89964,1.90008,1.89962,1.89998,607,2,0
2024-07-03 17:10:00,1.89998,1.90009,1.89982,1.8999000000000001,537,2,0
2024-07-03 17:15:00,1.8999000000000001,1.8999000000000001,1.89934,1.89942,501,4,0
2024-07-03 17:20:00,1.89943,1.89943,1.8990200000000002,1.89912,446,2,0
2024-07-03 17:25:00,1.89912,1.89934,1.89903,1.89913,449,2,0
2024-07-03 17:30:00,1.89913,1.89926,1.89887,1.89898,339,1,0
2024-07-03 17:35:00,1.899,1.89921,1.89896,1.8991099999999999,263,0,0
2024-07-03 17:40:00,1.8991,1.89928,1.89897,1.89898,237,4,0
2024-07-03 17:45:00,1.89899,1.89916,1.89898,1.89908,355,5,0
2024-07-03 17:50:00,1.89908,1.8992200000000001,1.89894,1.89919,305,0,0
2024-07-03 17:55:00,1.89919,1.8992200000000001,1.8987699999999998,1.89892,116,0,0
2024-07-03 18:00:00,1.89893,1.89946,1.89871,1.89943,199,0,0
2024-07-03 18:05:00,1.8993600000000002,1.89962,1.89926,1.89933,205,0,0
2024-07-03 18:10:00,1.89932,1.90019,1.89931,1.9001700000000001,353,1,0
2024-07-03 18:15:00,1.9001700000000001,1.9005100000000001,1.9001000000000001,1.90041,538,0,0
2024-07-03 18:20:00,1.90041,1.90059,1.90021,1.90056,581,2,0
2024-07-03 18:25:00,1.90056,1.90065,1.90027,1.9003,499,1,0
2024-07-03 18:30:00,1.9003,1.9003299999999999,1.9001000000000001,1.90028,538,1,0
2024-07-03 18:35:00,1.90028,1.90046,1.9001000000000001,1.90032,485,0,0
2024-07-03 18:40:00,1.90032,1.90038,1.9002,1.90022,364,0,0
2024-07-03 18:45:00,1.90022,1.90035,1.90012,1.90022,318,0,0
2024-07-03 18:50:00,1.90022,1.90028,1.89998,1.9001000000000001,140,0,0
2024-07-03 18:55:00,1.9001000000000001,1.9004699999999999,1.89985,1.8999700000000002,356,0,0
2024-07-03 19:00:00,1.89991,1.9001299999999999,1.89981,1.8999700000000002,489,0,0
2024-07-03 19:05:00,1.8999700000000002,1.90027,1.8999700000000002,1.90027,343,2,0
2024-07-03 19:10:00,1.90027,1.9004400000000001,1.9001700000000001,1.90043,386,3,0
2024-07-03 19:15:00,1.90043,1.9004400000000001,1.9001000000000001,1.90025,449,0,0
2024-07-03 19:20:00,1.90025,1.90025,1.90003,1.90008,332,1,0
2024-07-03 19:25:00,1.90008,1.9003999999999999,1.8999899999999998,1.90039,242,2,0
2024-07-03 19:30:00,1.90039,1.90042,1.9001700000000001,1.90022,259,0,0
2024-07-03 19:35:00,1.90022,1.90038,1.90016,1.90036,279,4,0
2024-07-03 19:40:00,1.90036,1.90043,1.90027,1.90035,191,6,0
2024-07-03 19:45:00,1.90036,1.9003999999999999,1.9001700000000001,1.90023,84,2,0
2024-07-03 19:50:00,1.90023,1.90034,1.90019,1.9002599999999998,107,5,0
2024-07-03 19:55:00,1.9002599999999998,1.90032,1.90012,1.90025,261,4,0
2024-07-03 20:00:00,1.9002599999999998,1.90039,1.90014,1.9001700000000001,156,6,0
2024-07-03 20:05:00,1.9001700000000001,1.9001700000000001,1.89975,1.90003,94,0,0
2024-07-03 20:10:00,1.90003,1.90028,1.90002,1.90025,209,4,0
2024-07-03 20:15:00,1.90025,1.90028,1.9000599999999999,1.90028,82,2,0
2024-07-03 20:20:00,1.90028,1.9003100000000002,1.8999899999999998,1.90011,93,3,0
2024-07-03 20:25:00,1.90011,1.90014,1.89981,1.89992,69,4,0
2024-07-03 20:30:00,1.89992,1.89996,1.89968,1.89982,77,8,0
2024-07-03 20:35:00,1.89982,1.89994,1.89969,1.89989,67,6,0
2024-07-03 20:40:00,1.89988,1.90025,1.89987,1.90025,67,3,0
2024-07-03 20:45:00,1.90025,1.90034,1.9001000000000001,1.90016,61,13,0
2024-07-03 20:50:00,1.90016,1.90035,1.9001299999999999,1.90019,49,10,0
2024-07-03 20:55:00,1.90019,1.9004699999999999,1.89962,1.89962,141,8,0
2024-07-03 21:00:00,1.89962,1.89962,1.8981,1.89847,49,152,0
2024-07-03 21:05:00,1.89847,1.90099,1.89842,1.90027,24,157,0
2024-07-03 21:10:00,1.90027,1.90073,1.8994499999999999,1.9007,33,110,0
2024-07-03 21:15:00,1.9002,1.9007399999999999,1.89955,1.89958,73,79,0
2024-07-03 21:20:00,1.89957,1.9003,1.89957,1.90027,46,112,0
2024-07-03 21:25:00,1.90041,1.90041,1.89975,1.90025,28,92,0
2024-07-03 21:30:00,1.9003299999999999,1.90052,1.90003,1.90025,100,71,0
2024-07-03 21:35:00,1.90025,1.9010099999999999,1.89982,1.90076,97,52,0
2024-07-03 21:40:00,1.90076,1.90091,1.90008,1.9003299999999999,102,45,0
2024-07-03 21:45:00,1.9003299999999999,1.90045,1.90022,1.9003,28,70,0
2024-07-03 21:50:00,1.9002400000000002,1.90045,1.90016,1.90045,17,75,0
2024-07-03 21:55:00,1.90045,1.90052,1.90034,1.9004400000000001,37,68,0
2024-07-03 22:00:00,1.9004400000000001,1.90069,1.89994,1.90021,222,3,0
2024-07-03 22:05:00,1.90021,1.9003299999999999,1.90021,1.9003299999999999,41,13,0
2024-07-03 22:10:00,1.9003299999999999,1.9004400000000001,1.9003100000000002,1.9003700000000001,50,13,0
2024-07-03 22:15:00,1.9003700000000001,1.90048,1.9003299999999999,1.90039,43,13,0
2024-07-03 22:20:00,1.90039,1.90043,1.9002400000000002,1.90034,40,12,0
2024-07-03 22:25:00,1.90034,1.90046,1.9003299999999999,1.90039,30,11,0
2024-07-03 22:30:00,1.90039,1.90039,1.90008,1.90011,51,13,0
2024-07-03 22:35:00,1.90011,1.9001299999999999,1.8997199999999999,1.89991,80,7,0
2024-07-03 22:40:00,1.89991,1.89993,1.8996499999999998,1.89967,24,9,0
2024-07-03 22:45:00,1.89967,1.89974,1.89943,1.89944,88,4,0
2024-07-03 22:50:00,1.89944,1.8997000000000002,1.89944,1.8994900000000001,86,7,0
2024-07-03 22:55:00,1.8994900000000001,1.8997199999999999,1.89947,1.89962,78,7,0
2024-07-03 23:00:00,1.89961,1.89987,1.89941,1.89964,163,2,0
2024-07-03 23:05:00,1.89964,1.8997600000000001,1.8996,1.89967,85,6,0
2024-07-03 23:10:00,1.89967,1.89977,1.89959,1.89961,74,5,0
2024-07-03 23:15:00,1.89961,1.8997199999999999,1.8994499999999999,1.8994499999999999,54,1,0
2024-07-03 23:20:00,1.8994499999999999,1.8994900000000001,1.8993600000000002,1.89941,51,6,0
2024-07-03 23:25:00,1.89941,1.8996499999999998,1.89939,1.89964,101,6,0
2024-07-03 23:30:00,1.89964,1.89985,1.89954,1.8998300000000001,83,3,0
2024-07-03 23:35:00,1.8998300000000001,1.8999899999999998,1.8998,1.8998,83,3,0
2024-07-03 23:40:00,1.8998,1.90005,1.89969,1.8998300000000001,118,4,0
2024-07-03 23:45:00,1.8998300000000001,1.89994,1.89923,1.8993,234,0,0
2024-07-03 23:50:00,1.8993,1.89937,1.8990399999999998,1.89931,261,1,0
2024-07-03 23:55:00,1.89931,1.89962,1.89906,1.89913,431,0,0
2024-07-04 00:00:00,1.89912,1.8992200000000001,1.8986800000000001,1.89873,643,0,0
2024-07-04 00:05:00,1.89873,1.8992499999999999,1.89853,1.89917,394,0,0
2024-07-04 00:10:00,1.89917,1.89957,1.89894,1.89947,409,3,0
2024-07-04 00:15:00,1.89947,1.89947,1.899,1.8991099999999999,425,4,0
2024-07-04 00:20:00,1.8991099999999999,1.8991099999999999,1.8986800000000001,1.8988399999999999,257,3,0
2024-07-04 00:25:00,1.8988399999999999,1.89923,1.89872,1.89887,297,3,0
2024-07-04 00:30:00,1.89886,1.89901,1.89838,1.89882,399,3,0
2024-07-04 00:35:00,1.89882,1.89883,1.8986,1.89865,289,4,0
2024-07-04 00:40:00,1.89865,1.89871,1.8984999999999999,1.89855,262,6,0
2024-07-04 00:45:00,1.89856,1.89882,1.89828,1.8987,295,1,0
2024-07-04 00:50:00,1.8987,1.89882,1.89851,1.89872,444,0,0
2024-07-04 00:55:00,1.8987699999999998,1.89889,1.89801,1.8982700000000001,631,0,0
2024-07-04 01:00:00,1.89829,1.8984100000000002,1.89784,1.89786,633,0,0
2024-07-04 01:05:00,1.89786,1.89804,1.8973900000000001,1.8979300000000001,761,3,0
2024-07-04 01:10:00,1.8979300000000001,1.89934,1.89785,1.8990399999999998,499,0,0
2024-07-04 01:15:00,1.8990399999999998,1.89943,1.89869,1.89908,771,1,0
2024-07-04 01:20:00,1.89908,1.89932,1.8986,1.8986,604,2,0
2024-07-04 01:25:00,1.8986,1.89876,1.89836,1.89865,464,2,0
2024-07-04 01:30:00,1.89862,1.89876,1.8979599999999999,1.8984100000000002,606,2,0
2024-07-04 01:35:00,1.8984,1.8991,1.89826,1.89845,726,0,0
2024-07-04 01:40:00,1.89845,1.89846,1.89743,1.89743,488,4,0
2024-07-04 01:45:00,1.89743,1.89808,1.89734,1.89806,524,4,0
2024-07-04 01:50:00,1.8980700000000001,1.8983400000000001,1.89779,1.89781,448,2,0
2024-07-04 01:55:00,1.89781,1.89849,1.89781,1.89849,489,4,0
2024-07-04 02:00:00,1.89848,1.89869,1.89822,1.89865,506,0,0
2024-07-04 02:05:00,1.89865,1.8989099999999999,1.89842,1.8988,442,0,0
2024-07-04 02:10:00,1.8988,1.89881,1.89828,1.89828,371,3,0
2024-07-04 02:15:00,1.89828,1.89882,1.89826,1.89878,357,4,0
2024-07-04 02:20:00,1.89878,1.89886,1.89837,1.8984100000000002,395,4,0
2024-07-04 02:25:00,1.8984100000000002,1.89882,1.8984,1.8986,311,4,0
2024-07-04 02:30:00,1.8986,1.89863,1.8981599999999998,1.89821,312,0,0
2024-07-04 02:35:00,1.8982299999999999,1.8984100000000002,1.89812,1.89818,220,0,0
2024-07-04 02:40:00,1.89818,1.89819,1.89794,1.8980700000000001,332,4,0
2024-07-04 02:45:00,1.8980700000000001,1.89813,1.89781,1.8979,323,4,0
2024-07-04 02:50:00,1.8979,1.89806,1.89778,1.89806,186,3,0
2024-07-04 02:55:00,1.89806,1.89806,1.89785,1.8980299999999999,223,5,0
2024-07-04 03:00:00,1.8980299999999999,1.89806,1.89776,1.89795,249,3,0
2024-07-04 03:05:00,1.8979300000000001,1.8981,1.89779,1.89808,275,5,0
2024-07-04 03:10:00,1.8980700000000001,1.89826,1.89794,1.8982299999999999,258,3,0
2024-07-04 03:15:00,1.8982299999999999,1.89828,1.89799,1.8981,257,1,0
2024-07-04 03:20:00,1.8981,1.89832,1.89791,1.89832,244,2,0
2024-07-04 03:25:00,1.89832,1.89869,1.8982999999999999,1.89869,258,3,0
2024-07-04 03:30:00,1.89869,1.8987699999999998,1.89847,1.89848,157,4,0
2024-07-04 03:35:00,1.89848,1.89848,1.89808,1.89815,257,5,0
2024-07-04 03:40:00,1.89815,1.89826,1.89804,1.89812,232,4,0
2024-07-04 03:45:00,1.89812,1.8985400000000001,1.8980700000000001,1.89839,302,2,0
2024-07-04 03:50:00,1.89839,1.89856,1.89817,1.8984999999999999,326,4,0
2024-07-04 03:55:00,1.89851,1.89865,1.89821,1.89822,271,3,0
2024-07-04 04:00:00,1.89822,1.8982700000000001,1.89806,1.8982299999999999,199,3,0
2024-07-04 04:05:00,1.8982299999999999,1.8982700000000001,1.89801,1.89802,205,4,0
2024-07-04 04:10:00,1.89802,1.89809,1.89795,1.89802,173,4,0
2024-07-04 04:15:00,1.89802,1.89828,1.8980000000000001,1.89818,144,5,0
2024-07-04 04:20:00,1.89818,1.89846,1.8980700000000001,1.89825,224,4,0
2024-07-04 04:25:00,1.89825,1.89853,1.89817,1.89848,195,4,0
2024-07-04 04:30:00,1.89848,1.89869,1.89842,1.8985400000000001,221,4,0
2024-07-04 04:35:00,1.89856,1.89856,1.89817,1.89818,154,3,0
2024-07-04 04:40:00,1.89818,1.89838,1.8981,1.8983400000000001,141,1,0
2024-07-04 04:45:00,1.8983400000000001,1.89842,1.89819,1.8982299999999999,110,5,0
2024-07-04 04:50:00,1.89824,1.8984100000000002,1.89822,1.8982700000000001,89,3,0
2024-07-04 04:55:00,1.8982700000000001,1.89835,1.8980000000000001,1.89822,249,1,0
2024-07-04 05:00:00,1.89822,1.89824,1.8979,1.8979300000000001,212,4,0
2024-07-04 05:05:00,1.8979300000000001,1.89808,1.89788,1.8980700000000001,141,3,0
2024-07-04 05:10:00,1.8980700000000001,1.89808,1.89797,1.8980299999999999,109,6,0
2024-07-04 05:15:00,1.8980299999999999,1.8982299999999999,1.89801,1.8982299999999999,255,6,0
2024-07-04 05:20:00,1.8982299999999999,1.89853,1.8981599999999998,1.8982,168,4,0
2024-07-04 05:25:00,1.8982,1.89821,1.89795,1.89806,159,9,0
2024-07-04 05:30:00,1.89806,1.89812,1.8976199999999999,1.8977,250,4,0
2024-07-04 05:35:00,1.8977300000000001,1.89787,1.89765,1.89772,196,7,0
2024-07-04 05:40:00,1.89772,1.89833,1.89772,1.89825,201,4,0
2024-07-04 05:45:00,1.89825,1.89839,1.8980000000000001,1.8980700000000001,281,9,0
2024-07-04 05:50:00,1.8980700000000001,1.89812,1.89772,1.8978000000000002,209,5,0
2024-07-04 05:55:00,1.8978000000000002,1.8979300000000001,1.8976600000000001,1.89777,341,3,0
2024-07-04 06:00:00,1.89777,1.89788,1.89759,1.8978000000000002,495,4,0
2024-07-04 06:05:00,1.8978000000000002,1.89806,1.89775,1.89798,526,3,0
2024-07-04 06:10:00,1.89799,1.8982299999999999,1.89785,1.89798,381,3,0
2024-07-04 06:15:00,1.89804,1.8987500000000002,1.89786,1.8986,463,3,0
2024-07-04 06:20:00,1.8986,1.8986800000000001,1.89818,1.89822,495,2,0
2024-07-04 06:25:00,1.89822,1.89855,1.89802,1.8984999999999999,193,4,0
2024-07-04 06:30:00,1.89848,1.89869,1.8982,1.89842,589,0,0
2024-07-04 06:35:00,1.89842,1.8986800000000001,1.8982,1.89866,575,0,0
2024-07-04 06:40:00,1.89865,1.89874,1.89813,1.89847,847,0,0
2024-07-04 06:45:00,1.89847,1.8987,1.8981,1.89824,589,2,0
2024-07-04 06:50:00,1.8982299999999999,1.89825,1.89759,1.89764,671,2,0
2024-07-04 06:55:00,1.89765,1.89806,1.89765,1.89772,650,0,0
2024-07-04 07:00:00,1.89772,1.89811,1.8976199999999999,1.89794,901,0,0
2024-07-04 07:05:00,1.89792,1.8982,1.89758,1.89813,556,0,0
2024-07-04 07:10:00,1.89813,1.89831,1.89767,1.8980000000000001,661,0,0
2024-07-04 07:15:00,1.8980000000000001,1.89805,1.8971900000000002,1.89727,644,4,0
2024-07-04 07:20:00,1.89726,1.8972799999999999,1.89684,1.89711,749,3,0
2024-07-04 07:25:00,1.89711,1.89727,1.89666,1.89727,488,0,0
2024-07-04 07:30:00,1.89727,1.8984999999999999,1.89722,1.89849,663,3,0
2024-07-04 07:35:00,1.89849,1.8988,1.89801,1.89838,694,2,0
2024-07-04 07:40:00,1.89838,1.89867,1.89812,1.89825,767,0,0
2024-07-04 07:45:00,1.89825,1.89839,1.89813,1.8981599999999998,665,3,0
2024-07-04 07:50:00,1.89815,1.89824,1.89775,1.89811,594,0,0
2024-07-04 07:55:00,1.89811,1.89836,1.8978199999999998,1.89786,653,0,0
2024-07-04 08:00:00,1.89786,1.89818,1.89772,1.89778,651,3,0
2024-07-04 08:05:00,1.89778,1.89792,1.89768,1.89778,714,2,0
2024-07-04 08:10:00,1.89778,1.89787,1.89709,1.8976199999999999,768,0,0
2024-07-04 08:15:00,1.8976199999999999,1.8980299999999999,1.89751,1.89798,649,0,0
2024-07-04 08:20:00,1.89797,1.8982,1.8978199999999998,1.89806,475,0,0
2024-07-04 08:25:00,1.89806,1.89838,1.8980000000000001,1.8983400000000001,343,0,0
2024-07-04 08:30:00,1.8983400000000001,1.8984100000000002,1.89765,1.89795,690,1,0
2024-07-04 08:35:00,1.89795,1.8984100000000002,1.8978899999999999,1.89829,659,0,0
2024-07-04 08:40:00,1.89829,1.89838,1.89795,1.89811,701,0,0
2024-07-04 08:45:00,1.8981,1.89817,1.89775,1.89797,672,0,0
2024-07-04 08:50:00,1.8979599999999999,1.89799,1.89741,1.89741,634,4,0
2024-07-04 08:55:00,1.89741,1.8976899999999999,1.8971,1.8976899999999999,680,4,0
2024-07-04 09:00:00,1.8976899999999999,1.89829,1.89763,1.89809,523,0,0
2024-07-04 09:05:00,1.8981,1.8981599999999998,1.89776,1.89784,520,0,0
2024-07-04 09:10:00,1.89784,1.89784,1.89711,1.8972099999999998,547,0,0
2024-07-04 09:15:00,1.8972099999999998,1.89731,1.89682,1.89715,456,0,0
2024-07-04 09:20:00,1.89716,1.89736,1.89695,1.89706,410,4,0
2024-07-04 09:25:00,1.89706,1.89776,1.89706,1.89765,613,1,0
2024-07-04 09:30:00,1.89765,1.89788,1.89743,1.89749,379,3,0
2024-07-04 09:35:00,1.89749,1.89768,1.8970799999999999,1.89722,474,2,0
2024-07-04 09:40:00,1.89722,1.8975300000000002,1.8972,1.89738,363,0,0
2024-07-04 09:45:00,1.89738,1.89744,1.89704,1.89722,375,0,0
2024-07-04 09:50:00,1.89722,1.89729,1.89693,1.8971200000000001,347,0,0
2024-07-04 09:55:00,1.8971200000000001,1.89743,1.89645,1.89648,522,0,0
2024-07-04 10:00:00,1.89648,1.8968500000000001,1.8963999999999999,1.89682,577,0,0
2024-07-04 10:05:00,1.89682,1.89683,1.89642,1.8964699999999999,398,0,0
2024-07-04 10:10:00,1.8964699999999999,1.89659,1.89628,1.89649,366,5,0
2024-07-04 10:15:00,1.89649,1.89695,1.89645,1.8967399999999999,343,3,0
2024-07-04 10:20:00,1.8967399999999999,1.8969399999999998,1.89659,1.89668,293,0,0
2024-07-04 10:25:00,1.89669,1.89669,1.89628,1.89652,311,1,0
2024-07-04 10:30:00,1.89652,1.89682,1.89635,1.89679,399,0,0
2024-07-04 10:35:00,1.89679,1.8972799999999999,1.89679,1.89723,474,1,0
2024-07-04 10:40:00,1.89723,1.8973200000000001,1.8969399999999998,1.89695,483,2,0
2024-07-04 10:45:00,1.89695,1.8970799999999999,1.89677,1.89688,509,1,0
2024-07-04 10:50:00,1.8968699999999998,1.89693,1.8965,1.89655,636,1,0
2024-07-04 10:55:00,1.89654,1.89655,1.8958,1.8958,478,2,0
2024-07-04 11:00:00,1.8958,1.89596,1.8956,1.89585,649,2,0
2024-07-04 11:05:00,1.89585,1.89604,1.8956499999999998,1.8957899999999999,452,4,0
2024-07-04 11:10:00,1.8957899999999999,1.89581,1.8951,1.8953,554,3,0
2024-07-04 11:15:00,1.8952900000000001,1.8957199999999998,1.8951500000000001,1.8956300000000001,621,2,0
2024-07-04 11:20:00,1.8956300000000001,1.89589,1.89551,1.8957199999999998,581,0,0
2024-07-04 11:25:00,1.8957199999999998,1.89577,1.89561,1.89577,304,5,0
2024-07-04 11:30:00,1.89578,1.89588,1.89561,1.89577,358,3,0
2024-07-04 11:35:00,1.89577,1.8957899999999999,1.89548,1.89561,531,6,0
2024-07-04 11:40:00,1.89561,1.89567,1.89517,1.8952499999999999,622,5,0
2024-07-04 11:45:00,1.8952499999999999,1.8953,1.8949500000000001,1.8950399999999998,484,5,0
2024-07-04 11:50:00,1.8950399999999998,1.8952,1.89473,1.89516,401,3,0
2024-07-04 11:55:00,1.89516,1.89527,1.89501,1.89516,454,1,0
2024-07-04 12:00:00,1.89516,1.89547,1.89507,1.8951099999999999,617,2,0
2024-07-04 12:05:00,1.8951099999999999,1.8952499999999999,1.8949099999999999,1.89517,510,4,0
2024-07-04 12:10:00,1.89517,1.89593,1.89506,1.8954900000000001,606,5,0
2024-07-04 12:15:00,1.8954900000000001,1.8957000000000002,1.8952,1.8953,507,4,0
2024-07-04 12:20:00,1.89528,1.89558,1.89517,1.89526,288,0,0
2024-07-04 12:25:00,1.89526,1.89564,1.8952200000000001,1.89562,209,0,0
2024-07-04 12:30:00,1.89562,1.8958300000000001,1.8955,1.8956499999999998,496,2,0
2024-07-04 12:35:00,1.89568,1.89619,1.89568,1.89618,543,0,0
2024-07-04 12:40:00,1.89618,1.89634,1.89585,1.89598,467,1,0
2024-07-04 12:45:00,1.89598,1.89608,1.89535,1.89566,580,0,0
2024-07-04 12:50:00,1.8956499999999998,1.8956499999999998,1.89513,1.89531,515,2,0
2024-07-04 12:55:00,1.89531,1.89567,1.89526,1.89526,649,0,0
2024-07-04 13:00:00,1.89526,1.89537,1.89493,1.89528,757,3,0
2024-07-04 13:05:00,1.89528,1.8954900000000001,1.8951,1.89542,538,1,0
2024-07-04 13:10:00,1.89542,1.89551,1.89532,1.8954,481,6,0
2024-07-04 13:15:00,1.8954,1.89555,1.8952200000000001,1.8954900000000001,360,4,0
2024-07-04 13:20:00,1.8954900000000001,1.89578,1.89542,1.8954499999999999,365,4,0
2024-07-04 13:25:00,1.89544,1.8956499999999998,1.89539,1.89551,442,4,0
2024-07-04 13:30:00,1.89551,1.89598,1.89539,1.89589,561,4,0
2024-07-04 13:35:00,1.89589,1.89591,1.8954499999999999,1.8955,485,6,0
2024-07-04 13:40:00,1.8955,1.89573,1.89535,1.89567,592,5,0
2024-07-04 13:45:00,1.8956499999999998,1.89621,1.8955899999999999,1.89621,439,4,0
2024-07-04 13:50:00,1.89621,1.89632,1.89601,1.8962400000000001,331,6,0
2024-07-04 13:55:00,1.89623,1.89645,1.89614,1.89634,760,6,0
2024-07-04 14:00:00,1.89634,1.89672,1.8963100000000002,1.8965,647,3,0
2024-07-04 14:05:00,1.8965,1.8968699999999998,1.89648,1.89665,612,3,0
2024-07-04 14:10:00,1.89666,1.89675,1.89639,1.8964400000000001,590,1,0
2024-07-04 14:15:00,1.8964400000000001,1.89689,1.8964400000000001,1.89652,692,5,0
2024-07-04 14:20:00,1.89652,1.89662,1.89608,1.8962400000000001,672,6,0
2024-07-04 14:25:00,1.89625,1.89654,1.89595,1.8963700000000001,604,5,0
2024-07-04 14:30:00,1.8963700000000001,1.89675,1.89632,1.8965,642,5,0
2024-07-04 14:35:00,1.89649,1.89686,1.89646,1.89683,496,3,0
2024-07-04 14:40:00,1.89683,1.89686,1.89636,1.89639,394,0,0
2024-07-04 14:45:00,1.89639,1.89655,1.89604,1.89609,688,3,0
2024-07-04 14:50:00,1.89608,1.89731,1.8959700000000002,1.8973,867,6,0
2024-07-04 14:55:00,1.8973,1.89784,1.89727,1.89752,1068,4,0
2024-07-04 15:00:00,1.89752,1.89785,1.89744,1.89752,1086,6,0
2024-07-04 15:05:00,1.89752,1.8977,1.89741,1.8976,777,5,0
2024-07-04 15:10:00,1.8976,1.89784,1.89754,1.89765,728,2,0
2024-07-04 15:15:00,1.89765,1.89771,1.8973499999999999,1.8973900000000001,602,7,0
2024-07-04 15:20:00,1.8974,1.89761,1.8972,1.89756,340,7,0
2024-07-04 15:25:00,1.89756,1.8976899999999999,1.8971900000000002,1.89737,447,7,0
2024-07-04 15:30:00,1.89737,1.89737,1.89666,1.8968,292,3,0
2024-07-04 15:35:00,1.8968,1.8968500000000001,1.89608,1.89622,240,2,0
2024-07-04 15:40:00,1.89622,1.89677,1.89621,1.89676,186,7,0
2024-07-04 15:45:00,1.89676,1.8972,1.89676,1.8971200000000001,166,8,0
2024-07-04 15:50:00,1.89711,1.8972799999999999,1.89676,1.8968099999999999,254,3,0
2024-07-04 15:55:00,1.8968099999999999,1.89702,1.89668,1.8967,297,11,0
2024-07-04 16:00:00,1.8967,1.89703,1.89663,1.897,309,9,0
2024-07-04 16:05:00,1.897,1.89714,1.8969,1.89693,280,2,0
2024-07-04 16:10:00,1.89693,1.89725,1.89689,1.89723,160,2,0
2024-07-04 16:15:00,1.89723,1.8973200000000001,1.89707,1.8971900000000002,147,6,0
2024-07-04 16:20:00,1.8971900000000002,1.89724,1.8970099999999999,1.8970099999999999,206,8,0
2024-07-04 16:25:00,1.8970099999999999,1.8970500000000001,1.89673,1.89675,242,5,0
2024-07-04 16:30:00,1.89675,1.89683,1.8965999999999998,1.89661,260,7,0
2024-07-04 16:35:00,1.89661,1.89664,1.89645,1.8965100000000001,221,5,0
2024-07-04 16:40:00,1.8965100000000001,1.89659,1.89638,1.89645,256,9,0
2024-07-04 16:45:00,1.89645,1.89661,1.89643,1.89654,495,8,0
2024-07-04 16:50:00,1.89655,1.89666,1.89654,1.89664,315,6,0
2024-07-04 16:55:00,1.89663,1.8967100000000001,1.89649,1.89652,283,4,0
2024-07-04 17:00:00,1.89652,1.89672,1.89642,1.89666,150,7,0
2024-07-04 17:05:00,1.8966699999999999,1.8967399999999999,1.89664,1.89669,53,9,0
2024-07-04 17:10:00,1.89669,1.8967399999999999,1.89669,1.8967100000000001,64,9,0
2024-07-04 17:15:00,1.8967100000000001,1.89675,1.89669,1.8967100000000001,74,9,0
2024-07-04 17:20:00,1.8967100000000001,1.8969,1.89669,1.8968699999999998,70,9,0
2024-07-04 17:25:00,1.8968699999999998,1.8970799999999999,1.8968699999999998,1.8970799999999999,31,6,0
2024-07-04 17:30:00,1.8970799999999999,1.89709,1.8969399999999998,1.89695,103,6,0
2024-07-04 17:35:00,1.89695,1.89707,1.89683,1.89683,232,4,0
2024-07-04 17:40:00,1.89683,1.89689,1.8967800000000001,1.89682,240,8,0
2024-07-04 17:45:00,1.8968099999999999,1.8969200000000002,1.89673,1.8967399999999999,101,3,0
2024-07-04 17:50:00,1.8967399999999999,1.8967800000000001,1.89666,1.89675,22,4,0
2024-07-04 17:55:00,1.89675,1.8968,1.8967100000000001,1.89679,53,6,0
2024-07-04 18:00:00,1.89679,1.89682,1.8967399999999999,1.8967399999999999,73,4,0
2024-07-04 18:05:00,1.8967399999999999,1.89682,1.8967399999999999,1.89676,13,4,0
2024-07-04 18:10:00,1.89676,1.89676,1.89673,1.89675,14,5,0
2024-07-04 18:15:00,1.89675,1.89683,1.89673,1.8968099999999999,22,6,0
2024-07-04 18:20:00,1.8968099999999999,1.8969200000000002,1.8968099999999999,1.8969,22,4,0
2024-07-04 18:25:00,1.8969,1.8969200000000002,1.8967800000000001,1.89683,96,4,0
2024-07-04 18:30:00,1.89683,1.8968699999999998,1.89677,1.8968500000000001,19,2,0
2024-07-04 18:35:00,1.8968500000000001,1.89689,1.89683,1.8968500000000001,16,5,0
2024-07-04 18:40:00,1.8968500000000001,1.8969200000000002,1.8968,1.8969200000000002,46,9,0
2024-07-04 18:45:00,1.8969200000000002,1.89699,1.8968699999999998,1.89696,317,11,0
2024-07-04 18:50:00,1.89696,1.89699,1.89684,1.89684,30,12,0
2024-07-04 18:55:00,1.89684,1.8971,1.89684,1.89709,26,8,0
2024-07-04 19:00:00,1.89709,1.8971,1.89696,1.8970799999999999,62,1,0
2024-07-04 19:05:00,1.8970799999999999,1.89716,1.8970799999999999,1.89709,43,7,0
2024-07-04 19:10:00,1.89709,1.89709,1.8968500000000001,1.89689,64,5,0
2024-07-04 19:15:00,1.89688,1.8969399999999998,1.89683,1.8968699999999998,59,4,0
2024-07-04 19:20:00,1.8968699999999998,1.89691,1.8967100000000001,1.89673,29,5,0
2024-07-04 19:25:00,1.89673,1.89675,1.89665,1.89666,41,7,0
2024-07-04 19:30:00,1.89666,1.89679,1.89661,1.8966699999999999,65,12,0
2024-07-04 19:35:00,1.8966699999999999,1.8967399999999999,1.89666,1.8967,52,11,0
2024-07-04 19:40:00,1.8967,1.8968,1.89668,1.8967,50,9,0
2024-07-04 19:45:00,1.8967100000000001,1.89691,1.89669,1.89675,29,4,0
2024-07-04 19:50:00,1.89675,1.89679,1.8967399999999999,1.8967399999999999,8,6,0
2024-07-04 19:55:00,1.8967399999999999,1.8968699999999998,1.8967100000000001,1.8968,106,3,0
2024-07-04 20:00:00,1.8968099999999999,1.89686,1.89672,1.89677,52,2,0
2024-07-04 20:05:00,1.8967800000000001,1.89679,1.8966699999999999,1.89672,86,11,0
2024-07-04 20:10:00,1.89672,1.89684,1.8967100000000001,1.8967399999999999,62,7,0
2024-07-04 20:15:00,1.8967399999999999,1.89683,1.89672,1.89675,64,12,0
2024-07-04 20:20:00,1.89675,1.89689,1.8967399999999999,1.89679,88,12,0
2024-07-04 20:25:00,1.8968099999999999,1.8968099999999999,1.89675,1.8968099999999999,29,9,0
2024-07-04 20:30:00,1.8968099999999999,1.8968099999999999,1.89672,1.89672,20,10,0
2024-07-04 20:35:00,1.89672,1.89691,1.89672,1.89688,45,16,0
2024-07-04 20:40:00,1.89688,1.8969,1.8966699999999999,1.89669,26,19,0
2024-07-04 20:45:00,1.89669,1.89679,1.89659,1.8967800000000001,21,20,0
2024-07-04 20:50:00,1.8967800000000001,1.89691,1.89677,1.89689,47,21,0
2024-07-04 20:55:00,1.89689,1.8970099999999999,1.89638,1.89642,82,22,0
2024-07-04 21:00:00,1.89616,1.89641,1.89592,1.89604,45,146,0
2024-07-04 21:05:00,1.89604,1.89703,1.89604,1.89675,22,75,0
2024-07-04 21:10:00,1.89675,1.89675,1.89629,1.8963999999999999,29,82,0
2024-07-04 21:15:00,1.89635,1.89648,1.896,1.89619,41,70,0
2024-07-04 21:20:00,1.89619,1.89639,1.89619,1.89628,21,58,0
2024-07-04 21:25:00,1.89628,1.89632,1.89621,1.89628,24,54,0
2024-07-04 21:30:00,1.8962400000000001,1.8963,1.89558,1.8959700000000002,64,49,0
2024-07-04 21:35:00,1.8959700000000002,1.89668,1.8959700000000002,1.89641,79,38,0
2024-07-04 21:40:00,1.89641,1.89691,1.89641,1.89688,141,33,0
2024-07-04 21:45:00,1.89688,1.89715,1.8968,1.89715,63,35,0
2024-07-04 21:50:00,1.89715,1.89727,1.8968699999999998,1.8969399999999998,95,30,0
2024-07-04 21:55:00,1.8969399999999998,1.89697,1.8968500000000001,1.89697,26,57,0
2024-07-04 22:00:00,1.89691,1.897,1.8964400000000001,1.8968699999999998,125,8,0
2024-07-04 22:05:00,1.8968699999999998,1.89695,1.89676,1.8968500000000001,37,17,0
2024-07-04 22:10:00,1.8968500000000001,1.89697,1.89677,1.89683,109,21,0
2024-07-04 22:15:00,1.8968099999999999,1.89698,1.8968099999999999,1.89689,49,21,0
2024-07-04 22:20:00,1.89689,1.89696,1.8967800000000001,1.8968099999999999,102,16,0
2024-07-04 22:25:00,1.89683,1.89704,1.8967800000000001,1.89679,132,12,0
2024-07-04 22:30:00,1.8968,1.8968,1.89652,1.89656,70,15,0
2024-07-04 22:35:00,1.89656,1.89682,1.8965,1.89679,48,13,0
2024-07-04 22:40:00,1.8968099999999999,1.8969,1.89662,1.89664,61,12,0
2024-07-04 22:45:00,1.89664,1.89666,1.89645,1.89645,34,18,0
2024-07-04 22:50:00,1.89645,1.89652,1.8964400000000001,1.8964400000000001,30,16,0
2024-07-04 22:55:00,1.8964400000000001,1.89655,1.89636,1.89643,71,11,0
2024-07-04 23:00:00,1.89643,1.8965100000000001,1.89622,1.89632,142,15,0
2024-07-04 23:05:00,1.89634,1.89654,1.89632,1.89649,161,15,0
2024-07-04 23:10:00,1.89649,1.89652,1.8963,1.89643,109,11,0
2024-07-04 23:15:00,1.8964400000000001,1.8964400000000001,1.89618,1.89622,92,7,0
2024-07-04 23:20:00,1.89622,1.8965,1.89621,1.8964400000000001,204,10,0
2024-07-04 23:25:00,1.89645,1.89655,1.8963700000000001,1.89641,107,11,0
2024-07-04 23:30:00,1.89641,1.89659,1.89641,1.89654,93,6,0
2024-07-04 23:35:00,1.89654,1.8967100000000001,1.89648,1.8966699999999999,104,7,0
2024-07-04 23:40:00,1.8966699999999999,1.8967100000000001,1.8965800000000002,1.89666,113,8,0
2024-07-04 23:45:00,1.89666,1.89675,1.8965999999999998,1.89661,107,7,0
2024-07-04 23:50:00,1.89661,1.8967,1.89653,1.89668,116,7,0
2024-07-04 23:55:00,1.89668,1.89676,1.89662,1.89665,233,9,0
2024-07-05 00:00:00,1.89665,1.8968500000000001,1.89574,1.89607,674,4,0
2024-07-05 00:05:00,1.89608,1.89618,1.89503,1.89524,520,5,0
2024-07-05 00:10:00,1.89524,1.89629,1.89516,1.8962400000000001,508,8,0
2024-07-05 00:15:00,1.8962400000000001,1.89634,1.89609,1.8963,373,5,0
2024-07-05 00:20:00,1.8963,1.8963,1.89601,1.89607,322,8,0
2024-07-05 00:25:00,1.89607,1.89614,1.89588,1.89609,346,6,0
2024-07-05 00:30:00,1.89609,1.89619,1.8957899999999999,1.89616,621,7,0
2024-07-05 00:35:00,1.89616,1.89616,1.8956300000000001,1.89566,342,7,0
2024-07-05 00:40:00,1.89566,1.89567,1.89526,1.89548,428,0,0
2024-07-05 00:45:00,1.89548,1.8956,1.89524,1.89532,624,9,0
2024-07-05 00:50:00,1.89533,1.8959000000000001,1.8952900000000001,1.8957600000000001,466,8,0
2024-07-05 00:55:00,1.89578,1.8959000000000001,1.89568,1.8958599999999999,399,8,0
2024-07-05 01:00:00,1.8958599999999999,1.8958599999999999,1.89539,1.89577,540,9,0
2024-07-05 01:05:00,1.89577,1.89594,1.89546,1.8955600000000001,257,10,0
2024-07-05 01:10:00,1.8955600000000001,1.89564,1.89497,1.89507,445,8,0
2024-07-05 01:15:00,1.89507,1.8955899999999999,1.89482,1.89503,652,2,0
2024-07-05 01:20:00,1.89506,1.8956300000000001,1.89506,1.89547,502,1,0
2024-07-05 01:25:00,1.89547,1.89598,1.89535,1.8958,495,1,0
2024-07-05 01:30:00,1.89578,1.89581,1.89514,1.89564,548,3,0
2024-07-05 01:35:00,1.89564,1.8958300000000001,1.89551,1.8955199999999999,438,9,0
2024-07-05 01:40:00,1.8955199999999999,1.8956300000000001,1.89508,1.8952499999999999,485,2,0
2024-07-05 01:45:00,1.89524,1.89562,1.8950900000000002,1.89548,491,2,0
2024-07-05 01:50:00,1.89548,1.89561,1.89466,1.89479,503,6,0
2024-07-05 01:55:00,1.8947699999999998,1.8951,1.8947699999999998,1.8949799999999999,548,5,0
2024-07-05 02:00:00,1.8949799999999999,1.89528,1.8944800000000002,1.89458,537,3,0
2024-07-05 02:05:00,1.89458,1.89519,1.89456,1.8951500000000001,455,4,0
2024-07-05 02:10:00,1.8951500000000001,1.89542,1.89473,1.89483,294,4,0
2024-07-05 02:15:00,1.89483,1.8949,1.8944999999999999,1.89479,332,7,0
2024-07-05 02:20:00,1.89479,1.89494,1.89458,1.89466,435,8,0
2024-07-05 02:25:00,1.89466,1.89482,1.89435,1.8944999999999999,458,7,0
2024-07-05 02:30:00,1.8944999999999999,1.89482,1.89449,1.89476,407,7,0
2024-07-05 02:35:00,1.8947500000000002,1.895,1.8946800000000001,1.8948399999999999,380,1,0
2024-07-05 02:40:00,1.8948399999999999,1.89494,1.8946800000000001,1.89486,436,7,0
2024-07-05 02:45:00,1.8948399999999999,1.89514,1.8948399999999999,1.8951099999999999,327,10,0
2024-07-05 02:50:00,1.8951099999999999,1.89516,1.89499,1.89506,304,9,0
2024-07-05 02:55:00,1.89506,1.8951099999999999,1.8947,1.89505,386,7,0
2024-07-05 03:00:00,1.89505,1.8951099999999999,1.8948399999999999,1.89492,524,5,0
2024-07-05 03:05:00,1.89492,1.89514,1.89485,1.8948800000000001,403,8,0
2024-07-05 03:10:00,1.89486,1.89566,1.89481,1.89542,545,6,0
2024-07-05 03:15:00,1.89542,1.89564,1.89534,1.8954900000000001,468,5,0
2024-07-05 03:20:00,1.8954900000000001,1.89575,1.89527,1.89574,709,8,0
2024-07-05 03:25:00,1.8957600000000001,1.896,1.89571,1.89578,457,6,0
2024-07-05 03:30:00,1.89578,1.89612,1.89575,1.8957899999999999,313,4,0
2024-07-05 03:35:00,1.89578,1.89581,1.8951799999999999,1.89528,256,8,0
2024-07-05 03:40:00,1.89528,1.89569,1.89523,1.89555,324,8,0
2024-07-05 03:45:00,1.89555,1.8961700000000001,1.8955199999999999,1.89611,291,11,0
2024-07-05 03:50:00,1.8961000000000001,1.89623,1.89566,1.89577,340,8,0
2024-07-05 03:55:00,1.89577,1.89587,1.89547,1.89566,360,7,0
2024-07-05 04:00:00,1.89566,1.8959700000000002,1.89548,1.89591,307,6,0
2024-07-05 04:05:00,1.89591,1.8963299999999998,1.89544,1.89619,307,3,0
2024-07-05 04:10:00,1.89619,1.89641,1.8961299999999999,1.89625,295,8,0
2024-07-05 04:15:00,1.8962599999999998,1.8963999999999999,1.8959899999999998,1.896,220,7,0
2024-07-05 04:20:00,1.896,1.89611,1.89584,1.89584,220,6,0
2024-07-05 04:25:00,1.89584,1.89598,1.8956499999999998,1.89566,245,8,0
2024-07-05 04:30:00,1.89566,1.89591,1.89564,1.89587,339,8,0
2024-07-05 04:35:00,1.89585,1.89598,1.89571,1.89584,275,7,0
2024-07-05 04:40:00,1.89584,1.89602,1.89582,1.89591,211,7,0
2024-07-05 04:45:00,1.89591,1.8963700000000001,1.8958599999999999,1.89623,299,7,0
2024-07-05 04:50:00,1.89623,1.8965100000000001,1.8961700000000001,1.8964400000000001,272,7,0
2024-07-05 04:55:00,1.8964400000000001,1.8964699999999999,1.8963,1.8963700000000001,379,9,0
2024-07-05 05:00:00,1.8963700000000001,1.8965999999999998,1.89635,1.89654,254,6,0
2024-07-05 05:05:00,1.89655,1.8966699999999999,1.89635,1.8963700000000001,392,6,0
2024-07-05 05:10:00,1.8963700000000001,1.89648,1.8962400000000001,1.89642,263,8,0
2024-07-05 05:15:00,1.89642,1.8967100000000001,1.89627,1.89669,338,0,0
2024-07-05 05:20:00,1.89669,1.89688,1.89655,1.89673,294,4,0
2024-07-05 05:25:00,1.89673,1.8973200000000001,1.89665,1.89724,280,4,0
2024-07-05 05:30:00,1.89724,1.89726,1.8969399999999998,1.89715,357,0,0
2024-07-05 05:35:00,1.89715,1.89722,1.89655,1.89657,375,0,0
2024-07-05 05:40:00,1.89657,1.8970799999999999,1.89657,1.89668,404,4,0
2024-07-05 05:45:00,1.89668,1.89673,1.89646,1.89657,291,3,0
2024-07-05 05:50:00,1.89659,1.89663,1.89621,1.89621,445,3,0
2024-07-05 05:55:00,1.89621,1.89632,1.89595,1.89622,355,0,0
2024-07-05 06:00:00,1.89622,1.89676,1.8961700000000001,1.89659,601,3,0
2024-07-05 06:05:00,1.8965999999999998,1.8969,1.89654,1.8967,273,3,0
2024-07-05 06:10:00,1.8967,1.89714,1.89661,1.8971200000000001,442,5,0
2024-07-05 06:15:00,1.8971200000000001,1.8974199999999999,1.89693,1.89736,446,2,0
2024-07-05 06:20:00,1.89737,1.89748,1.89706,1.8971200000000001,246,3,0
2024-07-05 06:25:00,1.8971200000000001,1.8976600000000001,1.89706,1.8976,437,3,0
2024-07-05 06:30:00,1.89761,1.8976600000000001,1.8972,1.89749,590,0,0
2024-07-05 06:35:00,1.89749,1.89787,1.89733,1.89784,561,2,0
2024-07-05 06:40:00,1.89784,1.89826,1.89774,1.89802,423,0,0
2024-07-05 06:45:00,1.89801,1.89839,1.8978199999999998,1.89831,467,0,0
2024-07-05 06:50:00,1.89832,1.89835,1.89772,1.89772,531,2,0
2024-07-05 06:55:00,1.89776,1.89797,1.8976,1.8976899999999999,419,0,0
2024-07-05 07:00:00,1.89767,1.8977,1.89608,1.89614,821,0,0
2024-07-05 07:05:00,1.89614,1.89619,1.89582,1.89596,590,1,0
2024-07-05 07:10:00,1.89596,1.8967,1.89582,1.89665,666,0,0
2024-07-05 07:15:00,1.89665,1.89731,1.89661,1.89725,734,0,0
2024-07-05 07:20:00,1.89723,1.89747,1.89675,1.8968500000000001,611,0,0
2024-07-05 07:25:00,1.8968500000000001,1.89722,1.8965999999999998,1.8970500000000001,615,0,0
2024-07-05 07:30:00,1.8970500000000001,1.89718,1.89673,1.89675,516,0,0
2024-07-05 07:35:00,1.89673,1.89715,1.89665,1.89673,565,0,0
2024-07-05 07:40:00,1.89673,1.8972,1.8967,1.89697,504,0,0
2024-07-05 07:45:00,1.89696,1.89767,1.89693,1.89767,469,0,0
2024-07-05 07:50:00,1.89767,1.8980700000000001,1.89744,1.89778,671,0,0
2024-07-05 07:55:00,1.89778,1.89822,1.89774,1.89809,460,1,0
2024-07-05 08:00:00,1.89811,1.89824,1.89757,1.89776,804,0,0
2024-07-05 08:05:00,1.89777,1.89825,1.89772,1.89822,691,2,0
2024-07-05 08:10:00,1.89821,1.89851,1.89811,1.8982700000000001,596,1,0
2024-07-05 08:15:00,1.8982700000000001,1.89837,1.89767,1.89767,637,1,0
2024-07-05 08:20:00,1.89767,1.89799,1.89727,1.89748,513,0,0
2024-07-05 08:25:00,1.89748,1.89774,1.89738,1.89744,561,3,0
2024-07-05 08:30:00,1.89744,1.8975,1.89714,1.89743,479,2,0
2024-07-05 08:35:00,1.89743,1.8974600000000001,1.89696,1.8974199999999999,551,0,0
2024-07-05 08:40:00,1.8974199999999999,1.89758,1.8971,1.89756,517,0,0
2024-07-05 08:45:00,1.89756,1.89765,1.89722,1.89727,423,2,0
2024-07-05 08:50:00,1.89727,1.8976,1.8970500000000001,1.8973499999999999,440,3,0
2024-07-05 08:55:00,1.8973499999999999,1.89756,1.89726,1.89733,451,2,0
2024-07-05 09:00:00,1.89733,1.89748,1.89715,1.8974199999999999,520,1,0
2024-07-05 09:05:00,1.8974199999999999,1.89743,1.8972099999999998,1.89722,436,0,0
2024-07-05 09:10:00,1.89722,1.89744,1.89707,1.89737,467,3,0
2024-07-05 09:15:00,1.89737,1.8978000000000002,1.89726,1.8974199999999999,497,3,0
2024-07-05 09:20:00,1.89743,1.8978899999999999,1.8973900000000001,1.89775,398,1,0
2024-07-05 09:25:00,1.89776,1.89812,1.89776,1.89797,448,3,0
2024-07-05 09:30:00,1.89797,1.89858,1.89776,1.8984100000000002,501,4,0
2024-07-05 09:35:00,1.8984100000000002,1.89847,1.89767,1.89777,432,0,0
2024-07-05 09:40:00,1.89778,1.89819,1.89768,1.89792,426,1,0
2024-07-05 09:45:00,1.89792,1.89817,1.89783,1.89813,484,0,0
2024-07-05 09:50:00,1.89813,1.89842,1.89794,1.89838,380,1,0
2024-07-05 09:55:00,1.8983400000000001,1.89863,1.89832,1.89839,490,1,0
2024-07-05 10:00:00,1.8984100000000002,1.89869,1.89822,1.8982999999999999,457,0,0
2024-07-05 10:05:00,1.8982999999999999,1.89851,1.8981400000000002,1.89846,437,2,0
2024-07-05 10:10:00,1.89849,1.89879,1.8984299999999998,1.89872,449,1,0
2024-07-05 10:15:00,1.89872,1.8987500000000002,1.89829,1.8984100000000002,567,2,0
2024-07-05 10:20:00,1.8984100000000002,1.89865,1.89837,1.89847,381,1,0
2024-07-05 10:25:00,1.89847,1.89876,1.89835,1.89872,565,3,0
2024-07-05 10:30:00,1.89872,1.8987699999999998,1.89832,1.89856,538,2,0
2024-07-05 10:35:00,1.89856,1.8986399999999999,1.8981,1.89831,693,0,0
2024-07-05 10:40:00,1.89831,1.8988399999999999,1.8982700000000001,1.89851,456,0,0
2024-07-05 10:45:00,1.8984999999999999,1.89869,1.89842,1.8985699999999999,526,0,0
2024-07-05 10:50:00,1.8985699999999999,1.8988,1.8984299999999998,1.89847,364,0,0
2024-07-05 10:55:00,1.89847,1.89871,1.89839,1.89845,539,0,0
2024-07-05 11:00:00,1.89845,1.8984999999999999,1.89795,1.89847,587,0,0
2024-07-05 11:05:00,1.89847,1.89873,1.8984299999999998,1.89852,402,2,0
2024-07-05 11:10:00,1.89852,1.8987699999999998,1.89847,1.8986800000000001,324,2,0
2024-07-05 11:15:00,1.8986800000000001,1.8987500000000002,1.8984,1.89851,437,3,0
2024-07-05 11:20:00,1.89851,1.89931,1.89837,1.8993,488,3,0
2024-07-05 11:25:00,1.8993,1.89935,1.8989,1.89897,587,6,0
2024-07-05 11:30:00,1.89897,1.8994900000000001,1.89893,1.89933,473,1,0
2024-07-05 11:35:00,1.89933,1.8996,1.8992200000000001,1.8993600000000002,376,2,0
2024-07-05 11:40:00,1.8993600000000002,1.89947,1.8988800000000001,1.89899,514,2,0
2024-07-05 11:45:00,1.89899,1.89903,1.89873,1.899,522,4,0
2024-07-05 11:50:00,1.899,1.8991799999999999,1.8986399999999999,1.89865,548,4,0
2024-07-05 11:55:00,1.89866,1.89907,1.8985400000000001,1.8988800000000001,532,0,0
2024-07-05 12:00:00,1.8988800000000001,1.89914,1.8988,1.89905,761,0,0
2024-07-05 12:05:00,1.89905,1.89964,1.89898,1.89959,445,0,0
2024-07-05 12:10:00,1.89959,1.89988,1.89878,1.89893,732,0,0
2024-07-05 12:15:00,1.89893,1.899,1.89847,1.89871,1054,3,0
2024-07-05 12:20:00,1.89871,1.89876,1.89824,1.89824,943,2,0
2024-07-05 12:25:00,1.8981599999999998,1.89831,1.89749,1.89763,919,2,0
2024-07-05 12:30:00,1.89759,1.9020899999999998,1.89601,1.89889,3372,0,0
2024-07-05 12:35:00,1.8989,1.90102,1.89847,1.90041,2975,0,0
2024-07-05 12:40:00,1.90042,1.90049,1.89886,1.89898,2728,3,0
2024-07-05 12:45:00,1.89897,1.90068,1.89859,1.9004400000000001,2440,0,0
2024-07-05 12:50:00,1.9004400000000001,1.90077,1.89988,1.9005100000000001,2336,0,0
2024-07-05 12:55:00,1.9005100000000001,1.9007399999999999,1.89961,1.90065,2306,0,0
2024-07-05 13:00:00,1.90065,1.90084,1.90007,1.9002400000000002,2240,0,0
2024-07-05 13:05:00,1.9002400000000002,1.9003999999999999,1.89898,1.89919,2345,0,0
2024-07-05 13:10:00,1.89917,1.89927,1.89833,1.89871,2028,1,0
2024-07-05 13:15:00,1.89871,1.89898,1.89819,1.89882,1748,1,0
2024-07-05 13:20:00,1.89883,1.8994499999999999,1.89833,1.89844,1496,0,0
2024-07-05 13:25:00,1.89845,1.8988,1.89812,1.89836,1581,0,0
2024-07-05 13:30:00,1.89836,1.89971,1.89819,1.8990200000000002,1933,0,0
2024-07-05 13:35:00,1.8990200000000002,1.8998,1.89882,1.89962,1742,0,0
2024-07-05 13:40:00,1.89962,1.90049,1.8995600000000001,1.90038,1456,1,0
2024-07-05 13:45:00,1.90038,1.90248,1.90032,1.90213,1613,0,0
2024-07-05 13:50:00,1.90213,1.90286,1.90157,1.90179,1658,0,0
2024-07-05 13:55:00,1.90175,1.90255,1.90157,1.90167,1589,1,0
2024-07-05 14:00:00,1.90167,1.9028100000000001,1.90152,1.90255,1876,0,0
2024-07-05 14:05:00,1.90256,1.9026999999999998,1.90176,1.90212,1991,0,0
2024-07-05 14:10:00,1.9021599999999999,1.90367,1.9021599999999999,1.9024100000000002,1902,0,0
2024-07-05 14:15:00,1.9024100000000002,1.90263,1.90178,1.90185,1797,0,0
2024-07-05 14:20:00,1.90184,1.90201,1.90144,1.90168,1585,2,0
2024-07-05 14:25:00,1.90168,1.9022000000000001,1.90125,1.90197,1370,3,0
2024-07-05 14:30:00,1.90197,1.9020899999999998,1.90083,1.90154,1981,0,0
2024-07-05 14:35:00,1.90154,1.9017300000000001,1.9007800000000001,1.90089,1723,0,0
2024-07-05 14:40:00,1.9009,1.90115,1.8995199999999999,1.89957,1490,1,0
2024-07-05 14:45:00,1.89957,1.90032,1.8995199999999999,1.90019,1029,0,0
2024-07-05 14:50:00,1.90019,1.90039,1.89921,1.89923,1561,0,0
2024-07-05 14:55:00,1.89923,1.89993,1.8991,1.89957,1585,0,0
2024-07-05 15:00:00,1.89957,1.9004400000000001,1.8993799999999998,1.9002599999999998,1699,1,0
2024-07-05 15:05:00,1.9002599999999998,1.9003999999999999,1.8997000000000002,1.89992,1417,0,0
2024-07-05 15:10:00,1.89992,1.9000599999999999,1.8994,1.89993,1416,0,0
2024-07-05 15:15:00,1.89993,1.89993,1.89909,1.89927,1164,0,0
2024-07-05 15:20:00,1.89927,1.89978,1.8989500000000001,1.89974,1289,2,0
2024-07-05 15:25:00,1.8997199999999999,1.89978,1.89883,1.89894,942,0,0
2024-07-05 15:30:00,1.8989500000000001,1.89928,1.89876,1.8988399999999999,1012,0,0
2024-07-05 15:35:00,1.89886,1.89975,1.8988,1.89964,944,0,0
2024-07-05 15:40:00,1.8996300000000002,1.89974,1.89921,1.89926,1277,1,0
2024-07-05 15:45:00,1.89926,1.8997000000000002,1.8991799999999999,1.8995600000000001,1027,0,0
2024-07-05 15:50:00,1.89955,1.8996300000000002,1.89886,1.89906,1032,0,0
2024-07-05 15:55:00,1.89906,1.89981,1.89897,1.8994,986,1,0
2024-07-05 16:00:00,1.8994,1.8995199999999999,1.89876,1.89906,1178,1,0
2024-07-05 16:05:00,1.89906,1.8994499999999999,1.89882,1.8989,850,2,0
2024-07-05 16:10:00,1.8989,1.89909,1.89874,1.8987500000000002,679,2,0
2024-07-05 16:15:00,1.8987500000000002,1.89954,1.8987500000000002,1.89931,675,3,0
2024-07-05 16:20:00,1.89931,1.89937,1.89882,1.89882,638,3,0
2024-07-05 16:25:00,1.89882,1.89912,1.89872,1.89897,662,3,0
2024-07-05 16:30:00,1.89898,1.89939,1.8989500000000001,1.89927,647,3,0
2024-07-05 16:35:00,1.89927,1.89943,1.8987699999999998,1.8989,694,3,0
2024-07-05 16:40:00,1.89889,1.89913,1.8987699999999998,1.8988399999999999,715,4,0
2024-07-05 16:45:00,1.89883,1.89908,1.89873,1.899,602,4,0
2024-07-05 16:50:00,1.899,1.89905,1.8986399999999999,1.89874,640,2,0
2024-07-05 16:55:00,1.89873,1.89907,1.8986800000000001,1.89881,694,2,0
2024-07-05 17:00:00,1.89881,1.89943,1.8987699999999998,1.89914,721,1,0
2024-07-05 17:05:00,1.89914,1.89928,1.8988399999999999,1.8989,572,0,0
2024-07-05 17:10:00,1.8989,1.89907,1.89866,1.89881,592,3,0
2024-07-05 17:15:00,1.89882,1.89907,1.89869,1.89893,645,2,0
2024-07-05 17:20:00,1.89893,1.89903,1.89851,1.8987500000000002,651,3,0
2024-07-05 17:25:00,1.8987500000000002,1.89879,1.89847,1.89869,494,5,0
2024-07-05 17:30:00,1.89869,1.89882,1.89856,1.89866,437,4,0
2024-07-05 17:35:00,1.89866,1.8987699999999998,1.89852,1.89865,428,3,0
2024-07-05 17:40:00,1.89865,1.89876,1.89831,1.89847,525,1,0
2024-07-05 17:45:00,1.89847,1.89873,1.8984299999999998,1.8987,369,1,0
2024-07-05 17:50:00,1.8987,1.89882,1.89856,1.8987699999999998,415,1,0
2024-07-05 17:55:00,1.89876,1.89883,1.89853,1.89859,500,2,0
2024-07-05 18:00:00,1.89859,1.8988399999999999,1.8984999999999999,1.8987500000000002,568,3,0
2024-07-05 18:05:00,1.8987500000000002,1.8988399999999999,1.89853,1.89853,502,1,0
2024-07-05 18:10:00,1.89855,1.89856,1.8982,1.8982299999999999,510,2,0
2024-07-05 18:15:00,1.8982299999999999,1.89826,1.89794,1.8980700000000001,433,4,0
2024-07-05 18:20:00,1.8980700000000001,1.89812,1.89788,1.89806,423,2,0
2024-07-05 18:25:00,1.89806,1.89815,1.89786,1.8981,465,1,0
2024-07-05 18:30:00,1.89813,1.8984,1.8980000000000001,1.89813,296,0,0
2024-07-05 18:35:00,1.89812,1.8986100000000001,1.8980000000000001,1.8986100000000001,448,2,0
2024-07-05 18:40:00,1.8986100000000001,1.89869,1.8984,1.89859,429,3,0
2024-07-05 18:45:00,1.89859,1.89862,1.89818,1.89822,314,3,0
2024-07-05 18:50:00,1.89822,1.8983400000000001,1.89802,1.8982999999999999,586,5,0
2024-07-05 18:55:00,1.89832,1.89833,1.89797,1.8982999999999999,556,2,0
2024-07-05 19:00:00,1.89825,1.89832,1.89787,1.89788,576,4,0
2024-07-05 19:05:00,1.89788,1.8982700000000001,1.89784,1.89802,472,5,0
2024-07-05 19:10:00,1.89801,1.89811,1.8978199999999998,1.8979300000000001,619,5,0
2024-07-05 19:15:00,1.89792,1.89826,1.89788,1.89811,428,4,0
2024-07-05 19:20:00,1.89811,1.8982299999999999,1.89808,1.89818,368,5,0
2024-07-05 19:25:00,1.89818,1.89822,1.8979300000000001,1.89812,382,4,0
2024-07-05 19:30:00,1.89812,1.89818,1.8978199999999998,1.89792,526,4,0
2024-07-05 19:35:00,1.89792,1.8982700000000001,1.89788,1.89811,676,5,0
2024-07-05 19:40:00,1.89811,1.89817,1.8978899999999999,1.89792,530,2,0
2024-07-05 19:45:00,1.89792,1.89826,1.8978899999999999,1.89815,505,1,0
2024-07-05 19:50:00,1.89815,1.8982299999999999,1.8978899999999999,1.8981599999999998,575,4,0
2024-07-05 19:55:00,1.8981599999999998,1.89817,1.89774,1.8980000000000001,486,4,0
2024-07-05 20:00:00,1.8980000000000001,1.89821,1.89798,1.89808,394,7,0
2024-07-05 20:05:00,1.89808,1.8984999999999999,1.89797,1.8984299999999998,228,6,0
2024-07-05 20:10:00,1.89845,1.89852,1.89837,1.89847,202,7,0
2024-07-05 20:15:00,1.89847,1.89847,1.89806,1.89813,147,3,0
2024-07-05 20:20:00,1.89813,1.89813,1.8980299999999999,1.89809,94,8,0
2024-07-05 20:25:00,1.89809,1.8981400000000002,1.89809,1.89813,44,7,0
2024-07-05 20:30:00,1.89813,1.8981400000000002,1.89786,1.89797,79,7,0
2024-07-05 20:35:00,1.89797,1.8980700000000001,1.8978899999999999,1.89799,121,4,0
2024-07-05 20:40:00,1.89799,1.8983400000000001,1.89797,1.89833,109,0,0
2024-07-05 20:45:00,1.89833,1.8986800000000001,1.89825,1.8986800000000001,195,2,0
2024-07-05 20:50:00,1.8986800000000001,1.89881,1.89848,1.89862,235,12,0
